component_id,equipment_id,component_type,status
CMP000000001_1,EQ00000001,Motor,Standby
CMP000000001_2,EQ00000001,Coupling,Active
CMP000000002_1,EQ00000002,Bearing,Active
CMP000000002_2,EQ00000002,Lubrication System,Active
CMP000000003_1,EQ00000003,Bearing,Active
CMP000000003_2,EQ00000003,Pressure Element,Active
CMP000000003_3,EQ00000003,Bearing,Active
CMP000000004_1,EQ00000004,Seal,Standby
CMP000000004_2,EQ00000004,Bearing,Standby
CMP000000004_3,EQ00000004,Motor,Standby
CMP000000005_1,EQ00000005,Control Panel,Standby
CMP000000005_2,EQ00000005,Safety Interlock,Standby
CMP000000005_3,EQ00000005,Gearbox,Active
CMP000000005_4,EQ00000005,Control Panel,Active
CMP000000006_1,EQ00000006,Gearbox,Standby
CMP000000006_2,EQ00000006,Lubrication System,Active
CMP000000007_1,EQ00000007,Gearbox,Standby
CMP000000007_2,EQ00000007,Pressure Element,Active
CMP000000008_1,EQ00000008,Gearbox,Active
CMP000000009_1,EQ00000009,Control Panel,Standby
CMP000000009_2,EQ00000009,Pressure Element,Standby
CMP000000009_3,EQ00000009,Motor,Active
CMP000000009_4,EQ00000009,Safety Interlock,Active
CMP000000010_1,EQ00000010,Seal,Standby
CMP000000010_2,EQ00000010,Motor,Active
CMP000000010_3,EQ00000010,Bearing,Standby
CMP000000011_1,EQ00000011,Lubrication System,Active
CMP000000012_1,EQ00000012,Bearing,Standby
CMP000000012_2,EQ00000012,Seal,Standby
CMP000000012_3,EQ00000012,Coupling,Active
CMP000000013_1,EQ00000013,Gearbox,Standby
CMP000000014_1,EQ00000014,Safety Interlock,Standby
CMP000000014_2,EQ00000014,Valve,Active
CMP000000014_3,EQ00000014,Seal,Standby
CMP000000015_1,EQ00000015,Control Panel,Standby
CMP000000015_2,EQ00000015,Lubrication System,Active
CMP000000016_1,EQ00000016,Seal,Standby
CMP000000017_1,EQ00000017,Valve,Active
CMP000000017_2,EQ00000017,Lubrication System,Active
CMP000000018_1,EQ00000018,Safety Interlock,Active
CMP000000018_2,EQ00000018,Gearbox,Standby
CMP000000018_3,EQ00000018,Gearbox,Standby
CMP000000019_1,EQ00000019,Lubrication System,Standby
CMP000000019_2,EQ00000019,Control Panel,Standby
CMP000000019_3,EQ00000019,Control Panel,Active
CMP000000019_4,EQ00000019,Seal,Standby
CMP000000020_1,EQ00000020,Motor,Active
CMP000000021_1,EQ00000021,Seal,Standby
CMP000000021_2,EQ00000021,Safety Interlock,Standby
CMP000000021_3,EQ00000021,Bearing,Standby
CMP000000022_1,EQ00000022,Lubrication System,Standby
CMP000000022_2,EQ00000022,Control Panel,Standby
CMP000000023_1,EQ00000023,Motor,Standby
CMP000000023_2,EQ00000023,Bearing,Standby
CMP000000023_3,EQ00000023,Seal,Standby
CMP000000024_1,EQ00000024,Coupling,Standby
CMP000000024_2,EQ00000024,Gearbox,Standby
CMP000000024_3,EQ00000024,Bearing,Active
CMP000000024_4,EQ00000024,Safety Interlock,Active
CMP000000025_1,EQ00000025,Control Panel,Standby
CMP000000025_2,EQ00000025,Motor,Active
CMP000000026_1,EQ00000026,Coupling,Active
CMP000000026_2,EQ00000026,Seal,Standby
CMP000000026_3,EQ00000026,Valve,Active
CMP000000027_1,EQ00000027,Seal,Active
CMP000000027_2,EQ00000027,Safety Interlock,Standby
CMP000000027_3,EQ00000027,Seal,Standby
CMP000000027_4,EQ00000027,Bearing,Standby
CMP000000028_1,EQ00000028,Motor,Active
CMP000000028_2,EQ00000028,Pressure Element,Standby
CMP000000028_3,EQ00000028,Pressure Element,Standby
CMP000000028_4,EQ00000028,Pressure Element,Standby
CMP000000029_1,EQ00000029,Coupling,Active
CMP000000030_1,EQ00000030,Motor,Standby
CMP000000030_2,EQ00000030,Pressure Element,Active
CMP000000030_3,EQ00000030,Lubrication System,Standby
CMP000000030_4,EQ00000030,Coupling,Active
CMP000000031_1,EQ00000031,Coupling,Standby
CMP000000031_2,EQ00000031,Valve,Active
CMP000000031_3,EQ00000031,Coupling,Active
CMP000000031_4,EQ00000031,Seal,Standby
CMP000000032_1,EQ00000032,Coupling,Standby
CMP000000032_2,EQ00000032,Coupling,Standby
CMP000000033_1,EQ00000033,Seal,Active
CMP000000033_2,EQ00000033,Bearing,Active
CMP000000034_1,EQ00000034,Coupling,Standby
CMP000000034_2,EQ00000034,Gearbox,Standby
CMP000000035_1,EQ00000035,Lubrication System,Active
CMP000000036_1,EQ00000036,Bearing,Active
CMP000000036_2,EQ00000036,Pressure Element,Active
CMP000000036_3,EQ00000036,Seal,Standby
CMP000000037_1,EQ00000037,Seal,Active
CMP000000037_2,EQ00000037,Seal,Standby
CMP000000037_3,EQ00000037,Lubrication System,Active
CMP000000037_4,EQ00000037,Safety Interlock,Standby
CMP000000038_1,EQ00000038,Control Panel,Active
CMP000000038_2,EQ00000038,Motor,Standby
CMP000000039_1,EQ00000039,Gearbox,Active
CMP000000039_2,EQ00000039,Safety Interlock,Active
CMP000000039_3,EQ00000039,Safety Interlock,Active
CMP000000039_4,EQ00000039,Lubrication System,Active
CMP000000040_1,EQ00000040,Seal,Active
CMP000000041_1,EQ00000041,Coupling,Standby
CMP000000041_2,EQ00000041,Gearbox,Standby
CMP000000041_3,EQ00000041,Seal,Standby
CMP000000041_4,EQ00000041,Control Panel,Standby
CMP000000042_1,EQ00000042,Pressure Element,Active
CMP000000042_2,EQ00000042,Coupling,Active
CMP000000042_3,EQ00000042,Valve,Active
CMP000000042_4,EQ00000042,Safety Interlock,Active
CMP000000043_1,EQ00000043,Lubrication System,Standby
CMP000000043_2,EQ00000043,Pressure Element,Active
CMP000000044_1,EQ00000044,Seal,Active
CMP000000044_2,EQ00000044,Coupling,Standby
CMP000000045_1,EQ00000045,Coupling,Standby
CMP000000045_2,EQ00000045,Safety Interlock,Standby
CMP000000046_1,EQ00000046,Safety Interlock,Standby
CMP000000046_2,EQ00000046,Pressure Element,Standby
CMP000000047_1,EQ00000047,Safety Interlock,Standby
CMP000000047_2,EQ00000047,Gearbox,Active
CMP000000048_1,EQ00000048,Coupling,Standby
CMP000000049_1,EQ00000049,Safety Interlock,Standby
CMP000000049_2,EQ00000049,Coupling,Active
CMP000000049_3,EQ00000049,Seal,Active
CMP000000049_4,EQ00000049,Seal,Standby
CMP000000050_1,EQ00000050,Safety Interlock,Standby
CMP000000050_2,EQ00000050,Gearbox,Active
CMP000000050_3,EQ00000050,Control Panel,Active
CMP000000050_4,EQ00000050,Bearing,Active
CMP000000051_1,EQ00000051,Pressure Element,Active
CMP000000052_1,EQ00000052,Valve,Active
CMP000000052_2,EQ00000052,Safety Interlock,Active
CMP000000053_1,EQ00000053,Lubrication System,Active
CMP000000053_2,EQ00000053,Pressure Element,Active
CMP000000054_1,EQ00000054,Valve,Active
CMP000000054_2,EQ00000054,Coupling,Active
CMP000000054_3,EQ00000054,Pressure Element,Standby
CMP000000054_4,EQ00000054,Bearing,Active
CMP000000055_1,EQ00000055,Coupling,Active
CMP000000056_1,EQ00000056,Lubrication System,Active
CMP000000056_2,EQ00000056,Valve,Standby
CMP000000056_3,EQ00000056,Motor,Active
CMP000000056_4,EQ00000056,Pressure Element,Standby
CMP000000057_1,EQ00000057,Motor,Standby
CMP000000057_2,EQ00000057,Coupling,Active
CMP000000057_3,EQ00000057,Valve,Standby
CMP000000057_4,EQ00000057,Control Panel,Active
CMP000000058_1,EQ00000058,Bearing,Standby
CMP000000058_2,EQ00000058,Bearing,Standby
CMP000000059_1,EQ00000059,Control Panel,Standby
CMP000000059_2,EQ00000059,Motor,Standby
CMP000000060_1,EQ00000060,Gearbox,Active
CMP000000060_2,EQ00000060,Motor,Standby
CMP000000060_3,EQ00000060,Control Panel,Standby
CMP000000061_1,EQ00000061,Gearbox,Active
CMP000000061_2,EQ00000061,Coupling,Standby
CMP000000062_1,EQ00000062,Bearing,Standby
CMP000000062_2,EQ00000062,Valve,Active
CMP000000062_3,EQ00000062,Seal,Standby
CMP000000063_1,EQ00000063,Safety Interlock,Standby
CMP000000063_2,EQ00000063,Coupling,Active
CMP000000063_3,EQ00000063,Bearing,Active
CMP000000064_1,EQ00000064,Safety Interlock,Active
CMP000000064_2,EQ00000064,Control Panel,Standby
CMP000000064_3,EQ00000064,Seal,Standby
CMP000000064_4,EQ00000064,Bearing,Active
CMP000000065_1,EQ00000065,Pressure Element,Active
CMP000000066_1,EQ00000066,Valve,Standby
CMP000000066_2,EQ00000066,Gearbox,Standby
CMP000000067_1,EQ00000067,Seal,Active
CMP000000067_2,EQ00000067,Coupling,Standby
CMP000000067_3,EQ00000067,Control Panel,Standby
CMP000000067_4,EQ00000067,Motor,Standby
CMP000000068_1,EQ00000068,Pressure Element,Standby
CMP000000068_2,EQ00000068,Gearbox,Standby
CMP000000068_3,EQ00000068,Valve,Active
CMP000000069_1,EQ00000069,Motor,Active
CMP000000069_2,EQ00000069,Control Panel,Standby
CMP000000069_3,EQ00000069,Valve,Standby
CMP000000070_1,EQ00000070,Safety Interlock,Standby
CMP000000070_2,EQ00000070,Control Panel,Active
CMP000000070_3,EQ00000070,Control Panel,Active
CMP000000071_1,EQ00000071,Control Panel,Active
CMP000000071_2,EQ00000071,Motor,Standby
CMP000000072_1,EQ00000072,Seal,Active
CMP000000072_2,EQ00000072,Valve,Standby
CMP000000073_1,EQ00000073,Pressure Element,Active
CMP000000073_2,EQ00000073,Lubrication System,Standby
CMP000000073_3,EQ00000073,Control Panel,Active
CMP000000073_4,EQ00000073,Coupling,Active
CMP000000074_1,EQ00000074,Coupling,Standby
CMP000000074_2,EQ00000074,Gearbox,Active
CMP000000074_3,EQ00000074,Bearing,Active
CMP000000074_4,EQ00000074,Seal,Active
CMP000000075_1,EQ00000075,Seal,Standby
CMP000000075_2,EQ00000075,Gearbox,Active
CMP000000075_3,EQ00000075,Seal,Standby
CMP000000076_1,EQ00000076,Pressure Element,Standby
CMP000000077_1,EQ00000077,Control Panel,Active
CMP000000077_2,EQ00000077,Seal,Standby
CMP000000077_3,EQ00000077,Gearbox,Active
CMP000000077_4,EQ00000077,Gearbox,Standby
CMP000000078_1,EQ00000078,Gearbox,Standby
CMP000000078_2,EQ00000078,Bearing,Active
CMP000000078_3,EQ00000078,Control Panel,Standby
CMP000000078_4,EQ00000078,Lubrication System,Standby
CMP000000079_1,EQ00000079,Safety Interlock,Active
CMP000000079_2,EQ00000079,Control Panel,Active
CMP000000079_3,EQ00000079,Lubrication System,Active
CMP000000079_4,EQ00000079,Lubrication System,Standby
CMP000000080_1,EQ00000080,Coupling,Active
CMP000000080_2,EQ00000080,Safety Interlock,Standby
CMP000000081_1,EQ00000081,Lubrication System,Standby
CMP000000081_2,EQ00000081,Coupling,Standby
CMP000000082_1,EQ00000082,Gearbox,Active
CMP000000082_2,EQ00000082,Safety Interlock,Standby
CMP000000083_1,EQ00000083,Control Panel,Active
CMP000000083_2,EQ00000083,Safety Interlock,Active
CMP000000083_3,EQ00000083,Bearing,Standby
CMP000000084_1,EQ00000084,Motor,Active
CMP000000085_1,EQ00000085,Valve,Standby
CMP000000086_1,EQ00000086,Lubrication System,Active
CMP000000086_2,EQ00000086,Motor,Active
CMP000000086_3,EQ00000086,Coupling,Standby
CMP000000086_4,EQ00000086,Coupling,Active
CMP000000087_1,EQ00000087,Pressure Element,Active
CMP000000087_2,EQ00000087,Bearing,Standby
CMP000000087_3,EQ00000087,Coupling,Active
CMP000000088_1,EQ00000088,Gearbox,Standby
CMP000000088_2,EQ00000088,Coupling,Standby
CMP000000089_1,EQ00000089,Pressure Element,Standby
CMP000000089_2,EQ00000089,Control Panel,Active
CMP000000089_3,EQ00000089,Bearing,Standby
CMP000000090_1,EQ00000090,Motor,Active
CMP000000090_2,EQ00000090,Seal,Standby
CMP000000090_3,EQ00000090,Coupling,Active
CMP000000090_4,EQ00000090,Motor,Active
CMP000000091_1,EQ00000091,Valve,Active
CMP000000092_1,EQ00000092,Motor,Standby
CMP000000093_1,EQ00000093,Valve,Standby
CMP000000093_2,EQ00000093,Coupling,Active
CMP000000094_1,EQ00000094,Pressure Element,Active
CMP000000094_2,EQ00000094,Seal,Active
CMP000000094_3,EQ00000094,Control Panel,Active
CMP000000095_1,EQ00000095,Motor,Standby
CMP000000096_1,EQ00000096,Lubrication System,Standby
CMP000000097_1,EQ00000097,Control Panel,Standby
CMP000000097_2,EQ00000097,Safety Interlock,Active
CMP000000097_3,EQ00000097,Control Panel,Active
CMP000000098_1,EQ00000098,Valve,Active
CMP000000098_2,EQ00000098,Coupling,Active
CMP000000099_1,EQ00000099,Control Panel,Active
CMP000000099_2,EQ00000099,Lubrication System,Standby
CMP000000099_3,EQ00000099,Pressure Element,Active
CMP000000099_4,EQ00000099,Control Panel,Active
CMP000000100_1,EQ00000100,Coupling,Standby
CMP000000100_2,EQ00000100,Pressure Element,Active
CMP000000100_3,EQ00000100,Motor,Active
CMP000000101_1,EQ00000101,Gearbox,Active
CMP000000101_2,EQ00000101,Pressure Element,Active
CMP000000101_3,EQ00000101,Gearbox,Active
CMP000000102_1,EQ00000102,Pressure Element,Active
CMP000000102_2,EQ00000102,Motor,Active
CMP000000102_3,EQ00000102,Motor,Active
CMP000000102_4,EQ00000102,Valve,Active
CMP000000103_1,EQ00000103,Bearing,Standby
CMP000000104_1,EQ00000104,Pressure Element,Standby
CMP000000105_1,EQ00000105,Bearing,Active
CMP000000105_2,EQ00000105,Bearing,Active
CMP000000105_3,EQ00000105,Motor,Active
CMP000000106_1,EQ00000106,Coupling,Standby
CMP000000107_1,EQ00000107,Safety Interlock,Active
CMP000000107_2,EQ00000107,Pressure Element,Active
CMP000000107_3,EQ00000107,Bearing,Active
CMP000000108_1,EQ00000108,Bearing,Standby
CMP000000108_2,EQ00000108,Gearbox,Active
CMP000000109_1,EQ00000109,Lubrication System,Standby
CMP000000110_1,EQ00000110,Lubrication System,Standby
CMP000000110_2,EQ00000110,Bearing,Standby
CMP000000110_3,EQ00000110,Coupling,Active
CMP000000110_4,EQ00000110,Bearing,Active
CMP000000111_1,EQ00000111,Safety Interlock,Standby
CMP000000112_1,EQ00000112,Lubrication System,Active
CMP000000113_1,EQ00000113,Control Panel,Active
CMP000000113_2,EQ00000113,Control Panel,Active
CMP000000113_3,EQ00000113,Safety Interlock,Standby
CMP000000114_1,EQ00000114,Coupling,Standby
CMP000000115_1,EQ00000115,Safety Interlock,Active
CMP000000115_2,EQ00000115,Valve,Active
CMP000000115_3,EQ00000115,Gearbox,Standby
CMP000000116_1,EQ00000116,Bearing,Standby
CMP000000116_2,EQ00000116,Safety Interlock,Active
CMP000000117_1,EQ00000117,Bearing,Active
CMP000000118_1,EQ00000118,Safety Interlock,Active
CMP000000118_2,EQ00000118,Pressure Element,Standby
CMP000000119_1,EQ00000119,Pressure Element,Standby
CMP000000119_2,EQ00000119,Control Panel,Standby
CMP000000119_3,EQ00000119,Motor,Active
CMP000000119_4,EQ00000119,Seal,Active
CMP000000120_1,EQ00000120,Motor,Standby
CMP000000121_1,EQ00000121,Safety Interlock,Active
CMP000000121_2,EQ00000121,Lubrication System,Active
CMP000000121_3,EQ00000121,Control Panel,Standby
CMP000000122_1,EQ00000122,Pressure Element,Standby
CMP000000122_2,EQ00000122,Bearing,Active
CMP000000123_1,EQ00000123,Control Panel,Active
CMP000000123_2,EQ00000123,Safety Interlock,Active
CMP000000123_3,EQ00000123,Coupling,Standby
CMP000000123_4,EQ00000123,Safety Interlock,Active
CMP000000124_1,EQ00000124,Pressure Element,Active
CMP000000124_2,EQ00000124,Pressure Element,Active
CMP000000124_3,EQ00000124,Valve,Standby
CMP000000125_1,EQ00000125,Motor,Active
CMP000000125_2,EQ00000125,Valve,Active
CMP000000125_3,EQ00000125,Bearing,Active
CMP000000125_4,EQ00000125,Bearing,Standby
CMP000000126_1,EQ00000126,Gearbox,Standby
CMP000000126_2,EQ00000126,Control Panel,Standby
CMP000000127_1,EQ00000127,Valve,Standby
CMP000000128_1,EQ00000128,Coupling,Active
CMP000000128_2,EQ00000128,Control Panel,Standby
CMP000000129_1,EQ00000129,Valve,Active
CMP000000129_2,EQ00000129,Valve,Active
CMP000000129_3,EQ00000129,Motor,Active
CMP000000130_1,EQ00000130,Control Panel,Active
CMP000000131_1,EQ00000131,Valve,Standby
CMP000000132_1,EQ00000132,Bearing,Active
CMP000000132_2,EQ00000132,Coupling,Active
CMP000000132_3,EQ00000132,Safety Interlock,Active
CMP000000132_4,EQ00000132,Motor,Active
CMP000000133_1,EQ00000133,Safety Interlock,Standby
CMP000000133_2,EQ00000133,Gearbox,Standby
CMP000000133_3,EQ00000133,Pressure Element,Standby
CMP000000133_4,EQ00000133,Pressure Element,Active
CMP000000134_1,EQ00000134,Lubrication System,Standby
CMP000000134_2,EQ00000134,Lubrication System,Standby
CMP000000134_3,EQ00000134,Pressure Element,Standby
CMP000000134_4,EQ00000134,Coupling,Active
CMP000000135_1,EQ00000135,Lubrication System,Active
CMP000000136_1,EQ00000136,Safety Interlock,Standby
CMP000000136_2,EQ00000136,Bearing,Standby
CMP000000136_3,EQ00000136,Safety Interlock,Active
CMP000000137_1,EQ00000137,Seal,Active
CMP000000137_2,EQ00000137,Safety Interlock,Active
CMP000000137_3,EQ00000137,Control Panel,Standby
CMP000000138_1,EQ00000138,Bearing,Standby
CMP000000138_2,EQ00000138,Control Panel,Standby
CMP000000138_3,EQ00000138,Gearbox,Active
CMP000000138_4,EQ00000138,Seal,Standby
CMP000000139_1,EQ00000139,Seal,Active
CMP000000140_1,EQ00000140,Lubrication System,Standby
CMP000000140_2,EQ00000140,Coupling,Active
CMP000000141_1,EQ00000141,Lubrication System,Active
CMP000000142_1,EQ00000142,Motor,Active
CMP000000142_2,EQ00000142,Coupling,Active
CMP000000143_1,EQ00000143,Seal,Active
CMP000000143_2,EQ00000143,Motor,Standby
CMP000000144_1,EQ00000144,Coupling,Active
CMP000000144_2,EQ00000144,Safety Interlock,Active
CMP000000144_3,EQ00000144,Gearbox,Active
CMP000000145_1,EQ00000145,Motor,Active
CMP000000145_2,EQ00000145,Motor,Standby
CMP000000145_3,EQ00000145,Lubrication System,Standby
CMP000000145_4,EQ00000145,Pressure Element,Active
CMP000000146_1,EQ00000146,Motor,Active
CMP000000146_2,EQ00000146,Bearing,Standby
CMP000000147_1,EQ00000147,Coupling,Standby
CMP000000148_1,EQ00000148,Seal,Standby
CMP000000148_2,EQ00000148,Lubrication System,Standby
CMP000000149_1,EQ00000149,Coupling,Active
CMP000000149_2,EQ00000149,Lubrication System,Active
CMP000000149_3,EQ00000149,Pressure Element,Active
CMP000000149_4,EQ00000149,Motor,Standby
CMP000000150_1,EQ00000150,Lubrication System,Standby
CMP000000151_1,EQ00000151,Gearbox,Standby
CMP000000151_2,EQ00000151,Lubrication System,Standby
CMP000000151_3,EQ00000151,Valve,Active
CMP000000152_1,EQ00000152,Pressure Element,Active
CMP000000152_2,EQ00000152,Control Panel,Standby
CMP000000152_3,EQ00000152,Pressure Element,Standby
CMP000000153_1,EQ00000153,Motor,Active
CMP000000153_2,EQ00000153,Motor,Active
CMP000000154_1,EQ00000154,Valve,Active
CMP000000154_2,EQ00000154,Safety Interlock,Standby
CMP000000154_3,EQ00000154,Gearbox,Active
CMP000000154_4,EQ00000154,Control Panel,Active
CMP000000155_1,EQ00000155,Pressure Element,Standby
CMP000000155_2,EQ00000155,Pressure Element,Standby
CMP000000156_1,EQ00000156,Coupling,Active
CMP000000156_2,EQ00000156,Pressure Element,Standby
CMP000000157_1,EQ00000157,Valve,Standby
CMP000000158_1,EQ00000158,Valve,Standby
CMP000000159_1,EQ00000159,Pressure Element,Standby
CMP000000160_1,EQ00000160,Bearing,Active
CMP000000161_1,EQ00000161,Lubrication System,Active
CMP000000162_1,EQ00000162,Lubrication System,Active
CMP000000162_2,EQ00000162,Seal,Standby
CMP000000162_3,EQ00000162,Control Panel,Active
CMP000000163_1,EQ00000163,Control Panel,Standby
CMP000000163_2,EQ00000163,Safety Interlock,Standby
CMP000000163_3,EQ00000163,Pressure Element,Standby
CMP000000163_4,EQ00000163,Control Panel,Standby
CMP000000164_1,EQ00000164,Control Panel,Active
CMP000000164_2,EQ00000164,Valve,Standby
CMP000000164_3,EQ00000164,Control Panel,Standby
CMP000000164_4,EQ00000164,Lubrication System,Standby
CMP000000165_1,EQ00000165,Lubrication System,Standby
CMP000000165_2,EQ00000165,Control Panel,Active
CMP000000165_3,EQ00000165,Lubrication System,Active
CMP000000165_4,EQ00000165,Pressure Element,Standby
CMP000000166_1,EQ00000166,Lubrication System,Standby
CMP000000167_1,EQ00000167,Valve,Standby
CMP000000167_2,EQ00000167,Bearing,Standby
CMP000000168_1,EQ00000168,Lubrication System,Standby
CMP000000168_2,EQ00000168,Safety Interlock,Active
CMP000000168_3,EQ00000168,Lubrication System,Active
CMP000000169_1,EQ00000169,Bearing,Standby
CMP000000169_2,EQ00000169,Bearing,Active
CMP000000170_1,EQ00000170,Coupling,Standby
CMP000000170_2,EQ00000170,Coupling,Active
CMP000000170_3,EQ00000170,Seal,Active
CMP000000170_4,EQ00000170,Coupling,Standby
CMP000000171_1,EQ00000171,Valve,Standby
CMP000000171_2,EQ00000171,Seal,Active
CMP000000171_3,EQ00000171,Control Panel,Standby
CMP000000171_4,EQ00000171,Bearing,Standby
CMP000000172_1,EQ00000172,Bearing,Standby
CMP000000172_2,EQ00000172,Coupling,Standby
CMP000000173_1,EQ00000173,Valve,Active
CMP000000173_2,EQ00000173,Bearing,Standby
CMP000000174_1,EQ00000174,Coupling,Standby
CMP000000174_2,EQ00000174,Safety Interlock,Standby
CMP000000174_3,EQ00000174,Seal,Active
CMP000000174_4,EQ00000174,Control Panel,Active
CMP000000175_1,EQ00000175,Valve,Active
CMP000000175_2,EQ00000175,Lubrication System,Standby
CMP000000176_1,EQ00000176,Bearing,Active
CMP000000176_2,EQ00000176,Motor,Active
CMP000000176_3,EQ00000176,Coupling,Active
CMP000000176_4,EQ00000176,Bearing,Standby
CMP000000177_1,EQ00000177,Valve,Active
CMP000000178_1,EQ00000178,Motor,Active
CMP000000178_2,EQ00000178,Pressure Element,Active
CMP000000178_3,EQ00000178,Bearing,Active
CMP000000179_1,EQ00000179,Coupling,Active
CMP000000179_2,EQ00000179,Control Panel,Active
CMP000000179_3,EQ00000179,Valve,Standby
CMP000000179_4,EQ00000179,Pressure Element,Active
CMP000000180_1,EQ00000180,Motor,Active
CMP000000180_2,EQ00000180,Pressure Element,Active
CMP000000180_3,EQ00000180,Seal,Standby
CMP000000180_4,EQ00000180,Valve,Standby
CMP000000181_1,EQ00000181,Motor,Active
CMP000000182_1,EQ00000182,Pressure Element,Standby
CMP000000182_2,EQ00000182,Safety Interlock,Standby
CMP000000182_3,EQ00000182,Bearing,Standby
CMP000000182_4,EQ00000182,Pressure Element,Standby
CMP000000183_1,EQ00000183,Control Panel,Active
CMP000000183_2,EQ00000183,Safety Interlock,Active
CMP000000183_3,EQ00000183,Valve,Active
CMP000000184_1,EQ00000184,Gearbox,Standby
CMP000000184_2,EQ00000184,Bearing,Standby
CMP000000184_3,EQ00000184,Motor,Active
CMP000000185_1,EQ00000185,Coupling,Standby
CMP000000186_1,EQ00000186,Pressure Element,Active
CMP000000187_1,EQ00000187,Bearing,Standby
CMP000000188_1,EQ00000188,Bearing,Active
CMP000000189_1,EQ00000189,Seal,Active
CMP000000189_2,EQ00000189,Bearing,Standby
CMP000000189_3,EQ00000189,Motor,Standby
CMP000000189_4,EQ00000189,Coupling,Standby
CMP000000190_1,EQ00000190,Seal,Standby
CMP000000190_2,EQ00000190,Valve,Standby
CMP000000191_1,EQ00000191,Pressure Element,Active
CMP000000191_2,EQ00000191,Pressure Element,Standby
CMP000000191_3,EQ00000191,Lubrication System,Active
CMP000000191_4,EQ00000191,Control Panel,Standby
CMP000000192_1,EQ00000192,Safety Interlock,Standby
CMP000000192_2,EQ00000192,Seal,Standby
CMP000000193_1,EQ00000193,Pressure Element,Active
CMP000000193_2,EQ00000193,Bearing,Active
CMP000000193_3,EQ00000193,Coupling,Active
CMP000000194_1,EQ00000194,Lubrication System,Standby
CMP000000194_2,EQ00000194,Lubrication System,Standby
CMP000000195_1,EQ00000195,Gearbox,Standby
CMP000000195_2,EQ00000195,Control Panel,Standby
CMP000000195_3,EQ00000195,Coupling,Standby
CMP000000196_1,EQ00000196,Bearing,Active
CMP000000196_2,EQ00000196,Control Panel,Standby
CMP000000197_1,EQ00000197,Safety Interlock,Active
CMP000000197_2,EQ00000197,Seal,Active
CMP000000198_1,EQ00000198,Pressure Element,Standby
CMP000000198_2,EQ00000198,Gearbox,Active
CMP000000198_3,EQ00000198,Pressure Element,Active
CMP000000199_1,EQ00000199,Lubrication System,Active
CMP000000199_2,EQ00000199,Seal,Standby
CMP000000199_3,EQ00000199,Seal,Standby
CMP000000200_1,EQ00000200,Safety Interlock,Active
CMP000000200_2,EQ00000200,Seal,Active
CMP000000200_3,EQ00000200,Bearing,Active
CMP000000201_1,EQ00000201,Bearing,Active
CMP000000201_2,EQ00000201,Bearing,Active
CMP000000201_3,EQ00000201,Lubrication System,Active
CMP000000202_1,EQ00000202,Motor,Active
CMP000000202_2,EQ00000202,Gearbox,Active
CMP000000202_3,EQ00000202,Seal,Standby
CMP000000202_4,EQ00000202,Bearing,Active
CMP000000203_1,EQ00000203,Control Panel,Active
CMP000000203_2,EQ00000203,Gearbox,Standby
CMP000000203_3,EQ00000203,Motor,Standby
CMP000000204_1,EQ00000204,Motor,Standby
CMP000000205_1,EQ00000205,Control Panel,Standby
CMP000000206_1,EQ00000206,Valve,Standby
CMP000000206_2,EQ00000206,Valve,Active
CMP000000206_3,EQ00000206,Safety Interlock,Active
CMP000000207_1,EQ00000207,Safety Interlock,Active
CMP000000207_2,EQ00000207,Valve,Active
CMP000000208_1,EQ00000208,Control Panel,Active
CMP000000208_2,EQ00000208,Gearbox,Standby
CMP000000209_1,EQ00000209,Control Panel,Active
CMP000000209_2,EQ00000209,Pressure Element,Active
CMP000000209_3,EQ00000209,Motor,Active
CMP000000209_4,EQ00000209,Valve,Standby
CMP000000210_1,EQ00000210,Pressure Element,Active
CMP000000210_2,EQ00000210,Pressure Element,Active
CMP000000210_3,EQ00000210,Motor,Standby
CMP000000211_1,EQ00000211,Pressure Element,Active
CMP000000211_2,EQ00000211,Pressure Element,Active
CMP000000211_3,EQ00000211,Bearing,Standby
CMP000000212_1,EQ00000212,Pressure Element,Standby
CMP000000213_1,EQ00000213,Motor,Active
CMP000000213_2,EQ00000213,Pressure Element,Standby
CMP000000213_3,EQ00000213,Bearing,Standby
CMP000000214_1,EQ00000214,Coupling,Active
CMP000000215_1,EQ00000215,Bearing,Active
CMP000000215_2,EQ00000215,Gearbox,Standby
CMP000000215_3,EQ00000215,Coupling,Active
CMP000000216_1,EQ00000216,Valve,Standby
CMP000000216_2,EQ00000216,Seal,Standby
CMP000000217_1,EQ00000217,Pressure Element,Standby
CMP000000217_2,EQ00000217,Pressure Element,Standby
CMP000000217_3,EQ00000217,Valve,Active
CMP000000217_4,EQ00000217,Pressure Element,Active
CMP000000218_1,EQ00000218,Bearing,Active
CMP000000218_2,EQ00000218,Seal,Standby
CMP000000219_1,EQ00000219,Lubrication System,Standby
CMP000000219_2,EQ00000219,Valve,Standby
CMP000000219_3,EQ00000219,Motor,Active
CMP000000219_4,EQ00000219,Gearbox,Active
CMP000000220_1,EQ00000220,Seal,Active
CMP000000220_2,EQ00000220,Bearing,Standby
CMP000000220_3,EQ00000220,Bearing,Active
CMP000000220_4,EQ00000220,Seal,Active
CMP000000221_1,EQ00000221,Safety Interlock,Standby
CMP000000221_2,EQ00000221,Lubrication System,Standby
CMP000000221_3,EQ00000221,Coupling,Active
CMP000000221_4,EQ00000221,Gearbox,Active
CMP000000222_1,EQ00000222,Control Panel,Active
CMP000000222_2,EQ00000222,Control Panel,Active
CMP000000223_1,EQ00000223,Lubrication System,Standby
CMP000000223_2,EQ00000223,Coupling,Active
CMP000000223_3,EQ00000223,Valve,Active
CMP000000223_4,EQ00000223,Valve,Active
CMP000000224_1,EQ00000224,Bearing,Standby
CMP000000224_2,EQ00000224,Gearbox,Active
CMP000000224_3,EQ00000224,Valve,Active
CMP000000224_4,EQ00000224,Control Panel,Standby
CMP000000225_1,EQ00000225,Pressure Element,Active
CMP000000225_2,EQ00000225,Lubrication System,Standby
CMP000000225_3,EQ00000225,Valve,Active
CMP000000225_4,EQ00000225,Lubrication System,Standby
CMP000000226_1,EQ00000226,Safety Interlock,Standby
CMP000000226_2,EQ00000226,Motor,Standby
CMP000000226_3,EQ00000226,Coupling,Active
CMP000000227_1,EQ00000227,Seal,Standby
CMP000000227_2,EQ00000227,Seal,Active
CMP000000228_1,EQ00000228,Gearbox,Active
CMP000000228_2,EQ00000228,Pressure Element,Active
CMP000000228_3,EQ00000228,Coupling,Standby
CMP000000229_1,EQ00000229,Safety Interlock,Standby
CMP000000229_2,EQ00000229,Seal,Standby
CMP000000230_1,EQ00000230,Gearbox,Active
CMP000000231_1,EQ00000231,Gearbox,Standby
CMP000000231_2,EQ00000231,Motor,Standby
CMP000000232_1,EQ00000232,Gearbox,Active
CMP000000232_2,EQ00000232,Seal,Active
CMP000000232_3,EQ00000232,Coupling,Active
CMP000000232_4,EQ00000232,Motor,Active
CMP000000233_1,EQ00000233,Seal,Standby
CMP000000233_2,EQ00000233,Motor,Standby
CMP000000234_1,EQ00000234,Safety Interlock,Standby
CMP000000234_2,EQ00000234,Bearing,Standby
CMP000000234_3,EQ00000234,Bearing,Standby
CMP000000234_4,EQ00000234,Gearbox,Standby
CMP000000235_1,EQ00000235,Motor,Active
CMP000000235_2,EQ00000235,Gearbox,Standby
CMP000000235_3,EQ00000235,Bearing,Standby
CMP000000235_4,EQ00000235,Coupling,Active
CMP000000236_1,EQ00000236,Pressure Element,Standby
CMP000000237_1,EQ00000237,Motor,Standby
CMP000000238_1,EQ00000238,Control Panel,Standby
CMP000000238_2,EQ00000238,Safety Interlock,Active
CMP000000238_3,EQ00000238,Pressure Element,Active
CMP000000239_1,EQ00000239,Valve,Standby
CMP000000239_2,EQ00000239,Coupling,Active
CMP000000239_3,EQ00000239,Bearing,Active
CMP000000240_1,EQ00000240,Pressure Element,Standby
CMP000000240_2,EQ00000240,Coupling,Active
CMP000000240_3,EQ00000240,Bearing,Active
CMP000000240_4,EQ00000240,Safety Interlock,Active
CMP000000241_1,EQ00000241,Bearing,Standby
CMP000000242_1,EQ00000242,Valve,Active
CMP000000242_2,EQ00000242,Control Panel,Active
CMP000000242_3,EQ00000242,Gearbox,Standby
CMP000000242_4,EQ00000242,Coupling,Standby
CMP000000243_1,EQ00000243,Bearing,Active
CMP000000243_2,EQ00000243,Pressure Element,Standby
CMP000000244_1,EQ00000244,Control Panel,Active
CMP000000244_2,EQ00000244,Coupling,Active
CMP000000244_3,EQ00000244,Lubrication System,Standby
CMP000000245_1,EQ00000245,Valve,Standby
CMP000000246_1,EQ00000246,Motor,Standby
CMP000000246_2,EQ00000246,Motor,Standby
CMP000000247_1,EQ00000247,Gearbox,Active
CMP000000247_2,EQ00000247,Coupling,Active
CMP000000248_1,EQ00000248,Bearing,Standby
CMP000000249_1,EQ00000249,Safety Interlock,Standby
CMP000000249_2,EQ00000249,Coupling,Standby
CMP000000249_3,EQ00000249,Motor,Standby
CMP000000250_1,EQ00000250,Bearing,Active
CMP000000250_2,EQ00000250,Valve,Active
CMP000000250_3,EQ00000250,Lubrication System,Active
CMP000000251_1,EQ00000251,Motor,Active
CMP000000251_2,EQ00000251,Gearbox,Standby
CMP000000251_3,EQ00000251,Lubrication System,Active
CMP000000252_1,EQ00000252,Motor,Standby
CMP000000252_2,EQ00000252,Valve,Standby
CMP000000252_3,EQ00000252,Safety Interlock,Standby
CMP000000252_4,EQ00000252,Bearing,Standby
CMP000000253_1,EQ00000253,Seal,Standby
CMP000000253_2,EQ00000253,Bearing,Standby
CMP000000254_1,EQ00000254,Seal,Standby
CMP000000254_2,EQ00000254,Control Panel,Standby
CMP000000254_3,EQ00000254,Lubrication System,Standby
CMP000000254_4,EQ00000254,Seal,Active
CMP000000255_1,EQ00000255,Motor,Active
CMP000000255_2,EQ00000255,Motor,Active
CMP000000255_3,EQ00000255,Valve,Standby
CMP000000256_1,EQ00000256,Bearing,Active
CMP000000256_2,EQ00000256,Control Panel,Active
CMP000000256_3,EQ00000256,Control Panel,Standby
CMP000000257_1,EQ00000257,Control Panel,Standby
CMP000000257_2,EQ00000257,Pressure Element,Standby
CMP000000257_3,EQ00000257,Gearbox,Standby
CMP000000257_4,EQ00000257,Lubrication System,Standby
CMP000000258_1,EQ00000258,Seal,Standby
CMP000000258_2,EQ00000258,Control Panel,Standby
CMP000000258_3,EQ00000258,Pressure Element,Active
CMP000000258_4,EQ00000258,Gearbox,Active
CMP000000259_1,EQ00000259,Motor,Standby
CMP000000259_2,EQ00000259,Gearbox,Active
CMP000000259_3,EQ00000259,Pressure Element,Active
CMP000000259_4,EQ00000259,Seal,Active
CMP000000260_1,EQ00000260,Safety Interlock,Active
CMP000000261_1,EQ00000261,Gearbox,Standby
CMP000000261_2,EQ00000261,Safety Interlock,Active
CMP000000261_3,EQ00000261,Motor,Standby
CMP000000262_1,EQ00000262,Pressure Element,Standby
CMP000000262_2,EQ00000262,Coupling,Standby
CMP000000262_3,EQ00000262,Motor,Active
CMP000000262_4,EQ00000262,Valve,Standby
CMP000000263_1,EQ00000263,Bearing,Active
CMP000000263_2,EQ00000263,Motor,Standby
CMP000000263_3,EQ00000263,Pressure Element,Active
CMP000000263_4,EQ00000263,Gearbox,Active
CMP000000264_1,EQ00000264,Pressure Element,Standby
CMP000000264_2,EQ00000264,Gearbox,Active
CMP000000264_3,EQ00000264,Coupling,Active
CMP000000264_4,EQ00000264,Control Panel,Standby
CMP000000265_1,EQ00000265,Control Panel,Active
CMP000000265_2,EQ00000265,Pressure Element,Standby
CMP000000265_3,EQ00000265,Control Panel,Standby
CMP000000266_1,EQ00000266,Motor,Standby
CMP000000266_2,EQ00000266,Seal,Active
CMP000000267_1,EQ00000267,Seal,Standby
CMP000000267_2,EQ00000267,Coupling,Standby
CMP000000267_3,EQ00000267,Valve,Standby
CMP000000267_4,EQ00000267,Motor,Active
CMP000000268_1,EQ00000268,Pressure Element,Active
CMP000000268_2,EQ00000268,Motor,Standby
CMP000000268_3,EQ00000268,Lubrication System,Standby
CMP000000269_1,EQ00000269,Coupling,Active
CMP000000269_2,EQ00000269,Lubrication System,Active
CMP000000269_3,EQ00000269,Valve,Active
CMP000000270_1,EQ00000270,Bearing,Active
CMP000000270_2,EQ00000270,Valve,Active
CMP000000270_3,EQ00000270,Motor,Active
CMP000000271_1,EQ00000271,Seal,Standby
CMP000000271_2,EQ00000271,Lubrication System,Active
CMP000000271_3,EQ00000271,Motor,Standby
CMP000000271_4,EQ00000271,Coupling,Active
CMP000000272_1,EQ00000272,Motor,Standby
CMP000000272_2,EQ00000272,Motor,Standby
CMP000000272_3,EQ00000272,Safety Interlock,Active
CMP000000272_4,EQ00000272,Valve,Standby
CMP000000273_1,EQ00000273,Valve,Active
CMP000000274_1,EQ00000274,Seal,Active
CMP000000274_2,EQ00000274,Lubrication System,Standby
CMP000000274_3,EQ00000274,Gearbox,Standby
CMP000000274_4,EQ00000274,Control Panel,Standby
CMP000000275_1,EQ00000275,Valve,Standby
CMP000000276_1,EQ00000276,Pressure Element,Standby
CMP000000276_2,EQ00000276,Motor,Active
CMP000000276_3,EQ00000276,Lubrication System,Standby
CMP000000277_1,EQ00000277,Valve,Standby
CMP000000278_1,EQ00000278,Pressure Element,Standby
CMP000000278_2,EQ00000278,Safety Interlock,Active
CMP000000278_3,EQ00000278,Safety Interlock,Standby
CMP000000278_4,EQ00000278,Motor,Standby
CMP000000279_1,EQ00000279,Seal,Active
CMP000000279_2,EQ00000279,Seal,Standby
CMP000000279_3,EQ00000279,Gearbox,Active
CMP000000280_1,EQ00000280,Coupling,Active
CMP000000280_2,EQ00000280,Safety Interlock,Standby
CMP000000280_3,EQ00000280,Lubrication System,Standby
CMP000000280_4,EQ00000280,Gearbox,Active
CMP000000281_1,EQ00000281,Bearing,Standby
CMP000000282_1,EQ00000282,Gearbox,Standby
CMP000000282_2,EQ00000282,Control Panel,Standby
CMP000000283_1,EQ00000283,Bearing,Active
CMP000000284_1,EQ00000284,Gearbox,Standby
CMP000000284_2,EQ00000284,Coupling,Standby
CMP000000284_3,EQ00000284,Gearbox,Active
CMP000000285_1,EQ00000285,Safety Interlock,Standby
CMP000000285_2,EQ00000285,Control Panel,Active
CMP000000285_3,EQ00000285,Pressure Element,Standby
CMP000000286_1,EQ00000286,Pressure Element,Standby
CMP000000286_2,EQ00000286,Motor,Standby
CMP000000286_3,EQ00000286,Control Panel,Active
CMP000000286_4,EQ00000286,Motor,Active
CMP000000287_1,EQ00000287,Gearbox,Standby
CMP000000288_1,EQ00000288,Bearing,Active
CMP000000289_1,EQ00000289,Pressure Element,Standby
CMP000000290_1,EQ00000290,Coupling,Standby
CMP000000291_1,EQ00000291,Safety Interlock,Active
CMP000000291_2,EQ00000291,Control Panel,Standby
CMP000000291_3,EQ00000291,Coupling,Active
CMP000000291_4,EQ00000291,Lubrication System,Active
CMP000000292_1,EQ00000292,Pressure Element,Active
CMP000000293_1,EQ00000293,Motor,Active
CMP000000293_2,EQ00000293,Safety Interlock,Active
CMP000000293_3,EQ00000293,Motor,Active
CMP000000293_4,EQ00000293,Safety Interlock,Standby
CMP000000294_1,EQ00000294,Safety Interlock,Standby
CMP000000294_2,EQ00000294,Seal,Standby
CMP000000294_3,EQ00000294,Valve,Active
CMP000000295_1,EQ00000295,Control Panel,Active
CMP000000295_2,EQ00000295,Control Panel,Standby
CMP000000295_3,EQ00000295,Seal,Active
CMP000000295_4,EQ00000295,Control Panel,Standby
CMP000000296_1,EQ00000296,Motor,Standby
CMP000000296_2,EQ00000296,Coupling,Active
CMP000000297_1,EQ00000297,Coupling,Standby
CMP000000297_2,EQ00000297,Control Panel,Standby
CMP000000297_3,EQ00000297,Pressure Element,Standby
CMP000000298_1,EQ00000298,Coupling,Active
CMP000000298_2,EQ00000298,Valve,Standby
CMP000000298_3,EQ00000298,Lubrication System,Active
CMP000000298_4,EQ00000298,Pressure Element,Active
CMP000000299_1,EQ00000299,Gearbox,Active
CMP000000299_2,EQ00000299,Bearing,Active
CMP000000299_3,EQ00000299,Gearbox,Active
CMP000000300_1,EQ00000300,Motor,Standby
CMP000000300_2,EQ00000300,Seal,Active
CMP000000300_3,EQ00000300,Seal,Standby
CMP000000300_4,EQ00000300,Bearing,Active
CMP000000301_1,EQ00000301,Control Panel,Active
CMP000000302_1,EQ00000302,Pressure Element,Standby
CMP000000302_2,EQ00000302,Gearbox,Active
CMP000000302_3,EQ00000302,Bearing,Standby
CMP000000303_1,EQ00000303,Control Panel,Active
CMP000000303_2,EQ00000303,Bearing,Standby
CMP000000304_1,EQ00000304,Bearing,Standby
CMP000000304_2,EQ00000304,Pressure Element,Active
CMP000000304_3,EQ00000304,Motor,Standby
CMP000000304_4,EQ00000304,Seal,Active
CMP000000305_1,EQ00000305,Seal,Active
CMP000000305_2,EQ00000305,Seal,Active
CMP000000306_1,EQ00000306,Control Panel,Standby
CMP000000306_2,EQ00000306,Valve,Standby
CMP000000306_3,EQ00000306,Lubrication System,Active
CMP000000306_4,EQ00000306,Safety Interlock,Active
CMP000000307_1,EQ00000307,Lubrication System,Active
CMP000000307_2,EQ00000307,Safety Interlock,Standby
CMP000000307_3,EQ00000307,Bearing,Standby
CMP000000308_1,EQ00000308,Motor,Standby
CMP000000308_2,EQ00000308,Lubrication System,Active
CMP000000308_3,EQ00000308,Pressure Element,Standby
CMP000000309_1,EQ00000309,Motor,Active
CMP000000310_1,EQ00000310,Valve,Active
CMP000000310_2,EQ00000310,Control Panel,Standby
CMP000000310_3,EQ00000310,Safety Interlock,Standby
CMP000000310_4,EQ00000310,Gearbox,Standby
CMP000000311_1,EQ00000311,Gearbox,Active
CMP000000312_1,EQ00000312,Pressure Element,Standby
CMP000000313_1,EQ00000313,Motor,Standby
CMP000000313_2,EQ00000313,Valve,Active
CMP000000314_1,EQ00000314,Lubrication System,Active
CMP000000314_2,EQ00000314,Gearbox,Standby
CMP000000314_3,EQ00000314,Safety Interlock,Active
CMP000000314_4,EQ00000314,Coupling,Active
CMP000000315_1,EQ00000315,Pressure Element,Active
CMP000000315_2,EQ00000315,Control Panel,Active
CMP000000316_1,EQ00000316,Gearbox,Standby
CMP000000317_1,EQ00000317,Motor,Active
CMP000000318_1,EQ00000318,Bearing,Active
CMP000000318_2,EQ00000318,Valve,Active
CMP000000318_3,EQ00000318,Pressure Element,Active
CMP000000318_4,EQ00000318,Coupling,Standby
CMP000000319_1,EQ00000319,Coupling,Active
CMP000000319_2,EQ00000319,Gearbox,Active
CMP000000320_1,EQ00000320,Lubrication System,Standby
CMP000000320_2,EQ00000320,Valve,Standby
CMP000000321_1,EQ00000321,Seal,Standby
CMP000000321_2,EQ00000321,Motor,Active
CMP000000322_1,EQ00000322,Control Panel,Active
CMP000000322_2,EQ00000322,Seal,Standby
CMP000000322_3,EQ00000322,Safety Interlock,Standby
CMP000000323_1,EQ00000323,Valve,Active
CMP000000323_2,EQ00000323,Bearing,Active
CMP000000324_1,EQ00000324,Control Panel,Active
CMP000000324_2,EQ00000324,Valve,Standby
CMP000000324_3,EQ00000324,Bearing,Standby
CMP000000324_4,EQ00000324,Pressure Element,Standby
CMP000000325_1,EQ00000325,Motor,Standby
CMP000000325_2,EQ00000325,Bearing,Active
CMP000000326_1,EQ00000326,Safety Interlock,Active
CMP000000326_2,EQ00000326,Gearbox,Active
CMP000000326_3,EQ00000326,Safety Interlock,Standby
CMP000000326_4,EQ00000326,Lubrication System,Standby
CMP000000327_1,EQ00000327,Lubrication System,Active
CMP000000328_1,EQ00000328,Safety Interlock,Standby
CMP000000329_1,EQ00000329,Safety Interlock,Standby
CMP000000329_2,EQ00000329,Bearing,Standby
CMP000000330_1,EQ00000330,Control Panel,Standby
CMP000000331_1,EQ00000331,Gearbox,Standby
CMP000000331_2,EQ00000331,Control Panel,Standby
CMP000000331_3,EQ00000331,Pressure Element,Standby
CMP000000332_1,EQ00000332,Valve,Active
CMP000000332_2,EQ00000332,Seal,Active
CMP000000332_3,EQ00000332,Motor,Standby
CMP000000332_4,EQ00000332,Control Panel,Standby
CMP000000333_1,EQ00000333,Lubrication System,Standby
CMP000000333_2,EQ00000333,Bearing,Active
CMP000000333_3,EQ00000333,Seal,Standby
CMP000000334_1,EQ00000334,Valve,Standby
CMP000000334_2,EQ00000334,Seal,Active
CMP000000334_3,EQ00000334,Safety Interlock,Active
CMP000000334_4,EQ00000334,Lubrication System,Active
CMP000000335_1,EQ00000335,Coupling,Standby
CMP000000335_2,EQ00000335,Safety Interlock,Active
CMP000000335_3,EQ00000335,Coupling,Active
CMP000000335_4,EQ00000335,Coupling,Standby
CMP000000336_1,EQ00000336,Control Panel,Standby
CMP000000337_1,EQ00000337,Valve,Active
CMP000000337_2,EQ00000337,Control Panel,Active
CMP000000337_3,EQ00000337,Bearing,Standby
CMP000000337_4,EQ00000337,Pressure Element,Standby
CMP000000338_1,EQ00000338,Valve,Standby
CMP000000338_2,EQ00000338,Safety Interlock,Standby
CMP000000339_1,EQ00000339,Seal,Active
CMP000000339_2,EQ00000339,Gearbox,Active
CMP000000340_1,EQ00000340,Valve,Active
CMP000000340_2,EQ00000340,Valve,Standby
CMP000000341_1,EQ00000341,Safety Interlock,Standby
CMP000000341_2,EQ00000341,Control Panel,Active
CMP000000342_1,EQ00000342,Lubrication System,Active
CMP000000342_2,EQ00000342,Motor,Active
CMP000000342_3,EQ00000342,Bearing,Active
CMP000000342_4,EQ00000342,Gearbox,Active
CMP000000343_1,EQ00000343,Pressure Element,Standby
CMP000000344_1,EQ00000344,Seal,Active
CMP000000344_2,EQ00000344,Coupling,Standby
CMP000000344_3,EQ00000344,Motor,Standby
CMP000000344_4,EQ00000344,Gearbox,Active
CMP000000345_1,EQ00000345,Control Panel,Standby
CMP000000345_2,EQ00000345,Coupling,Active
CMP000000346_1,EQ00000346,Safety Interlock,Standby
CMP000000346_2,EQ00000346,Bearing,Active
CMP000000346_3,EQ00000346,Safety Interlock,Active
CMP000000346_4,EQ00000346,Safety Interlock,Active
CMP000000347_1,EQ00000347,Valve,Standby
CMP000000347_2,EQ00000347,Gearbox,Standby
CMP000000347_3,EQ00000347,Coupling,Standby
CMP000000347_4,EQ00000347,Control Panel,Active
CMP000000348_1,EQ00000348,Valve,Standby
CMP000000348_2,EQ00000348,Gearbox,Standby
CMP000000349_1,EQ00000349,Gearbox,Active
CMP000000350_1,EQ00000350,Valve,Standby
CMP000000350_2,EQ00000350,Valve,Standby
CMP000000350_3,EQ00000350,Gearbox,Standby
CMP000000350_4,EQ00000350,Coupling,Standby
CMP000000351_1,EQ00000351,Control Panel,Active
CMP000000351_2,EQ00000351,Seal,Standby
CMP000000351_3,EQ00000351,Seal,Standby
CMP000000352_1,EQ00000352,Motor,Active
CMP000000352_2,EQ00000352,Control Panel,Active
CMP000000353_1,EQ00000353,Bearing,Active
CMP000000353_2,EQ00000353,Lubrication System,Active
CMP000000353_3,EQ00000353,Gearbox,Active
CMP000000354_1,EQ00000354,Control Panel,Active
CMP000000354_2,EQ00000354,Lubrication System,Active
CMP000000355_1,EQ00000355,Coupling,Standby
CMP000000355_2,EQ00000355,Coupling,Standby
CMP000000356_1,EQ00000356,Coupling,Active
CMP000000357_1,EQ00000357,Control Panel,Active
CMP000000357_2,EQ00000357,Safety Interlock,Active
CMP000000358_1,EQ00000358,Pressure Element,Standby
CMP000000359_1,EQ00000359,Seal,Standby
CMP000000359_2,EQ00000359,Coupling,Active
CMP000000360_1,EQ00000360,Safety Interlock,Active
CMP000000361_1,EQ00000361,Seal,Active
CMP000000362_1,EQ00000362,Valve,Standby
CMP000000362_2,EQ00000362,Control Panel,Active
CMP000000362_3,EQ00000362,Control Panel,Standby
CMP000000362_4,EQ00000362,Gearbox,Standby
CMP000000363_1,EQ00000363,Pressure Element,Active
CMP000000363_2,EQ00000363,Lubrication System,Active
CMP000000363_3,EQ00000363,Coupling,Active
CMP000000364_1,EQ00000364,Control Panel,Active
CMP000000364_2,EQ00000364,Coupling,Standby
CMP000000365_1,EQ00000365,Motor,Standby
CMP000000365_2,EQ00000365,Valve,Active
CMP000000365_3,EQ00000365,Lubrication System,Active
CMP000000366_1,EQ00000366,Gearbox,Active
CMP000000366_2,EQ00000366,Gearbox,Active
CMP000000366_3,EQ00000366,Motor,Active
CMP000000367_1,EQ00000367,Motor,Active
CMP000000368_1,EQ00000368,Gearbox,Active
CMP000000368_2,EQ00000368,Motor,Active
CMP000000369_1,EQ00000369,Safety Interlock,Active
CMP000000369_2,EQ00000369,Control Panel,Standby
CMP000000369_3,EQ00000369,Safety Interlock,Active
CMP000000369_4,EQ00000369,Control Panel,Active
CMP000000370_1,EQ00000370,Valve,Active
CMP000000370_2,EQ00000370,Seal,Active
CMP000000370_3,EQ00000370,Seal,Standby
CMP000000371_1,EQ00000371,Control Panel,Standby
CMP000000371_2,EQ00000371,Pressure Element,Standby
CMP000000371_3,EQ00000371,Control Panel,Standby
CMP000000371_4,EQ00000371,Motor,Active
CMP000000372_1,EQ00000372,Safety Interlock,Standby
CMP000000372_2,EQ00000372,Pressure Element,Standby
CMP000000372_3,EQ00000372,Motor,Standby
CMP000000372_4,EQ00000372,Bearing,Standby
CMP000000373_1,EQ00000373,Gearbox,Standby
CMP000000373_2,EQ00000373,Valve,Standby
CMP000000374_1,EQ00000374,Pressure Element,Active
CMP000000374_2,EQ00000374,Valve,Active
CMP000000374_3,EQ00000374,Gearbox,Active
CMP000000374_4,EQ00000374,Control Panel,Active
CMP000000375_1,EQ00000375,Gearbox,Standby
CMP000000376_1,EQ00000376,Motor,Standby
CMP000000376_2,EQ00000376,Safety Interlock,Active
CMP000000376_3,EQ00000376,Valve,Standby
CMP000000376_4,EQ00000376,Safety Interlock,Active
CMP000000377_1,EQ00000377,Coupling,Active
CMP000000377_2,EQ00000377,Lubrication System,Active
CMP000000378_1,EQ00000378,Lubrication System,Active
CMP000000378_2,EQ00000378,Safety Interlock,Standby
CMP000000379_1,EQ00000379,Bearing,Active
CMP000000379_2,EQ00000379,Safety Interlock,Standby
CMP000000379_3,EQ00000379,Coupling,Active
CMP000000379_4,EQ00000379,Valve,Active
CMP000000380_1,EQ00000380,Pressure Element,Active
CMP000000380_2,EQ00000380,Valve,Active
CMP000000380_3,EQ00000380,Seal,Standby
CMP000000381_1,EQ00000381,Bearing,Active
CMP000000381_2,EQ00000381,Seal,Standby
CMP000000382_1,EQ00000382,Gearbox,Standby
CMP000000382_2,EQ00000382,Lubrication System,Active
CMP000000383_1,EQ00000383,Pressure Element,Active
CMP000000383_2,EQ00000383,Pressure Element,Active
CMP000000384_1,EQ00000384,Bearing,Active
CMP000000384_2,EQ00000384,Control Panel,Active
CMP000000385_1,EQ00000385,Gearbox,Active
CMP000000385_2,EQ00000385,Valve,Standby
CMP000000385_3,EQ00000385,Safety Interlock,Standby
CMP000000385_4,EQ00000385,Safety Interlock,Active
CMP000000386_1,EQ00000386,Seal,Standby
CMP000000386_2,EQ00000386,Pressure Element,Standby
CMP000000387_1,EQ00000387,Control Panel,Standby
CMP000000387_2,EQ00000387,Motor,Active
CMP000000388_1,EQ00000388,Control Panel,Standby
CMP000000389_1,EQ00000389,Coupling,Active
CMP000000390_1,EQ00000390,Seal,Standby
CMP000000390_2,EQ00000390,Lubrication System,Active
CMP000000391_1,EQ00000391,Control Panel,Active
CMP000000391_2,EQ00000391,Pressure Element,Active
CMP000000391_3,EQ00000391,Pressure Element,Active
CMP000000392_1,EQ00000392,Valve,Standby
CMP000000392_2,EQ00000392,Safety Interlock,Active
CMP000000392_3,EQ00000392,Gearbox,Standby
CMP000000393_1,EQ00000393,Pressure Element,Standby
CMP000000393_2,EQ00000393,Valve,Standby
CMP000000394_1,EQ00000394,Seal,Active
CMP000000394_2,EQ00000394,Motor,Active
CMP000000394_3,EQ00000394,Gearbox,Active
CMP000000395_1,EQ00000395,Coupling,Active
CMP000000395_2,EQ00000395,Bearing,Standby
CMP000000395_3,EQ00000395,Coupling,Active
CMP000000396_1,EQ00000396,Seal,Standby
CMP000000397_1,EQ00000397,Bearing,Active
CMP000000397_2,EQ00000397,Seal,Standby
CMP000000397_3,EQ00000397,Bearing,Standby
CMP000000397_4,EQ00000397,Safety Interlock,Standby
CMP000000398_1,EQ00000398,Seal,Standby
CMP000000398_2,EQ00000398,Control Panel,Active
CMP000000398_3,EQ00000398,Valve,Active
CMP000000399_1,EQ00000399,Seal,Active
CMP000000400_1,EQ00000400,Safety Interlock,Standby
CMP000000400_2,EQ00000400,Control Panel,Active
CMP000000400_3,EQ00000400,Control Panel,Active
CMP000000401_1,EQ00000401,Gearbox,Active
CMP000000401_2,EQ00000401,Gearbox,Standby
CMP000000401_3,EQ00000401,Coupling,Active
CMP000000402_1,EQ00000402,Bearing,Standby
CMP000000402_2,EQ00000402,Control Panel,Standby
CMP000000402_3,EQ00000402,Pressure Element,Active
CMP000000403_1,EQ00000403,Lubrication System,Active
CMP000000404_1,EQ00000404,Valve,Standby
CMP000000405_1,EQ00000405,Control Panel,Standby
CMP000000405_2,EQ00000405,Bearing,Standby
CMP000000405_3,EQ00000405,Valve,Active
CMP000000406_1,EQ00000406,Safety Interlock,Active
CMP000000406_2,EQ00000406,Pressure Element,Standby
CMP000000406_3,EQ00000406,Coupling,Standby
CMP000000406_4,EQ00000406,Coupling,Active
CMP000000407_1,EQ00000407,Coupling,Active
CMP000000408_1,EQ00000408,Coupling,Active
CMP000000408_2,EQ00000408,Control Panel,Active
CMP000000408_3,EQ00000408,Motor,Active
CMP000000409_1,EQ00000409,Pressure Element,Active
CMP000000409_2,EQ00000409,Gearbox,Active
CMP000000410_1,EQ00000410,Valve,Active
CMP000000410_2,EQ00000410,Motor,Standby
CMP000000410_3,EQ00000410,Bearing,Active
CMP000000410_4,EQ00000410,Gearbox,Standby
CMP000000411_1,EQ00000411,Control Panel,Active
CMP000000411_2,EQ00000411,Gearbox,Active
CMP000000411_3,EQ00000411,Control Panel,Standby
CMP000000411_4,EQ00000411,Valve,Active
CMP000000412_1,EQ00000412,Control Panel,Active
CMP000000413_1,EQ00000413,Seal,Active
CMP000000414_1,EQ00000414,Gearbox,Active
CMP000000414_2,EQ00000414,Gearbox,Standby
CMP000000414_3,EQ00000414,Pressure Element,Active
CMP000000414_4,EQ00000414,Lubrication System,Standby
CMP000000415_1,EQ00000415,Safety Interlock,Active
CMP000000416_1,EQ00000416,Motor,Active
CMP000000417_1,EQ00000417,Seal,Standby
CMP000000417_2,EQ00000417,Valve,Active
CMP000000417_3,EQ00000417,Motor,Active
CMP000000417_4,EQ00000417,Seal,Active
CMP000000418_1,EQ00000418,Bearing,Standby
CMP000000418_2,EQ00000418,Safety Interlock,Active
CMP000000418_3,EQ00000418,Control Panel,Active
CMP000000418_4,EQ00000418,Bearing,Standby
CMP000000419_1,EQ00000419,Coupling,Active
CMP000000420_1,EQ00000420,Control Panel,Active
CMP000000420_2,EQ00000420,Motor,Active
CMP000000420_3,EQ00000420,Pressure Element,Standby
CMP000000421_1,EQ00000421,Gearbox,Standby
CMP000000421_2,EQ00000421,Coupling,Standby
CMP000000421_3,EQ00000421,Coupling,Standby
CMP000000421_4,EQ00000421,Control Panel,Standby
CMP000000422_1,EQ00000422,Valve,Active
CMP000000422_2,EQ00000422,Lubrication System,Active
CMP000000422_3,EQ00000422,Control Panel,Active
CMP000000423_1,EQ00000423,Lubrication System,Standby
CMP000000423_2,EQ00000423,Control Panel,Active
CMP000000424_1,EQ00000424,Coupling,Active
CMP000000424_2,EQ00000424,Gearbox,Active
CMP000000424_3,EQ00000424,Safety Interlock,Active
CMP000000424_4,EQ00000424,Seal,Standby
CMP000000425_1,EQ00000425,Valve,Active
CMP000000426_1,EQ00000426,Motor,Standby
CMP000000427_1,EQ00000427,Coupling,Active
CMP000000428_1,EQ00000428,Bearing,Standby
CMP000000428_2,EQ00000428,Control Panel,Active
CMP000000429_1,EQ00000429,Seal,Standby
CMP000000429_2,EQ00000429,Lubrication System,Standby
CMP000000429_3,EQ00000429,Bearing,Active
CMP000000429_4,EQ00000429,Motor,Standby
CMP000000430_1,EQ00000430,Lubrication System,Standby
CMP000000430_2,EQ00000430,Lubrication System,Active
CMP000000430_3,EQ00000430,Pressure Element,Standby
CMP000000431_1,EQ00000431,Seal,Active
CMP000000431_2,EQ00000431,Valve,Active
CMP000000432_1,EQ00000432,Motor,Standby
CMP000000432_2,EQ00000432,Pressure Element,Standby
CMP000000432_3,EQ00000432,Motor,Active
CMP000000433_1,EQ00000433,Valve,Active
CMP000000433_2,EQ00000433,Bearing,Active
CMP000000434_1,EQ00000434,Coupling,Standby
CMP000000434_2,EQ00000434,Safety Interlock,Standby
CMP000000434_3,EQ00000434,Seal,Standby
CMP000000435_1,EQ00000435,Pressure Element,Active
CMP000000436_1,EQ00000436,Safety Interlock,Active
CMP000000437_1,EQ00000437,Pressure Element,Active
CMP000000437_2,EQ00000437,Seal,Standby
CMP000000437_3,EQ00000437,Bearing,Standby
CMP000000438_1,EQ00000438,Safety Interlock,Active
CMP000000438_2,EQ00000438,Bearing,Standby
CMP000000438_3,EQ00000438,Motor,Standby
CMP000000438_4,EQ00000438,Seal,Standby
CMP000000439_1,EQ00000439,Pressure Element,Active
CMP000000439_2,EQ00000439,Coupling,Active
CMP000000440_1,EQ00000440,Pressure Element,Standby
CMP000000440_2,EQ00000440,Safety Interlock,Standby
CMP000000441_1,EQ00000441,Pressure Element,Active
CMP000000441_2,EQ00000441,Pressure Element,Active
CMP000000441_3,EQ00000441,Lubrication System,Standby
CMP000000441_4,EQ00000441,Motor,Standby
CMP000000442_1,EQ00000442,Seal,Active
CMP000000442_2,EQ00000442,Safety Interlock,Standby
CMP000000442_3,EQ00000442,Gearbox,Active
CMP000000442_4,EQ00000442,Lubrication System,Active
CMP000000443_1,EQ00000443,Motor,Standby
CMP000000444_1,EQ00000444,Pressure Element,Active
CMP000000444_2,EQ00000444,Bearing,Standby
CMP000000444_3,EQ00000444,Coupling,Standby
CMP000000444_4,EQ00000444,Valve,Active
CMP000000445_1,EQ00000445,Seal,Active
CMP000000445_2,EQ00000445,Coupling,Active
CMP000000445_3,EQ00000445,Control Panel,Active
CMP000000446_1,EQ00000446,Valve,Active
CMP000000446_2,EQ00000446,Motor,Standby
CMP000000446_3,EQ00000446,Bearing,Active
CMP000000447_1,EQ00000447,Lubrication System,Standby
CMP000000447_2,EQ00000447,Motor,Standby
CMP000000447_3,EQ00000447,Control Panel,Standby
CMP000000448_1,EQ00000448,Lubrication System,Active
CMP000000448_2,EQ00000448,Bearing,Standby
CMP000000448_3,EQ00000448,Bearing,Standby
CMP000000448_4,EQ00000448,Lubrication System,Active
CMP000000449_1,EQ00000449,Coupling,Standby
CMP000000449_2,EQ00000449,Safety Interlock,Standby
CMP000000449_3,EQ00000449,Lubrication System,Active
CMP000000450_1,EQ00000450,Seal,Standby
CMP000000450_2,EQ00000450,Motor,Active
CMP000000450_3,EQ00000450,Lubrication System,Standby
CMP000000450_4,EQ00000450,Control Panel,Standby
CMP000000451_1,EQ00000451,Lubrication System,Active
CMP000000451_2,EQ00000451,Control Panel,Active
CMP000000451_3,EQ00000451,Lubrication System,Standby
CMP000000452_1,EQ00000452,Gearbox,Standby
CMP000000452_2,EQ00000452,Motor,Active
CMP000000453_1,EQ00000453,Coupling,Standby
CMP000000453_2,EQ00000453,Lubrication System,Standby
CMP000000454_1,EQ00000454,Safety Interlock,Active
CMP000000454_2,EQ00000454,Valve,Active
CMP000000454_3,EQ00000454,Seal,Standby
CMP000000455_1,EQ00000455,Seal,Active
CMP000000455_2,EQ00000455,Gearbox,Active
CMP000000455_3,EQ00000455,Control Panel,Standby
CMP000000456_1,EQ00000456,Valve,Standby
CMP000000456_2,EQ00000456,Motor,Active
CMP000000456_3,EQ00000456,Control Panel,Standby
CMP000000456_4,EQ00000456,Lubrication System,Standby
CMP000000457_1,EQ00000457,Motor,Active
CMP000000457_2,EQ00000457,Gearbox,Standby
CMP000000458_1,EQ00000458,Control Panel,Standby
CMP000000458_2,EQ00000458,Valve,Standby
CMP000000458_3,EQ00000458,Motor,Active
CMP000000458_4,EQ00000458,Motor,Standby
CMP000000459_1,EQ00000459,Seal,Active
CMP000000460_1,EQ00000460,Seal,Standby
CMP000000460_2,EQ00000460,Bearing,Active
CMP000000461_1,EQ00000461,Valve,Active
CMP000000462_1,EQ00000462,Safety Interlock,Active
CMP000000462_2,EQ00000462,Motor,Standby
CMP000000462_3,EQ00000462,Safety Interlock,Standby
CMP000000462_4,EQ00000462,Bearing,Active
CMP000000463_1,EQ00000463,Safety Interlock,Standby
CMP000000463_2,EQ00000463,Lubrication System,Standby
CMP000000463_3,EQ00000463,Gearbox,Active
CMP000000463_4,EQ00000463,Gearbox,Standby
CMP000000464_1,EQ00000464,Safety Interlock,Standby
CMP000000464_2,EQ00000464,Bearing,Active
CMP000000465_1,EQ00000465,Pressure Element,Standby
CMP000000466_1,EQ00000466,Gearbox,Active
CMP000000466_2,EQ00000466,Safety Interlock,Standby
CMP000000467_1,EQ00000467,Motor,Standby
CMP000000468_1,EQ00000468,Safety Interlock,Active
CMP000000468_2,EQ00000468,Pressure Element,Active
CMP000000468_3,EQ00000468,Motor,Active
CMP000000468_4,EQ00000468,Valve,Active
CMP000000469_1,EQ00000469,Pressure Element,Active
CMP000000469_2,EQ00000469,Seal,Active
CMP000000469_3,EQ00000469,Lubrication System,Active
CMP000000469_4,EQ00000469,Seal,Active
CMP000000470_1,EQ00000470,Bearing,Standby
CMP000000470_2,EQ00000470,Seal,Active
CMP000000470_3,EQ00000470,Lubrication System,Active
CMP000000471_1,EQ00000471,Gearbox,Active
CMP000000472_1,EQ00000472,Seal,Active
CMP000000473_1,EQ00000473,Safety Interlock,Active
CMP000000473_2,EQ00000473,Safety Interlock,Standby
CMP000000473_3,EQ00000473,Safety Interlock,Standby
CMP000000474_1,EQ00000474,Safety Interlock,Standby
CMP000000474_2,EQ00000474,Coupling,Active
CMP000000474_3,EQ00000474,Motor,Standby
CMP000000474_4,EQ00000474,Pressure Element,Active
CMP000000475_1,EQ00000475,Safety Interlock,Standby
CMP000000475_2,EQ00000475,Motor,Active
CMP000000475_3,EQ00000475,Seal,Standby
CMP000000476_1,EQ00000476,Lubrication System,Active
CMP000000476_2,EQ00000476,Pressure Element,Standby
CMP000000476_3,EQ00000476,Gearbox,Standby
CMP000000477_1,EQ00000477,Bearing,Standby
CMP000000477_2,EQ00000477,Bearing,Standby
CMP000000477_3,EQ00000477,Coupling,Active
CMP000000477_4,EQ00000477,Valve,Active
CMP000000478_1,EQ00000478,Safety Interlock,Standby
CMP000000478_2,EQ00000478,Pressure Element,Active
CMP000000478_3,EQ00000478,Valve,Standby
CMP000000479_1,EQ00000479,Pressure Element,Active
CMP000000480_1,EQ00000480,Motor,Standby
CMP000000481_1,EQ00000481,Lubrication System,Active
CMP000000482_1,EQ00000482,Valve,Standby
CMP000000482_2,EQ00000482,Safety Interlock,Standby
CMP000000482_3,EQ00000482,Seal,Standby
CMP000000482_4,EQ00000482,Gearbox,Standby
CMP000000483_1,EQ00000483,Pressure Element,Active
CMP000000483_2,EQ00000483,Seal,Standby
CMP000000484_1,EQ00000484,Pressure Element,Standby
CMP000000484_2,EQ00000484,Control Panel,Standby
CMP000000484_3,EQ00000484,Gearbox,Active
CMP000000485_1,EQ00000485,Seal,Active
CMP000000485_2,EQ00000485,Motor,Standby
CMP000000486_1,EQ00000486,Lubrication System,Active
CMP000000487_1,EQ00000487,Pressure Element,Standby
CMP000000487_2,EQ00000487,Safety Interlock,Standby
CMP000000488_1,EQ00000488,Motor,Active
CMP000000489_1,EQ00000489,Coupling,Active
CMP000000489_2,EQ00000489,Valve,Standby
CMP000000489_3,EQ00000489,Coupling,Active
CMP000000489_4,EQ00000489,Pressure Element,Active
CMP000000490_1,EQ00000490,Valve,Standby
CMP000000490_2,EQ00000490,Valve,Standby
CMP000000490_3,EQ00000490,Pressure Element,Active
CMP000000491_1,EQ00000491,Safety Interlock,Active
CMP000000491_2,EQ00000491,Control Panel,Active
CMP000000491_3,EQ00000491,Valve,Standby
CMP000000491_4,EQ00000491,Motor,Standby
CMP000000492_1,EQ00000492,Pressure Element,Active
CMP000000493_1,EQ00000493,Seal,Active
CMP000000493_2,EQ00000493,Lubrication System,Active
CMP000000493_3,EQ00000493,Valve,Active
CMP000000493_4,EQ00000493,Gearbox,Standby
CMP000000494_1,EQ00000494,Coupling,Active
CMP000000495_1,EQ00000495,Valve,Active
CMP000000495_2,EQ00000495,Control Panel,Standby
CMP000000496_1,EQ00000496,Lubrication System,Active
CMP000000496_2,EQ00000496,Control Panel,Standby
CMP000000496_3,EQ00000496,Safety Interlock,Active
CMP000000496_4,EQ00000496,Gearbox,Active
CMP000000497_1,EQ00000497,Motor,Active
CMP000000497_2,EQ00000497,Control Panel,Standby
CMP000000497_3,EQ00000497,Gearbox,Standby
CMP000000498_1,EQ00000498,Control Panel,Active
CMP000000499_1,EQ00000499,Coupling,Standby
CMP000000499_2,EQ00000499,Pressure Element,Standby
CMP000000499_3,EQ00000499,Bearing,Standby
CMP000000499_4,EQ00000499,Motor,Active
CMP000000500_1,EQ00000500,Seal,Active
CMP000000500_2,EQ00000500,Gearbox,Active
CMP000000500_3,EQ00000500,Seal,Active
CMP000000500_4,EQ00000500,Safety Interlock,Standby
CMP000000501_1,EQ00000501,Valve,Active
CMP000000501_2,EQ00000501,Motor,Standby
CMP000000501_3,EQ00000501,Pressure Element,Active
CMP000000502_1,EQ00000502,Coupling,Standby
CMP000000502_2,EQ00000502,Control Panel,Standby
CMP000000502_3,EQ00000502,Lubrication System,Active
CMP000000503_1,EQ00000503,Gearbox,Active
CMP000000503_2,EQ00000503,Control Panel,Standby
CMP000000503_3,EQ00000503,Valve,Active
CMP000000504_1,EQ00000504,Safety Interlock,Active
CMP000000505_1,EQ00000505,Seal,Standby
CMP000000505_2,EQ00000505,Coupling,Active
CMP000000505_3,EQ00000505,Gearbox,Standby
CMP000000506_1,EQ00000506,Bearing,Standby
CMP000000506_2,EQ00000506,Seal,Active
CMP000000506_3,EQ00000506,Lubrication System,Standby
CMP000000506_4,EQ00000506,Safety Interlock,Active
CMP000000507_1,EQ00000507,Lubrication System,Standby
CMP000000508_1,EQ00000508,Control Panel,Active
CMP000000509_1,EQ00000509,Gearbox,Active
CMP000000510_1,EQ00000510,Valve,Active
CMP000000510_2,EQ00000510,Pressure Element,Active
CMP000000510_3,EQ00000510,Coupling,Active
CMP000000510_4,EQ00000510,Pressure Element,Active
CMP000000511_1,EQ00000511,Seal,Active
CMP000000511_2,EQ00000511,Seal,Standby
CMP000000512_1,EQ00000512,Bearing,Standby
CMP000000513_1,EQ00000513,Control Panel,Standby
CMP000000513_2,EQ00000513,Coupling,Active
CMP000000513_3,EQ00000513,Lubrication System,Active
CMP000000514_1,EQ00000514,Gearbox,Active
CMP000000514_2,EQ00000514,Bearing,Active
CMP000000515_1,EQ00000515,Pressure Element,Active
CMP000000516_1,EQ00000516,Pressure Element,Active
CMP000000516_2,EQ00000516,Seal,Standby
CMP000000517_1,EQ00000517,Valve,Active
CMP000000517_2,EQ00000517,Seal,Active
CMP000000517_3,EQ00000517,Lubrication System,Standby
CMP000000518_1,EQ00000518,Gearbox,Standby
CMP000000519_1,EQ00000519,Pressure Element,Active
CMP000000520_1,EQ00000520,Valve,Active
CMP000000521_1,EQ00000521,Motor,Active
CMP000000521_2,EQ00000521,Seal,Active
CMP000000521_3,EQ00000521,Gearbox,Standby
CMP000000522_1,EQ00000522,Valve,Active
CMP000000523_1,EQ00000523,Bearing,Standby
CMP000000523_2,EQ00000523,Coupling,Active
CMP000000523_3,EQ00000523,Coupling,Standby
CMP000000523_4,EQ00000523,Lubrication System,Active
CMP000000524_1,EQ00000524,Gearbox,Standby
CMP000000524_2,EQ00000524,Coupling,Standby
CMP000000524_3,EQ00000524,Coupling,Active
CMP000000525_1,EQ00000525,Valve,Standby
CMP000000525_2,EQ00000525,Pressure Element,Standby
CMP000000525_3,EQ00000525,Coupling,Standby
CMP000000525_4,EQ00000525,Control Panel,Standby
CMP000000526_1,EQ00000526,Control Panel,Active
CMP000000526_2,EQ00000526,Seal,Active
CMP000000527_1,EQ00000527,Gearbox,Standby
CMP000000528_1,EQ00000528,Pressure Element,Active
CMP000000528_2,EQ00000528,Bearing,Active
CMP000000529_1,EQ00000529,Lubrication System,Standby
CMP000000529_2,EQ00000529,Gearbox,Active
CMP000000529_3,EQ00000529,Coupling,Standby
CMP000000529_4,EQ00000529,Coupling,Active
CMP000000530_1,EQ00000530,Pressure Element,Standby
CMP000000530_2,EQ00000530,Pressure Element,Standby
CMP000000531_1,EQ00000531,Coupling,Standby
CMP000000531_2,EQ00000531,Coupling,Active
CMP000000531_3,EQ00000531,Gearbox,Standby
CMP000000531_4,EQ00000531,Bearing,Active
CMP000000532_1,EQ00000532,Gearbox,Standby
CMP000000532_2,EQ00000532,Valve,Active
CMP000000532_3,EQ00000532,Valve,Standby
CMP000000533_1,EQ00000533,Safety Interlock,Standby
CMP000000533_2,EQ00000533,Seal,Active
CMP000000534_1,EQ00000534,Coupling,Active
CMP000000535_1,EQ00000535,Coupling,Standby
CMP000000535_2,EQ00000535,Safety Interlock,Standby
CMP000000535_3,EQ00000535,Control Panel,Active
CMP000000535_4,EQ00000535,Lubrication System,Standby
CMP000000536_1,EQ00000536,Motor,Standby
CMP000000536_2,EQ00000536,Pressure Element,Active
CMP000000536_3,EQ00000536,Seal,Active
CMP000000537_1,EQ00000537,Bearing,Active
CMP000000537_2,EQ00000537,Motor,Standby
CMP000000537_3,EQ00000537,Pressure Element,Standby
CMP000000538_1,EQ00000538,Gearbox,Active
CMP000000538_2,EQ00000538,Control Panel,Standby
CMP000000538_3,EQ00000538,Motor,Standby
CMP000000538_4,EQ00000538,Safety Interlock,Standby
CMP000000539_1,EQ00000539,Motor,Active
CMP000000539_2,EQ00000539,Motor,Standby
CMP000000539_3,EQ00000539,Bearing,Standby
CMP000000539_4,EQ00000539,Bearing,Standby
CMP000000540_1,EQ00000540,Safety Interlock,Standby
CMP000000541_1,EQ00000541,Seal,Standby
CMP000000542_1,EQ00000542,Seal,Standby
CMP000000542_2,EQ00000542,Motor,Standby
CMP000000543_1,EQ00000543,Safety Interlock,Standby
CMP000000543_2,EQ00000543,Lubrication System,Standby
CMP000000543_3,EQ00000543,Seal,Standby
CMP000000544_1,EQ00000544,Safety Interlock,Active
CMP000000544_2,EQ00000544,Motor,Standby
CMP000000544_3,EQ00000544,Seal,Active
CMP000000545_1,EQ00000545,Bearing,Standby
CMP000000546_1,EQ00000546,Motor,Active
CMP000000546_2,EQ00000546,Bearing,Standby
CMP000000546_3,EQ00000546,Motor,Standby
CMP000000547_1,EQ00000547,Lubrication System,Active
CMP000000547_2,EQ00000547,Seal,Standby
CMP000000547_3,EQ00000547,Safety Interlock,Standby
CMP000000547_4,EQ00000547,Motor,Standby
CMP000000548_1,EQ00000548,Coupling,Standby
CMP000000548_2,EQ00000548,Coupling,Active
CMP000000548_3,EQ00000548,Bearing,Standby
CMP000000549_1,EQ00000549,Lubrication System,Standby
CMP000000549_2,EQ00000549,Coupling,Active
CMP000000550_1,EQ00000550,Safety Interlock,Active
CMP000000550_2,EQ00000550,Lubrication System,Standby
CMP000000550_3,EQ00000550,Gearbox,Active
CMP000000550_4,EQ00000550,Pressure Element,Standby
CMP000000551_1,EQ00000551,Control Panel,Active
CMP000000551_2,EQ00000551,Bearing,Active
CMP000000551_3,EQ00000551,Pressure Element,Standby
CMP000000552_1,EQ00000552,Pressure Element,Standby
CMP000000552_2,EQ00000552,Seal,Standby
CMP000000552_3,EQ00000552,Safety Interlock,Standby
CMP000000552_4,EQ00000552,Control Panel,Active
CMP000000553_1,EQ00000553,Valve,Standby
CMP000000554_1,EQ00000554,Gearbox,Active
CMP000000554_2,EQ00000554,Coupling,Active
CMP000000554_3,EQ00000554,Lubrication System,Active
CMP000000555_1,EQ00000555,Pressure Element,Standby
CMP000000555_2,EQ00000555,Seal,Standby
CMP000000555_3,EQ00000555,Coupling,Active
CMP000000556_1,EQ00000556,Seal,Active
CMP000000556_2,EQ00000556,Coupling,Standby
CMP000000556_3,EQ00000556,Valve,Standby
CMP000000557_1,EQ00000557,Valve,Standby
CMP000000558_1,EQ00000558,Pressure Element,Active
CMP000000558_2,EQ00000558,Motor,Active
CMP000000559_1,EQ00000559,Seal,Standby
CMP000000559_2,EQ00000559,Control Panel,Standby
CMP000000559_3,EQ00000559,Safety Interlock,Active
CMP000000559_4,EQ00000559,Control Panel,Active
CMP000000560_1,EQ00000560,Valve,Active
CMP000000560_2,EQ00000560,Bearing,Standby
CMP000000560_3,EQ00000560,Coupling,Standby
CMP000000561_1,EQ00000561,Motor,Active
CMP000000561_2,EQ00000561,Control Panel,Standby
CMP000000561_3,EQ00000561,Pressure Element,Standby
CMP000000562_1,EQ00000562,Pressure Element,Standby
CMP000000562_2,EQ00000562,Valve,Standby
CMP000000562_3,EQ00000562,Bearing,Active
CMP000000563_1,EQ00000563,Safety Interlock,Standby
CMP000000563_2,EQ00000563,Control Panel,Active
CMP000000563_3,EQ00000563,Lubrication System,Standby
CMP000000563_4,EQ00000563,Control Panel,Standby
CMP000000564_1,EQ00000564,Lubrication System,Active
CMP000000564_2,EQ00000564,Seal,Active
CMP000000564_3,EQ00000564,Coupling,Active
CMP000000564_4,EQ00000564,Coupling,Standby
CMP000000565_1,EQ00000565,Bearing,Standby
CMP000000565_2,EQ00000565,Coupling,Active
CMP000000565_3,EQ00000565,Pressure Element,Active
CMP000000565_4,EQ00000565,Seal,Active
CMP000000566_1,EQ00000566,Seal,Standby
CMP000000566_2,EQ00000566,Lubrication System,Standby
CMP000000566_3,EQ00000566,Coupling,Standby
CMP000000566_4,EQ00000566,Pressure Element,Active
CMP000000567_1,EQ00000567,Safety Interlock,Standby
CMP000000567_2,EQ00000567,Safety Interlock,Active
CMP000000568_1,EQ00000568,Seal,Standby
CMP000000569_1,EQ00000569,Control Panel,Active
CMP000000569_2,EQ00000569,Lubrication System,Active
CMP000000569_3,EQ00000569,Safety Interlock,Standby
CMP000000570_1,EQ00000570,Motor,Standby
CMP000000570_2,EQ00000570,Seal,Standby
CMP000000570_3,EQ00000570,Valve,Active
CMP000000570_4,EQ00000570,Bearing,Standby
CMP000000571_1,EQ00000571,Valve,Active
CMP000000572_1,EQ00000572,Motor,Active
CMP000000572_2,EQ00000572,Valve,Standby
CMP000000572_3,EQ00000572,Seal,Active
CMP000000572_4,EQ00000572,Bearing,Standby
CMP000000573_1,EQ00000573,Bearing,Standby
CMP000000573_2,EQ00000573,Coupling,Active
CMP000000573_3,EQ00000573,Pressure Element,Active
CMP000000574_1,EQ00000574,Seal,Standby
CMP000000575_1,EQ00000575,Motor,Active
CMP000000575_2,EQ00000575,Bearing,Standby
CMP000000576_1,EQ00000576,Valve,Standby
CMP000000576_2,EQ00000576,Control Panel,Active
CMP000000576_3,EQ00000576,Pressure Element,Active
CMP000000577_1,EQ00000577,Valve,Standby
CMP000000577_2,EQ00000577,Valve,Standby
CMP000000577_3,EQ00000577,Lubrication System,Standby
CMP000000577_4,EQ00000577,Lubrication System,Standby
CMP000000578_1,EQ00000578,Safety Interlock,Active
CMP000000578_2,EQ00000578,Coupling,Standby
CMP000000578_3,EQ00000578,Coupling,Standby
CMP000000578_4,EQ00000578,Lubrication System,Standby
CMP000000579_1,EQ00000579,Lubrication System,Standby
CMP000000580_1,EQ00000580,Coupling,Standby
CMP000000580_2,EQ00000580,Safety Interlock,Standby
CMP000000580_3,EQ00000580,Safety Interlock,Active
CMP000000580_4,EQ00000580,Pressure Element,Active
CMP000000581_1,EQ00000581,Gearbox,Active
CMP000000582_1,EQ00000582,Pressure Element,Standby
CMP000000582_2,EQ00000582,Control Panel,Active
CMP000000582_3,EQ00000582,Bearing,Active
CMP000000583_1,EQ00000583,Coupling,Standby
CMP000000583_2,EQ00000583,Valve,Active
CMP000000583_3,EQ00000583,Coupling,Standby
CMP000000584_1,EQ00000584,Bearing,Standby
CMP000000585_1,EQ00000585,Bearing,Standby
CMP000000585_2,EQ00000585,Pressure Element,Standby
CMP000000585_3,EQ00000585,Gearbox,Active
CMP000000586_1,EQ00000586,Motor,Standby
CMP000000586_2,EQ00000586,Seal,Active
CMP000000587_1,EQ00000587,Valve,Active
CMP000000587_2,EQ00000587,Motor,Active
CMP000000587_3,EQ00000587,Gearbox,Standby
CMP000000587_4,EQ00000587,Coupling,Standby
CMP000000588_1,EQ00000588,Coupling,Standby
CMP000000588_2,EQ00000588,Coupling,Standby
CMP000000588_3,EQ00000588,Safety Interlock,Standby
CMP000000588_4,EQ00000588,Lubrication System,Active
CMP000000589_1,EQ00000589,Seal,Standby
CMP000000590_1,EQ00000590,Seal,Standby
CMP000000590_2,EQ00000590,Lubrication System,Standby
CMP000000590_3,EQ00000590,Bearing,Active
CMP000000590_4,EQ00000590,Pressure Element,Active
CMP000000591_1,EQ00000591,Coupling,Standby
CMP000000592_1,EQ00000592,Lubrication System,Standby
CMP000000593_1,EQ00000593,Control Panel,Standby
CMP000000593_2,EQ00000593,Seal,Standby
CMP000000593_3,EQ00000593,Safety Interlock,Active
CMP000000593_4,EQ00000593,Coupling,Standby
CMP000000594_1,EQ00000594,Safety Interlock,Active
CMP000000594_2,EQ00000594,Valve,Standby
CMP000000595_1,EQ00000595,Lubrication System,Active
CMP000000595_2,EQ00000595,Seal,Active
CMP000000595_3,EQ00000595,Gearbox,Active
CMP000000596_1,EQ00000596,Motor,Active
CMP000000597_1,EQ00000597,Control Panel,Active
CMP000000597_2,EQ00000597,Bearing,Standby
CMP000000597_3,EQ00000597,Seal,Standby
CMP000000597_4,EQ00000597,Seal,Active
CMP000000598_1,EQ00000598,Bearing,Active
CMP000000598_2,EQ00000598,Safety Interlock,Active
CMP000000598_3,EQ00000598,Gearbox,Standby
CMP000000598_4,EQ00000598,Pressure Element,Standby
CMP000000599_1,EQ00000599,Safety Interlock,Active
CMP000000599_2,EQ00000599,Motor,Active
CMP000000599_3,EQ00000599,Gearbox,Standby
CMP000000599_4,EQ00000599,Coupling,Standby
CMP000000600_1,EQ00000600,Coupling,Standby
CMP000000601_1,EQ00000601,Seal,Standby
CMP000000601_2,EQ00000601,Valve,Standby
CMP000000601_3,EQ00000601,Safety Interlock,Active
CMP000000602_1,EQ00000602,Pressure Element,Active
CMP000000603_1,EQ00000603,Gearbox,Standby
CMP000000603_2,EQ00000603,Bearing,Active
CMP000000603_3,EQ00000603,Gearbox,Standby
CMP000000603_4,EQ00000603,Seal,Active
CMP000000604_1,EQ00000604,Gearbox,Active
CMP000000604_2,EQ00000604,Safety Interlock,Standby
CMP000000604_3,EQ00000604,Valve,Standby
CMP000000605_1,EQ00000605,Motor,Active
CMP000000605_2,EQ00000605,Motor,Active
CMP000000606_1,EQ00000606,Motor,Active
CMP000000606_2,EQ00000606,Lubrication System,Active
CMP000000606_3,EQ00000606,Gearbox,Active
CMP000000606_4,EQ00000606,Seal,Active
CMP000000607_1,EQ00000607,Control Panel,Standby
CMP000000607_2,EQ00000607,Safety Interlock,Active
CMP000000608_1,EQ00000608,Seal,Standby
CMP000000608_2,EQ00000608,Coupling,Active
CMP000000608_3,EQ00000608,Bearing,Active
CMP000000608_4,EQ00000608,Lubrication System,Standby
CMP000000609_1,EQ00000609,Gearbox,Standby
CMP000000609_2,EQ00000609,Motor,Active
CMP000000610_1,EQ00000610,Lubrication System,Standby
CMP000000610_2,EQ00000610,Lubrication System,Active
CMP000000610_3,EQ00000610,Lubrication System,Active
CMP000000611_1,EQ00000611,Lubrication System,Active
CMP000000612_1,EQ00000612,Control Panel,Active
CMP000000612_2,EQ00000612,Motor,Standby
CMP000000613_1,EQ00000613,Bearing,Standby
CMP000000614_1,EQ00000614,Seal,Active
CMP000000614_2,EQ00000614,Safety Interlock,Standby
CMP000000614_3,EQ00000614,Valve,Active
CMP000000614_4,EQ00000614,Pressure Element,Standby
CMP000000615_1,EQ00000615,Motor,Standby
CMP000000615_2,EQ00000615,Motor,Active
CMP000000616_1,EQ00000616,Motor,Active
CMP000000616_2,EQ00000616,Lubrication System,Standby
CMP000000616_3,EQ00000616,Valve,Active
CMP000000616_4,EQ00000616,Bearing,Active
CMP000000617_1,EQ00000617,Control Panel,Standby
CMP000000617_2,EQ00000617,Valve,Active
CMP000000618_1,EQ00000618,Gearbox,Active
CMP000000618_2,EQ00000618,Control Panel,Standby
CMP000000618_3,EQ00000618,Bearing,Standby
CMP000000619_1,EQ00000619,Lubrication System,Standby
CMP000000620_1,EQ00000620,Control Panel,Active
CMP000000620_2,EQ00000620,Pressure Element,Standby
CMP000000620_3,EQ00000620,Coupling,Active
CMP000000620_4,EQ00000620,Bearing,Active
CMP000000621_1,EQ00000621,Motor,Standby
CMP000000621_2,EQ00000621,Safety Interlock,Standby
CMP000000621_3,EQ00000621,Motor,Active
CMP000000622_1,EQ00000622,Seal,Standby
CMP000000622_2,EQ00000622,Lubrication System,Active
CMP000000623_1,EQ00000623,Control Panel,Active
CMP000000623_2,EQ00000623,Seal,Standby
CMP000000624_1,EQ00000624,Bearing,Active
CMP000000624_2,EQ00000624,Control Panel,Active
CMP000000624_3,EQ00000624,Lubrication System,Standby
CMP000000625_1,EQ00000625,Control Panel,Active
CMP000000626_1,EQ00000626,Safety Interlock,Active
CMP000000626_2,EQ00000626,Safety Interlock,Active
CMP000000626_3,EQ00000626,Motor,Active
CMP000000626_4,EQ00000626,Control Panel,Standby
CMP000000627_1,EQ00000627,Valve,Active
CMP000000627_2,EQ00000627,Seal,Standby
CMP000000627_3,EQ00000627,Safety Interlock,Standby
CMP000000627_4,EQ00000627,Control Panel,Active
CMP000000628_1,EQ00000628,Safety Interlock,Standby
CMP000000628_2,EQ00000628,Motor,Active
CMP000000628_3,EQ00000628,Gearbox,Standby
CMP000000628_4,EQ00000628,Safety Interlock,Active
CMP000000629_1,EQ00000629,Bearing,Active
CMP000000629_2,EQ00000629,Bearing,Active
CMP000000629_3,EQ00000629,Valve,Standby
CMP000000629_4,EQ00000629,Bearing,Standby
CMP000000630_1,EQ00000630,Gearbox,Standby
CMP000000630_2,EQ00000630,Valve,Active
CMP000000630_3,EQ00000630,Motor,Standby
CMP000000630_4,EQ00000630,Bearing,Standby
CMP000000631_1,EQ00000631,Lubrication System,Standby
CMP000000632_1,EQ00000632,Coupling,Standby
CMP000000633_1,EQ00000633,Coupling,Standby
CMP000000633_2,EQ00000633,Seal,Active
CMP000000634_1,EQ00000634,Gearbox,Standby
CMP000000635_1,EQ00000635,Bearing,Active
CMP000000635_2,EQ00000635,Lubrication System,Standby
CMP000000636_1,EQ00000636,Control Panel,Active
CMP000000636_2,EQ00000636,Lubrication System,Standby
CMP000000636_3,EQ00000636,Bearing,Active
CMP000000636_4,EQ00000636,Bearing,Active
CMP000000637_1,EQ00000637,Control Panel,Active
CMP000000637_2,EQ00000637,Motor,Active
CMP000000637_3,EQ00000637,Gearbox,Active
CMP000000638_1,EQ00000638,Safety Interlock,Standby
CMP000000638_2,EQ00000638,Pressure Element,Standby
CMP000000639_1,EQ00000639,Bearing,Standby
CMP000000639_2,EQ00000639,Pressure Element,Active
CMP000000640_1,EQ00000640,Bearing,Standby
CMP000000640_2,EQ00000640,Gearbox,Active
CMP000000641_1,EQ00000641,Bearing,Standby
CMP000000641_2,EQ00000641,Valve,Standby
CMP000000642_1,EQ00000642,Motor,Standby
CMP000000642_2,EQ00000642,Lubrication System,Standby
CMP000000642_3,EQ00000642,Bearing,Standby
CMP000000642_4,EQ00000642,Bearing,Standby
CMP000000643_1,EQ00000643,Gearbox,Standby
CMP000000644_1,EQ00000644,Valve,Standby
CMP000000644_2,EQ00000644,Safety Interlock,Active
CMP000000644_3,EQ00000644,Pressure Element,Standby
CMP000000644_4,EQ00000644,Pressure Element,Active
CMP000000645_1,EQ00000645,Coupling,Standby
CMP000000645_2,EQ00000645,Valve,Standby
CMP000000646_1,EQ00000646,Bearing,Active
CMP000000646_2,EQ00000646,Pressure Element,Active
CMP000000646_3,EQ00000646,Coupling,Active
CMP000000647_1,EQ00000647,Coupling,Active
CMP000000648_1,EQ00000648,Bearing,Active
CMP000000648_2,EQ00000648,Lubrication System,Standby
CMP000000648_3,EQ00000648,Bearing,Active
CMP000000648_4,EQ00000648,Pressure Element,Active
CMP000000649_1,EQ00000649,Coupling,Standby
CMP000000650_1,EQ00000650,Motor,Standby
CMP000000650_2,EQ00000650,Pressure Element,Standby
CMP000000651_1,EQ00000651,Safety Interlock,Standby
CMP000000651_2,EQ00000651,Control Panel,Standby
CMP000000652_1,EQ00000652,Pressure Element,Standby
CMP000000652_2,EQ00000652,Control Panel,Standby
CMP000000652_3,EQ00000652,Pressure Element,Active
CMP000000653_1,EQ00000653,Seal,Standby
CMP000000654_1,EQ00000654,Gearbox,Active
CMP000000654_2,EQ00000654,Motor,Active
CMP000000654_3,EQ00000654,Valve,Standby
CMP000000655_1,EQ00000655,Bearing,Standby
CMP000000655_2,EQ00000655,Seal,Active
CMP000000656_1,EQ00000656,Lubrication System,Active
CMP000000656_2,EQ00000656,Safety Interlock,Standby
CMP000000656_3,EQ00000656,Control Panel,Active
CMP000000657_1,EQ00000657,Valve,Standby
CMP000000657_2,EQ00000657,Control Panel,Standby
CMP000000657_3,EQ00000657,Safety Interlock,Standby
CMP000000657_4,EQ00000657,Seal,Standby
CMP000000658_1,EQ00000658,Pressure Element,Standby
CMP000000658_2,EQ00000658,Valve,Active
CMP000000658_3,EQ00000658,Seal,Standby
CMP000000658_4,EQ00000658,Coupling,Active
CMP000000659_1,EQ00000659,Coupling,Active
CMP000000659_2,EQ00000659,Control Panel,Active
CMP000000660_1,EQ00000660,Gearbox,Standby
CMP000000660_2,EQ00000660,Coupling,Active
CMP000000660_3,EQ00000660,Lubrication System,Active
CMP000000660_4,EQ00000660,Control Panel,Active
CMP000000661_1,EQ00000661,Lubrication System,Active
CMP000000662_1,EQ00000662,Bearing,Active
CMP000000662_2,EQ00000662,Gearbox,Active
CMP000000662_3,EQ00000662,Pressure Element,Standby
CMP000000662_4,EQ00000662,Gearbox,Standby
CMP000000663_1,EQ00000663,Valve,Standby
CMP000000664_1,EQ00000664,Lubrication System,Active
CMP000000664_2,EQ00000664,Motor,Active
CMP000000664_3,EQ00000664,Valve,Standby
CMP000000664_4,EQ00000664,Gearbox,Standby
CMP000000665_1,EQ00000665,Coupling,Active
CMP000000665_2,EQ00000665,Lubrication System,Standby
CMP000000665_3,EQ00000665,Lubrication System,Active
CMP000000665_4,EQ00000665,Bearing,Active
CMP000000666_1,EQ00000666,Safety Interlock,Active
CMP000000666_2,EQ00000666,Pressure Element,Active
CMP000000666_3,EQ00000666,Control Panel,Active
CMP000000667_1,EQ00000667,Valve,Active
CMP000000667_2,EQ00000667,Coupling,Active
CMP000000667_3,EQ00000667,Motor,Standby
CMP000000667_4,EQ00000667,Gearbox,Active
CMP000000668_1,EQ00000668,Lubrication System,Active
CMP000000668_2,EQ00000668,Pressure Element,Standby
CMP000000668_3,EQ00000668,Gearbox,Active
CMP000000668_4,EQ00000668,Seal,Standby
CMP000000669_1,EQ00000669,Lubrication System,Standby
CMP000000670_1,EQ00000670,Valve,Standby
CMP000000670_2,EQ00000670,Control Panel,Active
CMP000000670_3,EQ00000670,Motor,Active
CMP000000671_1,EQ00000671,Coupling,Active
CMP000000671_2,EQ00000671,Motor,Active
CMP000000671_3,EQ00000671,Valve,Active
CMP000000672_1,EQ00000672,Lubrication System,Standby
CMP000000673_1,EQ00000673,Bearing,Active
CMP000000673_2,EQ00000673,Motor,Active
CMP000000673_3,EQ00000673,Bearing,Active
CMP000000673_4,EQ00000673,Lubrication System,Standby
CMP000000674_1,EQ00000674,Motor,Active
CMP000000674_2,EQ00000674,Motor,Standby
CMP000000675_1,EQ00000675,Lubrication System,Standby
CMP000000675_2,EQ00000675,Seal,Active
CMP000000676_1,EQ00000676,Control Panel,Standby
CMP000000676_2,EQ00000676,Coupling,Standby
CMP000000676_3,EQ00000676,Safety Interlock,Standby
CMP000000676_4,EQ00000676,Motor,Standby
CMP000000677_1,EQ00000677,Gearbox,Active
CMP000000677_2,EQ00000677,Coupling,Standby
CMP000000677_3,EQ00000677,Safety Interlock,Standby
CMP000000677_4,EQ00000677,Motor,Standby
CMP000000678_1,EQ00000678,Valve,Active
CMP000000678_2,EQ00000678,Valve,Standby
CMP000000678_3,EQ00000678,Lubrication System,Standby
CMP000000679_1,EQ00000679,Bearing,Active
CMP000000679_2,EQ00000679,Valve,Standby
CMP000000680_1,EQ00000680,Gearbox,Standby
CMP000000680_2,EQ00000680,Coupling,Active
CMP000000680_3,EQ00000680,Safety Interlock,Active
CMP000000681_1,EQ00000681,Coupling,Standby
CMP000000681_2,EQ00000681,Coupling,Active
CMP000000682_1,EQ00000682,Seal,Active
CMP000000682_2,EQ00000682,Seal,Standby
CMP000000682_3,EQ00000682,Control Panel,Active
CMP000000683_1,EQ00000683,Seal,Active
CMP000000684_1,EQ00000684,Bearing,Active
CMP000000684_2,EQ00000684,Gearbox,Standby
CMP000000684_3,EQ00000684,Seal,Active
CMP000000684_4,EQ00000684,Control Panel,Active
CMP000000685_1,EQ00000685,Pressure Element,Standby
CMP000000685_2,EQ00000685,Lubrication System,Standby
CMP000000686_1,EQ00000686,Pressure Element,Standby
CMP000000687_1,EQ00000687,Seal,Standby
CMP000000687_2,EQ00000687,Pressure Element,Standby
CMP000000687_3,EQ00000687,Gearbox,Standby
CMP000000688_1,EQ00000688,Bearing,Standby
CMP000000688_2,EQ00000688,Lubrication System,Standby
CMP000000689_1,EQ00000689,Motor,Active
CMP000000689_2,EQ00000689,Motor,Active
CMP000000690_1,EQ00000690,Control Panel,Active
CMP000000690_2,EQ00000690,Motor,Active
CMP000000690_3,EQ00000690,Bearing,Standby
CMP000000691_1,EQ00000691,Valve,Standby
CMP000000692_1,EQ00000692,Valve,Active
CMP000000692_2,EQ00000692,Pressure Element,Active
CMP000000692_3,EQ00000692,Gearbox,Standby
CMP000000692_4,EQ00000692,Lubrication System,Standby
CMP000000693_1,EQ00000693,Motor,Standby
CMP000000693_2,EQ00000693,Pressure Element,Active
CMP000000693_3,EQ00000693,Coupling,Standby
CMP000000694_1,EQ00000694,Coupling,Active
CMP000000694_2,EQ00000694,Valve,Active
CMP000000695_1,EQ00000695,Motor,Standby
CMP000000695_2,EQ00000695,Safety Interlock,Standby
CMP000000696_1,EQ00000696,Valve,Active
CMP000000697_1,EQ00000697,Motor,Active
CMP000000697_2,EQ00000697,Pressure Element,Active
CMP000000698_1,EQ00000698,Control Panel,Active
CMP000000698_2,EQ00000698,Lubrication System,Standby
CMP000000698_3,EQ00000698,Gearbox,Standby
CMP000000699_1,EQ00000699,Gearbox,Active
CMP000000699_2,EQ00000699,Safety Interlock,Active
CMP000000699_3,EQ00000699,Seal,Standby
CMP000000700_1,EQ00000700,Pressure Element,Active
CMP000000700_2,EQ00000700,Gearbox,Active
CMP000000700_3,EQ00000700,Motor,Active
CMP000000700_4,EQ00000700,Coupling,Standby
CMP000000701_1,EQ00000701,Safety Interlock,Active
CMP000000701_2,EQ00000701,Motor,Standby
CMP000000701_3,EQ00000701,Lubrication System,Standby
CMP000000701_4,EQ00000701,Seal,Standby
CMP000000702_1,EQ00000702,Motor,Standby
CMP000000703_1,EQ00000703,Seal,Active
CMP000000703_2,EQ00000703,Bearing,Standby
CMP000000703_3,EQ00000703,Motor,Standby
CMP000000704_1,EQ00000704,Control Panel,Standby
CMP000000704_2,EQ00000704,Motor,Standby
CMP000000704_3,EQ00000704,Seal,Standby
CMP000000705_1,EQ00000705,Coupling,Standby
CMP000000705_2,EQ00000705,Coupling,Active
CMP000000705_3,EQ00000705,Lubrication System,Standby
CMP000000705_4,EQ00000705,Coupling,Active
CMP000000706_1,EQ00000706,Bearing,Standby
CMP000000706_2,EQ00000706,Valve,Standby
CMP000000706_3,EQ00000706,Pressure Element,Active
CMP000000706_4,EQ00000706,Bearing,Standby
CMP000000707_1,EQ00000707,Lubrication System,Active
CMP000000708_1,EQ00000708,Bearing,Active
CMP000000708_2,EQ00000708,Seal,Standby
CMP000000709_1,EQ00000709,Lubrication System,Standby
CMP000000709_2,EQ00000709,Pressure Element,Standby
CMP000000709_3,EQ00000709,Seal,Active
CMP000000710_1,EQ00000710,Motor,Standby
CMP000000710_2,EQ00000710,Pressure Element,Active
CMP000000710_3,EQ00000710,Seal,Standby
CMP000000711_1,EQ00000711,Gearbox,Active
CMP000000712_1,EQ00000712,Lubrication System,Standby
CMP000000712_2,EQ00000712,Coupling,Active
CMP000000712_3,EQ00000712,Safety Interlock,Active
CMP000000712_4,EQ00000712,Bearing,Standby
CMP000000713_1,EQ00000713,Gearbox,Standby
CMP000000713_2,EQ00000713,Gearbox,Standby
CMP000000713_3,EQ00000713,Pressure Element,Standby
CMP000000713_4,EQ00000713,Pressure Element,Standby
CMP000000714_1,EQ00000714,Safety Interlock,Active
CMP000000715_1,EQ00000715,Safety Interlock,Standby
CMP000000715_2,EQ00000715,Lubrication System,Active
CMP000000715_3,EQ00000715,Coupling,Standby
CMP000000716_1,EQ00000716,Seal,Standby
CMP000000716_2,EQ00000716,Motor,Standby
CMP000000717_1,EQ00000717,Seal,Active
CMP000000717_2,EQ00000717,Lubrication System,Standby
CMP000000717_3,EQ00000717,Valve,Active
CMP000000718_1,EQ00000718,Lubrication System,Active
CMP000000719_1,EQ00000719,Coupling,Standby
CMP000000720_1,EQ00000720,Lubrication System,Active
CMP000000720_2,EQ00000720,Coupling,Active
CMP000000720_3,EQ00000720,Safety Interlock,Standby
CMP000000721_1,EQ00000721,Pressure Element,Active
CMP000000721_2,EQ00000721,Pressure Element,Standby
CMP000000722_1,EQ00000722,Motor,Standby
CMP000000723_1,EQ00000723,Safety Interlock,Active
CMP000000723_2,EQ00000723,Motor,Standby
CMP000000724_1,EQ00000724,Bearing,Active
CMP000000724_2,EQ00000724,Safety Interlock,Active
CMP000000725_1,EQ00000725,Seal,Active
CMP000000725_2,EQ00000725,Pressure Element,Active
CMP000000726_1,EQ00000726,Pressure Element,Standby
CMP000000727_1,EQ00000727,Coupling,Active
CMP000000727_2,EQ00000727,Bearing,Standby
CMP000000727_3,EQ00000727,Control Panel,Standby
CMP000000728_1,EQ00000728,Control Panel,Active
CMP000000729_1,EQ00000729,Bearing,Active
CMP000000729_2,EQ00000729,Bearing,Standby
CMP000000729_3,EQ00000729,Gearbox,Active
CMP000000730_1,EQ00000730,Control Panel,Standby
CMP000000730_2,EQ00000730,Motor,Standby
CMP000000731_1,EQ00000731,Seal,Active
CMP000000731_2,EQ00000731,Control Panel,Standby
CMP000000731_3,EQ00000731,Gearbox,Standby
CMP000000732_1,EQ00000732,Lubrication System,Standby
CMP000000733_1,EQ00000733,Seal,Active
CMP000000733_2,EQ00000733,Coupling,Standby
CMP000000734_1,EQ00000734,Motor,Standby
CMP000000734_2,EQ00000734,Gearbox,Standby
CMP000000734_3,EQ00000734,Control Panel,Standby
CMP000000735_1,EQ00000735,Safety Interlock,Active
CMP000000735_2,EQ00000735,Control Panel,Active
CMP000000736_1,EQ00000736,Control Panel,Standby
CMP000000736_2,EQ00000736,Control Panel,Active
CMP000000737_1,EQ00000737,Lubrication System,Active
CMP000000737_2,EQ00000737,Coupling,Standby
CMP000000737_3,EQ00000737,Gearbox,Active
CMP000000737_4,EQ00000737,Motor,Standby
CMP000000738_1,EQ00000738,Control Panel,Active
CMP000000738_2,EQ00000738,Seal,Active
CMP000000739_1,EQ00000739,Lubrication System,Active
CMP000000739_2,EQ00000739,Pressure Element,Active
CMP000000739_3,EQ00000739,Pressure Element,Active
CMP000000739_4,EQ00000739,Coupling,Active
CMP000000740_1,EQ00000740,Coupling,Standby
CMP000000740_2,EQ00000740,Bearing,Standby
CMP000000741_1,EQ00000741,Pressure Element,Active
CMP000000741_2,EQ00000741,Motor,Standby
CMP000000741_3,EQ00000741,Pressure Element,Standby
CMP000000742_1,EQ00000742,Valve,Active
CMP000000743_1,EQ00000743,Seal,Standby
CMP000000743_2,EQ00000743,Safety Interlock,Active
CMP000000744_1,EQ00000744,Lubrication System,Active
CMP000000745_1,EQ00000745,Bearing,Standby
CMP000000746_1,EQ00000746,Bearing,Active
CMP000000746_2,EQ00000746,Coupling,Active
CMP000000747_1,EQ00000747,Motor,Standby
CMP000000747_2,EQ00000747,Valve,Standby
CMP000000747_3,EQ00000747,Lubrication System,Standby
CMP000000747_4,EQ00000747,Lubrication System,Active
CMP000000748_1,EQ00000748,Pressure Element,Active
CMP000000748_2,EQ00000748,Seal,Active
CMP000000748_3,EQ00000748,Coupling,Standby
CMP000000748_4,EQ00000748,Bearing,Active
CMP000000749_1,EQ00000749,Motor,Standby
CMP000000749_2,EQ00000749,Bearing,Active
CMP000000749_3,EQ00000749,Seal,Standby
CMP000000749_4,EQ00000749,Control Panel,Active
CMP000000750_1,EQ00000750,Motor,Active
CMP000000750_2,EQ00000750,Pressure Element,Standby
CMP000000751_1,EQ00000751,Safety Interlock,Standby
CMP000000752_1,EQ00000752,Gearbox,Standby
CMP000000752_2,EQ00000752,Motor,Active
CMP000000752_3,EQ00000752,Bearing,Active
CMP000000752_4,EQ00000752,Coupling,Standby
CMP000000753_1,EQ00000753,Valve,Standby
CMP000000753_2,EQ00000753,Coupling,Active
CMP000000754_1,EQ00000754,Safety Interlock,Standby
CMP000000754_2,EQ00000754,Control Panel,Active
CMP000000754_3,EQ00000754,Coupling,Standby
CMP000000755_1,EQ00000755,Seal,Standby
CMP000000755_2,EQ00000755,Bearing,Standby
CMP000000755_3,EQ00000755,Safety Interlock,Active
CMP000000755_4,EQ00000755,Seal,Standby
CMP000000756_1,EQ00000756,Bearing,Standby
CMP000000756_2,EQ00000756,Gearbox,Active
CMP000000756_3,EQ00000756,Gearbox,Standby
CMP000000757_1,EQ00000757,Pressure Element,Standby
CMP000000757_2,EQ00000757,Lubrication System,Active
CMP000000758_1,EQ00000758,Control Panel,Standby
CMP000000758_2,EQ00000758,Gearbox,Standby
CMP000000759_1,EQ00000759,Control Panel,Active
CMP000000760_1,EQ00000760,Valve,Active
CMP000000760_2,EQ00000760,Valve,Standby
CMP000000760_3,EQ00000760,Motor,Standby
CMP000000761_1,EQ00000761,Bearing,Standby
CMP000000761_2,EQ00000761,Gearbox,Standby
CMP000000761_3,EQ00000761,Gearbox,Active
CMP000000762_1,EQ00000762,Pressure Element,Active
CMP000000762_2,EQ00000762,Seal,Standby
CMP000000762_3,EQ00000762,Gearbox,Active
CMP000000763_1,EQ00000763,Gearbox,Active
CMP000000764_1,EQ00000764,Bearing,Standby
CMP000000764_2,EQ00000764,Seal,Active
CMP000000764_3,EQ00000764,Seal,Standby
CMP000000765_1,EQ00000765,Pressure Element,Standby
CMP000000765_2,EQ00000765,Control Panel,Standby
CMP000000765_3,EQ00000765,Valve,Active
CMP000000765_4,EQ00000765,Coupling,Active
CMP000000766_1,EQ00000766,Gearbox,Standby
CMP000000766_2,EQ00000766,Lubrication System,Active
CMP000000766_3,EQ00000766,Pressure Element,Standby
CMP000000766_4,EQ00000766,Gearbox,Active
CMP000000767_1,EQ00000767,Motor,Active
CMP000000768_1,EQ00000768,Gearbox,Standby
CMP000000768_2,EQ00000768,Gearbox,Standby
CMP000000768_3,EQ00000768,Control Panel,Standby
CMP000000768_4,EQ00000768,Pressure Element,Active
CMP000000769_1,EQ00000769,Valve,Active
CMP000000769_2,EQ00000769,Seal,Standby
CMP000000770_1,EQ00000770,Bearing,Active
CMP000000770_2,EQ00000770,Motor,Active
CMP000000770_3,EQ00000770,Bearing,Active
CMP000000770_4,EQ00000770,Control Panel,Standby
CMP000000771_1,EQ00000771,Pressure Element,Standby
CMP000000772_1,EQ00000772,Lubrication System,Standby
CMP000000772_2,EQ00000772,Lubrication System,Standby
CMP000000773_1,EQ00000773,Lubrication System,Standby
CMP000000773_2,EQ00000773,Coupling,Active
CMP000000773_3,EQ00000773,Safety Interlock,Standby
CMP000000774_1,EQ00000774,Lubrication System,Standby
CMP000000774_2,EQ00000774,Gearbox,Standby
CMP000000774_3,EQ00000774,Motor,Active
CMP000000774_4,EQ00000774,Gearbox,Active
CMP000000775_1,EQ00000775,Seal,Standby
CMP000000775_2,EQ00000775,Gearbox,Standby
CMP000000776_1,EQ00000776,Pressure Element,Standby
CMP000000776_2,EQ00000776,Seal,Standby
CMP000000776_3,EQ00000776,Control Panel,Standby
CMP000000777_1,EQ00000777,Valve,Active
CMP000000777_2,EQ00000777,Control Panel,Standby
CMP000000778_1,EQ00000778,Control Panel,Active
CMP000000778_2,EQ00000778,Gearbox,Standby
CMP000000778_3,EQ00000778,Valve,Standby
CMP000000778_4,EQ00000778,Pressure Element,Active
CMP000000779_1,EQ00000779,Gearbox,Standby
CMP000000780_1,EQ00000780,Seal,Active
CMP000000780_2,EQ00000780,Safety Interlock,Active
CMP000000780_3,EQ00000780,Control Panel,Standby
CMP000000781_1,EQ00000781,Pressure Element,Standby
CMP000000781_2,EQ00000781,Pressure Element,Standby
CMP000000781_3,EQ00000781,Safety Interlock,Active
CMP000000781_4,EQ00000781,Control Panel,Active
CMP000000782_1,EQ00000782,Control Panel,Active
CMP000000782_2,EQ00000782,Bearing,Active
CMP000000782_3,EQ00000782,Seal,Active
CMP000000782_4,EQ00000782,Gearbox,Standby
CMP000000783_1,EQ00000783,Lubrication System,Standby
CMP000000783_2,EQ00000783,Gearbox,Standby
CMP000000784_1,EQ00000784,Safety Interlock,Standby
CMP000000784_2,EQ00000784,Coupling,Standby
CMP000000784_3,EQ00000784,Seal,Standby
CMP000000784_4,EQ00000784,Gearbox,Standby
CMP000000785_1,EQ00000785,Control Panel,Standby
CMP000000786_1,EQ00000786,Lubrication System,Active
CMP000000786_2,EQ00000786,Valve,Active
CMP000000787_1,EQ00000787,Coupling,Standby
CMP000000787_2,EQ00000787,Pressure Element,Standby
CMP000000787_3,EQ00000787,Lubrication System,Active
CMP000000787_4,EQ00000787,Pressure Element,Active
CMP000000788_1,EQ00000788,Gearbox,Active
CMP000000788_2,EQ00000788,Pressure Element,Active
CMP000000789_1,EQ00000789,Pressure Element,Standby
CMP000000789_2,EQ00000789,Coupling,Active
CMP000000790_1,EQ00000790,Bearing,Active
CMP000000790_2,EQ00000790,Bearing,Standby
CMP000000790_3,EQ00000790,Pressure Element,Standby
CMP000000790_4,EQ00000790,Control Panel,Standby
CMP000000791_1,EQ00000791,Bearing,Active
CMP000000791_2,EQ00000791,Motor,Standby
CMP000000792_1,EQ00000792,Bearing,Active
CMP000000792_2,EQ00000792,Valve,Active
CMP000000792_3,EQ00000792,Gearbox,Active
CMP000000792_4,EQ00000792,Safety Interlock,Standby
CMP000000793_1,EQ00000793,Valve,Active
CMP000000793_2,EQ00000793,Motor,Active
CMP000000793_3,EQ00000793,Coupling,Standby
CMP000000794_1,EQ00000794,Safety Interlock,Active
CMP000000794_2,EQ00000794,Coupling,Standby
CMP000000794_3,EQ00000794,Safety Interlock,Standby
CMP000000794_4,EQ00000794,Seal,Standby
CMP000000795_1,EQ00000795,Coupling,Active
CMP000000795_2,EQ00000795,Control Panel,Standby
CMP000000795_3,EQ00000795,Lubrication System,Standby
CMP000000796_1,EQ00000796,Seal,Active
CMP000000796_2,EQ00000796,Valve,Standby
CMP000000796_3,EQ00000796,Lubrication System,Active
CMP000000797_1,EQ00000797,Valve,Standby
CMP000000797_2,EQ00000797,Pressure Element,Standby
CMP000000797_3,EQ00000797,Control Panel,Active
CMP000000798_1,EQ00000798,Seal,Active
CMP000000798_2,EQ00000798,Lubrication System,Active
CMP000000798_3,EQ00000798,Pressure Element,Standby
CMP000000798_4,EQ00000798,Bearing,Standby
CMP000000799_1,EQ00000799,Motor,Active
CMP000000799_2,EQ00000799,Coupling,Active
CMP000000800_1,EQ00000800,Safety Interlock,Standby
CMP000000800_2,EQ00000800,Seal,Active
CMP000000801_1,EQ00000801,Lubrication System,Standby
CMP000000801_2,EQ00000801,Bearing,Active
CMP000000801_3,EQ00000801,Bearing,Active
CMP000000801_4,EQ00000801,Safety Interlock,Active
CMP000000802_1,EQ00000802,Control Panel,Standby
CMP000000803_1,EQ00000803,Seal,Standby
CMP000000804_1,EQ00000804,Motor,Active
CMP000000804_2,EQ00000804,Coupling,Standby
CMP000000804_3,EQ00000804,Bearing,Standby
CMP000000805_1,EQ00000805,Lubrication System,Active
CMP000000805_2,EQ00000805,Safety Interlock,Standby
CMP000000805_3,EQ00000805,Bearing,Active
CMP000000806_1,EQ00000806,Lubrication System,Active
CMP000000806_2,EQ00000806,Safety Interlock,Active
CMP000000806_3,EQ00000806,Gearbox,Standby
CMP000000807_1,EQ00000807,Motor,Standby
CMP000000807_2,EQ00000807,Safety Interlock,Active
CMP000000807_3,EQ00000807,Lubrication System,Active
CMP000000807_4,EQ00000807,Seal,Active
CMP000000808_1,EQ00000808,Motor,Active
CMP000000809_1,EQ00000809,Bearing,Active
CMP000000809_2,EQ00000809,Valve,Active
CMP000000810_1,EQ00000810,Control Panel,Standby
CMP000000810_2,EQ00000810,Motor,Active
CMP000000810_3,EQ00000810,Safety Interlock,Active
CMP000000811_1,EQ00000811,Safety Interlock,Active
CMP000000812_1,EQ00000812,Safety Interlock,Standby
CMP000000812_2,EQ00000812,Safety Interlock,Active
CMP000000813_1,EQ00000813,Bearing,Standby
CMP000000813_2,EQ00000813,Coupling,Standby
CMP000000813_3,EQ00000813,Motor,Active
CMP000000814_1,EQ00000814,Motor,Standby
CMP000000814_2,EQ00000814,Gearbox,Standby
CMP000000815_1,EQ00000815,Seal,Standby
CMP000000815_2,EQ00000815,Seal,Standby
CMP000000815_3,EQ00000815,Control Panel,Standby
CMP000000816_1,EQ00000816,Seal,Standby
CMP000000816_2,EQ00000816,Coupling,Active
CMP000000816_3,EQ00000816,Pressure Element,Active
CMP000000816_4,EQ00000816,Lubrication System,Active
CMP000000817_1,EQ00000817,Pressure Element,Active
CMP000000817_2,EQ00000817,Gearbox,Active
CMP000000817_3,EQ00000817,Safety Interlock,Standby
CMP000000818_1,EQ00000818,Bearing,Active
CMP000000818_2,EQ00000818,Bearing,Standby
CMP000000819_1,EQ00000819,Valve,Standby
CMP000000819_2,EQ00000819,Pressure Element,Active
CMP000000819_3,EQ00000819,Gearbox,Standby
CMP000000819_4,EQ00000819,Pressure Element,Active
CMP000000820_1,EQ00000820,Motor,Active
CMP000000820_2,EQ00000820,Seal,Active
CMP000000820_3,EQ00000820,Valve,Active
CMP000000820_4,EQ00000820,Motor,Standby
CMP000000821_1,EQ00000821,Coupling,Standby
CMP000000822_1,EQ00000822,Lubrication System,Standby
CMP000000823_1,EQ00000823,Lubrication System,Active
CMP000000824_1,EQ00000824,Valve,Standby
CMP000000824_2,EQ00000824,Motor,Active
CMP000000824_3,EQ00000824,Motor,Active
CMP000000825_1,EQ00000825,Valve,Standby
CMP000000826_1,EQ00000826,Bearing,Standby
CMP000000826_2,EQ00000826,Seal,Active
CMP000000826_3,EQ00000826,Motor,Standby
CMP000000827_1,EQ00000827,Valve,Standby
CMP000000828_1,EQ00000828,Safety Interlock,Active
CMP000000828_2,EQ00000828,Coupling,Standby
CMP000000829_1,EQ00000829,Valve,Standby
CMP000000830_1,EQ00000830,Gearbox,Standby
CMP000000830_2,EQ00000830,Safety Interlock,Active
CMP000000830_3,EQ00000830,Coupling,Active
CMP000000830_4,EQ00000830,Control Panel,Active
CMP000000831_1,EQ00000831,Gearbox,Standby
CMP000000831_2,EQ00000831,Motor,Active
CMP000000831_3,EQ00000831,Safety Interlock,Active
CMP000000831_4,EQ00000831,Control Panel,Active
CMP000000832_1,EQ00000832,Gearbox,Active
CMP000000832_2,EQ00000832,Safety Interlock,Active
CMP000000832_3,EQ00000832,Control Panel,Standby
CMP000000832_4,EQ00000832,Lubrication System,Standby
CMP000000833_1,EQ00000833,Gearbox,Active
CMP000000833_2,EQ00000833,Pressure Element,Active
CMP000000834_1,EQ00000834,Safety Interlock,Active
CMP000000835_1,EQ00000835,Motor,Active
CMP000000835_2,EQ00000835,Coupling,Active
CMP000000835_3,EQ00000835,Bearing,Standby
CMP000000835_4,EQ00000835,Valve,Active
CMP000000836_1,EQ00000836,Coupling,Standby
CMP000000836_2,EQ00000836,Valve,Active
CMP000000837_1,EQ00000837,Control Panel,Standby
CMP000000837_2,EQ00000837,Safety Interlock,Standby
CMP000000838_1,EQ00000838,Seal,Standby
CMP000000838_2,EQ00000838,Gearbox,Standby
CMP000000838_3,EQ00000838,Safety Interlock,Active
CMP000000838_4,EQ00000838,Pressure Element,Active
CMP000000839_1,EQ00000839,Control Panel,Active
CMP000000839_2,EQ00000839,Safety Interlock,Standby
CMP000000840_1,EQ00000840,Seal,Active
CMP000000841_1,EQ00000841,Lubrication System,Active
CMP000000841_2,EQ00000841,Seal,Active
CMP000000841_3,EQ00000841,Control Panel,Active
CMP000000841_4,EQ00000841,Pressure Element,Standby
CMP000000842_1,EQ00000842,Seal,Active
CMP000000842_2,EQ00000842,Safety Interlock,Standby
CMP000000842_3,EQ00000842,Gearbox,Standby
CMP000000843_1,EQ00000843,Valve,Active
CMP000000843_2,EQ00000843,Control Panel,Standby
CMP000000844_1,EQ00000844,Pressure Element,Standby
CMP000000845_1,EQ00000845,Seal,Active
CMP000000845_2,EQ00000845,Seal,Standby
CMP000000845_3,EQ00000845,Motor,Standby
CMP000000845_4,EQ00000845,Gearbox,Active
CMP000000846_1,EQ00000846,Control Panel,Active
CMP000000846_2,EQ00000846,Pressure Element,Active
CMP000000846_3,EQ00000846,Coupling,Active
CMP000000846_4,EQ00000846,Control Panel,Standby
CMP000000847_1,EQ00000847,Control Panel,Active
CMP000000847_2,EQ00000847,Bearing,Standby
CMP000000848_1,EQ00000848,Lubrication System,Standby
CMP000000848_2,EQ00000848,Bearing,Active
CMP000000848_3,EQ00000848,Lubrication System,Active
CMP000000848_4,EQ00000848,Valve,Standby
CMP000000849_1,EQ00000849,Coupling,Active
CMP000000850_1,EQ00000850,Control Panel,Standby
CMP000000850_2,EQ00000850,Valve,Standby
CMP000000850_3,EQ00000850,Seal,Active
CMP000000851_1,EQ00000851,Gearbox,Standby
CMP000000851_2,EQ00000851,Control Panel,Active
CMP000000851_3,EQ00000851,Control Panel,Standby
CMP000000851_4,EQ00000851,Pressure Element,Active
CMP000000852_1,EQ00000852,Pressure Element,Active
CMP000000852_2,EQ00000852,Motor,Active
CMP000000853_1,EQ00000853,Motor,Active
CMP000000853_2,EQ00000853,Valve,Standby
CMP000000854_1,EQ00000854,Control Panel,Active
CMP000000854_2,EQ00000854,Pressure Element,Standby
CMP000000855_1,EQ00000855,Motor,Standby
CMP000000855_2,EQ00000855,Pressure Element,Active
CMP000000856_1,EQ00000856,Bearing,Active
CMP000000857_1,EQ00000857,Lubrication System,Active
CMP000000858_1,EQ00000858,Pressure Element,Standby
CMP000000858_2,EQ00000858,Lubrication System,Standby
CMP000000858_3,EQ00000858,Motor,Standby
CMP000000858_4,EQ00000858,Control Panel,Standby
CMP000000859_1,EQ00000859,Seal,Active
CMP000000859_2,EQ00000859,Safety Interlock,Standby
CMP000000859_3,EQ00000859,Motor,Standby
CMP000000859_4,EQ00000859,Motor,Standby
CMP000000860_1,EQ00000860,Coupling,Active
CMP000000861_1,EQ00000861,Safety Interlock,Standby
CMP000000862_1,EQ00000862,Bearing,Standby
CMP000000863_1,EQ00000863,Gearbox,Standby
CMP000000863_2,EQ00000863,Valve,Standby
CMP000000863_3,EQ00000863,Gearbox,Active
CMP000000863_4,EQ00000863,Safety Interlock,Standby
CMP000000864_1,EQ00000864,Pressure Element,Standby
CMP000000864_2,EQ00000864,Pressure Element,Active
CMP000000864_3,EQ00000864,Pressure Element,Active
CMP000000864_4,EQ00000864,Lubrication System,Standby
CMP000000865_1,EQ00000865,Safety Interlock,Standby
CMP000000866_1,EQ00000866,Motor,Active
CMP000000866_2,EQ00000866,Coupling,Standby
CMP000000867_1,EQ00000867,Safety Interlock,Active
CMP000000868_1,EQ00000868,Valve,Standby
CMP000000869_1,EQ00000869,Motor,Standby
CMP000000869_2,EQ00000869,Gearbox,Active
CMP000000869_3,EQ00000869,Safety Interlock,Active
CMP000000869_4,EQ00000869,Valve,Standby
CMP000000870_1,EQ00000870,Gearbox,Standby
CMP000000870_2,EQ00000870,Lubrication System,Active
CMP000000870_3,EQ00000870,Gearbox,Active
CMP000000870_4,EQ00000870,Seal,Standby
CMP000000871_1,EQ00000871,Control Panel,Active
CMP000000872_1,EQ00000872,Pressure Element,Active
CMP000000872_2,EQ00000872,Gearbox,Standby
CMP000000872_3,EQ00000872,Pressure Element,Standby
CMP000000872_4,EQ00000872,Motor,Active
CMP000000873_1,EQ00000873,Lubrication System,Standby
CMP000000873_2,EQ00000873,Motor,Standby
CMP000000873_3,EQ00000873,Lubrication System,Standby
CMP000000873_4,EQ00000873,Motor,Standby
CMP000000874_1,EQ00000874,Gearbox,Standby
CMP000000874_2,EQ00000874,Motor,Active
CMP000000875_1,EQ00000875,Control Panel,Active
CMP000000875_2,EQ00000875,Valve,Active
CMP000000875_3,EQ00000875,Seal,Standby
CMP000000875_4,EQ00000875,Control Panel,Active
CMP000000876_1,EQ00000876,Control Panel,Active
CMP000000876_2,EQ00000876,Bearing,Standby
CMP000000876_3,EQ00000876,Motor,Active
CMP000000876_4,EQ00000876,Safety Interlock,Standby
CMP000000877_1,EQ00000877,Gearbox,Active
CMP000000878_1,EQ00000878,Gearbox,Standby
CMP000000878_2,EQ00000878,Gearbox,Standby
CMP000000878_3,EQ00000878,Safety Interlock,Standby
CMP000000879_1,EQ00000879,Seal,Active
CMP000000879_2,EQ00000879,Safety Interlock,Active
CMP000000879_3,EQ00000879,Seal,Standby
CMP000000880_1,EQ00000880,Safety Interlock,Active
CMP000000880_2,EQ00000880,Pressure Element,Active
CMP000000881_1,EQ00000881,Seal,Active
CMP000000882_1,EQ00000882,Motor,Active
CMP000000883_1,EQ00000883,Valve,Active
CMP000000884_1,EQ00000884,Motor,Standby
CMP000000884_2,EQ00000884,Control Panel,Active
CMP000000884_3,EQ00000884,Coupling,Active
CMP000000885_1,EQ00000885,Pressure Element,Standby
CMP000000885_2,EQ00000885,Pressure Element,Active
CMP000000885_3,EQ00000885,Motor,Active
CMP000000886_1,EQ00000886,Valve,Active
CMP000000886_2,EQ00000886,Safety Interlock,Active
CMP000000886_3,EQ00000886,Coupling,Standby
CMP000000887_1,EQ00000887,Control Panel,Active
CMP000000887_2,EQ00000887,Lubrication System,Standby
CMP000000887_3,EQ00000887,Coupling,Standby
CMP000000887_4,EQ00000887,Safety Interlock,Active
CMP000000888_1,EQ00000888,Seal,Standby
CMP000000889_1,EQ00000889,Pressure Element,Active
CMP000000889_2,EQ00000889,Gearbox,Standby
CMP000000890_1,EQ00000890,Bearing,Active
CMP000000891_1,EQ00000891,Bearing,Active
CMP000000891_2,EQ00000891,Seal,Active
CMP000000891_3,EQ00000891,Pressure Element,Standby
CMP000000892_1,EQ00000892,Valve,Standby
CMP000000892_2,EQ00000892,Safety Interlock,Standby
CMP000000892_3,EQ00000892,Pressure Element,Standby
CMP000000893_1,EQ00000893,Safety Interlock,Active
CMP000000893_2,EQ00000893,Coupling,Standby
CMP000000893_3,EQ00000893,Seal,Standby
CMP000000894_1,EQ00000894,Bearing,Standby
CMP000000894_2,EQ00000894,Safety Interlock,Standby
CMP000000895_1,EQ00000895,Valve,Standby
CMP000000895_2,EQ00000895,Control Panel,Active
CMP000000895_3,EQ00000895,Seal,Standby
CMP000000895_4,EQ00000895,Lubrication System,Active
CMP000000896_1,EQ00000896,Safety Interlock,Standby
CMP000000897_1,EQ00000897,Safety Interlock,Standby
CMP000000898_1,EQ00000898,Coupling,Standby
CMP000000899_1,EQ00000899,Safety Interlock,Standby
CMP000000899_2,EQ00000899,Gearbox,Active
CMP000000900_1,EQ00000900,Bearing,Active
CMP000000900_2,EQ00000900,Motor,Standby
CMP000000901_1,EQ00000901,Coupling,Standby
CMP000000901_2,EQ00000901,Pressure Element,Active
CMP000000901_3,EQ00000901,Coupling,Active
CMP000000902_1,EQ00000902,Valve,Active
CMP000000902_2,EQ00000902,Coupling,Standby
CMP000000903_1,EQ00000903,Control Panel,Standby
CMP000000904_1,EQ00000904,Lubrication System,Standby
CMP000000904_2,EQ00000904,Safety Interlock,Active
CMP000000904_3,EQ00000904,Valve,Active
CMP000000904_4,EQ00000904,Lubrication System,Active
CMP000000905_1,EQ00000905,Bearing,Standby
CMP000000905_2,EQ00000905,Pressure Element,Standby
CMP000000905_3,EQ00000905,Lubrication System,Standby
CMP000000906_1,EQ00000906,Safety Interlock,Standby
CMP000000906_2,EQ00000906,Safety Interlock,Standby
CMP000000906_3,EQ00000906,Bearing,Active
CMP000000907_1,EQ00000907,Valve,Standby
CMP000000907_2,EQ00000907,Valve,Active
CMP000000908_1,EQ00000908,Safety Interlock,Active
CMP000000909_1,EQ00000909,Gearbox,Standby
CMP000000910_1,EQ00000910,Valve,Standby
CMP000000910_2,EQ00000910,Safety Interlock,Active
CMP000000910_3,EQ00000910,Valve,Active
CMP000000910_4,EQ00000910,Valve,Active
CMP000000911_1,EQ00000911,Control Panel,Standby
CMP000000911_2,EQ00000911,Valve,Standby
CMP000000912_1,EQ00000912,Coupling,Active
CMP000000912_2,EQ00000912,Gearbox,Active
CMP000000913_1,EQ00000913,Control Panel,Active
CMP000000913_2,EQ00000913,Lubrication System,Active
CMP000000913_3,EQ00000913,Gearbox,Active
CMP000000914_1,EQ00000914,Safety Interlock,Active
CMP000000914_2,EQ00000914,Motor,Standby
CMP000000915_1,EQ00000915,Motor,Standby
CMP000000915_2,EQ00000915,Valve,Active
CMP000000915_3,EQ00000915,Pressure Element,Standby
CMP000000915_4,EQ00000915,Seal,Active
CMP000000916_1,EQ00000916,Motor,Standby
CMP000000917_1,EQ00000917,Lubrication System,Active
CMP000000918_1,EQ00000918,Bearing,Standby
CMP000000918_2,EQ00000918,Bearing,Standby
CMP000000918_3,EQ00000918,Lubrication System,Active
CMP000000919_1,EQ00000919,Gearbox,Active
CMP000000919_2,EQ00000919,Lubrication System,Standby
CMP000000920_1,EQ00000920,Pressure Element,Standby
CMP000000921_1,EQ00000921,Gearbox,Standby
CMP000000921_2,EQ00000921,Bearing,Active
CMP000000922_1,EQ00000922,Safety Interlock,Active
CMP000000922_2,EQ00000922,Valve,Active
CMP000000922_3,EQ00000922,Coupling,Active
CMP000000923_1,EQ00000923,Lubrication System,Active
CMP000000923_2,EQ00000923,Coupling,Active
CMP000000923_3,EQ00000923,Coupling,Standby
CMP000000923_4,EQ00000923,Safety Interlock,Active
CMP000000924_1,EQ00000924,Seal,Standby
CMP000000925_1,EQ00000925,Seal,Active
CMP000000925_2,EQ00000925,Bearing,Standby
CMP000000925_3,EQ00000925,Gearbox,Active
CMP000000925_4,EQ00000925,Seal,Active
CMP000000926_1,EQ00000926,Valve,Standby
CMP000000926_2,EQ00000926,Motor,Standby
CMP000000926_3,EQ00000926,Valve,Standby
CMP000000927_1,EQ00000927,Valve,Standby
CMP000000927_2,EQ00000927,Gearbox,Standby
CMP000000927_3,EQ00000927,Lubrication System,Standby
CMP000000928_1,EQ00000928,Control Panel,Active
CMP000000929_1,EQ00000929,Lubrication System,Active
CMP000000929_2,EQ00000929,Control Panel,Standby
CMP000000929_3,EQ00000929,Control Panel,Active
CMP000000929_4,EQ00000929,Pressure Element,Standby
CMP000000930_1,EQ00000930,Lubrication System,Standby
CMP000000930_2,EQ00000930,Safety Interlock,Active
CMP000000930_3,EQ00000930,Seal,Standby
CMP000000931_1,EQ00000931,Safety Interlock,Standby
CMP000000931_2,EQ00000931,Gearbox,Standby
CMP000000931_3,EQ00000931,Safety Interlock,Standby
CMP000000932_1,EQ00000932,Motor,Standby
CMP000000932_2,EQ00000932,Control Panel,Active
CMP000000932_3,EQ00000932,Coupling,Active
CMP000000933_1,EQ00000933,Seal,Active
CMP000000934_1,EQ00000934,Seal,Active
CMP000000934_2,EQ00000934,Motor,Active
CMP000000934_3,EQ00000934,Control Panel,Active
CMP000000934_4,EQ00000934,Pressure Element,Standby
CMP000000935_1,EQ00000935,Lubrication System,Standby
CMP000000935_2,EQ00000935,Pressure Element,Standby
CMP000000935_3,EQ00000935,Seal,Active
CMP000000935_4,EQ00000935,Lubrication System,Standby
CMP000000936_1,EQ00000936,Gearbox,Standby
CMP000000937_1,EQ00000937,Control Panel,Active
CMP000000938_1,EQ00000938,Seal,Standby
CMP000000938_2,EQ00000938,Bearing,Standby
CMP000000938_3,EQ00000938,Coupling,Active
CMP000000939_1,EQ00000939,Seal,Active
CMP000000939_2,EQ00000939,Seal,Active
CMP000000939_3,EQ00000939,Motor,Standby
CMP000000940_1,EQ00000940,Gearbox,Active
CMP000000941_1,EQ00000941,Pressure Element,Standby
CMP000000941_2,EQ00000941,Bearing,Standby
CMP000000941_3,EQ00000941,Lubrication System,Active
CMP000000941_4,EQ00000941,Control Panel,Active
CMP000000942_1,EQ00000942,Lubrication System,Active
CMP000000942_2,EQ00000942,Safety Interlock,Active
CMP000000943_1,EQ00000943,Safety Interlock,Active
CMP000000943_2,EQ00000943,Seal,Standby
CMP000000943_3,EQ00000943,Motor,Active
CMP000000943_4,EQ00000943,Bearing,Active
CMP000000944_1,EQ00000944,Bearing,Active
CMP000000944_2,EQ00000944,Motor,Standby
CMP000000945_1,EQ00000945,Control Panel,Active
CMP000000945_2,EQ00000945,Lubrication System,Standby
CMP000000945_3,EQ00000945,Control Panel,Standby
CMP000000946_1,EQ00000946,Seal,Standby
CMP000000946_2,EQ00000946,Motor,Standby
CMP000000946_3,EQ00000946,Gearbox,Standby
CMP000000947_1,EQ00000947,Valve,Standby
CMP000000947_2,EQ00000947,Pressure Element,Standby
CMP000000948_1,EQ00000948,Safety Interlock,Active
CMP000000948_2,EQ00000948,Gearbox,Standby
CMP000000948_3,EQ00000948,Seal,Active
CMP000000949_1,EQ00000949,Gearbox,Active
CMP000000949_2,EQ00000949,Motor,Standby
CMP000000950_1,EQ00000950,Motor,Active
CMP000000950_2,EQ00000950,Pressure Element,Active
CMP000000950_3,EQ00000950,Coupling,Standby
CMP000000950_4,EQ00000950,Control Panel,Standby
CMP000000951_1,EQ00000951,Bearing,Standby
CMP000000951_2,EQ00000951,Bearing,Active
CMP000000951_3,EQ00000951,Bearing,Standby
CMP000000951_4,EQ00000951,Gearbox,Active
CMP000000952_1,EQ00000952,Lubrication System,Standby
CMP000000952_2,EQ00000952,Valve,Standby
CMP000000953_1,EQ00000953,Pressure Element,Active
CMP000000953_2,EQ00000953,Control Panel,Standby
CMP000000953_3,EQ00000953,Lubrication System,Active
CMP000000953_4,EQ00000953,Lubrication System,Standby
CMP000000954_1,EQ00000954,Valve,Standby
CMP000000954_2,EQ00000954,Pressure Element,Standby
CMP000000954_3,EQ00000954,Lubrication System,Active
CMP000000954_4,EQ00000954,Seal,Active
CMP000000955_1,EQ00000955,Lubrication System,Active
CMP000000955_2,EQ00000955,Bearing,Standby
CMP000000955_3,EQ00000955,Gearbox,Standby
CMP000000955_4,EQ00000955,Safety Interlock,Standby
CMP000000956_1,EQ00000956,Coupling,Standby
CMP000000956_2,EQ00000956,Valve,Active
CMP000000956_3,EQ00000956,Bearing,Active
CMP000000957_1,EQ00000957,Seal,Active
CMP000000957_2,EQ00000957,Coupling,Standby
CMP000000957_3,EQ00000957,Lubrication System,Standby
CMP000000958_1,EQ00000958,Gearbox,Active
CMP000000959_1,EQ00000959,Bearing,Standby
CMP000000959_2,EQ00000959,Bearing,Standby
CMP000000960_1,EQ00000960,Pressure Element,Standby
CMP000000961_1,EQ00000961,Bearing,Standby
CMP000000961_2,EQ00000961,Safety Interlock,Active
CMP000000961_3,EQ00000961,Gearbox,Standby
CMP000000961_4,EQ00000961,Seal,Active
CMP000000962_1,EQ00000962,Coupling,Active
CMP000000962_2,EQ00000962,Seal,Active
CMP000000962_3,EQ00000962,Bearing,Active
CMP000000963_1,EQ00000963,Coupling,Standby
CMP000000963_2,EQ00000963,Pressure Element,Standby
CMP000000964_1,EQ00000964,Control Panel,Active
CMP000000964_2,EQ00000964,Seal,Active
CMP000000964_3,EQ00000964,Gearbox,Active
CMP000000965_1,EQ00000965,Bearing,Standby
CMP000000966_1,EQ00000966,Safety Interlock,Active
CMP000000966_2,EQ00000966,Gearbox,Standby
CMP000000966_3,EQ00000966,Bearing,Standby
CMP000000967_1,EQ00000967,Pressure Element,Active
CMP000000967_2,EQ00000967,Safety Interlock,Active
CMP000000968_1,EQ00000968,Lubrication System,Active
CMP000000968_2,EQ00000968,Seal,Active
CMP000000968_3,EQ00000968,Safety Interlock,Standby
CMP000000968_4,EQ00000968,Pressure Element,Standby
CMP000000969_1,EQ00000969,Gearbox,Active
CMP000000969_2,EQ00000969,Bearing,Standby
CMP000000970_1,EQ00000970,Lubrication System,Active
CMP000000970_2,EQ00000970,Gearbox,Standby
CMP000000971_1,EQ00000971,Lubrication System,Standby
CMP000000971_2,EQ00000971,Lubrication System,Active
CMP000000972_1,EQ00000972,Seal,Standby
CMP000000972_2,EQ00000972,Coupling,Active
CMP000000972_3,EQ00000972,Motor,Active
CMP000000973_1,EQ00000973,Gearbox,Active
CMP000000973_2,EQ00000973,Lubrication System,Active
CMP000000974_1,EQ00000974,Control Panel,Active
CMP000000974_2,EQ00000974,Lubrication System,Standby
CMP000000974_3,EQ00000974,Gearbox,Active
CMP000000974_4,EQ00000974,Pressure Element,Standby
CMP000000975_1,EQ00000975,Coupling,Standby
CMP000000975_2,EQ00000975,Lubrication System,Active
CMP000000975_3,EQ00000975,Seal,Active
CMP000000976_1,EQ00000976,Coupling,Standby
CMP000000976_2,EQ00000976,Coupling,Standby
CMP000000976_3,EQ00000976,Pressure Element,Standby
CMP000000976_4,EQ00000976,Bearing,Standby
CMP000000977_1,EQ00000977,Bearing,Active
CMP000000977_2,EQ00000977,Motor,Standby
CMP000000978_1,EQ00000978,Gearbox,Standby
CMP000000979_1,EQ00000979,Lubrication System,Active
CMP000000979_2,EQ00000979,Valve,Active
CMP000000979_3,EQ00000979,Valve,Active
CMP000000980_1,EQ00000980,Control Panel,Active
CMP000000980_2,EQ00000980,Safety Interlock,Active
CMP000000981_1,EQ00000981,Gearbox,Standby
CMP000000982_1,EQ00000982,Motor,Active
CMP000000982_2,EQ00000982,Safety Interlock,Standby
CMP000000982_3,EQ00000982,Pressure Element,Standby
CMP000000983_1,EQ00000983,Control Panel,Active
CMP000000983_2,EQ00000983,Gearbox,Standby
CMP000000983_3,EQ00000983,Motor,Standby
CMP000000984_1,EQ00000984,Coupling,Standby
CMP000000984_2,EQ00000984,Control Panel,Active
CMP000000985_1,EQ00000985,Coupling,Standby
CMP000000985_2,EQ00000985,Control Panel,Standby
CMP000000985_3,EQ00000985,Lubrication System,Standby
CMP000000985_4,EQ00000985,Pressure Element,Active
CMP000000986_1,EQ00000986,Bearing,Standby
CMP000000987_1,EQ00000987,Coupling,Active
CMP000000987_2,EQ00000987,Motor,Active
CMP000000988_1,EQ00000988,Motor,Active
CMP000000988_2,EQ00000988,Bearing,Standby
CMP000000988_3,EQ00000988,Gearbox,Standby
CMP000000988_4,EQ00000988,Bearing,Active
CMP000000989_1,EQ00000989,Pressure Element,Standby
CMP000000990_1,EQ00000990,Bearing,Standby
CMP000000991_1,EQ00000991,Lubrication System,Standby
CMP000000991_2,EQ00000991,Control Panel,Standby
CMP000000991_3,EQ00000991,Control Panel,Standby
CMP000000991_4,EQ00000991,Gearbox,Active
CMP000000992_1,EQ00000992,Valve,Active
CMP000000992_2,EQ00000992,Lubrication System,Active
CMP000000993_1,EQ00000993,Pressure Element,Active
CMP000000994_1,EQ00000994,Motor,Active
CMP000000994_2,EQ00000994,Bearing,Active
CMP000000995_1,EQ00000995,Pressure Element,Standby
CMP000000995_2,EQ00000995,Seal,Standby
CMP000000995_3,EQ00000995,Valve,Standby
CMP000000995_4,EQ00000995,Motor,Standby
CMP000000996_1,EQ00000996,Motor,Standby
CMP000000996_2,EQ00000996,Pressure Element,Standby
CMP000000997_1,EQ00000997,Motor,Standby
CMP000000998_1,EQ00000998,Seal,Active
CMP000000999_1,EQ00000999,Motor,Standby
CMP000000999_2,EQ00000999,Pressure Element,Active
CMP000000999_3,EQ00000999,Seal,Standby
CMP000001000_1,EQ00001000,Motor,Active
CMP000001000_2,EQ00001000,Gearbox,Standby
CMP000001001_1,EQ00001001,Motor,Standby
CMP000001001_2,EQ00001001,Control Panel,Standby
CMP000001001_3,EQ00001001,Control Panel,Standby
CMP000001002_1,EQ00001002,Coupling,Standby
CMP000001002_2,EQ00001002,Control Panel,Active
CMP000001002_3,EQ00001002,Lubrication System,Standby
CMP000001003_1,EQ00001003,Control Panel,Standby
CMP000001004_1,EQ00001004,Safety Interlock,Standby
CMP000001004_2,EQ00001004,Control Panel,Active
CMP000001004_3,EQ00001004,Motor,Standby
CMP000001005_1,EQ00001005,Seal,Active
CMP000001005_2,EQ00001005,Motor,Standby
CMP000001005_3,EQ00001005,Coupling,Active
CMP000001006_1,EQ00001006,Control Panel,Active
CMP000001006_2,EQ00001006,Safety Interlock,Standby
CMP000001007_1,EQ00001007,Seal,Active
CMP000001007_2,EQ00001007,Gearbox,Active
CMP000001008_1,EQ00001008,Lubrication System,Active
CMP000001009_1,EQ00001009,Coupling,Active
CMP000001009_2,EQ00001009,Gearbox,Standby
CMP000001010_1,EQ00001010,Control Panel,Standby
CMP000001011_1,EQ00001011,Gearbox,Active
CMP000001011_2,EQ00001011,Lubrication System,Active
CMP000001011_3,EQ00001011,Valve,Active
CMP000001011_4,EQ00001011,Bearing,Standby
CMP000001012_1,EQ00001012,Control Panel,Standby
CMP000001012_2,EQ00001012,Safety Interlock,Active
CMP000001012_3,EQ00001012,Seal,Active
CMP000001013_1,EQ00001013,Bearing,Standby
CMP000001013_2,EQ00001013,Bearing,Standby
CMP000001013_3,EQ00001013,Safety Interlock,Active
CMP000001013_4,EQ00001013,Pressure Element,Standby
CMP000001014_1,EQ00001014,Motor,Standby
CMP000001014_2,EQ00001014,Motor,Standby
CMP000001015_1,EQ00001015,Pressure Element,Standby
CMP000001015_2,EQ00001015,Safety Interlock,Standby
CMP000001015_3,EQ00001015,Control Panel,Active
CMP000001016_1,EQ00001016,Pressure Element,Active
CMP000001016_2,EQ00001016,Seal,Standby
CMP000001016_3,EQ00001016,Control Panel,Standby
CMP000001016_4,EQ00001016,Valve,Active
CMP000001017_1,EQ00001017,Seal,Standby
CMP000001017_2,EQ00001017,Safety Interlock,Active
CMP000001018_1,EQ00001018,Pressure Element,Standby
CMP000001018_2,EQ00001018,Control Panel,Standby
CMP000001018_3,EQ00001018,Pressure Element,Standby
CMP000001018_4,EQ00001018,Valve,Standby
CMP000001019_1,EQ00001019,Seal,Standby
CMP000001019_2,EQ00001019,Bearing,Standby
CMP000001019_3,EQ00001019,Safety Interlock,Active
CMP000001019_4,EQ00001019,Safety Interlock,Standby
CMP000001020_1,EQ00001020,Gearbox,Standby
CMP000001020_2,EQ00001020,Gearbox,Standby
CMP000001020_3,EQ00001020,Motor,Standby
CMP000001021_1,EQ00001021,Lubrication System,Standby
CMP000001021_2,EQ00001021,Lubrication System,Standby
CMP000001022_1,EQ00001022,Motor,Standby
CMP000001022_2,EQ00001022,Lubrication System,Standby
CMP000001022_3,EQ00001022,Seal,Standby
CMP000001023_1,EQ00001023,Gearbox,Active
CMP000001024_1,EQ00001024,Gearbox,Active
CMP000001024_2,EQ00001024,Lubrication System,Active
CMP000001025_1,EQ00001025,Valve,Standby
CMP000001025_2,EQ00001025,Bearing,Standby
CMP000001026_1,EQ00001026,Valve,Standby
CMP000001027_1,EQ00001027,Control Panel,Standby
CMP000001027_2,EQ00001027,Lubrication System,Active
CMP000001028_1,EQ00001028,Seal,Active
CMP000001028_2,EQ00001028,Pressure Element,Active
CMP000001029_1,EQ00001029,Motor,Active
CMP000001029_2,EQ00001029,Control Panel,Standby
CMP000001029_3,EQ00001029,Lubrication System,Active
CMP000001029_4,EQ00001029,Gearbox,Active
CMP000001030_1,EQ00001030,Seal,Standby
CMP000001030_2,EQ00001030,Motor,Standby
CMP000001030_3,EQ00001030,Control Panel,Active
CMP000001030_4,EQ00001030,Coupling,Standby
CMP000001031_1,EQ00001031,Safety Interlock,Standby
CMP000001031_2,EQ00001031,Gearbox,Standby
CMP000001031_3,EQ00001031,Bearing,Active
CMP000001032_1,EQ00001032,Pressure Element,Standby
CMP000001032_2,EQ00001032,Bearing,Standby
CMP000001032_3,EQ00001032,Seal,Standby
CMP000001032_4,EQ00001032,Motor,Standby
CMP000001033_1,EQ00001033,Motor,Standby
CMP000001033_2,EQ00001033,Bearing,Standby
CMP000001033_3,EQ00001033,Pressure Element,Standby
CMP000001033_4,EQ00001033,Coupling,Active
CMP000001034_1,EQ00001034,Lubrication System,Standby
CMP000001035_1,EQ00001035,Valve,Standby
CMP000001036_1,EQ00001036,Bearing,Active
CMP000001036_2,EQ00001036,Safety Interlock,Standby
CMP000001036_3,EQ00001036,Seal,Standby
CMP000001037_1,EQ00001037,Safety Interlock,Active
CMP000001037_2,EQ00001037,Seal,Active
CMP000001038_1,EQ00001038,Motor,Standby
CMP000001039_1,EQ00001039,Gearbox,Active
CMP000001039_2,EQ00001039,Motor,Standby
CMP000001039_3,EQ00001039,Valve,Active
CMP000001039_4,EQ00001039,Valve,Active
CMP000001040_1,EQ00001040,Seal,Standby
CMP000001040_2,EQ00001040,Bearing,Active
CMP000001041_1,EQ00001041,Lubrication System,Active
CMP000001041_2,EQ00001041,Seal,Standby
CMP000001041_3,EQ00001041,Control Panel,Standby
CMP000001041_4,EQ00001041,Motor,Active
CMP000001042_1,EQ00001042,Seal,Standby
CMP000001042_2,EQ00001042,Seal,Active
CMP000001043_1,EQ00001043,Bearing,Active
CMP000001043_2,EQ00001043,Control Panel,Active
CMP000001043_3,EQ00001043,Control Panel,Active
CMP000001044_1,EQ00001044,Valve,Active
CMP000001044_2,EQ00001044,Pressure Element,Standby
CMP000001045_1,EQ00001045,Safety Interlock,Active
CMP000001046_1,EQ00001046,Seal,Standby
CMP000001046_2,EQ00001046,Control Panel,Active
CMP000001046_3,EQ00001046,Motor,Active
CMP000001047_1,EQ00001047,Control Panel,Active
CMP000001047_2,EQ00001047,Safety Interlock,Active
CMP000001048_1,EQ00001048,Motor,Standby
CMP000001048_2,EQ00001048,Coupling,Standby
CMP000001049_1,EQ00001049,Lubrication System,Standby
CMP000001049_2,EQ00001049,Motor,Active
CMP000001050_1,EQ00001050,Valve,Standby
CMP000001050_2,EQ00001050,Coupling,Active
CMP000001051_1,EQ00001051,Seal,Standby
CMP000001051_2,EQ00001051,Gearbox,Active
CMP000001051_3,EQ00001051,Lubrication System,Active
CMP000001052_1,EQ00001052,Seal,Standby
CMP000001053_1,EQ00001053,Seal,Standby
CMP000001053_2,EQ00001053,Bearing,Active
CMP000001054_1,EQ00001054,Motor,Active
CMP000001054_2,EQ00001054,Bearing,Active
CMP000001054_3,EQ00001054,Valve,Active
CMP000001055_1,EQ00001055,Gearbox,Standby
CMP000001055_2,EQ00001055,Control Panel,Standby
CMP000001055_3,EQ00001055,Safety Interlock,Active
CMP000001056_1,EQ00001056,Safety Interlock,Standby
CMP000001057_1,EQ00001057,Safety Interlock,Standby
CMP000001057_2,EQ00001057,Bearing,Standby
CMP000001057_3,EQ00001057,Safety Interlock,Active
CMP000001058_1,EQ00001058,Pressure Element,Standby
CMP000001058_2,EQ00001058,Safety Interlock,Active
CMP000001058_3,EQ00001058,Seal,Standby
CMP000001059_1,EQ00001059,Motor,Standby
CMP000001059_2,EQ00001059,Safety Interlock,Standby
CMP000001059_3,EQ00001059,Control Panel,Standby
CMP000001060_1,EQ00001060,Motor,Active
CMP000001060_2,EQ00001060,Pressure Element,Standby
CMP000001060_3,EQ00001060,Safety Interlock,Active
CMP000001060_4,EQ00001060,Coupling,Active
CMP000001061_1,EQ00001061,Lubrication System,Active
CMP000001061_2,EQ00001061,Motor,Active
CMP000001061_3,EQ00001061,Bearing,Active
CMP000001061_4,EQ00001061,Pressure Element,Standby
CMP000001062_1,EQ00001062,Bearing,Active
CMP000001062_2,EQ00001062,Coupling,Active
CMP000001063_1,EQ00001063,Motor,Active
CMP000001063_2,EQ00001063,Pressure Element,Standby
CMP000001063_3,EQ00001063,Lubrication System,Active
CMP000001063_4,EQ00001063,Valve,Active
CMP000001064_1,EQ00001064,Safety Interlock,Standby
CMP000001065_1,EQ00001065,Gearbox,Standby
CMP000001065_2,EQ00001065,Control Panel,Active
CMP000001065_3,EQ00001065,Seal,Standby
CMP000001066_1,EQ00001066,Valve,Standby
CMP000001066_2,EQ00001066,Bearing,Active
CMP000001067_1,EQ00001067,Control Panel,Standby
CMP000001067_2,EQ00001067,Seal,Standby
CMP000001067_3,EQ00001067,Bearing,Standby
CMP000001067_4,EQ00001067,Pressure Element,Active
CMP000001068_1,EQ00001068,Motor,Active
CMP000001068_2,EQ00001068,Valve,Standby
CMP000001069_1,EQ00001069,Safety Interlock,Standby
CMP000001070_1,EQ00001070,Seal,Active
CMP000001070_2,EQ00001070,Safety Interlock,Standby
CMP000001071_1,EQ00001071,Bearing,Standby
CMP000001072_1,EQ00001072,Lubrication System,Active
CMP000001072_2,EQ00001072,Pressure Element,Standby
CMP000001073_1,EQ00001073,Control Panel,Active
CMP000001073_2,EQ00001073,Lubrication System,Active
CMP000001073_3,EQ00001073,Coupling,Active
CMP000001074_1,EQ00001074,Gearbox,Standby
CMP000001074_2,EQ00001074,Control Panel,Active
CMP000001074_3,EQ00001074,Safety Interlock,Standby
CMP000001074_4,EQ00001074,Bearing,Active
CMP000001075_1,EQ00001075,Seal,Standby
CMP000001075_2,EQ00001075,Gearbox,Standby
CMP000001075_3,EQ00001075,Pressure Element,Standby
CMP000001075_4,EQ00001075,Motor,Active
CMP000001076_1,EQ00001076,Gearbox,Standby
CMP000001077_1,EQ00001077,Control Panel,Active
CMP000001078_1,EQ00001078,Coupling,Standby
CMP000001078_2,EQ00001078,Control Panel,Standby
CMP000001078_3,EQ00001078,Bearing,Standby
CMP000001079_1,EQ00001079,Motor,Standby
CMP000001079_2,EQ00001079,Valve,Standby
CMP000001079_3,EQ00001079,Lubrication System,Active
CMP000001079_4,EQ00001079,Bearing,Standby
CMP000001080_1,EQ00001080,Coupling,Standby
CMP000001080_2,EQ00001080,Control Panel,Standby
CMP000001080_3,EQ00001080,Coupling,Standby
CMP000001080_4,EQ00001080,Safety Interlock,Active
CMP000001081_1,EQ00001081,Motor,Standby
CMP000001081_2,EQ00001081,Seal,Active
CMP000001081_3,EQ00001081,Gearbox,Standby
CMP000001082_1,EQ00001082,Motor,Active
CMP000001082_2,EQ00001082,Safety Interlock,Standby
CMP000001083_1,EQ00001083,Lubrication System,Active
CMP000001083_2,EQ00001083,Bearing,Active
CMP000001084_1,EQ00001084,Motor,Standby
CMP000001084_2,EQ00001084,Gearbox,Standby
CMP000001084_3,EQ00001084,Control Panel,Active
CMP000001084_4,EQ00001084,Coupling,Standby
CMP000001085_1,EQ00001085,Control Panel,Active
CMP000001085_2,EQ00001085,Coupling,Standby
CMP000001085_3,EQ00001085,Seal,Standby
CMP000001085_4,EQ00001085,Control Panel,Standby
CMP000001086_1,EQ00001086,Coupling,Active
CMP000001086_2,EQ00001086,Lubrication System,Active
CMP000001087_1,EQ00001087,Valve,Standby
CMP000001087_2,EQ00001087,Pressure Element,Active
CMP000001087_3,EQ00001087,Coupling,Standby
CMP000001087_4,EQ00001087,Bearing,Active
CMP000001088_1,EQ00001088,Coupling,Standby
CMP000001088_2,EQ00001088,Seal,Standby
CMP000001088_3,EQ00001088,Valve,Standby
CMP000001089_1,EQ00001089,Valve,Standby
CMP000001090_1,EQ00001090,Motor,Standby
CMP000001090_2,EQ00001090,Pressure Element,Standby
CMP000001090_3,EQ00001090,Coupling,Standby
CMP000001090_4,EQ00001090,Coupling,Active
CMP000001091_1,EQ00001091,Coupling,Active
CMP000001091_2,EQ00001091,Coupling,Active
CMP000001091_3,EQ00001091,Bearing,Active
CMP000001092_1,EQ00001092,Bearing,Active
CMP000001093_1,EQ00001093,Pressure Element,Standby
CMP000001094_1,EQ00001094,Pressure Element,Standby
CMP000001095_1,EQ00001095,Motor,Active
CMP000001095_2,EQ00001095,Control Panel,Standby
CMP000001095_3,EQ00001095,Lubrication System,Active
CMP000001096_1,EQ00001096,Lubrication System,Standby
CMP000001096_2,EQ00001096,Valve,Active
CMP000001097_1,EQ00001097,Lubrication System,Standby
CMP000001097_2,EQ00001097,Seal,Standby
CMP000001097_3,EQ00001097,Safety Interlock,Active
CMP000001098_1,EQ00001098,Control Panel,Standby
CMP000001098_2,EQ00001098,Valve,Standby
CMP000001099_1,EQ00001099,Bearing,Standby
CMP000001099_2,EQ00001099,Coupling,Active
CMP000001099_3,EQ00001099,Gearbox,Active
CMP000001100_1,EQ00001100,Bearing,Active
CMP000001100_2,EQ00001100,Safety Interlock,Standby
CMP000001101_1,EQ00001101,Control Panel,Active
CMP000001101_2,EQ00001101,Safety Interlock,Standby
CMP000001101_3,EQ00001101,Gearbox,Standby
CMP000001101_4,EQ00001101,Gearbox,Standby
CMP000001102_1,EQ00001102,Seal,Standby
CMP000001102_2,EQ00001102,Control Panel,Active
CMP000001103_1,EQ00001103,Control Panel,Active
CMP000001103_2,EQ00001103,Lubrication System,Active
CMP000001103_3,EQ00001103,Lubrication System,Active
CMP000001104_1,EQ00001104,Coupling,Active
CMP000001104_2,EQ00001104,Valve,Active
CMP000001104_3,EQ00001104,Control Panel,Standby
CMP000001104_4,EQ00001104,Coupling,Active
CMP000001105_1,EQ00001105,Motor,Standby
CMP000001105_2,EQ00001105,Lubrication System,Active
CMP000001105_3,EQ00001105,Motor,Standby
CMP000001105_4,EQ00001105,Valve,Active
CMP000001106_1,EQ00001106,Pressure Element,Standby
CMP000001107_1,EQ00001107,Seal,Standby
CMP000001107_2,EQ00001107,Pressure Element,Active
CMP000001107_3,EQ00001107,Gearbox,Active
CMP000001107_4,EQ00001107,Pressure Element,Standby
CMP000001108_1,EQ00001108,Lubrication System,Active
CMP000001108_2,EQ00001108,Bearing,Active
CMP000001108_3,EQ00001108,Pressure Element,Active
CMP000001108_4,EQ00001108,Pressure Element,Active
CMP000001109_1,EQ00001109,Coupling,Active
CMP000001109_2,EQ00001109,Lubrication System,Standby
CMP000001109_3,EQ00001109,Seal,Standby
CMP000001110_1,EQ00001110,Bearing,Standby
CMP000001110_2,EQ00001110,Motor,Standby
CMP000001110_3,EQ00001110,Bearing,Standby
CMP000001110_4,EQ00001110,Lubrication System,Standby
CMP000001111_1,EQ00001111,Safety Interlock,Active
CMP000001112_1,EQ00001112,Motor,Active
CMP000001112_2,EQ00001112,Motor,Standby
CMP000001113_1,EQ00001113,Gearbox,Active
CMP000001114_1,EQ00001114,Seal,Active
CMP000001114_2,EQ00001114,Seal,Active
CMP000001115_1,EQ00001115,Bearing,Active
CMP000001115_2,EQ00001115,Coupling,Active
CMP000001116_1,EQ00001116,Pressure Element,Standby
CMP000001117_1,EQ00001117,Seal,Active
CMP000001117_2,EQ00001117,Gearbox,Active
CMP000001117_3,EQ00001117,Safety Interlock,Active
CMP000001117_4,EQ00001117,Valve,Active
CMP000001118_1,EQ00001118,Motor,Active
CMP000001118_2,EQ00001118,Coupling,Standby
CMP000001118_3,EQ00001118,Lubrication System,Active
CMP000001118_4,EQ00001118,Seal,Active
CMP000001119_1,EQ00001119,Coupling,Standby
CMP000001119_2,EQ00001119,Coupling,Standby
CMP000001119_3,EQ00001119,Seal,Standby
CMP000001119_4,EQ00001119,Coupling,Active
CMP000001120_1,EQ00001120,Control Panel,Standby
CMP000001120_2,EQ00001120,Safety Interlock,Standby
CMP000001120_3,EQ00001120,Coupling,Active
CMP000001120_4,EQ00001120,Valve,Active
CMP000001121_1,EQ00001121,Lubrication System,Standby
CMP000001121_2,EQ00001121,Lubrication System,Standby
CMP000001121_3,EQ00001121,Motor,Active
CMP000001121_4,EQ00001121,Valve,Standby
CMP000001122_1,EQ00001122,Control Panel,Active
CMP000001122_2,EQ00001122,Lubrication System,Standby
CMP000001122_3,EQ00001122,Coupling,Standby
CMP000001122_4,EQ00001122,Seal,Active
CMP000001123_1,EQ00001123,Control Panel,Active
CMP000001123_2,EQ00001123,Control Panel,Active
CMP000001123_3,EQ00001123,Motor,Active
CMP000001123_4,EQ00001123,Bearing,Active
CMP000001124_1,EQ00001124,Bearing,Standby
CMP000001125_1,EQ00001125,Coupling,Standby
CMP000001125_2,EQ00001125,Coupling,Standby
CMP000001126_1,EQ00001126,Seal,Active
CMP000001126_2,EQ00001126,Control Panel,Standby
CMP000001126_3,EQ00001126,Pressure Element,Standby
CMP000001126_4,EQ00001126,Pressure Element,Standby
CMP000001127_1,EQ00001127,Control Panel,Active
CMP000001128_1,EQ00001128,Pressure Element,Standby
CMP000001128_2,EQ00001128,Coupling,Active
CMP000001128_3,EQ00001128,Bearing,Standby
CMP000001129_1,EQ00001129,Safety Interlock,Standby
CMP000001129_2,EQ00001129,Control Panel,Standby
CMP000001129_3,EQ00001129,Control Panel,Active
CMP000001130_1,EQ00001130,Seal,Standby
CMP000001130_2,EQ00001130,Control Panel,Standby
CMP000001130_3,EQ00001130,Seal,Active
CMP000001131_1,EQ00001131,Coupling,Standby
CMP000001131_2,EQ00001131,Motor,Standby
CMP000001132_1,EQ00001132,Pressure Element,Standby
CMP000001132_2,EQ00001132,Gearbox,Active
CMP000001132_3,EQ00001132,Gearbox,Active
CMP000001133_1,EQ00001133,Safety Interlock,Standby
CMP000001133_2,EQ00001133,Coupling,Active
CMP000001133_3,EQ00001133,Control Panel,Active
CMP000001134_1,EQ00001134,Safety Interlock,Standby
CMP000001134_2,EQ00001134,Motor,Active
CMP000001134_3,EQ00001134,Valve,Standby
CMP000001134_4,EQ00001134,Safety Interlock,Standby
CMP000001135_1,EQ00001135,Valve,Standby
CMP000001135_2,EQ00001135,Seal,Standby
CMP000001135_3,EQ00001135,Coupling,Standby
CMP000001136_1,EQ00001136,Gearbox,Standby
CMP000001136_2,EQ00001136,Control Panel,Active
CMP000001136_3,EQ00001136,Motor,Active
CMP000001136_4,EQ00001136,Safety Interlock,Active
CMP000001137_1,EQ00001137,Coupling,Standby
CMP000001137_2,EQ00001137,Coupling,Standby
CMP000001138_1,EQ00001138,Pressure Element,Active
CMP000001138_2,EQ00001138,Bearing,Standby
CMP000001138_3,EQ00001138,Control Panel,Active
CMP000001138_4,EQ00001138,Safety Interlock,Active
CMP000001139_1,EQ00001139,Control Panel,Active
CMP000001140_1,EQ00001140,Lubrication System,Standby
CMP000001141_1,EQ00001141,Motor,Standby
CMP000001142_1,EQ00001142,Pressure Element,Standby
CMP000001143_1,EQ00001143,Gearbox,Active
CMP000001143_2,EQ00001143,Bearing,Standby
CMP000001144_1,EQ00001144,Gearbox,Standby
CMP000001144_2,EQ00001144,Pressure Element,Active
CMP000001144_3,EQ00001144,Coupling,Standby
CMP000001145_1,EQ00001145,Safety Interlock,Active
CMP000001145_2,EQ00001145,Gearbox,Standby
CMP000001145_3,EQ00001145,Gearbox,Active
CMP000001146_1,EQ00001146,Bearing,Active
CMP000001147_1,EQ00001147,Pressure Element,Standby
CMP000001148_1,EQ00001148,Motor,Active
CMP000001148_2,EQ00001148,Safety Interlock,Standby
CMP000001148_3,EQ00001148,Control Panel,Standby
CMP000001148_4,EQ00001148,Control Panel,Standby
CMP000001149_1,EQ00001149,Bearing,Standby
CMP000001149_2,EQ00001149,Valve,Active
CMP000001149_3,EQ00001149,Gearbox,Active
CMP000001150_1,EQ00001150,Valve,Active
CMP000001150_2,EQ00001150,Control Panel,Standby
CMP000001151_1,EQ00001151,Lubrication System,Standby
CMP000001151_2,EQ00001151,Seal,Standby
CMP000001152_1,EQ00001152,Coupling,Active
CMP000001153_1,EQ00001153,Motor,Standby
CMP000001153_2,EQ00001153,Pressure Element,Standby
CMP000001153_3,EQ00001153,Safety Interlock,Active
CMP000001153_4,EQ00001153,Gearbox,Active
CMP000001154_1,EQ00001154,Seal,Standby
CMP000001155_1,EQ00001155,Bearing,Standby
CMP000001156_1,EQ00001156,Coupling,Standby
CMP000001157_1,EQ00001157,Bearing,Standby
CMP000001157_2,EQ00001157,Coupling,Standby
CMP000001157_3,EQ00001157,Coupling,Active
CMP000001158_1,EQ00001158,Seal,Active
CMP000001158_2,EQ00001158,Motor,Standby
CMP000001159_1,EQ00001159,Safety Interlock,Standby
CMP000001159_2,EQ00001159,Control Panel,Active
CMP000001159_3,EQ00001159,Bearing,Standby
CMP000001160_1,EQ00001160,Seal,Active
CMP000001161_1,EQ00001161,Seal,Standby
CMP000001161_2,EQ00001161,Valve,Active
CMP000001162_1,EQ00001162,Safety Interlock,Active
CMP000001163_1,EQ00001163,Safety Interlock,Active
CMP000001163_2,EQ00001163,Coupling,Standby
CMP000001163_3,EQ00001163,Control Panel,Standby
CMP000001164_1,EQ00001164,Lubrication System,Active
CMP000001164_2,EQ00001164,Seal,Standby
CMP000001164_3,EQ00001164,Seal,Standby
CMP000001164_4,EQ00001164,Seal,Active
CMP000001165_1,EQ00001165,Bearing,Active
CMP000001165_2,EQ00001165,Valve,Active
CMP000001165_3,EQ00001165,Seal,Active
CMP000001165_4,EQ00001165,Control Panel,Standby
CMP000001166_1,EQ00001166,Valve,Active
CMP000001166_2,EQ00001166,Bearing,Active
CMP000001166_3,EQ00001166,Safety Interlock,Active
CMP000001166_4,EQ00001166,Gearbox,Standby
CMP000001167_1,EQ00001167,Pressure Element,Standby
CMP000001168_1,EQ00001168,Bearing,Standby
CMP000001168_2,EQ00001168,Bearing,Standby
CMP000001168_3,EQ00001168,Valve,Active
CMP000001169_1,EQ00001169,Valve,Active
CMP000001170_1,EQ00001170,Valve,Active
CMP000001171_1,EQ00001171,Valve,Active
CMP000001171_2,EQ00001171,Pressure Element,Active
CMP000001172_1,EQ00001172,Gearbox,Standby
CMP000001172_2,EQ00001172,Control Panel,Standby
CMP000001173_1,EQ00001173,Valve,Active
CMP000001173_2,EQ00001173,Seal,Standby
CMP000001173_3,EQ00001173,Motor,Active
CMP000001173_4,EQ00001173,Safety Interlock,Standby
CMP000001174_1,EQ00001174,Motor,Standby
CMP000001174_2,EQ00001174,Coupling,Standby
CMP000001174_3,EQ00001174,Safety Interlock,Standby
CMP000001175_1,EQ00001175,Coupling,Active
CMP000001175_2,EQ00001175,Motor,Active
CMP000001176_1,EQ00001176,Lubrication System,Active
CMP000001177_1,EQ00001177,Gearbox,Standby
CMP000001177_2,EQ00001177,Valve,Active
CMP000001177_3,EQ00001177,Control Panel,Standby
CMP000001178_1,EQ00001178,Coupling,Standby
CMP000001178_2,EQ00001178,Seal,Standby
CMP000001178_3,EQ00001178,Pressure Element,Standby
CMP000001179_1,EQ00001179,Bearing,Active
CMP000001179_2,EQ00001179,Control Panel,Active
CMP000001180_1,EQ00001180,Valve,Standby
CMP000001180_2,EQ00001180,Valve,Active
CMP000001181_1,EQ00001181,Control Panel,Active
CMP000001181_2,EQ00001181,Coupling,Standby
CMP000001181_3,EQ00001181,Gearbox,Active
CMP000001182_1,EQ00001182,Bearing,Active
CMP000001182_2,EQ00001182,Pressure Element,Standby
CMP000001183_1,EQ00001183,Valve,Standby
CMP000001183_2,EQ00001183,Bearing,Active
CMP000001183_3,EQ00001183,Bearing,Active
CMP000001184_1,EQ00001184,Lubrication System,Active
CMP000001184_2,EQ00001184,Control Panel,Standby
CMP000001185_1,EQ00001185,Seal,Standby
CMP000001185_2,EQ00001185,Valve,Standby
CMP000001185_3,EQ00001185,Control Panel,Standby
CMP000001186_1,EQ00001186,Valve,Standby
CMP000001186_2,EQ00001186,Seal,Active
CMP000001187_1,EQ00001187,Lubrication System,Standby
CMP000001187_2,EQ00001187,Lubrication System,Active
CMP000001187_3,EQ00001187,Control Panel,Active
CMP000001188_1,EQ00001188,Gearbox,Active
CMP000001188_2,EQ00001188,Pressure Element,Standby
CMP000001189_1,EQ00001189,Control Panel,Active
CMP000001189_2,EQ00001189,Valve,Standby
CMP000001189_3,EQ00001189,Control Panel,Standby
CMP000001189_4,EQ00001189,Control Panel,Active
CMP000001190_1,EQ00001190,Gearbox,Standby
CMP000001190_2,EQ00001190,Control Panel,Standby
CMP000001190_3,EQ00001190,Pressure Element,Active
CMP000001191_1,EQ00001191,Bearing,Standby
CMP000001191_2,EQ00001191,Motor,Standby
CMP000001191_3,EQ00001191,Pressure Element,Active
CMP000001191_4,EQ00001191,Coupling,Standby
CMP000001192_1,EQ00001192,Pressure Element,Active
CMP000001193_1,EQ00001193,Coupling,Active
CMP000001194_1,EQ00001194,Lubrication System,Standby
CMP000001194_2,EQ00001194,Safety Interlock,Active
CMP000001195_1,EQ00001195,Control Panel,Standby
CMP000001195_2,EQ00001195,Valve,Active
CMP000001196_1,EQ00001196,Valve,Standby
CMP000001196_2,EQ00001196,Lubrication System,Active
CMP000001197_1,EQ00001197,Gearbox,Active
CMP000001197_2,EQ00001197,Valve,Active
CMP000001197_3,EQ00001197,Gearbox,Standby
CMP000001197_4,EQ00001197,Coupling,Active
CMP000001198_1,EQ00001198,Valve,Standby
CMP000001199_1,EQ00001199,Valve,Active
CMP000001199_2,EQ00001199,Seal,Standby
CMP000001199_3,EQ00001199,Gearbox,Standby
CMP000001199_4,EQ00001199,Bearing,Standby
CMP000001200_1,EQ00001200,Bearing,Active
CMP000001200_2,EQ00001200,Pressure Element,Active
CMP000001200_3,EQ00001200,Coupling,Standby
CMP000001201_1,EQ00001201,Seal,Standby
CMP000001202_1,EQ00001202,Control Panel,Standby
CMP000001203_1,EQ00001203,Pressure Element,Standby
CMP000001203_2,EQ00001203,Lubrication System,Standby
CMP000001204_1,EQ00001204,Bearing,Standby
CMP000001204_2,EQ00001204,Motor,Standby
CMP000001204_3,EQ00001204,Seal,Standby
CMP000001204_4,EQ00001204,Safety Interlock,Active
CMP000001205_1,EQ00001205,Bearing,Standby
CMP000001206_1,EQ00001206,Valve,Active
CMP000001206_2,EQ00001206,Valve,Active
CMP000001207_1,EQ00001207,Seal,Active
CMP000001208_1,EQ00001208,Coupling,Standby
CMP000001209_1,EQ00001209,Pressure Element,Standby
CMP000001210_1,EQ00001210,Lubrication System,Standby
CMP000001211_1,EQ00001211,Coupling,Active
CMP000001212_1,EQ00001212,Motor,Active
CMP000001212_2,EQ00001212,Gearbox,Active
CMP000001213_1,EQ00001213,Seal,Active
CMP000001213_2,EQ00001213,Gearbox,Active
CMP000001213_3,EQ00001213,Valve,Active
CMP000001214_1,EQ00001214,Coupling,Active
CMP000001214_2,EQ00001214,Pressure Element,Active
CMP000001215_1,EQ00001215,Gearbox,Standby
CMP000001215_2,EQ00001215,Lubrication System,Active
CMP000001215_3,EQ00001215,Gearbox,Active
CMP000001216_1,EQ00001216,Valve,Active
CMP000001217_1,EQ00001217,Bearing,Active
CMP000001217_2,EQ00001217,Safety Interlock,Active
CMP000001217_3,EQ00001217,Valve,Standby
CMP000001217_4,EQ00001217,Control Panel,Active
CMP000001218_1,EQ00001218,Gearbox,Active
CMP000001218_2,EQ00001218,Pressure Element,Active
CMP000001218_3,EQ00001218,Control Panel,Active
CMP000001218_4,EQ00001218,Motor,Standby
CMP000001219_1,EQ00001219,Valve,Standby
CMP000001219_2,EQ00001219,Gearbox,Standby
CMP000001220_1,EQ00001220,Lubrication System,Standby
CMP000001221_1,EQ00001221,Valve,Active
CMP000001222_1,EQ00001222,Pressure Element,Standby
CMP000001222_2,EQ00001222,Bearing,Active
CMP000001222_3,EQ00001222,Gearbox,Standby
CMP000001223_1,EQ00001223,Bearing,Standby
CMP000001223_2,EQ00001223,Bearing,Active
CMP000001223_3,EQ00001223,Gearbox,Standby
CMP000001224_1,EQ00001224,Bearing,Active
CMP000001225_1,EQ00001225,Safety Interlock,Active
CMP000001225_2,EQ00001225,Safety Interlock,Active
CMP000001225_3,EQ00001225,Bearing,Active
CMP000001226_1,EQ00001226,Motor,Active
CMP000001226_2,EQ00001226,Gearbox,Standby
CMP000001226_3,EQ00001226,Coupling,Active
CMP000001227_1,EQ00001227,Pressure Element,Standby
CMP000001227_2,EQ00001227,Bearing,Standby
CMP000001228_1,EQ00001228,Coupling,Active
CMP000001228_2,EQ00001228,Seal,Standby
CMP000001229_1,EQ00001229,Pressure Element,Standby
CMP000001229_2,EQ00001229,Safety Interlock,Standby
CMP000001229_3,EQ00001229,Motor,Active
CMP000001230_1,EQ00001230,Valve,Active
CMP000001230_2,EQ00001230,Bearing,Standby
CMP000001231_1,EQ00001231,Control Panel,Standby
CMP000001231_2,EQ00001231,Gearbox,Active
CMP000001231_3,EQ00001231,Control Panel,Active
CMP000001232_1,EQ00001232,Bearing,Standby
CMP000001232_2,EQ00001232,Motor,Standby
CMP000001232_3,EQ00001232,Coupling,Active
CMP000001233_1,EQ00001233,Gearbox,Standby
CMP000001233_2,EQ00001233,Valve,Active
CMP000001233_3,EQ00001233,Safety Interlock,Active
CMP000001234_1,EQ00001234,Gearbox,Active
CMP000001234_2,EQ00001234,Coupling,Active
CMP000001234_3,EQ00001234,Seal,Standby
CMP000001235_1,EQ00001235,Seal,Active
CMP000001235_2,EQ00001235,Gearbox,Active
CMP000001235_3,EQ00001235,Lubrication System,Active
CMP000001236_1,EQ00001236,Seal,Active
CMP000001236_2,EQ00001236,Gearbox,Active
CMP000001237_1,EQ00001237,Coupling,Standby
CMP000001237_2,EQ00001237,Bearing,Active
CMP000001237_3,EQ00001237,Control Panel,Standby
CMP000001238_1,EQ00001238,Control Panel,Standby
CMP000001239_1,EQ00001239,Coupling,Active
CMP000001239_2,EQ00001239,Safety Interlock,Standby
CMP000001239_3,EQ00001239,Control Panel,Standby
CMP000001239_4,EQ00001239,Seal,Active
CMP000001240_1,EQ00001240,Control Panel,Active
CMP000001241_1,EQ00001241,Control Panel,Standby
CMP000001241_2,EQ00001241,Coupling,Active
CMP000001241_3,EQ00001241,Safety Interlock,Standby
CMP000001241_4,EQ00001241,Pressure Element,Standby
CMP000001242_1,EQ00001242,Safety Interlock,Standby
CMP000001242_2,EQ00001242,Lubrication System,Standby
CMP000001242_3,EQ00001242,Lubrication System,Standby
CMP000001243_1,EQ00001243,Valve,Standby
CMP000001243_2,EQ00001243,Valve,Active
CMP000001244_1,EQ00001244,Bearing,Standby
CMP000001245_1,EQ00001245,Bearing,Standby
CMP000001245_2,EQ00001245,Lubrication System,Active
CMP000001245_3,EQ00001245,Valve,Standby
CMP000001245_4,EQ00001245,Seal,Standby
CMP000001246_1,EQ00001246,Valve,Active
CMP000001246_2,EQ00001246,Bearing,Active
CMP000001247_1,EQ00001247,Valve,Active
CMP000001247_2,EQ00001247,Motor,Standby
CMP000001248_1,EQ00001248,Safety Interlock,Standby
CMP000001248_2,EQ00001248,Seal,Standby
CMP000001248_3,EQ00001248,Seal,Active
CMP000001248_4,EQ00001248,Safety Interlock,Standby
CMP000001249_1,EQ00001249,Control Panel,Standby
CMP000001249_2,EQ00001249,Gearbox,Standby
CMP000001249_3,EQ00001249,Motor,Active
CMP000001250_1,EQ00001250,Motor,Active
CMP000001250_2,EQ00001250,Control Panel,Active
CMP000001250_3,EQ00001250,Pressure Element,Active
CMP000001250_4,EQ00001250,Gearbox,Standby
CMP000001251_1,EQ00001251,Control Panel,Standby
CMP000001251_2,EQ00001251,Gearbox,Standby
CMP000001251_3,EQ00001251,Lubrication System,Standby
CMP000001252_1,EQ00001252,Gearbox,Active
CMP000001252_2,EQ00001252,Motor,Standby
CMP000001252_3,EQ00001252,Pressure Element,Active
CMP000001253_1,EQ00001253,Gearbox,Active
CMP000001253_2,EQ00001253,Bearing,Standby
CMP000001253_3,EQ00001253,Lubrication System,Active
CMP000001254_1,EQ00001254,Safety Interlock,Standby
CMP000001255_1,EQ00001255,Motor,Active
CMP000001255_2,EQ00001255,Coupling,Active
CMP000001255_3,EQ00001255,Pressure Element,Standby
CMP000001255_4,EQ00001255,Control Panel,Standby
CMP000001256_1,EQ00001256,Valve,Standby
CMP000001256_2,EQ00001256,Motor,Active
CMP000001256_3,EQ00001256,Coupling,Active
CMP000001256_4,EQ00001256,Seal,Active
CMP000001257_1,EQ00001257,Seal,Standby
CMP000001258_1,EQ00001258,Bearing,Active
CMP000001258_2,EQ00001258,Safety Interlock,Standby
CMP000001259_1,EQ00001259,Safety Interlock,Standby
CMP000001259_2,EQ00001259,Pressure Element,Active
CMP000001259_3,EQ00001259,Control Panel,Active
CMP000001260_1,EQ00001260,Coupling,Standby
CMP000001260_2,EQ00001260,Control Panel,Standby
CMP000001260_3,EQ00001260,Coupling,Active
CMP000001260_4,EQ00001260,Safety Interlock,Active
CMP000001261_1,EQ00001261,Seal,Active
CMP000001262_1,EQ00001262,Control Panel,Standby
CMP000001262_2,EQ00001262,Bearing,Standby
CMP000001262_3,EQ00001262,Pressure Element,Active
CMP000001262_4,EQ00001262,Pressure Element,Active
CMP000001263_1,EQ00001263,Valve,Standby
CMP000001263_2,EQ00001263,Coupling,Active
CMP000001263_3,EQ00001263,Valve,Standby
CMP000001263_4,EQ00001263,Safety Interlock,Standby
CMP000001264_1,EQ00001264,Gearbox,Active
CMP000001264_2,EQ00001264,Lubrication System,Active
CMP000001264_3,EQ00001264,Valve,Standby
CMP000001265_1,EQ00001265,Pressure Element,Active
CMP000001266_1,EQ00001266,Valve,Standby
CMP000001266_2,EQ00001266,Control Panel,Standby
CMP000001266_3,EQ00001266,Valve,Standby
CMP000001266_4,EQ00001266,Lubrication System,Standby
CMP000001267_1,EQ00001267,Bearing,Active
CMP000001267_2,EQ00001267,Motor,Standby
CMP000001268_1,EQ00001268,Bearing,Active
CMP000001268_2,EQ00001268,Pressure Element,Standby
CMP000001268_3,EQ00001268,Control Panel,Standby
CMP000001269_1,EQ00001269,Lubrication System,Standby
CMP000001269_2,EQ00001269,Pressure Element,Standby
CMP000001270_1,EQ00001270,Seal,Active
CMP000001270_2,EQ00001270,Valve,Active
CMP000001270_3,EQ00001270,Bearing,Standby
CMP000001271_1,EQ00001271,Seal,Active
CMP000001271_2,EQ00001271,Gearbox,Standby
CMP000001271_3,EQ00001271,Seal,Standby
CMP000001272_1,EQ00001272,Seal,Active
CMP000001272_2,EQ00001272,Pressure Element,Standby
CMP000001273_1,EQ00001273,Motor,Standby
CMP000001274_1,EQ00001274,Safety Interlock,Active
CMP000001274_2,EQ00001274,Lubrication System,Active
CMP000001275_1,EQ00001275,Coupling,Active
CMP000001275_2,EQ00001275,Gearbox,Active
CMP000001275_3,EQ00001275,Bearing,Active
CMP000001276_1,EQ00001276,Control Panel,Active
CMP000001276_2,EQ00001276,Safety Interlock,Standby
CMP000001277_1,EQ00001277,Pressure Element,Standby
CMP000001278_1,EQ00001278,Pressure Element,Active
CMP000001278_2,EQ00001278,Coupling,Standby
CMP000001278_3,EQ00001278,Lubrication System,Standby
CMP000001279_1,EQ00001279,Pressure Element,Standby
CMP000001279_2,EQ00001279,Coupling,Active
CMP000001280_1,EQ00001280,Valve,Standby
CMP000001280_2,EQ00001280,Bearing,Active
CMP000001280_3,EQ00001280,Gearbox,Standby
CMP000001281_1,EQ00001281,Valve,Active
CMP000001282_1,EQ00001282,Coupling,Active
CMP000001283_1,EQ00001283,Seal,Active
CMP000001283_2,EQ00001283,Safety Interlock,Standby
CMP000001283_3,EQ00001283,Bearing,Active
CMP000001284_1,EQ00001284,Gearbox,Standby
CMP000001284_2,EQ00001284,Gearbox,Standby
CMP000001284_3,EQ00001284,Valve,Standby
CMP000001284_4,EQ00001284,Bearing,Standby
CMP000001285_1,EQ00001285,Lubrication System,Standby
CMP000001285_2,EQ00001285,Valve,Standby
CMP000001285_3,EQ00001285,Seal,Active
CMP000001286_1,EQ00001286,Motor,Standby
CMP000001286_2,EQ00001286,Pressure Element,Standby
CMP000001286_3,EQ00001286,Lubrication System,Standby
CMP000001286_4,EQ00001286,Motor,Active
CMP000001287_1,EQ00001287,Control Panel,Active
CMP000001287_2,EQ00001287,Safety Interlock,Standby
CMP000001288_1,EQ00001288,Seal,Active
CMP000001288_2,EQ00001288,Pressure Element,Standby
CMP000001288_3,EQ00001288,Control Panel,Standby
CMP000001289_1,EQ00001289,Seal,Active
CMP000001289_2,EQ00001289,Safety Interlock,Standby
CMP000001289_3,EQ00001289,Valve,Standby
CMP000001289_4,EQ00001289,Motor,Standby
CMP000001290_1,EQ00001290,Seal,Active
CMP000001291_1,EQ00001291,Bearing,Active
CMP000001291_2,EQ00001291,Motor,Standby
CMP000001292_1,EQ00001292,Bearing,Active
CMP000001292_2,EQ00001292,Seal,Active
CMP000001293_1,EQ00001293,Seal,Standby
CMP000001293_2,EQ00001293,Control Panel,Standby
CMP000001293_3,EQ00001293,Lubrication System,Standby
CMP000001294_1,EQ00001294,Safety Interlock,Standby
CMP000001294_2,EQ00001294,Bearing,Standby
CMP000001295_1,EQ00001295,Control Panel,Active
CMP000001295_2,EQ00001295,Pressure Element,Standby
CMP000001295_3,EQ00001295,Valve,Active
CMP000001295_4,EQ00001295,Seal,Active
CMP000001296_1,EQ00001296,Lubrication System,Active
CMP000001296_2,EQ00001296,Valve,Active
CMP000001296_3,EQ00001296,Gearbox,Standby
CMP000001297_1,EQ00001297,Bearing,Active
CMP000001298_1,EQ00001298,Gearbox,Standby
CMP000001298_2,EQ00001298,Pressure Element,Active
CMP000001298_3,EQ00001298,Lubrication System,Standby
CMP000001299_1,EQ00001299,Lubrication System,Active
CMP000001299_2,EQ00001299,Bearing,Active
CMP000001299_3,EQ00001299,Lubrication System,Standby
CMP000001299_4,EQ00001299,Gearbox,Standby
CMP000001300_1,EQ00001300,Control Panel,Standby
CMP000001301_1,EQ00001301,Pressure Element,Standby
CMP000001301_2,EQ00001301,Motor,Active
CMP000001302_1,EQ00001302,Motor,Active
CMP000001302_2,EQ00001302,Gearbox,Active
CMP000001303_1,EQ00001303,Valve,Standby
CMP000001303_2,EQ00001303,Seal,Active
CMP000001303_3,EQ00001303,Pressure Element,Active
CMP000001304_1,EQ00001304,Pressure Element,Standby
CMP000001304_2,EQ00001304,Lubrication System,Standby
CMP000001304_3,EQ00001304,Control Panel,Standby
CMP000001304_4,EQ00001304,Control Panel,Active
CMP000001305_1,EQ00001305,Valve,Standby
CMP000001306_1,EQ00001306,Control Panel,Active
CMP000001307_1,EQ00001307,Coupling,Active
CMP000001307_2,EQ00001307,Pressure Element,Standby
CMP000001307_3,EQ00001307,Control Panel,Standby
CMP000001308_1,EQ00001308,Control Panel,Active
CMP000001308_2,EQ00001308,Gearbox,Standby
CMP000001308_3,EQ00001308,Pressure Element,Standby
CMP000001309_1,EQ00001309,Gearbox,Active
CMP000001310_1,EQ00001310,Safety Interlock,Active
CMP000001311_1,EQ00001311,Seal,Standby
CMP000001311_2,EQ00001311,Valve,Active
CMP000001312_1,EQ00001312,Motor,Standby
CMP000001313_1,EQ00001313,Seal,Standby
CMP000001313_2,EQ00001313,Safety Interlock,Active
CMP000001313_3,EQ00001313,Seal,Standby
CMP000001314_1,EQ00001314,Control Panel,Active
CMP000001315_1,EQ00001315,Seal,Active
CMP000001316_1,EQ00001316,Coupling,Active
CMP000001316_2,EQ00001316,Safety Interlock,Active
CMP000001316_3,EQ00001316,Control Panel,Standby
CMP000001317_1,EQ00001317,Pressure Element,Standby
CMP000001317_2,EQ00001317,Lubrication System,Standby
CMP000001318_1,EQ00001318,Lubrication System,Standby
CMP000001318_2,EQ00001318,Lubrication System,Standby
CMP000001319_1,EQ00001319,Motor,Standby
CMP000001319_2,EQ00001319,Coupling,Standby
CMP000001319_3,EQ00001319,Lubrication System,Active
CMP000001320_1,EQ00001320,Safety Interlock,Active
CMP000001321_1,EQ00001321,Valve,Standby
CMP000001322_1,EQ00001322,Lubrication System,Active
CMP000001323_1,EQ00001323,Gearbox,Active
CMP000001324_1,EQ00001324,Bearing,Active
CMP000001324_2,EQ00001324,Gearbox,Standby
CMP000001325_1,EQ00001325,Coupling,Active
CMP000001325_2,EQ00001325,Pressure Element,Active
CMP000001325_3,EQ00001325,Lubrication System,Standby
CMP000001325_4,EQ00001325,Pressure Element,Standby
CMP000001326_1,EQ00001326,Control Panel,Standby
CMP000001326_2,EQ00001326,Motor,Standby
CMP000001326_3,EQ00001326,Lubrication System,Standby
CMP000001327_1,EQ00001327,Gearbox,Standby
CMP000001327_2,EQ00001327,Motor,Active
CMP000001327_3,EQ00001327,Safety Interlock,Active
CMP000001328_1,EQ00001328,Control Panel,Active
CMP000001328_2,EQ00001328,Valve,Active
CMP000001329_1,EQ00001329,Coupling,Active
CMP000001329_2,EQ00001329,Safety Interlock,Standby
CMP000001329_3,EQ00001329,Gearbox,Active
CMP000001330_1,EQ00001330,Control Panel,Active
CMP000001330_2,EQ00001330,Seal,Active
CMP000001331_1,EQ00001331,Valve,Active
CMP000001332_1,EQ00001332,Motor,Standby
CMP000001333_1,EQ00001333,Motor,Active
CMP000001333_2,EQ00001333,Pressure Element,Standby
CMP000001333_3,EQ00001333,Bearing,Standby
CMP000001333_4,EQ00001333,Valve,Standby
CMP000001334_1,EQ00001334,Lubrication System,Standby
CMP000001335_1,EQ00001335,Coupling,Active
CMP000001335_2,EQ00001335,Control Panel,Active
CMP000001336_1,EQ00001336,Coupling,Active
CMP000001336_2,EQ00001336,Valve,Active
CMP000001337_1,EQ00001337,Motor,Standby
CMP000001338_1,EQ00001338,Coupling,Standby
CMP000001339_1,EQ00001339,Pressure Element,Active
CMP000001340_1,EQ00001340,Valve,Active
CMP000001340_2,EQ00001340,Lubrication System,Active
CMP000001341_1,EQ00001341,Valve,Standby
CMP000001342_1,EQ00001342,Valve,Active
CMP000001342_2,EQ00001342,Gearbox,Active
CMP000001342_3,EQ00001342,Gearbox,Active
CMP000001342_4,EQ00001342,Coupling,Standby
CMP000001343_1,EQ00001343,Safety Interlock,Standby
CMP000001343_2,EQ00001343,Lubrication System,Standby
CMP000001343_3,EQ00001343,Pressure Element,Standby
CMP000001343_4,EQ00001343,Valve,Standby
CMP000001344_1,EQ00001344,Gearbox,Standby
CMP000001344_2,EQ00001344,Motor,Standby
CMP000001344_3,EQ00001344,Seal,Active
CMP000001345_1,EQ00001345,Coupling,Standby
CMP000001345_2,EQ00001345,Bearing,Active
CMP000001345_3,EQ00001345,Control Panel,Active
CMP000001346_1,EQ00001346,Valve,Standby
CMP000001346_2,EQ00001346,Lubrication System,Standby
CMP000001346_3,EQ00001346,Bearing,Standby
CMP000001346_4,EQ00001346,Control Panel,Standby
CMP000001347_1,EQ00001347,Seal,Standby
CMP000001348_1,EQ00001348,Bearing,Standby
CMP000001349_1,EQ00001349,Motor,Standby
CMP000001349_2,EQ00001349,Control Panel,Active
CMP000001349_3,EQ00001349,Motor,Active
CMP000001350_1,EQ00001350,Bearing,Standby
CMP000001350_2,EQ00001350,Motor,Standby
CMP000001351_1,EQ00001351,Valve,Active
CMP000001352_1,EQ00001352,Seal,Active
CMP000001353_1,EQ00001353,Safety Interlock,Active
CMP000001353_2,EQ00001353,Bearing,Active
CMP000001353_3,EQ00001353,Coupling,Standby
CMP000001353_4,EQ00001353,Pressure Element,Active
CMP000001354_1,EQ00001354,Bearing,Standby
CMP000001354_2,EQ00001354,Coupling,Active
CMP000001354_3,EQ00001354,Coupling,Standby
CMP000001354_4,EQ00001354,Bearing,Standby
CMP000001355_1,EQ00001355,Valve,Active
CMP000001355_2,EQ00001355,Safety Interlock,Standby
CMP000001355_3,EQ00001355,Seal,Active
CMP000001356_1,EQ00001356,Coupling,Active
CMP000001357_1,EQ00001357,Safety Interlock,Standby
CMP000001357_2,EQ00001357,Bearing,Active
CMP000001358_1,EQ00001358,Lubrication System,Active
CMP000001358_2,EQ00001358,Bearing,Active
CMP000001358_3,EQ00001358,Bearing,Active
CMP000001358_4,EQ00001358,Motor,Active
CMP000001359_1,EQ00001359,Control Panel,Standby
CMP000001359_2,EQ00001359,Motor,Standby
CMP000001360_1,EQ00001360,Coupling,Active
CMP000001360_2,EQ00001360,Lubrication System,Active
CMP000001360_3,EQ00001360,Motor,Active
CMP000001361_1,EQ00001361,Valve,Active
CMP000001361_2,EQ00001361,Safety Interlock,Active
CMP000001362_1,EQ00001362,Pressure Element,Standby
CMP000001362_2,EQ00001362,Lubrication System,Standby
CMP000001362_3,EQ00001362,Lubrication System,Active
CMP000001362_4,EQ00001362,Valve,Active
CMP000001363_1,EQ00001363,Safety Interlock,Active
CMP000001363_2,EQ00001363,Lubrication System,Active
CMP000001363_3,EQ00001363,Valve,Standby
CMP000001363_4,EQ00001363,Safety Interlock,Standby
CMP000001364_1,EQ00001364,Seal,Standby
CMP000001365_1,EQ00001365,Bearing,Standby
CMP000001366_1,EQ00001366,Pressure Element,Standby
CMP000001366_2,EQ00001366,Seal,Standby
CMP000001366_3,EQ00001366,Lubrication System,Active
CMP000001367_1,EQ00001367,Gearbox,Standby
CMP000001367_2,EQ00001367,Motor,Standby
CMP000001368_1,EQ00001368,Valve,Active
CMP000001368_2,EQ00001368,Coupling,Standby
CMP000001368_3,EQ00001368,Safety Interlock,Active
CMP000001369_1,EQ00001369,Pressure Element,Active
CMP000001369_2,EQ00001369,Control Panel,Active
CMP000001369_3,EQ00001369,Valve,Active
CMP000001369_4,EQ00001369,Lubrication System,Standby
CMP000001370_1,EQ00001370,Valve,Standby
CMP000001371_1,EQ00001371,Control Panel,Active
CMP000001372_1,EQ00001372,Control Panel,Standby
CMP000001372_2,EQ00001372,Motor,Active
CMP000001372_3,EQ00001372,Lubrication System,Active
CMP000001372_4,EQ00001372,Motor,Standby
CMP000001373_1,EQ00001373,Valve,Active
CMP000001373_2,EQ00001373,Valve,Standby
CMP000001373_3,EQ00001373,Seal,Active
CMP000001374_1,EQ00001374,Coupling,Active
CMP000001374_2,EQ00001374,Coupling,Standby
CMP000001374_3,EQ00001374,Valve,Active
CMP000001375_1,EQ00001375,Coupling,Active
CMP000001376_1,EQ00001376,Bearing,Standby
CMP000001377_1,EQ00001377,Bearing,Standby
CMP000001377_2,EQ00001377,Safety Interlock,Standby
CMP000001377_3,EQ00001377,Lubrication System,Active
CMP000001378_1,EQ00001378,Coupling,Active
CMP000001379_1,EQ00001379,Safety Interlock,Active
CMP000001379_2,EQ00001379,Safety Interlock,Standby
CMP000001379_3,EQ00001379,Safety Interlock,Active
CMP000001379_4,EQ00001379,Safety Interlock,Active
CMP000001380_1,EQ00001380,Valve,Active
CMP000001380_2,EQ00001380,Safety Interlock,Standby
CMP000001380_3,EQ00001380,Gearbox,Active
CMP000001380_4,EQ00001380,Valve,Standby
CMP000001381_1,EQ00001381,Valve,Standby
CMP000001382_1,EQ00001382,Pressure Element,Standby
CMP000001383_1,EQ00001383,Control Panel,Active
CMP000001383_2,EQ00001383,Safety Interlock,Active
CMP000001383_3,EQ00001383,Coupling,Standby
CMP000001384_1,EQ00001384,Coupling,Standby
CMP000001385_1,EQ00001385,Valve,Standby
CMP000001386_1,EQ00001386,Seal,Standby
CMP000001386_2,EQ00001386,Pressure Element,Standby
CMP000001387_1,EQ00001387,Safety Interlock,Active
CMP000001387_2,EQ00001387,Gearbox,Active
CMP000001387_3,EQ00001387,Lubrication System,Active
CMP000001388_1,EQ00001388,Gearbox,Active
CMP000001388_2,EQ00001388,Lubrication System,Standby
CMP000001388_3,EQ00001388,Safety Interlock,Standby
CMP000001389_1,EQ00001389,Gearbox,Active
CMP000001389_2,EQ00001389,Coupling,Standby
CMP000001389_3,EQ00001389,Motor,Active
CMP000001389_4,EQ00001389,Valve,Standby
CMP000001390_1,EQ00001390,Control Panel,Active
CMP000001390_2,EQ00001390,Gearbox,Standby
CMP000001390_3,EQ00001390,Safety Interlock,Active
CMP000001390_4,EQ00001390,Motor,Standby
CMP000001391_1,EQ00001391,Seal,Standby
CMP000001392_1,EQ00001392,Pressure Element,Standby
CMP000001392_2,EQ00001392,Bearing,Standby
CMP000001392_3,EQ00001392,Seal,Active
CMP000001393_1,EQ00001393,Lubrication System,Standby
CMP000001393_2,EQ00001393,Pressure Element,Active
CMP000001393_3,EQ00001393,Control Panel,Active
CMP000001394_1,EQ00001394,Control Panel,Active
CMP000001394_2,EQ00001394,Seal,Active
CMP000001394_3,EQ00001394,Pressure Element,Active
CMP000001394_4,EQ00001394,Lubrication System,Active
CMP000001395_1,EQ00001395,Gearbox,Standby
CMP000001395_2,EQ00001395,Safety Interlock,Standby
CMP000001395_3,EQ00001395,Bearing,Standby
CMP000001396_1,EQ00001396,Pressure Element,Standby
CMP000001396_2,EQ00001396,Motor,Standby
CMP000001396_3,EQ00001396,Bearing,Standby
CMP000001397_1,EQ00001397,Bearing,Standby
CMP000001397_2,EQ00001397,Motor,Standby
CMP000001397_3,EQ00001397,Gearbox,Active
CMP000001397_4,EQ00001397,Bearing,Active
CMP000001398_1,EQ00001398,Pressure Element,Standby
CMP000001399_1,EQ00001399,Safety Interlock,Standby
CMP000001400_1,EQ00001400,Pressure Element,Standby
CMP000001400_2,EQ00001400,Valve,Active
CMP000001401_1,EQ00001401,Motor,Active
CMP000001401_2,EQ00001401,Control Panel,Standby
CMP000001402_1,EQ00001402,Pressure Element,Active
CMP000001403_1,EQ00001403,Pressure Element,Standby
CMP000001403_2,EQ00001403,Gearbox,Standby
CMP000001403_3,EQ00001403,Bearing,Standby
CMP000001404_1,EQ00001404,Motor,Active
CMP000001404_2,EQ00001404,Motor,Active
CMP000001404_3,EQ00001404,Gearbox,Active
CMP000001405_1,EQ00001405,Safety Interlock,Active
CMP000001405_2,EQ00001405,Pressure Element,Standby
CMP000001405_3,EQ00001405,Lubrication System,Standby
CMP000001406_1,EQ00001406,Valve,Active
CMP000001407_1,EQ00001407,Valve,Active
CMP000001407_2,EQ00001407,Control Panel,Active
CMP000001408_1,EQ00001408,Motor,Standby
CMP000001408_2,EQ00001408,Motor,Active
CMP000001409_1,EQ00001409,Coupling,Standby
CMP000001409_2,EQ00001409,Pressure Element,Active
CMP000001410_1,EQ00001410,Pressure Element,Standby
CMP000001410_2,EQ00001410,Gearbox,Active
CMP000001410_3,EQ00001410,Pressure Element,Active
CMP000001411_1,EQ00001411,Valve,Active
CMP000001411_2,EQ00001411,Valve,Active
CMP000001412_1,EQ00001412,Control Panel,Active
CMP000001412_2,EQ00001412,Seal,Standby
CMP000001412_3,EQ00001412,Gearbox,Active
CMP000001413_1,EQ00001413,Seal,Active
CMP000001413_2,EQ00001413,Pressure Element,Active
CMP000001413_3,EQ00001413,Coupling,Standby
CMP000001413_4,EQ00001413,Valve,Standby
CMP000001414_1,EQ00001414,Pressure Element,Active
CMP000001415_1,EQ00001415,Coupling,Active
CMP000001415_2,EQ00001415,Control Panel,Active
CMP000001415_3,EQ00001415,Control Panel,Active
CMP000001416_1,EQ00001416,Motor,Active
CMP000001416_2,EQ00001416,Seal,Active
CMP000001416_3,EQ00001416,Pressure Element,Standby
CMP000001416_4,EQ00001416,Lubrication System,Standby
CMP000001417_1,EQ00001417,Safety Interlock,Standby
CMP000001417_2,EQ00001417,Motor,Standby
CMP000001418_1,EQ00001418,Coupling,Standby
CMP000001418_2,EQ00001418,Lubrication System,Standby
CMP000001418_3,EQ00001418,Safety Interlock,Active
CMP000001419_1,EQ00001419,Bearing,Standby
CMP000001419_2,EQ00001419,Safety Interlock,Standby
CMP000001419_3,EQ00001419,Lubrication System,Active
CMP000001420_1,EQ00001420,Control Panel,Standby
CMP000001420_2,EQ00001420,Motor,Standby
CMP000001420_3,EQ00001420,Motor,Standby
CMP000001420_4,EQ00001420,Control Panel,Standby
CMP000001421_1,EQ00001421,Seal,Standby
CMP000001421_2,EQ00001421,Bearing,Standby
CMP000001421_3,EQ00001421,Seal,Active
CMP000001421_4,EQ00001421,Control Panel,Active
CMP000001422_1,EQ00001422,Gearbox,Standby
CMP000001423_1,EQ00001423,Bearing,Active
CMP000001423_2,EQ00001423,Valve,Active
CMP000001424_1,EQ00001424,Seal,Active
CMP000001424_2,EQ00001424,Seal,Standby
CMP000001425_1,EQ00001425,Gearbox,Standby
CMP000001425_2,EQ00001425,Safety Interlock,Standby
CMP000001426_1,EQ00001426,Control Panel,Active
CMP000001426_2,EQ00001426,Lubrication System,Standby
CMP000001426_3,EQ00001426,Safety Interlock,Active
CMP000001427_1,EQ00001427,Valve,Standby
CMP000001427_2,EQ00001427,Valve,Standby
CMP000001427_3,EQ00001427,Control Panel,Active
CMP000001428_1,EQ00001428,Bearing,Active
CMP000001429_1,EQ00001429,Bearing,Active
CMP000001429_2,EQ00001429,Motor,Standby
CMP000001430_1,EQ00001430,Safety Interlock,Active
CMP000001430_2,EQ00001430,Safety Interlock,Standby
CMP000001430_3,EQ00001430,Valve,Active
CMP000001431_1,EQ00001431,Gearbox,Active
CMP000001431_2,EQ00001431,Pressure Element,Standby
CMP000001431_3,EQ00001431,Safety Interlock,Standby
CMP000001431_4,EQ00001431,Valve,Standby
CMP000001432_1,EQ00001432,Bearing,Standby
CMP000001432_2,EQ00001432,Seal,Standby
CMP000001432_3,EQ00001432,Motor,Standby
CMP000001433_1,EQ00001433,Safety Interlock,Standby
CMP000001433_2,EQ00001433,Seal,Standby
CMP000001433_3,EQ00001433,Seal,Active
CMP000001434_1,EQ00001434,Control Panel,Standby
CMP000001435_1,EQ00001435,Bearing,Standby
CMP000001436_1,EQ00001436,Control Panel,Standby
CMP000001437_1,EQ00001437,Safety Interlock,Standby
CMP000001437_2,EQ00001437,Gearbox,Standby
CMP000001437_3,EQ00001437,Lubrication System,Active
CMP000001437_4,EQ00001437,Control Panel,Standby
CMP000001438_1,EQ00001438,Gearbox,Standby
CMP000001439_1,EQ00001439,Coupling,Active
CMP000001439_2,EQ00001439,Valve,Active
CMP000001440_1,EQ00001440,Lubrication System,Active
CMP000001440_2,EQ00001440,Pressure Element,Standby
CMP000001440_3,EQ00001440,Safety Interlock,Standby
CMP000001440_4,EQ00001440,Control Panel,Active
CMP000001441_1,EQ00001441,Safety Interlock,Active
CMP000001441_2,EQ00001441,Gearbox,Active
CMP000001441_3,EQ00001441,Control Panel,Active
CMP000001441_4,EQ00001441,Coupling,Active
CMP000001442_1,EQ00001442,Control Panel,Standby
CMP000001443_1,EQ00001443,Safety Interlock,Standby
CMP000001443_2,EQ00001443,Safety Interlock,Standby
CMP000001443_3,EQ00001443,Motor,Standby
CMP000001444_1,EQ00001444,Motor,Standby
CMP000001444_2,EQ00001444,Valve,Standby
CMP000001444_3,EQ00001444,Gearbox,Active
CMP000001445_1,EQ00001445,Seal,Standby
CMP000001445_2,EQ00001445,Valve,Active
CMP000001445_3,EQ00001445,Motor,Standby
CMP000001445_4,EQ00001445,Seal,Active
CMP000001446_1,EQ00001446,Control Panel,Active
CMP000001446_2,EQ00001446,Coupling,Standby
CMP000001446_3,EQ00001446,Motor,Active
CMP000001446_4,EQ00001446,Bearing,Standby
CMP000001447_1,EQ00001447,Lubrication System,Active
CMP000001447_2,EQ00001447,Valve,Active
CMP000001447_3,EQ00001447,Bearing,Standby
CMP000001447_4,EQ00001447,Valve,Active
CMP000001448_1,EQ00001448,Valve,Standby
CMP000001448_2,EQ00001448,Control Panel,Active
CMP000001449_1,EQ00001449,Seal,Standby
CMP000001450_1,EQ00001450,Valve,Active
CMP000001450_2,EQ00001450,Safety Interlock,Standby
CMP000001450_3,EQ00001450,Coupling,Standby
CMP000001450_4,EQ00001450,Control Panel,Active
CMP000001451_1,EQ00001451,Seal,Active
CMP000001451_2,EQ00001451,Motor,Standby
CMP000001452_1,EQ00001452,Safety Interlock,Active
CMP000001452_2,EQ00001452,Coupling,Standby
CMP000001452_3,EQ00001452,Gearbox,Active
CMP000001453_1,EQ00001453,Bearing,Standby
CMP000001453_2,EQ00001453,Safety Interlock,Standby
CMP000001454_1,EQ00001454,Seal,Standby
CMP000001455_1,EQ00001455,Gearbox,Standby
CMP000001455_2,EQ00001455,Safety Interlock,Standby
CMP000001455_3,EQ00001455,Valve,Active
CMP000001455_4,EQ00001455,Gearbox,Standby
CMP000001456_1,EQ00001456,Gearbox,Active
CMP000001456_2,EQ00001456,Seal,Active
CMP000001456_3,EQ00001456,Motor,Standby
CMP000001457_1,EQ00001457,Control Panel,Active
CMP000001457_2,EQ00001457,Gearbox,Active
CMP000001457_3,EQ00001457,Motor,Active
CMP000001458_1,EQ00001458,Motor,Standby
CMP000001458_2,EQ00001458,Bearing,Active
CMP000001459_1,EQ00001459,Pressure Element,Standby
CMP000001460_1,EQ00001460,Bearing,Active
CMP000001461_1,EQ00001461,Seal,Standby
CMP000001461_2,EQ00001461,Control Panel,Active
CMP000001461_3,EQ00001461,Seal,Active
CMP000001461_4,EQ00001461,Control Panel,Active
CMP000001462_1,EQ00001462,Coupling,Active
CMP000001462_2,EQ00001462,Gearbox,Active
CMP000001462_3,EQ00001462,Coupling,Active
CMP000001462_4,EQ00001462,Control Panel,Standby
CMP000001463_1,EQ00001463,Bearing,Standby
CMP000001464_1,EQ00001464,Seal,Standby
CMP000001464_2,EQ00001464,Valve,Standby
CMP000001464_3,EQ00001464,Valve,Standby
CMP000001464_4,EQ00001464,Lubrication System,Standby
CMP000001465_1,EQ00001465,Valve,Standby
CMP000001465_2,EQ00001465,Motor,Standby
CMP000001465_3,EQ00001465,Valve,Standby
CMP000001466_1,EQ00001466,Coupling,Standby
CMP000001466_2,EQ00001466,Pressure Element,Standby
CMP000001467_1,EQ00001467,Seal,Standby
CMP000001468_1,EQ00001468,Seal,Active
CMP000001468_2,EQ00001468,Safety Interlock,Active
CMP000001468_3,EQ00001468,Bearing,Active
CMP000001469_1,EQ00001469,Coupling,Standby
CMP000001469_2,EQ00001469,Seal,Standby
CMP000001469_3,EQ00001469,Seal,Standby
CMP000001470_1,EQ00001470,Control Panel,Standby
CMP000001470_2,EQ00001470,Coupling,Standby
CMP000001470_3,EQ00001470,Control Panel,Standby
CMP000001471_1,EQ00001471,Lubrication System,Standby
CMP000001471_2,EQ00001471,Valve,Standby
CMP000001471_3,EQ00001471,Coupling,Active
CMP000001471_4,EQ00001471,Gearbox,Standby
CMP000001472_1,EQ00001472,Coupling,Active
CMP000001472_2,EQ00001472,Motor,Standby
CMP000001472_3,EQ00001472,Motor,Standby
CMP000001472_4,EQ00001472,Gearbox,Standby
CMP000001473_1,EQ00001473,Control Panel,Active
CMP000001474_1,EQ00001474,Lubrication System,Standby
CMP000001474_2,EQ00001474,Lubrication System,Standby
CMP000001475_1,EQ00001475,Safety Interlock,Standby
CMP000001475_2,EQ00001475,Valve,Active
CMP000001475_3,EQ00001475,Pressure Element,Standby
CMP000001476_1,EQ00001476,Coupling,Standby
CMP000001476_2,EQ00001476,Seal,Standby
CMP000001477_1,EQ00001477,Bearing,Standby
CMP000001478_1,EQ00001478,Motor,Standby
CMP000001479_1,EQ00001479,Lubrication System,Active
CMP000001479_2,EQ00001479,Gearbox,Standby
CMP000001479_3,EQ00001479,Bearing,Active
CMP000001480_1,EQ00001480,Safety Interlock,Standby
CMP000001481_1,EQ00001481,Lubrication System,Active
CMP000001481_2,EQ00001481,Motor,Active
CMP000001482_1,EQ00001482,Seal,Standby
CMP000001482_2,EQ00001482,Coupling,Active
CMP000001482_3,EQ00001482,Control Panel,Active
CMP000001483_1,EQ00001483,Valve,Standby
CMP000001483_2,EQ00001483,Gearbox,Standby
CMP000001483_3,EQ00001483,Valve,Active
CMP000001484_1,EQ00001484,Control Panel,Standby
CMP000001484_2,EQ00001484,Seal,Active
CMP000001484_3,EQ00001484,Valve,Active
CMP000001485_1,EQ00001485,Control Panel,Standby
CMP000001485_2,EQ00001485,Valve,Active
CMP000001485_3,EQ00001485,Bearing,Standby
CMP000001485_4,EQ00001485,Coupling,Standby
CMP000001486_1,EQ00001486,Gearbox,Active
CMP000001486_2,EQ00001486,Lubrication System,Standby
CMP000001486_3,EQ00001486,Control Panel,Standby
CMP000001486_4,EQ00001486,Safety Interlock,Standby
CMP000001487_1,EQ00001487,Seal,Active
CMP000001487_2,EQ00001487,Lubrication System,Active
CMP000001487_3,EQ00001487,Motor,Standby
CMP000001488_1,EQ00001488,Seal,Active
CMP000001488_2,EQ00001488,Lubrication System,Standby
CMP000001488_3,EQ00001488,Safety Interlock,Active
CMP000001488_4,EQ00001488,Safety Interlock,Standby
CMP000001489_1,EQ00001489,Coupling,Active
CMP000001489_2,EQ00001489,Motor,Active
CMP000001489_3,EQ00001489,Bearing,Standby
CMP000001490_1,EQ00001490,Control Panel,Standby
CMP000001490_2,EQ00001490,Motor,Active
CMP000001490_3,EQ00001490,Seal,Active
CMP000001490_4,EQ00001490,Seal,Standby
CMP000001491_1,EQ00001491,Control Panel,Active
CMP000001491_2,EQ00001491,Pressure Element,Standby
CMP000001491_3,EQ00001491,Lubrication System,Standby
CMP000001492_1,EQ00001492,Bearing,Active
CMP000001493_1,EQ00001493,Safety Interlock,Active
CMP000001493_2,EQ00001493,Motor,Standby
CMP000001494_1,EQ00001494,Motor,Standby
CMP000001494_2,EQ00001494,Pressure Element,Standby
CMP000001495_1,EQ00001495,Seal,Active
CMP000001495_2,EQ00001495,Bearing,Active
CMP000001495_3,EQ00001495,Valve,Standby
CMP000001495_4,EQ00001495,Lubrication System,Standby
CMP000001496_1,EQ00001496,Lubrication System,Active
CMP000001496_2,EQ00001496,Control Panel,Active
CMP000001496_3,EQ00001496,Lubrication System,Standby
CMP000001497_1,EQ00001497,Motor,Standby
CMP000001497_2,EQ00001497,Bearing,Standby
CMP000001497_3,EQ00001497,Control Panel,Active
CMP000001498_1,EQ00001498,Gearbox,Active
CMP000001499_1,EQ00001499,Motor,Standby
CMP000001499_2,EQ00001499,Bearing,Standby
CMP000001500_1,EQ00001500,Pressure Element,Active
CMP000001500_2,EQ00001500,Valve,Standby
CMP000001500_3,EQ00001500,Bearing,Standby
CMP000001500_4,EQ00001500,Seal,Standby
CMP000001501_1,EQ00001501,Coupling,Active
CMP000001501_2,EQ00001501,Bearing,Active
CMP000001501_3,EQ00001501,Motor,Standby
CMP000001502_1,EQ00001502,Bearing,Active
CMP000001502_2,EQ00001502,Bearing,Standby
CMP000001502_3,EQ00001502,Safety Interlock,Active
CMP000001503_1,EQ00001503,Safety Interlock,Standby
CMP000001503_2,EQ00001503,Safety Interlock,Active
CMP000001503_3,EQ00001503,Control Panel,Active
CMP000001503_4,EQ00001503,Gearbox,Standby
CMP000001504_1,EQ00001504,Bearing,Active
CMP000001504_2,EQ00001504,Lubrication System,Standby
CMP000001505_1,EQ00001505,Lubrication System,Standby
CMP000001506_1,EQ00001506,Bearing,Standby
CMP000001506_2,EQ00001506,Valve,Standby
CMP000001506_3,EQ00001506,Seal,Standby
CMP000001506_4,EQ00001506,Bearing,Active
CMP000001507_1,EQ00001507,Safety Interlock,Standby
CMP000001508_1,EQ00001508,Coupling,Active
CMP000001508_2,EQ00001508,Seal,Active
CMP000001508_3,EQ00001508,Seal,Active
CMP000001509_1,EQ00001509,Motor,Standby
CMP000001509_2,EQ00001509,Pressure Element,Standby
CMP000001509_3,EQ00001509,Pressure Element,Standby
CMP000001510_1,EQ00001510,Safety Interlock,Active
CMP000001510_2,EQ00001510,Valve,Active
CMP000001510_3,EQ00001510,Gearbox,Active
CMP000001511_1,EQ00001511,Coupling,Standby
CMP000001511_2,EQ00001511,Control Panel,Standby
CMP000001511_3,EQ00001511,Pressure Element,Standby
CMP000001511_4,EQ00001511,Safety Interlock,Standby
CMP000001512_1,EQ00001512,Gearbox,Active
CMP000001512_2,EQ00001512,Gearbox,Active
CMP000001513_1,EQ00001513,Gearbox,Standby
CMP000001513_2,EQ00001513,Lubrication System,Standby
CMP000001514_1,EQ00001514,Lubrication System,Active
CMP000001515_1,EQ00001515,Bearing,Standby
CMP000001515_2,EQ00001515,Valve,Active
CMP000001515_3,EQ00001515,Valve,Standby
CMP000001515_4,EQ00001515,Gearbox,Active
CMP000001516_1,EQ00001516,Seal,Standby
CMP000001516_2,EQ00001516,Lubrication System,Active
CMP000001516_3,EQ00001516,Bearing,Active
CMP000001517_1,EQ00001517,Lubrication System,Standby
CMP000001517_2,EQ00001517,Lubrication System,Active
CMP000001517_3,EQ00001517,Control Panel,Active
CMP000001517_4,EQ00001517,Coupling,Active
CMP000001518_1,EQ00001518,Coupling,Active
CMP000001518_2,EQ00001518,Bearing,Active
CMP000001519_1,EQ00001519,Gearbox,Active
CMP000001520_1,EQ00001520,Coupling,Standby
CMP000001521_1,EQ00001521,Gearbox,Active
CMP000001521_2,EQ00001521,Motor,Standby
CMP000001521_3,EQ00001521,Seal,Standby
CMP000001522_1,EQ00001522,Motor,Active
CMP000001522_2,EQ00001522,Coupling,Active
CMP000001523_1,EQ00001523,Gearbox,Standby
CMP000001523_2,EQ00001523,Coupling,Active
CMP000001524_1,EQ00001524,Seal,Active
CMP000001525_1,EQ00001525,Pressure Element,Active
CMP000001525_2,EQ00001525,Seal,Standby
CMP000001526_1,EQ00001526,Pressure Element,Active
CMP000001526_2,EQ00001526,Seal,Active
CMP000001527_1,EQ00001527,Safety Interlock,Standby
CMP000001528_1,EQ00001528,Valve,Active
CMP000001528_2,EQ00001528,Gearbox,Standby
CMP000001529_1,EQ00001529,Coupling,Standby
CMP000001529_2,EQ00001529,Gearbox,Standby
CMP000001529_3,EQ00001529,Coupling,Active
CMP000001529_4,EQ00001529,Bearing,Standby
CMP000001530_1,EQ00001530,Pressure Element,Active
CMP000001531_1,EQ00001531,Control Panel,Standby
CMP000001531_2,EQ00001531,Motor,Standby
CMP000001531_3,EQ00001531,Coupling,Standby
CMP000001532_1,EQ00001532,Lubrication System,Standby
CMP000001532_2,EQ00001532,Motor,Standby
CMP000001532_3,EQ00001532,Pressure Element,Active
CMP000001532_4,EQ00001532,Bearing,Active
CMP000001533_1,EQ00001533,Safety Interlock,Active
CMP000001533_2,EQ00001533,Seal,Standby
CMP000001533_3,EQ00001533,Gearbox,Active
CMP000001534_1,EQ00001534,Valve,Standby
CMP000001534_2,EQ00001534,Valve,Active
CMP000001534_3,EQ00001534,Coupling,Active
CMP000001534_4,EQ00001534,Seal,Active
CMP000001535_1,EQ00001535,Coupling,Standby
CMP000001536_1,EQ00001536,Control Panel,Standby
CMP000001536_2,EQ00001536,Lubrication System,Active
CMP000001536_3,EQ00001536,Coupling,Standby
CMP000001536_4,EQ00001536,Motor,Active
CMP000001537_1,EQ00001537,Motor,Standby
CMP000001537_2,EQ00001537,Bearing,Active
CMP000001538_1,EQ00001538,Control Panel,Standby
CMP000001538_2,EQ00001538,Pressure Element,Standby
CMP000001538_3,EQ00001538,Motor,Standby
CMP000001538_4,EQ00001538,Safety Interlock,Standby
CMP000001539_1,EQ00001539,Valve,Standby
CMP000001540_1,EQ00001540,Gearbox,Active
CMP000001541_1,EQ00001541,Bearing,Active
CMP000001541_2,EQ00001541,Control Panel,Active
CMP000001542_1,EQ00001542,Control Panel,Active
CMP000001542_2,EQ00001542,Lubrication System,Standby
CMP000001542_3,EQ00001542,Safety Interlock,Active
CMP000001542_4,EQ00001542,Control Panel,Standby
CMP000001543_1,EQ00001543,Valve,Standby
CMP000001544_1,EQ00001544,Seal,Standby
CMP000001545_1,EQ00001545,Safety Interlock,Active
CMP000001545_2,EQ00001545,Pressure Element,Active
CMP000001545_3,EQ00001545,Valve,Active
CMP000001545_4,EQ00001545,Lubrication System,Standby
CMP000001546_1,EQ00001546,Coupling,Standby
CMP000001546_2,EQ00001546,Control Panel,Active
CMP000001546_3,EQ00001546,Seal,Standby
CMP000001546_4,EQ00001546,Valve,Standby
CMP000001547_1,EQ00001547,Seal,Standby
CMP000001548_1,EQ00001548,Motor,Standby
CMP000001549_1,EQ00001549,Control Panel,Active
CMP000001549_2,EQ00001549,Bearing,Active
CMP000001549_3,EQ00001549,Motor,Active
CMP000001550_1,EQ00001550,Pressure Element,Active
CMP000001550_2,EQ00001550,Coupling,Standby
CMP000001550_3,EQ00001550,Gearbox,Active
CMP000001550_4,EQ00001550,Bearing,Standby
CMP000001551_1,EQ00001551,Lubrication System,Standby
CMP000001552_1,EQ00001552,Coupling,Active
CMP000001552_2,EQ00001552,Safety Interlock,Active
CMP000001553_1,EQ00001553,Pressure Element,Standby
CMP000001554_1,EQ00001554,Coupling,Standby
CMP000001554_2,EQ00001554,Safety Interlock,Standby
CMP000001555_1,EQ00001555,Safety Interlock,Active
CMP000001555_2,EQ00001555,Bearing,Active
CMP000001556_1,EQ00001556,Safety Interlock,Active
CMP000001556_2,EQ00001556,Motor,Standby
CMP000001556_3,EQ00001556,Safety Interlock,Active
CMP000001557_1,EQ00001557,Motor,Standby
CMP000001557_2,EQ00001557,Safety Interlock,Active
CMP000001557_3,EQ00001557,Gearbox,Standby
CMP000001558_1,EQ00001558,Control Panel,Standby
CMP000001558_2,EQ00001558,Bearing,Active
CMP000001558_3,EQ00001558,Coupling,Active
CMP000001558_4,EQ00001558,Safety Interlock,Active
CMP000001559_1,EQ00001559,Motor,Standby
CMP000001559_2,EQ00001559,Coupling,Active
CMP000001559_3,EQ00001559,Bearing,Active
CMP000001559_4,EQ00001559,Coupling,Standby
CMP000001560_1,EQ00001560,Safety Interlock,Standby
CMP000001561_1,EQ00001561,Bearing,Active
CMP000001562_1,EQ00001562,Control Panel,Active
CMP000001562_2,EQ00001562,Seal,Active
CMP000001563_1,EQ00001563,Motor,Standby
CMP000001563_2,EQ00001563,Lubrication System,Active
CMP000001563_3,EQ00001563,Control Panel,Standby
CMP000001564_1,EQ00001564,Seal,Standby
CMP000001565_1,EQ00001565,Control Panel,Standby
CMP000001565_2,EQ00001565,Motor,Active
CMP000001565_3,EQ00001565,Gearbox,Active
CMP000001565_4,EQ00001565,Gearbox,Standby
CMP000001566_1,EQ00001566,Gearbox,Active
CMP000001566_2,EQ00001566,Valve,Standby
CMP000001566_3,EQ00001566,Pressure Element,Active
CMP000001566_4,EQ00001566,Seal,Standby
CMP000001567_1,EQ00001567,Gearbox,Active
CMP000001567_2,EQ00001567,Pressure Element,Active
CMP000001568_1,EQ00001568,Coupling,Active
CMP000001568_2,EQ00001568,Coupling,Active
CMP000001569_1,EQ00001569,Seal,Active
CMP000001569_2,EQ00001569,Control Panel,Active
CMP000001569_3,EQ00001569,Motor,Standby
CMP000001569_4,EQ00001569,Valve,Standby
CMP000001570_1,EQ00001570,Motor,Standby
CMP000001570_2,EQ00001570,Valve,Standby
CMP000001570_3,EQ00001570,Pressure Element,Active
CMP000001570_4,EQ00001570,Seal,Active
CMP000001571_1,EQ00001571,Coupling,Standby
CMP000001572_1,EQ00001572,Coupling,Active
CMP000001573_1,EQ00001573,Lubrication System,Active
CMP000001573_2,EQ00001573,Safety Interlock,Active
CMP000001573_3,EQ00001573,Coupling,Active
CMP000001574_1,EQ00001574,Gearbox,Standby
CMP000001574_2,EQ00001574,Seal,Active
CMP000001574_3,EQ00001574,Coupling,Active
CMP000001574_4,EQ00001574,Gearbox,Standby
CMP000001575_1,EQ00001575,Bearing,Active
CMP000001575_2,EQ00001575,Control Panel,Active
CMP000001575_3,EQ00001575,Safety Interlock,Active
CMP000001576_1,EQ00001576,Valve,Active
CMP000001576_2,EQ00001576,Coupling,Standby
CMP000001576_3,EQ00001576,Pressure Element,Active
CMP000001576_4,EQ00001576,Coupling,Standby
CMP000001577_1,EQ00001577,Lubrication System,Active
CMP000001578_1,EQ00001578,Gearbox,Active
CMP000001578_2,EQ00001578,Motor,Standby
CMP000001579_1,EQ00001579,Bearing,Active
CMP000001579_2,EQ00001579,Bearing,Active
CMP000001579_3,EQ00001579,Seal,Active
CMP000001580_1,EQ00001580,Valve,Standby
CMP000001580_2,EQ00001580,Bearing,Active
CMP000001581_1,EQ00001581,Coupling,Standby
CMP000001581_2,EQ00001581,Lubrication System,Active
CMP000001582_1,EQ00001582,Control Panel,Active
CMP000001582_2,EQ00001582,Lubrication System,Standby
CMP000001583_1,EQ00001583,Coupling,Active
CMP000001583_2,EQ00001583,Control Panel,Active
CMP000001583_3,EQ00001583,Seal,Active
CMP000001583_4,EQ00001583,Pressure Element,Standby
CMP000001584_1,EQ00001584,Valve,Active
CMP000001585_1,EQ00001585,Coupling,Active
CMP000001585_2,EQ00001585,Valve,Active
CMP000001585_3,EQ00001585,Lubrication System,Standby
CMP000001585_4,EQ00001585,Safety Interlock,Active
CMP000001586_1,EQ00001586,Coupling,Standby
CMP000001586_2,EQ00001586,Valve,Active
CMP000001586_3,EQ00001586,Bearing,Standby
CMP000001586_4,EQ00001586,Coupling,Standby
CMP000001587_1,EQ00001587,Seal,Standby
CMP000001587_2,EQ00001587,Valve,Standby
CMP000001587_3,EQ00001587,Control Panel,Standby
CMP000001587_4,EQ00001587,Seal,Standby
CMP000001588_1,EQ00001588,Coupling,Active
CMP000001589_1,EQ00001589,Valve,Standby
CMP000001590_1,EQ00001590,Pressure Element,Standby
CMP000001590_2,EQ00001590,Control Panel,Standby
CMP000001590_3,EQ00001590,Lubrication System,Standby
CMP000001590_4,EQ00001590,Gearbox,Standby
CMP000001591_1,EQ00001591,Valve,Standby
CMP000001591_2,EQ00001591,Valve,Active
CMP000001592_1,EQ00001592,Motor,Active
CMP000001593_1,EQ00001593,Control Panel,Active
CMP000001593_2,EQ00001593,Seal,Standby
CMP000001593_3,EQ00001593,Motor,Standby
CMP000001593_4,EQ00001593,Safety Interlock,Standby
CMP000001594_1,EQ00001594,Seal,Standby
CMP000001594_2,EQ00001594,Seal,Active
CMP000001594_3,EQ00001594,Valve,Standby
CMP000001594_4,EQ00001594,Safety Interlock,Active
CMP000001595_1,EQ00001595,Gearbox,Standby
CMP000001595_2,EQ00001595,Safety Interlock,Active
CMP000001596_1,EQ00001596,Pressure Element,Standby
CMP000001597_1,EQ00001597,Lubrication System,Standby
CMP000001598_1,EQ00001598,Coupling,Standby
CMP000001598_2,EQ00001598,Motor,Standby
CMP000001599_1,EQ00001599,Seal,Standby
CMP000001599_2,EQ00001599,Control Panel,Active
CMP000001599_3,EQ00001599,Control Panel,Standby
CMP000001600_1,EQ00001600,Valve,Standby
CMP000001600_2,EQ00001600,Bearing,Standby
CMP000001601_1,EQ00001601,Motor,Active
CMP000001601_2,EQ00001601,Motor,Active
CMP000001602_1,EQ00001602,Motor,Standby
CMP000001602_2,EQ00001602,Coupling,Active
CMP000001602_3,EQ00001602,Safety Interlock,Active
CMP000001603_1,EQ00001603,Motor,Active
CMP000001603_2,EQ00001603,Valve,Active
CMP000001604_1,EQ00001604,Control Panel,Active
CMP000001605_1,EQ00001605,Safety Interlock,Active
CMP000001605_2,EQ00001605,Gearbox,Standby
CMP000001605_3,EQ00001605,Safety Interlock,Active
CMP000001605_4,EQ00001605,Gearbox,Standby
CMP000001606_1,EQ00001606,Gearbox,Active
CMP000001607_1,EQ00001607,Lubrication System,Active
CMP000001607_2,EQ00001607,Valve,Active
CMP000001607_3,EQ00001607,Motor,Standby
CMP000001608_1,EQ00001608,Safety Interlock,Active
CMP000001608_2,EQ00001608,Seal,Standby
CMP000001608_3,EQ00001608,Motor,Active
CMP000001609_1,EQ00001609,Pressure Element,Standby
CMP000001609_2,EQ00001609,Safety Interlock,Standby
CMP000001610_1,EQ00001610,Pressure Element,Standby
CMP000001610_2,EQ00001610,Valve,Standby
CMP000001611_1,EQ00001611,Pressure Element,Standby
CMP000001612_1,EQ00001612,Bearing,Active
CMP000001612_2,EQ00001612,Bearing,Standby
CMP000001612_3,EQ00001612,Control Panel,Active
CMP000001613_1,EQ00001613,Pressure Element,Standby
CMP000001613_2,EQ00001613,Gearbox,Standby
CMP000001613_3,EQ00001613,Safety Interlock,Active
CMP000001614_1,EQ00001614,Control Panel,Standby
CMP000001614_2,EQ00001614,Seal,Standby
CMP000001614_3,EQ00001614,Seal,Active
CMP000001614_4,EQ00001614,Control Panel,Standby
CMP000001615_1,EQ00001615,Bearing,Active
CMP000001615_2,EQ00001615,Gearbox,Standby
CMP000001615_3,EQ00001615,Valve,Standby
CMP000001616_1,EQ00001616,Motor,Standby
CMP000001617_1,EQ00001617,Seal,Active
CMP000001617_2,EQ00001617,Gearbox,Standby
CMP000001617_3,EQ00001617,Motor,Standby
CMP000001617_4,EQ00001617,Bearing,Active
CMP000001618_1,EQ00001618,Gearbox,Active
CMP000001618_2,EQ00001618,Seal,Standby
CMP000001618_3,EQ00001618,Lubrication System,Active
CMP000001618_4,EQ00001618,Coupling,Standby
CMP000001619_1,EQ00001619,Valve,Active
CMP000001619_2,EQ00001619,Motor,Standby
CMP000001619_3,EQ00001619,Seal,Active
CMP000001619_4,EQ00001619,Seal,Active
CMP000001620_1,EQ00001620,Seal,Standby
CMP000001620_2,EQ00001620,Gearbox,Standby
CMP000001620_3,EQ00001620,Gearbox,Active
CMP000001621_1,EQ00001621,Control Panel,Standby
CMP000001621_2,EQ00001621,Valve,Active
CMP000001621_3,EQ00001621,Bearing,Active
CMP000001621_4,EQ00001621,Seal,Standby
CMP000001622_1,EQ00001622,Coupling,Standby
CMP000001623_1,EQ00001623,Safety Interlock,Standby
CMP000001623_2,EQ00001623,Safety Interlock,Active
CMP000001624_1,EQ00001624,Valve,Standby
CMP000001624_2,EQ00001624,Lubrication System,Standby
CMP000001624_3,EQ00001624,Pressure Element,Standby
CMP000001624_4,EQ00001624,Valve,Standby
CMP000001625_1,EQ00001625,Gearbox,Standby
CMP000001625_2,EQ00001625,Gearbox,Active
CMP000001625_3,EQ00001625,Gearbox,Active
CMP000001626_1,EQ00001626,Lubrication System,Active
CMP000001627_1,EQ00001627,Motor,Standby
CMP000001627_2,EQ00001627,Coupling,Active
CMP000001627_3,EQ00001627,Valve,Standby
CMP000001627_4,EQ00001627,Gearbox,Standby
CMP000001628_1,EQ00001628,Coupling,Active
CMP000001629_1,EQ00001629,Lubrication System,Active
CMP000001629_2,EQ00001629,Lubrication System,Active
CMP000001630_1,EQ00001630,Pressure Element,Standby
CMP000001630_2,EQ00001630,Safety Interlock,Active
CMP000001630_3,EQ00001630,Control Panel,Active
CMP000001631_1,EQ00001631,Gearbox,Active
CMP000001631_2,EQ00001631,Motor,Standby
CMP000001631_3,EQ00001631,Safety Interlock,Standby
CMP000001632_1,EQ00001632,Valve,Standby
CMP000001632_2,EQ00001632,Coupling,Active
CMP000001632_3,EQ00001632,Gearbox,Active
CMP000001633_1,EQ00001633,Control Panel,Active
CMP000001633_2,EQ00001633,Bearing,Standby
CMP000001633_3,EQ00001633,Lubrication System,Standby
CMP000001633_4,EQ00001633,Safety Interlock,Active
CMP000001634_1,EQ00001634,Seal,Standby
CMP000001634_2,EQ00001634,Pressure Element,Active
CMP000001634_3,EQ00001634,Motor,Active
CMP000001635_1,EQ00001635,Gearbox,Active
CMP000001636_1,EQ00001636,Control Panel,Active
CMP000001637_1,EQ00001637,Seal,Active
CMP000001638_1,EQ00001638,Control Panel,Standby
CMP000001638_2,EQ00001638,Control Panel,Standby
CMP000001639_1,EQ00001639,Motor,Standby
CMP000001639_2,EQ00001639,Motor,Active
CMP000001639_3,EQ00001639,Coupling,Active
CMP000001639_4,EQ00001639,Lubrication System,Standby
CMP000001640_1,EQ00001640,Lubrication System,Standby
CMP000001640_2,EQ00001640,Valve,Active
CMP000001641_1,EQ00001641,Lubrication System,Active
CMP000001642_1,EQ00001642,Coupling,Active
CMP000001642_2,EQ00001642,Control Panel,Active
CMP000001643_1,EQ00001643,Lubrication System,Standby
CMP000001643_2,EQ00001643,Pressure Element,Standby
CMP000001644_1,EQ00001644,Valve,Standby
CMP000001644_2,EQ00001644,Motor,Active
CMP000001644_3,EQ00001644,Gearbox,Standby
CMP000001644_4,EQ00001644,Coupling,Active
CMP000001645_1,EQ00001645,Lubrication System,Standby
CMP000001645_2,EQ00001645,Safety Interlock,Standby
CMP000001645_3,EQ00001645,Control Panel,Active
CMP000001646_1,EQ00001646,Seal,Active
CMP000001646_2,EQ00001646,Control Panel,Active
CMP000001646_3,EQ00001646,Motor,Active
CMP000001646_4,EQ00001646,Control Panel,Standby
CMP000001647_1,EQ00001647,Valve,Standby
CMP000001647_2,EQ00001647,Valve,Active
CMP000001647_3,EQ00001647,Control Panel,Active
CMP000001647_4,EQ00001647,Pressure Element,Standby
CMP000001648_1,EQ00001648,Bearing,Active
CMP000001648_2,EQ00001648,Lubrication System,Active
CMP000001649_1,EQ00001649,Motor,Active
CMP000001649_2,EQ00001649,Control Panel,Active
CMP000001650_1,EQ00001650,Valve,Standby
CMP000001650_2,EQ00001650,Safety Interlock,Active
CMP000001650_3,EQ00001650,Seal,Standby
CMP000001651_1,EQ00001651,Motor,Active
CMP000001651_2,EQ00001651,Gearbox,Active
CMP000001651_3,EQ00001651,Control Panel,Active
CMP000001652_1,EQ00001652,Pressure Element,Standby
CMP000001652_2,EQ00001652,Control Panel,Standby
CMP000001652_3,EQ00001652,Bearing,Standby
CMP000001653_1,EQ00001653,Coupling,Standby
CMP000001653_2,EQ00001653,Valve,Active
CMP000001653_3,EQ00001653,Safety Interlock,Standby
CMP000001653_4,EQ00001653,Bearing,Active
CMP000001654_1,EQ00001654,Pressure Element,Standby
CMP000001655_1,EQ00001655,Coupling,Standby
CMP000001655_2,EQ00001655,Lubrication System,Active
CMP000001655_3,EQ00001655,Gearbox,Standby
CMP000001655_4,EQ00001655,Control Panel,Active
CMP000001656_1,EQ00001656,Lubrication System,Active
CMP000001657_1,EQ00001657,Lubrication System,Standby
CMP000001657_2,EQ00001657,Lubrication System,Active
CMP000001657_3,EQ00001657,Valve,Active
CMP000001657_4,EQ00001657,Safety Interlock,Standby
CMP000001658_1,EQ00001658,Gearbox,Active
CMP000001658_2,EQ00001658,Lubrication System,Standby
CMP000001658_3,EQ00001658,Safety Interlock,Standby
CMP000001658_4,EQ00001658,Motor,Active
CMP000001659_1,EQ00001659,Control Panel,Standby
CMP000001660_1,EQ00001660,Valve,Active
CMP000001660_2,EQ00001660,Coupling,Standby
CMP000001660_3,EQ00001660,Seal,Standby
CMP000001660_4,EQ00001660,Gearbox,Standby
CMP000001661_1,EQ00001661,Coupling,Standby
CMP000001661_2,EQ00001661,Safety Interlock,Active
CMP000001661_3,EQ00001661,Lubrication System,Active
CMP000001661_4,EQ00001661,Gearbox,Standby
CMP000001662_1,EQ00001662,Pressure Element,Standby
CMP000001662_2,EQ00001662,Bearing,Standby
CMP000001663_1,EQ00001663,Bearing,Standby
CMP000001663_2,EQ00001663,Bearing,Standby
CMP000001663_3,EQ00001663,Gearbox,Active
CMP000001663_4,EQ00001663,Valve,Standby
CMP000001664_1,EQ00001664,Lubrication System,Standby
CMP000001665_1,EQ00001665,Safety Interlock,Active
CMP000001665_2,EQ00001665,Lubrication System,Active
CMP000001665_3,EQ00001665,Bearing,Standby
CMP000001666_1,EQ00001666,Valve,Standby
CMP000001666_2,EQ00001666,Safety Interlock,Active
CMP000001666_3,EQ00001666,Pressure Element,Active
CMP000001666_4,EQ00001666,Control Panel,Standby
CMP000001667_1,EQ00001667,Valve,Active
CMP000001667_2,EQ00001667,Safety Interlock,Active
CMP000001668_1,EQ00001668,Valve,Standby
CMP000001668_2,EQ00001668,Pressure Element,Active
CMP000001669_1,EQ00001669,Seal,Active
CMP000001669_2,EQ00001669,Valve,Standby
CMP000001670_1,EQ00001670,Motor,Active
CMP000001670_2,EQ00001670,Motor,Active
CMP000001670_3,EQ00001670,Bearing,Active
CMP000001671_1,EQ00001671,Safety Interlock,Active
CMP000001671_2,EQ00001671,Pressure Element,Active
CMP000001672_1,EQ00001672,Lubrication System,Active
CMP000001672_2,EQ00001672,Control Panel,Standby
CMP000001673_1,EQ00001673,Valve,Active
CMP000001673_2,EQ00001673,Lubrication System,Standby
CMP000001673_3,EQ00001673,Motor,Active
CMP000001674_1,EQ00001674,Pressure Element,Standby
CMP000001674_2,EQ00001674,Lubrication System,Standby
CMP000001674_3,EQ00001674,Gearbox,Standby
CMP000001674_4,EQ00001674,Lubrication System,Standby
CMP000001675_1,EQ00001675,Bearing,Standby
CMP000001675_2,EQ00001675,Motor,Active
CMP000001675_3,EQ00001675,Lubrication System,Active
CMP000001675_4,EQ00001675,Valve,Standby
CMP000001676_1,EQ00001676,Valve,Standby
CMP000001676_2,EQ00001676,Control Panel,Standby
CMP000001677_1,EQ00001677,Pressure Element,Active
CMP000001677_2,EQ00001677,Safety Interlock,Active
CMP000001677_3,EQ00001677,Control Panel,Standby
CMP000001677_4,EQ00001677,Bearing,Standby
CMP000001678_1,EQ00001678,Motor,Standby
CMP000001678_2,EQ00001678,Bearing,Active
CMP000001678_3,EQ00001678,Motor,Standby
CMP000001678_4,EQ00001678,Lubrication System,Active
CMP000001679_1,EQ00001679,Seal,Standby
CMP000001679_2,EQ00001679,Control Panel,Active
CMP000001680_1,EQ00001680,Seal,Active
CMP000001680_2,EQ00001680,Valve,Standby
CMP000001681_1,EQ00001681,Seal,Active
CMP000001681_2,EQ00001681,Gearbox,Active
CMP000001681_3,EQ00001681,Gearbox,Standby
CMP000001682_1,EQ00001682,Lubrication System,Standby
CMP000001682_2,EQ00001682,Gearbox,Standby
CMP000001682_3,EQ00001682,Gearbox,Standby
CMP000001682_4,EQ00001682,Bearing,Active
CMP000001683_1,EQ00001683,Pressure Element,Active
CMP000001684_1,EQ00001684,Gearbox,Active
CMP000001684_2,EQ00001684,Gearbox,Active
CMP000001685_1,EQ00001685,Valve,Active
CMP000001686_1,EQ00001686,Gearbox,Standby
CMP000001686_2,EQ00001686,Safety Interlock,Standby
CMP000001686_3,EQ00001686,Safety Interlock,Active
CMP000001686_4,EQ00001686,Safety Interlock,Standby
CMP000001687_1,EQ00001687,Coupling,Active
CMP000001687_2,EQ00001687,Valve,Active
CMP000001687_3,EQ00001687,Lubrication System,Active
CMP000001687_4,EQ00001687,Safety Interlock,Active
CMP000001688_1,EQ00001688,Coupling,Standby
CMP000001688_2,EQ00001688,Seal,Active
CMP000001688_3,EQ00001688,Lubrication System,Active
CMP000001689_1,EQ00001689,Valve,Active
CMP000001689_2,EQ00001689,Coupling,Standby
CMP000001690_1,EQ00001690,Lubrication System,Standby
CMP000001690_2,EQ00001690,Control Panel,Standby
CMP000001690_3,EQ00001690,Valve,Standby
CMP000001690_4,EQ00001690,Lubrication System,Standby
CMP000001691_1,EQ00001691,Seal,Active
CMP000001691_2,EQ00001691,Safety Interlock,Standby
CMP000001691_3,EQ00001691,Safety Interlock,Standby
CMP000001692_1,EQ00001692,Lubrication System,Active
CMP000001693_1,EQ00001693,Control Panel,Active
CMP000001693_2,EQ00001693,Coupling,Standby
CMP000001693_3,EQ00001693,Valve,Active
CMP000001694_1,EQ00001694,Pressure Element,Standby
CMP000001694_2,EQ00001694,Coupling,Standby
CMP000001695_1,EQ00001695,Pressure Element,Standby
CMP000001695_2,EQ00001695,Lubrication System,Standby
CMP000001695_3,EQ00001695,Control Panel,Standby
CMP000001695_4,EQ00001695,Lubrication System,Standby
CMP000001696_1,EQ00001696,Control Panel,Active
CMP000001696_2,EQ00001696,Control Panel,Active
CMP000001697_1,EQ00001697,Bearing,Standby
CMP000001697_2,EQ00001697,Motor,Active
CMP000001698_1,EQ00001698,Safety Interlock,Active
CMP000001698_2,EQ00001698,Safety Interlock,Active
CMP000001699_1,EQ00001699,Lubrication System,Active
CMP000001699_2,EQ00001699,Pressure Element,Active
CMP000001700_1,EQ00001700,Lubrication System,Active
CMP000001700_2,EQ00001700,Lubrication System,Active
CMP000001700_3,EQ00001700,Seal,Active
CMP000001701_1,EQ00001701,Lubrication System,Active
CMP000001701_2,EQ00001701,Bearing,Active
CMP000001701_3,EQ00001701,Safety Interlock,Standby
CMP000001701_4,EQ00001701,Valve,Active
CMP000001702_1,EQ00001702,Bearing,Standby
CMP000001703_1,EQ00001703,Pressure Element,Standby
CMP000001703_2,EQ00001703,Seal,Standby
CMP000001703_3,EQ00001703,Pressure Element,Standby
CMP000001703_4,EQ00001703,Motor,Standby
CMP000001704_1,EQ00001704,Seal,Standby
CMP000001705_1,EQ00001705,Control Panel,Active
CMP000001705_2,EQ00001705,Bearing,Standby
CMP000001705_3,EQ00001705,Lubrication System,Standby
CMP000001706_1,EQ00001706,Pressure Element,Active
CMP000001707_1,EQ00001707,Pressure Element,Standby
CMP000001707_2,EQ00001707,Coupling,Active
CMP000001707_3,EQ00001707,Coupling,Active
CMP000001708_1,EQ00001708,Coupling,Active
CMP000001708_2,EQ00001708,Motor,Active
CMP000001709_1,EQ00001709,Motor,Standby
CMP000001709_2,EQ00001709,Pressure Element,Standby
CMP000001710_1,EQ00001710,Seal,Active
CMP000001711_1,EQ00001711,Motor,Standby
CMP000001711_2,EQ00001711,Bearing,Active
CMP000001712_1,EQ00001712,Coupling,Standby
CMP000001712_2,EQ00001712,Seal,Active
CMP000001713_1,EQ00001713,Gearbox,Active
CMP000001713_2,EQ00001713,Gearbox,Standby
CMP000001713_3,EQ00001713,Bearing,Standby
CMP000001714_1,EQ00001714,Bearing,Active
CMP000001715_1,EQ00001715,Pressure Element,Active
CMP000001716_1,EQ00001716,Bearing,Active
CMP000001716_2,EQ00001716,Motor,Active
CMP000001717_1,EQ00001717,Coupling,Active
CMP000001717_2,EQ00001717,Bearing,Active
CMP000001718_1,EQ00001718,Bearing,Standby
CMP000001718_2,EQ00001718,Motor,Active
CMP000001718_3,EQ00001718,Valve,Standby
CMP000001719_1,EQ00001719,Safety Interlock,Standby
CMP000001719_2,EQ00001719,Pressure Element,Standby
CMP000001720_1,EQ00001720,Bearing,Active
CMP000001720_2,EQ00001720,Safety Interlock,Standby
CMP000001720_3,EQ00001720,Lubrication System,Active
CMP000001720_4,EQ00001720,Bearing,Standby
CMP000001721_1,EQ00001721,Valve,Active
CMP000001721_2,EQ00001721,Safety Interlock,Active
CMP000001721_3,EQ00001721,Safety Interlock,Active
CMP000001721_4,EQ00001721,Valve,Standby
CMP000001722_1,EQ00001722,Motor,Active
CMP000001722_2,EQ00001722,Control Panel,Standby
CMP000001723_1,EQ00001723,Bearing,Standby
CMP000001724_1,EQ00001724,Safety Interlock,Standby
CMP000001724_2,EQ00001724,Coupling,Standby
CMP000001724_3,EQ00001724,Valve,Standby
CMP000001725_1,EQ00001725,Control Panel,Standby
CMP000001725_2,EQ00001725,Coupling,Standby
CMP000001725_3,EQ00001725,Pressure Element,Active
CMP000001725_4,EQ00001725,Gearbox,Active
CMP000001726_1,EQ00001726,Lubrication System,Active
CMP000001727_1,EQ00001727,Pressure Element,Standby
CMP000001727_2,EQ00001727,Motor,Standby
CMP000001727_3,EQ00001727,Gearbox,Standby
CMP000001727_4,EQ00001727,Bearing,Standby
CMP000001728_1,EQ00001728,Coupling,Standby
CMP000001728_2,EQ00001728,Safety Interlock,Standby
CMP000001728_3,EQ00001728,Bearing,Standby
CMP000001728_4,EQ00001728,Bearing,Standby
CMP000001729_1,EQ00001729,Coupling,Standby
CMP000001730_1,EQ00001730,Gearbox,Standby
CMP000001730_2,EQ00001730,Gearbox,Active
CMP000001730_3,EQ00001730,Gearbox,Standby
CMP000001730_4,EQ00001730,Seal,Standby
CMP000001731_1,EQ00001731,Seal,Standby
CMP000001731_2,EQ00001731,Coupling,Active
CMP000001731_3,EQ00001731,Lubrication System,Standby
CMP000001731_4,EQ00001731,Lubrication System,Standby
CMP000001732_1,EQ00001732,Motor,Standby
CMP000001733_1,EQ00001733,Pressure Element,Standby
CMP000001733_2,EQ00001733,Valve,Active
CMP000001734_1,EQ00001734,Pressure Element,Active
CMP000001734_2,EQ00001734,Control Panel,Active
CMP000001734_3,EQ00001734,Seal,Active
CMP000001735_1,EQ00001735,Motor,Standby
CMP000001735_2,EQ00001735,Coupling,Standby
CMP000001735_3,EQ00001735,Bearing,Standby
CMP000001735_4,EQ00001735,Safety Interlock,Standby
CMP000001736_1,EQ00001736,Bearing,Standby
CMP000001736_2,EQ00001736,Gearbox,Active
CMP000001736_3,EQ00001736,Coupling,Standby
CMP000001736_4,EQ00001736,Bearing,Standby
CMP000001737_1,EQ00001737,Pressure Element,Standby
CMP000001737_2,EQ00001737,Pressure Element,Active
CMP000001737_3,EQ00001737,Motor,Active
CMP000001737_4,EQ00001737,Pressure Element,Standby
CMP000001738_1,EQ00001738,Motor,Standby
CMP000001738_2,EQ00001738,Control Panel,Standby
CMP000001738_3,EQ00001738,Gearbox,Standby
CMP000001739_1,EQ00001739,Bearing,Standby
CMP000001739_2,EQ00001739,Bearing,Active
CMP000001739_3,EQ00001739,Pressure Element,Active
CMP000001740_1,EQ00001740,Pressure Element,Standby
CMP000001740_2,EQ00001740,Control Panel,Active
CMP000001741_1,EQ00001741,Valve,Standby
CMP000001741_2,EQ00001741,Valve,Standby
CMP000001741_3,EQ00001741,Bearing,Active
CMP000001742_1,EQ00001742,Control Panel,Active
CMP000001743_1,EQ00001743,Seal,Standby
CMP000001743_2,EQ00001743,Gearbox,Standby
CMP000001743_3,EQ00001743,Bearing,Active
CMP000001743_4,EQ00001743,Motor,Active
CMP000001744_1,EQ00001744,Seal,Standby
CMP000001745_1,EQ00001745,Coupling,Standby
CMP000001745_2,EQ00001745,Motor,Standby
CMP000001746_1,EQ00001746,Gearbox,Standby
CMP000001747_1,EQ00001747,Bearing,Standby
CMP000001747_2,EQ00001747,Motor,Standby
CMP000001747_3,EQ00001747,Seal,Standby
CMP000001748_1,EQ00001748,Lubrication System,Active
CMP000001748_2,EQ00001748,Control Panel,Standby
CMP000001748_3,EQ00001748,Control Panel,Standby
CMP000001748_4,EQ00001748,Pressure Element,Active
CMP000001749_1,EQ00001749,Safety Interlock,Standby
CMP000001749_2,EQ00001749,Lubrication System,Active
CMP000001749_3,EQ00001749,Safety Interlock,Standby
CMP000001749_4,EQ00001749,Bearing,Standby
CMP000001750_1,EQ00001750,Bearing,Standby
CMP000001750_2,EQ00001750,Valve,Active
CMP000001751_1,EQ00001751,Valve,Standby
CMP000001752_1,EQ00001752,Safety Interlock,Active
CMP000001752_2,EQ00001752,Valve,Active
CMP000001752_3,EQ00001752,Safety Interlock,Active
CMP000001753_1,EQ00001753,Pressure Element,Active
CMP000001753_2,EQ00001753,Seal,Standby
CMP000001754_1,EQ00001754,Gearbox,Standby
CMP000001754_2,EQ00001754,Lubrication System,Active
CMP000001754_3,EQ00001754,Pressure Element,Active
CMP000001755_1,EQ00001755,Motor,Standby
CMP000001756_1,EQ00001756,Lubrication System,Standby
CMP000001756_2,EQ00001756,Seal,Standby
CMP000001756_3,EQ00001756,Gearbox,Standby
CMP000001756_4,EQ00001756,Safety Interlock,Standby
CMP000001757_1,EQ00001757,Pressure Element,Standby
CMP000001757_2,EQ00001757,Safety Interlock,Standby
CMP000001757_3,EQ00001757,Valve,Standby
CMP000001757_4,EQ00001757,Seal,Active
CMP000001758_1,EQ00001758,Coupling,Active
CMP000001758_2,EQ00001758,Motor,Standby
CMP000001759_1,EQ00001759,Valve,Standby
CMP000001760_1,EQ00001760,Motor,Active
CMP000001760_2,EQ00001760,Motor,Active
CMP000001761_1,EQ00001761,Valve,Standby
CMP000001762_1,EQ00001762,Pressure Element,Active
CMP000001762_2,EQ00001762,Motor,Active
CMP000001762_3,EQ00001762,Bearing,Standby
CMP000001762_4,EQ00001762,Seal,Active
CMP000001763_1,EQ00001763,Pressure Element,Standby
CMP000001763_2,EQ00001763,Pressure Element,Active
CMP000001763_3,EQ00001763,Safety Interlock,Standby
CMP000001764_1,EQ00001764,Safety Interlock,Active
CMP000001765_1,EQ00001765,Motor,Active
CMP000001765_2,EQ00001765,Valve,Active
CMP000001765_3,EQ00001765,Motor,Standby
CMP000001765_4,EQ00001765,Gearbox,Active
CMP000001766_1,EQ00001766,Motor,Active
CMP000001766_2,EQ00001766,Bearing,Standby
CMP000001767_1,EQ00001767,Lubrication System,Standby
CMP000001768_1,EQ00001768,Safety Interlock,Active
CMP000001768_2,EQ00001768,Valve,Standby
CMP000001769_1,EQ00001769,Motor,Active
CMP000001769_2,EQ00001769,Safety Interlock,Active
CMP000001770_1,EQ00001770,Control Panel,Active
CMP000001770_2,EQ00001770,Coupling,Active
CMP000001770_3,EQ00001770,Valve,Active
CMP000001770_4,EQ00001770,Coupling,Standby
CMP000001771_1,EQ00001771,Valve,Standby
CMP000001771_2,EQ00001771,Seal,Standby
CMP000001771_3,EQ00001771,Valve,Standby
CMP000001772_1,EQ00001772,Bearing,Standby
CMP000001772_2,EQ00001772,Motor,Standby
CMP000001772_3,EQ00001772,Valve,Standby
CMP000001772_4,EQ00001772,Control Panel,Standby
CMP000001773_1,EQ00001773,Lubrication System,Active
CMP000001773_2,EQ00001773,Gearbox,Active
CMP000001773_3,EQ00001773,Pressure Element,Standby
CMP000001773_4,EQ00001773,Safety Interlock,Active
CMP000001774_1,EQ00001774,Pressure Element,Standby
CMP000001774_2,EQ00001774,Seal,Active
CMP000001774_3,EQ00001774,Bearing,Standby
CMP000001775_1,EQ00001775,Motor,Active
CMP000001775_2,EQ00001775,Motor,Standby
CMP000001776_1,EQ00001776,Bearing,Active
CMP000001776_2,EQ00001776,Valve,Standby
CMP000001776_3,EQ00001776,Pressure Element,Standby
CMP000001777_1,EQ00001777,Bearing,Active
CMP000001777_2,EQ00001777,Bearing,Active
CMP000001778_1,EQ00001778,Bearing,Standby
CMP000001778_2,EQ00001778,Safety Interlock,Standby
CMP000001778_3,EQ00001778,Lubrication System,Active
CMP000001779_1,EQ00001779,Pressure Element,Active
CMP000001779_2,EQ00001779,Motor,Active
CMP000001779_3,EQ00001779,Gearbox,Active
CMP000001779_4,EQ00001779,Seal,Standby
CMP000001780_1,EQ00001780,Motor,Active
CMP000001780_2,EQ00001780,Coupling,Active
CMP000001780_3,EQ00001780,Safety Interlock,Standby
CMP000001780_4,EQ00001780,Control Panel,Standby
CMP000001781_1,EQ00001781,Safety Interlock,Standby
CMP000001782_1,EQ00001782,Coupling,Standby
CMP000001782_2,EQ00001782,Gearbox,Active
CMP000001782_3,EQ00001782,Valve,Active
CMP000001782_4,EQ00001782,Gearbox,Active
CMP000001783_1,EQ00001783,Bearing,Active
CMP000001783_2,EQ00001783,Valve,Standby
CMP000001783_3,EQ00001783,Gearbox,Standby
CMP000001784_1,EQ00001784,Seal,Active
CMP000001785_1,EQ00001785,Coupling,Standby
CMP000001785_2,EQ00001785,Control Panel,Active
CMP000001785_3,EQ00001785,Coupling,Standby
CMP000001785_4,EQ00001785,Seal,Standby
CMP000001786_1,EQ00001786,Valve,Active
CMP000001786_2,EQ00001786,Bearing,Standby
CMP000001787_1,EQ00001787,Pressure Element,Active
CMP000001788_1,EQ00001788,Seal,Active
CMP000001788_2,EQ00001788,Valve,Standby
CMP000001788_3,EQ00001788,Bearing,Active
CMP000001789_1,EQ00001789,Pressure Element,Standby
CMP000001790_1,EQ00001790,Seal,Active
CMP000001791_1,EQ00001791,Coupling,Active
CMP000001791_2,EQ00001791,Pressure Element,Standby
CMP000001792_1,EQ00001792,Seal,Standby
CMP000001793_1,EQ00001793,Bearing,Standby
CMP000001793_2,EQ00001793,Seal,Active
CMP000001793_3,EQ00001793,Control Panel,Standby
CMP000001794_1,EQ00001794,Valve,Active
CMP000001794_2,EQ00001794,Gearbox,Active
CMP000001794_3,EQ00001794,Control Panel,Standby
CMP000001794_4,EQ00001794,Coupling,Active
CMP000001795_1,EQ00001795,Control Panel,Standby
CMP000001795_2,EQ00001795,Bearing,Standby
CMP000001795_3,EQ00001795,Pressure Element,Active
CMP000001795_4,EQ00001795,Gearbox,Standby
CMP000001796_1,EQ00001796,Control Panel,Active
CMP000001796_2,EQ00001796,Pressure Element,Active
CMP000001796_3,EQ00001796,Pressure Element,Standby
CMP000001796_4,EQ00001796,Safety Interlock,Active
CMP000001797_1,EQ00001797,Valve,Standby
CMP000001797_2,EQ00001797,Pressure Element,Active
CMP000001797_3,EQ00001797,Valve,Standby
CMP000001798_1,EQ00001798,Motor,Active
CMP000001798_2,EQ00001798,Gearbox,Active
CMP000001799_1,EQ00001799,Control Panel,Active
CMP000001800_1,EQ00001800,Control Panel,Active
CMP000001801_1,EQ00001801,Motor,Active
CMP000001801_2,EQ00001801,Control Panel,Standby
CMP000001801_3,EQ00001801,Seal,Active
CMP000001802_1,EQ00001802,Seal,Standby
CMP000001802_2,EQ00001802,Lubrication System,Active
CMP000001802_3,EQ00001802,Bearing,Active
CMP000001803_1,EQ00001803,Seal,Standby
CMP000001803_2,EQ00001803,Safety Interlock,Standby
CMP000001803_3,EQ00001803,Pressure Element,Standby
CMP000001804_1,EQ00001804,Bearing,Active
CMP000001805_1,EQ00001805,Pressure Element,Active
CMP000001805_2,EQ00001805,Seal,Active
CMP000001805_3,EQ00001805,Safety Interlock,Standby
CMP000001805_4,EQ00001805,Coupling,Active
CMP000001806_1,EQ00001806,Bearing,Standby
CMP000001806_2,EQ00001806,Lubrication System,Active
CMP000001807_1,EQ00001807,Bearing,Standby
CMP000001807_2,EQ00001807,Control Panel,Active
CMP000001807_3,EQ00001807,Seal,Standby
CMP000001807_4,EQ00001807,Motor,Standby
CMP000001808_1,EQ00001808,Bearing,Active
CMP000001808_2,EQ00001808,Seal,Active
CMP000001808_3,EQ00001808,Lubrication System,Active
CMP000001808_4,EQ00001808,Coupling,Standby
CMP000001809_1,EQ00001809,Motor,Active
CMP000001809_2,EQ00001809,Motor,Standby
CMP000001810_1,EQ00001810,Pressure Element,Active
CMP000001811_1,EQ00001811,Pressure Element,Standby
CMP000001811_2,EQ00001811,Valve,Active
CMP000001811_3,EQ00001811,Safety Interlock,Standby
CMP000001812_1,EQ00001812,Seal,Standby
CMP000001813_1,EQ00001813,Bearing,Standby
CMP000001813_2,EQ00001813,Valve,Active
CMP000001813_3,EQ00001813,Motor,Active
CMP000001813_4,EQ00001813,Gearbox,Standby
CMP000001814_1,EQ00001814,Bearing,Standby
CMP000001814_2,EQ00001814,Coupling,Active
CMP000001815_1,EQ00001815,Gearbox,Active
CMP000001815_2,EQ00001815,Motor,Standby
CMP000001815_3,EQ00001815,Valve,Active
CMP000001816_1,EQ00001816,Lubrication System,Active
CMP000001816_2,EQ00001816,Valve,Active
CMP000001816_3,EQ00001816,Bearing,Active
CMP000001816_4,EQ00001816,Control Panel,Standby
CMP000001817_1,EQ00001817,Motor,Active
CMP000001818_1,EQ00001818,Lubrication System,Active
CMP000001818_2,EQ00001818,Coupling,Active
CMP000001819_1,EQ00001819,Gearbox,Active
CMP000001819_2,EQ00001819,Coupling,Standby
CMP000001819_3,EQ00001819,Gearbox,Standby
CMP000001820_1,EQ00001820,Valve,Active
CMP000001820_2,EQ00001820,Pressure Element,Active
CMP000001820_3,EQ00001820,Seal,Standby
CMP000001821_1,EQ00001821,Seal,Active
CMP000001821_2,EQ00001821,Bearing,Standby
CMP000001821_3,EQ00001821,Gearbox,Standby
CMP000001822_1,EQ00001822,Coupling,Standby
CMP000001822_2,EQ00001822,Pressure Element,Standby
CMP000001822_3,EQ00001822,Control Panel,Active
CMP000001822_4,EQ00001822,Seal,Active
CMP000001823_1,EQ00001823,Pressure Element,Standby
CMP000001823_2,EQ00001823,Safety Interlock,Standby
CMP000001823_3,EQ00001823,Bearing,Standby
CMP000001824_1,EQ00001824,Pressure Element,Standby
CMP000001825_1,EQ00001825,Coupling,Active
CMP000001826_1,EQ00001826,Seal,Standby
CMP000001827_1,EQ00001827,Motor,Standby
CMP000001827_2,EQ00001827,Seal,Active
CMP000001827_3,EQ00001827,Valve,Standby
CMP000001828_1,EQ00001828,Seal,Active
CMP000001828_2,EQ00001828,Bearing,Active
CMP000001829_1,EQ00001829,Motor,Standby
CMP000001830_1,EQ00001830,Motor,Active
CMP000001830_2,EQ00001830,Bearing,Active
CMP000001831_1,EQ00001831,Coupling,Standby
CMP000001831_2,EQ00001831,Bearing,Active
CMP000001831_3,EQ00001831,Pressure Element,Standby
CMP000001831_4,EQ00001831,Seal,Standby
CMP000001832_1,EQ00001832,Control Panel,Active
CMP000001833_1,EQ00001833,Gearbox,Active
CMP000001834_1,EQ00001834,Control Panel,Active
CMP000001834_2,EQ00001834,Lubrication System,Active
CMP000001834_3,EQ00001834,Pressure Element,Active
CMP000001834_4,EQ00001834,Pressure Element,Active
CMP000001835_1,EQ00001835,Motor,Active
CMP000001835_2,EQ00001835,Valve,Active
CMP000001835_3,EQ00001835,Seal,Active
CMP000001836_1,EQ00001836,Control Panel,Standby
CMP000001836_2,EQ00001836,Gearbox,Active
CMP000001836_3,EQ00001836,Motor,Active
CMP000001837_1,EQ00001837,Lubrication System,Standby
CMP000001837_2,EQ00001837,Bearing,Active
CMP000001838_1,EQ00001838,Coupling,Active
CMP000001838_2,EQ00001838,Gearbox,Standby
CMP000001838_3,EQ00001838,Control Panel,Active
CMP000001839_1,EQ00001839,Pressure Element,Standby
CMP000001839_2,EQ00001839,Seal,Standby
CMP000001839_3,EQ00001839,Coupling,Standby
CMP000001839_4,EQ00001839,Control Panel,Active
CMP000001840_1,EQ00001840,Coupling,Standby
CMP000001840_2,EQ00001840,Gearbox,Active
CMP000001840_3,EQ00001840,Coupling,Standby
CMP000001841_1,EQ00001841,Bearing,Standby
CMP000001841_2,EQ00001841,Motor,Standby
CMP000001841_3,EQ00001841,Coupling,Standby
CMP000001841_4,EQ00001841,Control Panel,Standby
CMP000001842_1,EQ00001842,Valve,Active
CMP000001842_2,EQ00001842,Lubrication System,Active
CMP000001843_1,EQ00001843,Valve,Standby
CMP000001844_1,EQ00001844,Pressure Element,Active
CMP000001844_2,EQ00001844,Motor,Active
CMP000001844_3,EQ00001844,Control Panel,Active
CMP000001845_1,EQ00001845,Lubrication System,Standby
CMP000001845_2,EQ00001845,Valve,Active
CMP000001845_3,EQ00001845,Valve,Standby
CMP000001846_1,EQ00001846,Valve,Standby
CMP000001846_2,EQ00001846,Seal,Active
CMP000001846_3,EQ00001846,Coupling,Active
CMP000001847_1,EQ00001847,Lubrication System,Active
CMP000001847_2,EQ00001847,Lubrication System,Standby
CMP000001847_3,EQ00001847,Pressure Element,Active
CMP000001848_1,EQ00001848,Pressure Element,Standby
CMP000001848_2,EQ00001848,Seal,Standby
CMP000001849_1,EQ00001849,Seal,Active
CMP000001849_2,EQ00001849,Seal,Active
CMP000001850_1,EQ00001850,Gearbox,Active
CMP000001850_2,EQ00001850,Bearing,Standby
CMP000001850_3,EQ00001850,Motor,Standby
CMP000001851_1,EQ00001851,Lubrication System,Standby
CMP000001851_2,EQ00001851,Seal,Standby
CMP000001852_1,EQ00001852,Seal,Active
CMP000001852_2,EQ00001852,Gearbox,Active
CMP000001853_1,EQ00001853,Bearing,Active
CMP000001853_2,EQ00001853,Bearing,Active
CMP000001853_3,EQ00001853,Lubrication System,Standby
CMP000001853_4,EQ00001853,Lubrication System,Active
CMP000001854_1,EQ00001854,Gearbox,Standby
CMP000001854_2,EQ00001854,Valve,Standby
CMP000001855_1,EQ00001855,Pressure Element,Active
CMP000001855_2,EQ00001855,Valve,Active
CMP000001855_3,EQ00001855,Coupling,Standby
CMP000001855_4,EQ00001855,Lubrication System,Standby
CMP000001856_1,EQ00001856,Bearing,Standby
CMP000001857_1,EQ00001857,Control Panel,Standby
CMP000001858_1,EQ00001858,Valve,Active
CMP000001858_2,EQ00001858,Coupling,Standby
CMP000001858_3,EQ00001858,Bearing,Standby
CMP000001858_4,EQ00001858,Bearing,Standby
CMP000001859_1,EQ00001859,Coupling,Active
CMP000001859_2,EQ00001859,Bearing,Standby
CMP000001860_1,EQ00001860,Valve,Standby
CMP000001861_1,EQ00001861,Lubrication System,Active
CMP000001861_2,EQ00001861,Gearbox,Standby
CMP000001861_3,EQ00001861,Control Panel,Active
CMP000001861_4,EQ00001861,Control Panel,Standby
CMP000001862_1,EQ00001862,Coupling,Standby
CMP000001862_2,EQ00001862,Control Panel,Active
CMP000001862_3,EQ00001862,Valve,Active
CMP000001862_4,EQ00001862,Valve,Standby
CMP000001863_1,EQ00001863,Motor,Active
CMP000001863_2,EQ00001863,Bearing,Standby
CMP000001863_3,EQ00001863,Safety Interlock,Standby
CMP000001864_1,EQ00001864,Bearing,Standby
CMP000001864_2,EQ00001864,Safety Interlock,Active
CMP000001865_1,EQ00001865,Bearing,Standby
CMP000001865_2,EQ00001865,Valve,Standby
CMP000001865_3,EQ00001865,Control Panel,Standby
CMP000001866_1,EQ00001866,Seal,Active
CMP000001867_1,EQ00001867,Pressure Element,Active
CMP000001867_2,EQ00001867,Motor,Active
CMP000001867_3,EQ00001867,Motor,Standby
CMP000001868_1,EQ00001868,Valve,Standby
CMP000001868_2,EQ00001868,Safety Interlock,Active
CMP000001869_1,EQ00001869,Valve,Active
CMP000001869_2,EQ00001869,Coupling,Active
CMP000001870_1,EQ00001870,Pressure Element,Active
CMP000001871_1,EQ00001871,Pressure Element,Active
CMP000001871_2,EQ00001871,Bearing,Active
CMP000001871_3,EQ00001871,Safety Interlock,Active
CMP000001871_4,EQ00001871,Seal,Standby
CMP000001872_1,EQ00001872,Control Panel,Active
CMP000001872_2,EQ00001872,Pressure Element,Standby
CMP000001873_1,EQ00001873,Coupling,Active
CMP000001873_2,EQ00001873,Motor,Standby
CMP000001873_3,EQ00001873,Safety Interlock,Standby
CMP000001874_1,EQ00001874,Lubrication System,Standby
CMP000001874_2,EQ00001874,Lubrication System,Active
CMP000001874_3,EQ00001874,Safety Interlock,Active
CMP000001875_1,EQ00001875,Pressure Element,Standby
CMP000001875_2,EQ00001875,Lubrication System,Active
CMP000001876_1,EQ00001876,Safety Interlock,Active
CMP000001876_2,EQ00001876,Bearing,Standby
CMP000001876_3,EQ00001876,Valve,Standby
CMP000001877_1,EQ00001877,Gearbox,Active
CMP000001877_2,EQ00001877,Safety Interlock,Standby
CMP000001877_3,EQ00001877,Control Panel,Standby
CMP000001878_1,EQ00001878,Bearing,Active
CMP000001878_2,EQ00001878,Valve,Active
CMP000001879_1,EQ00001879,Valve,Active
CMP000001879_2,EQ00001879,Pressure Element,Active
CMP000001879_3,EQ00001879,Pressure Element,Standby
CMP000001879_4,EQ00001879,Pressure Element,Standby
CMP000001880_1,EQ00001880,Seal,Standby
CMP000001880_2,EQ00001880,Pressure Element,Active
CMP000001880_3,EQ00001880,Lubrication System,Active
CMP000001881_1,EQ00001881,Pressure Element,Active
CMP000001882_1,EQ00001882,Control Panel,Active
CMP000001882_2,EQ00001882,Safety Interlock,Active
CMP000001882_3,EQ00001882,Pressure Element,Active
CMP000001882_4,EQ00001882,Control Panel,Active
CMP000001883_1,EQ00001883,Gearbox,Standby
CMP000001883_2,EQ00001883,Motor,Standby
CMP000001883_3,EQ00001883,Valve,Active
CMP000001884_1,EQ00001884,Lubrication System,Standby
CMP000001885_1,EQ00001885,Pressure Element,Active
CMP000001886_1,EQ00001886,Lubrication System,Active
CMP000001886_2,EQ00001886,Control Panel,Active
CMP000001887_1,EQ00001887,Pressure Element,Active
CMP000001887_2,EQ00001887,Pressure Element,Active
CMP000001887_3,EQ00001887,Bearing,Standby
CMP000001887_4,EQ00001887,Seal,Active
CMP000001888_1,EQ00001888,Valve,Active
CMP000001888_2,EQ00001888,Seal,Standby
CMP000001889_1,EQ00001889,Seal,Active
CMP000001889_2,EQ00001889,Control Panel,Standby
CMP000001890_1,EQ00001890,Pressure Element,Active
CMP000001890_2,EQ00001890,Pressure Element,Active
CMP000001891_1,EQ00001891,Valve,Standby
CMP000001891_2,EQ00001891,Seal,Active
CMP000001892_1,EQ00001892,Valve,Active
CMP000001892_2,EQ00001892,Lubrication System,Standby
CMP000001892_3,EQ00001892,Bearing,Active
CMP000001892_4,EQ00001892,Gearbox,Standby
CMP000001893_1,EQ00001893,Control Panel,Standby
CMP000001894_1,EQ00001894,Coupling,Active
CMP000001894_2,EQ00001894,Lubrication System,Active
CMP000001894_3,EQ00001894,Gearbox,Active
CMP000001895_1,EQ00001895,Pressure Element,Standby
CMP000001895_2,EQ00001895,Safety Interlock,Standby
CMP000001895_3,EQ00001895,Pressure Element,Active
CMP000001895_4,EQ00001895,Lubrication System,Standby
CMP000001896_1,EQ00001896,Gearbox,Active
CMP000001896_2,EQ00001896,Gearbox,Standby
CMP000001896_3,EQ00001896,Lubrication System,Standby
CMP000001896_4,EQ00001896,Pressure Element,Standby
CMP000001897_1,EQ00001897,Control Panel,Standby
CMP000001897_2,EQ00001897,Motor,Active
CMP000001898_1,EQ00001898,Seal,Active
CMP000001898_2,EQ00001898,Valve,Standby
CMP000001898_3,EQ00001898,Control Panel,Standby
CMP000001899_1,EQ00001899,Pressure Element,Active
CMP000001899_2,EQ00001899,Lubrication System,Active
CMP000001900_1,EQ00001900,Valve,Active
CMP000001900_2,EQ00001900,Coupling,Active
CMP000001901_1,EQ00001901,Safety Interlock,Standby
CMP000001901_2,EQ00001901,Seal,Active
CMP000001902_1,EQ00001902,Valve,Standby
CMP000001902_2,EQ00001902,Pressure Element,Standby
CMP000001902_3,EQ00001902,Control Panel,Active
CMP000001903_1,EQ00001903,Lubrication System,Standby
CMP000001904_1,EQ00001904,Seal,Standby
CMP000001904_2,EQ00001904,Bearing,Standby
CMP000001904_3,EQ00001904,Gearbox,Standby
CMP000001904_4,EQ00001904,Lubrication System,Standby
CMP000001905_1,EQ00001905,Control Panel,Active
CMP000001905_2,EQ00001905,Seal,Active
CMP000001905_3,EQ00001905,Pressure Element,Active
CMP000001906_1,EQ00001906,Coupling,Standby
CMP000001906_2,EQ00001906,Safety Interlock,Active
CMP000001906_3,EQ00001906,Coupling,Standby
CMP000001907_1,EQ00001907,Control Panel,Standby
CMP000001907_2,EQ00001907,Valve,Active
CMP000001908_1,EQ00001908,Lubrication System,Standby
CMP000001908_2,EQ00001908,Control Panel,Standby
CMP000001908_3,EQ00001908,Coupling,Standby
CMP000001908_4,EQ00001908,Bearing,Active
CMP000001909_1,EQ00001909,Safety Interlock,Active
CMP000001910_1,EQ00001910,Control Panel,Active
CMP000001910_2,EQ00001910,Pressure Element,Active
CMP000001910_3,EQ00001910,Control Panel,Standby
CMP000001910_4,EQ00001910,Safety Interlock,Active
CMP000001911_1,EQ00001911,Pressure Element,Active
CMP000001912_1,EQ00001912,Gearbox,Active
CMP000001912_2,EQ00001912,Pressure Element,Standby
CMP000001912_3,EQ00001912,Coupling,Active
CMP000001913_1,EQ00001913,Motor,Active
CMP000001913_2,EQ00001913,Bearing,Standby
CMP000001913_3,EQ00001913,Gearbox,Standby
CMP000001913_4,EQ00001913,Control Panel,Standby
CMP000001914_1,EQ00001914,Motor,Active
CMP000001915_1,EQ00001915,Safety Interlock,Active
CMP000001915_2,EQ00001915,Gearbox,Standby
CMP000001916_1,EQ00001916,Seal,Active
CMP000001917_1,EQ00001917,Seal,Active
CMP000001917_2,EQ00001917,Motor,Standby
CMP000001917_3,EQ00001917,Bearing,Active
CMP000001918_1,EQ00001918,Bearing,Standby
CMP000001919_1,EQ00001919,Motor,Standby
CMP000001919_2,EQ00001919,Control Panel,Active
CMP000001919_3,EQ00001919,Gearbox,Active
CMP000001919_4,EQ00001919,Coupling,Active
CMP000001920_1,EQ00001920,Control Panel,Standby
CMP000001920_2,EQ00001920,Control Panel,Standby
CMP000001920_3,EQ00001920,Pressure Element,Active
CMP000001920_4,EQ00001920,Control Panel,Active
CMP000001921_1,EQ00001921,Bearing,Standby
CMP000001922_1,EQ00001922,Safety Interlock,Standby
CMP000001922_2,EQ00001922,Seal,Standby
CMP000001922_3,EQ00001922,Gearbox,Active
CMP000001923_1,EQ00001923,Control Panel,Standby
CMP000001924_1,EQ00001924,Bearing,Standby
CMP000001924_2,EQ00001924,Bearing,Standby
CMP000001924_3,EQ00001924,Seal,Active
CMP000001925_1,EQ00001925,Bearing,Active
CMP000001925_2,EQ00001925,Coupling,Active
CMP000001925_3,EQ00001925,Coupling,Standby
CMP000001926_1,EQ00001926,Motor,Active
CMP000001927_1,EQ00001927,Seal,Active
CMP000001928_1,EQ00001928,Seal,Standby
CMP000001928_2,EQ00001928,Seal,Active
CMP000001928_3,EQ00001928,Gearbox,Standby
CMP000001928_4,EQ00001928,Bearing,Standby
CMP000001929_1,EQ00001929,Coupling,Standby
CMP000001929_2,EQ00001929,Control Panel,Active
CMP000001929_3,EQ00001929,Coupling,Active
CMP000001929_4,EQ00001929,Lubrication System,Standby
CMP000001930_1,EQ00001930,Safety Interlock,Active
CMP000001931_1,EQ00001931,Bearing,Standby
CMP000001931_2,EQ00001931,Motor,Active
CMP000001931_3,EQ00001931,Bearing,Active
CMP000001932_1,EQ00001932,Seal,Active
CMP000001932_2,EQ00001932,Coupling,Standby
CMP000001933_1,EQ00001933,Safety Interlock,Active
CMP000001933_2,EQ00001933,Control Panel,Active
CMP000001933_3,EQ00001933,Pressure Element,Standby
CMP000001934_1,EQ00001934,Motor,Active
CMP000001934_2,EQ00001934,Safety Interlock,Standby
CMP000001934_3,EQ00001934,Coupling,Active
CMP000001935_1,EQ00001935,Safety Interlock,Active
CMP000001935_2,EQ00001935,Safety Interlock,Active
CMP000001936_1,EQ00001936,Safety Interlock,Active
CMP000001936_2,EQ00001936,Lubrication System,Standby
CMP000001936_3,EQ00001936,Control Panel,Active
CMP000001936_4,EQ00001936,Lubrication System,Active
CMP000001937_1,EQ00001937,Bearing,Active
CMP000001938_1,EQ00001938,Lubrication System,Active
CMP000001938_2,EQ00001938,Seal,Standby
CMP000001939_1,EQ00001939,Control Panel,Active
CMP000001939_2,EQ00001939,Lubrication System,Active
CMP000001939_3,EQ00001939,Coupling,Active
CMP000001940_1,EQ00001940,Motor,Standby
CMP000001941_1,EQ00001941,Motor,Standby
CMP000001941_2,EQ00001941,Lubrication System,Active
CMP000001941_3,EQ00001941,Motor,Active
CMP000001941_4,EQ00001941,Coupling,Standby
CMP000001942_1,EQ00001942,Safety Interlock,Active
CMP000001942_2,EQ00001942,Lubrication System,Active
CMP000001942_3,EQ00001942,Coupling,Active
CMP000001943_1,EQ00001943,Pressure Element,Active
CMP000001943_2,EQ00001943,Pressure Element,Standby
CMP000001944_1,EQ00001944,Lubrication System,Active
CMP000001944_2,EQ00001944,Gearbox,Active
CMP000001945_1,EQ00001945,Pressure Element,Standby
CMP000001945_2,EQ00001945,Seal,Active
CMP000001945_3,EQ00001945,Gearbox,Active
CMP000001945_4,EQ00001945,Pressure Element,Standby
CMP000001946_1,EQ00001946,Coupling,Active
CMP000001946_2,EQ00001946,Bearing,Standby
CMP000001946_3,EQ00001946,Coupling,Active
CMP000001946_4,EQ00001946,Seal,Active
CMP000001947_1,EQ00001947,Seal,Active
CMP000001947_2,EQ00001947,Seal,Standby
CMP000001948_1,EQ00001948,Coupling,Standby
CMP000001948_2,EQ00001948,Gearbox,Active
CMP000001949_1,EQ00001949,Pressure Element,Active
CMP000001949_2,EQ00001949,Seal,Standby
CMP000001950_1,EQ00001950,Motor,Active
CMP000001950_2,EQ00001950,Coupling,Standby
CMP000001951_1,EQ00001951,Bearing,Standby
CMP000001951_2,EQ00001951,Seal,Active
CMP000001951_3,EQ00001951,Gearbox,Active
CMP000001951_4,EQ00001951,Control Panel,Standby
CMP000001952_1,EQ00001952,Lubrication System,Standby
CMP000001952_2,EQ00001952,Seal,Active
CMP000001952_3,EQ00001952,Control Panel,Standby
CMP000001953_1,EQ00001953,Gearbox,Standby
CMP000001953_2,EQ00001953,Pressure Element,Active
CMP000001953_3,EQ00001953,Valve,Standby
CMP000001954_1,EQ00001954,Control Panel,Standby
CMP000001954_2,EQ00001954,Safety Interlock,Active
CMP000001954_3,EQ00001954,Bearing,Active
CMP000001954_4,EQ00001954,Motor,Active
CMP000001955_1,EQ00001955,Motor,Standby
CMP000001955_2,EQ00001955,Seal,Active
CMP000001955_3,EQ00001955,Bearing,Standby
CMP000001955_4,EQ00001955,Coupling,Active
CMP000001956_1,EQ00001956,Bearing,Active
CMP000001956_2,EQ00001956,Bearing,Standby
CMP000001956_3,EQ00001956,Valve,Standby
CMP000001956_4,EQ00001956,Bearing,Standby
CMP000001957_1,EQ00001957,Coupling,Active
CMP000001958_1,EQ00001958,Pressure Element,Active
CMP000001958_2,EQ00001958,Motor,Standby
CMP000001959_1,EQ00001959,Seal,Active
CMP000001959_2,EQ00001959,Coupling,Active
CMP000001960_1,EQ00001960,Safety Interlock,Active
CMP000001960_2,EQ00001960,Pressure Element,Active
CMP000001960_3,EQ00001960,Lubrication System,Active
CMP000001960_4,EQ00001960,Motor,Standby
CMP000001961_1,EQ00001961,Bearing,Active
CMP000001961_2,EQ00001961,Pressure Element,Standby
CMP000001961_3,EQ00001961,Pressure Element,Active
CMP000001961_4,EQ00001961,Motor,Standby
CMP000001962_1,EQ00001962,Lubrication System,Active
CMP000001962_2,EQ00001962,Safety Interlock,Standby
CMP000001962_3,EQ00001962,Lubrication System,Active
CMP000001962_4,EQ00001962,Valve,Standby
CMP000001963_1,EQ00001963,Pressure Element,Active
CMP000001963_2,EQ00001963,Pressure Element,Active
CMP000001964_1,EQ00001964,Bearing,Standby
CMP000001964_2,EQ00001964,Safety Interlock,Active
CMP000001964_3,EQ00001964,Seal,Active
CMP000001964_4,EQ00001964,Bearing,Standby
CMP000001965_1,EQ00001965,Safety Interlock,Active
CMP000001966_1,EQ00001966,Safety Interlock,Standby
CMP000001967_1,EQ00001967,Seal,Standby
CMP000001967_2,EQ00001967,Seal,Active
CMP000001968_1,EQ00001968,Lubrication System,Standby
CMP000001969_1,EQ00001969,Control Panel,Active
CMP000001969_2,EQ00001969,Gearbox,Active
CMP000001970_1,EQ00001970,Coupling,Active
CMP000001971_1,EQ00001971,Gearbox,Active
CMP000001971_2,EQ00001971,Gearbox,Standby
CMP000001971_3,EQ00001971,Pressure Element,Active
CMP000001972_1,EQ00001972,Gearbox,Standby
CMP000001972_2,EQ00001972,Control Panel,Standby
CMP000001972_3,EQ00001972,Coupling,Active
CMP000001973_1,EQ00001973,Control Panel,Standby
CMP000001973_2,EQ00001973,Bearing,Active
CMP000001973_3,EQ00001973,Gearbox,Standby
CMP000001974_1,EQ00001974,Seal,Standby
CMP000001974_2,EQ00001974,Bearing,Active
CMP000001974_3,EQ00001974,Bearing,Active
CMP000001974_4,EQ00001974,Coupling,Standby
CMP000001975_1,EQ00001975,Safety Interlock,Active
CMP000001975_2,EQ00001975,Valve,Standby
CMP000001975_3,EQ00001975,Lubrication System,Standby
CMP000001975_4,EQ00001975,Control Panel,Standby
CMP000001976_1,EQ00001976,Coupling,Active
CMP000001976_2,EQ00001976,Seal,Active
CMP000001976_3,EQ00001976,Coupling,Standby
CMP000001976_4,EQ00001976,Valve,Active
CMP000001977_1,EQ00001977,Pressure Element,Active
CMP000001977_2,EQ00001977,Lubrication System,Standby
CMP000001977_3,EQ00001977,Pressure Element,Standby
CMP000001978_1,EQ00001978,Valve,Active
CMP000001979_1,EQ00001979,Lubrication System,Active
CMP000001979_2,EQ00001979,Pressure Element,Standby
CMP000001979_3,EQ00001979,Safety Interlock,Standby
CMP000001979_4,EQ00001979,Bearing,Active
CMP000001980_1,EQ00001980,Seal,Active
CMP000001980_2,EQ00001980,Bearing,Standby
CMP000001980_3,EQ00001980,Seal,Active
CMP000001981_1,EQ00001981,Motor,Active
CMP000001981_2,EQ00001981,Gearbox,Active
CMP000001981_3,EQ00001981,Seal,Active
CMP000001982_1,EQ00001982,Gearbox,Active
CMP000001982_2,EQ00001982,Control Panel,Standby
CMP000001983_1,EQ00001983,Pressure Element,Active
CMP000001983_2,EQ00001983,Safety Interlock,Active
CMP000001983_3,EQ00001983,Seal,Standby
CMP000001984_1,EQ00001984,Lubrication System,Standby
CMP000001984_2,EQ00001984,Pressure Element,Active
CMP000001984_3,EQ00001984,Valve,Active
CMP000001984_4,EQ00001984,Pressure Element,Active
CMP000001985_1,EQ00001985,Safety Interlock,Standby
CMP000001985_2,EQ00001985,Motor,Standby
CMP000001985_3,EQ00001985,Bearing,Standby
CMP000001985_4,EQ00001985,Valve,Active
CMP000001986_1,EQ00001986,Bearing,Active
CMP000001986_2,EQ00001986,Motor,Active
CMP000001986_3,EQ00001986,Motor,Standby
CMP000001986_4,EQ00001986,Gearbox,Standby
CMP000001987_1,EQ00001987,Lubrication System,Standby
CMP000001987_2,EQ00001987,Pressure Element,Standby
CMP000001988_1,EQ00001988,Valve,Active
CMP000001989_1,EQ00001989,Motor,Standby
CMP000001990_1,EQ00001990,Valve,Standby
CMP000001991_1,EQ00001991,Pressure Element,Active
CMP000001991_2,EQ00001991,Motor,Standby
CMP000001991_3,EQ00001991,Gearbox,Standby
CMP000001991_4,EQ00001991,Lubrication System,Standby
CMP000001992_1,EQ00001992,Pressure Element,Active
CMP000001992_2,EQ00001992,Gearbox,Active
CMP000001993_1,EQ00001993,Lubrication System,Standby
CMP000001993_2,EQ00001993,Safety Interlock,Active
CMP000001993_3,EQ00001993,Safety Interlock,Standby
CMP000001993_4,EQ00001993,Seal,Active
CMP000001994_1,EQ00001994,Pressure Element,Standby
CMP000001995_1,EQ00001995,Coupling,Standby
CMP000001995_2,EQ00001995,Safety Interlock,Standby
CMP000001996_1,EQ00001996,Pressure Element,Standby
CMP000001997_1,EQ00001997,Control Panel,Active
CMP000001997_2,EQ00001997,Gearbox,Standby
CMP000001997_3,EQ00001997,Coupling,Standby
CMP000001997_4,EQ00001997,Control Panel,Active
CMP000001998_1,EQ00001998,Coupling,Active
CMP000001999_1,EQ00001999,Valve,Active
CMP000001999_2,EQ00001999,Motor,Standby
CMP000001999_3,EQ00001999,Pressure Element,Active
CMP000001999_4,EQ00001999,Lubrication System,Standby
CMP000002000_1,EQ00002000,Motor,Standby
CMP000002000_2,EQ00002000,Seal,Active
CMP000002001_1,EQ00002001,Pressure Element,Standby
CMP000002001_2,EQ00002001,Bearing,Active
CMP000002002_1,EQ00002002,Lubrication System,Active
CMP000002002_2,EQ00002002,Valve,Standby
CMP000002003_1,EQ00002003,Lubrication System,Standby
CMP000002003_2,EQ00002003,Safety Interlock,Active
CMP000002003_3,EQ00002003,Lubrication System,Active
CMP000002004_1,EQ00002004,Pressure Element,Active
CMP000002004_2,EQ00002004,Gearbox,Active
CMP000002004_3,EQ00002004,Safety Interlock,Standby
CMP000002004_4,EQ00002004,Coupling,Active
CMP000002005_1,EQ00002005,Lubrication System,Active
CMP000002005_2,EQ00002005,Bearing,Standby
CMP000002006_1,EQ00002006,Valve,Standby
CMP000002006_2,EQ00002006,Bearing,Standby
CMP000002006_3,EQ00002006,Coupling,Active
CMP000002007_1,EQ00002007,Lubrication System,Standby
CMP000002008_1,EQ00002008,Control Panel,Active
CMP000002008_2,EQ00002008,Control Panel,Standby
CMP000002009_1,EQ00002009,Safety Interlock,Standby
CMP000002009_2,EQ00002009,Coupling,Standby
CMP000002010_1,EQ00002010,Gearbox,Active
CMP000002010_2,EQ00002010,Gearbox,Active
CMP000002010_3,EQ00002010,Safety Interlock,Active
CMP000002011_1,EQ00002011,Control Panel,Standby
CMP000002011_2,EQ00002011,Coupling,Standby
CMP000002011_3,EQ00002011,Bearing,Standby
CMP000002011_4,EQ00002011,Lubrication System,Active
CMP000002012_1,EQ00002012,Control Panel,Standby
CMP000002013_1,EQ00002013,Coupling,Active
CMP000002013_2,EQ00002013,Pressure Element,Active
CMP000002014_1,EQ00002014,Seal,Standby
CMP000002014_2,EQ00002014,Seal,Active
CMP000002014_3,EQ00002014,Bearing,Standby
CMP000002015_1,EQ00002015,Control Panel,Active
CMP000002016_1,EQ00002016,Seal,Active
CMP000002016_2,EQ00002016,Valve,Active
CMP000002017_1,EQ00002017,Valve,Active
CMP000002018_1,EQ00002018,Bearing,Active
CMP000002018_2,EQ00002018,Safety Interlock,Standby
CMP000002019_1,EQ00002019,Motor,Standby
CMP000002019_2,EQ00002019,Seal,Standby
CMP000002019_3,EQ00002019,Bearing,Active
CMP000002020_1,EQ00002020,Pressure Element,Active
CMP000002020_2,EQ00002020,Bearing,Active
CMP000002021_1,EQ00002021,Seal,Standby
CMP000002021_2,EQ00002021,Gearbox,Standby
CMP000002021_3,EQ00002021,Valve,Standby
CMP000002021_4,EQ00002021,Valve,Active
CMP000002022_1,EQ00002022,Coupling,Active
CMP000002022_2,EQ00002022,Motor,Standby
CMP000002022_3,EQ00002022,Control Panel,Active
CMP000002022_4,EQ00002022,Gearbox,Active
CMP000002023_1,EQ00002023,Coupling,Standby
CMP000002023_2,EQ00002023,Pressure Element,Standby
CMP000002023_3,EQ00002023,Control Panel,Standby
CMP000002023_4,EQ00002023,Lubrication System,Standby
CMP000002024_1,EQ00002024,Gearbox,Active
CMP000002024_2,EQ00002024,Lubrication System,Active
CMP000002025_1,EQ00002025,Valve,Standby
CMP000002025_2,EQ00002025,Control Panel,Active
CMP000002026_1,EQ00002026,Bearing,Standby
CMP000002026_2,EQ00002026,Bearing,Standby
CMP000002027_1,EQ00002027,Seal,Standby
CMP000002028_1,EQ00002028,Lubrication System,Standby
CMP000002028_2,EQ00002028,Bearing,Standby
CMP000002029_1,EQ00002029,Coupling,Active
CMP000002029_2,EQ00002029,Coupling,Standby
CMP000002030_1,EQ00002030,Bearing,Standby
CMP000002030_2,EQ00002030,Lubrication System,Standby
CMP000002030_3,EQ00002030,Bearing,Standby
CMP000002030_4,EQ00002030,Motor,Active
CMP000002031_1,EQ00002031,Bearing,Active
CMP000002032_1,EQ00002032,Control Panel,Active
CMP000002032_2,EQ00002032,Valve,Active
CMP000002032_3,EQ00002032,Pressure Element,Standby
CMP000002033_1,EQ00002033,Pressure Element,Standby
CMP000002033_2,EQ00002033,Seal,Active
CMP000002033_3,EQ00002033,Safety Interlock,Active
CMP000002034_1,EQ00002034,Control Panel,Active
CMP000002035_1,EQ00002035,Valve,Standby
CMP000002035_2,EQ00002035,Bearing,Active
CMP000002035_3,EQ00002035,Gearbox,Standby
CMP000002036_1,EQ00002036,Pressure Element,Standby
CMP000002037_1,EQ00002037,Lubrication System,Standby
CMP000002037_2,EQ00002037,Gearbox,Active
CMP000002037_3,EQ00002037,Seal,Active
CMP000002038_1,EQ00002038,Control Panel,Standby
CMP000002038_2,EQ00002038,Safety Interlock,Active
CMP000002039_1,EQ00002039,Gearbox,Standby
CMP000002040_1,EQ00002040,Bearing,Active
CMP000002040_2,EQ00002040,Control Panel,Active
CMP000002040_3,EQ00002040,Seal,Active
CMP000002041_1,EQ00002041,Coupling,Standby
CMP000002041_2,EQ00002041,Pressure Element,Active
CMP000002041_3,EQ00002041,Gearbox,Active
CMP000002042_1,EQ00002042,Motor,Standby
CMP000002042_2,EQ00002042,Safety Interlock,Active
CMP000002043_1,EQ00002043,Seal,Active
CMP000002043_2,EQ00002043,Lubrication System,Standby
CMP000002043_3,EQ00002043,Seal,Active
CMP000002043_4,EQ00002043,Pressure Element,Standby
CMP000002044_1,EQ00002044,Pressure Element,Active
CMP000002044_2,EQ00002044,Control Panel,Standby
CMP000002045_1,EQ00002045,Bearing,Active
CMP000002046_1,EQ00002046,Gearbox,Standby
CMP000002046_2,EQ00002046,Seal,Standby
CMP000002046_3,EQ00002046,Lubrication System,Standby
CMP000002046_4,EQ00002046,Motor,Active
CMP000002047_1,EQ00002047,Coupling,Active
CMP000002047_2,EQ00002047,Control Panel,Active
CMP000002047_3,EQ00002047,Pressure Element,Active
CMP000002048_1,EQ00002048,Safety Interlock,Active
CMP000002048_2,EQ00002048,Safety Interlock,Active
CMP000002048_3,EQ00002048,Valve,Active
CMP000002049_1,EQ00002049,Gearbox,Standby
CMP000002049_2,EQ00002049,Seal,Active
CMP000002049_3,EQ00002049,Control Panel,Active
CMP000002050_1,EQ00002050,Lubrication System,Active
CMP000002050_2,EQ00002050,Coupling,Standby
CMP000002050_3,EQ00002050,Coupling,Standby
CMP000002051_1,EQ00002051,Safety Interlock,Active
CMP000002052_1,EQ00002052,Lubrication System,Standby
CMP000002052_2,EQ00002052,Motor,Standby
CMP000002052_3,EQ00002052,Coupling,Active
CMP000002052_4,EQ00002052,Valve,Active
CMP000002053_1,EQ00002053,Seal,Active
CMP000002053_2,EQ00002053,Gearbox,Standby
CMP000002053_3,EQ00002053,Lubrication System,Standby
CMP000002053_4,EQ00002053,Safety Interlock,Standby
CMP000002054_1,EQ00002054,Valve,Standby
CMP000002054_2,EQ00002054,Coupling,Active
CMP000002054_3,EQ00002054,Lubrication System,Active
CMP000002054_4,EQ00002054,Control Panel,Active
CMP000002055_1,EQ00002055,Gearbox,Active
CMP000002055_2,EQ00002055,Motor,Active
CMP000002056_1,EQ00002056,Bearing,Standby
CMP000002057_1,EQ00002057,Lubrication System,Active
CMP000002057_2,EQ00002057,Coupling,Standby
CMP000002058_1,EQ00002058,Lubrication System,Standby
CMP000002059_1,EQ00002059,Lubrication System,Active
CMP000002060_1,EQ00002060,Motor,Active
CMP000002060_2,EQ00002060,Motor,Active
CMP000002061_1,EQ00002061,Lubrication System,Active
CMP000002061_2,EQ00002061,Control Panel,Active
CMP000002062_1,EQ00002062,Pressure Element,Standby
CMP000002062_2,EQ00002062,Coupling,Active
CMP000002063_1,EQ00002063,Gearbox,Active
CMP000002064_1,EQ00002064,Coupling,Standby
CMP000002064_2,EQ00002064,Lubrication System,Active
CMP000002065_1,EQ00002065,Control Panel,Active
CMP000002065_2,EQ00002065,Coupling,Standby
CMP000002065_3,EQ00002065,Pressure Element,Active
CMP000002065_4,EQ00002065,Pressure Element,Active
CMP000002066_1,EQ00002066,Control Panel,Active
CMP000002067_1,EQ00002067,Gearbox,Standby
CMP000002067_2,EQ00002067,Gearbox,Active
CMP000002067_3,EQ00002067,Safety Interlock,Active
CMP000002067_4,EQ00002067,Gearbox,Active
CMP000002068_1,EQ00002068,Safety Interlock,Active
CMP000002068_2,EQ00002068,Gearbox,Standby
CMP000002068_3,EQ00002068,Seal,Standby
CMP000002069_1,EQ00002069,Motor,Standby
CMP000002069_2,EQ00002069,Lubrication System,Standby
CMP000002070_1,EQ00002070,Valve,Active
CMP000002071_1,EQ00002071,Pressure Element,Standby
CMP000002071_2,EQ00002071,Pressure Element,Standby
CMP000002072_1,EQ00002072,Seal,Active
CMP000002072_2,EQ00002072,Seal,Active
CMP000002072_3,EQ00002072,Motor,Active
CMP000002073_1,EQ00002073,Valve,Active
CMP000002073_2,EQ00002073,Bearing,Standby
CMP000002073_3,EQ00002073,Lubrication System,Standby
CMP000002073_4,EQ00002073,Valve,Standby
CMP000002074_1,EQ00002074,Lubrication System,Standby
CMP000002074_2,EQ00002074,Safety Interlock,Active
CMP000002074_3,EQ00002074,Coupling,Active
CMP000002075_1,EQ00002075,Control Panel,Standby
CMP000002075_2,EQ00002075,Lubrication System,Active
CMP000002075_3,EQ00002075,Control Panel,Active
CMP000002076_1,EQ00002076,Seal,Active
CMP000002076_2,EQ00002076,Safety Interlock,Standby
CMP000002076_3,EQ00002076,Lubrication System,Active
CMP000002077_1,EQ00002077,Pressure Element,Standby
CMP000002077_2,EQ00002077,Bearing,Standby
CMP000002078_1,EQ00002078,Gearbox,Active
CMP000002078_2,EQ00002078,Motor,Standby
CMP000002078_3,EQ00002078,Safety Interlock,Active
CMP000002079_1,EQ00002079,Pressure Element,Active
CMP000002079_2,EQ00002079,Seal,Active
CMP000002080_1,EQ00002080,Control Panel,Standby
CMP000002080_2,EQ00002080,Coupling,Standby
CMP000002081_1,EQ00002081,Gearbox,Active
CMP000002081_2,EQ00002081,Valve,Active
CMP000002081_3,EQ00002081,Control Panel,Active
CMP000002081_4,EQ00002081,Motor,Standby
CMP000002082_1,EQ00002082,Coupling,Standby
CMP000002082_2,EQ00002082,Control Panel,Active
CMP000002083_1,EQ00002083,Pressure Element,Standby
CMP000002083_2,EQ00002083,Coupling,Active
CMP000002083_3,EQ00002083,Lubrication System,Active
CMP000002084_1,EQ00002084,Pressure Element,Active
CMP000002084_2,EQ00002084,Motor,Active
CMP000002084_3,EQ00002084,Valve,Active
CMP000002085_1,EQ00002085,Bearing,Active
CMP000002085_2,EQ00002085,Coupling,Active
CMP000002086_1,EQ00002086,Seal,Standby
CMP000002087_1,EQ00002087,Control Panel,Standby
CMP000002088_1,EQ00002088,Seal,Standby
CMP000002089_1,EQ00002089,Motor,Standby
CMP000002089_2,EQ00002089,Control Panel,Active
CMP000002090_1,EQ00002090,Lubrication System,Active
CMP000002090_2,EQ00002090,Pressure Element,Standby
CMP000002090_3,EQ00002090,Control Panel,Standby
CMP000002090_4,EQ00002090,Valve,Active
CMP000002091_1,EQ00002091,Valve,Standby
CMP000002092_1,EQ00002092,Seal,Active
CMP000002093_1,EQ00002093,Bearing,Active
CMP000002093_2,EQ00002093,Coupling,Standby
CMP000002094_1,EQ00002094,Pressure Element,Active
CMP000002094_2,EQ00002094,Safety Interlock,Standby
CMP000002094_3,EQ00002094,Bearing,Active
CMP000002094_4,EQ00002094,Safety Interlock,Active
CMP000002095_1,EQ00002095,Seal,Standby
CMP000002095_2,EQ00002095,Gearbox,Active
CMP000002095_3,EQ00002095,Lubrication System,Active
CMP000002095_4,EQ00002095,Control Panel,Active
CMP000002096_1,EQ00002096,Seal,Standby
CMP000002097_1,EQ00002097,Pressure Element,Standby
CMP000002098_1,EQ00002098,Safety Interlock,Active
CMP000002099_1,EQ00002099,Bearing,Active
CMP000002099_2,EQ00002099,Bearing,Active
CMP000002099_3,EQ00002099,Gearbox,Standby
CMP000002099_4,EQ00002099,Gearbox,Active
CMP000002100_1,EQ00002100,Lubrication System,Active
CMP000002100_2,EQ00002100,Coupling,Active
CMP000002100_3,EQ00002100,Coupling,Standby
CMP000002101_1,EQ00002101,Gearbox,Active
CMP000002101_2,EQ00002101,Coupling,Standby
CMP000002101_3,EQ00002101,Coupling,Active
CMP000002102_1,EQ00002102,Coupling,Standby
CMP000002102_2,EQ00002102,Seal,Active
CMP000002103_1,EQ00002103,Bearing,Active
CMP000002103_2,EQ00002103,Motor,Standby
CMP000002103_3,EQ00002103,Bearing,Active
CMP000002103_4,EQ00002103,Safety Interlock,Standby
CMP000002104_1,EQ00002104,Lubrication System,Standby
CMP000002104_2,EQ00002104,Coupling,Active
CMP000002105_1,EQ00002105,Motor,Active
CMP000002105_2,EQ00002105,Seal,Standby
CMP000002105_3,EQ00002105,Coupling,Standby
CMP000002105_4,EQ00002105,Valve,Standby
CMP000002106_1,EQ00002106,Coupling,Active
CMP000002107_1,EQ00002107,Pressure Element,Active
CMP000002107_2,EQ00002107,Lubrication System,Active
CMP000002107_3,EQ00002107,Motor,Standby
CMP000002108_1,EQ00002108,Motor,Active
CMP000002108_2,EQ00002108,Gearbox,Standby
CMP000002108_3,EQ00002108,Bearing,Active
CMP000002109_1,EQ00002109,Safety Interlock,Active
CMP000002109_2,EQ00002109,Control Panel,Active
CMP000002109_3,EQ00002109,Gearbox,Standby
CMP000002109_4,EQ00002109,Valve,Standby
CMP000002110_1,EQ00002110,Gearbox,Standby
CMP000002110_2,EQ00002110,Safety Interlock,Active
CMP000002111_1,EQ00002111,Safety Interlock,Standby
CMP000002111_2,EQ00002111,Motor,Active
CMP000002112_1,EQ00002112,Motor,Standby
CMP000002112_2,EQ00002112,Lubrication System,Active
CMP000002112_3,EQ00002112,Lubrication System,Standby
CMP000002112_4,EQ00002112,Bearing,Standby
CMP000002113_1,EQ00002113,Safety Interlock,Standby
CMP000002113_2,EQ00002113,Motor,Standby
CMP000002113_3,EQ00002113,Seal,Active
CMP000002114_1,EQ00002114,Valve,Active
CMP000002114_2,EQ00002114,Lubrication System,Active
CMP000002115_1,EQ00002115,Bearing,Standby
CMP000002115_2,EQ00002115,Control Panel,Active
CMP000002115_3,EQ00002115,Valve,Standby
CMP000002115_4,EQ00002115,Pressure Element,Standby
CMP000002116_1,EQ00002116,Bearing,Active
CMP000002116_2,EQ00002116,Seal,Active
CMP000002116_3,EQ00002116,Control Panel,Active
CMP000002116_4,EQ00002116,Control Panel,Active
CMP000002117_1,EQ00002117,Lubrication System,Standby
CMP000002117_2,EQ00002117,Valve,Standby
CMP000002117_3,EQ00002117,Gearbox,Active
CMP000002117_4,EQ00002117,Valve,Standby
CMP000002118_1,EQ00002118,Gearbox,Standby
CMP000002118_2,EQ00002118,Control Panel,Active
CMP000002118_3,EQ00002118,Safety Interlock,Active
CMP000002119_1,EQ00002119,Pressure Element,Active
CMP000002120_1,EQ00002120,Coupling,Active
CMP000002120_2,EQ00002120,Lubrication System,Active
CMP000002120_3,EQ00002120,Pressure Element,Active
CMP000002120_4,EQ00002120,Control Panel,Standby
CMP000002121_1,EQ00002121,Coupling,Active
CMP000002121_2,EQ00002121,Lubrication System,Active
CMP000002121_3,EQ00002121,Seal,Active
CMP000002121_4,EQ00002121,Safety Interlock,Active
CMP000002122_1,EQ00002122,Pressure Element,Active
CMP000002123_1,EQ00002123,Motor,Active
CMP000002123_2,EQ00002123,Pressure Element,Standby
CMP000002123_3,EQ00002123,Gearbox,Standby
CMP000002123_4,EQ00002123,Control Panel,Standby
CMP000002124_1,EQ00002124,Pressure Element,Standby
CMP000002124_2,EQ00002124,Bearing,Standby
CMP000002125_1,EQ00002125,Gearbox,Standby
CMP000002125_2,EQ00002125,Pressure Element,Active
CMP000002126_1,EQ00002126,Pressure Element,Active
CMP000002126_2,EQ00002126,Valve,Active
CMP000002127_1,EQ00002127,Gearbox,Standby
CMP000002127_2,EQ00002127,Seal,Active
CMP000002128_1,EQ00002128,Motor,Standby
CMP000002128_2,EQ00002128,Control Panel,Active
CMP000002129_1,EQ00002129,Pressure Element,Active
CMP000002129_2,EQ00002129,Lubrication System,Standby
CMP000002130_1,EQ00002130,Coupling,Active
CMP000002130_2,EQ00002130,Seal,Standby
CMP000002130_3,EQ00002130,Motor,Standby
CMP000002130_4,EQ00002130,Control Panel,Active
CMP000002131_1,EQ00002131,Lubrication System,Active
CMP000002131_2,EQ00002131,Gearbox,Standby
CMP000002131_3,EQ00002131,Coupling,Active
CMP000002131_4,EQ00002131,Coupling,Active
CMP000002132_1,EQ00002132,Coupling,Standby
CMP000002132_2,EQ00002132,Seal,Standby
CMP000002133_1,EQ00002133,Safety Interlock,Active
CMP000002134_1,EQ00002134,Safety Interlock,Active
CMP000002135_1,EQ00002135,Seal,Active
CMP000002136_1,EQ00002136,Valve,Active
CMP000002136_2,EQ00002136,Lubrication System,Standby
CMP000002137_1,EQ00002137,Motor,Standby
CMP000002137_2,EQ00002137,Safety Interlock,Standby
CMP000002137_3,EQ00002137,Lubrication System,Standby
CMP000002138_1,EQ00002138,Coupling,Standby
CMP000002139_1,EQ00002139,Bearing,Standby
CMP000002139_2,EQ00002139,Motor,Standby
CMP000002140_1,EQ00002140,Valve,Standby
CMP000002141_1,EQ00002141,Bearing,Active
CMP000002141_2,EQ00002141,Seal,Standby
CMP000002142_1,EQ00002142,Control Panel,Standby
CMP000002142_2,EQ00002142,Seal,Standby
CMP000002142_3,EQ00002142,Motor,Standby
CMP000002142_4,EQ00002142,Lubrication System,Active
CMP000002143_1,EQ00002143,Seal,Standby
CMP000002143_2,EQ00002143,Pressure Element,Standby
CMP000002143_3,EQ00002143,Bearing,Active
CMP000002143_4,EQ00002143,Coupling,Standby
CMP000002144_1,EQ00002144,Seal,Standby
CMP000002145_1,EQ00002145,Safety Interlock,Active
CMP000002146_1,EQ00002146,Valve,Active
CMP000002146_2,EQ00002146,Gearbox,Standby
CMP000002146_3,EQ00002146,Gearbox,Standby
CMP000002147_1,EQ00002147,Pressure Element,Standby
CMP000002147_2,EQ00002147,Bearing,Standby
CMP000002148_1,EQ00002148,Safety Interlock,Active
CMP000002148_2,EQ00002148,Pressure Element,Active
CMP000002149_1,EQ00002149,Motor,Active
CMP000002149_2,EQ00002149,Coupling,Active
CMP000002149_3,EQ00002149,Lubrication System,Standby
CMP000002150_1,EQ00002150,Lubrication System,Active
CMP000002150_2,EQ00002150,Lubrication System,Standby
CMP000002150_3,EQ00002150,Coupling,Active
CMP000002151_1,EQ00002151,Pressure Element,Active
CMP000002152_1,EQ00002152,Safety Interlock,Standby
CMP000002152_2,EQ00002152,Lubrication System,Active
CMP000002153_1,EQ00002153,Valve,Active
CMP000002153_2,EQ00002153,Valve,Standby
CMP000002153_3,EQ00002153,Bearing,Standby
CMP000002154_1,EQ00002154,Seal,Active
CMP000002155_1,EQ00002155,Bearing,Active
CMP000002155_2,EQ00002155,Gearbox,Active
CMP000002155_3,EQ00002155,Gearbox,Active
CMP000002155_4,EQ00002155,Coupling,Standby
CMP000002156_1,EQ00002156,Seal,Active
CMP000002156_2,EQ00002156,Safety Interlock,Active
CMP000002156_3,EQ00002156,Pressure Element,Standby
CMP000002156_4,EQ00002156,Motor,Standby
CMP000002157_1,EQ00002157,Pressure Element,Active
CMP000002157_2,EQ00002157,Coupling,Standby
CMP000002157_3,EQ00002157,Bearing,Standby
CMP000002158_1,EQ00002158,Control Panel,Active
CMP000002158_2,EQ00002158,Control Panel,Standby
CMP000002158_3,EQ00002158,Motor,Active
CMP000002158_4,EQ00002158,Safety Interlock,Active
CMP000002159_1,EQ00002159,Motor,Active
CMP000002159_2,EQ00002159,Seal,Active
CMP000002159_3,EQ00002159,Lubrication System,Active
CMP000002160_1,EQ00002160,Control Panel,Standby
CMP000002160_2,EQ00002160,Safety Interlock,Active
CMP000002161_1,EQ00002161,Motor,Active
CMP000002161_2,EQ00002161,Safety Interlock,Active
CMP000002161_3,EQ00002161,Safety Interlock,Active
CMP000002162_1,EQ00002162,Pressure Element,Standby
CMP000002162_2,EQ00002162,Valve,Active
CMP000002162_3,EQ00002162,Gearbox,Standby
CMP000002163_1,EQ00002163,Valve,Active
CMP000002163_2,EQ00002163,Coupling,Active
CMP000002163_3,EQ00002163,Valve,Active
CMP000002163_4,EQ00002163,Motor,Active
CMP000002164_1,EQ00002164,Control Panel,Active
CMP000002165_1,EQ00002165,Safety Interlock,Standby
CMP000002165_2,EQ00002165,Bearing,Active
CMP000002166_1,EQ00002166,Lubrication System,Active
CMP000002166_2,EQ00002166,Gearbox,Standby
CMP000002167_1,EQ00002167,Bearing,Active
CMP000002167_2,EQ00002167,Gearbox,Standby
CMP000002168_1,EQ00002168,Valve,Active
CMP000002168_2,EQ00002168,Valve,Standby
CMP000002168_3,EQ00002168,Motor,Active
CMP000002169_1,EQ00002169,Safety Interlock,Standby
CMP000002169_2,EQ00002169,Safety Interlock,Standby
CMP000002169_3,EQ00002169,Lubrication System,Active
CMP000002170_1,EQ00002170,Seal,Standby
CMP000002171_1,EQ00002171,Seal,Active
CMP000002171_2,EQ00002171,Coupling,Active
CMP000002171_3,EQ00002171,Seal,Standby
CMP000002172_1,EQ00002172,Lubrication System,Standby
CMP000002173_1,EQ00002173,Control Panel,Active
CMP000002173_2,EQ00002173,Pressure Element,Active
CMP000002173_3,EQ00002173,Valve,Standby
CMP000002174_1,EQ00002174,Valve,Standby
CMP000002174_2,EQ00002174,Control Panel,Standby
CMP000002174_3,EQ00002174,Gearbox,Active
CMP000002174_4,EQ00002174,Control Panel,Active
CMP000002175_1,EQ00002175,Coupling,Standby
CMP000002175_2,EQ00002175,Valve,Standby
CMP000002175_3,EQ00002175,Gearbox,Standby
CMP000002176_1,EQ00002176,Valve,Active
CMP000002176_2,EQ00002176,Lubrication System,Standby
CMP000002177_1,EQ00002177,Control Panel,Active
CMP000002177_2,EQ00002177,Coupling,Standby
CMP000002177_3,EQ00002177,Valve,Standby
CMP000002177_4,EQ00002177,Valve,Standby
CMP000002178_1,EQ00002178,Gearbox,Standby
CMP000002179_1,EQ00002179,Seal,Standby
CMP000002179_2,EQ00002179,Lubrication System,Active
CMP000002179_3,EQ00002179,Motor,Active
CMP000002179_4,EQ00002179,Gearbox,Active
CMP000002180_1,EQ00002180,Motor,Active
CMP000002180_2,EQ00002180,Valve,Active
CMP000002180_3,EQ00002180,Safety Interlock,Active
CMP000002181_1,EQ00002181,Seal,Active
CMP000002181_2,EQ00002181,Control Panel,Active
CMP000002182_1,EQ00002182,Control Panel,Standby
CMP000002183_1,EQ00002183,Bearing,Standby
CMP000002184_1,EQ00002184,Motor,Active
CMP000002184_2,EQ00002184,Gearbox,Standby
CMP000002185_1,EQ00002185,Motor,Standby
CMP000002185_2,EQ00002185,Lubrication System,Standby
CMP000002185_3,EQ00002185,Coupling,Standby
CMP000002185_4,EQ00002185,Bearing,Standby
CMP000002186_1,EQ00002186,Motor,Standby
CMP000002186_2,EQ00002186,Safety Interlock,Standby
CMP000002186_3,EQ00002186,Bearing,Active
CMP000002187_1,EQ00002187,Bearing,Active
CMP000002187_2,EQ00002187,Gearbox,Standby
CMP000002188_1,EQ00002188,Safety Interlock,Standby
CMP000002188_2,EQ00002188,Motor,Active
CMP000002189_1,EQ00002189,Safety Interlock,Standby
CMP000002190_1,EQ00002190,Seal,Active
CMP000002191_1,EQ00002191,Valve,Active
CMP000002191_2,EQ00002191,Lubrication System,Standby
CMP000002192_1,EQ00002192,Seal,Active
CMP000002192_2,EQ00002192,Pressure Element,Standby
CMP000002193_1,EQ00002193,Control Panel,Standby
CMP000002193_2,EQ00002193,Coupling,Active
CMP000002193_3,EQ00002193,Gearbox,Standby
CMP000002193_4,EQ00002193,Bearing,Standby
CMP000002194_1,EQ00002194,Pressure Element,Standby
CMP000002195_1,EQ00002195,Seal,Standby
CMP000002195_2,EQ00002195,Valve,Active
CMP000002195_3,EQ00002195,Valve,Active
CMP000002196_1,EQ00002196,Gearbox,Active
CMP000002196_2,EQ00002196,Lubrication System,Active
CMP000002196_3,EQ00002196,Bearing,Standby
CMP000002197_1,EQ00002197,Motor,Standby
CMP000002198_1,EQ00002198,Control Panel,Active
CMP000002198_2,EQ00002198,Seal,Standby
CMP000002198_3,EQ00002198,Motor,Standby
CMP000002198_4,EQ00002198,Coupling,Standby
CMP000002199_1,EQ00002199,Lubrication System,Standby
CMP000002199_2,EQ00002199,Control Panel,Standby
CMP000002200_1,EQ00002200,Bearing,Standby
CMP000002200_2,EQ00002200,Valve,Standby
CMP000002201_1,EQ00002201,Valve,Active
CMP000002201_2,EQ00002201,Safety Interlock,Standby
CMP000002201_3,EQ00002201,Gearbox,Active
CMP000002201_4,EQ00002201,Safety Interlock,Active
CMP000002202_1,EQ00002202,Pressure Element,Active
CMP000002202_2,EQ00002202,Coupling,Standby
CMP000002202_3,EQ00002202,Gearbox,Active
CMP000002202_4,EQ00002202,Bearing,Active
CMP000002203_1,EQ00002203,Valve,Active
CMP000002203_2,EQ00002203,Motor,Standby
CMP000002203_3,EQ00002203,Bearing,Active
CMP000002203_4,EQ00002203,Motor,Standby
CMP000002204_1,EQ00002204,Gearbox,Active
CMP000002205_1,EQ00002205,Bearing,Standby
CMP000002205_2,EQ00002205,Seal,Active
CMP000002205_3,EQ00002205,Coupling,Active
CMP000002206_1,EQ00002206,Pressure Element,Active
CMP000002206_2,EQ00002206,Control Panel,Standby
CMP000002206_3,EQ00002206,Coupling,Active
CMP000002206_4,EQ00002206,Pressure Element,Standby
CMP000002207_1,EQ00002207,Safety Interlock,Standby
CMP000002207_2,EQ00002207,Lubrication System,Active
CMP000002208_1,EQ00002208,Motor,Standby
CMP000002208_2,EQ00002208,Control Panel,Standby
CMP000002209_1,EQ00002209,Pressure Element,Active
CMP000002209_2,EQ00002209,Seal,Standby
CMP000002209_3,EQ00002209,Coupling,Standby
CMP000002210_1,EQ00002210,Control Panel,Standby
CMP000002211_1,EQ00002211,Bearing,Standby
CMP000002212_1,EQ00002212,Seal,Standby
CMP000002212_2,EQ00002212,Pressure Element,Standby
CMP000002213_1,EQ00002213,Lubrication System,Standby
CMP000002213_2,EQ00002213,Seal,Active
CMP000002213_3,EQ00002213,Valve,Active
CMP000002213_4,EQ00002213,Control Panel,Standby
CMP000002214_1,EQ00002214,Pressure Element,Standby
CMP000002215_1,EQ00002215,Seal,Standby
CMP000002215_2,EQ00002215,Valve,Active
CMP000002215_3,EQ00002215,Safety Interlock,Standby
CMP000002215_4,EQ00002215,Pressure Element,Active
CMP000002216_1,EQ00002216,Lubrication System,Standby
CMP000002216_2,EQ00002216,Coupling,Standby
CMP000002216_3,EQ00002216,Safety Interlock,Active
CMP000002216_4,EQ00002216,Lubrication System,Active
CMP000002217_1,EQ00002217,Lubrication System,Active
CMP000002218_1,EQ00002218,Bearing,Standby
CMP000002219_1,EQ00002219,Bearing,Standby
CMP000002219_2,EQ00002219,Pressure Element,Active
CMP000002219_3,EQ00002219,Control Panel,Standby
CMP000002220_1,EQ00002220,Coupling,Standby
CMP000002220_2,EQ00002220,Seal,Active
CMP000002221_1,EQ00002221,Safety Interlock,Active
CMP000002221_2,EQ00002221,Bearing,Active
CMP000002222_1,EQ00002222,Gearbox,Active
CMP000002222_2,EQ00002222,Gearbox,Standby
CMP000002222_3,EQ00002222,Seal,Standby
CMP000002222_4,EQ00002222,Bearing,Active
CMP000002223_1,EQ00002223,Coupling,Active
CMP000002223_2,EQ00002223,Pressure Element,Active
CMP000002223_3,EQ00002223,Bearing,Standby
CMP000002223_4,EQ00002223,Pressure Element,Standby
CMP000002224_1,EQ00002224,Coupling,Active
CMP000002224_2,EQ00002224,Gearbox,Active
CMP000002224_3,EQ00002224,Lubrication System,Standby
CMP000002225_1,EQ00002225,Gearbox,Standby
CMP000002225_2,EQ00002225,Safety Interlock,Active
CMP000002226_1,EQ00002226,Bearing,Active
CMP000002227_1,EQ00002227,Pressure Element,Active
CMP000002228_1,EQ00002228,Lubrication System,Active
CMP000002228_2,EQ00002228,Valve,Active
CMP000002229_1,EQ00002229,Control Panel,Active
CMP000002229_2,EQ00002229,Lubrication System,Active
CMP000002229_3,EQ00002229,Gearbox,Standby
CMP000002229_4,EQ00002229,Pressure Element,Standby
CMP000002230_1,EQ00002230,Safety Interlock,Active
CMP000002231_1,EQ00002231,Valve,Active
CMP000002231_2,EQ00002231,Lubrication System,Standby
CMP000002231_3,EQ00002231,Bearing,Active
CMP000002232_1,EQ00002232,Bearing,Active
CMP000002232_2,EQ00002232,Coupling,Active
CMP000002232_3,EQ00002232,Seal,Standby
CMP000002232_4,EQ00002232,Seal,Active
CMP000002233_1,EQ00002233,Seal,Active
CMP000002234_1,EQ00002234,Safety Interlock,Active
CMP000002234_2,EQ00002234,Motor,Active
CMP000002234_3,EQ00002234,Motor,Active
CMP000002235_1,EQ00002235,Pressure Element,Active
CMP000002235_2,EQ00002235,Seal,Standby
CMP000002235_3,EQ00002235,Gearbox,Standby
CMP000002235_4,EQ00002235,Lubrication System,Standby
CMP000002236_1,EQ00002236,Lubrication System,Standby
CMP000002236_2,EQ00002236,Seal,Active
CMP000002237_1,EQ00002237,Coupling,Standby
CMP000002237_2,EQ00002237,Bearing,Standby
CMP000002237_3,EQ00002237,Motor,Active
CMP000002238_1,EQ00002238,Coupling,Active
CMP000002238_2,EQ00002238,Lubrication System,Active
CMP000002238_3,EQ00002238,Safety Interlock,Standby
CMP000002238_4,EQ00002238,Control Panel,Active
CMP000002239_1,EQ00002239,Motor,Active
CMP000002239_2,EQ00002239,Valve,Active
CMP000002240_1,EQ00002240,Coupling,Standby
CMP000002240_2,EQ00002240,Gearbox,Standby
CMP000002240_3,EQ00002240,Motor,Active
CMP000002240_4,EQ00002240,Pressure Element,Active
CMP000002241_1,EQ00002241,Bearing,Active
CMP000002242_1,EQ00002242,Gearbox,Standby
CMP000002242_2,EQ00002242,Lubrication System,Active
CMP000002242_3,EQ00002242,Lubrication System,Active
CMP000002243_1,EQ00002243,Safety Interlock,Standby
CMP000002243_2,EQ00002243,Safety Interlock,Active
CMP000002243_3,EQ00002243,Seal,Standby
CMP000002243_4,EQ00002243,Coupling,Active
CMP000002244_1,EQ00002244,Gearbox,Active
CMP000002245_1,EQ00002245,Motor,Standby
CMP000002245_2,EQ00002245,Bearing,Active
CMP000002246_1,EQ00002246,Coupling,Standby
CMP000002247_1,EQ00002247,Control Panel,Standby
CMP000002247_2,EQ00002247,Lubrication System,Standby
CMP000002247_3,EQ00002247,Pressure Element,Standby
CMP000002248_1,EQ00002248,Pressure Element,Standby
CMP000002248_2,EQ00002248,Coupling,Standby
CMP000002248_3,EQ00002248,Motor,Standby
CMP000002249_1,EQ00002249,Motor,Standby
CMP000002250_1,EQ00002250,Pressure Element,Standby
CMP000002250_2,EQ00002250,Coupling,Active
CMP000002250_3,EQ00002250,Lubrication System,Active
CMP000002250_4,EQ00002250,Valve,Active
CMP000002251_1,EQ00002251,Gearbox,Standby
CMP000002251_2,EQ00002251,Safety Interlock,Active
CMP000002251_3,EQ00002251,Safety Interlock,Active
CMP000002252_1,EQ00002252,Gearbox,Active
CMP000002252_2,EQ00002252,Safety Interlock,Active
CMP000002252_3,EQ00002252,Seal,Active
CMP000002252_4,EQ00002252,Pressure Element,Active
CMP000002253_1,EQ00002253,Motor,Active
CMP000002253_2,EQ00002253,Lubrication System,Active
CMP000002253_3,EQ00002253,Control Panel,Active
CMP000002253_4,EQ00002253,Gearbox,Standby
CMP000002254_1,EQ00002254,Control Panel,Standby
CMP000002254_2,EQ00002254,Valve,Active
CMP000002255_1,EQ00002255,Safety Interlock,Active
CMP000002255_2,EQ00002255,Pressure Element,Standby
CMP000002255_3,EQ00002255,Gearbox,Active
CMP000002255_4,EQ00002255,Valve,Standby
CMP000002256_1,EQ00002256,Control Panel,Active
CMP000002256_2,EQ00002256,Control Panel,Active
CMP000002257_1,EQ00002257,Control Panel,Active
CMP000002257_2,EQ00002257,Coupling,Standby
CMP000002258_1,EQ00002258,Safety Interlock,Active
CMP000002258_2,EQ00002258,Coupling,Standby
CMP000002258_3,EQ00002258,Seal,Standby
CMP000002258_4,EQ00002258,Coupling,Standby
CMP000002259_1,EQ00002259,Gearbox,Active
CMP000002259_2,EQ00002259,Coupling,Active
CMP000002259_3,EQ00002259,Lubrication System,Active
CMP000002259_4,EQ00002259,Safety Interlock,Active
CMP000002260_1,EQ00002260,Lubrication System,Active
CMP000002260_2,EQ00002260,Pressure Element,Active
CMP000002260_3,EQ00002260,Seal,Active
CMP000002261_1,EQ00002261,Motor,Active
CMP000002261_2,EQ00002261,Safety Interlock,Active
CMP000002261_3,EQ00002261,Coupling,Standby
CMP000002261_4,EQ00002261,Valve,Active
CMP000002262_1,EQ00002262,Seal,Active
CMP000002262_2,EQ00002262,Coupling,Standby
CMP000002262_3,EQ00002262,Pressure Element,Standby
CMP000002263_1,EQ00002263,Bearing,Standby
CMP000002263_2,EQ00002263,Lubrication System,Standby
CMP000002264_1,EQ00002264,Coupling,Standby
CMP000002264_2,EQ00002264,Pressure Element,Standby
CMP000002264_3,EQ00002264,Valve,Standby
CMP000002265_1,EQ00002265,Motor,Active
CMP000002265_2,EQ00002265,Safety Interlock,Standby
CMP000002266_1,EQ00002266,Seal,Standby
CMP000002266_2,EQ00002266,Pressure Element,Active
CMP000002266_3,EQ00002266,Valve,Active
CMP000002266_4,EQ00002266,Bearing,Standby
CMP000002267_1,EQ00002267,Control Panel,Standby
CMP000002268_1,EQ00002268,Lubrication System,Active
CMP000002268_2,EQ00002268,Control Panel,Active
CMP000002269_1,EQ00002269,Bearing,Active
CMP000002269_2,EQ00002269,Pressure Element,Standby
CMP000002269_3,EQ00002269,Safety Interlock,Active
CMP000002269_4,EQ00002269,Valve,Standby
CMP000002270_1,EQ00002270,Safety Interlock,Standby
CMP000002270_2,EQ00002270,Motor,Standby
CMP000002271_1,EQ00002271,Valve,Active
CMP000002271_2,EQ00002271,Lubrication System,Active
CMP000002272_1,EQ00002272,Gearbox,Active
CMP000002272_2,EQ00002272,Bearing,Standby
CMP000002272_3,EQ00002272,Gearbox,Active
CMP000002273_1,EQ00002273,Bearing,Active
CMP000002274_1,EQ00002274,Bearing,Active
CMP000002275_1,EQ00002275,Valve,Active
CMP000002275_2,EQ00002275,Seal,Standby
CMP000002275_3,EQ00002275,Motor,Standby
CMP000002276_1,EQ00002276,Seal,Standby
CMP000002276_2,EQ00002276,Lubrication System,Standby
CMP000002276_3,EQ00002276,Gearbox,Standby
CMP000002276_4,EQ00002276,Valve,Standby
CMP000002277_1,EQ00002277,Valve,Active
CMP000002278_1,EQ00002278,Valve,Standby
CMP000002279_1,EQ00002279,Motor,Active
CMP000002279_2,EQ00002279,Pressure Element,Active
CMP000002279_3,EQ00002279,Coupling,Standby
CMP000002279_4,EQ00002279,Motor,Standby
CMP000002280_1,EQ00002280,Lubrication System,Standby
CMP000002280_2,EQ00002280,Seal,Active
CMP000002280_3,EQ00002280,Lubrication System,Standby
CMP000002280_4,EQ00002280,Valve,Standby
CMP000002281_1,EQ00002281,Safety Interlock,Standby
CMP000002281_2,EQ00002281,Coupling,Active
CMP000002282_1,EQ00002282,Pressure Element,Active
CMP000002282_2,EQ00002282,Seal,Standby
CMP000002282_3,EQ00002282,Pressure Element,Active
CMP000002282_4,EQ00002282,Seal,Standby
CMP000002283_1,EQ00002283,Seal,Active
CMP000002283_2,EQ00002283,Seal,Active
CMP000002283_3,EQ00002283,Safety Interlock,Standby
CMP000002283_4,EQ00002283,Motor,Standby
CMP000002284_1,EQ00002284,Seal,Standby
CMP000002284_2,EQ00002284,Coupling,Standby
CMP000002284_3,EQ00002284,Valve,Standby
CMP000002284_4,EQ00002284,Coupling,Active
CMP000002285_1,EQ00002285,Lubrication System,Standby
CMP000002285_2,EQ00002285,Control Panel,Standby
CMP000002286_1,EQ00002286,Gearbox,Standby
CMP000002287_1,EQ00002287,Bearing,Active
CMP000002287_2,EQ00002287,Valve,Active
CMP000002287_3,EQ00002287,Pressure Element,Standby
CMP000002288_1,EQ00002288,Coupling,Standby
CMP000002288_2,EQ00002288,Valve,Active
CMP000002289_1,EQ00002289,Motor,Active
CMP000002289_2,EQ00002289,Motor,Standby
CMP000002289_3,EQ00002289,Lubrication System,Standby
CMP000002289_4,EQ00002289,Motor,Standby
CMP000002290_1,EQ00002290,Pressure Element,Active
CMP000002290_2,EQ00002290,Motor,Standby
CMP000002290_3,EQ00002290,Lubrication System,Active
CMP000002290_4,EQ00002290,Seal,Active
CMP000002291_1,EQ00002291,Seal,Active
CMP000002292_1,EQ00002292,Motor,Standby
CMP000002292_2,EQ00002292,Lubrication System,Standby
CMP000002292_3,EQ00002292,Control Panel,Active
CMP000002292_4,EQ00002292,Control Panel,Active
CMP000002293_1,EQ00002293,Coupling,Standby
CMP000002293_2,EQ00002293,Seal,Active
CMP000002293_3,EQ00002293,Safety Interlock,Active
CMP000002293_4,EQ00002293,Safety Interlock,Active
CMP000002294_1,EQ00002294,Seal,Standby
CMP000002294_2,EQ00002294,Seal,Standby
CMP000002294_3,EQ00002294,Coupling,Standby
CMP000002295_1,EQ00002295,Seal,Active
CMP000002296_1,EQ00002296,Pressure Element,Standby
CMP000002296_2,EQ00002296,Lubrication System,Active
CMP000002297_1,EQ00002297,Pressure Element,Standby
CMP000002297_2,EQ00002297,Bearing,Active
CMP000002298_1,EQ00002298,Seal,Active
CMP000002298_2,EQ00002298,Pressure Element,Active
CMP000002299_1,EQ00002299,Lubrication System,Active
CMP000002300_1,EQ00002300,Control Panel,Active
CMP000002300_2,EQ00002300,Pressure Element,Active
CMP000002300_3,EQ00002300,Safety Interlock,Standby
CMP000002300_4,EQ00002300,Motor,Active
CMP000002301_1,EQ00002301,Lubrication System,Active
CMP000002301_2,EQ00002301,Seal,Standby
CMP000002301_3,EQ00002301,Gearbox,Standby
CMP000002302_1,EQ00002302,Safety Interlock,Standby
CMP000002302_2,EQ00002302,Coupling,Active
CMP000002302_3,EQ00002302,Lubrication System,Active
CMP000002302_4,EQ00002302,Lubrication System,Standby
CMP000002303_1,EQ00002303,Valve,Active
CMP000002304_1,EQ00002304,Pressure Element,Standby
CMP000002305_1,EQ00002305,Safety Interlock,Standby
CMP000002306_1,EQ00002306,Control Panel,Standby
CMP000002307_1,EQ00002307,Control Panel,Active
CMP000002308_1,EQ00002308,Control Panel,Active
CMP000002308_2,EQ00002308,Pressure Element,Active
CMP000002308_3,EQ00002308,Safety Interlock,Standby
CMP000002308_4,EQ00002308,Lubrication System,Standby
CMP000002309_1,EQ00002309,Bearing,Active
CMP000002309_2,EQ00002309,Valve,Standby
CMP000002309_3,EQ00002309,Gearbox,Active
CMP000002310_1,EQ00002310,Lubrication System,Standby
CMP000002310_2,EQ00002310,Seal,Active
CMP000002310_3,EQ00002310,Pressure Element,Active
CMP000002310_4,EQ00002310,Motor,Active
CMP000002311_1,EQ00002311,Valve,Active
CMP000002311_2,EQ00002311,Seal,Standby
CMP000002311_3,EQ00002311,Seal,Standby
CMP000002311_4,EQ00002311,Control Panel,Active
CMP000002312_1,EQ00002312,Bearing,Standby
CMP000002312_2,EQ00002312,Bearing,Active
CMP000002312_3,EQ00002312,Coupling,Standby
CMP000002313_1,EQ00002313,Bearing,Active
CMP000002313_2,EQ00002313,Motor,Active
CMP000002313_3,EQ00002313,Valve,Standby
CMP000002314_1,EQ00002314,Lubrication System,Standby
CMP000002314_2,EQ00002314,Pressure Element,Active
CMP000002315_1,EQ00002315,Safety Interlock,Standby
CMP000002315_2,EQ00002315,Pressure Element,Standby
CMP000002315_3,EQ00002315,Lubrication System,Standby
CMP000002316_1,EQ00002316,Valve,Standby
CMP000002316_2,EQ00002316,Safety Interlock,Standby
CMP000002316_3,EQ00002316,Valve,Active
CMP000002317_1,EQ00002317,Motor,Standby
CMP000002317_2,EQ00002317,Bearing,Active
CMP000002318_1,EQ00002318,Bearing,Standby
CMP000002319_1,EQ00002319,Seal,Active
CMP000002320_1,EQ00002320,Control Panel,Active
CMP000002320_2,EQ00002320,Motor,Standby
CMP000002320_3,EQ00002320,Lubrication System,Active
CMP000002320_4,EQ00002320,Motor,Standby
CMP000002321_1,EQ00002321,Gearbox,Active
CMP000002321_2,EQ00002321,Gearbox,Standby
CMP000002321_3,EQ00002321,Control Panel,Standby
CMP000002322_1,EQ00002322,Lubrication System,Active
CMP000002322_2,EQ00002322,Lubrication System,Active
CMP000002322_3,EQ00002322,Pressure Element,Active
CMP000002322_4,EQ00002322,Valve,Active
CMP000002323_1,EQ00002323,Valve,Standby
CMP000002323_2,EQ00002323,Pressure Element,Active
CMP000002324_1,EQ00002324,Gearbox,Standby
CMP000002324_2,EQ00002324,Coupling,Standby
CMP000002324_3,EQ00002324,Seal,Standby
CMP000002324_4,EQ00002324,Valve,Standby
CMP000002325_1,EQ00002325,Bearing,Standby
CMP000002325_2,EQ00002325,Coupling,Active
CMP000002325_3,EQ00002325,Seal,Standby
CMP000002325_4,EQ00002325,Safety Interlock,Active
CMP000002326_1,EQ00002326,Gearbox,Active
CMP000002327_1,EQ00002327,Safety Interlock,Standby
CMP000002327_2,EQ00002327,Bearing,Standby
CMP000002327_3,EQ00002327,Lubrication System,Standby
CMP000002327_4,EQ00002327,Seal,Active
CMP000002328_1,EQ00002328,Control Panel,Standby
CMP000002328_2,EQ00002328,Safety Interlock,Active
CMP000002328_3,EQ00002328,Coupling,Standby
CMP000002329_1,EQ00002329,Motor,Standby
CMP000002329_2,EQ00002329,Control Panel,Active
CMP000002329_3,EQ00002329,Pressure Element,Active
CMP000002330_1,EQ00002330,Safety Interlock,Active
CMP000002330_2,EQ00002330,Control Panel,Active
CMP000002330_3,EQ00002330,Coupling,Standby
CMP000002330_4,EQ00002330,Safety Interlock,Standby
CMP000002331_1,EQ00002331,Pressure Element,Active
CMP000002331_2,EQ00002331,Coupling,Standby
CMP000002331_3,EQ00002331,Gearbox,Active
CMP000002331_4,EQ00002331,Motor,Active
CMP000002332_1,EQ00002332,Coupling,Active
CMP000002332_2,EQ00002332,Seal,Standby
CMP000002333_1,EQ00002333,Safety Interlock,Active
CMP000002333_2,EQ00002333,Motor,Standby
CMP000002334_1,EQ00002334,Coupling,Active
CMP000002334_2,EQ00002334,Coupling,Active
CMP000002334_3,EQ00002334,Seal,Active
CMP000002334_4,EQ00002334,Lubrication System,Active
CMP000002335_1,EQ00002335,Control Panel,Standby
CMP000002335_2,EQ00002335,Lubrication System,Standby
CMP000002336_1,EQ00002336,Pressure Element,Standby
CMP000002336_2,EQ00002336,Valve,Standby
CMP000002337_1,EQ00002337,Gearbox,Active
CMP000002337_2,EQ00002337,Valve,Standby
CMP000002337_3,EQ00002337,Valve,Standby
CMP000002338_1,EQ00002338,Gearbox,Standby
CMP000002338_2,EQ00002338,Safety Interlock,Standby
CMP000002339_1,EQ00002339,Safety Interlock,Standby
CMP000002339_2,EQ00002339,Pressure Element,Standby
CMP000002339_3,EQ00002339,Gearbox,Standby
CMP000002340_1,EQ00002340,Motor,Standby
CMP000002340_2,EQ00002340,Gearbox,Standby
CMP000002340_3,EQ00002340,Safety Interlock,Standby
CMP000002341_1,EQ00002341,Valve,Active
CMP000002342_1,EQ00002342,Safety Interlock,Active
CMP000002343_1,EQ00002343,Bearing,Standby
CMP000002343_2,EQ00002343,Coupling,Active
CMP000002344_1,EQ00002344,Bearing,Standby
CMP000002344_2,EQ00002344,Valve,Standby
CMP000002344_3,EQ00002344,Pressure Element,Standby
CMP000002345_1,EQ00002345,Seal,Active
CMP000002345_2,EQ00002345,Control Panel,Active
CMP000002346_1,EQ00002346,Motor,Active
CMP000002346_2,EQ00002346,Lubrication System,Active
CMP000002346_3,EQ00002346,Motor,Active
CMP000002346_4,EQ00002346,Seal,Active
CMP000002347_1,EQ00002347,Bearing,Active
CMP000002347_2,EQ00002347,Pressure Element,Active
CMP000002347_3,EQ00002347,Motor,Standby
CMP000002347_4,EQ00002347,Safety Interlock,Active
CMP000002348_1,EQ00002348,Valve,Standby
CMP000002348_2,EQ00002348,Control Panel,Standby
CMP000002349_1,EQ00002349,Pressure Element,Active
CMP000002349_2,EQ00002349,Seal,Active
CMP000002349_3,EQ00002349,Safety Interlock,Standby
CMP000002349_4,EQ00002349,Lubrication System,Standby
CMP000002350_1,EQ00002350,Lubrication System,Active
CMP000002350_2,EQ00002350,Coupling,Active
CMP000002351_1,EQ00002351,Seal,Active
CMP000002351_2,EQ00002351,Pressure Element,Standby
CMP000002351_3,EQ00002351,Pressure Element,Active
CMP000002351_4,EQ00002351,Valve,Standby
CMP000002352_1,EQ00002352,Lubrication System,Active
CMP000002352_2,EQ00002352,Bearing,Active
CMP000002352_3,EQ00002352,Lubrication System,Active
CMP000002352_4,EQ00002352,Bearing,Standby
CMP000002353_1,EQ00002353,Motor,Standby
CMP000002353_2,EQ00002353,Bearing,Active
CMP000002353_3,EQ00002353,Seal,Active
CMP000002353_4,EQ00002353,Safety Interlock,Standby
CMP000002354_1,EQ00002354,Safety Interlock,Active
CMP000002354_2,EQ00002354,Coupling,Active
CMP000002355_1,EQ00002355,Coupling,Standby
CMP000002355_2,EQ00002355,Coupling,Active
CMP000002356_1,EQ00002356,Lubrication System,Standby
CMP000002356_2,EQ00002356,Motor,Standby
CMP000002356_3,EQ00002356,Lubrication System,Active
CMP000002356_4,EQ00002356,Pressure Element,Standby
CMP000002357_1,EQ00002357,Safety Interlock,Active
CMP000002357_2,EQ00002357,Seal,Standby
CMP000002358_1,EQ00002358,Seal,Active
CMP000002359_1,EQ00002359,Control Panel,Active
CMP000002359_2,EQ00002359,Valve,Standby
CMP000002360_1,EQ00002360,Seal,Active
CMP000002361_1,EQ00002361,Pressure Element,Standby
CMP000002361_2,EQ00002361,Motor,Standby
CMP000002362_1,EQ00002362,Seal,Standby
CMP000002362_2,EQ00002362,Lubrication System,Active
CMP000002362_3,EQ00002362,Coupling,Active
CMP000002362_4,EQ00002362,Seal,Standby
CMP000002363_1,EQ00002363,Valve,Active
CMP000002363_2,EQ00002363,Valve,Active
CMP000002363_3,EQ00002363,Lubrication System,Active
CMP000002364_1,EQ00002364,Valve,Active
CMP000002365_1,EQ00002365,Control Panel,Standby
CMP000002366_1,EQ00002366,Coupling,Active
CMP000002366_2,EQ00002366,Motor,Active
CMP000002366_3,EQ00002366,Lubrication System,Active
CMP000002367_1,EQ00002367,Valve,Active
CMP000002368_1,EQ00002368,Safety Interlock,Standby
CMP000002368_2,EQ00002368,Coupling,Active
CMP000002368_3,EQ00002368,Gearbox,Standby
CMP000002368_4,EQ00002368,Bearing,Active
CMP000002369_1,EQ00002369,Safety Interlock,Standby
CMP000002369_2,EQ00002369,Bearing,Standby
CMP000002369_3,EQ00002369,Coupling,Standby
CMP000002370_1,EQ00002370,Pressure Element,Standby
CMP000002370_2,EQ00002370,Valve,Standby
CMP000002370_3,EQ00002370,Valve,Active
CMP000002370_4,EQ00002370,Safety Interlock,Standby
CMP000002371_1,EQ00002371,Pressure Element,Standby
CMP000002372_1,EQ00002372,Control Panel,Active
CMP000002372_2,EQ00002372,Coupling,Standby
CMP000002372_3,EQ00002372,Seal,Active
CMP000002372_4,EQ00002372,Motor,Standby
CMP000002373_1,EQ00002373,Safety Interlock,Active
CMP000002373_2,EQ00002373,Pressure Element,Active
CMP000002373_3,EQ00002373,Valve,Standby
CMP000002374_1,EQ00002374,Pressure Element,Active
CMP000002374_2,EQ00002374,Gearbox,Standby
CMP000002375_1,EQ00002375,Pressure Element,Standby
CMP000002375_2,EQ00002375,Valve,Active
CMP000002375_3,EQ00002375,Bearing,Active
CMP000002375_4,EQ00002375,Lubrication System,Standby
CMP000002376_1,EQ00002376,Bearing,Standby
CMP000002376_2,EQ00002376,Valve,Standby
CMP000002376_3,EQ00002376,Bearing,Standby
CMP000002377_1,EQ00002377,Motor,Active
CMP000002377_2,EQ00002377,Coupling,Standby
CMP000002378_1,EQ00002378,Lubrication System,Active
CMP000002379_1,EQ00002379,Pressure Element,Standby
CMP000002379_2,EQ00002379,Control Panel,Active
CMP000002379_3,EQ00002379,Gearbox,Standby
CMP000002379_4,EQ00002379,Control Panel,Active
CMP000002380_1,EQ00002380,Motor,Active
CMP000002380_2,EQ00002380,Coupling,Active
CMP000002381_1,EQ00002381,Pressure Element,Active
CMP000002381_2,EQ00002381,Bearing,Standby
CMP000002381_3,EQ00002381,Lubrication System,Standby
CMP000002382_1,EQ00002382,Valve,Standby
CMP000002383_1,EQ00002383,Lubrication System,Standby
CMP000002383_2,EQ00002383,Bearing,Standby
CMP000002383_3,EQ00002383,Seal,Active
CMP000002383_4,EQ00002383,Gearbox,Active
CMP000002384_1,EQ00002384,Control Panel,Standby
CMP000002385_1,EQ00002385,Motor,Active
CMP000002385_2,EQ00002385,Gearbox,Standby
CMP000002386_1,EQ00002386,Pressure Element,Active
CMP000002386_2,EQ00002386,Seal,Standby
CMP000002386_3,EQ00002386,Seal,Active
CMP000002386_4,EQ00002386,Seal,Active
CMP000002387_1,EQ00002387,Seal,Active
CMP000002388_1,EQ00002388,Lubrication System,Standby
CMP000002388_2,EQ00002388,Gearbox,Active
CMP000002389_1,EQ00002389,Safety Interlock,Standby
CMP000002389_2,EQ00002389,Lubrication System,Active
CMP000002389_3,EQ00002389,Safety Interlock,Standby
CMP000002389_4,EQ00002389,Motor,Standby
CMP000002390_1,EQ00002390,Gearbox,Standby
CMP000002390_2,EQ00002390,Safety Interlock,Standby
CMP000002390_3,EQ00002390,Motor,Active
CMP000002391_1,EQ00002391,Valve,Active
CMP000002391_2,EQ00002391,Control Panel,Standby
CMP000002391_3,EQ00002391,Gearbox,Standby
CMP000002391_4,EQ00002391,Bearing,Standby
CMP000002392_1,EQ00002392,Bearing,Active
CMP000002392_2,EQ00002392,Control Panel,Active
CMP000002393_1,EQ00002393,Valve,Standby
CMP000002393_2,EQ00002393,Control Panel,Standby
CMP000002393_3,EQ00002393,Lubrication System,Active
CMP000002393_4,EQ00002393,Valve,Active
CMP000002394_1,EQ00002394,Valve,Standby
CMP000002394_2,EQ00002394,Coupling,Active
CMP000002394_3,EQ00002394,Pressure Element,Standby
CMP000002394_4,EQ00002394,Safety Interlock,Standby
CMP000002395_1,EQ00002395,Pressure Element,Active
CMP000002396_1,EQ00002396,Seal,Standby
CMP000002396_2,EQ00002396,Bearing,Active
CMP000002397_1,EQ00002397,Bearing,Standby
CMP000002397_2,EQ00002397,Lubrication System,Active
CMP000002398_1,EQ00002398,Seal,Active
CMP000002398_2,EQ00002398,Valve,Active
CMP000002398_3,EQ00002398,Bearing,Standby
CMP000002399_1,EQ00002399,Control Panel,Standby
CMP000002400_1,EQ00002400,Gearbox,Standby
CMP000002400_2,EQ00002400,Safety Interlock,Standby
CMP000002401_1,EQ00002401,Valve,Active
CMP000002401_2,EQ00002401,Valve,Active
CMP000002401_3,EQ00002401,Valve,Standby
CMP000002402_1,EQ00002402,Valve,Active
CMP000002403_1,EQ00002403,Coupling,Standby
CMP000002403_2,EQ00002403,Motor,Standby
CMP000002404_1,EQ00002404,Coupling,Standby
CMP000002404_2,EQ00002404,Motor,Active
CMP000002405_1,EQ00002405,Valve,Standby
CMP000002405_2,EQ00002405,Valve,Standby
CMP000002406_1,EQ00002406,Coupling,Active
CMP000002406_2,EQ00002406,Motor,Active
CMP000002407_1,EQ00002407,Lubrication System,Standby
CMP000002407_2,EQ00002407,Control Panel,Active
CMP000002408_1,EQ00002408,Control Panel,Active
CMP000002408_2,EQ00002408,Pressure Element,Active
CMP000002408_3,EQ00002408,Coupling,Active
CMP000002408_4,EQ00002408,Coupling,Standby
CMP000002409_1,EQ00002409,Motor,Active
CMP000002409_2,EQ00002409,Seal,Standby
CMP000002410_1,EQ00002410,Coupling,Active
CMP000002410_2,EQ00002410,Bearing,Standby
CMP000002411_1,EQ00002411,Pressure Element,Standby
CMP000002411_2,EQ00002411,Control Panel,Standby
CMP000002412_1,EQ00002412,Valve,Active
CMP000002412_2,EQ00002412,Valve,Active
CMP000002413_1,EQ00002413,Coupling,Standby
CMP000002413_2,EQ00002413,Motor,Active
CMP000002414_1,EQ00002414,Control Panel,Standby
CMP000002414_2,EQ00002414,Bearing,Active
CMP000002415_1,EQ00002415,Coupling,Standby
CMP000002416_1,EQ00002416,Gearbox,Standby
CMP000002416_2,EQ00002416,Valve,Active
CMP000002416_3,EQ00002416,Motor,Standby
CMP000002416_4,EQ00002416,Coupling,Active
CMP000002417_1,EQ00002417,Pressure Element,Active
CMP000002417_2,EQ00002417,Control Panel,Active
CMP000002417_3,EQ00002417,Pressure Element,Standby
CMP000002417_4,EQ00002417,Motor,Active
CMP000002418_1,EQ00002418,Control Panel,Standby
CMP000002418_2,EQ00002418,Coupling,Active
CMP000002418_3,EQ00002418,Pressure Element,Active
CMP000002418_4,EQ00002418,Control Panel,Standby
CMP000002419_1,EQ00002419,Motor,Standby
CMP000002420_1,EQ00002420,Coupling,Active
CMP000002420_2,EQ00002420,Lubrication System,Standby
CMP000002421_1,EQ00002421,Motor,Standby
CMP000002421_2,EQ00002421,Valve,Standby
CMP000002421_3,EQ00002421,Control Panel,Active
CMP000002421_4,EQ00002421,Safety Interlock,Active
CMP000002422_1,EQ00002422,Bearing,Active
CMP000002423_1,EQ00002423,Pressure Element,Standby
CMP000002423_2,EQ00002423,Motor,Active
CMP000002423_3,EQ00002423,Pressure Element,Active
CMP000002424_1,EQ00002424,Lubrication System,Active
CMP000002424_2,EQ00002424,Gearbox,Active
CMP000002424_3,EQ00002424,Motor,Active
CMP000002425_1,EQ00002425,Coupling,Standby
CMP000002425_2,EQ00002425,Lubrication System,Active
CMP000002426_1,EQ00002426,Bearing,Standby
CMP000002426_2,EQ00002426,Bearing,Standby
CMP000002426_3,EQ00002426,Coupling,Standby
CMP000002427_1,EQ00002427,Safety Interlock,Standby
CMP000002427_2,EQ00002427,Bearing,Standby
CMP000002427_3,EQ00002427,Lubrication System,Standby
CMP000002428_1,EQ00002428,Gearbox,Active
CMP000002428_2,EQ00002428,Safety Interlock,Standby
CMP000002429_1,EQ00002429,Valve,Active
CMP000002429_2,EQ00002429,Seal,Active
CMP000002430_1,EQ00002430,Coupling,Standby
CMP000002430_2,EQ00002430,Motor,Active
CMP000002431_1,EQ00002431,Seal,Active
CMP000002432_1,EQ00002432,Seal,Active
CMP000002432_2,EQ00002432,Seal,Standby
CMP000002432_3,EQ00002432,Gearbox,Active
CMP000002432_4,EQ00002432,Gearbox,Standby
CMP000002433_1,EQ00002433,Safety Interlock,Standby
CMP000002434_1,EQ00002434,Valve,Active
CMP000002434_2,EQ00002434,Motor,Standby
CMP000002435_1,EQ00002435,Lubrication System,Active
CMP000002435_2,EQ00002435,Gearbox,Active
CMP000002435_3,EQ00002435,Lubrication System,Active
CMP000002435_4,EQ00002435,Valve,Active
CMP000002436_1,EQ00002436,Pressure Element,Standby
CMP000002436_2,EQ00002436,Lubrication System,Active
CMP000002436_3,EQ00002436,Control Panel,Active
CMP000002437_1,EQ00002437,Control Panel,Standby
CMP000002437_2,EQ00002437,Bearing,Active
CMP000002438_1,EQ00002438,Valve,Active
CMP000002439_1,EQ00002439,Gearbox,Active
CMP000002440_1,EQ00002440,Coupling,Active
CMP000002440_2,EQ00002440,Valve,Active
CMP000002440_3,EQ00002440,Lubrication System,Standby
CMP000002440_4,EQ00002440,Gearbox,Standby
CMP000002441_1,EQ00002441,Lubrication System,Standby
CMP000002442_1,EQ00002442,Seal,Active
CMP000002442_2,EQ00002442,Safety Interlock,Active
CMP000002442_3,EQ00002442,Pressure Element,Active
CMP000002442_4,EQ00002442,Coupling,Active
CMP000002443_1,EQ00002443,Valve,Active
CMP000002444_1,EQ00002444,Control Panel,Standby
CMP000002444_2,EQ00002444,Bearing,Standby
CMP000002445_1,EQ00002445,Bearing,Active
CMP000002445_2,EQ00002445,Bearing,Active
CMP000002445_3,EQ00002445,Lubrication System,Active
CMP000002446_1,EQ00002446,Valve,Active
CMP000002446_2,EQ00002446,Seal,Active
CMP000002447_1,EQ00002447,Motor,Active
CMP000002447_2,EQ00002447,Safety Interlock,Standby
CMP000002447_3,EQ00002447,Lubrication System,Standby
CMP000002447_4,EQ00002447,Safety Interlock,Active
CMP000002448_1,EQ00002448,Seal,Active
CMP000002448_2,EQ00002448,Lubrication System,Standby
CMP000002448_3,EQ00002448,Valve,Active
CMP000002448_4,EQ00002448,Valve,Active
CMP000002449_1,EQ00002449,Control Panel,Active
CMP000002449_2,EQ00002449,Gearbox,Standby
CMP000002450_1,EQ00002450,Bearing,Active
CMP000002451_1,EQ00002451,Valve,Standby
CMP000002451_2,EQ00002451,Control Panel,Standby
CMP000002451_3,EQ00002451,Safety Interlock,Active
CMP000002452_1,EQ00002452,Lubrication System,Active
CMP000002452_2,EQ00002452,Motor,Active
CMP000002453_1,EQ00002453,Seal,Active
CMP000002453_2,EQ00002453,Control Panel,Active
CMP000002453_3,EQ00002453,Seal,Active
CMP000002453_4,EQ00002453,Seal,Active
CMP000002454_1,EQ00002454,Seal,Standby
CMP000002454_2,EQ00002454,Pressure Element,Standby
CMP000002454_3,EQ00002454,Safety Interlock,Standby
CMP000002455_1,EQ00002455,Seal,Standby
CMP000002456_1,EQ00002456,Safety Interlock,Active
CMP000002456_2,EQ00002456,Valve,Active
CMP000002456_3,EQ00002456,Pressure Element,Active
CMP000002457_1,EQ00002457,Safety Interlock,Active
CMP000002457_2,EQ00002457,Seal,Standby
CMP000002457_3,EQ00002457,Safety Interlock,Standby
CMP000002457_4,EQ00002457,Motor,Standby
CMP000002458_1,EQ00002458,Motor,Standby
CMP000002458_2,EQ00002458,Coupling,Standby
CMP000002458_3,EQ00002458,Control Panel,Standby
CMP000002458_4,EQ00002458,Motor,Active
CMP000002459_1,EQ00002459,Seal,Standby
CMP000002459_2,EQ00002459,Seal,Standby
CMP000002460_1,EQ00002460,Bearing,Active
CMP000002461_1,EQ00002461,Pressure Element,Standby
CMP000002462_1,EQ00002462,Pressure Element,Standby
CMP000002463_1,EQ00002463,Motor,Standby
CMP000002463_2,EQ00002463,Lubrication System,Standby
CMP000002463_3,EQ00002463,Lubrication System,Active
CMP000002464_1,EQ00002464,Safety Interlock,Standby
CMP000002464_2,EQ00002464,Gearbox,Standby
CMP000002464_3,EQ00002464,Control Panel,Active
CMP000002465_1,EQ00002465,Coupling,Standby
CMP000002465_2,EQ00002465,Pressure Element,Active
CMP000002465_3,EQ00002465,Motor,Active
CMP000002465_4,EQ00002465,Gearbox,Active
CMP000002466_1,EQ00002466,Control Panel,Standby
CMP000002466_2,EQ00002466,Coupling,Active
CMP000002466_3,EQ00002466,Motor,Active
CMP000002466_4,EQ00002466,Gearbox,Standby
CMP000002467_1,EQ00002467,Seal,Active
CMP000002468_1,EQ00002468,Pressure Element,Standby
CMP000002468_2,EQ00002468,Motor,Standby
CMP000002468_3,EQ00002468,Safety Interlock,Standby
CMP000002468_4,EQ00002468,Valve,Standby
CMP000002469_1,EQ00002469,Seal,Active
CMP000002469_2,EQ00002469,Seal,Active
CMP000002469_3,EQ00002469,Motor,Active
CMP000002469_4,EQ00002469,Control Panel,Active
CMP000002470_1,EQ00002470,Seal,Standby
CMP000002471_1,EQ00002471,Safety Interlock,Standby
CMP000002471_2,EQ00002471,Coupling,Active
CMP000002472_1,EQ00002472,Pressure Element,Active
CMP000002472_2,EQ00002472,Motor,Standby
CMP000002472_3,EQ00002472,Control Panel,Active
CMP000002472_4,EQ00002472,Safety Interlock,Standby
CMP000002473_1,EQ00002473,Coupling,Standby
CMP000002473_2,EQ00002473,Valve,Standby
CMP000002474_1,EQ00002474,Control Panel,Standby
CMP000002475_1,EQ00002475,Pressure Element,Standby
CMP000002475_2,EQ00002475,Valve,Standby
CMP000002475_3,EQ00002475,Bearing,Active
CMP000002476_1,EQ00002476,Bearing,Standby
CMP000002476_2,EQ00002476,Lubrication System,Active
CMP000002476_3,EQ00002476,Seal,Active
CMP000002476_4,EQ00002476,Seal,Active
CMP000002477_1,EQ00002477,Safety Interlock,Active
CMP000002478_1,EQ00002478,Gearbox,Active
CMP000002478_2,EQ00002478,Gearbox,Active
CMP000002478_3,EQ00002478,Valve,Standby
CMP000002478_4,EQ00002478,Gearbox,Standby
CMP000002479_1,EQ00002479,Seal,Standby
CMP000002479_2,EQ00002479,Bearing,Active
CMP000002479_3,EQ00002479,Safety Interlock,Standby
CMP000002479_4,EQ00002479,Motor,Standby
CMP000002480_1,EQ00002480,Gearbox,Standby
CMP000002480_2,EQ00002480,Seal,Standby
CMP000002480_3,EQ00002480,Coupling,Standby
CMP000002480_4,EQ00002480,Motor,Active
CMP000002481_1,EQ00002481,Safety Interlock,Standby
CMP000002481_2,EQ00002481,Control Panel,Standby
CMP000002481_3,EQ00002481,Pressure Element,Active
CMP000002482_1,EQ00002482,Coupling,Standby
CMP000002482_2,EQ00002482,Pressure Element,Active
CMP000002482_3,EQ00002482,Valve,Active
CMP000002483_1,EQ00002483,Safety Interlock,Active
CMP000002483_2,EQ00002483,Seal,Active
CMP000002484_1,EQ00002484,Valve,Standby
CMP000002485_1,EQ00002485,Safety Interlock,Active
CMP000002485_2,EQ00002485,Seal,Active
CMP000002486_1,EQ00002486,Safety Interlock,Active
CMP000002486_2,EQ00002486,Bearing,Standby
CMP000002486_3,EQ00002486,Seal,Active
CMP000002487_1,EQ00002487,Safety Interlock,Active
CMP000002487_2,EQ00002487,Seal,Standby
CMP000002488_1,EQ00002488,Safety Interlock,Active
CMP000002488_2,EQ00002488,Lubrication System,Standby
CMP000002488_3,EQ00002488,Lubrication System,Standby
CMP000002489_1,EQ00002489,Gearbox,Standby
CMP000002490_1,EQ00002490,Gearbox,Active
CMP000002490_2,EQ00002490,Lubrication System,Standby
CMP000002490_3,EQ00002490,Motor,Active
CMP000002490_4,EQ00002490,Lubrication System,Active
CMP000002491_1,EQ00002491,Motor,Active
CMP000002491_2,EQ00002491,Motor,Standby
CMP000002491_3,EQ00002491,Safety Interlock,Standby
CMP000002492_1,EQ00002492,Lubrication System,Active
CMP000002493_1,EQ00002493,Motor,Active
CMP000002493_2,EQ00002493,Gearbox,Standby
CMP000002493_3,EQ00002493,Pressure Element,Active
CMP000002493_4,EQ00002493,Gearbox,Standby
CMP000002494_1,EQ00002494,Control Panel,Active
CMP000002495_1,EQ00002495,Motor,Active
CMP000002495_2,EQ00002495,Motor,Standby
CMP000002495_3,EQ00002495,Pressure Element,Standby
CMP000002496_1,EQ00002496,Motor,Active
CMP000002496_2,EQ00002496,Motor,Standby
CMP000002496_3,EQ00002496,Lubrication System,Active
CMP000002497_1,EQ00002497,Safety Interlock,Standby
CMP000002497_2,EQ00002497,Seal,Active
CMP000002498_1,EQ00002498,Coupling,Standby
CMP000002498_2,EQ00002498,Valve,Standby
CMP000002498_3,EQ00002498,Lubrication System,Active
CMP000002499_1,EQ00002499,Lubrication System,Active
CMP000002499_2,EQ00002499,Pressure Element,Standby
CMP000002500_1,EQ00002500,Control Panel,Active
CMP000002500_2,EQ00002500,Lubrication System,Standby
CMP000002501_1,EQ00002501,Coupling,Standby
CMP000002501_2,EQ00002501,Bearing,Standby
CMP000002501_3,EQ00002501,Bearing,Active
CMP000002501_4,EQ00002501,Valve,Standby
CMP000002502_1,EQ00002502,Coupling,Standby
CMP000002502_2,EQ00002502,Safety Interlock,Standby
CMP000002502_3,EQ00002502,Lubrication System,Standby
CMP000002503_1,EQ00002503,Control Panel,Active
CMP000002503_2,EQ00002503,Seal,Standby
CMP000002503_3,EQ00002503,Seal,Standby
CMP000002504_1,EQ00002504,Bearing,Active
CMP000002504_2,EQ00002504,Valve,Standby
CMP000002504_3,EQ00002504,Coupling,Active
CMP000002504_4,EQ00002504,Control Panel,Active
CMP000002505_1,EQ00002505,Valve,Active
CMP000002505_2,EQ00002505,Motor,Active
CMP000002505_3,EQ00002505,Coupling,Active
CMP000002505_4,EQ00002505,Pressure Element,Standby
CMP000002506_1,EQ00002506,Gearbox,Active
CMP000002506_2,EQ00002506,Pressure Element,Standby
CMP000002506_3,EQ00002506,Gearbox,Standby
CMP000002507_1,EQ00002507,Motor,Standby
CMP000002507_2,EQ00002507,Pressure Element,Active
CMP000002507_3,EQ00002507,Safety Interlock,Active
CMP000002508_1,EQ00002508,Coupling,Standby
CMP000002508_2,EQ00002508,Motor,Standby
CMP000002508_3,EQ00002508,Control Panel,Standby
CMP000002508_4,EQ00002508,Coupling,Active
CMP000002509_1,EQ00002509,Valve,Standby
CMP000002509_2,EQ00002509,Gearbox,Active
CMP000002510_1,EQ00002510,Safety Interlock,Active
CMP000002510_2,EQ00002510,Gearbox,Standby
CMP000002510_3,EQ00002510,Motor,Standby
CMP000002510_4,EQ00002510,Gearbox,Active
CMP000002511_1,EQ00002511,Motor,Active
CMP000002511_2,EQ00002511,Pressure Element,Active
CMP000002511_3,EQ00002511,Gearbox,Standby
CMP000002512_1,EQ00002512,Seal,Standby
CMP000002513_1,EQ00002513,Gearbox,Standby
CMP000002513_2,EQ00002513,Seal,Active
CMP000002513_3,EQ00002513,Lubrication System,Standby
CMP000002513_4,EQ00002513,Control Panel,Standby
CMP000002514_1,EQ00002514,Control Panel,Active
CMP000002514_2,EQ00002514,Bearing,Standby
CMP000002514_3,EQ00002514,Gearbox,Active
CMP000002515_1,EQ00002515,Valve,Active
CMP000002515_2,EQ00002515,Seal,Active
CMP000002515_3,EQ00002515,Motor,Active
CMP000002516_1,EQ00002516,Gearbox,Active
CMP000002516_2,EQ00002516,Valve,Standby
CMP000002517_1,EQ00002517,Safety Interlock,Standby
CMP000002517_2,EQ00002517,Lubrication System,Active
CMP000002517_3,EQ00002517,Gearbox,Active
CMP000002517_4,EQ00002517,Control Panel,Standby
CMP000002518_1,EQ00002518,Lubrication System,Standby
CMP000002518_2,EQ00002518,Valve,Active
CMP000002518_3,EQ00002518,Coupling,Active
CMP000002519_1,EQ00002519,Gearbox,Active
CMP000002519_2,EQ00002519,Motor,Active
CMP000002519_3,EQ00002519,Motor,Active
CMP000002520_1,EQ00002520,Lubrication System,Active
CMP000002520_2,EQ00002520,Pressure Element,Standby
CMP000002520_3,EQ00002520,Lubrication System,Active
CMP000002521_1,EQ00002521,Valve,Standby
CMP000002521_2,EQ00002521,Coupling,Active
CMP000002521_3,EQ00002521,Seal,Active
CMP000002521_4,EQ00002521,Gearbox,Standby
CMP000002522_1,EQ00002522,Control Panel,Active
CMP000002522_2,EQ00002522,Coupling,Active
CMP000002522_3,EQ00002522,Control Panel,Active
CMP000002522_4,EQ00002522,Valve,Standby
CMP000002523_1,EQ00002523,Lubrication System,Active
CMP000002523_2,EQ00002523,Pressure Element,Standby
CMP000002523_3,EQ00002523,Valve,Active
CMP000002523_4,EQ00002523,Seal,Standby
CMP000002524_1,EQ00002524,Seal,Standby
CMP000002524_2,EQ00002524,Control Panel,Standby
CMP000002525_1,EQ00002525,Pressure Element,Standby
CMP000002525_2,EQ00002525,Motor,Standby
CMP000002526_1,EQ00002526,Coupling,Standby
CMP000002526_2,EQ00002526,Valve,Standby
CMP000002526_3,EQ00002526,Control Panel,Standby
CMP000002526_4,EQ00002526,Gearbox,Standby
CMP000002527_1,EQ00002527,Coupling,Standby
CMP000002528_1,EQ00002528,Lubrication System,Active
CMP000002528_2,EQ00002528,Lubrication System,Active
CMP000002528_3,EQ00002528,Pressure Element,Active
CMP000002528_4,EQ00002528,Motor,Standby
CMP000002529_1,EQ00002529,Lubrication System,Active
CMP000002530_1,EQ00002530,Valve,Standby
CMP000002530_2,EQ00002530,Gearbox,Standby
CMP000002531_1,EQ00002531,Gearbox,Active
CMP000002531_2,EQ00002531,Pressure Element,Active
CMP000002531_3,EQ00002531,Seal,Active
CMP000002531_4,EQ00002531,Motor,Standby
CMP000002532_1,EQ00002532,Gearbox,Standby
CMP000002532_2,EQ00002532,Gearbox,Standby
CMP000002532_3,EQ00002532,Coupling,Active
CMP000002533_1,EQ00002533,Motor,Active
CMP000002533_2,EQ00002533,Valve,Active
CMP000002534_1,EQ00002534,Lubrication System,Active
CMP000002534_2,EQ00002534,Seal,Active
CMP000002534_3,EQ00002534,Seal,Active
CMP000002535_1,EQ00002535,Lubrication System,Active
CMP000002535_2,EQ00002535,Lubrication System,Active
CMP000002535_3,EQ00002535,Control Panel,Standby
CMP000002536_1,EQ00002536,Safety Interlock,Standby
CMP000002537_1,EQ00002537,Seal,Active
CMP000002537_2,EQ00002537,Coupling,Standby
CMP000002537_3,EQ00002537,Lubrication System,Active
CMP000002538_1,EQ00002538,Lubrication System,Standby
CMP000002538_2,EQ00002538,Lubrication System,Standby
CMP000002539_1,EQ00002539,Pressure Element,Standby
CMP000002540_1,EQ00002540,Bearing,Active
CMP000002540_2,EQ00002540,Safety Interlock,Active
CMP000002541_1,EQ00002541,Motor,Standby
CMP000002541_2,EQ00002541,Motor,Active
CMP000002542_1,EQ00002542,Gearbox,Active
CMP000002542_2,EQ00002542,Gearbox,Standby
CMP000002542_3,EQ00002542,Valve,Standby
CMP000002543_1,EQ00002543,Motor,Active
CMP000002544_1,EQ00002544,Lubrication System,Standby
CMP000002545_1,EQ00002545,Safety Interlock,Standby
CMP000002546_1,EQ00002546,Motor,Standby
CMP000002546_2,EQ00002546,Seal,Standby
CMP000002546_3,EQ00002546,Lubrication System,Active
CMP000002547_1,EQ00002547,Coupling,Active
CMP000002547_2,EQ00002547,Control Panel,Standby
CMP000002547_3,EQ00002547,Control Panel,Active
CMP000002547_4,EQ00002547,Bearing,Active
CMP000002548_1,EQ00002548,Coupling,Standby
CMP000002548_2,EQ00002548,Gearbox,Active
CMP000002549_1,EQ00002549,Bearing,Standby
CMP000002549_2,EQ00002549,Valve,Standby
CMP000002549_3,EQ00002549,Control Panel,Standby
CMP000002549_4,EQ00002549,Bearing,Active
CMP000002550_1,EQ00002550,Seal,Standby
CMP000002550_2,EQ00002550,Coupling,Standby
CMP000002550_3,EQ00002550,Gearbox,Standby
CMP000002551_1,EQ00002551,Gearbox,Active
CMP000002551_2,EQ00002551,Control Panel,Active
CMP000002551_3,EQ00002551,Control Panel,Standby
CMP000002552_1,EQ00002552,Gearbox,Active
CMP000002552_2,EQ00002552,Seal,Active
CMP000002552_3,EQ00002552,Gearbox,Standby
CMP000002553_1,EQ00002553,Seal,Active
CMP000002553_2,EQ00002553,Lubrication System,Standby
CMP000002554_1,EQ00002554,Gearbox,Active
CMP000002555_1,EQ00002555,Control Panel,Active
CMP000002556_1,EQ00002556,Safety Interlock,Active
CMP000002557_1,EQ00002557,Pressure Element,Active
CMP000002558_1,EQ00002558,Safety Interlock,Standby
CMP000002558_2,EQ00002558,Bearing,Active
CMP000002559_1,EQ00002559,Safety Interlock,Active
CMP000002559_2,EQ00002559,Coupling,Active
CMP000002559_3,EQ00002559,Lubrication System,Active
CMP000002559_4,EQ00002559,Coupling,Active
CMP000002560_1,EQ00002560,Motor,Active
CMP000002560_2,EQ00002560,Seal,Active
CMP000002561_1,EQ00002561,Lubrication System,Active
CMP000002561_2,EQ00002561,Valve,Active
CMP000002561_3,EQ00002561,Valve,Standby
CMP000002561_4,EQ00002561,Pressure Element,Standby
CMP000002562_1,EQ00002562,Bearing,Standby
CMP000002562_2,EQ00002562,Valve,Standby
CMP000002562_3,EQ00002562,Safety Interlock,Standby
CMP000002562_4,EQ00002562,Lubrication System,Standby
CMP000002563_1,EQ00002563,Gearbox,Standby
CMP000002563_2,EQ00002563,Lubrication System,Active
CMP000002563_3,EQ00002563,Motor,Active
CMP000002563_4,EQ00002563,Pressure Element,Active
CMP000002564_1,EQ00002564,Control Panel,Standby
CMP000002564_2,EQ00002564,Gearbox,Standby
CMP000002564_3,EQ00002564,Motor,Standby
CMP000002565_1,EQ00002565,Lubrication System,Active
CMP000002566_1,EQ00002566,Coupling,Standby
CMP000002567_1,EQ00002567,Bearing,Standby
CMP000002567_2,EQ00002567,Motor,Active
CMP000002568_1,EQ00002568,Valve,Standby
CMP000002569_1,EQ00002569,Control Panel,Standby
CMP000002569_2,EQ00002569,Pressure Element,Active
CMP000002569_3,EQ00002569,Control Panel,Active
CMP000002570_1,EQ00002570,Safety Interlock,Active
CMP000002570_2,EQ00002570,Gearbox,Active
CMP000002571_1,EQ00002571,Control Panel,Standby
CMP000002571_2,EQ00002571,Safety Interlock,Standby
CMP000002572_1,EQ00002572,Safety Interlock,Active
CMP000002573_1,EQ00002573,Lubrication System,Standby
CMP000002573_2,EQ00002573,Motor,Standby
CMP000002574_1,EQ00002574,Lubrication System,Active
CMP000002574_2,EQ00002574,Coupling,Active
CMP000002575_1,EQ00002575,Valve,Standby
CMP000002575_2,EQ00002575,Valve,Standby
CMP000002576_1,EQ00002576,Valve,Standby
CMP000002577_1,EQ00002577,Control Panel,Standby
CMP000002578_1,EQ00002578,Gearbox,Standby
CMP000002578_2,EQ00002578,Motor,Standby
CMP000002578_3,EQ00002578,Lubrication System,Active
CMP000002578_4,EQ00002578,Safety Interlock,Standby
CMP000002579_1,EQ00002579,Motor,Active
CMP000002580_1,EQ00002580,Coupling,Active
CMP000002580_2,EQ00002580,Valve,Standby
CMP000002581_1,EQ00002581,Coupling,Standby
CMP000002581_2,EQ00002581,Pressure Element,Standby
CMP000002582_1,EQ00002582,Control Panel,Active
CMP000002582_2,EQ00002582,Valve,Active
CMP000002582_3,EQ00002582,Gearbox,Active
CMP000002582_4,EQ00002582,Motor,Active
CMP000002583_1,EQ00002583,Gearbox,Active
CMP000002583_2,EQ00002583,Lubrication System,Active
CMP000002583_3,EQ00002583,Safety Interlock,Active
CMP000002583_4,EQ00002583,Coupling,Active
CMP000002584_1,EQ00002584,Valve,Active
CMP000002585_1,EQ00002585,Lubrication System,Standby
CMP000002585_2,EQ00002585,Gearbox,Standby
CMP000002585_3,EQ00002585,Control Panel,Standby
CMP000002585_4,EQ00002585,Bearing,Standby
CMP000002586_1,EQ00002586,Coupling,Active
CMP000002586_2,EQ00002586,Lubrication System,Standby
CMP000002586_3,EQ00002586,Seal,Standby
CMP000002586_4,EQ00002586,Safety Interlock,Active
CMP000002587_1,EQ00002587,Lubrication System,Active
CMP000002587_2,EQ00002587,Safety Interlock,Active
CMP000002588_1,EQ00002588,Bearing,Active
CMP000002588_2,EQ00002588,Coupling,Standby
CMP000002588_3,EQ00002588,Coupling,Active
CMP000002589_1,EQ00002589,Seal,Standby
CMP000002589_2,EQ00002589,Gearbox,Active
CMP000002589_3,EQ00002589,Seal,Standby
CMP000002590_1,EQ00002590,Seal,Standby
CMP000002590_2,EQ00002590,Gearbox,Active
CMP000002590_3,EQ00002590,Lubrication System,Standby
CMP000002591_1,EQ00002591,Motor,Standby
CMP000002592_1,EQ00002592,Seal,Active
CMP000002592_2,EQ00002592,Pressure Element,Standby
CMP000002593_1,EQ00002593,Valve,Standby
CMP000002594_1,EQ00002594,Seal,Standby
CMP000002594_2,EQ00002594,Bearing,Standby
CMP000002595_1,EQ00002595,Safety Interlock,Standby
CMP000002595_2,EQ00002595,Valve,Standby
CMP000002595_3,EQ00002595,Pressure Element,Standby
CMP000002596_1,EQ00002596,Safety Interlock,Standby
CMP000002596_2,EQ00002596,Lubrication System,Standby
CMP000002596_3,EQ00002596,Safety Interlock,Active
CMP000002596_4,EQ00002596,Lubrication System,Standby
CMP000002597_1,EQ00002597,Gearbox,Active
CMP000002597_2,EQ00002597,Pressure Element,Standby
CMP000002598_1,EQ00002598,Motor,Active
CMP000002598_2,EQ00002598,Coupling,Active
CMP000002598_3,EQ00002598,Motor,Standby
CMP000002598_4,EQ00002598,Lubrication System,Standby
CMP000002599_1,EQ00002599,Bearing,Standby
CMP000002599_2,EQ00002599,Motor,Active
CMP000002599_3,EQ00002599,Pressure Element,Active
CMP000002600_1,EQ00002600,Coupling,Standby
CMP000002601_1,EQ00002601,Valve,Active
CMP000002601_2,EQ00002601,Valve,Active
CMP000002602_1,EQ00002602,Safety Interlock,Standby
CMP000002603_1,EQ00002603,Valve,Standby
CMP000002603_2,EQ00002603,Bearing,Standby
CMP000002603_3,EQ00002603,Bearing,Active
CMP000002604_1,EQ00002604,Seal,Active
CMP000002604_2,EQ00002604,Control Panel,Active
CMP000002604_3,EQ00002604,Lubrication System,Active
CMP000002605_1,EQ00002605,Valve,Standby
CMP000002606_1,EQ00002606,Bearing,Standby
CMP000002606_2,EQ00002606,Control Panel,Standby
CMP000002607_1,EQ00002607,Bearing,Standby
CMP000002607_2,EQ00002607,Lubrication System,Standby
CMP000002607_3,EQ00002607,Gearbox,Active
CMP000002607_4,EQ00002607,Coupling,Active
CMP000002608_1,EQ00002608,Safety Interlock,Standby
CMP000002609_1,EQ00002609,Bearing,Active
CMP000002610_1,EQ00002610,Coupling,Active
CMP000002611_1,EQ00002611,Control Panel,Active
CMP000002611_2,EQ00002611,Control Panel,Standby
CMP000002611_3,EQ00002611,Motor,Active
CMP000002611_4,EQ00002611,Safety Interlock,Standby
CMP000002612_1,EQ00002612,Pressure Element,Standby
CMP000002612_2,EQ00002612,Coupling,Standby
CMP000002612_3,EQ00002612,Control Panel,Standby
CMP000002612_4,EQ00002612,Coupling,Active
CMP000002613_1,EQ00002613,Motor,Standby
CMP000002613_2,EQ00002613,Valve,Standby
CMP000002614_1,EQ00002614,Pressure Element,Standby
CMP000002614_2,EQ00002614,Lubrication System,Standby
CMP000002614_3,EQ00002614,Pressure Element,Standby
CMP000002615_1,EQ00002615,Lubrication System,Active
CMP000002615_2,EQ00002615,Pressure Element,Active
CMP000002616_1,EQ00002616,Control Panel,Active
CMP000002616_2,EQ00002616,Bearing,Active
CMP000002616_3,EQ00002616,Valve,Active
CMP000002617_1,EQ00002617,Valve,Active
CMP000002617_2,EQ00002617,Safety Interlock,Standby
CMP000002617_3,EQ00002617,Bearing,Standby
CMP000002617_4,EQ00002617,Control Panel,Standby
CMP000002618_1,EQ00002618,Valve,Active
CMP000002618_2,EQ00002618,Lubrication System,Active
CMP000002618_3,EQ00002618,Safety Interlock,Standby
CMP000002618_4,EQ00002618,Coupling,Active
CMP000002619_1,EQ00002619,Safety Interlock,Standby
CMP000002619_2,EQ00002619,Coupling,Active
CMP000002620_1,EQ00002620,Safety Interlock,Active
CMP000002620_2,EQ00002620,Control Panel,Active
CMP000002620_3,EQ00002620,Lubrication System,Standby
CMP000002620_4,EQ00002620,Gearbox,Active
CMP000002621_1,EQ00002621,Motor,Active
CMP000002621_2,EQ00002621,Pressure Element,Active
CMP000002621_3,EQ00002621,Gearbox,Standby
CMP000002622_1,EQ00002622,Control Panel,Standby
CMP000002622_2,EQ00002622,Bearing,Active
CMP000002623_1,EQ00002623,Gearbox,Active
CMP000002623_2,EQ00002623,Coupling,Active
CMP000002623_3,EQ00002623,Gearbox,Standby
CMP000002623_4,EQ00002623,Gearbox,Standby
CMP000002624_1,EQ00002624,Lubrication System,Standby
CMP000002625_1,EQ00002625,Gearbox,Active
CMP000002625_2,EQ00002625,Coupling,Standby
CMP000002625_3,EQ00002625,Lubrication System,Standby
CMP000002625_4,EQ00002625,Bearing,Active
CMP000002626_1,EQ00002626,Bearing,Active
CMP000002626_2,EQ00002626,Pressure Element,Active
CMP000002626_3,EQ00002626,Lubrication System,Standby
CMP000002627_1,EQ00002627,Pressure Element,Active
CMP000002627_2,EQ00002627,Bearing,Active
CMP000002627_3,EQ00002627,Bearing,Active
CMP000002628_1,EQ00002628,Valve,Standby
CMP000002628_2,EQ00002628,Motor,Active
CMP000002628_3,EQ00002628,Pressure Element,Standby
CMP000002628_4,EQ00002628,Valve,Active
CMP000002629_1,EQ00002629,Control Panel,Standby
CMP000002630_1,EQ00002630,Safety Interlock,Active
CMP000002630_2,EQ00002630,Safety Interlock,Active
CMP000002631_1,EQ00002631,Pressure Element,Active
CMP000002631_2,EQ00002631,Gearbox,Standby
CMP000002632_1,EQ00002632,Valve,Standby
CMP000002632_2,EQ00002632,Lubrication System,Active
CMP000002633_1,EQ00002633,Valve,Active
CMP000002634_1,EQ00002634,Gearbox,Active
CMP000002634_2,EQ00002634,Bearing,Standby
CMP000002634_3,EQ00002634,Bearing,Standby
CMP000002635_1,EQ00002635,Valve,Active
CMP000002636_1,EQ00002636,Seal,Active
CMP000002637_1,EQ00002637,Valve,Standby
CMP000002638_1,EQ00002638,Lubrication System,Active
CMP000002638_2,EQ00002638,Valve,Standby
CMP000002638_3,EQ00002638,Safety Interlock,Active
CMP000002638_4,EQ00002638,Bearing,Standby
CMP000002639_1,EQ00002639,Pressure Element,Active
CMP000002639_2,EQ00002639,Pressure Element,Standby
CMP000002640_1,EQ00002640,Control Panel,Active
CMP000002640_2,EQ00002640,Control Panel,Standby
CMP000002640_3,EQ00002640,Coupling,Standby
CMP000002641_1,EQ00002641,Control Panel,Standby
CMP000002641_2,EQ00002641,Valve,Active
CMP000002641_3,EQ00002641,Gearbox,Active
CMP000002642_1,EQ00002642,Seal,Active
CMP000002642_2,EQ00002642,Coupling,Standby
CMP000002642_3,EQ00002642,Safety Interlock,Active
CMP000002642_4,EQ00002642,Seal,Standby
CMP000002643_1,EQ00002643,Motor,Active
CMP000002643_2,EQ00002643,Coupling,Active
CMP000002643_3,EQ00002643,Valve,Active
CMP000002643_4,EQ00002643,Seal,Active
CMP000002644_1,EQ00002644,Safety Interlock,Standby
CMP000002644_2,EQ00002644,Safety Interlock,Standby
CMP000002645_1,EQ00002645,Motor,Active
CMP000002646_1,EQ00002646,Seal,Active
CMP000002646_2,EQ00002646,Valve,Standby
CMP000002646_3,EQ00002646,Gearbox,Standby
CMP000002646_4,EQ00002646,Seal,Standby
CMP000002647_1,EQ00002647,Control Panel,Standby
CMP000002647_2,EQ00002647,Control Panel,Active
CMP000002647_3,EQ00002647,Valve,Active
CMP000002648_1,EQ00002648,Valve,Standby
CMP000002648_2,EQ00002648,Pressure Element,Active
CMP000002648_3,EQ00002648,Lubrication System,Standby
CMP000002648_4,EQ00002648,Seal,Active
CMP000002649_1,EQ00002649,Safety Interlock,Active
CMP000002649_2,EQ00002649,Safety Interlock,Standby
CMP000002650_1,EQ00002650,Control Panel,Active
CMP000002651_1,EQ00002651,Control Panel,Standby
CMP000002651_2,EQ00002651,Pressure Element,Active
CMP000002652_1,EQ00002652,Bearing,Active
CMP000002652_2,EQ00002652,Motor,Standby
CMP000002652_3,EQ00002652,Bearing,Active
CMP000002652_4,EQ00002652,Pressure Element,Active
CMP000002653_1,EQ00002653,Motor,Active
CMP000002653_2,EQ00002653,Seal,Active
CMP000002653_3,EQ00002653,Coupling,Standby
CMP000002654_1,EQ00002654,Bearing,Standby
CMP000002654_2,EQ00002654,Coupling,Active
CMP000002654_3,EQ00002654,Seal,Active
CMP000002654_4,EQ00002654,Gearbox,Standby
CMP000002655_1,EQ00002655,Control Panel,Standby
CMP000002655_2,EQ00002655,Gearbox,Standby
CMP000002655_3,EQ00002655,Safety Interlock,Active
CMP000002655_4,EQ00002655,Gearbox,Active
CMP000002656_1,EQ00002656,Motor,Standby
CMP000002656_2,EQ00002656,Coupling,Active
CMP000002657_1,EQ00002657,Motor,Standby
CMP000002657_2,EQ00002657,Bearing,Standby
CMP000002657_3,EQ00002657,Gearbox,Standby
CMP000002658_1,EQ00002658,Pressure Element,Active
CMP000002658_2,EQ00002658,Seal,Active
CMP000002658_3,EQ00002658,Seal,Standby
CMP000002658_4,EQ00002658,Pressure Element,Active
CMP000002659_1,EQ00002659,Coupling,Active
CMP000002659_2,EQ00002659,Lubrication System,Standby
CMP000002659_3,EQ00002659,Pressure Element,Standby
CMP000002659_4,EQ00002659,Lubrication System,Active
CMP000002660_1,EQ00002660,Control Panel,Standby
CMP000002660_2,EQ00002660,Coupling,Standby
CMP000002661_1,EQ00002661,Gearbox,Active
CMP000002661_2,EQ00002661,Bearing,Active
CMP000002662_1,EQ00002662,Gearbox,Active
CMP000002662_2,EQ00002662,Motor,Standby
CMP000002662_3,EQ00002662,Valve,Active
CMP000002663_1,EQ00002663,Lubrication System,Standby
CMP000002663_2,EQ00002663,Lubrication System,Active
CMP000002663_3,EQ00002663,Seal,Standby
CMP000002664_1,EQ00002664,Motor,Active
CMP000002665_1,EQ00002665,Motor,Active
CMP000002666_1,EQ00002666,Motor,Standby
CMP000002666_2,EQ00002666,Bearing,Active
CMP000002666_3,EQ00002666,Valve,Standby
CMP000002667_1,EQ00002667,Valve,Active
CMP000002667_2,EQ00002667,Safety Interlock,Active
CMP000002668_1,EQ00002668,Bearing,Active
CMP000002668_2,EQ00002668,Motor,Active
CMP000002669_1,EQ00002669,Pressure Element,Standby
CMP000002669_2,EQ00002669,Pressure Element,Active
CMP000002669_3,EQ00002669,Safety Interlock,Active
CMP000002670_1,EQ00002670,Valve,Standby
CMP000002670_2,EQ00002670,Gearbox,Active
CMP000002670_3,EQ00002670,Valve,Active
CMP000002671_1,EQ00002671,Lubrication System,Standby
CMP000002672_1,EQ00002672,Coupling,Active
CMP000002672_2,EQ00002672,Seal,Standby
CMP000002672_3,EQ00002672,Seal,Active
CMP000002672_4,EQ00002672,Seal,Active
CMP000002673_1,EQ00002673,Coupling,Active
CMP000002673_2,EQ00002673,Seal,Active
CMP000002673_3,EQ00002673,Safety Interlock,Active
CMP000002673_4,EQ00002673,Coupling,Standby
CMP000002674_1,EQ00002674,Lubrication System,Standby
CMP000002674_2,EQ00002674,Bearing,Standby
CMP000002674_3,EQ00002674,Pressure Element,Standby
CMP000002675_1,EQ00002675,Bearing,Active
CMP000002675_2,EQ00002675,Pressure Element,Standby
CMP000002676_1,EQ00002676,Bearing,Standby
CMP000002676_2,EQ00002676,Valve,Standby
CMP000002677_1,EQ00002677,Control Panel,Active
CMP000002677_2,EQ00002677,Motor,Active
CMP000002677_3,EQ00002677,Pressure Element,Active
CMP000002678_1,EQ00002678,Lubrication System,Active
CMP000002679_1,EQ00002679,Safety Interlock,Active
CMP000002679_2,EQ00002679,Seal,Active
CMP000002680_1,EQ00002680,Control Panel,Active
CMP000002681_1,EQ00002681,Control Panel,Standby
CMP000002681_2,EQ00002681,Valve,Standby
CMP000002681_3,EQ00002681,Lubrication System,Active
CMP000002682_1,EQ00002682,Valve,Active
CMP000002682_2,EQ00002682,Coupling,Standby
CMP000002682_3,EQ00002682,Pressure Element,Standby
CMP000002683_1,EQ00002683,Lubrication System,Standby
CMP000002684_1,EQ00002684,Motor,Standby
CMP000002684_2,EQ00002684,Gearbox,Standby
CMP000002685_1,EQ00002685,Pressure Element,Standby
CMP000002685_2,EQ00002685,Control Panel,Standby
CMP000002685_3,EQ00002685,Safety Interlock,Active
CMP000002686_1,EQ00002686,Gearbox,Active
CMP000002686_2,EQ00002686,Valve,Active
CMP000002686_3,EQ00002686,Bearing,Standby
CMP000002687_1,EQ00002687,Pressure Element,Standby
CMP000002687_2,EQ00002687,Coupling,Active
CMP000002687_3,EQ00002687,Control Panel,Active
CMP000002688_1,EQ00002688,Pressure Element,Active
CMP000002688_2,EQ00002688,Lubrication System,Standby
CMP000002688_3,EQ00002688,Pressure Element,Active
CMP000002689_1,EQ00002689,Motor,Active
CMP000002689_2,EQ00002689,Coupling,Standby
CMP000002689_3,EQ00002689,Bearing,Active
CMP000002690_1,EQ00002690,Safety Interlock,Active
CMP000002690_2,EQ00002690,Seal,Active
CMP000002690_3,EQ00002690,Safety Interlock,Active
CMP000002690_4,EQ00002690,Motor,Standby
CMP000002691_1,EQ00002691,Pressure Element,Active
CMP000002692_1,EQ00002692,Gearbox,Standby
CMP000002692_2,EQ00002692,Lubrication System,Standby
CMP000002692_3,EQ00002692,Gearbox,Standby
CMP000002693_1,EQ00002693,Lubrication System,Standby
CMP000002694_1,EQ00002694,Valve,Active
CMP000002694_2,EQ00002694,Seal,Active
CMP000002695_1,EQ00002695,Seal,Standby
CMP000002695_2,EQ00002695,Lubrication System,Standby
CMP000002695_3,EQ00002695,Bearing,Standby
CMP000002696_1,EQ00002696,Motor,Active
CMP000002697_1,EQ00002697,Valve,Active
CMP000002697_2,EQ00002697,Valve,Standby
CMP000002698_1,EQ00002698,Valve,Standby
CMP000002699_1,EQ00002699,Control Panel,Standby
CMP000002699_2,EQ00002699,Coupling,Standby
CMP000002700_1,EQ00002700,Coupling,Standby
CMP000002700_2,EQ00002700,Valve,Standby
CMP000002701_1,EQ00002701,Pressure Element,Active
CMP000002701_2,EQ00002701,Valve,Active
CMP000002701_3,EQ00002701,Motor,Active
CMP000002702_1,EQ00002702,Pressure Element,Standby
CMP000002702_2,EQ00002702,Control Panel,Active
CMP000002703_1,EQ00002703,Coupling,Active
CMP000002703_2,EQ00002703,Pressure Element,Standby
CMP000002703_3,EQ00002703,Motor,Standby
CMP000002704_1,EQ00002704,Safety Interlock,Active
CMP000002704_2,EQ00002704,Coupling,Active
CMP000002705_1,EQ00002705,Motor,Active
CMP000002705_2,EQ00002705,Motor,Active
CMP000002705_3,EQ00002705,Motor,Standby
CMP000002706_1,EQ00002706,Coupling,Standby
CMP000002706_2,EQ00002706,Seal,Active
CMP000002707_1,EQ00002707,Lubrication System,Standby
CMP000002707_2,EQ00002707,Seal,Standby
CMP000002707_3,EQ00002707,Control Panel,Standby
CMP000002707_4,EQ00002707,Bearing,Active
CMP000002708_1,EQ00002708,Valve,Active
CMP000002708_2,EQ00002708,Bearing,Standby
CMP000002708_3,EQ00002708,Control Panel,Standby
CMP000002709_1,EQ00002709,Bearing,Standby
CMP000002709_2,EQ00002709,Control Panel,Active
CMP000002710_1,EQ00002710,Gearbox,Active
CMP000002711_1,EQ00002711,Valve,Standby
CMP000002711_2,EQ00002711,Valve,Standby
CMP000002711_3,EQ00002711,Pressure Element,Standby
CMP000002711_4,EQ00002711,Safety Interlock,Active
CMP000002712_1,EQ00002712,Coupling,Active
CMP000002713_1,EQ00002713,Gearbox,Active
CMP000002713_2,EQ00002713,Control Panel,Standby
CMP000002713_3,EQ00002713,Motor,Active
CMP000002714_1,EQ00002714,Coupling,Standby
CMP000002714_2,EQ00002714,Coupling,Active
CMP000002714_3,EQ00002714,Seal,Active
CMP000002715_1,EQ00002715,Bearing,Standby
CMP000002715_2,EQ00002715,Bearing,Active
CMP000002715_3,EQ00002715,Gearbox,Standby
CMP000002715_4,EQ00002715,Motor,Standby
CMP000002716_1,EQ00002716,Gearbox,Standby
CMP000002717_1,EQ00002717,Bearing,Standby
CMP000002718_1,EQ00002718,Valve,Active
CMP000002718_2,EQ00002718,Coupling,Active
CMP000002718_3,EQ00002718,Coupling,Standby
CMP000002719_1,EQ00002719,Pressure Element,Standby
CMP000002719_2,EQ00002719,Motor,Active
CMP000002719_3,EQ00002719,Coupling,Standby
CMP000002719_4,EQ00002719,Valve,Standby
CMP000002720_1,EQ00002720,Safety Interlock,Standby
CMP000002720_2,EQ00002720,Seal,Active
CMP000002721_1,EQ00002721,Seal,Standby
CMP000002721_2,EQ00002721,Seal,Active
CMP000002721_3,EQ00002721,Seal,Active
CMP000002722_1,EQ00002722,Bearing,Standby
CMP000002722_2,EQ00002722,Valve,Standby
CMP000002722_3,EQ00002722,Gearbox,Standby
CMP000002723_1,EQ00002723,Seal,Standby
CMP000002724_1,EQ00002724,Lubrication System,Active
CMP000002724_2,EQ00002724,Valve,Standby
CMP000002725_1,EQ00002725,Coupling,Active
CMP000002725_2,EQ00002725,Bearing,Standby
CMP000002726_1,EQ00002726,Bearing,Standby
CMP000002726_2,EQ00002726,Gearbox,Active
CMP000002726_3,EQ00002726,Motor,Active
CMP000002726_4,EQ00002726,Gearbox,Standby
CMP000002727_1,EQ00002727,Control Panel,Active
CMP000002727_2,EQ00002727,Pressure Element,Standby
CMP000002727_3,EQ00002727,Pressure Element,Standby
CMP000002728_1,EQ00002728,Pressure Element,Standby
CMP000002728_2,EQ00002728,Seal,Standby
CMP000002729_1,EQ00002729,Bearing,Active
CMP000002729_2,EQ00002729,Gearbox,Standby
CMP000002730_1,EQ00002730,Safety Interlock,Active
CMP000002730_2,EQ00002730,Coupling,Standby
CMP000002730_3,EQ00002730,Pressure Element,Standby
CMP000002730_4,EQ00002730,Seal,Active
CMP000002731_1,EQ00002731,Lubrication System,Active
CMP000002731_2,EQ00002731,Valve,Active
CMP000002731_3,EQ00002731,Pressure Element,Standby
CMP000002732_1,EQ00002732,Control Panel,Standby
CMP000002733_1,EQ00002733,Seal,Active
CMP000002733_2,EQ00002733,Motor,Active
CMP000002733_3,EQ00002733,Seal,Active
CMP000002734_1,EQ00002734,Seal,Active
CMP000002735_1,EQ00002735,Coupling,Active
CMP000002736_1,EQ00002736,Pressure Element,Standby
CMP000002736_2,EQ00002736,Pressure Element,Standby
CMP000002737_1,EQ00002737,Safety Interlock,Standby
CMP000002737_2,EQ00002737,Safety Interlock,Standby
CMP000002737_3,EQ00002737,Pressure Element,Standby
CMP000002737_4,EQ00002737,Coupling,Standby
CMP000002738_1,EQ00002738,Pressure Element,Active
CMP000002738_2,EQ00002738,Motor,Standby
CMP000002738_3,EQ00002738,Lubrication System,Standby
CMP000002738_4,EQ00002738,Coupling,Active
CMP000002739_1,EQ00002739,Safety Interlock,Standby
CMP000002739_2,EQ00002739,Seal,Active
CMP000002739_3,EQ00002739,Valve,Standby
CMP000002739_4,EQ00002739,Seal,Active
CMP000002740_1,EQ00002740,Bearing,Standby
CMP000002740_2,EQ00002740,Seal,Standby
CMP000002740_3,EQ00002740,Bearing,Standby
CMP000002740_4,EQ00002740,Lubrication System,Standby
CMP000002741_1,EQ00002741,Valve,Active
CMP000002741_2,EQ00002741,Bearing,Standby
CMP000002741_3,EQ00002741,Seal,Standby
CMP000002742_1,EQ00002742,Seal,Standby
CMP000002743_1,EQ00002743,Control Panel,Active
CMP000002743_2,EQ00002743,Seal,Active
CMP000002743_3,EQ00002743,Safety Interlock,Active
CMP000002743_4,EQ00002743,Valve,Active
CMP000002744_1,EQ00002744,Seal,Standby
CMP000002744_2,EQ00002744,Coupling,Standby
CMP000002744_3,EQ00002744,Pressure Element,Active
CMP000002744_4,EQ00002744,Bearing,Standby
CMP000002745_1,EQ00002745,Gearbox,Standby
CMP000002746_1,EQ00002746,Motor,Standby
CMP000002746_2,EQ00002746,Lubrication System,Active
CMP000002747_1,EQ00002747,Bearing,Standby
CMP000002748_1,EQ00002748,Gearbox,Standby
CMP000002749_1,EQ00002749,Seal,Active
CMP000002749_2,EQ00002749,Motor,Standby
CMP000002749_3,EQ00002749,Pressure Element,Standby
CMP000002749_4,EQ00002749,Gearbox,Active
CMP000002750_1,EQ00002750,Coupling,Active
CMP000002750_2,EQ00002750,Safety Interlock,Standby
CMP000002751_1,EQ00002751,Gearbox,Standby
CMP000002752_1,EQ00002752,Control Panel,Active
CMP000002752_2,EQ00002752,Lubrication System,Standby
CMP000002753_1,EQ00002753,Coupling,Standby
CMP000002753_2,EQ00002753,Bearing,Standby
CMP000002753_3,EQ00002753,Lubrication System,Active
CMP000002753_4,EQ00002753,Safety Interlock,Active
CMP000002754_1,EQ00002754,Control Panel,Active
CMP000002755_1,EQ00002755,Control Panel,Standby
CMP000002755_2,EQ00002755,Motor,Active
CMP000002755_3,EQ00002755,Lubrication System,Standby
CMP000002756_1,EQ00002756,Bearing,Active
CMP000002757_1,EQ00002757,Control Panel,Standby
CMP000002757_2,EQ00002757,Safety Interlock,Active
CMP000002757_3,EQ00002757,Pressure Element,Active
CMP000002758_1,EQ00002758,Control Panel,Active
CMP000002758_2,EQ00002758,Lubrication System,Standby
CMP000002758_3,EQ00002758,Valve,Standby
CMP000002758_4,EQ00002758,Valve,Active
CMP000002759_1,EQ00002759,Bearing,Active
CMP000002759_2,EQ00002759,Bearing,Standby
CMP000002760_1,EQ00002760,Bearing,Active
CMP000002760_2,EQ00002760,Valve,Standby
CMP000002760_3,EQ00002760,Valve,Active
CMP000002760_4,EQ00002760,Control Panel,Standby
CMP000002761_1,EQ00002761,Control Panel,Standby
CMP000002761_2,EQ00002761,Bearing,Active
CMP000002762_1,EQ00002762,Seal,Standby
CMP000002762_2,EQ00002762,Control Panel,Standby
CMP000002762_3,EQ00002762,Pressure Element,Standby
CMP000002763_1,EQ00002763,Coupling,Active
CMP000002763_2,EQ00002763,Motor,Standby
CMP000002763_3,EQ00002763,Pressure Element,Standby
CMP000002764_1,EQ00002764,Lubrication System,Active
CMP000002764_2,EQ00002764,Coupling,Active
CMP000002765_1,EQ00002765,Bearing,Active
CMP000002765_2,EQ00002765,Seal,Active
CMP000002766_1,EQ00002766,Coupling,Standby
CMP000002767_1,EQ00002767,Lubrication System,Active
CMP000002767_2,EQ00002767,Lubrication System,Active
CMP000002767_3,EQ00002767,Pressure Element,Standby
CMP000002767_4,EQ00002767,Gearbox,Active
CMP000002768_1,EQ00002768,Lubrication System,Standby
CMP000002768_2,EQ00002768,Valve,Active
CMP000002768_3,EQ00002768,Bearing,Standby
CMP000002768_4,EQ00002768,Pressure Element,Standby
CMP000002769_1,EQ00002769,Motor,Active
CMP000002770_1,EQ00002770,Seal,Standby
CMP000002770_2,EQ00002770,Pressure Element,Active
CMP000002770_3,EQ00002770,Seal,Active
CMP000002771_1,EQ00002771,Pressure Element,Active
CMP000002772_1,EQ00002772,Lubrication System,Active
CMP000002772_2,EQ00002772,Lubrication System,Standby
CMP000002773_1,EQ00002773,Valve,Standby
CMP000002773_2,EQ00002773,Lubrication System,Active
CMP000002774_1,EQ00002774,Motor,Active
CMP000002774_2,EQ00002774,Seal,Standby
CMP000002774_3,EQ00002774,Gearbox,Standby
CMP000002775_1,EQ00002775,Seal,Active
CMP000002775_2,EQ00002775,Bearing,Active
CMP000002776_1,EQ00002776,Seal,Active
CMP000002776_2,EQ00002776,Gearbox,Active
CMP000002777_1,EQ00002777,Motor,Standby
CMP000002778_1,EQ00002778,Control Panel,Active
CMP000002778_2,EQ00002778,Coupling,Standby
CMP000002778_3,EQ00002778,Lubrication System,Standby
CMP000002779_1,EQ00002779,Motor,Active
CMP000002779_2,EQ00002779,Pressure Element,Standby
CMP000002779_3,EQ00002779,Control Panel,Standby
CMP000002780_1,EQ00002780,Valve,Standby
CMP000002780_2,EQ00002780,Valve,Standby
CMP000002780_3,EQ00002780,Motor,Standby
CMP000002780_4,EQ00002780,Valve,Active
CMP000002781_1,EQ00002781,Coupling,Active
CMP000002781_2,EQ00002781,Lubrication System,Active
CMP000002781_3,EQ00002781,Coupling,Active
CMP000002782_1,EQ00002782,Motor,Standby
CMP000002782_2,EQ00002782,Seal,Standby
CMP000002782_3,EQ00002782,Bearing,Standby
CMP000002782_4,EQ00002782,Valve,Standby
CMP000002783_1,EQ00002783,Coupling,Standby
CMP000002783_2,EQ00002783,Seal,Standby
CMP000002784_1,EQ00002784,Lubrication System,Active
CMP000002785_1,EQ00002785,Control Panel,Standby
CMP000002785_2,EQ00002785,Seal,Active
CMP000002785_3,EQ00002785,Lubrication System,Active
CMP000002786_1,EQ00002786,Gearbox,Active
CMP000002786_2,EQ00002786,Pressure Element,Standby
CMP000002787_1,EQ00002787,Gearbox,Active
CMP000002787_2,EQ00002787,Pressure Element,Active
CMP000002787_3,EQ00002787,Lubrication System,Standby
CMP000002788_1,EQ00002788,Control Panel,Standby
CMP000002788_2,EQ00002788,Pressure Element,Active
CMP000002788_3,EQ00002788,Pressure Element,Standby
CMP000002789_1,EQ00002789,Pressure Element,Standby
CMP000002789_2,EQ00002789,Gearbox,Standby
CMP000002789_3,EQ00002789,Bearing,Active
CMP000002789_4,EQ00002789,Pressure Element,Active
CMP000002790_1,EQ00002790,Pressure Element,Active
CMP000002790_2,EQ00002790,Motor,Active
CMP000002791_1,EQ00002791,Motor,Standby
CMP000002791_2,EQ00002791,Coupling,Active
CMP000002791_3,EQ00002791,Bearing,Active
CMP000002792_1,EQ00002792,Motor,Active
CMP000002793_1,EQ00002793,Control Panel,Active
CMP000002793_2,EQ00002793,Coupling,Standby
CMP000002793_3,EQ00002793,Valve,Active
CMP000002794_1,EQ00002794,Bearing,Standby
CMP000002794_2,EQ00002794,Gearbox,Standby
CMP000002795_1,EQ00002795,Valve,Active
CMP000002795_2,EQ00002795,Lubrication System,Active
CMP000002795_3,EQ00002795,Motor,Standby
CMP000002796_1,EQ00002796,Motor,Standby
CMP000002796_2,EQ00002796,Valve,Standby
CMP000002797_1,EQ00002797,Control Panel,Standby
CMP000002798_1,EQ00002798,Gearbox,Active
CMP000002798_2,EQ00002798,Seal,Standby
CMP000002799_1,EQ00002799,Motor,Standby
CMP000002799_2,EQ00002799,Gearbox,Standby
CMP000002800_1,EQ00002800,Valve,Active
CMP000002801_1,EQ00002801,Control Panel,Active
CMP000002801_2,EQ00002801,Safety Interlock,Standby
CMP000002801_3,EQ00002801,Seal,Active
CMP000002801_4,EQ00002801,Pressure Element,Active
CMP000002802_1,EQ00002802,Lubrication System,Active
CMP000002802_2,EQ00002802,Bearing,Standby
CMP000002803_1,EQ00002803,Seal,Standby
CMP000002804_1,EQ00002804,Valve,Standby
CMP000002805_1,EQ00002805,Gearbox,Active
CMP000002805_2,EQ00002805,Lubrication System,Active
CMP000002806_1,EQ00002806,Gearbox,Active
CMP000002806_2,EQ00002806,Safety Interlock,Active
CMP000002806_3,EQ00002806,Seal,Standby
CMP000002807_1,EQ00002807,Gearbox,Active
CMP000002807_2,EQ00002807,Valve,Active
CMP000002807_3,EQ00002807,Safety Interlock,Active
CMP000002807_4,EQ00002807,Gearbox,Active
CMP000002808_1,EQ00002808,Gearbox,Standby
CMP000002809_1,EQ00002809,Gearbox,Active
CMP000002810_1,EQ00002810,Gearbox,Active
CMP000002810_2,EQ00002810,Coupling,Standby
CMP000002810_3,EQ00002810,Pressure Element,Standby
CMP000002811_1,EQ00002811,Gearbox,Standby
CMP000002811_2,EQ00002811,Motor,Standby
CMP000002811_3,EQ00002811,Safety Interlock,Active
CMP000002811_4,EQ00002811,Valve,Active
