employee_id,equipment_id,employee_org_level,required_skill,training_current,certification_current,authorized_to_use,authorized_function
EMP016912,EQ00001278,L4,Hot Work,True,True,True,Inspector
EMP042744,EQ00001278,L3,Hot Work,False,False,False,Maintenance
EMP007934,EQ00001278,L3,Hot Work,True,False,False,Inspector
EMP005982,EQ00001278,L2,Hot Work,False,False,False,Inspector
EMP032112,EQ00000074,L4,Process Isolation,True,True,True,Inspector
EMP021778,EQ00000074,L4,Process Isolation,True,True,True,Supervisor
EMP017241,EQ00000074,L2,Process Isolation,False,False,False,Operator
EMP040290,EQ00000074,L6,Process Isolation,True,True,True,Supervisor
EMP004622,EQ00001228,L4,Mechanical Inspection,False,True,False,Supervisor
EMP032924,EQ00001228,L3,Mechanical Inspection,True,False,False,Maintenance
EMP022147,EQ00000855,L3,Pressure Testing,False,False,False,Maintenance
EMP031331,EQ00000855,L4,Pressure Testing,False,False,False,Supervisor
EMP043306,EQ00000855,L2,Pressure Testing,False,False,False,Inspector
EMP018376,EQ00000855,L6,Pressure Testing,True,True,True,Operator
EMP010002,EQ00000855,L3,Pressure Testing,True,False,False,Operator
EMP040964,EQ00000855,L2,Pressure Testing,True,False,False,Supervisor
EMP003939,EQ00001284,L2,LOTO,True,False,False,Supervisor
EMP031696,EQ00001284,L3,LOTO,True,False,False,Inspector
EMP043812,EQ00001284,L3,LOTO,False,False,False,Supervisor
EMP036555,EQ00001284,L3,LOTO,False,False,False,Maintenance
EMP016931,EQ00001284,L4,LOTO,False,True,False,Maintenance
EMP018443,EQ00001284,L6,LOTO,True,True,True,Inspector
EMP026527,EQ00001284,L5,LOTO,True,True,True,Operator
EMP024032,EQ00001284,L2,LOTO,True,False,False,Supervisor
EMP008791,EQ00002515,L5,Journey Management,True,False,False,Maintenance
EMP029432,EQ00002515,L6,Journey Management,True,True,True,Operator
EMP035570,EQ00002515,L5,Journey Management,True,True,True,Supervisor
EMP027510,EQ00002515,L5,Journey Management,True,True,True,Inspector
EMP034695,EQ00001970,L5,Rotating Equipment,True,True,True,Operator
EMP027712,EQ00001970,L4,Rotating Equipment,False,True,False,Supervisor
EMP012707,EQ00001970,L3,Rotating Equipment,False,False,False,Maintenance
EMP038657,EQ00000857,L3,Pressure Systems Safety,True,True,False,Operator
EMP043090,EQ00000857,L2,Pressure Systems Safety,False,False,False,Inspector
EMP021976,EQ00000857,L5,Pressure Systems Safety,True,True,True,Maintenance
EMP049725,EQ00000857,L3,Pressure Systems Safety,True,False,False,Operator
EMP001775,EQ00000857,L4,Pressure Systems Safety,False,False,False,Operator
EMP018639,EQ00001596,L5,Permit to Work,True,False,False,Operator
EMP046995,EQ00001596,L5,Permit to Work,False,True,False,Operator
EMP012015,EQ00001596,L3,Permit to Work,True,True,False,Maintenance
EMP031864,EQ00001596,L3,Permit to Work,True,False,False,Maintenance
EMP038916,EQ00001596,L4,Permit to Work,True,True,True,Operator
EMP021399,EQ00001596,L5,Permit to Work,True,True,True,Maintenance
EMP038326,EQ00001596,L3,Permit to Work,False,False,False,Operator
EMP025295,EQ00000777,L3,Welding Safety,False,False,False,Supervisor
EMP008792,EQ00000777,L2,Welding Safety,True,False,False,Inspector
EMP005231,EQ00000777,L4,Welding Safety,True,False,False,Inspector
EMP039924,EQ00000777,L2,Welding Safety,True,False,False,Operator
EMP037916,EQ00000777,L4,Welding Safety,True,True,True,Operator
EMP026253,EQ00000777,L6,Welding Safety,True,True,True,Operator
EMP047500,EQ00001845,L2,Journey Management,False,False,False,Maintenance
EMP013972,EQ00001845,L4,Journey Management,False,False,False,Maintenance
EMP024136,EQ00002304,L3,Permit to Work,False,False,False,Supervisor
EMP022204,EQ00002304,L5,Permit to Work,True,False,False,Supervisor
EMP013290,EQ00002304,L3,Permit to Work,False,False,False,Inspector
EMP024246,EQ00002304,L4,Permit to Work,False,False,False,Maintenance
EMP041708,EQ00002304,L4,Permit to Work,True,False,False,Supervisor
EMP035022,EQ00002304,L4,Permit to Work,False,False,False,Supervisor
EMP046539,EQ00002304,L3,Permit to Work,False,False,False,Operator
EMP004876,EQ00002304,L4,Permit to Work,False,False,False,Inspector
EMP012838,EQ00000539,L3,Calibration,True,False,False,Operator
EMP031461,EQ00000539,L2,Calibration,False,False,False,Operator
EMP000316,EQ00000250,L4,Welding Safety,True,True,True,Inspector
EMP022015,EQ00000250,L3,Welding Safety,False,False,False,Supervisor
EMP007769,EQ00000334,L2,Fire Water Systems,False,False,False,Inspector
EMP034216,EQ00000334,L4,Fire Water Systems,False,True,False,Maintenance
EMP032222,EQ00000334,L4,Fire Water Systems,False,False,False,Inspector
EMP046208,EQ00002626,L4,Line of Fire Awareness,False,False,False,Operator
EMP001020,EQ00002626,L2,Line of Fire Awareness,False,True,False,Maintenance
EMP005712,EQ00002626,L6,Line of Fire Awareness,True,True,True,Operator
EMP004411,EQ00000716,L2,Machine Tool Operation,False,False,False,Maintenance
EMP039696,EQ00000716,L4,Machine Tool Operation,False,False,False,Supervisor
EMP004777,EQ00000716,L2,Machine Tool Operation,False,False,False,Supervisor
EMP023374,EQ00000716,L4,Machine Tool Operation,False,True,False,Maintenance
EMP013922,EQ00000716,L2,Machine Tool Operation,False,False,False,Supervisor
EMP026275,EQ00000716,L3,Machine Tool Operation,False,False,False,Supervisor
EMP037902,EQ00000104,L4,LOTO,True,True,True,Inspector
EMP032319,EQ00000104,L3,LOTO,False,False,False,Maintenance
EMP043443,EQ00000450,L4,Permit to Work,False,False,False,Supervisor
EMP027278,EQ00000450,L3,Permit to Work,False,True,False,Supervisor
EMP031347,EQ00001020,L2,Well Control,False,True,False,Inspector
EMP006854,EQ00001020,L4,Well Control,False,True,False,Operator
EMP019042,EQ00001020,L3,Well Control,True,True,True,Inspector
EMP006511,EQ00001020,L2,Well Control,False,False,False,Maintenance
EMP047668,EQ00002038,L2,Process Operations,False,False,False,Inspector
EMP030038,EQ00002038,L2,Process Operations,False,True,False,Maintenance
EMP013940,EQ00002038,L5,Process Operations,True,True,True,Supervisor
EMP027502,EQ00002038,L2,Process Operations,True,False,False,Supervisor
EMP023763,EQ00000835,L6,Valve Maintenance,True,True,True,Inspector
EMP005621,EQ00000835,L2,Valve Maintenance,False,False,False,Inspector
EMP020994,EQ00000835,L2,Valve Maintenance,False,False,False,Inspector
EMP032905,EQ00000835,L4,Valve Maintenance,False,False,False,Maintenance
EMP049337,EQ00002175,L4,Welding Safety,False,False,False,Maintenance
EMP014090,EQ00002175,L4,Welding Safety,False,False,False,Maintenance
EMP031632,EQ00002175,L5,Welding Safety,True,True,True,Supervisor
EMP030675,EQ00002175,L3,Welding Safety,False,False,False,Supervisor
EMP002978,EQ00002175,L2,Welding Safety,False,False,False,Maintenance
EMP047081,EQ00001140,L5,Arc Flash Awareness,False,True,False,Inspector
EMP042947,EQ00001140,L3,Arc Flash Awareness,False,False,False,Inspector
EMP004773,EQ00001140,L3,Arc Flash Awareness,True,False,False,Inspector
EMP031681,EQ00001140,L3,Arc Flash Awareness,False,False,False,Maintenance
EMP039707,EQ00001140,L2,Arc Flash Awareness,True,False,False,Operator
EMP025649,EQ00001140,L5,Arc Flash Awareness,True,True,True,Supervisor
EMP035880,EQ00000342,L5,LOTO,True,True,True,Inspector
EMP033488,EQ00000342,L3,LOTO,False,True,False,Supervisor
EMP005351,EQ00000342,L4,LOTO,False,True,False,Maintenance
EMP037970,EQ00001306,L6,Lifting Gear Inspection,True,True,True,Operator
EMP035572,EQ00001306,L2,Lifting Gear Inspection,True,False,False,Supervisor
EMP019261,EQ00001306,L3,Lifting Gear Inspection,False,False,False,Maintenance
EMP042028,EQ00001306,L2,Lifting Gear Inspection,False,False,False,Operator
EMP033872,EQ00001306,L3,Lifting Gear Inspection,False,False,False,Inspector
EMP022315,EQ00001306,L6,Lifting Gear Inspection,True,True,True,Inspector
EMP030062,EQ00001306,L2,Lifting Gear Inspection,False,True,False,Maintenance
EMP039097,EQ00001306,L6,Lifting Gear Inspection,True,False,False,Supervisor
EMP010103,EQ00001029,L6,Calibration,True,True,True,Supervisor
EMP004326,EQ00001029,L6,Calibration,True,True,True,Supervisor
EMP023529,EQ00001029,L3,Calibration,True,False,False,Supervisor
EMP004626,EQ00001029,L4,Calibration,False,False,False,Inspector
EMP017752,EQ00001029,L3,Calibration,True,False,False,Supervisor
EMP007114,EQ00001029,L3,Calibration,False,False,False,Inspector
EMP003568,EQ00001029,L4,Calibration,False,False,False,Maintenance
EMP020785,EQ00001029,L4,Calibration,False,False,False,Inspector
EMP001561,EQ00001067,L3,LOTO,False,False,False,Supervisor
EMP003017,EQ00001067,L4,LOTO,True,False,False,Inspector
EMP030455,EQ00001067,L3,LOTO,False,True,False,Maintenance
EMP006224,EQ00001067,L3,LOTO,False,False,False,Operator
EMP009667,EQ00001067,L2,LOTO,False,False,False,Inspector
EMP000980,EQ00001067,L4,LOTO,False,True,False,Supervisor
EMP004619,EQ00001067,L3,LOTO,False,False,False,Operator
EMP011520,EQ00001067,L5,LOTO,True,True,True,Maintenance
EMP020086,EQ00001838,L4,Line of Fire Awareness,True,True,True,Maintenance
EMP016538,EQ00001838,L3,Line of Fire Awareness,False,False,False,Maintenance
EMP020035,EQ00001838,L2,Line of Fire Awareness,False,False,False,Maintenance
EMP020825,EQ00001838,L4,Line of Fire Awareness,True,True,True,Operator
EMP016966,EQ00001838,L4,Line of Fire Awareness,True,True,True,Operator
EMP030381,EQ00001838,L2,Line of Fire Awareness,False,False,False,Maintenance
EMP023726,EQ00001838,L4,Line of Fire Awareness,True,True,True,Operator
EMP019080,EQ00000483,L5,SIS/ESD,True,True,True,Operator
EMP025582,EQ00000483,L5,SIS/ESD,True,True,True,Operator
EMP008162,EQ00000483,L2,SIS/ESD,False,False,False,Operator
EMP031122,EQ00000483,L4,SIS/ESD,True,True,True,Maintenance
EMP013768,EQ00001328,L4,Workshop Safety,True,True,True,Maintenance
EMP038270,EQ00001328,L3,Workshop Safety,False,True,False,Operator
EMP001485,EQ00000075,L3,Crane Operation,False,False,False,Maintenance
EMP037686,EQ00000075,L3,Crane Operation,False,False,False,Maintenance
EMP024552,EQ00000075,L4,Crane Operation,True,False,False,Inspector
EMP035354,EQ00000075,L4,Crane Operation,True,True,True,Supervisor
EMP027433,EQ00000075,L2,Crane Operation,True,False,False,Operator
EMP030883,EQ00000382,L4,LOTO,False,False,False,Maintenance
EMP047484,EQ00000382,L4,LOTO,False,False,False,Maintenance
EMP049032,EQ00000382,L4,LOTO,False,False,False,Operator
EMP045249,EQ00002065,L3,Permit to Work,False,False,False,Operator
EMP034866,EQ00002065,L2,Permit to Work,False,False,False,Operator
EMP019324,EQ00002065,L2,Permit to Work,False,False,False,Maintenance
EMP030127,EQ00002065,L4,Permit to Work,True,False,False,Maintenance
EMP045093,EQ00002065,L2,Permit to Work,True,True,False,Supervisor
EMP036495,EQ00002065,L4,Permit to Work,False,False,False,Inspector
EMP023992,EQ00002401,L3,Permit to Work,False,False,False,Operator
EMP034496,EQ00002401,L6,Permit to Work,True,True,True,Supervisor
EMP006879,EQ00001489,L4,Isolation/LOTO,False,True,False,Supervisor
EMP047562,EQ00001489,L4,Isolation/LOTO,False,False,False,Inspector
EMP021079,EQ00001489,L2,Isolation/LOTO,True,False,False,Operator
EMP038289,EQ00001489,L5,Isolation/LOTO,True,True,True,Inspector
EMP011375,EQ00001489,L5,Isolation/LOTO,True,True,True,Maintenance
EMP021071,EQ00001489,L2,Isolation/LOTO,False,False,False,Inspector
EMP002859,EQ00001489,L2,Isolation/LOTO,False,False,False,Maintenance
EMP017214,EQ00001489,L2,Isolation/LOTO,False,False,False,Inspector
EMP027870,EQ00002720,L5,Motor Maintenance,True,True,True,Operator
EMP009905,EQ00002720,L5,Motor Maintenance,True,True,True,Operator
EMP010656,EQ00002720,L5,Motor Maintenance,True,True,True,Supervisor
EMP039015,EQ00002720,L2,Motor Maintenance,True,False,False,Maintenance
EMP003457,EQ00002720,L3,Motor Maintenance,False,False,False,Operator
EMP049417,EQ00002720,L2,Motor Maintenance,False,False,False,Operator
EMP047885,EQ00002720,L4,Motor Maintenance,True,True,True,Inspector
EMP021373,EQ00002720,L2,Motor Maintenance,True,False,False,Supervisor
EMP034720,EQ00000494,L4,Motor Maintenance,False,False,False,Operator
EMP047793,EQ00000494,L2,Motor Maintenance,True,False,False,Inspector
EMP037573,EQ00002781,L3,Crane Operation,False,False,False,Inspector
EMP020263,EQ00002781,L4,Crane Operation,True,True,True,Supervisor
EMP037819,EQ00002781,L2,Crane Operation,True,False,False,Supervisor
EMP046362,EQ00002781,L3,Crane Operation,False,False,False,Maintenance
EMP047860,EQ00002781,L2,Crane Operation,True,False,False,Supervisor
EMP026444,EQ00002781,L4,Crane Operation,True,True,True,Operator
EMP021649,EQ00000032,L6,Machine Tool Operation,True,True,True,Inspector
EMP017451,EQ00000032,L6,Machine Tool Operation,True,True,True,Operator
EMP035808,EQ00000032,L4,Machine Tool Operation,True,True,True,Supervisor
EMP025970,EQ00000032,L6,Machine Tool Operation,True,True,True,Operator
EMP022627,EQ00000032,L4,Machine Tool Operation,True,True,True,Operator
EMP030928,EQ00002546,L3,Process Operations,False,False,False,Supervisor
EMP017114,EQ00002546,L5,Process Operations,False,True,False,Operator
EMP038473,EQ00001444,L3,LOTO,False,False,False,Operator
EMP023125,EQ00001444,L2,LOTO,False,False,False,Inspector
EMP000622,EQ00000868,L3,Environmental Monitoring,False,False,False,Supervisor
EMP006749,EQ00000868,L6,Environmental Monitoring,True,True,True,Inspector
EMP018489,EQ00000868,L4,Environmental Monitoring,False,True,False,Supervisor
EMP018462,EQ00000868,L5,Environmental Monitoring,True,True,True,Operator
EMP039550,EQ00000465,L4,Process Operations,False,False,False,Supervisor
EMP033248,EQ00000465,L4,Process Operations,True,False,False,Maintenance
EMP042035,EQ00000465,L4,Process Operations,False,True,False,Supervisor
EMP021688,EQ00000465,L6,Process Operations,True,True,True,Supervisor
EMP042152,EQ00000465,L2,Process Operations,False,False,False,Inspector
EMP045853,EQ00000465,L3,Process Operations,False,False,False,Operator
EMP039806,EQ00000272,L2,Lifting Operations,False,False,False,Maintenance
EMP035937,EQ00000272,L4,Lifting Operations,False,False,False,Maintenance
EMP001165,EQ00000272,L2,Lifting Operations,True,False,False,Maintenance
EMP005717,EQ00000272,L3,Lifting Operations,True,False,False,Operator
EMP013405,EQ00000272,L3,Lifting Operations,False,False,False,Maintenance
EMP047263,EQ00000272,L5,Lifting Operations,True,True,True,Supervisor
EMP037838,EQ00000272,L5,Lifting Operations,True,True,True,Inspector
EMP021841,EQ00002581,L3,Fire Water Systems,False,False,False,Maintenance
EMP002964,EQ00002581,L6,Fire Water Systems,True,True,True,Supervisor
EMP049384,EQ00002581,L2,Fire Water Systems,False,False,False,Inspector
EMP030811,EQ00002581,L4,Fire Water Systems,False,False,False,Maintenance
EMP016411,EQ00002581,L3,Fire Water Systems,False,False,False,Supervisor
EMP029694,EQ00002581,L4,Fire Water Systems,True,True,False,Inspector
EMP003775,EQ00001369,L4,Instrumentation,False,True,False,Maintenance
EMP018556,EQ00001369,L6,Instrumentation,True,False,False,Inspector
EMP043530,EQ00001369,L2,Instrumentation,False,False,False,Maintenance
EMP042572,EQ00001369,L3,Instrumentation,True,False,False,Operator
EMP045589,EQ00000183,L5,LOTO,True,True,True,Supervisor
EMP019562,EQ00000183,L2,LOTO,False,False,False,Supervisor
EMP047800,EQ00000183,L3,LOTO,False,True,False,Maintenance
EMP030549,EQ00000445,L2,Isolation/LOTO,True,False,False,Inspector
EMP018577,EQ00000445,L4,Isolation/LOTO,False,True,False,Supervisor
EMP033010,EQ00000445,L2,Isolation/LOTO,True,True,False,Supervisor
EMP048471,EQ00000445,L6,Isolation/LOTO,True,True,True,Supervisor
EMP038727,EQ00000445,L2,Isolation/LOTO,False,False,False,Operator
EMP035368,EQ00000445,L2,Isolation/LOTO,False,False,False,Operator
EMP023894,EQ00000445,L3,Isolation/LOTO,False,False,False,Operator
EMP018817,EQ00002710,L3,Valve Maintenance,True,False,False,Inspector
EMP040598,EQ00002710,L3,Valve Maintenance,True,False,False,Inspector
EMP028389,EQ00002710,L3,Valve Maintenance,False,False,False,Inspector
EMP012651,EQ00002710,L3,Valve Maintenance,True,False,False,Inspector
EMP041497,EQ00002710,L3,Valve Maintenance,False,False,False,Maintenance
EMP031691,EQ00002227,L3,Pipeline Operations,False,False,False,Supervisor
EMP040779,EQ00002227,L5,Pipeline Operations,True,True,True,Maintenance
EMP028366,EQ00002227,L4,Pipeline Operations,True,False,False,Operator
EMP006857,EQ00002227,L4,Pipeline Operations,True,True,True,Operator
EMP038280,EQ00002227,L2,Pipeline Operations,False,False,False,Maintenance
EMP033515,EQ00002227,L2,Pipeline Operations,False,False,False,Maintenance
EMP035850,EQ00002227,L3,Pipeline Operations,False,False,False,Operator
EMP049180,EQ00002227,L2,Pipeline Operations,False,False,False,Maintenance
EMP017900,EQ00002553,L3,Permit to Work,False,False,False,Operator
EMP022042,EQ00002553,L4,Permit to Work,True,False,False,Maintenance
EMP028683,EQ00002553,L3,Permit to Work,False,True,False,Operator
EMP018242,EQ00002553,L3,Permit to Work,False,False,False,Inspector
EMP047323,EQ00002553,L4,Permit to Work,True,False,False,Maintenance
EMP018269,EQ00000346,L2,Pressure Testing,False,False,False,Supervisor
EMP000070,EQ00000346,L6,Pressure Testing,True,True,True,Maintenance
EMP039791,EQ00000346,L4,Pressure Testing,False,False,False,Operator
EMP013634,EQ00000346,L4,Pressure Testing,False,False,False,Inspector
EMP049530,EQ00000346,L4,Pressure Testing,False,False,False,Maintenance
EMP019385,EQ00000346,L5,Pressure Testing,True,False,False,Operator
EMP044192,EQ00000346,L3,Pressure Testing,False,False,False,Supervisor
EMP002926,EQ00002331,L5,LOTO,False,True,False,Supervisor
EMP032967,EQ00002331,L4,LOTO,False,False,False,Supervisor
EMP035837,EQ00001759,L5,Pressure Systems Safety,True,True,True,Maintenance
EMP044928,EQ00001759,L6,Pressure Systems Safety,True,True,True,Inspector
EMP048475,EQ00001759,L2,Pressure Systems Safety,True,False,False,Inspector
EMP028802,EQ00001759,L3,Pressure Systems Safety,False,True,False,Supervisor
EMP007091,EQ00001759,L2,Pressure Systems Safety,False,True,False,Inspector
EMP034127,EQ00001759,L6,Pressure Systems Safety,True,True,True,Supervisor
EMP026446,EQ00001759,L6,Pressure Systems Safety,True,True,True,Supervisor
EMP015575,EQ00000386,L2,Isolation/LOTO,False,False,False,Maintenance
EMP016624,EQ00000386,L5,Isolation/LOTO,True,True,True,Inspector
EMP038293,EQ00000386,L3,Isolation/LOTO,False,False,False,Maintenance
EMP042780,EQ00000386,L3,Isolation/LOTO,False,True,False,Supervisor
EMP049103,EQ00000386,L5,Isolation/LOTO,True,True,True,Operator
EMP004404,EQ00000386,L3,Isolation/LOTO,True,False,False,Operator
EMP020240,EQ00000662,L3,Wastewater Operations,False,False,False,Supervisor
EMP023635,EQ00000662,L6,Wastewater Operations,True,True,True,Inspector
EMP031613,EQ00000662,L2,Wastewater Operations,True,False,False,Maintenance
EMP010366,EQ00000662,L3,Wastewater Operations,True,False,False,Operator
EMP043953,EQ00001716,L3,Process Isolation,True,True,True,Operator
EMP033426,EQ00001716,L5,Process Isolation,True,True,True,Maintenance
EMP034409,EQ00001716,L2,Process Isolation,False,False,False,Inspector
EMP003451,EQ00000247,L3,Alignment,False,True,False,Supervisor
EMP008477,EQ00000247,L2,Alignment,False,False,False,Maintenance
EMP039609,EQ00000247,L6,Alignment,True,True,True,Inspector
EMP029924,EQ00000247,L5,Alignment,True,True,True,Inspector
EMP016516,EQ00000247,L4,Alignment,False,False,False,Inspector
EMP033940,EQ00000247,L5,Alignment,True,True,True,Inspector
EMP044338,EQ00000247,L3,Alignment,True,False,False,Inspector
EMP020396,EQ00002745,L3,Defensive Driving,False,True,False,Supervisor
EMP008643,EQ00002745,L3,Defensive Driving,False,False,False,Maintenance
EMP022042,EQ00002745,L4,Defensive Driving,False,False,False,Inspector
EMP028993,EQ00002745,L2,Defensive Driving,False,False,False,Maintenance
EMP025112,EQ00002745,L3,Defensive Driving,False,False,False,Supervisor
EMP005823,EQ00000904,L4,Electrical Safety,False,False,False,Maintenance
EMP048500,EQ00000904,L2,Electrical Safety,False,False,False,Maintenance
EMP016099,EQ00000904,L3,Electrical Safety,False,False,False,Supervisor
EMP000626,EQ00000904,L3,Electrical Safety,True,False,False,Maintenance
EMP009753,EQ00000904,L3,Electrical Safety,False,False,False,Inspector
EMP021851,EQ00001048,L2,Motor Maintenance,True,False,False,Supervisor
EMP003665,EQ00001048,L4,Motor Maintenance,False,False,False,Maintenance
EMP030927,EQ00001048,L6,Motor Maintenance,True,False,False,Inspector
EMP001018,EQ00001048,L4,Motor Maintenance,True,False,False,Inspector
EMP031613,EQ00001048,L2,Motor Maintenance,True,False,False,Inspector
EMP041749,EQ00001048,L2,Motor Maintenance,False,False,False,Inspector
EMP031850,EQ00001722,L4,Rigging,False,False,False,Operator
EMP021009,EQ00001722,L2,Rigging,False,False,False,Maintenance
EMP048038,EQ00001722,L4,Rigging,False,False,False,Inspector
EMP038020,EQ00001722,L4,Rigging,False,False,False,Inspector
EMP038042,EQ00001722,L2,Rigging,True,False,False,Supervisor
EMP001960,EQ00001722,L4,Rigging,False,False,False,Supervisor
EMP019554,EQ00001722,L3,Rigging,False,False,False,Inspector
EMP023915,EQ00001722,L3,Rigging,False,False,False,Supervisor
EMP038811,EQ00001292,L4,Process Isolation,False,True,False,Operator
EMP030277,EQ00001292,L3,Process Isolation,True,False,False,Operator
EMP039029,EQ00001292,L6,Process Isolation,True,True,True,Supervisor
EMP016014,EQ00002810,L6,LOTO,True,True,True,Inspector
EMP005975,EQ00002810,L3,LOTO,False,True,False,Inspector
EMP003825,EQ00002810,L3,LOTO,False,False,False,Supervisor
EMP023687,EQ00002810,L2,LOTO,True,True,False,Maintenance
EMP016512,EQ00002810,L3,LOTO,False,False,False,Operator
EMP019255,EQ00002810,L2,LOTO,False,False,False,Inspector
EMP043386,EQ00002810,L3,LOTO,False,False,False,Inspector
EMP046697,EQ00001934,L5,Control Systems,True,True,True,Inspector
EMP023436,EQ00001934,L4,Control Systems,False,False,False,Supervisor
EMP012028,EQ00001934,L4,Control Systems,False,False,False,Inspector
EMP020107,EQ00001934,L5,Control Systems,True,True,True,Supervisor
EMP045092,EQ00001934,L3,Control Systems,False,True,False,Supervisor
EMP045854,EQ00001934,L4,Control Systems,False,True,False,Inspector
EMP040357,EQ00001934,L6,Control Systems,True,False,False,Inspector
EMP003791,EQ00001429,L3,LOTO,False,True,False,Supervisor
EMP019181,EQ00001429,L5,LOTO,True,True,True,Supervisor
EMP036105,EQ00001429,L4,LOTO,True,False,False,Maintenance
EMP001229,EQ00001429,L6,LOTO,True,False,False,Operator
EMP034879,EQ00001429,L3,LOTO,False,False,False,Operator
EMP027549,EQ00001429,L4,LOTO,False,False,False,Supervisor
EMP037568,EQ00001429,L4,LOTO,True,False,False,Operator
EMP033918,EQ00001154,L3,Lifting Operations,False,True,False,Inspector
EMP026466,EQ00001154,L3,Lifting Operations,False,False,False,Supervisor
EMP020313,EQ00001154,L3,Lifting Operations,False,False,False,Supervisor
EMP021984,EQ00001154,L4,Lifting Operations,False,False,False,Supervisor
EMP036997,EQ00000906,L2,Emergency Response,False,False,False,Maintenance
EMP041888,EQ00000906,L4,Emergency Response,True,False,False,Supervisor
EMP046850,EQ00000906,L4,Emergency Response,False,False,False,Supervisor
EMP009012,EQ00000906,L3,Emergency Response,False,False,False,Inspector
EMP040398,EQ00000906,L4,Emergency Response,False,False,False,Inspector
EMP040472,EQ00000906,L5,Emergency Response,True,True,True,Inspector
EMP034058,EQ00000906,L2,Emergency Response,False,False,False,Maintenance
EMP042926,EQ00000906,L3,Emergency Response,False,False,False,Maintenance
EMP045918,EQ00000744,L4,Electrical Safety,False,True,False,Inspector
EMP002607,EQ00000744,L2,Electrical Safety,True,False,False,Inspector
EMP030151,EQ00002119,L3,Permit to Work,False,True,False,Supervisor
EMP009112,EQ00002119,L4,Permit to Work,False,False,False,Maintenance
EMP026907,EQ00002119,L3,Permit to Work,False,False,False,Operator
EMP027444,EQ00002119,L4,Permit to Work,True,False,False,Operator
EMP048864,EQ00002119,L3,Permit to Work,True,False,False,Supervisor
EMP026710,EQ00002764,L4,Journey Management,False,True,False,Supervisor
EMP018937,EQ00002764,L4,Journey Management,False,False,False,Operator
EMP025307,EQ00002764,L4,Journey Management,False,False,False,Supervisor
EMP044997,EQ00002764,L3,Journey Management,False,False,False,Operator
EMP046438,EQ00001076,L5,Permit to Work,True,False,False,Inspector
EMP039709,EQ00001076,L3,Permit to Work,False,False,False,Supervisor
EMP032524,EQ00001076,L4,Permit to Work,False,False,False,Operator
EMP033340,EQ00001076,L2,Permit to Work,False,False,False,Operator
EMP018759,EQ00001076,L4,Permit to Work,True,False,False,Operator
EMP040424,EQ00001076,L3,Permit to Work,False,False,False,Supervisor
EMP039349,EQ00000655,L4,Rotating Equipment,True,True,True,Inspector
EMP009238,EQ00000655,L2,Rotating Equipment,False,False,False,Supervisor
EMP047009,EQ00000655,L3,Rotating Equipment,True,False,False,Supervisor
EMP025228,EQ00000655,L4,Rotating Equipment,True,True,True,Inspector
EMP023440,EQ00001319,L4,Hydrotest Safety,True,True,True,Inspector
EMP009892,EQ00001319,L2,Hydrotest Safety,False,False,False,Maintenance
EMP013412,EQ00000060,L3,Permit to Work,False,False,False,Operator
EMP001912,EQ00000060,L5,Permit to Work,True,True,True,Supervisor
EMP000259,EQ00000060,L4,Permit to Work,False,False,False,Supervisor
EMP014621,EQ00000060,L5,Permit to Work,True,True,True,Inspector
EMP014592,EQ00000060,L6,Permit to Work,True,True,True,Operator
EMP038627,EQ00000060,L3,Permit to Work,False,False,False,Supervisor
EMP011516,EQ00000060,L4,Permit to Work,False,False,False,Inspector
EMP017823,EQ00002656,L4,LOTO,False,False,False,Inspector
EMP046852,EQ00002656,L3,LOTO,False,False,False,Supervisor
EMP030242,EQ00002656,L3,LOTO,False,False,False,Maintenance
EMP006395,EQ00002656,L6,LOTO,True,True,True,Maintenance
EMP039859,EQ00002656,L4,LOTO,False,False,False,Supervisor
EMP030163,EQ00002656,L6,LOTO,True,False,False,Operator
EMP037617,EQ00002656,L4,LOTO,False,False,False,Maintenance
EMP049421,EQ00002604,L3,Defensive Driving,False,False,False,Maintenance
EMP008624,EQ00002604,L5,Defensive Driving,True,False,False,Operator
EMP020185,EQ00002604,L3,Defensive Driving,False,False,False,Maintenance
EMP045870,EQ00002604,L2,Defensive Driving,True,False,False,Inspector
EMP008953,EQ00002604,L2,Defensive Driving,True,True,False,Operator
EMP009239,EQ00002604,L3,Defensive Driving,False,False,False,Maintenance
EMP023212,EQ00002604,L3,Defensive Driving,False,True,False,Maintenance
EMP027296,EQ00000471,L4,Lifting Gear Inspection,False,False,False,Inspector
EMP039789,EQ00000471,L2,Lifting Gear Inspection,False,False,False,Supervisor
EMP027404,EQ00001601,L2,Permit to Work,True,False,False,Operator
EMP028687,EQ00001601,L3,Permit to Work,False,False,False,Inspector
EMP006322,EQ00002430,L3,LOTO,False,True,False,Maintenance
EMP014800,EQ00002430,L4,LOTO,False,True,False,Inspector
EMP014607,EQ00000548,L4,Rotating Equipment,False,False,False,Operator
EMP027118,EQ00000548,L5,Rotating Equipment,True,False,False,Maintenance
EMP030107,EQ00000665,L2,Process Operations,True,False,False,Supervisor
EMP036014,EQ00000665,L4,Process Operations,False,True,False,Maintenance
EMP043149,EQ00000665,L3,Process Operations,False,False,False,Maintenance
EMP000772,EQ00000665,L5,Process Operations,True,True,True,Operator
EMP006958,EQ00000665,L4,Process Operations,False,False,False,Inspector
EMP038105,EQ00000665,L2,Process Operations,False,False,False,Supervisor
EMP004251,EQ00000665,L3,Process Operations,False,False,False,Inspector
EMP030671,EQ00002236,L3,Line of Fire Awareness,False,False,False,Inspector
EMP032953,EQ00002236,L5,Line of Fire Awareness,False,True,False,Inspector
EMP009565,EQ00002236,L3,Line of Fire Awareness,False,False,False,Inspector
EMP038314,EQ00002236,L2,Line of Fire Awareness,True,True,False,Operator
EMP046778,EQ00001491,L2,Line of Fire Awareness,False,False,False,Inspector
EMP005719,EQ00001491,L2,Line of Fire Awareness,False,False,False,Supervisor
EMP018092,EQ00001491,L4,Line of Fire Awareness,False,False,False,Inspector
EMP046834,EQ00001491,L3,Line of Fire Awareness,True,True,False,Maintenance
EMP036237,EQ00002309,L3,Environmental Monitoring,False,True,False,Operator
EMP036240,EQ00002309,L3,Environmental Monitoring,False,False,False,Maintenance
EMP018865,EQ00002309,L4,Environmental Monitoring,False,False,False,Inspector
EMP040633,EQ00002309,L2,Environmental Monitoring,False,False,False,Inspector
EMP023538,EQ00002309,L6,Environmental Monitoring,True,True,True,Supervisor
EMP021146,EQ00002309,L4,Environmental Monitoring,False,False,False,Supervisor
EMP014953,EQ00002309,L4,Environmental Monitoring,False,True,False,Supervisor
EMP038284,EQ00001573,L2,Permit to Work,False,True,False,Maintenance
EMP027137,EQ00001573,L4,Permit to Work,False,False,False,Operator
EMP011489,EQ00001573,L4,Permit to Work,False,False,False,Operator
EMP038560,EQ00001573,L4,Permit to Work,False,True,False,Inspector
EMP000341,EQ00001573,L3,Permit to Work,True,False,False,Supervisor
EMP009860,EQ00001573,L2,Permit to Work,False,True,False,Inspector
EMP016323,EQ00001573,L6,Permit to Work,True,True,True,Maintenance
EMP017202,EQ00001107,L4,Pressure Vessel Safety,False,False,False,Maintenance
EMP049538,EQ00001107,L5,Pressure Vessel Safety,True,True,True,Supervisor
EMP003047,EQ00001107,L3,Pressure Vessel Safety,False,True,False,Operator
EMP009455,EQ00001107,L5,Pressure Vessel Safety,True,True,True,Operator
EMP037579,EQ00001995,L3,Lifting Gear Inspection,True,False,False,Operator
EMP033742,EQ00001995,L6,Lifting Gear Inspection,True,True,True,Maintenance
EMP003149,EQ00001995,L4,Lifting Gear Inspection,False,False,False,Maintenance
EMP037147,EQ00001995,L3,Lifting Gear Inspection,False,True,False,Operator
EMP015335,EQ00001995,L4,Lifting Gear Inspection,False,False,False,Maintenance
EMP036804,EQ00001995,L3,Lifting Gear Inspection,False,False,False,Operator
EMP024115,EQ00000940,L3,Gas Testing,True,False,False,Supervisor
EMP003532,EQ00000940,L4,Gas Testing,True,True,True,Inspector
EMP017243,EQ00000940,L3,Gas Testing,False,False,False,Inspector
EMP022187,EQ00000940,L3,Gas Testing,True,True,False,Inspector
EMP008198,EQ00000940,L3,Gas Testing,False,False,False,Maintenance
EMP009780,EQ00002234,L4,LOTO,False,True,False,Inspector
EMP049777,EQ00002234,L4,LOTO,False,False,False,Maintenance
EMP044705,EQ00002234,L3,LOTO,False,True,False,Inspector
EMP027419,EQ00002234,L3,LOTO,True,False,False,Operator
EMP021445,EQ00002234,L3,LOTO,False,False,False,Operator
EMP014751,EQ00002234,L3,LOTO,False,False,False,Operator
EMP036497,EQ00000420,L3,Line of Fire Awareness,False,True,False,Supervisor
EMP021587,EQ00000420,L4,Line of Fire Awareness,False,True,False,Maintenance
EMP033934,EQ00000420,L2,Line of Fire Awareness,False,False,False,Operator
EMP021541,EQ00000420,L4,Line of Fire Awareness,True,True,True,Maintenance
EMP034552,EQ00000420,L6,Line of Fire Awareness,True,True,True,Maintenance
EMP036126,EQ00000420,L5,Line of Fire Awareness,True,True,True,Maintenance
EMP006001,EQ00000420,L4,Line of Fire Awareness,True,True,True,Supervisor
EMP041220,EQ00001884,L6,Motor Maintenance,True,True,True,Maintenance
EMP042424,EQ00001884,L3,Motor Maintenance,False,False,False,Operator
EMP021358,EQ00001884,L3,Motor Maintenance,False,False,False,Operator
EMP040529,EQ00001161,L3,Motor Maintenance,False,False,False,Operator
EMP021740,EQ00001161,L2,Motor Maintenance,False,False,False,Operator
EMP018338,EQ00001161,L3,Motor Maintenance,True,False,False,Maintenance
EMP028656,EQ00002432,L4,Mechanical Inspection,True,True,True,Supervisor
EMP036199,EQ00002432,L2,Mechanical Inspection,False,True,False,Operator
EMP003106,EQ00002432,L3,Mechanical Inspection,False,False,False,Inspector
EMP044183,EQ00002432,L5,Mechanical Inspection,True,True,True,Operator
EMP021885,EQ00002432,L2,Mechanical Inspection,False,False,False,Supervisor
EMP039532,EQ00002341,L3,LOTO,True,True,False,Maintenance
EMP023881,EQ00002341,L4,LOTO,False,False,False,Supervisor
EMP014519,EQ00002341,L6,LOTO,True,True,True,Inspector
EMP014790,EQ00002442,L5,Valve Maintenance,True,True,True,Inspector
EMP003792,EQ00002442,L2,Valve Maintenance,False,False,False,Supervisor
EMP045652,EQ00002442,L5,Valve Maintenance,True,True,True,Maintenance
EMP023757,EQ00002442,L3,Valve Maintenance,False,True,False,Inspector
EMP039192,EQ00001957,L3,Permit to Work,False,True,False,Maintenance
EMP042060,EQ00001957,L3,Permit to Work,False,False,False,Maintenance
EMP004492,EQ00001957,L4,Permit to Work,True,True,True,Operator
EMP023624,EQ00001957,L2,Permit to Work,False,True,False,Supervisor
EMP049466,EQ00001957,L3,Permit to Work,False,False,False,Maintenance
EMP029239,EQ00001957,L3,Permit to Work,True,False,False,Inspector
EMP032399,EQ00001957,L2,Permit to Work,False,False,False,Supervisor
EMP009966,EQ00001957,L4,Permit to Work,True,True,True,Inspector
EMP038915,EQ00000519,L2,Process Safety,True,False,False,Inspector
EMP044044,EQ00000519,L3,Process Safety,False,True,False,Supervisor
EMP011985,EQ00000519,L3,Process Safety,True,False,False,Operator
EMP031182,EQ00000519,L4,Process Safety,True,False,False,Operator
EMP028472,EQ00000519,L4,Process Safety,False,False,False,Operator
EMP035243,EQ00000519,L5,Process Safety,True,True,True,Inspector
EMP039207,EQ00000519,L2,Process Safety,False,False,False,Operator
EMP027086,EQ00002638,L3,LOTO,False,True,False,Supervisor
EMP029379,EQ00002638,L2,LOTO,False,True,False,Supervisor
EMP007192,EQ00000203,L3,Fire Water Systems,False,False,False,Inspector
EMP042861,EQ00000203,L3,Fire Water Systems,False,True,False,Operator
EMP014500,EQ00000203,L3,Fire Water Systems,True,False,False,Inspector
EMP046272,EQ00000203,L6,Fire Water Systems,True,True,True,Supervisor
EMP022019,EQ00000203,L6,Fire Water Systems,True,True,True,Supervisor
EMP023223,EQ00001907,L2,Journey Management,False,False,False,Maintenance
EMP001965,EQ00001907,L4,Journey Management,False,False,False,Maintenance
EMP047988,EQ00001907,L4,Journey Management,False,False,False,Maintenance
EMP006885,EQ00001907,L6,Journey Management,True,False,False,Maintenance
EMP012902,EQ00001907,L3,Journey Management,False,True,False,Maintenance
EMP015326,EQ00001907,L4,Journey Management,False,False,False,Operator
EMP003444,EQ00001245,L6,Wastewater Operations,True,False,False,Operator
EMP000784,EQ00001245,L3,Wastewater Operations,False,False,False,Maintenance
EMP043767,EQ00001245,L2,Wastewater Operations,True,False,False,Operator
EMP042802,EQ00001245,L3,Wastewater Operations,False,False,False,Maintenance
EMP029283,EQ00001245,L5,Wastewater Operations,True,False,False,Inspector
EMP006656,EQ00001245,L3,Wastewater Operations,False,False,False,Operator
EMP040094,EQ00001245,L4,Wastewater Operations,True,True,False,Maintenance
EMP046935,EQ00000066,L4,Lifting Operations,True,True,False,Supervisor
EMP019900,EQ00000066,L3,Lifting Operations,False,True,False,Inspector
EMP044966,EQ00000066,L3,Lifting Operations,False,False,False,Maintenance
EMP022748,EQ00000066,L3,Lifting Operations,True,False,False,Inspector
EMP016630,EQ00000066,L3,Lifting Operations,False,False,False,Maintenance
EMP009414,EQ00001007,L2,Electrical Safety,False,True,False,Maintenance
EMP013787,EQ00001007,L4,Electrical Safety,True,True,False,Inspector
EMP031899,EQ00001007,L3,Electrical Safety,False,False,False,Supervisor
EMP036894,EQ00001007,L2,Electrical Safety,False,False,False,Operator
EMP018251,EQ00001007,L2,Electrical Safety,False,False,False,Inspector
EMP034200,EQ00000340,L2,Welding Safety,False,False,False,Inspector
EMP014370,EQ00000340,L4,Welding Safety,False,False,False,Supervisor
EMP021816,EQ00000340,L4,Welding Safety,False,False,False,Supervisor
EMP004616,EQ00000340,L3,Welding Safety,False,True,False,Maintenance
EMP010193,EQ00000340,L2,Welding Safety,True,True,False,Operator
EMP018208,EQ00000340,L4,Welding Safety,False,False,False,Inspector
EMP007552,EQ00001367,L3,Permit to Work,False,False,False,Operator
EMP025177,EQ00001367,L6,Permit to Work,True,True,True,Inspector
EMP002546,EQ00001367,L3,Permit to Work,False,False,False,Maintenance
EMP032466,EQ00001367,L5,Permit to Work,True,True,True,Operator
EMP040008,EQ00001367,L3,Permit to Work,False,False,False,Supervisor
EMP016257,EQ00001674,L4,Permit to Work,True,True,True,Inspector
EMP032586,EQ00001674,L3,Permit to Work,True,True,True,Inspector
EMP028393,EQ00001674,L5,Permit to Work,True,True,True,Inspector
EMP015057,EQ00001674,L2,Permit to Work,False,False,False,Maintenance
EMP027462,EQ00000693,L2,Permit to Work,False,False,False,Inspector
EMP047732,EQ00000693,L3,Permit to Work,False,False,False,Maintenance
EMP027006,EQ00000693,L2,Permit to Work,True,True,False,Supervisor
EMP001633,EQ00000693,L4,Permit to Work,False,True,False,Inspector
EMP030141,EQ00000693,L5,Permit to Work,True,False,False,Maintenance
EMP035856,EQ00000693,L5,Permit to Work,True,True,True,Inspector
EMP024626,EQ00000693,L2,Permit to Work,False,False,False,Maintenance
EMP012276,EQ00000046,L3,Process Isolation,False,False,False,Maintenance
EMP023776,EQ00000046,L3,Process Isolation,False,True,False,Supervisor
EMP027867,EQ00000046,L3,Process Isolation,False,False,False,Operator
EMP000804,EQ00000046,L4,Process Isolation,False,False,False,Operator
EMP041875,EQ00000046,L2,Process Isolation,True,False,False,Operator
EMP045423,EQ00001563,L2,Gas Testing,False,False,False,Maintenance
EMP041580,EQ00001563,L3,Gas Testing,False,False,False,Maintenance
EMP044585,EQ00001563,L3,Gas Testing,False,True,False,Operator
EMP003646,EQ00001563,L2,Gas Testing,False,False,False,Supervisor
EMP014942,EQ00000101,L3,Isolation/LOTO,True,False,False,Inspector
EMP026679,EQ00000101,L4,Isolation/LOTO,True,False,False,Maintenance
EMP018737,EQ00000101,L3,Isolation/LOTO,False,False,False,Operator
EMP025723,EQ00000101,L3,Isolation/LOTO,False,False,False,Operator
EMP037549,EQ00000101,L6,Isolation/LOTO,False,True,False,Inspector
EMP029064,EQ00000101,L3,Isolation/LOTO,True,False,False,Inspector
EMP008768,EQ00000101,L2,Isolation/LOTO,True,False,False,Supervisor
EMP021538,EQ00001285,L2,Vibration Monitoring,False,False,False,Operator
EMP045927,EQ00001285,L2,Vibration Monitoring,True,False,False,Maintenance
EMP019319,EQ00000017,L6,Valve Maintenance,True,True,True,Maintenance
EMP046125,EQ00000017,L4,Valve Maintenance,False,False,False,Operator
EMP048853,EQ00000017,L4,Valve Maintenance,False,False,False,Inspector
EMP023004,EQ00000017,L3,Valve Maintenance,False,False,False,Maintenance
EMP048592,EQ00001386,L2,Valve Maintenance,False,True,False,Inspector
EMP009329,EQ00001386,L3,Valve Maintenance,True,False,False,Maintenance
EMP023149,EQ00001386,L6,Valve Maintenance,True,True,True,Inspector
EMP003329,EQ00001386,L2,Valve Maintenance,False,True,False,Maintenance
EMP023295,EQ00001386,L5,Valve Maintenance,True,True,True,Inspector
EMP026717,EQ00001386,L2,Valve Maintenance,False,False,False,Maintenance
EMP025956,EQ00001386,L3,Valve Maintenance,False,False,False,Inspector
EMP047235,EQ00000635,L4,Pressure Vessel Safety,True,False,False,Inspector
EMP009055,EQ00000635,L4,Pressure Vessel Safety,False,False,False,Maintenance
EMP006656,EQ00000635,L3,Pressure Vessel Safety,False,False,False,Maintenance
EMP044501,EQ00000635,L6,Pressure Vessel Safety,True,True,True,Operator
EMP002118,EQ00000264,L4,Lifting Gear Inspection,False,False,False,Operator
EMP000288,EQ00000264,L4,Lifting Gear Inspection,False,True,False,Operator
EMP000297,EQ00000264,L4,Lifting Gear Inspection,False,False,False,Operator
EMP002696,EQ00000264,L3,Lifting Gear Inspection,False,False,False,Supervisor
EMP048748,EQ00000264,L2,Lifting Gear Inspection,False,True,False,Maintenance
EMP005981,EQ00000264,L4,Lifting Gear Inspection,False,False,False,Inspector
EMP025616,EQ00000344,L3,Hazardous Material Transport,True,False,False,Operator
EMP014729,EQ00000344,L5,Hazardous Material Transport,True,True,True,Maintenance
EMP029732,EQ00000344,L3,Hazardous Material Transport,False,True,False,Supervisor
EMP004884,EQ00000344,L3,Hazardous Material Transport,False,False,False,Inspector
EMP013294,EQ00000344,L2,Hazardous Material Transport,True,False,False,Supervisor
EMP042988,EQ00000296,L3,Well Control,False,False,False,Supervisor
EMP000319,EQ00000296,L2,Well Control,False,False,False,Operator
EMP020857,EQ00000296,L3,Well Control,False,True,False,Inspector
EMP023045,EQ00002274,L4,Process Isolation,True,True,True,Operator
EMP001710,EQ00002274,L4,Process Isolation,True,True,True,Supervisor
EMP019264,EQ00002274,L2,Process Isolation,False,False,False,Operator
EMP047965,EQ00002274,L5,Process Isolation,True,True,True,Maintenance
EMP016314,EQ00002274,L3,Process Isolation,True,True,True,Inspector
EMP039939,EQ00002686,L2,Isolation/LOTO,False,False,False,Inspector
EMP043310,EQ00002686,L3,Isolation/LOTO,False,False,False,Operator
EMP018767,EQ00002668,L4,Rig Floor Safety,True,True,True,Inspector
EMP014548,EQ00002668,L4,Rig Floor Safety,True,True,True,Supervisor
EMP027980,EQ00002668,L6,Rig Floor Safety,True,True,True,Supervisor
EMP023077,EQ00002668,L3,Rig Floor Safety,True,True,True,Maintenance
EMP037025,EQ00002668,L4,Rig Floor Safety,True,True,True,Operator
EMP041156,EQ00001632,L4,Permit to Work,False,False,False,Maintenance
EMP009803,EQ00001632,L2,Permit to Work,False,False,False,Supervisor
EMP025560,EQ00001632,L4,Permit to Work,False,False,False,Inspector
EMP028575,EQ00000971,L2,Journey Management,False,False,False,Operator
EMP007831,EQ00000971,L3,Journey Management,True,False,False,Maintenance
EMP010224,EQ00000971,L3,Journey Management,True,False,False,Maintenance
EMP047109,EQ00000971,L4,Journey Management,True,True,True,Maintenance
EMP011491,EQ00000971,L6,Journey Management,True,True,True,Inspector
EMP021315,EQ00000971,L4,Journey Management,True,True,True,Supervisor
EMP029389,EQ00001157,L4,LOTO,True,True,True,Inspector
EMP019983,EQ00001157,L5,LOTO,True,False,False,Operator
EMP046709,EQ00001157,L2,LOTO,False,False,False,Inspector
EMP047681,EQ00000370,L3,Well Control,True,False,False,Maintenance
EMP034377,EQ00000370,L2,Well Control,False,False,False,Inspector
EMP008190,EQ00000370,L3,Well Control,False,False,False,Maintenance
EMP023428,EQ00000370,L4,Well Control,False,True,False,Maintenance
EMP006634,EQ00000370,L4,Well Control,True,False,False,Operator
EMP045919,EQ00000370,L3,Well Control,False,True,False,Maintenance
EMP047160,EQ00000370,L2,Well Control,False,False,False,Maintenance
EMP018547,EQ00000370,L3,Well Control,False,False,False,Supervisor
EMP017376,EQ00002534,L5,Gas Detection,True,True,True,Operator
EMP000369,EQ00002534,L3,Gas Detection,False,False,False,Maintenance
EMP033285,EQ00002534,L2,Gas Detection,True,False,False,Inspector
EMP032938,EQ00002534,L5,Gas Detection,True,False,False,Maintenance
EMP009961,EQ00000355,L4,Drilling Operations,False,False,False,Operator
EMP014376,EQ00000355,L5,Drilling Operations,True,True,True,Operator
EMP048838,EQ00000355,L3,Drilling Operations,False,False,False,Supervisor
EMP016461,EQ00000355,L2,Drilling Operations,False,False,False,Supervisor
EMP006936,EQ00000355,L3,Drilling Operations,True,False,False,Operator
EMP010440,EQ00000642,L3,Pressure Testing,False,False,False,Supervisor
EMP039401,EQ00000642,L4,Pressure Testing,True,False,False,Maintenance
EMP004458,EQ00000642,L2,Pressure Testing,False,False,False,Operator
EMP014585,EQ00000642,L4,Pressure Testing,False,False,False,Supervisor
EMP010533,EQ00000642,L6,Pressure Testing,True,True,True,Inspector
EMP007341,EQ00000642,L6,Pressure Testing,True,True,True,Operator
EMP045635,EQ00000576,L2,Rig Floor Safety,False,False,False,Supervisor
EMP045010,EQ00000576,L4,Rig Floor Safety,False,False,False,Supervisor
EMP030544,EQ00000576,L3,Rig Floor Safety,False,False,False,Inspector
EMP038613,EQ00002477,L4,Process Isolation,True,False,False,Maintenance
EMP038398,EQ00002477,L5,Process Isolation,True,True,True,Operator
EMP006853,EQ00002629,L5,Rig Floor Safety,False,True,False,Supervisor
EMP007988,EQ00002629,L3,Rig Floor Safety,True,False,False,Maintenance
EMP012432,EQ00002629,L2,Rig Floor Safety,False,True,False,Operator
EMP044719,EQ00002629,L5,Rig Floor Safety,True,True,True,Maintenance
EMP004702,EQ00002629,L2,Rig Floor Safety,False,False,False,Operator
EMP038422,EQ00002629,L3,Rig Floor Safety,True,True,False,Supervisor
EMP047165,EQ00002629,L2,Rig Floor Safety,False,False,False,Maintenance
EMP033369,EQ00000451,L4,Journey Management,False,False,False,Inspector
EMP041126,EQ00000451,L4,Journey Management,False,True,False,Supervisor
EMP019698,EQ00000150,L4,Welding Safety,False,False,False,Supervisor
EMP020371,EQ00000150,L2,Welding Safety,False,False,False,Supervisor
EMP036119,EQ00000150,L3,Welding Safety,False,False,False,Supervisor
EMP015296,EQ00000150,L4,Welding Safety,False,False,False,Supervisor
EMP018147,EQ00000150,L4,Welding Safety,False,False,False,Inspector
EMP008780,EQ00000150,L3,Welding Safety,True,False,False,Inspector
EMP040021,EQ00000150,L2,Welding Safety,True,True,False,Inspector
EMP037804,EQ00002251,L3,Wastewater Operations,False,False,False,Supervisor
EMP028558,EQ00002251,L3,Wastewater Operations,False,True,False,Supervisor
EMP010019,EQ00002251,L2,Wastewater Operations,True,False,False,Inspector
EMP036334,EQ00002251,L6,Wastewater Operations,False,True,False,Inspector
EMP011113,EQ00002251,L2,Wastewater Operations,False,False,False,Maintenance
EMP036266,EQ00001788,L3,Line of Fire Awareness,True,False,False,Supervisor
EMP040107,EQ00001788,L3,Line of Fire Awareness,False,False,False,Maintenance
EMP040016,EQ00001652,L3,Permit to Work,True,False,False,Maintenance
EMP012729,EQ00001652,L4,Permit to Work,False,False,False,Operator
EMP011093,EQ00001652,L2,Permit to Work,True,False,False,Supervisor
EMP008249,EQ00001652,L5,Permit to Work,True,False,False,Maintenance
EMP048122,EQ00001652,L3,Permit to Work,False,False,False,Supervisor
EMP018719,EQ00001652,L3,Permit to Work,False,False,False,Inspector
EMP014824,EQ00001652,L3,Permit to Work,False,False,False,Operator
EMP020920,EQ00001652,L3,Permit to Work,False,False,False,Operator
EMP016539,EQ00002421,L4,Isolation/LOTO,False,True,False,Maintenance
EMP005259,EQ00002421,L3,Isolation/LOTO,True,False,False,Operator
EMP009037,EQ00002421,L2,Isolation/LOTO,False,False,False,Inspector
EMP001825,EQ00002421,L4,Isolation/LOTO,True,False,False,Inspector
EMP045692,EQ00002421,L4,Isolation/LOTO,False,False,False,Inspector
EMP047422,EQ00002421,L4,Isolation/LOTO,False,False,False,Maintenance
EMP037499,EQ00000785,L3,Wastewater Operations,False,False,False,Inspector
EMP047404,EQ00000785,L3,Wastewater Operations,False,False,False,Maintenance
EMP021374,EQ00000785,L2,Wastewater Operations,False,False,False,Operator
EMP042753,EQ00000785,L5,Wastewater Operations,True,True,True,Operator
EMP038348,EQ00000785,L3,Wastewater Operations,False,False,False,Operator
EMP002906,EQ00000785,L2,Wastewater Operations,True,True,False,Maintenance
EMP031903,EQ00000785,L4,Wastewater Operations,False,True,False,Inspector
EMP021038,EQ00000785,L3,Wastewater Operations,True,True,False,Operator
EMP042924,EQ00000288,L3,Gas Detection,False,True,False,Inspector
EMP031934,EQ00000288,L3,Gas Detection,False,False,False,Maintenance
EMP040404,EQ00000288,L5,Gas Detection,True,True,True,Operator
EMP049173,EQ00000746,L5,Machine Tool Operation,True,True,True,Operator
EMP030405,EQ00000746,L5,Machine Tool Operation,True,False,False,Inspector
EMP033695,EQ00000746,L3,Machine Tool Operation,False,False,False,Inspector
EMP037627,EQ00000746,L2,Machine Tool Operation,False,True,False,Maintenance
EMP044284,EQ00000746,L3,Machine Tool Operation,True,False,False,Supervisor
EMP043579,EQ00000746,L3,Machine Tool Operation,True,True,False,Operator
EMP021352,EQ00000746,L4,Machine Tool Operation,False,True,False,Inspector
EMP045533,EQ00001175,L2,Workshop Safety,False,False,False,Inspector
EMP011635,EQ00001175,L3,Workshop Safety,True,True,True,Maintenance
EMP037926,EQ00001175,L5,Workshop Safety,True,True,True,Inspector
EMP010613,EQ00000912,L2,Fire Fighting,False,True,False,Supervisor
EMP025087,EQ00000912,L5,Fire Fighting,True,True,True,Operator
EMP047847,EQ00001524,L2,Permit to Work,False,False,False,Supervisor
EMP026737,EQ00001524,L6,Permit to Work,True,True,True,Supervisor
EMP042930,EQ00002771,L3,Well Control,False,False,False,Supervisor
EMP007224,EQ00002771,L3,Well Control,False,False,False,Operator
EMP035817,EQ00002771,L3,Well Control,False,False,False,Operator
EMP045025,EQ00002771,L3,Well Control,True,False,False,Maintenance
EMP004967,EQ00002771,L6,Well Control,True,True,True,Supervisor
EMP034613,EQ00000986,L4,Pressure Testing,True,False,False,Supervisor
EMP035027,EQ00000986,L2,Pressure Testing,False,False,False,Supervisor
EMP017457,EQ00000986,L6,Pressure Testing,True,True,True,Inspector
EMP034562,EQ00000986,L4,Pressure Testing,False,True,False,Operator
EMP007369,EQ00000986,L3,Pressure Testing,True,False,False,Supervisor
EMP000217,EQ00000986,L3,Pressure Testing,False,False,False,Supervisor
EMP049393,EQ00000986,L4,Pressure Testing,True,True,False,Inspector
EMP041684,EQ00002291,L2,Pressure Systems Safety,False,False,False,Operator
EMP045322,EQ00002291,L3,Pressure Systems Safety,True,True,False,Supervisor
EMP016125,EQ00002291,L3,Pressure Systems Safety,False,False,False,Supervisor
EMP000620,EQ00002291,L4,Pressure Systems Safety,True,True,True,Inspector
EMP044280,EQ00002291,L4,Pressure Systems Safety,True,True,True,Inspector
EMP041852,EQ00002291,L2,Pressure Systems Safety,False,False,False,Inspector
EMP041485,EQ00002010,L3,Workshop Safety,False,False,False,Operator
EMP004792,EQ00002010,L6,Workshop Safety,True,True,True,Maintenance
EMP024924,EQ00002010,L6,Workshop Safety,True,True,True,Supervisor
EMP005386,EQ00002010,L3,Workshop Safety,True,False,False,Inspector
EMP028729,EQ00002010,L3,Workshop Safety,False,False,False,Maintenance
EMP021179,EQ00002010,L3,Workshop Safety,True,False,False,Maintenance
EMP024425,EQ00002588,L4,Pressure Vessel Safety,False,False,False,Maintenance
EMP040499,EQ00002588,L4,Pressure Vessel Safety,False,False,False,Maintenance
EMP031936,EQ00002588,L5,Pressure Vessel Safety,True,True,True,Inspector
EMP026636,EQ00002588,L6,Pressure Vessel Safety,True,True,True,Supervisor
EMP009249,EQ00002588,L3,Pressure Vessel Safety,False,False,False,Maintenance
EMP014107,EQ00002298,L4,Drilling Operations,False,False,False,Inspector
EMP000521,EQ00002298,L4,Drilling Operations,True,False,False,Inspector
EMP044887,EQ00002298,L3,Drilling Operations,False,True,False,Inspector
EMP007206,EQ00002298,L3,Drilling Operations,False,False,False,Operator
EMP039873,EQ00002298,L3,Drilling Operations,False,False,False,Operator
EMP044762,EQ00000801,L4,Pressure Testing,True,False,False,Maintenance
EMP000719,EQ00000801,L2,Pressure Testing,True,False,False,Inspector
EMP047004,EQ00000801,L2,Pressure Testing,False,False,False,Inspector
EMP036087,EQ00000801,L3,Pressure Testing,False,False,False,Inspector
EMP006518,EQ00000225,L4,Valve Maintenance,False,True,False,Supervisor
EMP033286,EQ00000225,L5,Valve Maintenance,True,True,True,Supervisor
EMP016818,EQ00000225,L2,Valve Maintenance,False,True,False,Maintenance
EMP023734,EQ00000225,L4,Valve Maintenance,False,False,False,Maintenance
EMP017361,EQ00000225,L4,Valve Maintenance,False,False,False,Supervisor
EMP025998,EQ00000225,L4,Valve Maintenance,False,False,False,Inspector
EMP034840,EQ00000225,L5,Valve Maintenance,True,True,True,Maintenance
EMP035814,EQ00000193,L5,Pipeline Operations,False,False,False,Inspector
EMP003293,EQ00000193,L3,Pipeline Operations,False,False,False,Maintenance
EMP031994,EQ00000193,L3,Pipeline Operations,False,False,False,Inspector
EMP038670,EQ00000193,L2,Pipeline Operations,False,False,False,Supervisor
EMP011526,EQ00000193,L4,Pipeline Operations,False,False,False,Operator
EMP015812,EQ00002311,L2,Arc Flash Awareness,False,False,False,Operator
EMP033042,EQ00002311,L2,Arc Flash Awareness,False,False,False,Operator
EMP041239,EQ00002311,L3,Arc Flash Awareness,False,False,False,Maintenance
EMP011463,EQ00002311,L4,Arc Flash Awareness,False,False,False,Operator
EMP048108,EQ00002311,L5,Arc Flash Awareness,True,True,True,Operator
EMP042214,EQ00000537,L6,Calibration,True,True,True,Inspector
EMP012032,EQ00000537,L3,Calibration,False,False,False,Inspector
EMP035518,EQ00000537,L5,Calibration,True,True,True,Supervisor
EMP045994,EQ00000537,L4,Calibration,True,True,True,Maintenance
EMP040356,EQ00000537,L3,Calibration,False,False,False,Maintenance
EMP029904,EQ00000537,L3,Calibration,False,False,False,Operator
EMP002193,EQ00000537,L4,Calibration,True,False,False,Maintenance
EMP013472,EQ00001921,L4,Well Control,True,False,False,Operator
EMP011161,EQ00001921,L3,Well Control,False,True,False,Maintenance
EMP028397,EQ00001921,L4,Well Control,False,False,False,Maintenance
EMP032427,EQ00002512,L5,LOTO,True,False,False,Supervisor
EMP000547,EQ00002512,L2,LOTO,False,False,False,Supervisor
EMP037721,EQ00001622,L3,Fire Water Systems,False,False,False,Inspector
EMP043073,EQ00001622,L4,Fire Water Systems,False,True,False,Inspector
EMP027595,EQ00001622,L4,Fire Water Systems,False,False,False,Operator
EMP047986,EQ00001858,L4,Lifting Operations,True,True,True,Maintenance
EMP024789,EQ00001858,L3,Lifting Operations,True,False,False,Inspector
EMP038874,EQ00001858,L2,Lifting Operations,False,False,False,Inspector
EMP008112,EQ00001858,L3,Lifting Operations,True,True,True,Inspector
EMP020810,EQ00001642,L5,Line of Fire Awareness,True,False,False,Supervisor
EMP009403,EQ00001642,L4,Line of Fire Awareness,True,True,True,Inspector
EMP049298,EQ00000283,L2,Fire Fighting,False,False,False,Inspector
EMP012023,EQ00000283,L5,Fire Fighting,True,False,False,Supervisor
EMP028114,EQ00000283,L6,Fire Fighting,False,True,False,Inspector
EMP010613,EQ00000283,L2,Fire Fighting,True,False,False,Inspector
EMP005428,EQ00000283,L3,Fire Fighting,False,True,False,Inspector
EMP003198,EQ00000283,L5,Fire Fighting,True,True,True,Supervisor
EMP006185,EQ00001376,L2,Mechanical Inspection,False,False,False,Operator
EMP008483,EQ00001376,L5,Mechanical Inspection,True,True,True,Operator
EMP020750,EQ00001376,L3,Mechanical Inspection,False,True,False,Maintenance
EMP015446,EQ00001376,L3,Mechanical Inspection,False,False,False,Maintenance
EMP013852,EQ00001376,L4,Mechanical Inspection,False,False,False,Inspector
EMP023234,EQ00001376,L3,Mechanical Inspection,True,False,False,Maintenance
EMP018619,EQ00001108,L3,Welding Safety,True,False,False,Maintenance
EMP024151,EQ00001108,L4,Welding Safety,False,True,False,Operator
EMP031645,EQ00001108,L2,Welding Safety,False,False,False,Supervisor
EMP037531,EQ00001108,L2,Welding Safety,False,True,False,Maintenance
EMP003805,EQ00001108,L3,Welding Safety,False,True,False,Supervisor
EMP026831,EQ00002621,L5,Line of Fire Awareness,True,True,True,Operator
EMP044770,EQ00002621,L3,Line of Fire Awareness,False,False,False,Supervisor
EMP008520,EQ00002621,L5,Line of Fire Awareness,True,True,True,Maintenance
EMP014732,EQ00002621,L2,Line of Fire Awareness,True,False,False,Maintenance
EMP044048,EQ00002621,L2,Line of Fire Awareness,True,True,False,Maintenance
EMP041324,EQ00002621,L3,Line of Fire Awareness,False,False,False,Operator
EMP024228,EQ00001561,L4,LOTO,True,False,False,Operator
EMP014401,EQ00001561,L2,LOTO,False,False,False,Operator
EMP015953,EQ00001561,L3,LOTO,True,False,False,Maintenance
EMP020348,EQ00001561,L2,LOTO,False,False,False,Supervisor
EMP038358,EQ00001561,L3,LOTO,False,False,False,Maintenance
EMP006391,EQ00001561,L2,LOTO,True,False,False,Inspector
EMP006505,EQ00002406,L2,Process Operations,False,False,False,Inspector
EMP039077,EQ00002406,L3,Process Operations,False,False,False,Maintenance
EMP008007,EQ00002406,L4,Process Operations,False,True,False,Maintenance
EMP044593,EQ00002406,L3,Process Operations,False,False,False,Operator
EMP016194,EQ00002406,L4,Process Operations,True,True,True,Supervisor
EMP017715,EQ00002406,L3,Process Operations,False,False,False,Supervisor
EMP045615,EQ00000738,L4,Switchgear Operation,False,False,False,Supervisor
EMP039178,EQ00000738,L3,Switchgear Operation,False,False,False,Operator
EMP037663,EQ00000738,L4,Switchgear Operation,False,False,False,Inspector
EMP004388,EQ00001651,L2,Vibration Monitoring,True,False,False,Inspector
EMP017734,EQ00001651,L3,Vibration Monitoring,False,False,False,Operator
EMP042238,EQ00000807,L3,Permit to Work,True,False,False,Supervisor
EMP040496,EQ00000807,L6,Permit to Work,True,False,False,Supervisor
EMP000785,EQ00000807,L3,Permit to Work,True,False,False,Supervisor
EMP048441,EQ00000031,L5,SIS/ESD,False,True,False,Operator
EMP021294,EQ00000031,L3,SIS/ESD,True,True,True,Maintenance
EMP006124,EQ00000031,L6,SIS/ESD,True,True,True,Operator
EMP024172,EQ00000031,L3,SIS/ESD,True,True,True,Operator
EMP001835,EQ00002165,L5,Calibration,True,True,True,Inspector
EMP013741,EQ00002165,L3,Calibration,False,True,False,Operator
EMP025910,EQ00002165,L3,Calibration,False,False,False,Inspector
EMP027438,EQ00002165,L4,Calibration,True,False,False,Inspector
EMP009736,EQ00000553,L4,Welding Safety,False,False,False,Operator
EMP020608,EQ00000553,L2,Welding Safety,False,False,False,Operator
EMP001821,EQ00000553,L3,Welding Safety,True,False,False,Inspector
EMP016002,EQ00000553,L2,Welding Safety,False,False,False,Inspector
EMP010757,EQ00000553,L3,Welding Safety,False,False,False,Operator
EMP049612,EQ00000553,L6,Welding Safety,True,True,True,Inspector
EMP043243,EQ00000553,L5,Welding Safety,False,True,False,Operator
EMP017667,EQ00002183,L3,Drilling Operations,False,True,False,Supervisor
EMP030447,EQ00002183,L4,Drilling Operations,False,True,False,Supervisor
EMP048707,EQ00002183,L3,Drilling Operations,False,False,False,Inspector
EMP030697,EQ00002183,L5,Drilling Operations,True,False,False,Inspector
EMP009956,EQ00002183,L3,Drilling Operations,False,True,False,Operator
EMP007699,EQ00002183,L3,Drilling Operations,False,False,False,Inspector
EMP022017,EQ00001626,L4,Permit to Work,False,True,False,Maintenance
EMP016615,EQ00001626,L4,Permit to Work,False,True,False,Supervisor
EMP036510,EQ00001626,L5,Permit to Work,False,True,False,Supervisor
EMP024233,EQ00001626,L2,Permit to Work,False,False,False,Operator
EMP040476,EQ00001626,L5,Permit to Work,True,True,True,Maintenance
EMP034377,EQ00000732,L2,SIS/ESD,False,True,False,Operator
EMP005689,EQ00000732,L2,SIS/ESD,False,False,False,Supervisor
EMP049317,EQ00000732,L4,SIS/ESD,False,False,False,Maintenance
EMP014343,EQ00000732,L2,SIS/ESD,True,False,False,Inspector
EMP008304,EQ00000732,L3,SIS/ESD,False,False,False,Maintenance
EMP015452,EQ00000732,L3,SIS/ESD,True,True,False,Operator
EMP003619,EQ00001466,L4,Vehicle Inspection,True,False,False,Inspector
EMP029693,EQ00001466,L4,Vehicle Inspection,True,False,False,Supervisor
EMP023666,EQ00001466,L5,Vehicle Inspection,True,True,True,Maintenance
EMP006153,EQ00001466,L2,Vehicle Inspection,False,False,False,Operator
EMP034675,EQ00001466,L4,Vehicle Inspection,False,False,False,Maintenance
EMP012513,EQ00001466,L2,Vehicle Inspection,True,False,False,Maintenance
EMP045358,EQ00000100,L3,Hot Work,True,False,False,Operator
EMP031791,EQ00000100,L4,Hot Work,False,True,False,Inspector
EMP033627,EQ00000100,L2,Hot Work,False,False,False,Inspector
EMP010335,EQ00000100,L2,Hot Work,False,False,False,Operator
EMP045845,EQ00000100,L3,Hot Work,False,False,False,Supervisor
EMP014097,EQ00001121,L4,Welding Safety,False,False,False,Supervisor
EMP007974,EQ00001121,L5,Welding Safety,True,True,True,Inspector
EMP000887,EQ00001121,L4,Welding Safety,False,False,False,Operator
EMP000476,EQ00001121,L6,Welding Safety,False,True,False,Operator
EMP017755,EQ00001121,L2,Welding Safety,False,False,False,Maintenance
EMP003522,EQ00001856,L3,Control Systems,False,False,False,Maintenance
EMP038598,EQ00001856,L3,Control Systems,False,True,False,Supervisor
EMP021237,EQ00002018,L4,Drilling Operations,True,True,True,Inspector
EMP035200,EQ00002018,L4,Drilling Operations,True,False,False,Operator
EMP008257,EQ00001533,L3,LOTO,True,True,False,Operator
EMP032717,EQ00001533,L2,LOTO,True,False,False,Operator
EMP025545,EQ00001533,L2,LOTO,False,False,False,Inspector
EMP008810,EQ00001533,L2,LOTO,False,False,False,Maintenance
EMP000002,EQ00001533,L6,LOTO,True,True,True,Maintenance
EMP005049,EQ00002338,L3,Valve Maintenance,False,False,False,Maintenance
EMP046463,EQ00002338,L3,Valve Maintenance,True,False,False,Inspector
EMP007672,EQ00002338,L4,Valve Maintenance,True,True,False,Maintenance
EMP034704,EQ00002338,L5,Valve Maintenance,True,True,True,Inspector
EMP043020,EQ00002338,L2,Valve Maintenance,False,False,False,Inspector
EMP003367,EQ00002338,L3,Valve Maintenance,True,False,False,Inspector
EMP012975,EQ00002587,L6,Alignment,False,True,False,Supervisor
EMP006279,EQ00002587,L5,Alignment,True,True,True,Inspector
EMP031174,EQ00002587,L3,Alignment,True,False,False,Operator
EMP009101,EQ00002587,L4,Alignment,True,False,False,Operator
EMP040014,EQ00002587,L5,Alignment,True,True,True,Inspector
EMP000103,EQ00002587,L3,Alignment,False,False,False,Inspector
EMP007816,EQ00002099,L3,Fire Water Systems,False,False,False,Operator
EMP016587,EQ00002099,L2,Fire Water Systems,False,False,False,Supervisor
EMP032546,EQ00002099,L3,Fire Water Systems,False,False,False,Supervisor
EMP032470,EQ00000107,L3,Machine Tool Operation,False,False,False,Inspector
EMP023970,EQ00000107,L3,Machine Tool Operation,True,False,False,Operator
EMP030623,EQ00000107,L5,Machine Tool Operation,True,False,False,Supervisor
EMP047159,EQ00000107,L2,Machine Tool Operation,True,False,False,Maintenance
EMP034557,EQ00000107,L3,Machine Tool Operation,True,False,False,Inspector
EMP036141,EQ00000107,L3,Machine Tool Operation,False,False,False,Operator
EMP040843,EQ00000845,L5,LOTO,True,False,False,Maintenance
EMP018338,EQ00000845,L3,LOTO,False,False,False,Inspector
EMP012328,EQ00000845,L2,LOTO,True,False,False,Maintenance
EMP009919,EQ00001313,L2,Permit to Work,False,False,False,Inspector
EMP031821,EQ00001313,L3,Permit to Work,False,False,False,Inspector
EMP027250,EQ00001313,L4,Permit to Work,True,False,False,Inspector
EMP026125,EQ00001313,L2,Permit to Work,False,False,False,Inspector
EMP033412,EQ00001313,L4,Permit to Work,False,False,False,Operator
EMP015062,EQ00001397,L2,Gas Detection,False,True,False,Inspector
EMP025695,EQ00001397,L3,Gas Detection,True,False,False,Supervisor
EMP015176,EQ00001726,L4,Workshop Safety,True,False,False,Inspector
EMP013218,EQ00001726,L4,Workshop Safety,False,False,False,Maintenance
EMP029815,EQ00001726,L3,Workshop Safety,False,False,False,Inspector
EMP045374,EQ00001726,L2,Workshop Safety,True,True,False,Supervisor
EMP045525,EQ00001726,L2,Workshop Safety,False,False,False,Supervisor
EMP035245,EQ00002147,L3,Vibration Monitoring,False,False,False,Operator
EMP016606,EQ00002147,L4,Vibration Monitoring,True,True,False,Inspector
EMP049437,EQ00002147,L3,Vibration Monitoring,True,False,False,Supervisor
EMP028692,EQ00002147,L3,Vibration Monitoring,False,False,False,Operator
EMP007976,EQ00002147,L2,Vibration Monitoring,False,False,False,Operator
EMP038737,EQ00002147,L3,Vibration Monitoring,False,False,False,Inspector
EMP034497,EQ00002147,L3,Vibration Monitoring,True,False,False,Supervisor
EMP015280,EQ00002191,L6,Crane Operation,True,True,True,Inspector
EMP035496,EQ00002191,L5,Crane Operation,True,True,True,Inspector
EMP008949,EQ00002191,L3,Crane Operation,True,True,False,Supervisor
EMP008896,EQ00002191,L2,Crane Operation,False,False,False,Inspector
EMP010456,EQ00000026,L3,Well Control,False,False,False,Maintenance
EMP040988,EQ00000026,L3,Well Control,False,True,False,Operator
EMP003927,EQ00000026,L4,Well Control,True,True,True,Operator
EMP043562,EQ00000026,L2,Well Control,True,True,False,Inspector
EMP020432,EQ00000863,L3,Pressure Vessel Safety,True,False,False,Maintenance
EMP012372,EQ00000863,L3,Pressure Vessel Safety,True,True,False,Supervisor
EMP038032,EQ00000863,L4,Pressure Vessel Safety,False,False,False,Operator
EMP031896,EQ00000863,L4,Pressure Vessel Safety,True,False,False,Supervisor
EMP029274,EQ00000863,L4,Pressure Vessel Safety,False,True,False,Maintenance
EMP037382,EQ00000863,L3,Pressure Vessel Safety,True,False,False,Operator
EMP022827,EQ00002389,L4,Motor Maintenance,False,False,False,Supervisor
EMP011743,EQ00002389,L3,Motor Maintenance,False,False,False,Supervisor
EMP017934,EQ00002389,L2,Motor Maintenance,False,False,False,Inspector
EMP011263,EQ00002389,L4,Motor Maintenance,False,False,False,Operator
EMP009896,EQ00002389,L2,Motor Maintenance,False,False,False,Maintenance
EMP017317,EQ00002389,L3,Motor Maintenance,False,True,False,Inspector
EMP029491,EQ00002389,L5,Motor Maintenance,True,True,True,Operator
EMP026519,EQ00000893,L5,Lifting Operations,True,True,True,Supervisor
EMP037945,EQ00000893,L3,Lifting Operations,False,False,False,Supervisor
EMP015510,EQ00000893,L3,Lifting Operations,False,True,False,Supervisor
EMP005260,EQ00000893,L5,Lifting Operations,True,True,True,Operator
EMP031324,EQ00000893,L2,Lifting Operations,False,True,False,Operator
EMP026719,EQ00002567,L3,Process Isolation,False,True,False,Inspector
EMP023509,EQ00002567,L4,Process Isolation,False,False,False,Inspector
EMP008800,EQ00002567,L3,Process Isolation,False,True,False,Maintenance
EMP026826,EQ00002567,L2,Process Isolation,False,False,False,Operator
EMP010338,EQ00002567,L3,Process Isolation,False,False,False,Supervisor
EMP041753,EQ00002697,L3,Vibration Monitoring,True,True,True,Maintenance
EMP047575,EQ00002697,L4,Vibration Monitoring,True,True,True,Supervisor
EMP011810,EQ00002697,L2,Vibration Monitoring,False,False,False,Maintenance
EMP018740,EQ00002697,L3,Vibration Monitoring,True,True,True,Supervisor
EMP009662,EQ00002697,L3,Vibration Monitoring,True,True,True,Maintenance
EMP017175,EQ00002697,L2,Vibration Monitoring,False,False,False,Supervisor
EMP031666,EQ00002697,L3,Vibration Monitoring,True,True,True,Supervisor
EMP041624,EQ00002697,L3,Vibration Monitoring,True,True,True,Supervisor
EMP021639,EQ00000958,L5,Lubrication,False,True,False,Inspector
EMP012853,EQ00000958,L5,Lubrication,True,True,True,Operator
EMP020180,EQ00000958,L3,Lubrication,True,False,False,Operator
EMP029189,EQ00000958,L4,Lubrication,True,False,False,Operator
EMP012985,EQ00000958,L3,Lubrication,True,False,False,Maintenance
EMP032476,EQ00000958,L3,Lubrication,False,False,False,Maintenance
EMP028276,EQ00000958,L2,Lubrication,False,False,False,Supervisor
EMP016201,EQ00000958,L4,Lubrication,False,True,False,Operator
EMP041573,EQ00002560,L2,Pipeline Operations,False,False,False,Maintenance
EMP018151,EQ00002560,L4,Pipeline Operations,True,False,False,Supervisor
EMP024669,EQ00002560,L3,Pipeline Operations,False,True,False,Operator
EMP039151,EQ00001442,L2,Calibration,False,False,False,Operator
EMP031683,EQ00001442,L4,Calibration,True,False,False,Operator
EMP035820,EQ00001442,L5,Calibration,True,True,True,Operator
EMP030826,EQ00000679,L3,Gas Testing,False,True,False,Operator
EMP030651,EQ00000679,L2,Gas Testing,True,False,False,Maintenance
EMP039732,EQ00000679,L5,Gas Testing,True,True,True,Maintenance
EMP023630,EQ00000679,L4,Gas Testing,False,False,False,Inspector
EMP025920,EQ00000679,L4,Gas Testing,False,False,False,Supervisor
EMP042548,EQ00001786,L3,Machine Tool Operation,True,False,False,Operator
EMP043636,EQ00001786,L4,Machine Tool Operation,True,True,False,Supervisor
EMP015210,EQ00001786,L2,Machine Tool Operation,False,False,False,Inspector
EMP022343,EQ00001786,L3,Machine Tool Operation,False,False,False,Inspector
EMP004022,EQ00001786,L3,Machine Tool Operation,False,False,False,Operator
EMP045093,EQ00001786,L2,Machine Tool Operation,False,False,False,Maintenance
EMP021408,EQ00001786,L4,Machine Tool Operation,False,False,False,Inspector
EMP044909,EQ00000779,L3,Emergency Response,False,False,False,Inspector
EMP033079,EQ00000779,L2,Emergency Response,False,False,False,Operator
EMP033818,EQ00000779,L4,Emergency Response,False,False,False,Operator
EMP039906,EQ00000779,L4,Emergency Response,True,False,False,Inspector
EMP049219,EQ00000779,L4,Emergency Response,False,False,False,Supervisor
EMP009074,EQ00000779,L3,Emergency Response,False,False,False,Maintenance
EMP032121,EQ00000433,L5,Isolation/LOTO,False,False,False,Supervisor
EMP032981,EQ00000433,L3,Isolation/LOTO,True,False,False,Maintenance
EMP048101,EQ00002472,L4,Hazardous Material Transport,False,False,False,Inspector
EMP044806,EQ00002472,L6,Hazardous Material Transport,True,True,True,Operator
EMP032928,EQ00002472,L3,Hazardous Material Transport,False,False,False,Maintenance
EMP030124,EQ00002472,L2,Hazardous Material Transport,False,False,False,Maintenance
EMP007767,EQ00002163,L3,Electrical Isolation/LOTO,False,False,False,Supervisor
EMP029331,EQ00002163,L4,Electrical Isolation/LOTO,False,False,False,Operator
EMP012687,EQ00002163,L4,Electrical Isolation/LOTO,False,True,False,Operator
EMP026269,EQ00002163,L2,Electrical Isolation/LOTO,False,True,False,Inspector
EMP010698,EQ00002153,L3,Isolation/LOTO,False,False,False,Inspector
EMP026024,EQ00002153,L2,Isolation/LOTO,True,True,False,Inspector
EMP000245,EQ00002153,L2,Isolation/LOTO,True,False,False,Supervisor
EMP044202,EQ00002153,L5,Isolation/LOTO,False,True,False,Operator
EMP046883,EQ00002153,L3,Isolation/LOTO,False,False,False,Supervisor
EMP012359,EQ00002153,L2,Isolation/LOTO,False,False,False,Supervisor
EMP024731,EQ00002153,L4,Isolation/LOTO,True,True,True,Maintenance
EMP003538,EQ00002153,L3,Isolation/LOTO,False,False,False,Maintenance
EMP020379,EQ00000620,L3,Well Control,False,False,False,Operator
EMP015187,EQ00000620,L3,Well Control,False,False,False,Supervisor
EMP024834,EQ00000620,L4,Well Control,False,False,False,Operator
EMP043712,EQ00000620,L4,Well Control,True,False,False,Operator
EMP004570,EQ00000568,L5,Environmental Monitoring,True,True,True,Supervisor
EMP011061,EQ00000568,L4,Environmental Monitoring,False,False,False,Supervisor
EMP007154,EQ00000568,L5,Environmental Monitoring,True,True,True,Supervisor
EMP030773,EQ00000568,L3,Environmental Monitoring,True,False,False,Maintenance
EMP002156,EQ00002434,L3,Fire Fighting,True,False,False,Operator
EMP038426,EQ00002434,L3,Fire Fighting,False,False,False,Supervisor
EMP040904,EQ00002434,L3,Fire Fighting,False,False,False,Inspector
EMP032923,EQ00002434,L3,Fire Fighting,False,False,False,Supervisor
EMP007458,EQ00002434,L3,Fire Fighting,False,False,False,Supervisor
EMP049327,EQ00002434,L5,Fire Fighting,True,True,True,Supervisor
EMP024874,EQ00000148,L3,Well Control,False,False,False,Operator
EMP000776,EQ00000148,L2,Well Control,False,False,False,Operator
EMP037893,EQ00000148,L6,Well Control,True,True,True,Maintenance
EMP017350,EQ00000148,L2,Well Control,False,True,False,Maintenance
EMP049958,EQ00000148,L4,Well Control,True,False,False,Inspector
EMP036565,EQ00000148,L2,Well Control,False,False,False,Operator
EMP020490,EQ00000148,L3,Well Control,True,False,False,Maintenance
EMP009060,EQ00001839,L3,LOTO,True,True,True,Maintenance
EMP043281,EQ00001839,L3,LOTO,True,True,True,Inspector
EMP020814,EQ00001839,L3,LOTO,True,True,True,Maintenance
EMP006578,EQ00001839,L3,LOTO,True,True,True,Maintenance
EMP018477,EQ00001839,L4,LOTO,True,True,True,Maintenance
EMP048641,EQ00001839,L3,LOTO,True,True,True,Operator
EMP034393,EQ00000265,L2,Rotating Equipment,False,True,False,Inspector
EMP009093,EQ00000265,L3,Rotating Equipment,False,False,False,Inspector
EMP009526,EQ00000265,L3,Rotating Equipment,False,True,False,Maintenance
EMP030355,EQ00000265,L3,Rotating Equipment,True,False,False,Inspector
EMP018689,EQ00000265,L3,Rotating Equipment,False,True,False,Supervisor
EMP011526,EQ00000265,L4,Rotating Equipment,True,True,True,Maintenance
EMP017068,EQ00000265,L6,Rotating Equipment,True,True,True,Maintenance
EMP040421,EQ00002135,L4,Isolation/LOTO,True,False,False,Inspector
EMP009516,EQ00002135,L3,Isolation/LOTO,True,False,False,Operator
EMP024343,EQ00002135,L4,Isolation/LOTO,False,False,False,Maintenance
EMP015561,EQ00002135,L4,Isolation/LOTO,False,True,False,Supervisor
EMP012977,EQ00000029,L2,Lifting Gear Inspection,False,False,False,Supervisor
EMP014255,EQ00000029,L5,Lifting Gear Inspection,True,True,True,Inspector
EMP000691,EQ00000029,L3,Lifting Gear Inspection,False,False,False,Operator
EMP035843,EQ00000029,L4,Lifting Gear Inspection,True,True,True,Supervisor
EMP012503,EQ00000029,L3,Lifting Gear Inspection,False,False,False,Supervisor
EMP041750,EQ00000029,L3,Lifting Gear Inspection,False,False,False,Supervisor
EMP015920,EQ00000029,L4,Lifting Gear Inspection,True,True,True,Supervisor
EMP017541,EQ00000029,L3,Lifting Gear Inspection,False,False,False,Maintenance
EMP038723,EQ00000030,L2,Pressure Systems Safety,True,False,False,Supervisor
EMP047820,EQ00000030,L5,Pressure Systems Safety,False,True,False,Supervisor
EMP037484,EQ00000911,L4,Hot Work,True,True,True,Inspector
EMP043414,EQ00000911,L4,Hot Work,True,True,True,Inspector
EMP011982,EQ00000911,L2,Hot Work,True,False,False,Supervisor
EMP020007,EQ00000911,L6,Hot Work,True,True,True,Maintenance
EMP015714,EQ00000911,L5,Hot Work,True,False,False,Supervisor
EMP018068,EQ00000911,L4,Hot Work,True,True,True,Supervisor
EMP030775,EQ00001149,L3,Rig Floor Safety,False,False,False,Inspector
EMP015406,EQ00001149,L3,Rig Floor Safety,True,True,False,Maintenance
EMP030305,EQ00001149,L4,Rig Floor Safety,True,True,True,Supervisor
EMP049163,EQ00001149,L5,Rig Floor Safety,True,True,True,Maintenance
EMP022337,EQ00000751,L5,Hot Work,True,True,True,Inspector
EMP044233,EQ00000751,L5,Hot Work,True,True,True,Inspector
EMP028842,EQ00000751,L4,Hot Work,True,False,False,Maintenance
EMP008779,EQ00000751,L4,Hot Work,True,True,True,Inspector
EMP036291,EQ00000751,L2,Hot Work,False,False,False,Maintenance
EMP046448,EQ00000751,L4,Hot Work,True,True,True,Supervisor
EMP005972,EQ00000751,L3,Hot Work,False,True,False,Operator
EMP046818,EQ00000751,L3,Hot Work,True,False,False,Maintenance
EMP041676,EQ00001258,L2,Mechanical Inspection,True,True,False,Maintenance
EMP002651,EQ00001258,L3,Mechanical Inspection,False,False,False,Operator
EMP041927,EQ00001258,L2,Mechanical Inspection,False,False,False,Supervisor
EMP048070,EQ00001258,L3,Mechanical Inspection,True,False,False,Maintenance
EMP010628,EQ00000827,L4,Arc Flash Awareness,True,True,True,Inspector
EMP002811,EQ00000827,L3,Arc Flash Awareness,False,False,False,Maintenance
EMP013111,EQ00001071,L3,Calibration,False,True,False,Operator
EMP040386,EQ00001071,L5,Calibration,True,True,True,Maintenance
EMP040267,EQ00001071,L5,Calibration,True,True,True,Maintenance
EMP023974,EQ00001071,L4,Calibration,True,True,True,Operator
EMP037225,EQ00001071,L2,Calibration,False,False,False,Maintenance
EMP022320,EQ00001071,L3,Calibration,False,False,False,Operator
EMP003861,EQ00001071,L5,Calibration,True,True,True,Operator
EMP043351,EQ00001304,L4,Process Operations,False,False,False,Inspector
EMP045671,EQ00001304,L3,Process Operations,False,False,False,Inspector
EMP028350,EQ00001304,L3,Process Operations,True,False,False,Operator
EMP033929,EQ00001304,L6,Process Operations,True,True,True,Operator
EMP001806,EQ00001304,L4,Process Operations,False,False,False,Operator
EMP008102,EQ00001304,L6,Process Operations,True,True,True,Maintenance
EMP037219,EQ00001455,L2,LOTO,False,True,False,Inspector
EMP031756,EQ00001455,L3,LOTO,True,False,False,Supervisor
EMP016103,EQ00001672,L4,Rotating Equipment,False,True,False,Inspector
EMP038135,EQ00001672,L4,Rotating Equipment,False,False,False,Operator
EMP040446,EQ00001793,L3,Lifting Operations,False,False,False,Supervisor
EMP045281,EQ00001793,L4,Lifting Operations,True,True,True,Operator
EMP019574,EQ00001793,L3,Lifting Operations,False,False,False,Operator
EMP040093,EQ00000852,L3,Gas Detection,False,False,False,Inspector
EMP000962,EQ00000852,L4,Gas Detection,False,False,False,Inspector
EMP012713,EQ00001499,L4,Well Control,True,False,False,Operator
EMP002091,EQ00001499,L4,Well Control,False,False,False,Maintenance
EMP015533,EQ00001499,L5,Well Control,True,True,True,Inspector
EMP029649,EQ00001499,L3,Well Control,False,True,False,Operator
EMP006136,EQ00000027,L2,Isolation/LOTO,False,False,False,Inspector
EMP043470,EQ00000027,L2,Isolation/LOTO,False,False,False,Inspector
EMP006298,EQ00000027,L2,Isolation/LOTO,False,False,False,Maintenance
EMP040025,EQ00000027,L2,Isolation/LOTO,True,True,False,Maintenance
EMP039225,EQ00000027,L4,Isolation/LOTO,False,False,False,Operator
EMP022703,EQ00000027,L4,Isolation/LOTO,False,True,False,Inspector
EMP025235,EQ00000027,L6,Isolation/LOTO,True,True,True,Inspector
EMP046827,EQ00002640,L4,Process Operations,False,True,False,Maintenance
EMP008995,EQ00002640,L3,Process Operations,False,True,False,Supervisor
EMP037782,EQ00002640,L4,Process Operations,True,False,False,Maintenance
EMP040046,EQ00002640,L6,Process Operations,True,True,True,Operator
EMP004412,EQ00002640,L2,Process Operations,False,False,False,Operator
EMP009965,EQ00002640,L3,Process Operations,False,True,False,Inspector
EMP020744,EQ00002640,L6,Process Operations,True,True,True,Maintenance
EMP017709,EQ00000115,L5,Line of Fire Awareness,True,False,False,Supervisor
EMP016612,EQ00000115,L4,Line of Fire Awareness,False,False,False,Operator
EMP013147,EQ00000115,L6,Line of Fire Awareness,True,True,True,Supervisor
EMP005914,EQ00000115,L3,Line of Fire Awareness,False,False,False,Supervisor
EMP000734,EQ00000115,L4,Line of Fire Awareness,False,True,False,Inspector
EMP028032,EQ00002129,L4,Well Control,False,False,False,Operator
EMP015275,EQ00002129,L3,Well Control,True,False,False,Operator
EMP032758,EQ00001486,L4,Rig Floor Safety,True,True,True,Inspector
EMP037388,EQ00001486,L6,Rig Floor Safety,True,True,True,Supervisor
EMP005591,EQ00001486,L3,Rig Floor Safety,False,True,False,Operator
EMP024819,EQ00002635,L3,Line of Fire Awareness,False,False,False,Operator
EMP031733,EQ00002635,L3,Line of Fire Awareness,True,False,False,Maintenance
EMP029543,EQ00002635,L5,Line of Fire Awareness,True,True,True,Operator
EMP011928,EQ00002635,L2,Line of Fire Awareness,False,False,False,Supervisor
EMP024570,EQ00000762,L3,Rigging,False,False,False,Inspector
EMP014086,EQ00000762,L3,Rigging,False,True,False,Maintenance
EMP041016,EQ00000762,L2,Rigging,False,False,False,Inspector
EMP030908,EQ00000762,L4,Rigging,False,False,False,Inspector
EMP027684,EQ00000762,L5,Rigging,True,True,True,Inspector
EMP020215,EQ00000762,L5,Rigging,True,True,True,Supervisor
EMP010013,EQ00000762,L5,Rigging,True,True,True,Supervisor
EMP033859,EQ00000762,L3,Rigging,False,False,False,Supervisor
EMP016176,EQ00000336,L3,Vehicle Inspection,False,True,False,Supervisor
EMP008824,EQ00000336,L2,Vehicle Inspection,False,False,False,Maintenance
EMP039348,EQ00000336,L3,Vehicle Inspection,True,False,False,Operator
EMP009267,EQ00000336,L3,Vehicle Inspection,False,True,False,Maintenance
EMP004378,EQ00000336,L5,Vehicle Inspection,True,False,False,Maintenance
EMP033877,EQ00002446,L5,Hydrotest Safety,True,True,True,Inspector
EMP049272,EQ00002446,L3,Hydrotest Safety,True,True,True,Supervisor
EMP013809,EQ00002446,L3,Hydrotest Safety,True,True,True,Inspector
EMP045105,EQ00002446,L3,Hydrotest Safety,True,True,True,Maintenance
EMP031563,EQ00002446,L2,Hydrotest Safety,True,False,False,Inspector
EMP044437,EQ00000936,L4,Pressure Testing,False,False,False,Operator
EMP042332,EQ00000936,L4,Pressure Testing,False,False,False,Supervisor
EMP031134,EQ00000936,L6,Pressure Testing,True,True,True,Supervisor
EMP007523,EQ00000936,L4,Pressure Testing,False,False,False,Operator
EMP044308,EQ00000666,L2,Switchgear Operation,False,False,False,Inspector
EMP031530,EQ00000666,L2,Switchgear Operation,False,True,False,Supervisor
EMP039495,EQ00000666,L4,Switchgear Operation,False,False,False,Supervisor
EMP028001,EQ00000666,L4,Switchgear Operation,False,False,False,Maintenance
EMP033455,EQ00000666,L2,Switchgear Operation,False,False,False,Maintenance
EMP008918,EQ00000666,L5,Switchgear Operation,False,True,False,Inspector
EMP025372,EQ00000666,L4,Switchgear Operation,False,False,False,Maintenance
EMP008204,EQ00000666,L3,Switchgear Operation,False,False,False,Operator
EMP001231,EQ00000754,L5,Isolation/LOTO,True,True,True,Supervisor
EMP003179,EQ00000754,L5,Isolation/LOTO,True,True,True,Inspector
EMP025163,EQ00000754,L3,Isolation/LOTO,True,False,False,Supervisor
EMP049406,EQ00000754,L2,Isolation/LOTO,False,False,False,Maintenance
EMP031119,EQ00000754,L3,Isolation/LOTO,True,False,False,Operator
EMP014567,EQ00000754,L6,Isolation/LOTO,True,True,True,Inspector
EMP022764,EQ00002047,L5,Rig Floor Safety,False,True,False,Inspector
EMP047558,EQ00002047,L4,Rig Floor Safety,True,False,False,Maintenance
EMP037723,EQ00000612,L3,Pressure Vessel Safety,True,True,True,Inspector
EMP041773,EQ00000612,L3,Pressure Vessel Safety,True,True,True,Inspector
EMP009887,EQ00000612,L5,Pressure Vessel Safety,True,True,True,Maintenance
EMP027114,EQ00000290,L4,Lifting Operations,False,False,False,Maintenance
EMP017546,EQ00000290,L4,Lifting Operations,False,True,False,Maintenance
EMP004773,EQ00000290,L3,Lifting Operations,False,False,False,Maintenance
EMP005378,EQ00000290,L3,Lifting Operations,False,False,False,Maintenance
EMP034746,EQ00000290,L4,Lifting Operations,True,True,False,Supervisor
EMP003935,EQ00001426,L3,Pump Maintenance,False,True,False,Supervisor
EMP031198,EQ00001426,L5,Pump Maintenance,True,False,False,Supervisor
EMP025776,EQ00001426,L2,Pump Maintenance,False,False,False,Supervisor
EMP032856,EQ00001426,L5,Pump Maintenance,False,True,False,Inspector
EMP036256,EQ00001426,L5,Pump Maintenance,True,False,False,Inspector
EMP021020,EQ00001426,L6,Pump Maintenance,True,True,True,Operator
EMP020022,EQ00001426,L3,Pump Maintenance,False,False,False,Supervisor
EMP009212,EQ00002248,L6,Pressure Systems Safety,True,True,True,Operator
EMP008602,EQ00002248,L4,Pressure Systems Safety,True,True,True,Supervisor
EMP024769,EQ00002555,L3,Electrical Safety,False,False,False,Supervisor
EMP012770,EQ00002555,L3,Electrical Safety,True,False,False,Operator
EMP004770,EQ00002555,L3,Electrical Safety,False,False,False,Inspector
EMP033397,EQ00000432,L5,Permit to Work,True,True,True,Supervisor
EMP001701,EQ00000432,L6,Permit to Work,False,True,False,Supervisor
EMP033727,EQ00001134,L2,Vibration Monitoring,True,False,False,Maintenance
EMP010753,EQ00001134,L4,Vibration Monitoring,False,True,False,Supervisor
EMP024023,EQ00001134,L5,Vibration Monitoring,True,True,True,Maintenance
EMP024527,EQ00001134,L3,Vibration Monitoring,True,True,False,Maintenance
EMP036431,EQ00000180,L6,Wastewater Operations,True,False,False,Maintenance
EMP042618,EQ00000180,L3,Wastewater Operations,False,False,False,Inspector
EMP026821,EQ00000180,L3,Wastewater Operations,False,False,False,Maintenance
EMP000940,EQ00000180,L4,Wastewater Operations,False,False,False,Supervisor
EMP001056,EQ00001963,L3,Fire Water Systems,False,False,False,Supervisor
EMP019779,EQ00001963,L3,Fire Water Systems,False,False,False,Maintenance
EMP013406,EQ00001963,L3,Fire Water Systems,False,True,False,Maintenance
EMP027912,EQ00001963,L3,Fire Water Systems,False,False,False,Supervisor
EMP049710,EQ00001963,L3,Fire Water Systems,False,False,False,Maintenance
EMP018524,EQ00002207,L6,Pressure Vessel Safety,True,True,True,Maintenance
EMP008611,EQ00002207,L3,Pressure Vessel Safety,False,False,False,Operator
EMP015977,EQ00002207,L3,Pressure Vessel Safety,False,True,False,Operator
EMP020313,EQ00002207,L3,Pressure Vessel Safety,False,False,False,Inspector
EMP003421,EQ00002207,L4,Pressure Vessel Safety,False,False,False,Supervisor
EMP023689,EQ00000752,L2,Pressure Testing,False,True,False,Maintenance
EMP027534,EQ00000752,L3,Pressure Testing,False,False,False,Supervisor
EMP024997,EQ00000752,L4,Pressure Testing,True,False,False,Operator
EMP028884,EQ00001661,L5,Hazardous Material Transport,True,False,False,Operator
EMP033870,EQ00001661,L3,Hazardous Material Transport,True,False,False,Supervisor
EMP043643,EQ00001661,L2,Hazardous Material Transport,True,False,False,Operator
EMP025798,EQ00001661,L3,Hazardous Material Transport,False,False,False,Maintenance
EMP011947,EQ00001661,L3,Hazardous Material Transport,False,False,False,Maintenance
EMP020481,EQ00001661,L5,Hazardous Material Transport,False,False,False,Maintenance
EMP046171,EQ00001661,L3,Hazardous Material Transport,False,True,False,Inspector
EMP048758,EQ00001468,L4,Calibration,False,False,False,Maintenance
EMP004290,EQ00001468,L5,Calibration,True,False,False,Supervisor
EMP022353,EQ00001468,L5,Calibration,True,True,True,Operator
EMP047290,EQ00001468,L5,Calibration,True,False,False,Supervisor
EMP035719,EQ00002691,L6,Pressure Testing,True,True,True,Supervisor
EMP013580,EQ00002691,L4,Pressure Testing,True,True,True,Maintenance
EMP030665,EQ00002691,L4,Pressure Testing,True,True,True,Supervisor
EMP014350,EQ00002691,L3,Pressure Testing,False,True,False,Supervisor
EMP029606,EQ00002691,L5,Pressure Testing,True,False,False,Operator
EMP015722,EQ00002691,L2,Pressure Testing,False,False,False,Maintenance
EMP038737,EQ00002691,L3,Pressure Testing,False,True,False,Supervisor
EMP026029,EQ00000492,L3,Environmental Monitoring,False,False,False,Inspector
EMP004662,EQ00000492,L4,Environmental Monitoring,True,True,True,Maintenance
EMP042670,EQ00000492,L4,Environmental Monitoring,True,True,True,Operator
EMP038575,EQ00000492,L5,Environmental Monitoring,True,True,True,Inspector
EMP025035,EQ00000492,L4,Environmental Monitoring,True,True,True,Supervisor
EMP027953,EQ00000492,L3,Environmental Monitoring,False,False,False,Supervisor
EMP041983,EQ00000492,L3,Environmental Monitoring,False,False,False,Maintenance
EMP032554,EQ00000492,L3,Environmental Monitoring,False,True,False,Maintenance
EMP037302,EQ00001586,L3,Switchgear Operation,False,False,False,Inspector
EMP043702,EQ00001586,L4,Switchgear Operation,False,True,False,Operator
EMP037983,EQ00001586,L3,Switchgear Operation,False,False,False,Supervisor
EMP033631,EQ00001586,L2,Switchgear Operation,True,False,False,Inspector
EMP021778,EQ00001586,L4,Switchgear Operation,False,False,False,Inspector
EMP003929,EQ00001586,L4,Switchgear Operation,False,False,False,Inspector
EMP014920,EQ00001586,L3,Switchgear Operation,False,False,False,Maintenance
EMP008175,EQ00001586,L4,Switchgear Operation,True,False,False,Maintenance
EMP027501,EQ00002091,L6,Electrical Isolation/LOTO,False,True,False,Inspector
EMP027263,EQ00002091,L4,Electrical Isolation/LOTO,True,True,True,Inspector
EMP000850,EQ00002091,L4,Electrical Isolation/LOTO,True,True,True,Operator
EMP040671,EQ00002091,L4,Electrical Isolation/LOTO,False,True,False,Operator
EMP002552,EQ00002091,L2,Electrical Isolation/LOTO,False,False,False,Supervisor
EMP041404,EQ00002357,L4,Machine Tool Operation,False,False,False,Operator
EMP023356,EQ00002357,L5,Machine Tool Operation,True,True,True,Inspector
EMP014090,EQ00002357,L4,Machine Tool Operation,False,False,False,Maintenance
EMP002313,EQ00002357,L3,Machine Tool Operation,False,False,False,Supervisor
EMP039945,EQ00002357,L3,Machine Tool Operation,False,False,False,Supervisor
EMP036926,EQ00002357,L3,Machine Tool Operation,False,False,False,Inspector
EMP034300,EQ00002114,L3,Machine Tool Operation,True,True,True,Inspector
EMP040283,EQ00002114,L4,Machine Tool Operation,False,True,False,Supervisor
EMP035550,EQ00002647,L3,Pressure Vessel Safety,False,False,False,Supervisor
EMP032021,EQ00002647,L2,Pressure Vessel Safety,True,False,False,Inspector
EMP022698,EQ00002647,L5,Pressure Vessel Safety,True,False,False,Inspector
EMP026201,EQ00002647,L3,Pressure Vessel Safety,True,False,False,Maintenance
EMP026436,EQ00002647,L4,Pressure Vessel Safety,False,False,False,Inspector
EMP022463,EQ00000442,L5,Gas Testing,True,True,True,Operator
EMP045517,EQ00000442,L5,Gas Testing,True,True,True,Inspector
EMP031440,EQ00000442,L3,Gas Testing,True,False,False,Operator
EMP027004,EQ00000442,L3,Gas Testing,True,False,False,Operator
EMP030327,EQ00000442,L4,Gas Testing,False,True,False,Maintenance
EMP026352,EQ00000442,L4,Gas Testing,False,True,False,Maintenance
EMP013884,EQ00000442,L2,Gas Testing,False,False,False,Operator
EMP033650,EQ00000840,L3,Electrical Safety,False,True,False,Operator
EMP000437,EQ00000840,L2,Electrical Safety,False,False,False,Supervisor
EMP017385,EQ00000840,L3,Electrical Safety,False,False,False,Inspector
EMP027014,EQ00000840,L4,Electrical Safety,True,True,True,Inspector
EMP011208,EQ00000840,L3,Electrical Safety,False,False,False,Inspector
EMP021739,EQ00000840,L3,Electrical Safety,True,False,False,Supervisor
EMP043267,EQ00000840,L4,Electrical Safety,False,False,False,Maintenance
EMP019634,EQ00001593,L3,Process Operations,True,False,False,Supervisor
EMP004681,EQ00001593,L3,Process Operations,False,False,False,Maintenance
EMP049392,EQ00001593,L5,Process Operations,True,True,True,Maintenance
EMP017655,EQ00001593,L3,Process Operations,False,False,False,Maintenance
EMP019619,EQ00001593,L4,Process Operations,False,True,False,Maintenance
EMP004726,EQ00001593,L2,Process Operations,False,True,False,Supervisor
EMP008812,EQ00001593,L3,Process Operations,False,True,False,Supervisor
EMP020541,EQ00001593,L4,Process Operations,False,False,False,Maintenance
EMP038353,EQ00002451,L3,Permit to Work,True,False,False,Operator
EMP023322,EQ00002451,L3,Permit to Work,True,True,True,Operator
EMP030401,EQ00002451,L5,Permit to Work,True,True,True,Maintenance
EMP028872,EQ00002451,L4,Permit to Work,True,True,True,Operator
EMP009929,EQ00002451,L5,Permit to Work,True,True,True,Operator
EMP046771,EQ00002451,L4,Permit to Work,True,True,True,Inspector
EMP014717,EQ00002451,L5,Permit to Work,True,False,False,Operator
EMP021615,EQ00002451,L4,Permit to Work,True,True,True,Inspector
EMP023395,EQ00001618,L4,Vehicle Inspection,True,True,True,Supervisor
EMP004053,EQ00001618,L5,Vehicle Inspection,True,True,True,Inspector
EMP023582,EQ00001618,L6,Vehicle Inspection,True,True,True,Maintenance
EMP010151,EQ00001618,L5,Vehicle Inspection,True,True,True,Supervisor
EMP022617,EQ00001618,L5,Vehicle Inspection,True,True,True,Inspector
EMP043388,EQ00001618,L3,Vehicle Inspection,True,False,False,Inspector
EMP015827,EQ00001618,L3,Vehicle Inspection,False,False,False,Inspector
EMP013273,EQ00001618,L2,Vehicle Inspection,False,False,False,Operator
EMP047389,EQ00001670,L4,Process Operations,False,False,False,Supervisor
EMP012886,EQ00001670,L2,Process Operations,True,True,False,Operator
EMP006652,EQ00000440,L5,Gas Testing,True,True,True,Inspector
EMP018509,EQ00000440,L2,Gas Testing,False,True,False,Inspector
EMP035306,EQ00000440,L4,Gas Testing,False,False,False,Maintenance
EMP005987,EQ00000440,L4,Gas Testing,False,False,False,Supervisor
EMP006517,EQ00000440,L5,Gas Testing,True,True,True,Maintenance
EMP023615,EQ00000440,L3,Gas Testing,False,False,False,Operator
EMP034711,EQ00000440,L4,Gas Testing,False,False,False,Maintenance
EMP034563,EQ00000440,L4,Gas Testing,False,False,False,Operator
EMP025439,EQ00000047,L3,Gas Detection,False,True,False,Maintenance
EMP012688,EQ00000047,L2,Gas Detection,True,False,False,Maintenance
EMP016725,EQ00001597,L4,Motor Maintenance,True,False,False,Supervisor
EMP049881,EQ00001597,L6,Motor Maintenance,True,True,True,Maintenance
EMP000213,EQ00001967,L4,SIS/ESD,False,False,False,Operator
EMP020546,EQ00001967,L4,SIS/ESD,False,True,False,Supervisor
EMP030966,EQ00001967,L5,SIS/ESD,True,True,True,Inspector
EMP014464,EQ00001967,L2,SIS/ESD,False,True,False,Inspector
EMP007661,EQ00001967,L2,SIS/ESD,False,False,False,Supervisor
EMP030243,EQ00001967,L5,SIS/ESD,True,True,True,Maintenance
EMP034147,EQ00001967,L5,SIS/ESD,True,False,False,Supervisor
EMP002219,EQ00001271,L5,Drilling Operations,True,True,True,Maintenance
EMP001822,EQ00001271,L2,Drilling Operations,True,False,False,Operator
EMP041841,EQ00001271,L5,Drilling Operations,True,True,True,Operator
EMP039626,EQ00002208,L3,Hot Work,False,False,False,Operator
EMP036182,EQ00002208,L3,Hot Work,False,False,False,Supervisor
EMP007275,EQ00002262,L3,Pipeline Operations,False,False,False,Inspector
EMP045382,EQ00002262,L4,Pipeline Operations,False,True,False,Inspector
EMP010332,EQ00002262,L4,Pipeline Operations,False,False,False,Inspector
EMP028342,EQ00002262,L4,Pipeline Operations,True,False,False,Maintenance
EMP044216,EQ00000675,L4,Drilling Operations,True,True,True,Operator
EMP013099,EQ00000675,L3,Drilling Operations,True,True,True,Operator
EMP029314,EQ00000675,L3,Drilling Operations,True,True,True,Inspector
EMP008644,EQ00000675,L3,Drilling Operations,True,True,True,Operator
EMP036734,EQ00000675,L4,Drilling Operations,True,True,True,Inspector
EMP014156,EQ00000675,L5,Drilling Operations,True,True,True,Maintenance
EMP045060,EQ00000044,L5,Process Isolation,True,True,True,Operator
EMP020385,EQ00000044,L4,Process Isolation,True,False,False,Inspector
EMP048910,EQ00001773,L4,SIS/ESD,False,True,False,Supervisor
EMP008050,EQ00001773,L2,SIS/ESD,False,False,False,Inspector
EMP046196,EQ00001773,L4,SIS/ESD,True,False,False,Operator
EMP001229,EQ00001773,L6,SIS/ESD,True,True,True,Supervisor
EMP041407,EQ00002179,L3,Pressure Testing,False,False,False,Operator
EMP009611,EQ00002179,L4,Pressure Testing,False,False,False,Maintenance
EMP033131,EQ00002179,L3,Pressure Testing,False,False,False,Inspector
EMP038625,EQ00002179,L2,Pressure Testing,False,False,False,Supervisor
EMP015196,EQ00002179,L3,Pressure Testing,True,False,False,Maintenance
EMP002825,EQ00002179,L3,Pressure Testing,False,True,False,Supervisor
EMP012836,EQ00002374,L4,Alignment,False,True,False,Maintenance
EMP029496,EQ00002374,L3,Alignment,False,False,False,Maintenance
EMP037877,EQ00002374,L2,Alignment,False,False,False,Supervisor
EMP033460,EQ00002374,L2,Alignment,False,True,False,Inspector
EMP026858,EQ00001348,L4,Vehicle Inspection,False,False,False,Maintenance
EMP044917,EQ00001348,L2,Vehicle Inspection,False,False,False,Maintenance
EMP037585,EQ00001348,L2,Vehicle Inspection,False,False,False,Operator
EMP045999,EQ00000352,L5,Switchgear Operation,True,True,True,Maintenance
EMP039393,EQ00000352,L3,Switchgear Operation,False,False,False,Supervisor
EMP019297,EQ00001488,L3,Process Isolation,False,True,False,Maintenance
EMP013013,EQ00001488,L4,Process Isolation,True,True,True,Operator
EMP019607,EQ00001488,L5,Process Isolation,True,False,False,Operator
EMP047145,EQ00001488,L2,Process Isolation,False,False,False,Supervisor
EMP026218,EQ00001488,L3,Process Isolation,False,False,False,Supervisor
EMP037814,EQ00001488,L3,Process Isolation,False,False,False,Inspector
EMP024802,EQ00001488,L5,Process Isolation,True,True,True,Operator
EMP010879,EQ00000649,L2,Electrical Safety,False,False,False,Maintenance
EMP019102,EQ00000649,L2,Electrical Safety,False,True,False,Maintenance
EMP035175,EQ00000649,L3,Electrical Safety,False,False,False,Operator
EMP005549,EQ00000649,L3,Electrical Safety,False,False,False,Supervisor
EMP040828,EQ00000649,L4,Electrical Safety,False,False,False,Supervisor
EMP031861,EQ00000649,L4,Electrical Safety,False,False,False,Supervisor
EMP027658,EQ00000649,L3,Electrical Safety,False,False,False,Inspector
EMP023159,EQ00000649,L3,Electrical Safety,True,False,False,Supervisor
EMP027688,EQ00002507,L3,Pressure Testing,False,False,False,Maintenance
EMP048889,EQ00002507,L2,Pressure Testing,False,True,False,Maintenance
EMP004737,EQ00002507,L3,Pressure Testing,True,False,False,Inspector
EMP000049,EQ00002507,L4,Pressure Testing,False,False,False,Inspector
EMP049464,EQ00002507,L2,Pressure Testing,True,False,False,Operator
EMP040853,EQ00000353,L3,Process Operations,False,False,False,Supervisor
EMP042142,EQ00000353,L3,Process Operations,False,False,False,Inspector
EMP041212,EQ00000499,L3,Pressure Testing,False,True,False,Operator
EMP036277,EQ00000499,L3,Pressure Testing,False,True,False,Supervisor
EMP045314,EQ00000499,L4,Pressure Testing,False,False,False,Supervisor
EMP039417,EQ00000499,L3,Pressure Testing,False,False,False,Maintenance
EMP022985,EQ00000499,L2,Pressure Testing,False,False,False,Operator
EMP035450,EQ00000499,L4,Pressure Testing,False,False,False,Supervisor
EMP001163,EQ00000499,L3,Pressure Testing,False,False,False,Inspector
EMP022489,EQ00000003,L4,Calibration,True,True,True,Supervisor
EMP001415,EQ00000003,L4,Calibration,True,True,True,Inspector
EMP029331,EQ00000003,L4,Calibration,True,True,True,Supervisor
EMP002926,EQ00000003,L5,Calibration,True,False,False,Inspector
EMP025530,EQ00000003,L4,Calibration,True,True,True,Inspector
EMP016382,EQ00000003,L4,Calibration,False,True,False,Operator
EMP022058,EQ00002360,L5,Electrical Safety,True,True,True,Supervisor
EMP035849,EQ00002360,L3,Electrical Safety,False,False,False,Operator
EMP007424,EQ00002360,L3,Electrical Safety,True,False,False,Inspector
EMP014845,EQ00002360,L4,Electrical Safety,False,False,False,Maintenance
EMP026575,EQ00002360,L6,Electrical Safety,False,True,False,Maintenance
EMP027774,EQ00002360,L5,Electrical Safety,True,True,True,Maintenance
EMP011638,EQ00002360,L4,Electrical Safety,False,False,False,Inspector
EMP006233,EQ00001576,L4,Isolation/LOTO,False,False,False,Maintenance
EMP039418,EQ00001576,L2,Isolation/LOTO,False,True,False,Supervisor
EMP015310,EQ00001576,L2,Isolation/LOTO,True,False,False,Maintenance
EMP004993,EQ00001576,L3,Isolation/LOTO,False,False,False,Inspector
EMP020151,EQ00001576,L2,Isolation/LOTO,True,False,False,Supervisor
EMP024441,EQ00001576,L3,Isolation/LOTO,False,False,False,Operator
EMP049112,EQ00001576,L3,Isolation/LOTO,False,False,False,Inspector
EMP040171,EQ00001576,L2,Isolation/LOTO,False,False,False,Operator
EMP028769,EQ00000574,L4,Drilling Operations,True,False,False,Supervisor
EMP001217,EQ00000574,L2,Drilling Operations,False,False,False,Operator
EMP008543,EQ00000574,L5,Drilling Operations,True,True,True,Supervisor
EMP023338,EQ00000574,L5,Drilling Operations,True,True,True,Maintenance
EMP022205,EQ00001409,L4,Mechanical Inspection,False,False,False,Supervisor
EMP036290,EQ00001409,L5,Mechanical Inspection,True,True,True,Operator
EMP045680,EQ00001409,L3,Mechanical Inspection,True,False,False,Supervisor
EMP034691,EQ00001409,L2,Mechanical Inspection,True,False,False,Operator
EMP011000,EQ00001409,L4,Mechanical Inspection,False,False,False,Operator
EMP032498,EQ00001409,L2,Mechanical Inspection,False,True,False,Maintenance
EMP015483,EQ00001409,L4,Mechanical Inspection,False,False,False,Supervisor
EMP013402,EQ00001409,L4,Mechanical Inspection,False,False,False,Maintenance
EMP013851,EQ00001629,L2,Environmental Monitoring,True,False,False,Supervisor
EMP048574,EQ00001629,L4,Environmental Monitoring,False,True,False,Inspector
EMP016461,EQ00001629,L2,Environmental Monitoring,False,False,False,Maintenance
EMP019740,EQ00001629,L3,Environmental Monitoring,True,True,True,Operator
EMP005318,EQ00001629,L6,Environmental Monitoring,True,True,True,Inspector
EMP034824,EQ00000964,L3,Lifting Gear Inspection,True,False,False,Inspector
EMP046048,EQ00000964,L2,Lifting Gear Inspection,False,False,False,Supervisor
EMP012666,EQ00000964,L3,Lifting Gear Inspection,False,False,False,Supervisor
EMP035328,EQ00001749,L5,Mechanical Inspection,True,True,True,Supervisor
EMP018739,EQ00001749,L5,Mechanical Inspection,True,True,True,Maintenance
EMP006452,EQ00001749,L6,Mechanical Inspection,True,True,True,Inspector
EMP002716,EQ00001749,L3,Mechanical Inspection,False,True,False,Inspector
EMP016681,EQ00001749,L5,Mechanical Inspection,True,True,True,Supervisor
EMP029822,EQ00001749,L4,Mechanical Inspection,False,False,False,Supervisor
EMP017188,EQ00001749,L6,Mechanical Inspection,True,True,True,Inspector
EMP035158,EQ00000853,L3,Fire Fighting,False,False,False,Maintenance
EMP047293,EQ00000853,L3,Fire Fighting,False,False,False,Operator
EMP019364,EQ00000853,L4,Fire Fighting,False,False,False,Maintenance
EMP048301,EQ00000853,L2,Fire Fighting,False,False,False,Inspector
EMP045873,EQ00000853,L3,Fire Fighting,False,False,False,Maintenance
EMP043315,EQ00000853,L3,Fire Fighting,False,True,False,Inspector
EMP037519,EQ00002478,L3,Emergency Response,False,False,False,Maintenance
EMP030361,EQ00002478,L4,Emergency Response,False,False,False,Operator
EMP002775,EQ00002478,L4,Emergency Response,False,False,False,Operator
EMP007060,EQ00002478,L5,Emergency Response,True,True,True,Operator
EMP012888,EQ00001416,L3,Emergency Response,False,False,False,Supervisor
EMP017921,EQ00001416,L2,Emergency Response,True,False,False,Inspector
EMP046675,EQ00001416,L3,Emergency Response,False,False,False,Supervisor
EMP030074,EQ00001416,L5,Emergency Response,True,True,True,Maintenance
EMP039560,EQ00002799,L4,Hazardous Material Transport,True,True,False,Supervisor
EMP039159,EQ00002799,L5,Hazardous Material Transport,True,True,True,Supervisor
EMP008926,EQ00002799,L4,Hazardous Material Transport,False,False,False,Operator
EMP013694,EQ00002799,L2,Hazardous Material Transport,False,False,False,Supervisor
EMP031980,EQ00001826,L5,Pressure Systems Safety,True,True,True,Maintenance
EMP016547,EQ00001826,L6,Pressure Systems Safety,True,True,True,Inspector
EMP040436,EQ00001826,L4,Pressure Systems Safety,False,True,False,Maintenance
EMP022301,EQ00001826,L3,Pressure Systems Safety,False,False,False,Supervisor
EMP046537,EQ00001826,L5,Pressure Systems Safety,True,True,True,Inspector
EMP026924,EQ00001826,L3,Pressure Systems Safety,False,False,False,Maintenance
EMP009602,EQ00002662,L4,Machine Tool Operation,True,True,True,Inspector
EMP007954,EQ00002662,L2,Machine Tool Operation,False,True,False,Inspector
EMP044555,EQ00001906,L2,Pump Maintenance,True,False,False,Maintenance
EMP031791,EQ00001906,L4,Pump Maintenance,True,True,False,Operator
EMP048140,EQ00001906,L3,Pump Maintenance,False,False,False,Supervisor
EMP035687,EQ00001906,L3,Pump Maintenance,False,True,False,Supervisor
EMP010399,EQ00001906,L3,Pump Maintenance,True,False,False,Inspector
EMP045763,EQ00002267,L3,Line of Fire Awareness,True,True,False,Inspector
EMP036755,EQ00002267,L3,Line of Fire Awareness,False,True,False,Supervisor
EMP048911,EQ00002267,L3,Line of Fire Awareness,False,False,False,Supervisor
EMP041419,EQ00002267,L2,Line of Fire Awareness,True,False,False,Inspector
EMP034127,EQ00002267,L6,Line of Fire Awareness,True,True,True,Inspector
EMP004513,EQ00002267,L2,Line of Fire Awareness,False,True,False,Inspector
EMP009188,EQ00002267,L2,Line of Fire Awareness,True,False,False,Supervisor
EMP005320,EQ00001708,L4,Pressure Systems Safety,False,True,False,Inspector
EMP015196,EQ00001708,L3,Pressure Systems Safety,False,False,False,Operator
EMP019954,EQ00001708,L4,Pressure Systems Safety,False,False,False,Supervisor
EMP007480,EQ00001708,L3,Pressure Systems Safety,False,False,False,Supervisor
EMP046173,EQ00001708,L3,Pressure Systems Safety,False,False,False,Supervisor
EMP031913,EQ00001708,L3,Pressure Systems Safety,False,False,False,Inspector
EMP033180,EQ00000078,L2,Defensive Driving,True,False,False,Supervisor
EMP024406,EQ00000078,L6,Defensive Driving,False,True,False,Maintenance
EMP017013,EQ00000078,L4,Defensive Driving,False,False,False,Supervisor
EMP041977,EQ00002511,L3,Arc Flash Awareness,False,False,False,Supervisor
EMP006436,EQ00002511,L4,Arc Flash Awareness,True,False,False,Inspector
EMP010412,EQ00002511,L4,Arc Flash Awareness,False,True,False,Maintenance
EMP013140,EQ00002511,L2,Arc Flash Awareness,False,False,False,Operator
EMP049219,EQ00002511,L4,Arc Flash Awareness,False,False,False,Maintenance
EMP016676,EQ00002511,L3,Arc Flash Awareness,False,False,False,Supervisor
EMP037444,EQ00002511,L4,Arc Flash Awareness,False,False,False,Maintenance
EMP019779,EQ00002511,L3,Arc Flash Awareness,False,False,False,Supervisor
EMP006722,EQ00000647,L2,Isolation/LOTO,False,False,False,Operator
EMP039048,EQ00000647,L2,Isolation/LOTO,False,False,False,Inspector
EMP041608,EQ00000647,L3,Isolation/LOTO,True,False,False,Supervisor
EMP004237,EQ00000647,L2,Isolation/LOTO,False,True,False,Inspector
EMP007776,EQ00000647,L2,Isolation/LOTO,False,False,False,Maintenance
EMP012013,EQ00000563,L5,Switchgear Operation,True,True,True,Inspector
EMP039293,EQ00000563,L4,Switchgear Operation,False,True,False,Inspector
EMP002686,EQ00000563,L2,Switchgear Operation,False,False,False,Operator
EMP046004,EQ00000563,L2,Switchgear Operation,False,False,False,Operator
EMP037037,EQ00002473,L4,Process Safety,False,False,False,Inspector
EMP047290,EQ00002473,L5,Process Safety,True,True,True,Inspector
EMP026641,EQ00002473,L3,Process Safety,False,False,False,Inspector
EMP036991,EQ00002473,L4,Process Safety,False,False,False,Inspector
EMP019977,EQ00002473,L2,Process Safety,False,False,False,Operator
EMP011506,EQ00002473,L5,Process Safety,True,True,True,Operator
EMP026765,EQ00002473,L3,Process Safety,False,False,False,Supervisor
EMP032134,EQ00000049,L3,Pressure Systems Safety,False,False,False,Inspector
EMP041981,EQ00000049,L3,Pressure Systems Safety,True,False,False,Operator
EMP044433,EQ00000049,L2,Pressure Systems Safety,True,False,False,Inspector
EMP042352,EQ00000049,L3,Pressure Systems Safety,False,False,False,Supervisor
EMP002138,EQ00000824,L4,Valve Maintenance,True,False,False,Supervisor
EMP044096,EQ00000824,L5,Valve Maintenance,True,True,True,Maintenance
EMP009098,EQ00000824,L2,Valve Maintenance,True,False,False,Operator
EMP036696,EQ00000824,L2,Valve Maintenance,True,False,False,Operator
EMP037613,EQ00000824,L5,Valve Maintenance,True,True,True,Inspector
EMP041102,EQ00000824,L5,Valve Maintenance,True,True,True,Inspector
EMP023928,EQ00000783,L3,Pressure Systems Safety,False,False,False,Maintenance
EMP042427,EQ00000783,L4,Pressure Systems Safety,True,False,False,Supervisor
EMP023176,EQ00000783,L3,Pressure Systems Safety,True,False,False,Supervisor
EMP030332,EQ00000726,L3,Well Control,False,True,False,Maintenance
EMP005912,EQ00000726,L5,Well Control,False,True,False,Inspector
EMP005764,EQ00000726,L2,Well Control,False,False,False,Inspector
EMP026833,EQ00000726,L3,Well Control,False,False,False,Supervisor
EMP041634,EQ00000726,L5,Well Control,True,True,True,Inspector
EMP010674,EQ00000726,L3,Well Control,False,False,False,Maintenance
EMP006369,EQ00000726,L3,Well Control,False,False,False,Inspector
EMP029245,EQ00002811,L2,Rig Floor Safety,False,False,False,Inspector
EMP010077,EQ00002811,L3,Rig Floor Safety,True,False,False,Supervisor
EMP033591,EQ00002811,L2,Rig Floor Safety,False,False,False,Inspector
EMP002627,EQ00002811,L2,Rig Floor Safety,False,False,False,Supervisor
EMP007237,EQ00002811,L4,Rig Floor Safety,True,True,True,Inspector
EMP005508,EQ00000944,L3,Rigging,False,True,False,Inspector
EMP019963,EQ00000944,L4,Rigging,True,True,True,Inspector
EMP017654,EQ00000944,L5,Rigging,True,True,True,Operator
EMP039433,EQ00000944,L3,Rigging,False,False,False,Inspector
EMP033401,EQ00000944,L3,Rigging,False,False,False,Maintenance
EMP047436,EQ00000944,L2,Rigging,False,True,False,Operator
EMP039043,EQ00001834,L4,Hazardous Material Transport,False,False,False,Maintenance
EMP021613,EQ00001834,L2,Hazardous Material Transport,True,False,False,Operator
EMP014143,EQ00001834,L4,Hazardous Material Transport,False,False,False,Supervisor
EMP007263,EQ00002268,L4,Vehicle Inspection,True,True,True,Maintenance
EMP004945,EQ00002268,L4,Vehicle Inspection,False,False,False,Supervisor
EMP010003,EQ00002268,L2,Vehicle Inspection,True,False,False,Operator
EMP032098,EQ00002268,L2,Vehicle Inspection,True,True,False,Operator
EMP010641,EQ00002268,L4,Vehicle Inspection,True,True,True,Maintenance
EMP044775,EQ00002268,L4,Vehicle Inspection,True,True,True,Maintenance
EMP023296,EQ00002268,L3,Vehicle Inspection,False,True,False,Maintenance
EMP004686,EQ00002268,L3,Vehicle Inspection,True,True,True,Maintenance
EMP003744,EQ00002085,L2,Gas Testing,False,False,False,Inspector
EMP029682,EQ00002085,L3,Gas Testing,False,False,False,Inspector
EMP048047,EQ00002085,L5,Gas Testing,True,True,True,Inspector
EMP011861,EQ00000544,L5,SIS/ESD,True,True,True,Inspector
EMP028246,EQ00000544,L6,SIS/ESD,False,False,False,Operator
EMP003316,EQ00000544,L4,SIS/ESD,True,True,True,Maintenance
EMP048664,EQ00000544,L3,SIS/ESD,False,False,False,Operator
EMP042510,EQ00002598,L2,Vibration Monitoring,False,False,False,Inspector
EMP040387,EQ00002598,L3,Vibration Monitoring,False,False,False,Maintenance
EMP033522,EQ00002598,L2,Vibration Monitoring,True,False,False,Maintenance
EMP046492,EQ00002598,L4,Vibration Monitoring,False,True,False,Operator
EMP025124,EQ00002598,L5,Vibration Monitoring,True,True,True,Operator
EMP032831,EQ00002598,L4,Vibration Monitoring,False,False,False,Inspector
EMP010579,EQ00002598,L2,Vibration Monitoring,False,True,False,Inspector
EMP027666,EQ00000689,L4,Machine Tool Operation,True,True,True,Supervisor
EMP031941,EQ00000689,L3,Machine Tool Operation,False,False,False,Maintenance
EMP014165,EQ00000689,L3,Machine Tool Operation,False,False,False,Operator
EMP032141,EQ00000689,L4,Machine Tool Operation,True,True,True,Inspector
EMP043144,EQ00000689,L2,Machine Tool Operation,True,True,False,Supervisor
EMP028904,EQ00000689,L3,Machine Tool Operation,False,False,False,Maintenance
EMP012001,EQ00000689,L4,Machine Tool Operation,True,True,True,Inspector
EMP026120,EQ00002270,L3,Fire Water Systems,True,True,True,Operator
EMP000636,EQ00002270,L3,Fire Water Systems,True,True,True,Maintenance
EMP002947,EQ00002270,L3,Fire Water Systems,True,True,True,Maintenance
EMP023748,EQ00002270,L5,Fire Water Systems,True,True,True,Supervisor
EMP022556,EQ00002270,L4,Fire Water Systems,True,True,True,Inspector
EMP004806,EQ00002270,L4,Fire Water Systems,True,True,True,Supervisor
EMP033943,EQ00002270,L4,Fire Water Systems,True,True,True,Inspector
EMP028682,EQ00002254,L3,Gas Testing,False,False,False,Inspector
EMP012513,EQ00002254,L2,Gas Testing,False,False,False,Maintenance
EMP023234,EQ00002254,L3,Gas Testing,False,False,False,Operator
EMP040467,EQ00002254,L3,Gas Testing,True,False,False,Supervisor
EMP030825,EQ00002254,L3,Gas Testing,True,False,False,Maintenance
EMP030150,EQ00002254,L2,Gas Testing,False,False,False,Inspector
EMP016487,EQ00002254,L6,Gas Testing,False,True,False,Operator
EMP042063,EQ00001794,L3,Defensive Driving,False,True,False,Operator
EMP026691,EQ00001794,L4,Defensive Driving,False,True,False,Maintenance
EMP025936,EQ00001794,L3,Defensive Driving,False,True,False,Operator
EMP006206,EQ00001587,L6,Drilling Operations,True,True,True,Inspector
EMP023049,EQ00001587,L3,Drilling Operations,False,False,False,Supervisor
EMP010778,EQ00001587,L4,Drilling Operations,False,False,False,Supervisor
EMP004347,EQ00001587,L4,Drilling Operations,False,False,False,Supervisor
EMP029623,EQ00001587,L2,Drilling Operations,False,False,False,Operator
EMP014538,EQ00001587,L3,Drilling Operations,False,False,False,Maintenance
EMP019474,EQ00000395,L3,Hydrotest Safety,True,False,False,Maintenance
EMP025676,EQ00000395,L5,Hydrotest Safety,True,True,True,Inspector
EMP044516,EQ00000395,L4,Hydrotest Safety,False,False,False,Supervisor
EMP000041,EQ00000395,L2,Hydrotest Safety,False,False,False,Supervisor
EMP040356,EQ00000924,L3,Pressure Systems Safety,False,False,False,Supervisor
EMP017811,EQ00000924,L5,Pressure Systems Safety,True,True,True,Inspector
EMP033012,EQ00000924,L5,Pressure Systems Safety,True,False,False,Supervisor
EMP041157,EQ00002571,L4,SIS/ESD,False,True,False,Supervisor
EMP029541,EQ00002571,L3,SIS/ESD,False,False,False,Inspector
EMP037142,EQ00002571,L4,SIS/ESD,False,False,False,Inspector
EMP004496,EQ00002571,L4,SIS/ESD,False,False,False,Inspector
EMP022091,EQ00002571,L3,SIS/ESD,False,True,False,Supervisor
EMP004784,EQ00002571,L3,SIS/ESD,False,False,False,Inspector
EMP002172,EQ00002571,L2,SIS/ESD,False,False,False,Supervisor
EMP049059,EQ00002571,L3,SIS/ESD,True,False,False,Supervisor
EMP014859,EQ00000534,L4,Permit to Work,False,True,False,Supervisor
EMP012252,EQ00000534,L4,Permit to Work,False,True,False,Operator
EMP002519,EQ00000534,L4,Permit to Work,False,True,False,Inspector
EMP035282,EQ00000534,L4,Permit to Work,True,True,True,Supervisor
EMP010902,EQ00000534,L4,Permit to Work,False,True,False,Operator
EMP018838,EQ00000534,L3,Permit to Work,False,False,False,Maintenance
EMP044517,EQ00000534,L2,Permit to Work,False,False,False,Supervisor
EMP027097,EQ00000534,L3,Permit to Work,True,False,False,Operator
EMP005620,EQ00002187,L3,Arc Flash Awareness,False,False,False,Maintenance
EMP042340,EQ00002187,L3,Arc Flash Awareness,False,False,False,Maintenance
EMP017164,EQ00002187,L5,Arc Flash Awareness,True,True,True,Inspector
EMP030643,EQ00002187,L4,Arc Flash Awareness,False,False,False,Supervisor
EMP037633,EQ00002187,L5,Arc Flash Awareness,True,True,True,Inspector
EMP016828,EQ00002187,L2,Arc Flash Awareness,True,True,False,Inspector
EMP019772,EQ00002187,L5,Arc Flash Awareness,True,True,True,Inspector
EMP010774,EQ00002187,L3,Arc Flash Awareness,False,False,False,Maintenance
EMP040205,EQ00001685,L4,Hot Work,False,False,False,Maintenance
EMP033217,EQ00001685,L3,Hot Work,False,False,False,Supervisor
EMP002315,EQ00001855,L6,Switchgear Operation,True,True,True,Inspector
EMP009840,EQ00001855,L5,Switchgear Operation,True,True,True,Inspector
EMP031973,EQ00000378,L2,Isolation/LOTO,True,False,False,Operator
EMP026830,EQ00000378,L3,Isolation/LOTO,True,False,False,Inspector
EMP001726,EQ00000378,L2,Isolation/LOTO,False,True,False,Operator
EMP013124,EQ00000378,L4,Isolation/LOTO,True,True,True,Supervisor
EMP005033,EQ00000984,L4,Electrical Isolation/LOTO,True,False,False,Operator
EMP002735,EQ00000984,L6,Electrical Isolation/LOTO,False,True,False,Operator
EMP029483,EQ00000984,L4,Electrical Isolation/LOTO,False,True,False,Maintenance
EMP016297,EQ00000984,L3,Electrical Isolation/LOTO,False,False,False,Operator
EMP044193,EQ00002340,L2,Drilling Operations,False,False,False,Inspector
EMP049039,EQ00002340,L4,Drilling Operations,False,True,False,Maintenance
EMP016496,EQ00002340,L3,Drilling Operations,False,True,False,Supervisor
EMP012846,EQ00002301,L3,Gas Detection,False,False,False,Operator
EMP001367,EQ00002301,L4,Gas Detection,False,True,False,Maintenance
EMP045394,EQ00002301,L3,Gas Detection,False,False,False,Supervisor
EMP003164,EQ00002301,L3,Gas Detection,False,False,False,Operator
EMP042220,EQ00002301,L6,Gas Detection,True,False,False,Inspector
EMP037730,EQ00002301,L6,Gas Detection,True,True,True,Supervisor
EMP005692,EQ00002301,L2,Gas Detection,False,False,False,Inspector
EMP015024,EQ00002301,L4,Gas Detection,False,True,False,Maintenance
EMP000877,EQ00000584,L4,Line of Fire Awareness,False,True,False,Maintenance
EMP018920,EQ00000584,L6,Line of Fire Awareness,True,True,True,Operator
EMP045683,EQ00000584,L4,Line of Fire Awareness,False,False,False,Maintenance
EMP049073,EQ00000584,L2,Line of Fire Awareness,True,False,False,Maintenance
EMP047809,EQ00000584,L2,Line of Fire Awareness,False,False,False,Inspector
EMP020665,EQ00000584,L6,Line of Fire Awareness,True,True,True,Operator
EMP013297,EQ00000584,L6,Line of Fire Awareness,True,True,True,Inspector
EMP045917,EQ00000438,L3,LOTO,True,True,True,Operator
EMP030095,EQ00000438,L5,LOTO,True,True,True,Inspector
EMP029096,EQ00000438,L2,LOTO,False,False,False,Supervisor
EMP032990,EQ00000438,L3,LOTO,False,True,False,Maintenance
EMP000693,EQ00000729,L3,Permit to Work,False,False,False,Inspector
EMP036575,EQ00000729,L2,Permit to Work,False,False,False,Inspector
EMP020916,EQ00000729,L4,Permit to Work,False,True,False,Operator
EMP024243,EQ00000729,L3,Permit to Work,True,False,False,Operator
EMP031861,EQ00001741,L4,Permit to Work,False,False,False,Inspector
EMP019259,EQ00001741,L2,Permit to Work,True,False,False,Inspector
EMP004983,EQ00001686,L4,Permit to Work,True,False,False,Operator
EMP022786,EQ00001686,L3,Permit to Work,False,False,False,Supervisor
EMP048534,EQ00002767,L3,Gas Detection,False,False,False,Maintenance
EMP042204,EQ00002767,L3,Gas Detection,True,False,False,Operator
EMP042727,EQ00002767,L2,Gas Detection,False,False,False,Supervisor
EMP012541,EQ00002767,L2,Gas Detection,False,False,False,Maintenance
EMP000749,EQ00002767,L5,Gas Detection,False,True,False,Inspector
EMP045833,EQ00002767,L4,Gas Detection,False,True,False,Supervisor
EMP026727,EQ00002767,L3,Gas Detection,False,False,False,Operator
EMP046216,EQ00002767,L3,Gas Detection,False,False,False,Supervisor
EMP032219,EQ00001797,L5,Pipeline Operations,False,True,False,Inspector
EMP045532,EQ00001797,L5,Pipeline Operations,True,True,True,Maintenance
EMP002996,EQ00001797,L5,Pipeline Operations,True,True,True,Operator
EMP010880,EQ00001797,L5,Pipeline Operations,True,True,True,Operator
EMP028795,EQ00001797,L4,Pipeline Operations,False,False,False,Operator
EMP031114,EQ00001797,L4,Pipeline Operations,False,False,False,Maintenance
EMP042758,EQ00001037,L3,Process Operations,False,False,False,Inspector
EMP030765,EQ00001037,L4,Process Operations,False,False,False,Maintenance
EMP038258,EQ00001037,L3,Process Operations,False,False,False,Operator
EMP004030,EQ00001037,L3,Process Operations,False,True,False,Operator
EMP032397,EQ00001504,L5,Fire Water Systems,True,True,True,Operator
EMP025769,EQ00001504,L3,Fire Water Systems,False,False,False,Maintenance
EMP026918,EQ00001504,L2,Fire Water Systems,False,False,False,Inspector
EMP012764,EQ00001504,L4,Fire Water Systems,False,False,False,Maintenance
EMP048262,EQ00001504,L3,Fire Water Systems,True,False,False,Maintenance
EMP024584,EQ00001504,L5,Fire Water Systems,True,True,True,Supervisor
EMP009430,EQ00001504,L5,Fire Water Systems,True,True,True,Maintenance
EMP022536,EQ00001990,L4,Process Operations,False,False,False,Supervisor
EMP003498,EQ00001990,L5,Process Operations,True,True,True,Operator
EMP004572,EQ00001990,L4,Process Operations,False,False,False,Inspector
EMP009511,EQ00002592,L4,Journey Management,True,True,True,Inspector
EMP047415,EQ00002592,L3,Journey Management,False,False,False,Inspector
EMP010172,EQ00002592,L2,Journey Management,False,True,False,Supervisor
EMP019251,EQ00002592,L5,Journey Management,True,True,True,Supervisor
EMP034428,EQ00002592,L4,Journey Management,False,False,False,Operator
EMP017039,EQ00002592,L6,Journey Management,True,True,True,Maintenance
EMP013562,EQ00002592,L3,Journey Management,True,False,False,Supervisor
EMP046231,EQ00002687,L5,Electrical Isolation/LOTO,True,True,True,Supervisor
EMP043893,EQ00002687,L2,Electrical Isolation/LOTO,False,False,False,Inspector
EMP015341,EQ00002687,L4,Electrical Isolation/LOTO,True,True,True,Inspector
EMP017360,EQ00002687,L4,Electrical Isolation/LOTO,True,True,True,Maintenance
EMP030228,EQ00000916,L4,Process Operations,False,False,False,Inspector
EMP028352,EQ00000916,L4,Process Operations,False,False,False,Inspector
EMP005053,EQ00000916,L3,Process Operations,False,False,False,Operator
EMP030179,EQ00000916,L4,Process Operations,False,False,False,Inspector
EMP039903,EQ00000916,L3,Process Operations,False,True,False,Operator
EMP038855,EQ00000916,L4,Process Operations,False,True,False,Inspector
EMP019922,EQ00000916,L3,Process Operations,False,False,False,Maintenance
EMP003573,EQ00002496,L5,Pipeline Operations,False,True,False,Operator
EMP013839,EQ00002496,L3,Pipeline Operations,True,False,False,Maintenance
EMP045772,EQ00002496,L4,Pipeline Operations,False,False,False,Maintenance
EMP035443,EQ00002496,L4,Pipeline Operations,False,True,False,Operator
EMP023657,EQ00002496,L3,Pipeline Operations,False,True,False,Supervisor
EMP002770,EQ00000799,L4,Mechanical Inspection,False,False,False,Inspector
EMP033267,EQ00000799,L3,Mechanical Inspection,False,False,False,Supervisor
EMP013835,EQ00000542,L3,Line of Fire Awareness,False,False,False,Inspector
EMP036140,EQ00000542,L3,Line of Fire Awareness,False,False,False,Inspector
EMP024964,EQ00000542,L5,Line of Fire Awareness,True,True,True,Maintenance
EMP029404,EQ00000542,L6,Line of Fire Awareness,True,True,True,Maintenance
EMP045109,EQ00000542,L3,Line of Fire Awareness,False,True,False,Maintenance
EMP020107,EQ00000542,L5,Line of Fire Awareness,True,True,True,Supervisor
EMP046677,EQ00000542,L4,Line of Fire Awareness,False,False,False,Supervisor
EMP002022,EQ00000542,L4,Line of Fire Awareness,False,False,False,Operator
EMP024701,EQ00002359,L4,Drilling Operations,True,False,False,Maintenance
EMP028010,EQ00002359,L3,Drilling Operations,True,False,False,Supervisor
EMP034255,EQ00002359,L3,Drilling Operations,False,True,False,Operator
EMP037274,EQ00002359,L5,Drilling Operations,True,True,True,Operator
EMP017526,EQ00002359,L4,Drilling Operations,False,False,False,Maintenance
EMP031389,EQ00002359,L4,Drilling Operations,False,False,False,Inspector
EMP022616,EQ00002359,L3,Drilling Operations,False,False,False,Operator
EMP041806,EQ00002359,L4,Drilling Operations,True,False,False,Operator
EMP049095,EQ00001699,L4,LOTO,True,False,False,Maintenance
EMP020041,EQ00001699,L3,LOTO,False,False,False,Operator
EMP040033,EQ00001699,L2,LOTO,False,True,False,Operator
EMP039165,EQ00001699,L2,LOTO,False,False,False,Operator
EMP016670,EQ00001266,L3,Electrical Isolation/LOTO,False,False,False,Operator
EMP001493,EQ00001266,L3,Electrical Isolation/LOTO,True,False,False,Operator
EMP003817,EQ00001266,L3,Electrical Isolation/LOTO,False,False,False,Supervisor
EMP048156,EQ00001266,L3,Electrical Isolation/LOTO,False,False,False,Supervisor
EMP047608,EQ00001266,L4,Electrical Isolation/LOTO,False,False,False,Maintenance
EMP002036,EQ00001266,L3,Electrical Isolation/LOTO,False,False,False,Operator
EMP007046,EQ00001266,L3,Electrical Isolation/LOTO,False,False,False,Operator
EMP019115,EQ00000710,L3,Rotating Equipment,False,True,False,Inspector
EMP028839,EQ00000710,L4,Rotating Equipment,False,False,False,Inspector
EMP029802,EQ00000710,L3,Rotating Equipment,False,False,False,Supervisor
EMP049737,EQ00000710,L2,Rotating Equipment,False,False,False,Operator
EMP023430,EQ00000710,L3,Rotating Equipment,False,False,False,Inspector
EMP034016,EQ00000710,L3,Rotating Equipment,False,False,False,Inspector
EMP007264,EQ00000452,L2,LOTO,True,False,False,Inspector
EMP045381,EQ00000452,L2,LOTO,False,False,False,Operator
EMP026942,EQ00000452,L3,LOTO,True,False,False,Inspector
EMP049106,EQ00000452,L4,LOTO,False,False,False,Supervisor
EMP041123,EQ00000452,L4,LOTO,False,False,False,Supervisor
EMP024324,EQ00000452,L3,LOTO,False,False,False,Inspector
EMP005475,EQ00000504,L2,Wastewater Operations,False,False,False,Inspector
EMP000352,EQ00000504,L5,Wastewater Operations,True,True,True,Supervisor
EMP033745,EQ00000504,L6,Wastewater Operations,True,True,True,Operator
EMP004865,EQ00001256,L3,Permit to Work,True,False,False,Maintenance
EMP000102,EQ00001256,L4,Permit to Work,True,False,False,Supervisor
EMP043124,EQ00001256,L3,Permit to Work,False,False,False,Operator
EMP034631,EQ00001256,L2,Permit to Work,True,False,False,Maintenance
EMP041074,EQ00001256,L4,Permit to Work,True,False,False,Maintenance
EMP028496,EQ00001256,L4,Permit to Work,True,False,False,Supervisor
EMP008985,EQ00001256,L2,Permit to Work,True,False,False,Maintenance
EMP040980,EQ00001256,L5,Permit to Work,True,True,True,Operator
EMP033869,EQ00001311,L4,Line of Fire Awareness,True,False,False,Maintenance
EMP002671,EQ00001311,L4,Line of Fire Awareness,True,True,True,Operator
EMP045704,EQ00001311,L2,Line of Fire Awareness,False,True,False,Maintenance
EMP004547,EQ00001311,L2,Line of Fire Awareness,False,False,False,Maintenance
EMP015381,EQ00001311,L5,Line of Fire Awareness,True,True,True,Operator
EMP033209,EQ00002424,L4,Gas Testing,False,False,False,Inspector
EMP047554,EQ00002424,L3,Gas Testing,False,False,False,Supervisor
EMP048779,EQ00002382,L2,Hot Work,False,False,False,Supervisor
EMP004623,EQ00002382,L2,Hot Work,False,False,False,Operator
EMP043305,EQ00002382,L6,Hot Work,True,True,True,Inspector
EMP022882,EQ00002382,L4,Hot Work,False,True,False,Supervisor
EMP034454,EQ00002382,L2,Hot Work,False,False,False,Maintenance
EMP043428,EQ00001046,L5,Hydrotest Safety,True,True,True,Operator
EMP029570,EQ00001046,L2,Hydrotest Safety,False,False,False,Supervisor
EMP007155,EQ00001046,L3,Hydrotest Safety,False,False,False,Inspector
EMP024975,EQ00001046,L5,Hydrotest Safety,True,True,True,Inspector
EMP046754,EQ00000153,L6,Motor Maintenance,True,True,True,Operator
EMP007912,EQ00000153,L3,Motor Maintenance,True,False,False,Operator
EMP029079,EQ00000153,L4,Motor Maintenance,False,True,False,Operator
EMP024494,EQ00000153,L2,Motor Maintenance,False,False,False,Operator
EMP046720,EQ00002028,L4,Permit to Work,False,True,False,Inspector
EMP039264,EQ00002028,L3,Permit to Work,False,False,False,Maintenance
EMP007566,EQ00002028,L5,Permit to Work,True,True,True,Operator
EMP038794,EQ00002028,L3,Permit to Work,True,False,False,Operator
EMP046290,EQ00002028,L2,Permit to Work,False,False,False,Maintenance
EMP041380,EQ00002028,L2,Permit to Work,True,False,False,Supervisor
EMP004477,EQ00002146,L3,Welding Safety,False,False,False,Supervisor
EMP041132,EQ00002146,L3,Welding Safety,True,False,False,Inspector
EMP004838,EQ00002146,L3,Welding Safety,False,False,False,Inspector
EMP040283,EQ00002146,L4,Welding Safety,False,False,False,Inspector
EMP049483,EQ00002146,L3,Welding Safety,False,True,False,Maintenance
EMP002299,EQ00002701,L2,Welding Safety,False,False,False,Maintenance
EMP034771,EQ00002701,L2,Welding Safety,False,False,False,Inspector
EMP034818,EQ00002701,L3,Welding Safety,False,False,False,Supervisor
EMP042887,EQ00002701,L4,Welding Safety,True,True,True,Inspector
EMP032573,EQ00002701,L4,Welding Safety,True,True,True,Maintenance
EMP008028,EQ00002701,L3,Welding Safety,False,True,False,Operator
EMP024090,EQ00002701,L4,Welding Safety,True,True,True,Supervisor
EMP037305,EQ00002701,L4,Welding Safety,True,False,False,Maintenance
EMP014205,EQ00000955,L5,Process Operations,False,True,False,Operator
EMP010807,EQ00000955,L3,Process Operations,False,False,False,Inspector
EMP015534,EQ00000955,L2,Process Operations,False,True,False,Operator
EMP029609,EQ00001112,L4,Alignment,True,True,True,Operator
EMP003145,EQ00001112,L3,Alignment,True,False,False,Inspector
EMP039271,EQ00001162,L4,Pressure Systems Safety,False,True,False,Supervisor
EMP020322,EQ00001162,L3,Pressure Systems Safety,True,False,False,Inspector
EMP044433,EQ00001162,L2,Pressure Systems Safety,True,False,False,Inspector
EMP009786,EQ00002727,L4,Workshop Safety,True,True,False,Operator
EMP032819,EQ00002727,L6,Workshop Safety,False,True,False,Operator
EMP033087,EQ00002727,L4,Workshop Safety,False,False,False,Supervisor
EMP018169,EQ00002727,L3,Workshop Safety,True,False,False,Supervisor
EMP027345,EQ00002727,L4,Workshop Safety,False,False,False,Operator
EMP032952,EQ00000401,L5,Permit to Work,True,False,False,Supervisor
EMP026182,EQ00000401,L4,Permit to Work,True,False,False,Supervisor
EMP019294,EQ00000401,L5,Permit to Work,True,True,True,Supervisor
EMP047069,EQ00002700,L2,Lubrication,True,False,False,Maintenance
EMP001653,EQ00002700,L3,Lubrication,True,True,True,Operator
EMP018852,EQ00002700,L2,Lubrication,False,True,False,Operator
EMP004542,EQ00000175,L3,Well Control,False,False,False,Maintenance
EMP029435,EQ00000175,L3,Well Control,True,False,False,Inspector
EMP021047,EQ00000175,L3,Well Control,False,False,False,Inspector
EMP008399,EQ00000175,L5,Well Control,True,True,True,Operator
EMP003707,EQ00001861,L4,Pressure Vessel Safety,False,True,False,Inspector
EMP012840,EQ00001861,L3,Pressure Vessel Safety,True,True,False,Inspector
EMP043284,EQ00001861,L4,Pressure Vessel Safety,False,False,False,Inspector
EMP026550,EQ00002354,L2,Pump Maintenance,False,True,False,Maintenance
EMP049222,EQ00002354,L2,Pump Maintenance,True,False,False,Maintenance
EMP026690,EQ00002354,L5,Pump Maintenance,True,True,True,Operator
EMP013013,EQ00002354,L4,Pump Maintenance,False,True,False,Inspector
EMP044127,EQ00002354,L5,Pump Maintenance,True,True,True,Operator
EMP039796,EQ00001678,L3,Permit to Work,True,False,False,Supervisor
EMP033540,EQ00001678,L3,Permit to Work,False,False,False,Inspector
EMP041030,EQ00001678,L2,Permit to Work,True,False,False,Operator
EMP014238,EQ00001678,L3,Permit to Work,True,False,False,Inspector
EMP018697,EQ00001678,L5,Permit to Work,True,True,True,Maintenance
EMP016005,EQ00001678,L6,Permit to Work,True,True,True,Operator
EMP041221,EQ00001678,L4,Permit to Work,False,True,False,Inspector
EMP026834,EQ00001678,L4,Permit to Work,True,True,True,Maintenance
EMP041986,EQ00001358,L3,Gas Detection,False,False,False,Operator
EMP022521,EQ00001358,L3,Gas Detection,False,False,False,Supervisor
EMP015421,EQ00001358,L3,Gas Detection,False,False,False,Maintenance
EMP020251,EQ00001479,L5,Drilling Operations,True,True,True,Maintenance
EMP007536,EQ00001479,L4,Drilling Operations,False,False,False,Maintenance
EMP046929,EQ00001479,L2,Drilling Operations,False,True,False,Operator
EMP020377,EQ00001479,L4,Drilling Operations,True,False,False,Supervisor
EMP029489,EQ00001479,L4,Drilling Operations,False,False,False,Inspector
EMP025732,EQ00002335,L4,Journey Management,False,True,False,Maintenance
EMP033930,EQ00002335,L3,Journey Management,False,False,False,Supervisor
EMP030366,EQ00000381,L2,Lubrication,False,False,False,Maintenance
EMP014636,EQ00000381,L3,Lubrication,False,True,False,Maintenance
EMP022211,EQ00000381,L3,Lubrication,False,False,False,Maintenance
EMP006967,EQ00000381,L5,Lubrication,True,True,True,Supervisor
EMP021441,EQ00002504,L3,Pressure Systems Safety,False,False,False,Maintenance
EMP019569,EQ00002504,L2,Pressure Systems Safety,False,True,False,Operator
EMP008370,EQ00002504,L2,Pressure Systems Safety,True,True,False,Operator
EMP025152,EQ00002504,L4,Pressure Systems Safety,False,False,False,Maintenance
EMP029983,EQ00001391,L5,Electrical Isolation/LOTO,True,True,True,Maintenance
EMP017342,EQ00001391,L4,Electrical Isolation/LOTO,False,True,False,Inspector
EMP029969,EQ00001391,L2,Electrical Isolation/LOTO,False,True,False,Operator
EMP046035,EQ00001391,L6,Electrical Isolation/LOTO,True,True,True,Operator
EMP033068,EQ00001964,L4,Emergency Response,True,True,False,Supervisor
EMP000170,EQ00001964,L4,Emergency Response,True,False,False,Inspector
EMP014825,EQ00001964,L3,Emergency Response,True,False,False,Maintenance
EMP042607,EQ00001964,L3,Emergency Response,False,False,False,Supervisor
EMP022241,EQ00001964,L5,Emergency Response,True,True,True,Supervisor
EMP003096,EQ00001964,L4,Emergency Response,False,False,False,Maintenance
EMP012044,EQ00001964,L3,Emergency Response,True,False,False,Operator
EMP019691,EQ00001964,L2,Emergency Response,False,False,False,Maintenance
EMP025558,EQ00000947,L3,Defensive Driving,False,False,False,Inspector
EMP029988,EQ00000947,L2,Defensive Driving,False,False,False,Operator
EMP036805,EQ00000947,L4,Defensive Driving,True,True,True,Inspector
EMP014427,EQ00000947,L4,Defensive Driving,True,True,True,Supervisor
EMP030686,EQ00000947,L6,Defensive Driving,True,True,True,Operator
EMP004891,EQ00000947,L3,Defensive Driving,False,True,False,Inspector
EMP031376,EQ00000947,L3,Defensive Driving,False,True,False,Maintenance
EMP023097,EQ00000670,L3,Fire Water Systems,True,True,False,Operator
EMP030549,EQ00000670,L2,Fire Water Systems,False,False,False,Supervisor
EMP033913,EQ00000670,L2,Fire Water Systems,False,False,False,Inspector
EMP034691,EQ00000670,L2,Fire Water Systems,True,False,False,Inspector
EMP002811,EQ00000670,L3,Fire Water Systems,False,False,False,Maintenance
EMP001304,EQ00000858,L4,Lifting Gear Inspection,False,False,False,Inspector
EMP007518,EQ00000858,L3,Lifting Gear Inspection,False,False,False,Maintenance
EMP036053,EQ00000858,L4,Lifting Gear Inspection,True,False,False,Supervisor
EMP013655,EQ00000858,L4,Lifting Gear Inspection,False,False,False,Maintenance
EMP031134,EQ00002287,L6,Instrumentation,True,True,True,Supervisor
EMP021816,EQ00002287,L4,Instrumentation,True,True,True,Maintenance
EMP016974,EQ00002287,L5,Instrumentation,True,True,True,Supervisor
EMP013509,EQ00002287,L3,Instrumentation,False,True,False,Supervisor
EMP049641,EQ00002287,L4,Instrumentation,True,True,True,Inspector
EMP021209,EQ00002287,L2,Instrumentation,False,False,False,Supervisor
EMP014764,EQ00002287,L3,Instrumentation,False,False,False,Maintenance
EMP047546,EQ00002159,L5,LOTO,True,True,True,Supervisor
EMP047378,EQ00002159,L2,LOTO,True,False,False,Supervisor
EMP012808,EQ00002159,L3,LOTO,False,True,False,Supervisor
EMP029693,EQ00002159,L4,LOTO,True,True,True,Inspector
EMP012903,EQ00002159,L2,LOTO,False,False,False,Maintenance
EMP039918,EQ00002159,L4,LOTO,True,True,True,Maintenance
EMP048162,EQ00000018,L2,Hot Work,False,False,False,Maintenance
EMP015334,EQ00000018,L4,Hot Work,True,True,True,Supervisor
EMP035741,EQ00000018,L4,Hot Work,True,True,True,Inspector
EMP000187,EQ00000018,L5,Hot Work,False,True,False,Inspector
EMP008278,EQ00000018,L3,Hot Work,False,False,False,Operator
EMP033807,EQ00000018,L4,Hot Work,True,True,True,Supervisor
EMP039575,EQ00002080,L4,Welding Safety,True,False,False,Inspector
EMP046146,EQ00002080,L3,Welding Safety,False,False,False,Supervisor
EMP021322,EQ00002080,L3,Welding Safety,False,True,False,Supervisor
EMP002778,EQ00002080,L2,Welding Safety,False,False,False,Supervisor
EMP032612,EQ00002080,L4,Welding Safety,False,False,False,Supervisor
EMP013869,EQ00002080,L4,Welding Safety,False,False,False,Inspector
EMP009301,EQ00001572,L3,LOTO,False,False,False,Supervisor
EMP017375,EQ00001572,L3,LOTO,False,False,False,Supervisor
EMP048799,EQ00001572,L3,LOTO,False,False,False,Supervisor
EMP039404,EQ00001036,L5,Hydrotest Safety,True,True,True,Operator
EMP048209,EQ00001036,L4,Hydrotest Safety,True,False,False,Maintenance
EMP002073,EQ00001036,L3,Hydrotest Safety,False,False,False,Operator
EMP009416,EQ00001036,L2,Hydrotest Safety,True,False,False,Supervisor
EMP045602,EQ00000872,L2,Permit to Work,False,False,False,Supervisor
EMP039575,EQ00000872,L4,Permit to Work,False,False,False,Supervisor
EMP049511,EQ00002711,L4,Machine Tool Operation,False,False,False,Operator
EMP044516,EQ00002711,L4,Machine Tool Operation,True,True,False,Supervisor
EMP038464,EQ00002711,L6,Machine Tool Operation,True,True,True,Operator
EMP036383,EQ00001547,L5,Drilling Operations,False,False,False,Supervisor
EMP035970,EQ00001547,L5,Drilling Operations,True,False,False,Maintenance
EMP001921,EQ00001547,L4,Drilling Operations,True,False,False,Inspector
EMP025940,EQ00001547,L2,Drilling Operations,False,False,False,Maintenance
EMP044488,EQ00001547,L5,Drilling Operations,True,True,True,Maintenance
EMP001845,EQ00001547,L6,Drilling Operations,True,True,True,Inspector
EMP049657,EQ00001547,L5,Drilling Operations,True,True,True,Supervisor
EMP046492,EQ00001334,L4,Fire Fighting,False,False,False,Supervisor
EMP005790,EQ00001334,L3,Fire Fighting,False,False,False,Maintenance
EMP010708,EQ00001334,L4,Fire Fighting,False,False,False,Maintenance
EMP027272,EQ00002368,L4,Vehicle Inspection,False,False,False,Maintenance
EMP039291,EQ00002368,L4,Vehicle Inspection,False,False,False,Supervisor
EMP009245,EQ00002368,L3,Vehicle Inspection,False,False,False,Maintenance
EMP022562,EQ00002368,L4,Vehicle Inspection,False,False,False,Maintenance
EMP028033,EQ00002368,L3,Vehicle Inspection,False,False,False,Inspector
EMP033395,EQ00000113,L3,Drilling Operations,False,False,False,Supervisor
EMP045693,EQ00000113,L3,Drilling Operations,False,False,False,Operator
EMP021169,EQ00000113,L5,Drilling Operations,True,True,True,Maintenance
EMP040369,EQ00000113,L4,Drilling Operations,True,True,True,Maintenance
EMP016399,EQ00000113,L2,Drilling Operations,False,False,False,Maintenance
EMP002307,EQ00002409,L2,Valve Maintenance,False,False,False,Inspector
EMP018364,EQ00002409,L2,Valve Maintenance,False,False,False,Supervisor
EMP021480,EQ00002137,L3,Gas Testing,True,False,False,Operator
EMP038031,EQ00002137,L4,Gas Testing,False,False,False,Maintenance
EMP023428,EQ00002137,L4,Gas Testing,False,True,False,Maintenance
EMP034728,EQ00002137,L3,Gas Testing,True,False,False,Operator
EMP041579,EQ00001961,L2,Pipeline Operations,False,True,False,Maintenance
EMP036167,EQ00001961,L5,Pipeline Operations,True,True,True,Supervisor
EMP021650,EQ00001961,L4,Pipeline Operations,False,False,False,Inspector
EMP022284,EQ00001961,L3,Pipeline Operations,False,False,False,Supervisor
EMP003549,EQ00001961,L3,Pipeline Operations,False,False,False,Operator
EMP025375,EQ00000616,L2,Permit to Work,False,False,False,Supervisor
EMP007210,EQ00000616,L4,Permit to Work,False,False,False,Inspector
EMP046631,EQ00000138,L3,Wastewater Operations,True,False,False,Inspector
EMP013039,EQ00000138,L4,Wastewater Operations,True,False,False,Operator
EMP037360,EQ00000138,L4,Wastewater Operations,True,False,False,Inspector
EMP025630,EQ00000138,L4,Wastewater Operations,True,True,True,Inspector
EMP044109,EQ00000379,L5,Workshop Safety,False,True,False,Inspector
EMP023833,EQ00000379,L3,Workshop Safety,False,False,False,Operator
EMP019604,EQ00000379,L4,Workshop Safety,False,False,False,Operator
EMP007878,EQ00000379,L3,Workshop Safety,True,False,False,Operator
EMP017857,EQ00000379,L4,Workshop Safety,False,False,False,Operator
EMP029493,EQ00002051,L4,Mechanical Inspection,True,True,True,Maintenance
EMP036091,EQ00002051,L4,Mechanical Inspection,True,True,True,Operator
EMP048871,EQ00002051,L4,Mechanical Inspection,False,True,False,Inspector
EMP036190,EQ00002051,L5,Mechanical Inspection,True,True,True,Supervisor
EMP031022,EQ00002051,L3,Mechanical Inspection,True,False,False,Operator
EMP037744,EQ00002463,L4,Permit to Work,False,False,False,Inspector
EMP022695,EQ00002463,L4,Permit to Work,False,False,False,Operator
EMP006711,EQ00002467,L2,Line of Fire Awareness,True,False,False,Operator
EMP044044,EQ00002467,L3,Line of Fire Awareness,True,True,True,Supervisor
EMP047224,EQ00002467,L3,Line of Fire Awareness,True,False,False,Inspector
EMP043153,EQ00002467,L5,Line of Fire Awareness,True,True,True,Operator
EMP026802,EQ00002467,L5,Line of Fire Awareness,True,True,True,Inspector
EMP027945,EQ00002467,L2,Line of Fire Awareness,False,True,False,Maintenance
EMP048196,EQ00002467,L2,Line of Fire Awareness,False,False,False,Maintenance
EMP039837,EQ00001390,L6,Pipeline Operations,True,False,False,Maintenance
EMP016569,EQ00001390,L6,Pipeline Operations,True,True,True,Inspector
EMP026455,EQ00001390,L4,Pipeline Operations,False,True,False,Operator
EMP019373,EQ00001390,L3,Pipeline Operations,True,True,True,Supervisor
EMP019594,EQ00001390,L2,Pipeline Operations,False,False,False,Operator
EMP032945,EQ00001390,L2,Pipeline Operations,False,False,False,Maintenance
EMP040631,EQ00001565,L5,Permit to Work,True,False,False,Inspector
EMP021965,EQ00001565,L5,Permit to Work,True,True,True,Supervisor
EMP049612,EQ00001565,L6,Permit to Work,True,True,True,Supervisor
EMP006551,EQ00001565,L3,Permit to Work,False,False,False,Inspector
EMP043659,EQ00001565,L2,Permit to Work,True,False,False,Supervisor
EMP028839,EQ00001565,L4,Permit to Work,False,False,False,Supervisor
EMP011602,EQ00001241,L5,Gas Detection,True,False,False,Operator
EMP007687,EQ00001241,L4,Gas Detection,True,True,True,Inspector
EMP041590,EQ00001241,L3,Gas Detection,True,True,True,Inspector
EMP028707,EQ00001373,L2,Isolation/LOTO,True,True,False,Supervisor
EMP037927,EQ00001373,L3,Isolation/LOTO,False,False,False,Operator
EMP004104,EQ00001373,L2,Isolation/LOTO,True,True,False,Supervisor
EMP016096,EQ00001373,L6,Isolation/LOTO,False,True,False,Operator
EMP046472,EQ00001373,L4,Isolation/LOTO,True,True,True,Operator
EMP004302,EQ00001373,L5,Isolation/LOTO,True,True,True,Operator
EMP036969,EQ00001373,L4,Isolation/LOTO,True,True,True,Inspector
EMP037742,EQ00000328,L5,Lifting Operations,True,True,True,Maintenance
EMP046029,EQ00000328,L2,Lifting Operations,False,False,False,Supervisor
EMP020137,EQ00000328,L3,Lifting Operations,False,False,False,Supervisor
EMP044277,EQ00002569,L3,Process Safety,True,False,False,Inspector
EMP024110,EQ00002569,L4,Process Safety,False,False,False,Inspector
EMP003600,EQ00002569,L4,Process Safety,False,False,False,Operator
EMP008113,EQ00002569,L6,Process Safety,True,True,True,Inspector
EMP024744,EQ00002569,L4,Process Safety,False,True,False,Operator
EMP034278,EQ00002569,L3,Process Safety,False,False,False,Operator
EMP011772,EQ00002569,L2,Process Safety,False,False,False,Maintenance
EMP031179,EQ00002569,L4,Process Safety,False,True,False,Operator
EMP029862,EQ00002201,L2,Switchgear Operation,False,True,False,Inspector
EMP047638,EQ00002201,L2,Switchgear Operation,True,False,False,Supervisor
EMP005324,EQ00001056,L6,Permit to Work,True,True,True,Supervisor
EMP007540,EQ00001056,L3,Permit to Work,False,False,False,Inspector
EMP021002,EQ00001056,L3,Permit to Work,False,False,False,Supervisor
EMP046873,EQ00001056,L6,Permit to Work,True,False,False,Inspector
EMP041570,EQ00000686,L5,Rig Floor Safety,True,False,False,Maintenance
EMP004051,EQ00000686,L5,Rig Floor Safety,False,True,False,Inspector
EMP038896,EQ00000686,L3,Rig Floor Safety,False,False,False,Operator
EMP045194,EQ00000686,L4,Rig Floor Safety,True,True,True,Maintenance
EMP015815,EQ00000686,L3,Rig Floor Safety,False,False,False,Maintenance
EMP042333,EQ00000686,L3,Rig Floor Safety,False,False,False,Supervisor
EMP006760,EQ00000686,L3,Rig Floor Safety,True,False,False,Operator
EMP016469,EQ00000686,L4,Rig Floor Safety,True,True,True,Operator
EMP022157,EQ00002582,L4,Lifting Operations,True,False,False,Operator
EMP001058,EQ00002582,L3,Lifting Operations,False,False,False,Operator
EMP018841,EQ00002582,L6,Lifting Operations,True,False,False,Maintenance
EMP046230,EQ00002582,L3,Lifting Operations,True,False,False,Supervisor
EMP015846,EQ00002582,L4,Lifting Operations,False,True,False,Supervisor
EMP010428,EQ00002582,L5,Lifting Operations,True,True,True,Supervisor
EMP044019,EQ00002582,L3,Lifting Operations,False,True,False,Maintenance
EMP043029,EQ00002396,L5,Crane Operation,True,True,True,Maintenance
EMP017099,EQ00002396,L3,Crane Operation,False,False,False,Supervisor
EMP043826,EQ00002116,L6,Rig Floor Safety,True,True,True,Inspector
EMP024991,EQ00002116,L4,Rig Floor Safety,False,True,False,Operator
EMP024655,EQ00001051,L4,Lifting Gear Inspection,False,False,False,Operator
EMP004624,EQ00001051,L4,Lifting Gear Inspection,False,False,False,Maintenance
EMP018273,EQ00001051,L4,Lifting Gear Inspection,False,False,False,Operator
EMP011647,EQ00001051,L3,Lifting Gear Inspection,True,False,False,Operator
EMP041051,EQ00001631,L5,Fire Fighting,True,True,True,Supervisor
EMP013288,EQ00001631,L3,Fire Fighting,False,True,False,Inspector
EMP006583,EQ00001631,L4,Fire Fighting,False,False,False,Inspector
EMP012324,EQ00002445,L4,Permit to Work,False,False,False,Maintenance
EMP049769,EQ00002445,L2,Permit to Work,False,False,False,Operator
EMP003500,EQ00002445,L4,Permit to Work,False,False,False,Maintenance
EMP040684,EQ00002445,L2,Permit to Work,False,False,False,Operator
EMP004323,EQ00002445,L4,Permit to Work,False,False,False,Supervisor
EMP034507,EQ00002445,L5,Permit to Work,True,False,False,Operator
EMP006647,EQ00002445,L5,Permit to Work,True,True,True,Inspector
EMP000982,EQ00002445,L4,Permit to Work,False,False,False,Inspector
EMP013669,EQ00001835,L5,Electrical Safety,True,True,True,Maintenance
EMP040623,EQ00001835,L3,Electrical Safety,True,False,False,Maintenance
EMP038727,EQ00001835,L2,Electrical Safety,False,True,False,Operator
EMP041365,EQ00001835,L2,Electrical Safety,False,False,False,Supervisor
EMP011705,EQ00001835,L2,Electrical Safety,False,False,False,Maintenance
EMP036826,EQ00001835,L4,Electrical Safety,True,False,False,Maintenance
EMP025315,EQ00001835,L4,Electrical Safety,False,False,False,Inspector
EMP018572,EQ00001835,L3,Electrical Safety,False,False,False,Operator
EMP037592,EQ00000550,L4,Mechanical Inspection,True,False,False,Supervisor
EMP008372,EQ00000550,L3,Mechanical Inspection,False,False,False,Operator
EMP038341,EQ00000514,L2,Calibration,True,False,False,Maintenance
EMP039881,EQ00000514,L2,Calibration,False,False,False,Inspector
EMP040994,EQ00000514,L3,Calibration,False,True,False,Supervisor
EMP044955,EQ00000514,L4,Calibration,True,True,True,Maintenance
EMP019423,EQ00000514,L5,Calibration,True,True,True,Operator
EMP017539,EQ00000514,L6,Calibration,True,True,True,Inspector
EMP025302,EQ00001954,L3,Valve Maintenance,False,False,False,Maintenance
EMP042971,EQ00001954,L2,Valve Maintenance,False,False,False,Supervisor
EMP041787,EQ00001954,L3,Valve Maintenance,False,False,False,Supervisor
EMP018292,EQ00001954,L3,Valve Maintenance,True,False,False,Maintenance
EMP022603,EQ00001916,L3,Pressure Testing,True,True,True,Operator
EMP009512,EQ00001916,L4,Pressure Testing,True,False,False,Supervisor
EMP037789,EQ00001916,L3,Pressure Testing,True,True,True,Supervisor
EMP025169,EQ00001916,L6,Pressure Testing,True,True,True,Maintenance
EMP011665,EQ00001916,L4,Pressure Testing,True,True,True,Inspector
EMP030179,EQ00001916,L4,Pressure Testing,True,True,True,Inspector
EMP044801,EQ00001916,L6,Pressure Testing,True,False,False,Operator
EMP014912,EQ00000634,L4,Workshop Safety,True,False,False,Inspector
EMP011433,EQ00000634,L6,Workshop Safety,True,True,True,Maintenance
EMP046625,EQ00000634,L5,Workshop Safety,True,True,True,Inspector
EMP035210,EQ00000634,L3,Workshop Safety,False,False,False,Supervisor
EMP003102,EQ00001159,L4,Fire Water Systems,False,False,False,Supervisor
EMP048933,EQ00001159,L2,Fire Water Systems,False,False,False,Supervisor
EMP007362,EQ00001159,L3,Fire Water Systems,False,False,False,Operator
EMP017294,EQ00001159,L5,Fire Water Systems,True,True,True,Supervisor
EMP040277,EQ00001159,L5,Fire Water Systems,True,False,False,Operator
EMP034757,EQ00001159,L4,Fire Water Systems,False,False,False,Maintenance
EMP022441,EQ00001344,L4,Pipeline Operations,False,False,False,Supervisor
EMP033275,EQ00001344,L5,Pipeline Operations,False,True,False,Maintenance
EMP030142,EQ00001344,L6,Pipeline Operations,True,True,True,Inspector
EMP017980,EQ00001344,L4,Pipeline Operations,False,False,False,Supervisor
EMP013513,EQ00001344,L4,Pipeline Operations,True,False,False,Supervisor
EMP018615,EQ00001344,L4,Pipeline Operations,False,False,False,Inspector
EMP041907,EQ00001344,L2,Pipeline Operations,False,False,False,Maintenance
EMP033588,EQ00001344,L6,Pipeline Operations,True,True,True,Inspector
EMP043330,EQ00000019,L4,Instrumentation,True,True,True,Inspector
EMP011965,EQ00000019,L4,Instrumentation,True,True,True,Supervisor
EMP025359,EQ00001139,L3,Control Systems,True,False,False,Supervisor
EMP021504,EQ00001139,L2,Control Systems,True,False,False,Inspector
EMP040166,EQ00001139,L6,Control Systems,True,True,True,Inspector
EMP033321,EQ00001139,L4,Control Systems,False,True,False,Maintenance
EMP015247,EQ00001139,L5,Control Systems,True,True,True,Supervisor
EMP004725,EQ00001139,L3,Control Systems,False,False,False,Operator
EMP009182,EQ00002279,L3,Line of Fire Awareness,False,False,False,Operator
EMP005660,EQ00002279,L4,Line of Fire Awareness,False,False,False,Operator
EMP020907,EQ00002279,L4,Line of Fire Awareness,False,True,False,Inspector
EMP003021,EQ00002279,L3,Line of Fire Awareness,False,False,False,Operator
EMP010243,EQ00002279,L3,Line of Fire Awareness,False,False,False,Operator
EMP028398,EQ00000255,L6,Well Control,False,True,False,Inspector
EMP018721,EQ00000255,L5,Well Control,True,True,True,Maintenance
EMP005984,EQ00000255,L2,Well Control,True,False,False,Maintenance
EMP030913,EQ00001862,L4,Instrumentation,False,False,False,Maintenance
EMP018338,EQ00001862,L3,Instrumentation,False,False,False,Operator
EMP009045,EQ00002750,L3,Valve Maintenance,False,False,False,Inspector
EMP004673,EQ00002750,L4,Valve Maintenance,False,False,False,Inspector
EMP001821,EQ00000320,L3,Gas Testing,False,False,False,Operator
EMP028710,EQ00000320,L4,Gas Testing,False,True,False,Maintenance
EMP036339,EQ00002074,L3,Lubrication,False,False,False,Maintenance
EMP047970,EQ00002074,L2,Lubrication,False,True,False,Maintenance
EMP036554,EQ00002074,L3,Lubrication,True,False,False,Supervisor
EMP013135,EQ00002074,L4,Lubrication,True,True,True,Inspector
EMP004051,EQ00000505,L5,Pump Maintenance,True,True,True,Inspector
EMP037761,EQ00000505,L2,Pump Maintenance,False,False,False,Operator
EMP045596,EQ00000505,L4,Pump Maintenance,True,False,False,Operator
EMP015278,EQ00000505,L4,Pump Maintenance,True,True,True,Operator
EMP023427,EQ00000505,L2,Pump Maintenance,False,False,False,Maintenance
EMP010680,EQ00000505,L3,Pump Maintenance,False,False,False,Operator
EMP005692,EQ00001501,L2,Pump Maintenance,True,False,False,Inspector
EMP042595,EQ00001501,L4,Pump Maintenance,False,False,False,Operator
EMP046801,EQ00001501,L3,Pump Maintenance,True,False,False,Maintenance
EMP019908,EQ00001501,L4,Pump Maintenance,False,False,False,Supervisor
EMP047528,EQ00001501,L3,Pump Maintenance,False,False,False,Supervisor
EMP014239,EQ00001501,L3,Pump Maintenance,False,False,False,Supervisor
EMP047078,EQ00001501,L6,Pump Maintenance,True,True,True,Operator
EMP027469,EQ00001303,L4,LOTO,False,False,False,Maintenance
EMP014324,EQ00001303,L4,LOTO,False,False,False,Operator
EMP034131,EQ00001303,L4,LOTO,False,False,False,Operator
EMP031403,EQ00001303,L6,LOTO,True,True,True,Operator
EMP040818,EQ00001303,L4,LOTO,True,False,False,Operator
EMP005269,EQ00002789,L5,Rigging,True,True,True,Supervisor
EMP026485,EQ00002789,L4,Rigging,False,True,False,Maintenance
EMP007599,EQ00002789,L6,Rigging,False,True,False,Operator
EMP044400,EQ00002789,L5,Rigging,True,True,True,Inspector
EMP048021,EQ00002789,L4,Rigging,False,False,False,Operator
EMP032095,EQ00002789,L4,Rigging,False,True,False,Supervisor
EMP041491,EQ00002623,L2,Fire Fighting,True,False,False,Inspector
EMP028347,EQ00002623,L3,Fire Fighting,True,False,False,Inspector
EMP015662,EQ00002623,L2,Fire Fighting,True,False,False,Inspector
EMP009272,EQ00002623,L4,Fire Fighting,True,False,False,Inspector
EMP039124,EQ00002623,L3,Fire Fighting,False,False,False,Inspector
EMP045797,EQ00002623,L4,Fire Fighting,False,False,False,Operator
EMP032498,EQ00002623,L2,Fire Fighting,False,False,False,Inspector
EMP043764,EQ00002623,L4,Fire Fighting,False,False,False,Inspector
EMP034704,EQ00000843,L5,Pressure Systems Safety,False,False,False,Supervisor
EMP032283,EQ00000843,L6,Pressure Systems Safety,True,False,False,Inspector
EMP018991,EQ00002404,L3,Alignment,True,False,False,Inspector
EMP043949,EQ00002404,L5,Alignment,True,True,True,Maintenance
EMP005822,EQ00000605,L3,Electrical Safety,False,True,False,Operator
EMP011790,EQ00000605,L4,Electrical Safety,False,True,False,Maintenance
EMP035230,EQ00000605,L4,Electrical Safety,False,False,False,Operator
EMP049993,EQ00000605,L4,Electrical Safety,False,True,False,Maintenance
EMP036712,EQ00000605,L4,Electrical Safety,False,False,False,Supervisor
EMP048098,EQ00000605,L3,Electrical Safety,False,False,False,Operator
EMP046581,EQ00000605,L3,Electrical Safety,False,False,False,Inspector
EMP021522,EQ00000605,L6,Electrical Safety,True,True,True,Operator
EMP031364,EQ00002537,L4,Isolation/LOTO,False,False,False,Inspector
EMP015933,EQ00002537,L5,Isolation/LOTO,True,True,True,Supervisor
EMP028779,EQ00002537,L5,Isolation/LOTO,True,True,True,Operator
EMP042393,EQ00001179,L5,Welding Safety,True,True,True,Operator
EMP008363,EQ00001179,L3,Welding Safety,True,True,True,Inspector
EMP019451,EQ00001179,L3,Welding Safety,True,True,True,Inspector
EMP024007,EQ00000535,L4,Electrical Safety,False,True,False,Operator
EMP034760,EQ00000535,L5,Electrical Safety,True,True,True,Inspector
EMP003902,EQ00000535,L3,Electrical Safety,False,False,False,Supervisor
EMP034642,EQ00000535,L5,Electrical Safety,True,True,True,Supervisor
EMP007956,EQ00000535,L4,Electrical Safety,True,False,False,Maintenance
EMP049903,EQ00000123,L4,SIS/ESD,True,True,False,Maintenance
EMP045755,EQ00000123,L2,SIS/ESD,False,False,False,Inspector
EMP018942,EQ00000057,L2,Permit to Work,False,False,False,Operator
EMP048299,EQ00000057,L3,Permit to Work,False,False,False,Maintenance
EMP008778,EQ00000057,L3,Permit to Work,True,False,False,Maintenance
EMP042249,EQ00000057,L4,Permit to Work,False,False,False,Supervisor
EMP008342,EQ00000057,L4,Permit to Work,False,False,False,Maintenance
EMP006992,EQ00000057,L3,Permit to Work,False,False,False,Maintenance
EMP002063,EQ00000688,L5,Permit to Work,False,False,False,Maintenance
EMP048152,EQ00000688,L3,Permit to Work,True,False,False,Maintenance
EMP000436,EQ00001054,L4,Process Operations,False,False,False,Operator
EMP034679,EQ00001054,L3,Process Operations,False,False,False,Operator
EMP001504,EQ00001054,L3,Process Operations,False,False,False,Operator
EMP045582,EQ00001054,L5,Process Operations,False,True,False,Operator
EMP043597,EQ00001054,L3,Process Operations,False,False,False,Maintenance
EMP049102,EQ00000671,L4,Machine Tool Operation,True,True,True,Maintenance
EMP009698,EQ00000671,L4,Machine Tool Operation,True,True,True,Operator
EMP026322,EQ00002166,L3,Pressure Systems Safety,True,True,False,Operator
EMP038507,EQ00002166,L4,Pressure Systems Safety,True,True,True,Operator
EMP003705,EQ00002083,L6,Calibration,True,True,True,Operator
EMP040710,EQ00002083,L4,Calibration,False,False,False,Inspector
EMP038489,EQ00002083,L4,Calibration,False,False,False,Inspector
EMP006241,EQ00002083,L5,Calibration,True,True,True,Inspector
EMP025389,EQ00002083,L4,Calibration,False,False,False,Operator
EMP043786,EQ00002083,L5,Calibration,True,True,True,Maintenance
EMP040555,EQ00002083,L4,Calibration,False,False,False,Inspector
EMP010284,EQ00002083,L5,Calibration,True,False,False,Supervisor
EMP024472,EQ00002200,L5,Drilling Operations,True,True,True,Supervisor
EMP045464,EQ00002200,L2,Drilling Operations,False,True,False,Supervisor
EMP031729,EQ00002200,L6,Drilling Operations,True,True,True,Maintenance
EMP026766,EQ00002200,L2,Drilling Operations,False,False,False,Supervisor
EMP018477,EQ00002200,L4,Drilling Operations,True,True,True,Supervisor
EMP011399,EQ00002200,L3,Drilling Operations,False,False,False,Supervisor
EMP022563,EQ00002200,L5,Drilling Operations,True,True,True,Maintenance
EMP030931,EQ00000772,L3,Permit to Work,False,False,False,Inspector
EMP037367,EQ00000772,L5,Permit to Work,False,True,False,Supervisor
EMP022088,EQ00000772,L5,Permit to Work,True,True,True,Maintenance
EMP045629,EQ00000772,L3,Permit to Work,False,False,False,Supervisor
EMP000986,EQ00000772,L3,Permit to Work,False,False,False,Operator
EMP036892,EQ00000772,L2,Permit to Work,True,False,False,Inspector
EMP026913,EQ00000772,L4,Permit to Work,True,True,True,Maintenance
EMP021177,EQ00000279,L2,Motor Maintenance,True,False,False,Operator
EMP017727,EQ00000279,L2,Motor Maintenance,False,True,False,Maintenance
EMP007900,EQ00000279,L5,Motor Maintenance,True,True,True,Inspector
EMP036178,EQ00000279,L4,Motor Maintenance,True,True,True,Operator
EMP022662,EQ00000279,L3,Motor Maintenance,False,False,False,Operator
EMP029650,EQ00000279,L6,Motor Maintenance,True,True,True,Supervisor
EMP015859,EQ00000279,L2,Motor Maintenance,True,False,False,Operator
EMP048197,EQ00002744,L4,Line of Fire Awareness,True,False,False,Inspector
EMP026822,EQ00002744,L3,Line of Fire Awareness,False,False,False,Operator
EMP030062,EQ00002674,L2,Pressure Testing,True,False,False,Supervisor
EMP028953,EQ00002674,L3,Pressure Testing,False,False,False,Inspector
EMP048192,EQ00002674,L4,Pressure Testing,False,True,False,Inspector
EMP008504,EQ00002674,L6,Pressure Testing,True,True,True,Operator
EMP049780,EQ00002674,L4,Pressure Testing,False,False,False,Supervisor
EMP035463,EQ00002674,L6,Pressure Testing,True,True,True,Supervisor
EMP033176,EQ00002674,L3,Pressure Testing,False,False,False,Supervisor
EMP005308,EQ00002674,L3,Pressure Testing,False,True,False,Maintenance
EMP028371,EQ00001033,L3,Instrumentation,False,False,False,Operator
EMP007718,EQ00001033,L5,Instrumentation,True,True,True,Maintenance
EMP043771,EQ00001033,L5,Instrumentation,True,True,True,Inspector
EMP022710,EQ00001033,L3,Instrumentation,False,False,False,Operator
EMP016959,EQ00001033,L5,Instrumentation,True,True,True,Maintenance
EMP026073,EQ00001033,L2,Instrumentation,False,False,False,Inspector
EMP004647,EQ00001511,L4,Isolation/LOTO,False,False,False,Inspector
EMP040864,EQ00001511,L3,Isolation/LOTO,False,False,False,Maintenance
EMP048326,EQ00001511,L3,Isolation/LOTO,False,False,False,Operator
EMP017147,EQ00001511,L4,Isolation/LOTO,True,True,True,Maintenance
EMP034393,EQ00001511,L2,Isolation/LOTO,False,False,False,Supervisor
EMP000791,EQ00001511,L2,Isolation/LOTO,False,False,False,Supervisor
EMP031182,EQ00001511,L4,Isolation/LOTO,True,True,True,Supervisor
EMP030461,EQ00001511,L4,Isolation/LOTO,True,True,True,Inspector
EMP038443,EQ00002155,L3,Permit to Work,False,True,False,Operator
EMP015051,EQ00002155,L5,Permit to Work,True,True,True,Supervisor
EMP000219,EQ00002155,L4,Permit to Work,False,False,False,Maintenance
EMP007346,EQ00002155,L3,Permit to Work,False,False,False,Inspector
EMP001694,EQ00002004,L2,Drilling Operations,False,False,False,Inspector
EMP001409,EQ00002004,L4,Drilling Operations,True,True,True,Supervisor
EMP017735,EQ00002004,L4,Drilling Operations,True,True,True,Maintenance
EMP016280,EQ00002004,L4,Drilling Operations,True,True,True,Maintenance
EMP032181,EQ00002004,L4,Drilling Operations,True,True,True,Supervisor
EMP032512,EQ00002004,L2,Drilling Operations,False,False,False,Inspector
EMP023770,EQ00000714,L3,Environmental Monitoring,True,False,False,Maintenance
EMP002428,EQ00000714,L6,Environmental Monitoring,True,True,True,Operator
EMP041491,EQ00000714,L2,Environmental Monitoring,False,True,False,Operator
EMP041114,EQ00000714,L4,Environmental Monitoring,True,False,False,Inspector
EMP015985,EQ00000714,L4,Environmental Monitoring,False,False,False,Supervisor
EMP040008,EQ00000714,L3,Environmental Monitoring,True,False,False,Maintenance
EMP039597,EQ00000714,L5,Environmental Monitoring,True,True,True,Supervisor
EMP041665,EQ00001608,L3,Welding Safety,False,False,False,Supervisor
EMP019930,EQ00001608,L6,Welding Safety,True,True,True,Inspector
EMP048762,EQ00001608,L3,Welding Safety,True,False,False,Operator
EMP014510,EQ00001608,L4,Welding Safety,True,False,False,Inspector
EMP049717,EQ00001608,L4,Welding Safety,True,True,False,Inspector
EMP006323,EQ00001608,L4,Welding Safety,False,False,False,Supervisor
EMP041951,EQ00001608,L4,Welding Safety,False,False,False,Supervisor
EMP020007,EQ00001608,L6,Welding Safety,True,True,True,Supervisor
EMP008272,EQ00000135,L2,Line of Fire Awareness,False,False,False,Operator
EMP022912,EQ00000135,L3,Line of Fire Awareness,True,False,False,Supervisor
EMP000254,EQ00000135,L3,Line of Fire Awareness,False,False,False,Inspector
EMP036814,EQ00000135,L5,Line of Fire Awareness,True,True,True,Inspector
EMP013262,EQ00000135,L3,Line of Fire Awareness,False,False,False,Supervisor
EMP045767,EQ00000135,L6,Line of Fire Awareness,True,True,True,Maintenance
EMP038681,EQ00000135,L5,Line of Fire Awareness,True,False,False,Maintenance
EMP025499,EQ00000135,L5,Line of Fire Awareness,True,True,True,Inspector
EMP044573,EQ00000387,L3,LOTO,False,False,False,Inspector
EMP043922,EQ00000387,L3,LOTO,False,False,False,Inspector
EMP045467,EQ00000601,L3,LOTO,False,False,False,Operator
EMP048212,EQ00000601,L3,LOTO,False,False,False,Maintenance
EMP020294,EQ00000601,L5,LOTO,True,True,True,Maintenance
EMP003192,EQ00000562,L5,Lifting Gear Inspection,True,True,True,Supervisor
EMP008923,EQ00000562,L4,Lifting Gear Inspection,True,False,False,Maintenance
EMP036385,EQ00000562,L2,Lifting Gear Inspection,False,False,False,Maintenance
EMP021366,EQ00000562,L3,Lifting Gear Inspection,False,True,False,Inspector
EMP011777,EQ00002294,L2,Isolation/LOTO,False,True,False,Maintenance
EMP010821,EQ00002294,L3,Isolation/LOTO,False,False,False,Inspector
EMP014725,EQ00002294,L5,Isolation/LOTO,True,False,False,Operator
EMP018982,EQ00002294,L5,Isolation/LOTO,True,True,True,Inspector
EMP026051,EQ00002294,L2,Isolation/LOTO,False,False,False,Operator
EMP003457,EQ00002294,L3,Isolation/LOTO,False,False,False,Supervisor
EMP034176,EQ00002294,L3,Isolation/LOTO,False,True,False,Operator
EMP030905,EQ00002294,L5,Isolation/LOTO,False,True,False,Supervisor
EMP024479,EQ00002271,L3,Welding Safety,False,False,False,Inspector
EMP036147,EQ00002271,L3,Welding Safety,False,False,False,Operator
EMP035735,EQ00002271,L5,Welding Safety,True,False,False,Inspector
EMP009837,EQ00002271,L5,Welding Safety,True,True,True,Maintenance
EMP014874,EQ00002271,L4,Welding Safety,True,True,True,Operator
EMP002912,EQ00002271,L2,Welding Safety,False,True,False,Maintenance
EMP011583,EQ00002271,L5,Welding Safety,True,True,True,Operator
EMP037747,EQ00002271,L3,Welding Safety,False,True,False,Supervisor
EMP018471,EQ00001988,L3,Crane Operation,False,False,False,Operator
EMP000075,EQ00001988,L4,Crane Operation,True,False,False,Operator
EMP047714,EQ00001988,L2,Crane Operation,False,False,False,Operator
EMP036503,EQ00002044,L4,Gas Detection,False,False,False,Supervisor
EMP040039,EQ00002044,L3,Gas Detection,True,False,False,Supervisor
EMP004237,EQ00002044,L2,Gas Detection,False,False,False,Inspector
EMP015851,EQ00002044,L2,Gas Detection,False,False,False,Maintenance
EMP008456,EQ00002044,L2,Gas Detection,True,False,False,Inspector
EMP022236,EQ00002044,L4,Gas Detection,False,False,False,Operator
EMP044595,EQ00002044,L5,Gas Detection,True,True,True,Inspector
EMP005764,EQ00002044,L2,Gas Detection,True,False,False,Maintenance
EMP038091,EQ00001106,L4,Pressure Systems Safety,False,True,False,Maintenance
EMP033970,EQ00001106,L4,Pressure Systems Safety,True,True,False,Supervisor
EMP006763,EQ00001106,L2,Pressure Systems Safety,False,True,False,Supervisor
EMP036296,EQ00002538,L6,Vibration Monitoring,True,True,True,Inspector
EMP037925,EQ00002538,L5,Vibration Monitoring,True,True,True,Supervisor
EMP034320,EQ00002538,L3,Vibration Monitoring,False,True,False,Supervisor
EMP027673,EQ00002538,L4,Vibration Monitoring,True,False,False,Supervisor
EMP028579,EQ00002538,L4,Vibration Monitoring,False,False,False,Inspector
EMP017302,EQ00002538,L4,Vibration Monitoring,False,False,False,Maintenance
EMP009607,EQ00002275,L5,Rotating Equipment,True,True,True,Maintenance
EMP038060,EQ00002275,L3,Rotating Equipment,False,False,False,Supervisor
EMP021215,EQ00002275,L4,Rotating Equipment,False,True,False,Operator
EMP026726,EQ00002275,L3,Rotating Equipment,True,False,False,Supervisor
EMP046533,EQ00002275,L2,Rotating Equipment,False,False,False,Maintenance
EMP025492,EQ00002275,L2,Rotating Equipment,True,False,False,Inspector
EMP027152,EQ00001195,L2,Alignment,False,False,False,Operator
EMP028722,EQ00001195,L3,Alignment,True,False,False,Operator
EMP028917,EQ00001195,L3,Alignment,False,False,False,Maintenance
EMP023297,EQ00001195,L4,Alignment,False,True,False,Maintenance
EMP001259,EQ00001195,L2,Alignment,True,False,False,Operator
EMP006892,EQ00001195,L5,Alignment,True,True,True,Operator
EMP044895,EQ00001195,L3,Alignment,True,False,False,Supervisor
EMP027022,EQ00001195,L4,Alignment,True,True,True,Inspector
EMP036571,EQ00001939,L3,Rigging,False,True,False,Operator
EMP003918,EQ00001939,L3,Rigging,False,False,False,Inspector
EMP030410,EQ00001939,L4,Rigging,True,False,False,Inspector
EMP002442,EQ00001939,L4,Rigging,True,False,False,Maintenance
EMP008204,EQ00001939,L3,Rigging,False,False,False,Maintenance
EMP047813,EQ00001939,L2,Rigging,False,False,False,Supervisor
EMP040312,EQ00001939,L6,Rigging,True,True,True,Operator
EMP039748,EQ00000510,L3,Permit to Work,False,False,False,Inspector
EMP011902,EQ00000510,L6,Permit to Work,True,True,True,Operator
EMP020136,EQ00000510,L2,Permit to Work,True,False,False,Supervisor
EMP003318,EQ00000510,L2,Permit to Work,True,False,False,Operator
EMP004352,EQ00000510,L4,Permit to Work,False,False,False,Maintenance
EMP015729,EQ00001846,L3,Valve Maintenance,False,False,False,Operator
EMP042608,EQ00001846,L4,Valve Maintenance,False,False,False,Operator
EMP030624,EQ00001846,L3,Valve Maintenance,False,False,False,Operator
EMP004762,EQ00001846,L6,Valve Maintenance,True,True,True,Inspector
EMP020345,EQ00001846,L5,Valve Maintenance,True,True,True,Maintenance
EMP004101,EQ00001681,L4,Alignment,False,False,False,Inspector
EMP017661,EQ00001681,L3,Alignment,False,False,False,Inspector
EMP031860,EQ00001681,L5,Alignment,True,True,True,Maintenance
EMP011878,EQ00001681,L3,Alignment,False,False,False,Supervisor
EMP002801,EQ00001681,L4,Alignment,False,False,False,Supervisor
EMP013259,EQ00001681,L2,Alignment,False,False,False,Supervisor
EMP038082,EQ00000685,L3,Crane Operation,False,False,False,Inspector
EMP034878,EQ00000685,L2,Crane Operation,True,False,False,Inspector
EMP022523,EQ00000685,L3,Crane Operation,False,False,False,Inspector
EMP003812,EQ00000685,L3,Crane Operation,False,False,False,Maintenance
EMP031918,EQ00000685,L3,Crane Operation,True,True,False,Operator
EMP018910,EQ00000685,L3,Crane Operation,False,True,False,Supervisor
EMP011525,EQ00002402,L4,Process Safety,True,True,True,Supervisor
EMP048698,EQ00002402,L3,Process Safety,False,True,False,Inspector
EMP030852,EQ00002058,L2,Isolation/LOTO,False,False,False,Supervisor
EMP041241,EQ00002058,L5,Isolation/LOTO,True,False,False,Operator
EMP017924,EQ00002058,L4,Isolation/LOTO,False,False,False,Maintenance
EMP013484,EQ00002058,L2,Isolation/LOTO,False,False,False,Maintenance
EMP025731,EQ00002058,L3,Isolation/LOTO,False,True,False,Maintenance
EMP021980,EQ00002058,L2,Isolation/LOTO,False,False,False,Operator
EMP006559,EQ00000883,L4,Defensive Driving,False,True,False,Maintenance
EMP012201,EQ00000883,L3,Defensive Driving,False,False,False,Maintenance
EMP030257,EQ00000883,L4,Defensive Driving,False,True,False,Operator
EMP032912,EQ00000883,L4,Defensive Driving,False,True,False,Inspector
EMP037126,EQ00000883,L3,Defensive Driving,True,False,False,Supervisor
EMP001648,EQ00000883,L5,Defensive Driving,True,True,True,Maintenance
EMP001027,EQ00000883,L5,Defensive Driving,True,True,True,Supervisor
EMP008983,EQ00000151,L4,Vibration Monitoring,True,False,False,Maintenance
EMP034619,EQ00000151,L5,Vibration Monitoring,True,True,True,Operator
EMP045212,EQ00000151,L4,Vibration Monitoring,True,False,False,Maintenance
EMP014358,EQ00000151,L3,Vibration Monitoring,True,True,False,Supervisor
EMP034117,EQ00000151,L6,Vibration Monitoring,True,True,True,Inspector
EMP011305,EQ00000151,L2,Vibration Monitoring,False,False,False,Operator
EMP021973,EQ00002216,L6,Hot Work,True,True,True,Operator
EMP032323,EQ00002216,L5,Hot Work,True,True,True,Maintenance
EMP035338,EQ00002216,L4,Hot Work,False,False,False,Supervisor
EMP024412,EQ00002216,L3,Hot Work,False,False,False,Maintenance
EMP001361,EQ00002216,L5,Hot Work,True,False,False,Inspector
EMP015993,EQ00002216,L6,Hot Work,True,True,True,Supervisor
EMP038517,EQ00001944,L3,Gas Testing,False,False,False,Maintenance
EMP007884,EQ00001944,L5,Gas Testing,False,True,False,Supervisor
EMP005453,EQ00001944,L3,Gas Testing,False,False,False,Supervisor
EMP033259,EQ00001944,L4,Gas Testing,True,False,False,Operator
EMP046155,EQ00001944,L6,Gas Testing,True,True,True,Supervisor
EMP033985,EQ00001944,L3,Gas Testing,False,False,False,Operator
EMP028537,EQ00001944,L4,Gas Testing,True,False,False,Supervisor
EMP028861,EQ00001944,L3,Gas Testing,False,True,False,Supervisor
EMP043953,EQ00001312,L3,Arc Flash Awareness,False,False,False,Inspector
EMP008551,EQ00001312,L5,Arc Flash Awareness,True,True,True,Inspector
EMP030602,EQ00001312,L5,Arc Flash Awareness,True,True,True,Maintenance
EMP029570,EQ00001312,L2,Arc Flash Awareness,False,True,False,Supervisor
EMP000397,EQ00001312,L5,Arc Flash Awareness,True,True,True,Supervisor
EMP008680,EQ00001312,L2,Arc Flash Awareness,False,False,False,Supervisor
EMP006149,EQ00001312,L4,Arc Flash Awareness,False,False,False,Supervisor
EMP015852,EQ00001312,L4,Arc Flash Awareness,False,True,False,Supervisor
EMP023168,EQ00002683,L5,SIS/ESD,True,True,True,Maintenance
EMP048644,EQ00002683,L2,SIS/ESD,False,False,False,Operator
EMP000609,EQ00002683,L3,SIS/ESD,False,False,False,Operator
EMP021394,EQ00002683,L5,SIS/ESD,True,True,True,Maintenance
EMP006316,EQ00002683,L5,SIS/ESD,True,True,True,Inspector
EMP013295,EQ00002683,L3,SIS/ESD,True,True,False,Operator
EMP044117,EQ00001269,L3,Line of Fire Awareness,False,False,False,Supervisor
EMP007481,EQ00001269,L3,Line of Fire Awareness,False,False,False,Maintenance
EMP020787,EQ00001269,L3,Line of Fire Awareness,False,False,False,Inspector
EMP029556,EQ00000087,L5,LOTO,True,True,True,Supervisor
EMP042374,EQ00000087,L2,LOTO,False,False,False,Inspector
EMP006208,EQ00000087,L3,LOTO,False,False,False,Supervisor
EMP003559,EQ00000087,L2,LOTO,False,False,False,Operator
EMP011323,EQ00000087,L3,LOTO,True,False,False,Maintenance
EMP001487,EQ00000220,L3,Calibration,False,False,False,Inspector
EMP016054,EQ00000220,L4,Calibration,True,True,True,Maintenance
EMP035787,EQ00000220,L5,Calibration,True,True,True,Supervisor
EMP028751,EQ00000220,L4,Calibration,True,True,True,Supervisor
EMP034112,EQ00000220,L5,Calibration,True,True,True,Inspector
EMP011090,EQ00000220,L4,Calibration,True,True,True,Supervisor
EMP032077,EQ00000220,L3,Calibration,False,False,False,Operator
EMP021556,EQ00002088,L3,Hazardous Material Transport,False,False,False,Supervisor
EMP029917,EQ00002088,L4,Hazardous Material Transport,False,False,False,Inspector
EMP042265,EQ00002088,L3,Hazardous Material Transport,False,False,False,Supervisor
EMP013048,EQ00002603,L4,Instrumentation,False,False,False,Operator
EMP017383,EQ00002603,L3,Instrumentation,False,False,False,Supervisor
EMP017208,EQ00002603,L3,Instrumentation,False,False,False,Operator
EMP030368,EQ00002603,L4,Instrumentation,False,False,False,Supervisor
EMP017448,EQ00000068,L3,Hot Work,False,True,False,Supervisor
EMP017834,EQ00000068,L3,Hot Work,True,False,False,Supervisor
EMP010193,EQ00000068,L2,Hot Work,False,False,False,Supervisor
EMP003677,EQ00001730,L2,Drilling Operations,False,False,False,Maintenance
EMP025789,EQ00001730,L5,Drilling Operations,True,True,True,Operator
EMP018757,EQ00001730,L3,Drilling Operations,False,False,False,Supervisor
EMP007641,EQ00001730,L3,Drilling Operations,False,False,False,Operator
EMP018275,EQ00001730,L4,Drilling Operations,False,False,False,Operator
EMP030201,EQ00001730,L5,Drilling Operations,True,True,True,Operator
EMP016139,EQ00001730,L6,Drilling Operations,True,False,False,Supervisor
EMP015103,EQ00001730,L3,Drilling Operations,False,True,False,Maintenance
EMP019050,EQ00001860,L3,Drilling Operations,True,True,False,Inspector
EMP011856,EQ00001860,L2,Drilling Operations,True,False,False,Supervisor
EMP030856,EQ00001860,L3,Drilling Operations,False,False,False,Maintenance
EMP014023,EQ00001860,L3,Drilling Operations,False,False,False,Inspector
EMP017118,EQ00001860,L3,Drilling Operations,False,True,False,Maintenance
EMP040708,EQ00001860,L6,Drilling Operations,True,False,False,Supervisor
EMP040366,EQ00001860,L4,Drilling Operations,True,True,True,Maintenance
EMP030569,EQ00000766,L4,Alignment,False,False,False,Operator
EMP027303,EQ00000766,L6,Alignment,True,True,True,Inspector
EMP034782,EQ00000766,L5,Alignment,True,True,True,Operator
EMP037545,EQ00000766,L2,Alignment,False,True,False,Operator
EMP041474,EQ00000766,L3,Alignment,False,False,False,Maintenance
EMP036272,EQ00000766,L5,Alignment,True,True,True,Operator
EMP006944,EQ00001898,L2,Wastewater Operations,False,False,False,Operator
EMP022916,EQ00001898,L4,Wastewater Operations,False,False,False,Operator
EMP003759,EQ00001898,L3,Wastewater Operations,False,False,False,Inspector
EMP035630,EQ00001898,L5,Wastewater Operations,True,True,True,Inspector
EMP018077,EQ00001898,L4,Wastewater Operations,True,False,False,Supervisor
EMP037234,EQ00001898,L6,Wastewater Operations,True,True,True,Maintenance
EMP017193,EQ00001898,L3,Wastewater Operations,False,False,False,Maintenance
EMP048405,EQ00000304,L4,Machine Tool Operation,True,False,False,Inspector
EMP015084,EQ00000304,L2,Machine Tool Operation,False,False,False,Operator
EMP023690,EQ00000304,L4,Machine Tool Operation,False,True,False,Maintenance
EMP033288,EQ00000304,L2,Machine Tool Operation,False,False,False,Operator
EMP039249,EQ00000304,L3,Machine Tool Operation,True,False,False,Inspector
EMP047584,EQ00001747,L5,Hot Work,True,False,False,Maintenance
EMP024124,EQ00001747,L4,Hot Work,False,False,False,Supervisor
EMP047998,EQ00000270,L3,Permit to Work,False,False,False,Maintenance
EMP037300,EQ00000270,L3,Permit to Work,False,True,False,Inspector
EMP005104,EQ00002139,L3,Rigging,True,True,True,Operator
EMP016500,EQ00002139,L5,Rigging,True,True,True,Operator
EMP041466,EQ00002139,L5,Rigging,True,True,True,Operator
EMP043192,EQ00000436,L3,Vibration Monitoring,False,False,False,Supervisor
EMP022702,EQ00000436,L4,Vibration Monitoring,False,False,False,Inspector
EMP040617,EQ00000436,L4,Vibration Monitoring,False,False,False,Operator
EMP039803,EQ00000436,L6,Vibration Monitoring,True,True,True,Supervisor
EMP043465,EQ00000436,L3,Vibration Monitoring,True,False,False,Inspector
EMP026802,EQ00000186,L5,Rig Floor Safety,True,False,False,Operator
EMP042141,EQ00000186,L6,Rig Floor Safety,True,True,True,Inspector
EMP037530,EQ00002346,L2,Hydrotest Safety,False,False,False,Operator
EMP042714,EQ00002346,L2,Hydrotest Safety,True,False,False,Inspector
EMP007742,EQ00002346,L2,Hydrotest Safety,True,False,False,Operator
EMP020793,EQ00002346,L4,Hydrotest Safety,False,True,False,Operator
EMP042733,EQ00002346,L2,Hydrotest Safety,True,False,False,Operator
EMP040571,EQ00002346,L2,Hydrotest Safety,False,False,False,Operator
EMP047087,EQ00002346,L2,Hydrotest Safety,False,False,False,Maintenance
EMP021359,EQ00002346,L2,Hydrotest Safety,False,False,False,Maintenance
EMP027078,EQ00001552,L2,Lubrication,False,True,False,Supervisor
EMP027462,EQ00001552,L2,Lubrication,False,False,False,Maintenance
EMP013368,EQ00001552,L5,Lubrication,True,True,True,Supervisor
EMP024766,EQ00001552,L5,Lubrication,True,True,True,Operator
EMP042346,EQ00002443,L2,Pipeline Operations,False,False,False,Operator
EMP047796,EQ00002443,L4,Pipeline Operations,True,True,True,Operator
EMP049195,EQ00002443,L6,Pipeline Operations,True,True,True,Inspector
EMP028615,EQ00002443,L3,Pipeline Operations,False,False,False,Inspector
EMP021266,EQ00002443,L4,Pipeline Operations,True,True,True,Operator
EMP017232,EQ00002443,L4,Pipeline Operations,True,True,True,Maintenance
EMP045761,EQ00001010,L5,Isolation/LOTO,True,True,True,Maintenance
EMP049013,EQ00001010,L5,Isolation/LOTO,True,True,True,Operator
EMP041018,EQ00001010,L3,Isolation/LOTO,True,True,False,Supervisor
EMP015800,EQ00001010,L2,Isolation/LOTO,False,False,False,Maintenance
EMP009973,EQ00001010,L6,Isolation/LOTO,True,True,True,Supervisor
EMP021807,EQ00001010,L2,Isolation/LOTO,False,False,False,Inspector
EMP030943,EQ00001010,L4,Isolation/LOTO,True,False,False,Operator
EMP033922,EQ00000802,L2,LOTO,False,False,False,Inspector
EMP008804,EQ00000802,L6,LOTO,True,True,True,Supervisor
EMP038948,EQ00000802,L4,LOTO,False,False,False,Inspector
EMP046586,EQ00000802,L3,LOTO,False,False,False,Maintenance
EMP000525,EQ00000802,L5,LOTO,True,True,True,Maintenance
EMP046147,EQ00000802,L4,LOTO,False,True,False,Maintenance
EMP012074,EQ00002150,L6,Permit to Work,True,True,True,Inspector
EMP032276,EQ00002150,L2,Permit to Work,True,True,False,Maintenance
EMP027351,EQ00002150,L3,Permit to Work,False,True,False,Supervisor
EMP008730,EQ00002150,L3,Permit to Work,False,False,False,Inspector
EMP049196,EQ00002150,L3,Permit to Work,True,True,True,Supervisor
EMP014262,EQ00002150,L5,Permit to Work,True,True,True,Supervisor
EMP042228,EQ00000517,L4,Electrical Isolation/LOTO,False,False,False,Maintenance
EMP010332,EQ00000517,L4,Electrical Isolation/LOTO,False,False,False,Operator
EMP027776,EQ00000517,L3,Electrical Isolation/LOTO,False,False,False,Maintenance
EMP008555,EQ00000517,L3,Electrical Isolation/LOTO,True,False,False,Maintenance
EMP033570,EQ00000517,L4,Electrical Isolation/LOTO,False,False,False,Inspector
EMP049911,EQ00000517,L3,Electrical Isolation/LOTO,False,True,False,Inspector
EMP015791,EQ00000329,L4,Journey Management,False,False,False,Maintenance
EMP017033,EQ00000329,L3,Journey Management,False,False,False,Operator
EMP038890,EQ00000329,L3,Journey Management,False,False,False,Maintenance
EMP041225,EQ00000329,L3,Journey Management,False,False,False,Inspector
EMP014789,EQ00001472,L2,Rotating Equipment,False,False,False,Supervisor
EMP002276,EQ00001472,L4,Rotating Equipment,False,True,False,Operator
EMP044857,EQ00001472,L3,Rotating Equipment,True,True,False,Supervisor
EMP021019,EQ00001472,L2,Rotating Equipment,False,True,False,Maintenance
EMP003227,EQ00001472,L3,Rotating Equipment,False,True,False,Inspector
EMP042956,EQ00001472,L4,Rotating Equipment,False,True,False,Supervisor
EMP043133,EQ00001472,L5,Rotating Equipment,False,True,False,Maintenance
EMP002022,EQ00001472,L4,Rotating Equipment,False,True,False,Operator
EMP021283,EQ00002749,L4,Defensive Driving,False,True,False,Supervisor
EMP042423,EQ00002749,L2,Defensive Driving,False,False,False,Operator
EMP007092,EQ00002749,L5,Defensive Driving,True,True,True,Operator
EMP047670,EQ00002749,L3,Defensive Driving,True,False,False,Maintenance
EMP014701,EQ00002749,L6,Defensive Driving,False,False,False,Inspector
EMP003046,EQ00002749,L4,Defensive Driving,False,False,False,Operator
EMP013143,EQ00002749,L3,Defensive Driving,False,False,False,Maintenance
EMP041951,EQ00002749,L4,Defensive Driving,True,False,False,Operator
EMP002351,EQ00002428,L4,SIS/ESD,False,False,False,Supervisor
EMP028650,EQ00002428,L2,SIS/ESD,False,True,False,Supervisor
EMP001107,EQ00002075,L3,Defensive Driving,False,False,False,Maintenance
EMP003706,EQ00002075,L5,Defensive Driving,True,True,True,Supervisor
EMP015339,EQ00002075,L3,Defensive Driving,False,False,False,Operator
EMP014866,EQ00002075,L2,Defensive Driving,False,False,False,Maintenance
EMP042329,EQ00000713,L4,Line of Fire Awareness,False,False,False,Supervisor
EMP041679,EQ00000713,L2,Line of Fire Awareness,False,False,False,Supervisor
EMP015829,EQ00000713,L3,Line of Fire Awareness,False,True,False,Supervisor
EMP012880,EQ00000713,L3,Line of Fire Awareness,False,False,False,Operator
EMP005902,EQ00000713,L4,Line of Fire Awareness,False,False,False,Inspector
EMP047133,EQ00000713,L5,Line of Fire Awareness,True,True,True,Maintenance
EMP037284,EQ00000713,L3,Line of Fire Awareness,False,False,False,Maintenance
EMP043190,EQ00000776,L4,Electrical Safety,False,False,False,Operator
EMP011056,EQ00000776,L3,Electrical Safety,True,False,False,Inspector
EMP016496,EQ00000776,L3,Electrical Safety,False,False,False,Supervisor
EMP044947,EQ00000776,L3,Electrical Safety,True,False,False,Operator
EMP023693,EQ00000486,L4,Instrumentation,True,True,True,Maintenance
EMP046389,EQ00000486,L5,Instrumentation,True,False,False,Inspector
EMP037140,EQ00002372,L4,Workshop Safety,False,True,False,Supervisor
EMP024279,EQ00002372,L3,Workshop Safety,False,True,False,Operator
EMP000375,EQ00002372,L2,Workshop Safety,False,False,False,Supervisor
EMP033991,EQ00002372,L3,Workshop Safety,False,False,False,Supervisor
EMP024920,EQ00002372,L3,Workshop Safety,False,False,False,Maintenance
EMP005755,EQ00002372,L5,Workshop Safety,True,True,True,Operator
EMP014519,EQ00002372,L6,Workshop Safety,True,True,True,Inspector
EMP030800,EQ00002372,L4,Workshop Safety,False,False,False,Operator
EMP039058,EQ00001151,L4,Electrical Isolation/LOTO,False,True,False,Supervisor
EMP017208,EQ00001151,L3,Electrical Isolation/LOTO,True,True,False,Supervisor
EMP018737,EQ00000560,L3,Switchgear Operation,False,False,False,Inspector
EMP047465,EQ00000560,L2,Switchgear Operation,False,False,False,Supervisor
EMP005894,EQ00000560,L3,Switchgear Operation,False,True,False,Supervisor
EMP020639,EQ00000560,L5,Switchgear Operation,True,True,True,Supervisor
EMP003798,EQ00000560,L2,Switchgear Operation,False,True,False,Supervisor
EMP007390,EQ00000185,L3,Calibration,True,True,False,Supervisor
EMP023561,EQ00000185,L6,Calibration,True,True,True,Supervisor
EMP039854,EQ00000185,L3,Calibration,False,True,False,Inspector
EMP041528,EQ00000185,L2,Calibration,False,False,False,Inspector
EMP012311,EQ00000185,L4,Calibration,True,True,True,Inspector
EMP000298,EQ00000185,L3,Calibration,False,False,False,Operator
EMP040491,EQ00001516,L3,Isolation/LOTO,True,True,True,Supervisor
EMP022614,EQ00001516,L2,Isolation/LOTO,False,False,False,Inspector
EMP016878,EQ00001516,L3,Isolation/LOTO,True,False,False,Operator
EMP034106,EQ00000701,L5,Drilling Operations,True,True,True,Inspector
EMP038125,EQ00000701,L3,Drilling Operations,False,False,False,Inspector
EMP048332,EQ00000701,L5,Drilling Operations,False,True,False,Operator
EMP042589,EQ00000701,L4,Drilling Operations,False,False,False,Maintenance
EMP047492,EQ00000701,L2,Drilling Operations,False,False,False,Maintenance
EMP036075,EQ00000701,L3,Drilling Operations,False,True,False,Maintenance
EMP048208,EQ00000701,L3,Drilling Operations,False,False,False,Maintenance
EMP011609,EQ00000701,L2,Drilling Operations,True,False,False,Operator
EMP019063,EQ00001554,L5,Electrical Safety,True,False,False,Operator
EMP033236,EQ00001554,L3,Electrical Safety,True,False,False,Operator
EMP019911,EQ00001554,L4,Electrical Safety,False,False,False,Maintenance
EMP047658,EQ00002617,L2,Hydrotest Safety,True,True,False,Supervisor
EMP024576,EQ00002617,L5,Hydrotest Safety,True,True,True,Inspector
EMP049177,EQ00002617,L4,Hydrotest Safety,True,False,False,Inspector
EMP005528,EQ00002617,L2,Hydrotest Safety,False,False,False,Inspector
EMP044910,EQ00002617,L3,Hydrotest Safety,True,False,False,Inspector
EMP009689,EQ00002617,L3,Hydrotest Safety,False,False,False,Operator
EMP022536,EQ00002617,L4,Hydrotest Safety,True,True,True,Inspector
EMP037037,EQ00002617,L4,Hydrotest Safety,True,True,True,Inspector
EMP001118,EQ00001603,L5,Hazardous Material Transport,False,True,False,Maintenance
EMP008814,EQ00001603,L3,Hazardous Material Transport,False,True,False,Supervisor
EMP040604,EQ00001603,L3,Hazardous Material Transport,True,False,False,Operator
EMP026668,EQ00001603,L4,Hazardous Material Transport,True,True,True,Inspector
EMP008332,EQ00001603,L4,Hazardous Material Transport,True,True,True,Operator
EMP004659,EQ00001603,L3,Hazardous Material Transport,False,False,False,Supervisor
EMP029818,EQ00002347,L3,Wastewater Operations,True,True,False,Supervisor
EMP002424,EQ00002347,L3,Wastewater Operations,False,False,False,Inspector
EMP007947,EQ00002230,L4,Electrical Isolation/LOTO,True,False,False,Inspector
EMP040443,EQ00002230,L5,Electrical Isolation/LOTO,True,True,True,Operator
EMP014682,EQ00002230,L2,Electrical Isolation/LOTO,False,True,False,Supervisor
EMP013517,EQ00002230,L3,Electrical Isolation/LOTO,False,False,False,Operator
EMP001963,EQ00002230,L5,Electrical Isolation/LOTO,True,True,True,Supervisor
EMP048935,EQ00002230,L4,Electrical Isolation/LOTO,True,False,False,Supervisor
EMP014835,EQ00002230,L4,Electrical Isolation/LOTO,False,False,False,Maintenance
EMP049567,EQ00001089,L3,Pressure Vessel Safety,True,False,False,Inspector
EMP036703,EQ00001089,L4,Pressure Vessel Safety,True,True,True,Supervisor
EMP008980,EQ00001089,L3,Pressure Vessel Safety,True,False,False,Inspector
EMP032581,EQ00001089,L4,Pressure Vessel Safety,True,True,True,Maintenance
EMP000665,EQ00001089,L2,Pressure Vessel Safety,True,False,False,Supervisor
EMP014198,EQ00001089,L4,Pressure Vessel Safety,True,True,True,Inspector
EMP027764,EQ00002373,L3,Journey Management,False,False,False,Operator
EMP018561,EQ00002373,L4,Journey Management,False,False,False,Inspector
EMP027526,EQ00002373,L6,Journey Management,False,True,False,Operator
EMP042706,EQ00002373,L4,Journey Management,True,False,False,Supervisor
EMP020007,EQ00002373,L6,Journey Management,True,True,True,Supervisor
EMP012668,EQ00002336,L4,Pipeline Operations,False,False,False,Supervisor
EMP011350,EQ00002336,L5,Pipeline Operations,True,True,True,Inspector
EMP023570,EQ00002336,L3,Pipeline Operations,True,False,False,Maintenance
EMP035438,EQ00002336,L4,Pipeline Operations,False,True,False,Supervisor
EMP031476,EQ00001653,L3,Hot Work,False,False,False,Operator
EMP027582,EQ00001653,L4,Hot Work,True,True,True,Inspector
EMP029289,EQ00001653,L4,Hot Work,True,True,True,Maintenance
EMP040471,EQ00001653,L5,Hot Work,True,True,True,Operator
EMP040465,EQ00001653,L5,Hot Work,True,True,True,Operator
EMP033083,EQ00001653,L2,Hot Work,False,False,False,Maintenance
EMP040864,EQ00001653,L3,Hot Work,False,False,False,Supervisor
EMP048328,EQ00001653,L4,Hot Work,True,True,True,Operator
EMP016886,EQ00002006,L3,Pressure Systems Safety,False,False,False,Supervisor
EMP020635,EQ00002006,L2,Pressure Systems Safety,False,True,False,Supervisor
EMP035389,EQ00002006,L4,Pressure Systems Safety,False,True,False,Operator
EMP025706,EQ00002006,L4,Pressure Systems Safety,True,True,True,Inspector
EMP003298,EQ00002006,L2,Pressure Systems Safety,False,False,False,Inspector
EMP017775,EQ00002006,L6,Pressure Systems Safety,True,True,True,Supervisor
EMP005542,EQ00002006,L4,Pressure Systems Safety,True,True,True,Inspector
EMP020957,EQ00000035,L4,Wastewater Operations,True,True,True,Operator
EMP011311,EQ00000035,L2,Wastewater Operations,False,True,False,Maintenance
EMP002212,EQ00000035,L5,Wastewater Operations,True,True,True,Operator
EMP031773,EQ00000035,L4,Wastewater Operations,True,False,False,Supervisor
EMP008510,EQ00000035,L3,Wastewater Operations,True,False,False,Maintenance
EMP002613,EQ00000035,L3,Wastewater Operations,False,False,False,Inspector
EMP007422,EQ00000035,L4,Wastewater Operations,True,True,True,Inspector
EMP037849,EQ00000035,L4,Wastewater Operations,True,True,True,Maintenance
EMP037441,EQ00001778,L2,Isolation/LOTO,True,True,False,Supervisor
EMP040416,EQ00001778,L4,Isolation/LOTO,True,True,True,Operator
EMP017446,EQ00001778,L2,Isolation/LOTO,True,False,False,Supervisor
EMP018696,EQ00000036,L3,Process Operations,False,False,False,Operator
EMP036093,EQ00000036,L2,Process Operations,False,False,False,Supervisor
EMP017278,EQ00000036,L4,Process Operations,False,True,False,Inspector
EMP047915,EQ00001905,L3,Fire Fighting,True,False,False,Operator
EMP014784,EQ00001905,L4,Fire Fighting,True,True,True,Inspector
EMP030592,EQ00001905,L3,Fire Fighting,False,False,False,Operator
EMP004048,EQ00001905,L4,Fire Fighting,True,True,True,Supervisor
EMP007732,EQ00001905,L2,Fire Fighting,False,False,False,Inspector
EMP001988,EQ00001905,L3,Fire Fighting,False,True,False,Supervisor
EMP024711,EQ00001905,L3,Fire Fighting,False,False,False,Supervisor
EMP027773,EQ00001905,L3,Fire Fighting,False,True,False,Supervisor
EMP027853,EQ00001335,L4,Defensive Driving,False,False,False,Inspector
EMP040657,EQ00001335,L2,Defensive Driving,True,True,False,Supervisor
EMP049093,EQ00001335,L3,Defensive Driving,True,False,False,Inspector
EMP011799,EQ00001335,L2,Defensive Driving,False,False,False,Maintenance
EMP027209,EQ00001335,L4,Defensive Driving,False,False,False,Inspector
EMP017168,EQ00001335,L6,Defensive Driving,True,True,True,Operator
EMP011709,EQ00001335,L3,Defensive Driving,True,False,False,Inspector
EMP044555,EQ00001110,L2,Lifting Gear Inspection,False,False,False,Operator
EMP035902,EQ00001110,L3,Lifting Gear Inspection,False,False,False,Supervisor
EMP024995,EQ00001110,L2,Lifting Gear Inspection,True,True,False,Supervisor
EMP008535,EQ00002226,L4,Drilling Operations,True,False,False,Inspector
EMP012433,EQ00002226,L5,Drilling Operations,True,True,True,Maintenance
EMP018917,EQ00001178,L3,Wastewater Operations,False,False,False,Operator
EMP000394,EQ00001178,L4,Wastewater Operations,False,False,False,Maintenance
EMP005181,EQ00001178,L3,Wastewater Operations,False,False,False,Supervisor
EMP011878,EQ00001178,L3,Wastewater Operations,False,False,False,Operator
EMP032656,EQ00001178,L6,Wastewater Operations,True,True,True,Inspector
EMP012898,EQ00001178,L5,Wastewater Operations,True,True,True,Operator
EMP015118,EQ00001178,L5,Wastewater Operations,True,True,True,Operator
EMP026778,EQ00001810,L5,Rig Floor Safety,True,True,True,Inspector
EMP041255,EQ00001810,L4,Rig Floor Safety,False,True,False,Maintenance
EMP035106,EQ00001810,L3,Rig Floor Safety,True,False,False,Supervisor
EMP018463,EQ00001810,L4,Rig Floor Safety,True,True,True,Inspector
EMP035934,EQ00001810,L4,Rig Floor Safety,True,True,True,Inspector
EMP044840,EQ00001810,L4,Rig Floor Safety,True,True,True,Maintenance
EMP022699,EQ00001810,L3,Rig Floor Safety,False,False,False,Inspector
EMP017010,EQ00001810,L4,Rig Floor Safety,True,True,True,Operator
EMP014512,EQ00002305,L4,Workshop Safety,True,True,True,Supervisor
EMP024195,EQ00002305,L6,Workshop Safety,True,True,True,Operator
EMP039451,EQ00002305,L2,Workshop Safety,False,False,False,Maintenance
EMP016143,EQ00002305,L5,Workshop Safety,False,True,False,Operator
EMP027501,EQ00002305,L6,Workshop Safety,True,True,True,Inspector
EMP006053,EQ00002805,L4,Mechanical Inspection,True,False,False,Maintenance
EMP023864,EQ00002805,L2,Mechanical Inspection,False,False,False,Supervisor
EMP021526,EQ00002142,L2,Line of Fire Awareness,False,False,False,Maintenance
EMP043813,EQ00002142,L3,Line of Fire Awareness,False,False,False,Inspector
EMP030274,EQ00002142,L5,Line of Fire Awareness,True,True,True,Inspector
EMP031383,EQ00002142,L4,Line of Fire Awareness,True,False,False,Inspector
EMP000495,EQ00002142,L3,Line of Fire Awareness,True,False,False,Inspector
EMP016409,EQ00002105,L3,Pressure Vessel Safety,False,False,False,Maintenance
EMP030668,EQ00002105,L2,Pressure Vessel Safety,False,False,False,Supervisor
EMP043719,EQ00002105,L3,Pressure Vessel Safety,False,False,False,Inspector
EMP030670,EQ00002105,L3,Pressure Vessel Safety,True,False,False,Operator
EMP017685,EQ00002105,L4,Pressure Vessel Safety,False,False,False,Maintenance
EMP042598,EQ00002105,L3,Pressure Vessel Safety,False,False,False,Maintenance
EMP043917,EQ00002105,L5,Pressure Vessel Safety,False,True,False,Operator
EMP023417,EQ00000526,L5,Valve Maintenance,True,True,True,Inspector
EMP029416,EQ00000526,L4,Valve Maintenance,False,False,False,Operator
EMP017102,EQ00000526,L5,Valve Maintenance,True,True,True,Operator
EMP030345,EQ00000526,L3,Valve Maintenance,True,False,False,Inspector
EMP011052,EQ00000526,L2,Valve Maintenance,False,False,False,Supervisor
EMP006398,EQ00000692,L3,Electrical Safety,False,False,False,Inspector
EMP045931,EQ00000692,L4,Electrical Safety,False,False,False,Supervisor
EMP048086,EQ00000692,L2,Electrical Safety,False,False,False,Supervisor
EMP012919,EQ00000692,L2,Electrical Safety,False,False,False,Maintenance
EMP009014,EQ00000692,L2,Electrical Safety,False,False,False,Maintenance
EMP033660,EQ00001196,L6,Fire Fighting,True,True,True,Maintenance
EMP042365,EQ00001196,L2,Fire Fighting,False,True,False,Operator
EMP002674,EQ00001196,L3,Fire Fighting,False,False,False,Operator
EMP038625,EQ00001196,L2,Fire Fighting,True,False,False,Maintenance
EMP025350,EQ00001421,L3,Motor Maintenance,False,False,False,Supervisor
EMP020500,EQ00001421,L3,Motor Maintenance,False,False,False,Inspector
EMP028182,EQ00001421,L5,Motor Maintenance,True,True,True,Inspector
EMP008176,EQ00001421,L3,Motor Maintenance,False,True,False,Inspector
EMP006503,EQ00001421,L3,Motor Maintenance,True,False,False,Supervisor
EMP035946,EQ00001421,L2,Motor Maintenance,False,False,False,Maintenance
EMP036940,EQ00002280,L3,LOTO,True,False,False,Maintenance
EMP019147,EQ00002280,L3,LOTO,False,False,False,Maintenance
EMP012197,EQ00002280,L5,LOTO,True,True,True,Maintenance
EMP010916,EQ00002280,L2,LOTO,False,False,False,Operator
EMP031921,EQ00002280,L2,LOTO,True,False,False,Supervisor
EMP007504,EQ00002280,L2,LOTO,False,True,False,Operator
EMP001260,EQ00000887,L4,Fire Water Systems,True,False,False,Inspector
EMP048976,EQ00000887,L4,Fire Water Systems,False,False,False,Supervisor
EMP012717,EQ00000887,L2,Fire Water Systems,False,False,False,Supervisor
EMP027027,EQ00000887,L5,Fire Water Systems,True,True,True,Supervisor
EMP038753,EQ00000887,L5,Fire Water Systems,True,True,True,Maintenance
EMP021550,EQ00001525,L4,LOTO,False,False,False,Operator
EMP019373,EQ00001525,L3,LOTO,False,False,False,Operator
EMP008848,EQ00001525,L4,LOTO,False,False,False,Maintenance
EMP001249,EQ00001525,L5,LOTO,True,True,True,Operator
EMP014584,EQ00001525,L3,LOTO,False,False,False,Supervisor
EMP005146,EQ00001525,L5,LOTO,True,True,True,Operator
EMP014729,EQ00001525,L5,LOTO,True,False,False,Inspector
EMP009824,EQ00001525,L3,LOTO,False,True,False,Inspector
EMP046608,EQ00002728,L4,Gas Testing,True,False,False,Operator
EMP024769,EQ00002728,L3,Gas Testing,False,False,False,Inspector
EMP008961,EQ00002728,L3,Gas Testing,True,False,False,Maintenance
EMP028809,EQ00002728,L6,Gas Testing,True,True,True,Operator
EMP045656,EQ00002728,L4,Gas Testing,False,True,False,Maintenance
EMP013864,EQ00002728,L5,Gas Testing,True,True,True,Maintenance
EMP001647,EQ00002728,L2,Gas Testing,False,False,False,Maintenance
EMP012128,EQ00002381,L6,Pipeline Operations,True,True,True,Operator
EMP016257,EQ00002381,L4,Pipeline Operations,False,True,False,Operator
EMP043510,EQ00002381,L3,Pipeline Operations,False,False,False,Supervisor
EMP047304,EQ00002381,L6,Pipeline Operations,False,True,False,Supervisor
EMP047680,EQ00002381,L5,Pipeline Operations,True,True,True,Operator
EMP008679,EQ00002381,L4,Pipeline Operations,False,True,False,Supervisor
EMP014892,EQ00002381,L3,Pipeline Operations,False,False,False,Inspector
EMP039488,EQ00000850,L5,Arc Flash Awareness,True,True,True,Supervisor
EMP009948,EQ00000850,L3,Arc Flash Awareness,False,False,False,Operator
EMP005500,EQ00002563,L4,Welding Safety,True,False,False,Maintenance
EMP015287,EQ00002563,L4,Welding Safety,False,False,False,Operator
EMP019095,EQ00002563,L4,Welding Safety,False,False,False,Operator
EMP009538,EQ00002563,L4,Welding Safety,False,False,False,Operator
EMP007055,EQ00002174,L3,Electrical Safety,True,True,True,Supervisor
EMP037069,EQ00002174,L2,Electrical Safety,False,False,False,Supervisor
EMP041874,EQ00002174,L5,Electrical Safety,True,True,True,Operator
EMP006099,EQ00002174,L3,Electrical Safety,True,True,True,Supervisor
EMP001385,EQ00002174,L4,Electrical Safety,True,True,True,Maintenance
EMP048270,EQ00002174,L5,Electrical Safety,True,True,True,Inspector
EMP045392,EQ00002174,L4,Electrical Safety,True,True,True,Operator
EMP041539,EQ00001758,L3,Control Systems,True,True,False,Maintenance
EMP037785,EQ00001758,L3,Control Systems,False,False,False,Supervisor
EMP001998,EQ00001758,L2,Control Systems,False,False,False,Supervisor
EMP024350,EQ00001758,L4,Control Systems,True,True,True,Inspector
EMP000365,EQ00001758,L6,Control Systems,True,True,True,Maintenance
EMP005991,EQ00001758,L2,Control Systems,True,False,False,Operator
EMP018895,EQ00001758,L3,Control Systems,False,False,False,Operator
EMP013792,EQ00000637,L3,Permit to Work,True,False,False,Inspector
EMP046903,EQ00000637,L5,Permit to Work,True,True,True,Operator
EMP005519,EQ00000637,L2,Permit to Work,False,False,False,Maintenance
EMP027689,EQ00002540,L3,Valve Maintenance,False,False,False,Maintenance
EMP039887,EQ00002540,L3,Valve Maintenance,False,True,False,Operator
EMP032676,EQ00002540,L5,Valve Maintenance,True,True,True,Supervisor
EMP035111,EQ00002540,L3,Valve Maintenance,True,False,False,Operator
EMP023755,EQ00002540,L2,Valve Maintenance,False,False,False,Operator
EMP002003,EQ00002540,L5,Valve Maintenance,False,False,False,Operator
EMP004779,EQ00001460,L3,Welding Safety,True,True,True,Maintenance
EMP034369,EQ00001460,L5,Welding Safety,True,True,True,Maintenance
EMP028292,EQ00001460,L3,Welding Safety,True,True,True,Operator
EMP042769,EQ00002366,L3,Permit to Work,True,False,False,Maintenance
EMP034333,EQ00002366,L3,Permit to Work,False,False,False,Supervisor
EMP032075,EQ00002366,L3,Permit to Work,False,True,False,Operator
EMP005561,EQ00002366,L3,Permit to Work,True,False,False,Operator
EMP014368,EQ00002366,L4,Permit to Work,True,True,True,Supervisor
EMP036482,EQ00002366,L3,Permit to Work,False,True,False,Inspector
EMP046270,EQ00002366,L3,Permit to Work,True,False,False,Supervisor
EMP036150,EQ00002366,L3,Permit to Work,False,False,False,Maintenance
EMP041030,EQ00002376,L2,Isolation/LOTO,False,True,False,Inspector
EMP030325,EQ00002376,L3,Isolation/LOTO,False,False,False,Maintenance
EMP042390,EQ00002376,L2,Isolation/LOTO,False,True,False,Operator
EMP003005,EQ00000489,L4,Crane Operation,False,True,False,Operator
EMP011170,EQ00000489,L2,Crane Operation,False,True,False,Inspector
EMP003928,EQ00000489,L4,Crane Operation,False,False,False,Supervisor
EMP042696,EQ00000489,L3,Crane Operation,True,False,False,Inspector
EMP005479,EQ00000489,L4,Crane Operation,False,True,False,Operator
EMP049774,EQ00000489,L3,Crane Operation,False,False,False,Inspector
EMP032658,EQ00000489,L3,Crane Operation,True,False,False,Maintenance
EMP013086,EQ00000489,L2,Crane Operation,False,False,False,Operator
EMP011060,EQ00000895,L4,Electrical Isolation/LOTO,False,False,False,Maintenance
EMP006984,EQ00000895,L5,Electrical Isolation/LOTO,True,True,True,Maintenance
EMP044208,EQ00000895,L3,Electrical Isolation/LOTO,False,False,False,Maintenance
EMP045892,EQ00000895,L3,Electrical Isolation/LOTO,True,False,False,Operator
EMP012486,EQ00000895,L3,Electrical Isolation/LOTO,True,False,False,Inspector
EMP007030,EQ00000895,L2,Electrical Isolation/LOTO,False,False,False,Supervisor
EMP035442,EQ00000895,L5,Electrical Isolation/LOTO,True,True,True,Supervisor
EMP031082,EQ00000895,L4,Electrical Isolation/LOTO,True,False,False,Maintenance
EMP016320,EQ00000703,L4,Vibration Monitoring,False,False,False,Operator
EMP005195,EQ00000703,L3,Vibration Monitoring,False,True,False,Inspector
EMP022000,EQ00000703,L3,Vibration Monitoring,True,False,False,Operator
EMP046709,EQ00000703,L2,Vibration Monitoring,False,False,False,Supervisor
EMP009042,EQ00000703,L3,Vibration Monitoring,True,False,False,Maintenance
EMP048724,EQ00000703,L3,Vibration Monitoring,False,True,False,Maintenance
EMP020604,EQ00001677,L4,Line of Fire Awareness,True,False,False,Maintenance
EMP034206,EQ00001677,L3,Line of Fire Awareness,False,False,False,Supervisor
EMP046701,EQ00000581,L2,Line of Fire Awareness,True,False,False,Maintenance
EMP021531,EQ00000581,L3,Line of Fire Awareness,False,False,False,Operator
EMP043743,EQ00000581,L2,Line of Fire Awareness,False,False,False,Operator
EMP048024,EQ00000581,L2,Line of Fire Awareness,False,True,False,Operator
EMP038063,EQ00000581,L3,Line of Fire Awareness,False,True,False,Operator
EMP039316,EQ00000581,L4,Line of Fire Awareness,True,False,False,Operator
EMP027085,EQ00000581,L2,Line of Fire Awareness,False,True,False,Maintenance
EMP040811,EQ00000581,L3,Line of Fire Awareness,False,True,False,Maintenance
EMP006073,EQ00001477,L2,Permit to Work,False,False,False,Operator
EMP033400,EQ00001477,L5,Permit to Work,True,False,False,Inspector
EMP020317,EQ00001477,L4,Permit to Work,True,False,False,Maintenance
EMP001395,EQ00001477,L3,Permit to Work,False,False,False,Inspector
EMP005517,EQ00002247,L5,Pipeline Operations,True,True,True,Operator
EMP002118,EQ00002247,L4,Pipeline Operations,False,False,False,Inspector
EMP029242,EQ00002247,L2,Pipeline Operations,True,False,False,Inspector
EMP007350,EQ00002247,L6,Pipeline Operations,True,True,True,Inspector
EMP014712,EQ00002247,L2,Pipeline Operations,False,False,False,Maintenance
EMP021508,EQ00002247,L4,Pipeline Operations,True,False,False,Supervisor
EMP025118,EQ00002247,L3,Pipeline Operations,False,False,False,Operator
EMP030969,EQ00002533,L2,Permit to Work,False,True,False,Maintenance
EMP002312,EQ00002533,L5,Permit to Work,True,True,True,Operator
EMP046633,EQ00002533,L3,Permit to Work,False,False,False,Maintenance
EMP022509,EQ00002533,L3,Permit to Work,True,True,False,Supervisor
EMP004622,EQ00002514,L4,Permit to Work,True,True,True,Operator
EMP043563,EQ00002514,L3,Permit to Work,False,False,False,Inspector
EMP011520,EQ00000711,L5,Pipeline Operations,True,True,True,Inspector
EMP047407,EQ00000711,L4,Pipeline Operations,True,True,True,Operator
EMP027574,EQ00000711,L3,Pipeline Operations,True,True,True,Supervisor
EMP026030,EQ00000711,L5,Pipeline Operations,True,True,True,Supervisor
EMP031854,EQ00000711,L4,Pipeline Operations,True,True,True,Inspector
EMP013927,EQ00000711,L2,Pipeline Operations,True,True,False,Supervisor
EMP049103,EQ00000711,L5,Pipeline Operations,True,True,True,Maintenance
EMP031131,EQ00000594,L3,Well Control,False,False,False,Operator
EMP047194,EQ00000594,L4,Well Control,False,False,False,Operator
EMP015690,EQ00000594,L5,Well Control,False,True,False,Inspector
EMP006247,EQ00000594,L2,Well Control,False,True,False,Inspector
EMP009209,EQ00000594,L4,Well Control,True,True,False,Maintenance
EMP019587,EQ00000594,L5,Well Control,True,True,True,Inspector
EMP042473,EQ00000594,L6,Well Control,True,True,True,Inspector
EMP038025,EQ00001643,L3,Rig Floor Safety,False,False,False,Operator
EMP028189,EQ00001643,L3,Rig Floor Safety,False,False,False,Supervisor
EMP023034,EQ00001002,L3,Lifting Operations,False,False,False,Operator
EMP003097,EQ00001002,L6,Lifting Operations,True,True,True,Maintenance
EMP022169,EQ00001002,L2,Lifting Operations,False,True,False,Maintenance
EMP023404,EQ00002073,L5,SIS/ESD,True,True,True,Maintenance
EMP017957,EQ00002073,L3,SIS/ESD,False,False,False,Supervisor
EMP013346,EQ00002073,L3,SIS/ESD,True,True,False,Inspector
EMP007663,EQ00002073,L4,SIS/ESD,False,False,False,Supervisor
EMP013172,EQ00002073,L3,SIS/ESD,False,False,False,Inspector
EMP040292,EQ00002073,L3,SIS/ESD,False,True,False,Inspector
EMP017628,EQ00002073,L4,SIS/ESD,False,False,False,Maintenance
EMP042213,EQ00002073,L4,SIS/ESD,True,False,False,Inspector
EMP043125,EQ00002003,L3,Well Control,True,False,False,Maintenance
EMP043938,EQ00002003,L3,Well Control,True,True,False,Maintenance
EMP001735,EQ00001362,L2,Machine Tool Operation,True,False,False,Inspector
EMP036310,EQ00001362,L2,Machine Tool Operation,True,False,False,Operator
EMP031479,EQ00001362,L3,Machine Tool Operation,False,False,False,Supervisor
EMP003798,EQ00001362,L2,Machine Tool Operation,False,False,False,Operator
EMP001228,EQ00001362,L3,Machine Tool Operation,False,False,False,Inspector
EMP023436,EQ00001362,L4,Machine Tool Operation,True,True,True,Inspector
EMP016251,EQ00000152,L3,Chemical Handling,False,False,False,Operator
EMP002415,EQ00000152,L3,Chemical Handling,False,False,False,Operator
EMP021258,EQ00000152,L3,Chemical Handling,False,False,False,Supervisor
EMP006123,EQ00000152,L2,Chemical Handling,True,True,False,Operator
EMP002182,EQ00000056,L3,SIS/ESD,False,False,False,Maintenance
EMP011878,EQ00000056,L3,SIS/ESD,False,False,False,Operator
EMP017568,EQ00002059,L5,Gas Testing,False,True,False,Supervisor
EMP035344,EQ00002059,L2,Gas Testing,True,False,False,Operator
EMP030229,EQ00002059,L5,Gas Testing,True,True,True,Operator
EMP044765,EQ00002059,L4,Gas Testing,False,False,False,Operator
EMP014461,EQ00002059,L6,Gas Testing,True,True,True,Inspector
EMP012146,EQ00000758,L4,Process Safety,True,False,False,Operator
EMP011940,EQ00000758,L3,Process Safety,True,False,False,Maintenance
EMP026631,EQ00000758,L3,Process Safety,False,False,False,Maintenance
EMP008785,EQ00000566,L4,Pressure Testing,False,False,False,Inspector
EMP044580,EQ00000566,L3,Pressure Testing,True,False,False,Supervisor
EMP019358,EQ00000566,L5,Pressure Testing,True,True,True,Supervisor
EMP015570,EQ00000566,L3,Pressure Testing,False,False,False,Operator
EMP013205,EQ00000566,L3,Pressure Testing,False,False,False,Operator
EMP002068,EQ00000566,L3,Pressure Testing,False,False,False,Operator
EMP005867,EQ00000691,L4,Drilling Operations,True,False,False,Inspector
EMP017702,EQ00000691,L2,Drilling Operations,False,True,False,Supervisor
EMP039063,EQ00000691,L2,Drilling Operations,True,False,False,Inspector
EMP015724,EQ00000691,L2,Drilling Operations,True,True,False,Supervisor
EMP021950,EQ00000691,L4,Drilling Operations,True,True,False,Operator
EMP045686,EQ00002520,L5,Lifting Gear Inspection,True,True,True,Supervisor
EMP016795,EQ00002520,L3,Lifting Gear Inspection,False,True,False,Operator
EMP047128,EQ00002520,L5,Lifting Gear Inspection,True,True,True,Supervisor
EMP028131,EQ00002520,L3,Lifting Gear Inspection,False,False,False,Operator
EMP016766,EQ00002520,L3,Lifting Gear Inspection,False,False,False,Maintenance
EMP008187,EQ00002520,L3,Lifting Gear Inspection,False,True,False,Maintenance
EMP010309,EQ00002520,L5,Lifting Gear Inspection,True,False,False,Supervisor
EMP040205,EQ00001965,L4,Switchgear Operation,True,False,False,Inspector
EMP048934,EQ00001965,L3,Switchgear Operation,False,False,False,Maintenance
EMP020346,EQ00000898,L4,Permit to Work,False,False,False,Inspector
EMP018054,EQ00000898,L4,Permit to Work,False,False,False,Supervisor
EMP017104,EQ00000898,L3,Permit to Work,False,False,False,Inspector
EMP038253,EQ00000898,L4,Permit to Work,False,False,False,Supervisor
EMP035256,EQ00000898,L4,Permit to Work,False,False,False,Inspector
EMP004728,EQ00000898,L5,Permit to Work,True,True,True,Maintenance
EMP017297,EQ00002162,L5,Pressure Vessel Safety,True,True,True,Operator
EMP002760,EQ00002162,L2,Pressure Vessel Safety,False,False,False,Inspector
EMP008713,EQ00002162,L4,Pressure Vessel Safety,False,True,False,Maintenance
EMP010612,EQ00002162,L4,Pressure Vessel Safety,True,False,False,Operator
EMP023092,EQ00002162,L2,Pressure Vessel Safety,False,False,False,Supervisor
EMP041037,EQ00002162,L3,Pressure Vessel Safety,False,True,False,Inspector
EMP038374,EQ00002162,L5,Pressure Vessel Safety,True,False,False,Maintenance
EMP030397,EQ00002162,L5,Pressure Vessel Safety,True,True,True,Operator
EMP047649,EQ00001733,L4,Pressure Systems Safety,False,False,False,Maintenance
EMP004591,EQ00001733,L4,Pressure Systems Safety,False,False,False,Maintenance
EMP007370,EQ00001733,L5,Pressure Systems Safety,True,True,True,Inspector
EMP015918,EQ00001733,L4,Pressure Systems Safety,True,True,False,Maintenance
EMP029853,EQ00001101,L2,Calibration,False,False,False,Supervisor
EMP026047,EQ00001101,L4,Calibration,True,False,False,Operator
EMP023474,EQ00001101,L4,Calibration,False,False,False,Supervisor
EMP020186,EQ00001101,L3,Calibration,False,False,False,Operator
EMP035216,EQ00001101,L6,Calibration,True,True,True,Operator
EMP029091,EQ00000700,L5,Pressure Vessel Safety,True,False,False,Operator
EMP000673,EQ00000700,L2,Pressure Vessel Safety,False,False,False,Supervisor
EMP034006,EQ00000700,L5,Pressure Vessel Safety,True,True,True,Inspector
EMP046328,EQ00002302,L2,Isolation/LOTO,True,False,False,Supervisor
EMP044107,EQ00002302,L5,Isolation/LOTO,True,True,True,Operator
EMP011663,EQ00002302,L4,Isolation/LOTO,True,True,True,Maintenance
EMP035866,EQ00002302,L3,Isolation/LOTO,False,False,False,Operator
EMP000884,EQ00002302,L2,Isolation/LOTO,False,False,False,Operator
EMP040189,EQ00002302,L3,Isolation/LOTO,False,False,False,Maintenance
EMP008660,EQ00002302,L5,Isolation/LOTO,True,True,True,Inspector
EMP003734,EQ00000051,L3,Isolation/LOTO,False,False,False,Supervisor
EMP043484,EQ00000051,L3,Isolation/LOTO,False,False,False,Maintenance
EMP035752,EQ00000051,L3,Isolation/LOTO,False,False,False,Supervisor
EMP024158,EQ00000051,L2,Isolation/LOTO,False,False,False,Supervisor
EMP014550,EQ00000051,L4,Isolation/LOTO,True,False,False,Inspector
EMP016099,EQ00000051,L3,Isolation/LOTO,False,False,False,Supervisor
EMP029295,EQ00000051,L2,Isolation/LOTO,False,False,False,Maintenance
EMP009729,EQ00000051,L3,Isolation/LOTO,False,False,False,Maintenance
EMP022456,EQ00001659,L4,Calibration,True,True,True,Supervisor
EMP036377,EQ00001659,L4,Calibration,True,True,True,Supervisor
EMP012135,EQ00001659,L2,Calibration,False,False,False,Operator
EMP023389,EQ00001659,L3,Calibration,True,False,False,Inspector
EMP037824,EQ00001659,L4,Calibration,True,True,True,Supervisor
EMP001218,EQ00001659,L4,Calibration,True,True,True,Maintenance
EMP024889,EQ00002169,L6,Pressure Testing,True,False,False,Operator
EMP040944,EQ00002169,L3,Pressure Testing,False,False,False,Operator
EMP026629,EQ00000156,L2,Gas Detection,False,False,False,Maintenance
EMP023004,EQ00000156,L3,Gas Detection,False,False,False,Maintenance
EMP040727,EQ00000156,L5,Gas Detection,True,True,True,Supervisor
EMP003569,EQ00000156,L4,Gas Detection,True,True,True,Operator
EMP017289,EQ00000569,L4,Rigging,True,True,True,Inspector
EMP018631,EQ00000569,L5,Rigging,True,False,False,Maintenance
EMP010228,EQ00000569,L4,Rigging,True,True,True,Maintenance
EMP012962,EQ00000569,L2,Rigging,True,False,False,Operator
EMP032692,EQ00000569,L5,Rigging,True,True,True,Operator
EMP044959,EQ00000569,L5,Rigging,True,True,True,Operator
EMP029927,EQ00001528,L3,Line of Fire Awareness,False,False,False,Operator
EMP032379,EQ00001528,L3,Line of Fire Awareness,False,True,False,Inspector
EMP018045,EQ00001528,L5,Line of Fire Awareness,True,False,False,Inspector
EMP048705,EQ00001528,L3,Line of Fire Awareness,False,False,False,Supervisor
EMP018639,EQ00001528,L5,Line of Fire Awareness,True,True,True,Operator
EMP023011,EQ00001528,L6,Line of Fire Awareness,True,True,True,Supervisor
EMP036531,EQ00001528,L3,Line of Fire Awareness,False,False,False,Operator
EMP009074,EQ00001869,L3,Gas Testing,True,True,False,Maintenance
EMP001243,EQ00001869,L4,Gas Testing,True,True,True,Maintenance
EMP015273,EQ00001869,L3,Gas Testing,False,False,False,Supervisor
EMP009409,EQ00001869,L3,Gas Testing,False,False,False,Supervisor
EMP019030,EQ00001013,L2,Permit to Work,True,False,False,Inspector
EMP025803,EQ00001013,L4,Permit to Work,False,False,False,Inspector
EMP034130,EQ00000975,L3,Rig Floor Safety,False,False,False,Supervisor
EMP017350,EQ00000975,L2,Rig Floor Safety,False,False,False,Inspector
EMP044544,EQ00000975,L4,Rig Floor Safety,False,False,False,Supervisor
EMP032489,EQ00001774,L2,Well Control,False,False,False,Supervisor
EMP042675,EQ00001774,L3,Well Control,False,False,False,Inspector
EMP015001,EQ00001774,L3,Well Control,False,False,False,Inspector
EMP019458,EQ00001774,L2,Well Control,False,False,False,Operator
EMP002375,EQ00001774,L4,Well Control,True,False,False,Inspector
EMP015254,EQ00001774,L4,Well Control,False,False,False,Operator
EMP029107,EQ00001774,L4,Well Control,False,False,False,Maintenance
EMP028970,EQ00001774,L6,Well Control,False,True,False,Inspector
EMP026483,EQ00002589,L2,Process Isolation,False,False,False,Supervisor
EMP023704,EQ00002589,L3,Process Isolation,False,False,False,Inspector
EMP013718,EQ00002589,L4,Process Isolation,False,False,False,Operator
EMP035756,EQ00002589,L4,Process Isolation,False,True,False,Maintenance
EMP035958,EQ00002589,L4,Process Isolation,True,False,False,Maintenance
EMP006234,EQ00001721,L2,Chemical Handling,False,False,False,Supervisor
EMP038887,EQ00001721,L6,Chemical Handling,True,True,True,Maintenance
EMP012533,EQ00001721,L2,Chemical Handling,False,False,False,Operator
EMP045930,EQ00001721,L3,Chemical Handling,False,False,False,Supervisor
EMP028171,EQ00001721,L3,Chemical Handling,False,False,False,Inspector
EMP030109,EQ00001209,L3,Isolation/LOTO,False,False,False,Inspector
EMP023608,EQ00001209,L4,Isolation/LOTO,True,True,False,Inspector
EMP048200,EQ00001209,L4,Isolation/LOTO,True,False,False,Supervisor
EMP010282,EQ00001209,L3,Isolation/LOTO,False,False,False,Supervisor
EMP016426,EQ00001209,L4,Isolation/LOTO,False,True,False,Maintenance
EMP027686,EQ00001209,L2,Isolation/LOTO,False,True,False,Operator
EMP035117,EQ00001209,L4,Isolation/LOTO,False,False,False,Operator
EMP000337,EQ00001209,L5,Isolation/LOTO,True,True,True,Supervisor
EMP024626,EQ00002103,L2,Pressure Vessel Safety,False,True,False,Inspector
EMP008266,EQ00002103,L2,Pressure Vessel Safety,False,False,False,Supervisor
EMP025640,EQ00002103,L2,Pressure Vessel Safety,False,False,False,Inspector
EMP032092,EQ00002103,L5,Pressure Vessel Safety,True,True,True,Inspector
EMP038948,EQ00002103,L4,Pressure Vessel Safety,False,True,False,Maintenance
EMP007932,EQ00002103,L4,Pressure Vessel Safety,False,False,False,Supervisor
EMP047901,EQ00002103,L5,Pressure Vessel Safety,True,True,True,Inspector
EMP016133,EQ00002103,L5,Pressure Vessel Safety,True,True,True,Maintenance
EMP026775,EQ00000396,L2,SIS/ESD,False,False,False,Inspector
EMP036455,EQ00000396,L4,SIS/ESD,False,True,False,Maintenance
EMP013855,EQ00000396,L3,SIS/ESD,False,False,False,Operator
EMP033894,EQ00000396,L5,SIS/ESD,True,True,True,Maintenance
EMP009114,EQ00000396,L3,SIS/ESD,True,False,False,Maintenance
EMP001945,EQ00002619,L4,LOTO,False,False,False,Supervisor
EMP036839,EQ00002619,L5,LOTO,True,False,False,Inspector
EMP034655,EQ00002619,L4,LOTO,False,True,False,Maintenance
EMP006136,EQ00002619,L2,LOTO,False,False,False,Supervisor
EMP020309,EQ00002619,L4,LOTO,False,False,False,Inspector
EMP023463,EQ00002619,L2,LOTO,False,False,False,Maintenance
EMP041127,EQ00002619,L3,LOTO,False,False,False,Supervisor
EMP027126,EQ00002619,L3,LOTO,True,True,False,Supervisor
EMP033448,EQ00000966,L4,Isolation/LOTO,True,False,False,Maintenance
EMP016402,EQ00000966,L4,Isolation/LOTO,False,False,False,Supervisor
EMP022452,EQ00000966,L3,Isolation/LOTO,False,False,False,Supervisor
EMP035401,EQ00000966,L2,Isolation/LOTO,False,False,False,Inspector
EMP003684,EQ00000966,L3,Isolation/LOTO,False,False,False,Maintenance
EMP019656,EQ00000966,L4,Isolation/LOTO,False,False,False,Operator
EMP042546,EQ00000966,L4,Isolation/LOTO,False,False,False,Inspector
EMP028020,EQ00002491,L3,Isolation/LOTO,False,False,False,Inspector
EMP002028,EQ00002491,L6,Isolation/LOTO,True,True,True,Inspector
EMP022148,EQ00002491,L4,Isolation/LOTO,True,True,True,Maintenance
EMP002843,EQ00002491,L5,Isolation/LOTO,True,True,True,Operator
EMP016133,EQ00002491,L5,Isolation/LOTO,True,True,True,Operator
EMP013432,EQ00002491,L5,Isolation/LOTO,True,True,True,Maintenance
EMP019509,EQ00002491,L6,Isolation/LOTO,True,True,True,Operator
EMP005114,EQ00000908,L4,Welding Safety,True,False,False,Operator
EMP045317,EQ00000908,L4,Welding Safety,False,True,False,Supervisor
EMP027546,EQ00000908,L3,Welding Safety,False,False,False,Supervisor
EMP013866,EQ00000908,L4,Welding Safety,False,False,False,Supervisor
EMP010549,EQ00000908,L3,Welding Safety,False,False,False,Maintenance
EMP032100,EQ00000908,L2,Welding Safety,False,False,False,Supervisor
EMP004741,EQ00000448,L4,Environmental Monitoring,False,False,False,Maintenance
EMP021046,EQ00000448,L4,Environmental Monitoring,False,True,False,Supervisor
EMP028025,EQ00000448,L5,Environmental Monitoring,True,True,True,Supervisor
EMP011873,EQ00000448,L3,Environmental Monitoring,False,True,False,Inspector
EMP041332,EQ00000448,L2,Environmental Monitoring,False,False,False,Supervisor
EMP039652,EQ00000697,L6,Gas Detection,False,True,False,Maintenance
EMP026602,EQ00000697,L3,Gas Detection,True,True,True,Supervisor
EMP031655,EQ00001448,L4,Pump Maintenance,True,False,False,Supervisor
EMP019111,EQ00001448,L3,Pump Maintenance,True,False,False,Operator
EMP042900,EQ00000538,L3,Process Operations,True,False,False,Inspector
EMP011272,EQ00000538,L2,Process Operations,True,False,False,Operator
EMP036151,EQ00000538,L4,Process Operations,True,True,True,Inspector
EMP033627,EQ00001976,L2,Vibration Monitoring,False,False,False,Operator
EMP025738,EQ00001976,L2,Vibration Monitoring,False,False,False,Maintenance
EMP035262,EQ00001976,L4,Vibration Monitoring,False,True,False,Operator
EMP043540,EQ00001976,L6,Vibration Monitoring,True,True,True,Maintenance
EMP010200,EQ00000090,L3,Arc Flash Awareness,True,True,False,Operator
EMP015808,EQ00000090,L5,Arc Flash Awareness,True,True,True,Maintenance
EMP033999,EQ00000090,L4,Arc Flash Awareness,False,False,False,Inspector
EMP017324,EQ00000090,L2,Arc Flash Awareness,False,False,False,Supervisor
EMP028737,EQ00000090,L4,Arc Flash Awareness,False,True,False,Maintenance
EMP010573,EQ00000090,L3,Arc Flash Awareness,False,False,False,Maintenance
EMP023408,EQ00000090,L4,Arc Flash Awareness,False,False,False,Supervisor
EMP042062,EQ00000090,L4,Arc Flash Awareness,False,False,False,Inspector
EMP041203,EQ00000025,L4,Permit to Work,False,False,False,Inspector
EMP020495,EQ00000025,L4,Permit to Work,False,False,False,Operator
EMP014055,EQ00000025,L3,Permit to Work,False,False,False,Inspector
EMP030911,EQ00000025,L2,Permit to Work,True,False,False,Inspector
EMP017616,EQ00000025,L3,Permit to Work,False,False,False,Operator
EMP014101,EQ00000025,L4,Permit to Work,False,False,False,Inspector
EMP034565,EQ00001731,L3,Isolation/LOTO,False,True,False,Maintenance
EMP040957,EQ00001731,L2,Isolation/LOTO,False,True,False,Maintenance
EMP013322,EQ00001731,L3,Isolation/LOTO,False,False,False,Maintenance
EMP024419,EQ00001731,L6,Isolation/LOTO,True,True,True,Inspector
EMP021415,EQ00001731,L2,Isolation/LOTO,True,False,False,Inspector
EMP023159,EQ00002249,L3,Control Systems,False,False,False,Maintenance
EMP007400,EQ00002249,L3,Control Systems,True,True,False,Supervisor
EMP009873,EQ00002249,L3,Control Systems,False,False,False,Operator
EMP031558,EQ00002249,L2,Control Systems,False,False,False,Supervisor
EMP045133,EQ00001073,L4,Pressure Systems Safety,True,False,False,Maintenance
EMP012292,EQ00001073,L3,Pressure Systems Safety,False,False,False,Supervisor
EMP031586,EQ00002736,L2,Line of Fire Awareness,False,True,False,Supervisor
EMP022462,EQ00002736,L5,Line of Fire Awareness,True,True,True,Supervisor
EMP041824,EQ00002736,L5,Line of Fire Awareness,True,True,True,Maintenance
EMP049585,EQ00002736,L3,Line of Fire Awareness,True,False,False,Inspector
EMP046721,EQ00002736,L3,Line of Fire Awareness,False,False,False,Maintenance
EMP002175,EQ00002736,L3,Line of Fire Awareness,False,False,False,Inspector
EMP045983,EQ00002732,L4,Rig Floor Safety,True,False,False,Maintenance
EMP014962,EQ00002732,L4,Rig Floor Safety,False,True,False,Maintenance
EMP030130,EQ00002732,L3,Rig Floor Safety,False,False,False,Operator
EMP024790,EQ00002732,L2,Rig Floor Safety,True,False,False,Maintenance
EMP037034,EQ00002732,L3,Rig Floor Safety,False,False,False,Supervisor
EMP046569,EQ00002732,L2,Rig Floor Safety,False,False,False,Operator
EMP026895,EQ00002732,L2,Rig Floor Safety,False,False,False,Operator
EMP013037,EQ00001279,L4,Hydrotest Safety,False,False,False,Operator
EMP026026,EQ00001279,L2,Hydrotest Safety,True,True,False,Operator
EMP035811,EQ00001279,L3,Hydrotest Safety,False,False,False,Supervisor
EMP027564,EQ00001279,L5,Hydrotest Safety,True,True,True,Inspector
EMP015624,EQ00001279,L4,Hydrotest Safety,False,False,False,Operator
EMP009446,EQ00001279,L2,Hydrotest Safety,False,False,False,Maintenance
EMP000170,EQ00000363,L4,Pressure Testing,False,False,False,Inspector
EMP034986,EQ00000363,L3,Pressure Testing,False,False,False,Inspector
EMP004089,EQ00000363,L5,Pressure Testing,True,False,False,Operator
EMP012113,EQ00000363,L3,Pressure Testing,False,False,False,Operator
EMP033412,EQ00000363,L4,Pressure Testing,False,False,False,Maintenance
EMP000484,EQ00000363,L4,Pressure Testing,False,False,False,Operator
EMP005221,EQ00000363,L3,Pressure Testing,False,False,False,Maintenance
EMP036216,EQ00000363,L6,Pressure Testing,True,True,True,Supervisor
EMP049778,EQ00001345,L3,Lubrication,False,False,False,Maintenance
EMP019636,EQ00001345,L4,Lubrication,True,True,True,Inspector
EMP038394,EQ00001345,L3,Lubrication,False,True,False,Inspector
EMP014397,EQ00001345,L5,Lubrication,True,True,True,Supervisor
EMP048202,EQ00001345,L2,Lubrication,False,True,False,Supervisor
EMP012231,EQ00001345,L4,Lubrication,False,True,False,Operator
EMP030467,EQ00001345,L3,Lubrication,True,False,False,Maintenance
EMP030781,EQ00001345,L3,Lubrication,False,False,False,Maintenance
EMP025688,EQ00000829,L3,Permit to Work,False,False,False,Supervisor
EMP026466,EQ00000829,L3,Permit to Work,True,False,False,Operator
EMP042936,EQ00000829,L3,Permit to Work,False,True,False,Operator
EMP040456,EQ00000829,L3,Permit to Work,False,True,False,Operator
EMP017673,EQ00001736,L4,Pressure Testing,True,False,False,Supervisor
EMP015088,EQ00001736,L2,Pressure Testing,True,False,False,Inspector
EMP023583,EQ00001736,L4,Pressure Testing,False,False,False,Maintenance
EMP027464,EQ00001087,L4,Welding Safety,False,False,False,Operator
EMP027132,EQ00001087,L4,Welding Safety,False,True,False,Operator
EMP041912,EQ00001087,L2,Welding Safety,False,False,False,Supervisor
EMP042553,EQ00002775,L5,Hot Work,True,True,True,Operator
EMP039314,EQ00002775,L6,Hot Work,True,True,True,Maintenance
EMP039651,EQ00002775,L5,Hot Work,True,True,True,Maintenance
EMP007353,EQ00000932,L3,Permit to Work,False,False,False,Maintenance
EMP009819,EQ00000932,L3,Permit to Work,False,False,False,Inspector
EMP043645,EQ00000932,L2,Permit to Work,False,False,False,Inspector
EMP015422,EQ00000932,L4,Permit to Work,True,True,True,Inspector
EMP002534,EQ00000932,L2,Permit to Work,False,False,False,Operator
EMP011448,EQ00000932,L3,Permit to Work,False,True,False,Maintenance
EMP018616,EQ00000223,L4,SIS/ESD,False,True,False,Inspector
EMP039548,EQ00000223,L2,SIS/ESD,True,False,False,Maintenance
EMP039265,EQ00000223,L5,SIS/ESD,True,True,True,Inspector
EMP029254,EQ00000223,L2,SIS/ESD,False,False,False,Supervisor
EMP046277,EQ00000223,L4,SIS/ESD,True,False,False,Maintenance
EMP015108,EQ00000223,L3,SIS/ESD,True,False,False,Maintenance
EMP021513,EQ00000223,L2,SIS/ESD,False,True,False,Maintenance
EMP024327,EQ00000648,L4,Vehicle Inspection,True,False,False,Inspector
EMP014550,EQ00000648,L4,Vehicle Inspection,False,False,False,Operator
EMP032480,EQ00000648,L3,Vehicle Inspection,False,True,False,Inspector
EMP045887,EQ00002561,L4,Pressure Testing,False,True,False,Inspector
EMP014376,EQ00002561,L5,Pressure Testing,True,True,True,Maintenance
EMP022532,EQ00001183,L4,Switchgear Operation,True,True,True,Supervisor
EMP016107,EQ00001183,L3,Switchgear Operation,False,False,False,Maintenance
EMP033593,EQ00001183,L3,Switchgear Operation,True,False,False,Maintenance
EMP028826,EQ00000390,L4,Hydrotest Safety,True,True,True,Inspector
EMP049759,EQ00000390,L5,Hydrotest Safety,True,True,True,Supervisor
EMP007488,EQ00000390,L6,Hydrotest Safety,False,True,False,Inspector
EMP010945,EQ00000390,L3,Hydrotest Safety,False,False,False,Operator
EMP003607,EQ00000390,L5,Hydrotest Safety,True,True,True,Inspector
EMP040658,EQ00000390,L5,Hydrotest Safety,True,True,True,Maintenance
EMP009649,EQ00000390,L4,Hydrotest Safety,True,True,True,Inspector
EMP042302,EQ00000390,L4,Hydrotest Safety,True,True,True,Maintenance
EMP042135,EQ00000894,L4,Pressure Vessel Safety,False,False,False,Maintenance
EMP031572,EQ00000894,L3,Pressure Vessel Safety,False,False,False,Operator
EMP017353,EQ00000493,L4,Workshop Safety,True,True,True,Maintenance
EMP040808,EQ00000493,L2,Workshop Safety,True,False,False,Maintenance
EMP001863,EQ00000493,L2,Workshop Safety,False,False,False,Operator
EMP039944,EQ00000493,L4,Workshop Safety,True,True,True,Supervisor
EMP047631,EQ00000493,L6,Workshop Safety,True,False,False,Supervisor
EMP029261,EQ00000117,L5,Hazardous Material Transport,True,True,True,Operator
EMP011837,EQ00000117,L4,Hazardous Material Transport,False,False,False,Operator
EMP039062,EQ00000117,L3,Hazardous Material Transport,False,False,False,Operator
EMP027832,EQ00002125,L3,Lifting Operations,True,False,False,Maintenance
EMP017727,EQ00002125,L2,Lifting Operations,True,False,False,Operator
EMP012628,EQ00002125,L5,Lifting Operations,True,True,True,Maintenance
EMP033046,EQ00002125,L4,Lifting Operations,False,False,False,Operator
EMP028319,EQ00002125,L3,Lifting Operations,False,False,False,Supervisor
EMP001975,EQ00002125,L3,Lifting Operations,False,False,False,Inspector
EMP010426,EQ00002125,L5,Lifting Operations,True,False,False,Maintenance
EMP033361,EQ00002125,L3,Lifting Operations,False,True,False,Inspector
EMP022691,EQ00000557,L4,Rig Floor Safety,True,False,False,Operator
EMP014666,EQ00000557,L4,Rig Floor Safety,False,False,False,Inspector
EMP033019,EQ00000557,L3,Rig Floor Safety,False,False,False,Supervisor
EMP045791,EQ00000557,L3,Rig Floor Safety,True,False,False,Operator
EMP020452,EQ00001638,L6,Isolation/LOTO,True,True,True,Operator
EMP032160,EQ00001638,L4,Isolation/LOTO,False,False,False,Inspector
EMP003298,EQ00001638,L2,Isolation/LOTO,False,False,False,Maintenance
EMP013501,EQ00001638,L3,Isolation/LOTO,True,True,False,Inspector
EMP027046,EQ00001638,L4,Isolation/LOTO,False,False,False,Maintenance
EMP006734,EQ00001638,L3,Isolation/LOTO,False,False,False,Maintenance
EMP008540,EQ00001767,L5,Hydrotest Safety,True,True,True,Inspector
EMP041931,EQ00001767,L4,Hydrotest Safety,False,True,False,Operator
EMP004905,EQ00001767,L5,Hydrotest Safety,True,True,True,Inspector
EMP028310,EQ00001767,L4,Hydrotest Safety,False,False,False,Operator
EMP016549,EQ00001767,L3,Hydrotest Safety,False,True,False,Inspector
EMP024342,EQ00001767,L3,Hydrotest Safety,False,False,False,Maintenance
EMP033306,EQ00000231,L4,Emergency Response,False,False,False,Inspector
EMP034116,EQ00000231,L3,Emergency Response,True,False,False,Supervisor
EMP031748,EQ00000231,L2,Emergency Response,False,False,False,Operator
EMP040651,EQ00000231,L6,Emergency Response,True,True,True,Supervisor
EMP047721,EQ00000231,L4,Emergency Response,False,False,False,Operator
EMP021911,EQ00000231,L4,Emergency Response,False,True,False,Inspector
EMP026619,EQ00000231,L4,Emergency Response,False,False,False,Inspector
EMP019329,EQ00001780,L2,Calibration,False,True,False,Maintenance
EMP012773,EQ00001780,L2,Calibration,True,False,False,Inspector
EMP035792,EQ00001780,L3,Calibration,False,False,False,Supervisor
EMP021773,EQ00001780,L4,Calibration,True,True,False,Supervisor
EMP019183,EQ00000313,L5,Vehicle Inspection,False,True,False,Maintenance
EMP005850,EQ00000313,L3,Vehicle Inspection,False,False,False,Maintenance
EMP045226,EQ00000313,L2,Vehicle Inspection,False,False,False,Maintenance
EMP016285,EQ00000313,L3,Vehicle Inspection,True,False,False,Operator
EMP016040,EQ00001947,L3,Instrumentation,False,False,False,Supervisor
EMP000306,EQ00001947,L6,Instrumentation,True,True,True,Operator
EMP012275,EQ00001947,L3,Instrumentation,False,True,False,Operator
EMP011743,EQ00001947,L3,Instrumentation,False,False,False,Operator
EMP027610,EQ00000298,L4,Rigging,True,True,False,Supervisor
EMP002964,EQ00000298,L6,Rigging,True,True,True,Maintenance
EMP005758,EQ00000298,L3,Rigging,True,True,False,Supervisor
EMP020535,EQ00000298,L3,Rigging,False,False,False,Inspector
EMP020989,EQ00000298,L4,Rigging,False,False,False,Operator
EMP031317,EQ00000298,L4,Rigging,False,False,False,Maintenance
EMP034336,EQ00001948,L4,Process Operations,False,True,False,Inspector
EMP002259,EQ00001948,L3,Process Operations,False,False,False,Inspector
EMP038543,EQ00001948,L5,Process Operations,True,True,True,Maintenance
EMP045563,EQ00001021,L3,Alignment,False,False,False,Maintenance
EMP040147,EQ00001021,L5,Alignment,True,True,True,Supervisor
EMP048510,EQ00001021,L5,Alignment,True,True,True,Supervisor
EMP044084,EQ00001021,L4,Alignment,False,False,False,Maintenance
EMP007907,EQ00001021,L2,Alignment,False,True,False,Operator
EMP045558,EQ00001021,L5,Alignment,True,True,True,Operator
EMP045184,EQ00001021,L3,Alignment,False,False,False,Operator
EMP031479,EQ00001021,L3,Alignment,False,False,False,Inspector
EMP030158,EQ00002285,L3,Workshop Safety,False,False,False,Maintenance
EMP027020,EQ00002285,L5,Workshop Safety,True,True,True,Supervisor
EMP030281,EQ00002285,L2,Workshop Safety,True,False,False,Inspector
EMP023014,EQ00002285,L4,Workshop Safety,False,False,False,Inspector
EMP047124,EQ00002285,L4,Workshop Safety,True,False,False,Inspector
EMP049869,EQ00002285,L4,Workshop Safety,False,False,False,Supervisor
EMP034408,EQ00002285,L4,Workshop Safety,False,False,False,Operator
EMP015801,EQ00002466,L3,Well Control,False,False,False,Inspector
EMP011494,EQ00002466,L4,Well Control,False,False,False,Inspector
EMP037065,EQ00002466,L5,Well Control,False,True,False,Maintenance
EMP010477,EQ00001248,L3,Pressure Systems Safety,False,False,False,Operator
EMP002504,EQ00001248,L6,Pressure Systems Safety,False,True,False,Inspector
EMP028826,EQ00001248,L4,Pressure Systems Safety,True,True,True,Operator
EMP041889,EQ00001387,L2,LOTO,False,True,False,Supervisor
EMP044701,EQ00001387,L4,LOTO,True,True,False,Maintenance
EMP034034,EQ00001387,L2,LOTO,True,False,False,Inspector
EMP044178,EQ00001387,L4,LOTO,False,True,False,Operator
EMP047834,EQ00001387,L3,LOTO,False,False,False,Inspector
EMP045005,EQ00000053,L3,Process Safety,False,True,False,Operator
EMP028305,EQ00000053,L5,Process Safety,True,True,True,Supervisor
EMP040423,EQ00000053,L4,Process Safety,True,True,True,Inspector
EMP015384,EQ00000053,L5,Process Safety,True,True,True,Maintenance
EMP016954,EQ00000053,L6,Process Safety,True,True,True,Operator
EMP004941,EQ00000053,L3,Process Safety,False,False,False,Inspector
EMP044810,EQ00002642,L5,LOTO,True,True,True,Inspector
EMP039709,EQ00002642,L3,LOTO,False,False,False,Operator
EMP004509,EQ00002642,L4,LOTO,False,False,False,Supervisor
EMP023751,EQ00002642,L5,LOTO,True,False,False,Operator
EMP044884,EQ00002726,L4,Electrical Safety,True,True,True,Maintenance
EMP032547,EQ00002726,L4,Electrical Safety,False,True,False,Supervisor
EMP017889,EQ00002726,L4,Electrical Safety,True,True,True,Inspector
EMP042820,EQ00002726,L3,Electrical Safety,True,True,True,Maintenance
EMP007734,EQ00002726,L5,Electrical Safety,True,True,True,Inspector
EMP040827,EQ00002726,L3,Electrical Safety,True,True,True,Operator
EMP013031,EQ00002726,L3,Electrical Safety,False,True,False,Maintenance
EMP017886,EQ00000740,L4,LOTO,False,True,False,Operator
EMP029340,EQ00000740,L4,LOTO,True,False,False,Inspector
EMP049149,EQ00002448,L3,Journey Management,True,False,False,Supervisor
EMP011179,EQ00002448,L4,Journey Management,False,False,False,Operator
EMP044409,EQ00002348,L2,Lifting Operations,False,False,False,Supervisor
EMP002033,EQ00002348,L3,Lifting Operations,False,False,False,Supervisor
EMP008474,EQ00001219,L2,Switchgear Operation,False,False,False,Inspector
EMP014071,EQ00001219,L4,Switchgear Operation,False,True,False,Operator
EMP033234,EQ00001219,L5,Switchgear Operation,True,True,True,Supervisor
EMP042858,EQ00001218,L3,Hot Work,False,False,False,Maintenance
EMP012171,EQ00001218,L3,Hot Work,False,False,False,Supervisor
EMP015126,EQ00001218,L3,Hot Work,False,False,False,Maintenance
EMP013823,EQ00001218,L6,Hot Work,True,True,True,Operator
EMP016541,EQ00001340,L2,Isolation/LOTO,False,False,False,Inspector
EMP008740,EQ00001340,L4,Isolation/LOTO,False,False,False,Supervisor
EMP047705,EQ00001340,L6,Isolation/LOTO,True,True,True,Supervisor
EMP046239,EQ00001340,L2,Isolation/LOTO,False,False,False,Operator
EMP015942,EQ00001340,L3,Isolation/LOTO,False,False,False,Operator
EMP026771,EQ00001340,L3,Isolation/LOTO,False,False,False,Operator
EMP024510,EQ00002276,L4,Machine Tool Operation,True,False,False,Maintenance
EMP030165,EQ00002276,L4,Machine Tool Operation,False,True,False,Supervisor
EMP044255,EQ00002276,L5,Machine Tool Operation,True,False,False,Maintenance
EMP017521,EQ00002276,L4,Machine Tool Operation,False,False,False,Supervisor
EMP039943,EQ00002276,L5,Machine Tool Operation,True,True,True,Maintenance
EMP024948,EQ00002276,L5,Machine Tool Operation,True,False,False,Operator
EMP042531,EQ00002276,L2,Machine Tool Operation,False,False,False,Inspector
EMP036166,EQ00001231,L4,Isolation/LOTO,False,False,False,Operator
EMP008862,EQ00001231,L5,Isolation/LOTO,False,True,False,Maintenance
EMP037532,EQ00001231,L3,Isolation/LOTO,False,False,False,Inspector
EMP016874,EQ00001231,L5,Isolation/LOTO,True,True,True,Operator
EMP034610,EQ00001231,L4,Isolation/LOTO,False,False,False,Supervisor
EMP009502,EQ00001231,L4,Isolation/LOTO,False,True,False,Maintenance
EMP032328,EQ00001231,L2,Isolation/LOTO,True,False,False,Operator
EMP024663,EQ00001231,L4,Isolation/LOTO,False,False,False,Supervisor
EMP006594,EQ00001718,L5,Vehicle Inspection,True,True,True,Operator
EMP001382,EQ00001718,L3,Vehicle Inspection,False,False,False,Operator
EMP003878,EQ00001718,L5,Vehicle Inspection,True,True,True,Supervisor
EMP033913,EQ00001718,L2,Vehicle Inspection,False,False,False,Inspector
EMP049045,EQ00002593,L6,Hydrotest Safety,True,True,True,Operator
EMP013341,EQ00002593,L5,Hydrotest Safety,False,True,False,Supervisor
EMP021332,EQ00002593,L3,Hydrotest Safety,True,False,False,Operator
EMP035424,EQ00002593,L3,Hydrotest Safety,False,False,False,Inspector
EMP031684,EQ00002593,L3,Hydrotest Safety,False,False,False,Operator
EMP004744,EQ00000837,L6,SIS/ESD,True,True,True,Maintenance
EMP040353,EQ00000837,L3,SIS/ESD,True,True,True,Maintenance
EMP035716,EQ00000837,L3,SIS/ESD,True,False,False,Supervisor
EMP020631,EQ00000837,L5,SIS/ESD,True,True,True,Inspector
EMP017295,EQ00000169,L4,Pressure Testing,False,False,False,Inspector
EMP021187,EQ00000169,L3,Pressure Testing,False,True,False,Operator
EMP015298,EQ00000169,L3,Pressure Testing,False,False,False,Operator
EMP025018,EQ00000169,L4,Pressure Testing,False,True,False,Supervisor
EMP010874,EQ00000341,L3,SIS/ESD,True,True,True,Operator
EMP024899,EQ00000341,L2,SIS/ESD,True,False,False,Operator
EMP027019,EQ00000341,L2,SIS/ESD,False,False,False,Inspector
EMP005524,EQ00000341,L3,SIS/ESD,True,True,True,Inspector
EMP002622,EQ00000341,L5,SIS/ESD,True,True,True,Supervisor
EMP037726,EQ00001014,L5,Environmental Monitoring,True,True,True,Supervisor
EMP019411,EQ00001014,L4,Environmental Monitoring,True,True,True,Operator
EMP046727,EQ00001014,L4,Environmental Monitoring,True,True,True,Inspector
EMP047815,EQ00001935,L6,Rotating Equipment,True,True,True,Supervisor
EMP003157,EQ00001935,L5,Rotating Equipment,True,True,True,Supervisor
EMP015052,EQ00002063,L4,Process Operations,False,False,False,Operator
EMP003719,EQ00002063,L3,Process Operations,True,False,False,Supervisor
EMP049653,EQ00002063,L4,Process Operations,False,False,False,Maintenance
EMP021121,EQ00002063,L3,Process Operations,False,True,False,Supervisor
EMP019109,EQ00002063,L6,Process Operations,True,True,True,Inspector
EMP003698,EQ00001229,L4,Control Systems,False,False,False,Inspector
EMP045709,EQ00001229,L5,Control Systems,True,True,True,Operator
EMP015116,EQ00001822,L5,Control Systems,True,True,True,Maintenance
EMP037208,EQ00001822,L4,Control Systems,False,False,False,Inspector
EMP036714,EQ00001822,L2,Control Systems,False,False,False,Operator
EMP042257,EQ00001822,L4,Control Systems,False,False,False,Inspector
EMP022215,EQ00001822,L5,Control Systems,True,False,False,Operator
EMP007105,EQ00001822,L3,Control Systems,True,False,False,Operator
EMP012727,EQ00001189,L5,Arc Flash Awareness,True,True,True,Operator
EMP014757,EQ00001189,L3,Arc Flash Awareness,False,True,False,Operator
EMP003660,EQ00001189,L5,Arc Flash Awareness,True,True,True,Inspector
EMP002303,EQ00001189,L3,Arc Flash Awareness,False,False,False,Inspector
EMP043106,EQ00000037,L4,Pressure Systems Safety,False,False,False,Inspector
EMP007139,EQ00000037,L4,Pressure Systems Safety,False,False,False,Inspector
EMP033227,EQ00000338,L3,Journey Management,False,False,False,Inspector
EMP000795,EQ00000338,L2,Journey Management,False,False,False,Maintenance
EMP045186,EQ00000338,L3,Journey Management,False,False,False,Operator
EMP008735,EQ00000338,L3,Journey Management,False,True,False,Inspector
EMP026037,EQ00000338,L3,Journey Management,False,False,False,Maintenance
EMP028262,EQ00000338,L2,Journey Management,True,False,False,Maintenance
EMP024242,EQ00000338,L3,Journey Management,False,False,False,Supervisor
EMP022579,EQ00002607,L3,Permit to Work,False,True,False,Inspector
EMP033629,EQ00002607,L5,Permit to Work,False,True,False,Inspector
EMP047012,EQ00002607,L2,Permit to Work,False,False,False,Inspector
EMP000209,EQ00000976,L2,Control Systems,False,False,False,Operator
EMP039260,EQ00000976,L3,Control Systems,False,True,False,Supervisor
EMP022010,EQ00000976,L4,Control Systems,False,True,False,Supervisor
EMP006644,EQ00000976,L5,Control Systems,True,True,True,Maintenance
EMP036431,EQ00000976,L6,Control Systems,True,True,True,Supervisor
EMP028053,EQ00000976,L3,Control Systems,False,False,False,Maintenance
EMP005908,EQ00000976,L4,Control Systems,False,False,False,Maintenance
EMP017592,EQ00000159,L4,Process Isolation,False,True,False,Inspector
EMP046981,EQ00000159,L5,Process Isolation,True,True,True,Inspector
EMP015328,EQ00000159,L2,Process Isolation,True,False,False,Maintenance
EMP049808,EQ00000159,L5,Process Isolation,True,True,True,Supervisor
EMP005842,EQ00000159,L2,Process Isolation,False,False,False,Supervisor
EMP009113,EQ00000159,L4,Process Isolation,True,True,True,Operator
EMP013551,EQ00000159,L3,Process Isolation,False,False,False,Supervisor
EMP001665,EQ00001094,L6,SIS/ESD,True,True,True,Inspector
EMP018540,EQ00001094,L4,SIS/ESD,False,False,False,Operator
EMP005317,EQ00001094,L3,SIS/ESD,True,False,False,Inspector
EMP016972,EQ00001094,L5,SIS/ESD,True,True,True,Maintenance
EMP007510,EQ00001094,L5,SIS/ESD,True,True,True,Operator
EMP028224,EQ00000945,L3,Line of Fire Awareness,True,False,False,Operator
EMP006327,EQ00000945,L6,Line of Fire Awareness,True,False,False,Supervisor
EMP000121,EQ00001049,L5,Rig Floor Safety,True,False,False,Supervisor
EMP026077,EQ00001049,L4,Rig Floor Safety,True,True,True,Supervisor
EMP016796,EQ00001049,L2,Rig Floor Safety,False,True,False,Supervisor
EMP029168,EQ00001049,L4,Rig Floor Safety,False,True,False,Supervisor
EMP008472,EQ00001049,L3,Rig Floor Safety,False,False,False,Operator
EMP030168,EQ00001049,L5,Rig Floor Safety,True,True,True,Inspector
EMP010886,EQ00001049,L4,Rig Floor Safety,True,True,True,Operator
EMP014633,EQ00002429,L3,Environmental Monitoring,True,False,False,Maintenance
EMP047929,EQ00002429,L2,Environmental Monitoring,False,False,False,Maintenance
EMP022209,EQ00002429,L4,Environmental Monitoring,False,True,False,Maintenance
EMP013523,EQ00001168,L2,Hazardous Material Transport,True,False,False,Maintenance
EMP039173,EQ00001168,L5,Hazardous Material Transport,True,True,True,Maintenance
EMP028494,EQ00001168,L2,Hazardous Material Transport,False,False,False,Operator
EMP023526,EQ00001168,L3,Hazardous Material Transport,False,False,False,Operator
EMP007134,EQ00001168,L2,Hazardous Material Transport,False,False,False,Operator
EMP003234,EQ00001145,L2,Line of Fire Awareness,False,False,False,Inspector
EMP001722,EQ00001145,L2,Line of Fire Awareness,False,False,False,Maintenance
EMP046379,EQ00001145,L6,Line of Fire Awareness,True,True,True,Operator
EMP013113,EQ00001145,L2,Line of Fire Awareness,False,False,False,Maintenance
EMP000252,EQ00001145,L3,Line of Fire Awareness,False,False,False,Operator
EMP001638,EQ00001145,L2,Line of Fire Awareness,True,False,False,Supervisor
EMP030051,EQ00001544,L3,Lifting Operations,False,True,False,Operator
EMP001796,EQ00001544,L2,Lifting Operations,False,False,False,Supervisor
EMP045690,EQ00001544,L3,Lifting Operations,True,False,False,Operator
EMP000949,EQ00001544,L5,Lifting Operations,True,True,True,Maintenance
EMP029550,EQ00001544,L5,Lifting Operations,True,True,True,Supervisor
EMP013037,EQ00001544,L4,Lifting Operations,True,True,True,Supervisor
EMP003971,EQ00001544,L6,Lifting Operations,True,True,True,Supervisor
EMP042212,EQ00001544,L3,Lifting Operations,False,True,False,Maintenance
EMP034318,EQ00000359,L2,Well Control,True,False,False,Operator
EMP015093,EQ00000359,L3,Well Control,True,False,False,Maintenance
EMP009768,EQ00000359,L4,Well Control,False,True,False,Inspector
EMP004874,EQ00000359,L3,Well Control,False,False,False,Inspector
EMP043827,EQ00000359,L2,Well Control,False,True,False,Operator
EMP021271,EQ00001910,L3,Permit to Work,False,False,False,Inspector
EMP038088,EQ00001910,L4,Permit to Work,False,False,False,Inspector
EMP046166,EQ00001910,L3,Permit to Work,False,False,False,Operator
EMP043715,EQ00001910,L4,Permit to Work,True,False,False,Inspector
EMP021562,EQ00001910,L2,Permit to Work,True,False,False,Inspector
EMP014324,EQ00001910,L4,Permit to Work,False,False,False,Inspector
EMP029828,EQ00000659,L3,Permit to Work,False,False,False,Inspector
EMP040340,EQ00000659,L2,Permit to Work,True,False,False,Operator
EMP025294,EQ00000659,L4,Permit to Work,True,True,True,Operator
EMP026820,EQ00000659,L4,Permit to Work,True,True,True,Supervisor
EMP039111,EQ00000659,L4,Permit to Work,True,True,True,Operator
EMP026532,EQ00000659,L3,Permit to Work,True,False,False,Supervisor
EMP005853,EQ00000659,L5,Permit to Work,True,True,True,Inspector
EMP025242,EQ00000659,L6,Permit to Work,True,True,True,Inspector
EMP005710,EQ00001370,L5,Pressure Vessel Safety,True,True,True,Supervisor
EMP023169,EQ00001370,L2,Pressure Vessel Safety,False,False,False,Inspector
EMP000212,EQ00001370,L4,Pressure Vessel Safety,True,False,False,Inspector
EMP032725,EQ00001370,L3,Pressure Vessel Safety,False,False,False,Supervisor
EMP044434,EQ00001366,L5,Journey Management,True,True,True,Maintenance
EMP004870,EQ00001366,L5,Journey Management,True,True,True,Supervisor
EMP039419,EQ00001366,L2,Journey Management,False,False,False,Maintenance
EMP004007,EQ00001371,L3,Lifting Gear Inspection,False,False,False,Supervisor
EMP043690,EQ00001371,L3,Lifting Gear Inspection,True,False,False,Maintenance
EMP033821,EQ00001371,L4,Lifting Gear Inspection,True,False,False,Inspector
EMP015468,EQ00001060,L4,SIS/ESD,True,True,False,Maintenance
EMP004440,EQ00001060,L3,SIS/ESD,False,True,False,Operator
EMP027548,EQ00001060,L4,SIS/ESD,False,False,False,Operator
EMP003475,EQ00001060,L5,SIS/ESD,True,True,True,Maintenance
EMP041859,EQ00001060,L3,SIS/ESD,False,False,False,Operator
EMP039083,EQ00001060,L2,SIS/ESD,False,False,False,Maintenance
EMP005023,EQ00001060,L6,SIS/ESD,True,True,True,Maintenance
EMP005200,EQ00001060,L3,SIS/ESD,False,False,False,Maintenance
EMP017903,EQ00001940,L5,Electrical Safety,True,True,True,Maintenance
EMP007494,EQ00001940,L4,Electrical Safety,False,False,False,Inspector
EMP003353,EQ00001220,L5,Lifting Gear Inspection,True,True,True,Supervisor
EMP032054,EQ00001220,L3,Lifting Gear Inspection,False,False,False,Operator
EMP024710,EQ00001220,L4,Lifting Gear Inspection,False,False,False,Inspector
EMP006058,EQ00001220,L3,Lifting Gear Inspection,False,True,False,Operator
EMP047401,EQ00002337,L4,Calibration,True,False,False,Inspector
EMP023689,EQ00002337,L2,Calibration,False,True,False,Supervisor
EMP040173,EQ00002337,L2,Calibration,False,False,False,Supervisor
EMP017807,EQ00000166,L3,Control Systems,True,False,False,Inspector
EMP005184,EQ00000166,L5,Control Systems,True,True,True,Inspector
EMP007633,EQ00000166,L3,Control Systems,False,False,False,Maintenance
EMP008010,EQ00000166,L2,Control Systems,False,False,False,Inspector
EMP017686,EQ00000166,L6,Control Systems,True,True,True,Inspector
EMP019671,EQ00000988,L5,Well Control,True,True,True,Operator
EMP003784,EQ00000988,L5,Well Control,True,True,True,Maintenance
EMP006843,EQ00000988,L2,Well Control,False,False,False,Supervisor
EMP029900,EQ00000988,L5,Well Control,True,True,True,Supervisor
EMP043879,EQ00001040,L4,Workshop Safety,True,True,False,Maintenance
EMP032250,EQ00001040,L3,Workshop Safety,False,False,False,Supervisor
EMP031632,EQ00001040,L5,Workshop Safety,True,True,True,Maintenance
EMP016886,EQ00001040,L3,Workshop Safety,True,False,False,Operator
EMP008015,EQ00001040,L4,Workshop Safety,True,False,False,Supervisor
EMP025250,EQ00001040,L3,Workshop Safety,False,False,False,Inspector
EMP048665,EQ00001040,L3,Workshop Safety,True,False,False,Operator
EMP035938,EQ00001225,L3,Arc Flash Awareness,False,False,False,Inspector
EMP018529,EQ00001225,L3,Arc Flash Awareness,True,False,False,Supervisor
EMP037576,EQ00001225,L4,Arc Flash Awareness,True,True,True,Operator
EMP023341,EQ00001225,L2,Arc Flash Awareness,False,False,False,Supervisor
EMP013471,EQ00001225,L2,Arc Flash Awareness,True,False,False,Maintenance
EMP026324,EQ00001225,L3,Arc Flash Awareness,True,False,False,Maintenance
EMP038043,EQ00001225,L3,Arc Flash Awareness,False,False,False,Supervisor
EMP021049,EQ00001914,L6,Emergency Response,False,True,False,Maintenance
EMP013566,EQ00001914,L3,Emergency Response,False,False,False,Operator
EMP027535,EQ00001914,L5,Emergency Response,True,True,True,Supervisor
EMP009022,EQ00001914,L5,Emergency Response,True,True,True,Supervisor
EMP036175,EQ00001914,L3,Emergency Response,False,False,False,Supervisor
EMP034184,EQ00001914,L3,Emergency Response,False,False,False,Maintenance
EMP024790,EQ00001914,L2,Emergency Response,False,False,False,Inspector
EMP031563,EQ00001914,L2,Emergency Response,False,False,False,Maintenance
EMP041505,EQ00000478,L3,Rig Floor Safety,False,False,False,Operator
EMP012914,EQ00000478,L2,Rig Floor Safety,False,False,False,Supervisor
EMP022612,EQ00000478,L4,Rig Floor Safety,False,False,False,Supervisor
EMP018435,EQ00000478,L4,Rig Floor Safety,False,False,False,Maintenance
EMP026952,EQ00001971,L4,Hot Work,False,True,False,Inspector
EMP017909,EQ00001971,L4,Hot Work,True,False,False,Maintenance
EMP033214,EQ00001971,L4,Hot Work,False,False,False,Supervisor
EMP018972,EQ00001971,L3,Hot Work,True,False,False,Inspector
EMP043638,EQ00001971,L4,Hot Work,False,False,False,Inspector
EMP021227,EQ00001895,L3,Permit to Work,True,False,False,Operator
EMP049986,EQ00001895,L3,Permit to Work,False,False,False,Inspector
EMP028816,EQ00001895,L4,Permit to Work,False,False,False,Operator
EMP009134,EQ00001895,L3,Permit to Work,False,False,False,Supervisor
EMP005619,EQ00001895,L4,Permit to Work,True,False,False,Inspector
EMP037767,EQ00001895,L6,Permit to Work,True,True,True,Operator
EMP005091,EQ00002695,L2,Instrumentation,True,True,False,Inspector
EMP049980,EQ00002695,L4,Instrumentation,False,False,False,Operator
EMP000822,EQ00002695,L2,Instrumentation,False,False,False,Inspector
EMP047554,EQ00002695,L3,Instrumentation,True,False,False,Operator
EMP041895,EQ00002695,L5,Instrumentation,True,False,False,Operator
EMP046419,EQ00002695,L2,Instrumentation,False,False,False,Operator
EMP009479,EQ00002695,L3,Instrumentation,False,True,False,Operator
EMP004514,EQ00002695,L4,Instrumentation,False,False,False,Operator
EMP034381,EQ00002501,L4,SIS/ESD,False,False,False,Operator
EMP044956,EQ00002501,L2,SIS/ESD,False,False,False,Maintenance
EMP017573,EQ00002501,L4,SIS/ESD,False,False,False,Operator
EMP003243,EQ00002501,L4,SIS/ESD,False,False,False,Maintenance
EMP020442,EQ00002501,L3,SIS/ESD,False,False,False,Maintenance
EMP010561,EQ00001363,L2,Process Isolation,False,False,False,Operator
EMP043647,EQ00001363,L3,Process Isolation,False,False,False,Maintenance
EMP016771,EQ00001363,L5,Process Isolation,True,True,True,Maintenance
EMP033741,EQ00001363,L2,Process Isolation,False,False,False,Inspector
EMP043768,EQ00001363,L2,Process Isolation,False,True,False,Supervisor
EMP032624,EQ00001363,L5,Process Isolation,True,True,True,Operator
EMP015575,EQ00001363,L2,Process Isolation,False,False,False,Supervisor
EMP012875,EQ00001363,L6,Process Isolation,True,True,True,Inspector
EMP025740,EQ00002152,L5,Permit to Work,True,True,True,Maintenance
EMP022089,EQ00002152,L3,Permit to Work,False,False,False,Inspector
EMP043182,EQ00002152,L5,Permit to Work,True,True,True,Supervisor
EMP028398,EQ00002152,L6,Permit to Work,True,True,True,Maintenance
EMP002526,EQ00002152,L3,Permit to Work,False,True,False,Inspector
EMP038395,EQ00002152,L2,Permit to Work,False,True,False,Operator
EMP004095,EQ00000462,L3,Gas Detection,False,False,False,Supervisor
EMP031786,EQ00000462,L6,Gas Detection,True,True,True,Inspector
EMP020100,EQ00000462,L3,Gas Detection,True,False,False,Operator
EMP033939,EQ00000462,L3,Gas Detection,False,False,False,Supervisor
EMP037479,EQ00000462,L3,Gas Detection,False,False,False,Inspector
EMP013558,EQ00000462,L4,Gas Detection,False,False,False,Operator
EMP020940,EQ00000462,L4,Gas Detection,False,False,False,Operator
EMP003352,EQ00002170,L3,Isolation/LOTO,False,False,False,Inspector
EMP047035,EQ00002170,L3,Isolation/LOTO,True,True,False,Inspector
EMP047130,EQ00002170,L5,Isolation/LOTO,True,True,True,Maintenance
EMP018944,EQ00002170,L6,Isolation/LOTO,True,True,True,Supervisor
EMP008118,EQ00002170,L3,Isolation/LOTO,False,False,False,Operator
EMP013525,EQ00001265,L4,Pipeline Operations,False,False,False,Maintenance
EMP037198,EQ00001265,L4,Pipeline Operations,True,False,False,Operator
EMP037516,EQ00001265,L3,Pipeline Operations,False,True,False,Inspector
EMP040157,EQ00001265,L5,Pipeline Operations,True,True,True,Inspector
EMP011415,EQ00001265,L3,Pipeline Operations,False,False,False,Maintenance
EMP013741,EQ00001392,L3,Fire Fighting,False,False,False,Inspector
EMP018254,EQ00001392,L3,Fire Fighting,False,False,False,Supervisor
EMP026328,EQ00001392,L4,Fire Fighting,False,False,False,Supervisor
EMP000116,EQ00001079,L5,Hazardous Material Transport,True,True,True,Supervisor
EMP044462,EQ00001079,L3,Hazardous Material Transport,False,False,False,Inspector
EMP044411,EQ00001079,L3,Hazardous Material Transport,False,True,False,Maintenance
EMP037145,EQ00001079,L3,Hazardous Material Transport,False,True,False,Operator
EMP026933,EQ00001079,L4,Hazardous Material Transport,False,True,False,Maintenance
EMP001251,EQ00001058,L4,Fire Fighting,False,False,False,Supervisor
EMP008477,EQ00001058,L2,Fire Fighting,False,True,False,Supervisor
EMP014626,EQ00001025,L3,Calibration,False,False,False,Inspector
EMP015813,EQ00001025,L4,Calibration,False,False,False,Inspector
EMP030162,EQ00001025,L4,Calibration,False,False,False,Operator
EMP017991,EQ00001025,L3,Calibration,False,False,False,Operator
EMP041063,EQ00001431,L6,Process Isolation,True,True,True,Operator
EMP024194,EQ00001431,L2,Process Isolation,False,False,False,Supervisor
EMP031023,EQ00001431,L4,Process Isolation,False,False,False,Supervisor
EMP029683,EQ00001431,L4,Process Isolation,False,False,False,Inspector
EMP012607,EQ00000938,L4,Pressure Systems Safety,False,False,False,Operator
EMP015498,EQ00000938,L2,Pressure Systems Safety,True,False,False,Operator
EMP020334,EQ00000938,L3,Pressure Systems Safety,False,True,False,Maintenance
EMP025793,EQ00000938,L3,Pressure Systems Safety,False,True,False,Maintenance
EMP048526,EQ00000424,L5,Instrumentation,True,True,True,Inspector
EMP003026,EQ00000424,L3,Instrumentation,False,False,False,Maintenance
EMP034354,EQ00000424,L2,Instrumentation,True,False,False,Supervisor
EMP015890,EQ00000424,L5,Instrumentation,True,False,False,Operator
EMP005262,EQ00001302,L5,Rig Floor Safety,True,True,True,Maintenance
EMP048531,EQ00001302,L2,Rig Floor Safety,False,False,False,Inspector
EMP001815,EQ00001302,L2,Rig Floor Safety,True,False,False,Maintenance
EMP027577,EQ00001302,L6,Rig Floor Safety,True,True,True,Supervisor
EMP043652,EQ00001302,L5,Rig Floor Safety,True,False,False,Operator
EMP039947,EQ00001302,L2,Rig Floor Safety,False,False,False,Operator
EMP043567,EQ00001302,L4,Rig Floor Safety,False,False,False,Maintenance
EMP029652,EQ00001302,L4,Rig Floor Safety,False,False,False,Inspector
EMP019961,EQ00001889,L4,Workshop Safety,False,False,False,Maintenance
EMP015599,EQ00001889,L4,Workshop Safety,True,False,False,Operator
EMP043026,EQ00001889,L3,Workshop Safety,False,False,False,Supervisor
EMP022502,EQ00001889,L2,Workshop Safety,True,False,False,Supervisor
EMP013607,EQ00000377,L3,Vehicle Inspection,False,True,False,Maintenance
EMP004193,EQ00000377,L3,Vehicle Inspection,False,False,False,Maintenance
EMP012128,EQ00000377,L6,Vehicle Inspection,True,True,True,Inspector
EMP027989,EQ00000377,L3,Vehicle Inspection,False,False,False,Operator
EMP046389,EQ00000377,L5,Vehicle Inspection,True,True,True,Supervisor
EMP016400,EQ00001082,L6,Electrical Safety,True,True,True,Supervisor
EMP013144,EQ00001082,L2,Electrical Safety,False,True,False,Inspector
EMP040830,EQ00001224,L3,Arc Flash Awareness,False,False,False,Operator
EMP012623,EQ00001224,L6,Arc Flash Awareness,True,False,False,Operator
EMP039030,EQ00001224,L3,Arc Flash Awareness,True,False,False,Inspector
EMP008351,EQ00002739,L5,Rig Floor Safety,True,False,False,Inspector
EMP008572,EQ00002739,L3,Rig Floor Safety,True,False,False,Supervisor
EMP047029,EQ00002739,L4,Rig Floor Safety,True,True,True,Maintenance
EMP010797,EQ00002739,L3,Rig Floor Safety,False,True,False,Supervisor
EMP036028,EQ00002739,L4,Rig Floor Safety,True,True,True,Operator
EMP033188,EQ00002739,L4,Rig Floor Safety,True,True,True,Supervisor
EMP040211,EQ00002739,L5,Rig Floor Safety,True,True,True,Supervisor
EMP008486,EQ00000147,L4,Pressure Systems Safety,False,False,False,Inspector
EMP004948,EQ00000147,L4,Pressure Systems Safety,False,False,False,Inspector
EMP022643,EQ00000147,L3,Pressure Systems Safety,False,False,False,Inspector
EMP018772,EQ00000147,L4,Pressure Systems Safety,False,False,False,Supervisor
EMP048922,EQ00000147,L3,Pressure Systems Safety,False,False,False,Operator
EMP049619,EQ00000147,L3,Pressure Systems Safety,False,False,False,Supervisor
EMP024632,EQ00000147,L5,Pressure Systems Safety,True,True,True,Supervisor
EMP041394,EQ00000147,L5,Pressure Systems Safety,True,True,True,Inspector
EMP021631,EQ00000140,L5,Lubrication,False,True,False,Operator
EMP032397,EQ00000140,L5,Lubrication,True,True,True,Operator
EMP018493,EQ00000140,L3,Lubrication,True,False,False,Inspector
EMP046132,EQ00000668,L4,Lubrication,True,True,True,Operator
EMP040226,EQ00000668,L2,Lubrication,False,False,False,Maintenance
EMP004452,EQ00000668,L4,Lubrication,True,True,True,Maintenance
EMP036383,EQ00000366,L5,Rigging,True,True,True,Maintenance
EMP015595,EQ00000366,L2,Rigging,False,False,False,Operator
EMP008308,EQ00000366,L3,Rigging,False,False,False,Inspector
EMP014323,EQ00000366,L4,Rigging,False,True,False,Supervisor
EMP038130,EQ00000366,L5,Rigging,True,True,True,Supervisor
EMP009836,EQ00000638,L2,Permit to Work,True,False,False,Operator
EMP037517,EQ00000638,L2,Permit to Work,False,True,False,Operator
EMP019589,EQ00000414,L4,Permit to Work,True,False,False,Inspector
EMP010914,EQ00000414,L5,Permit to Work,True,True,True,Operator
EMP008240,EQ00000414,L2,Permit to Work,True,False,False,Inspector
EMP049288,EQ00000414,L3,Permit to Work,False,False,False,Supervisor
EMP016550,EQ00000414,L2,Permit to Work,False,False,False,Operator
EMP036401,EQ00001026,L3,Hazardous Material Transport,False,False,False,Inspector
EMP003966,EQ00001026,L4,Hazardous Material Transport,False,True,False,Maintenance
EMP038922,EQ00001026,L3,Hazardous Material Transport,False,False,False,Supervisor
EMP029483,EQ00001026,L4,Hazardous Material Transport,False,True,False,Maintenance
EMP043312,EQ00001240,L2,Gas Detection,False,False,False,Supervisor
EMP024194,EQ00001240,L2,Gas Detection,False,False,False,Maintenance
EMP013293,EQ00001240,L4,Gas Detection,True,False,False,Inspector
EMP009318,EQ00001240,L3,Gas Detection,False,False,False,Maintenance
EMP033656,EQ00001240,L4,Gas Detection,False,True,False,Operator
EMP002069,EQ00001240,L2,Gas Detection,False,False,False,Maintenance
EMP014212,EQ00001240,L6,Gas Detection,False,True,False,Operator
EMP045962,EQ00000006,L3,Instrumentation,True,False,False,Maintenance
EMP023282,EQ00000006,L3,Instrumentation,True,False,False,Maintenance
EMP040739,EQ00001315,L3,Isolation/LOTO,False,False,False,Maintenance
EMP039920,EQ00001315,L4,Isolation/LOTO,False,True,False,Maintenance
EMP004618,EQ00001315,L5,Isolation/LOTO,False,True,False,Maintenance
EMP024636,EQ00001315,L3,Isolation/LOTO,False,False,False,Supervisor
EMP008683,EQ00001171,L2,Process Isolation,True,False,False,Operator
EMP038256,EQ00001171,L6,Process Isolation,True,True,True,Maintenance
EMP007528,EQ00001171,L4,Process Isolation,True,False,False,Operator
EMP031268,EQ00001171,L3,Process Isolation,False,False,False,Maintenance
EMP014808,EQ00001171,L5,Process Isolation,True,True,True,Operator
EMP012632,EQ00000246,L2,LOTO,False,False,False,Operator
EMP024792,EQ00000246,L3,LOTO,False,False,False,Inspector
EMP047379,EQ00000927,L2,Hot Work,False,False,False,Maintenance
EMP041564,EQ00000927,L4,Hot Work,False,False,False,Inspector
EMP015955,EQ00000927,L2,Hot Work,False,False,False,Operator
EMP020131,EQ00000927,L3,Hot Work,False,False,False,Supervisor
EMP000749,EQ00000927,L5,Hot Work,True,False,False,Supervisor
EMP000545,EQ00000927,L4,Hot Work,False,False,False,Maintenance
EMP049075,EQ00000927,L3,Hot Work,True,False,False,Operator
EMP006195,EQ00000927,L4,Hot Work,False,False,False,Inspector
EMP028378,EQ00001401,L5,Electrical Safety,True,True,True,Operator
EMP036456,EQ00001401,L4,Electrical Safety,False,False,False,Inspector
EMP020608,EQ00001401,L2,Electrical Safety,False,False,False,Supervisor
EMP038629,EQ00001401,L5,Electrical Safety,False,False,False,Operator
EMP038413,EQ00001401,L3,Electrical Safety,True,False,False,Maintenance
EMP045548,EQ00000881,L6,Chemical Handling,True,True,True,Operator
EMP048871,EQ00000881,L4,Chemical Handling,True,True,False,Operator
EMP012790,EQ00002288,L3,Process Operations,False,False,False,Operator
EMP018383,EQ00002288,L6,Process Operations,True,True,True,Maintenance
EMP037447,EQ00002288,L4,Process Operations,True,False,False,Operator
EMP033469,EQ00002288,L3,Process Operations,False,True,False,Operator
EMP046546,EQ00002288,L5,Process Operations,True,True,True,Operator
EMP025559,EQ00002288,L4,Process Operations,True,False,False,Maintenance
EMP015309,EQ00002288,L5,Process Operations,True,True,True,Maintenance
EMP024881,EQ00000957,L4,Defensive Driving,True,True,True,Maintenance
EMP049117,EQ00000957,L5,Defensive Driving,True,True,True,Operator
EMP006043,EQ00001813,L3,Permit to Work,False,False,False,Supervisor
EMP016248,EQ00001813,L4,Permit to Work,False,False,False,Inspector
EMP027804,EQ00002049,L3,Machine Tool Operation,False,False,False,Maintenance
EMP027865,EQ00002049,L3,Machine Tool Operation,False,False,False,Operator
EMP000934,EQ00000787,L4,Crane Operation,False,False,False,Inspector
EMP032866,EQ00000787,L3,Crane Operation,False,False,False,Inspector
EMP039060,EQ00000787,L4,Crane Operation,False,False,False,Operator
EMP039568,EQ00000787,L3,Crane Operation,False,False,False,Inspector
EMP024158,EQ00000787,L2,Crane Operation,False,False,False,Operator
EMP037171,EQ00002494,L2,Electrical Safety,True,False,False,Maintenance
EMP008477,EQ00002494,L2,Electrical Safety,True,False,False,Maintenance
EMP030035,EQ00002494,L6,Electrical Safety,False,True,False,Operator
EMP017588,EQ00002494,L4,Electrical Safety,True,True,True,Maintenance
EMP005399,EQ00002494,L3,Electrical Safety,False,False,False,Operator
EMP005767,EQ00000996,L3,Process Safety,False,False,False,Inspector
EMP019150,EQ00000996,L5,Process Safety,False,True,False,Maintenance
EMP044909,EQ00000996,L3,Process Safety,True,True,False,Inspector
EMP021372,EQ00000996,L5,Process Safety,True,True,True,Operator
EMP038190,EQ00000996,L3,Process Safety,True,False,False,Operator
EMP047064,EQ00000942,L4,LOTO,False,False,False,Supervisor
EMP019565,EQ00000942,L3,LOTO,False,False,False,Operator
EMP021791,EQ00000942,L4,LOTO,False,False,False,Operator
EMP004566,EQ00000942,L5,LOTO,True,False,False,Operator
EMP030230,EQ00000942,L2,LOTO,False,False,False,Supervisor
EMP002243,EQ00000942,L4,LOTO,True,False,False,Supervisor
EMP023304,EQ00000942,L6,LOTO,False,True,False,Supervisor
EMP001515,EQ00002250,L3,Lifting Operations,True,True,False,Operator
EMP003586,EQ00002250,L3,Lifting Operations,False,False,False,Operator
EMP015971,EQ00002250,L5,Lifting Operations,True,True,True,Operator
EMP010576,EQ00002250,L5,Lifting Operations,True,True,True,Maintenance
EMP004274,EQ00002250,L3,Lifting Operations,False,False,False,Supervisor
EMP047189,EQ00000273,L5,Permit to Work,True,True,True,Maintenance
EMP043517,EQ00000273,L5,Permit to Work,True,False,False,Maintenance
EMP015109,EQ00000273,L4,Permit to Work,False,False,False,Maintenance
EMP014638,EQ00000273,L3,Permit to Work,False,False,False,Maintenance
EMP001958,EQ00000273,L3,Permit to Work,True,True,False,Supervisor
EMP007768,EQ00000273,L3,Permit to Work,False,False,False,Maintenance
EMP030110,EQ00000273,L2,Permit to Work,False,False,False,Maintenance
EMP019788,EQ00000273,L2,Permit to Work,False,False,False,Operator
EMP039013,EQ00000308,L3,SIS/ESD,True,True,False,Supervisor
EMP017232,EQ00000308,L4,SIS/ESD,True,True,True,Maintenance
EMP044076,EQ00000308,L5,SIS/ESD,False,True,False,Supervisor
EMP018894,EQ00000308,L4,SIS/ESD,True,True,True,Supervisor
EMP010006,EQ00001270,L5,LOTO,True,True,True,Supervisor
EMP024324,EQ00001270,L3,LOTO,True,False,False,Operator
EMP032305,EQ00001270,L4,LOTO,False,False,False,Supervisor
EMP040480,EQ00001270,L4,LOTO,True,False,False,Operator
EMP034865,EQ00001270,L4,LOTO,True,False,False,Supervisor
EMP032621,EQ00001270,L3,LOTO,False,False,False,Operator
EMP032495,EQ00001962,L2,Permit to Work,False,True,False,Supervisor
EMP001535,EQ00001962,L3,Permit to Work,False,False,False,Operator
EMP018509,EQ00001962,L2,Permit to Work,True,False,False,Supervisor
EMP003134,EQ00001962,L4,Permit to Work,False,True,False,Operator
EMP028549,EQ00001962,L4,Permit to Work,False,False,False,Maintenance
EMP024613,EQ00001962,L4,Permit to Work,False,False,False,Inspector
EMP008112,EQ00002602,L3,Pressure Vessel Safety,False,False,False,Maintenance
EMP010058,EQ00002602,L4,Pressure Vessel Safety,True,True,False,Maintenance
EMP003902,EQ00002602,L3,Pressure Vessel Safety,False,True,False,Inspector
EMP012625,EQ00002602,L3,Pressure Vessel Safety,False,False,False,Maintenance
EMP003803,EQ00002602,L5,Pressure Vessel Safety,True,True,True,Inspector
EMP036029,EQ00002602,L2,Pressure Vessel Safety,False,False,False,Maintenance
EMP026690,EQ00002602,L5,Pressure Vessel Safety,False,False,False,Supervisor
EMP033064,EQ00001464,L3,Line of Fire Awareness,False,False,False,Maintenance
EMP005884,EQ00001464,L6,Line of Fire Awareness,True,True,True,Maintenance
EMP026783,EQ00001464,L4,Line of Fire Awareness,False,False,False,Inspector
EMP032931,EQ00000935,L4,Process Operations,True,False,False,Inspector
EMP033141,EQ00000935,L4,Process Operations,True,False,False,Operator
EMP032083,EQ00000935,L4,Process Operations,False,False,False,Maintenance
EMP002878,EQ00000935,L3,Process Operations,False,True,False,Operator
EMP037402,EQ00001333,L2,Well Control,False,False,False,Inspector
EMP002172,EQ00001333,L2,Well Control,False,False,False,Maintenance
EMP035299,EQ00001333,L3,Well Control,False,False,False,Supervisor
EMP023883,EQ00001333,L3,Well Control,False,False,False,Supervisor
EMP044656,EQ00001333,L5,Well Control,True,True,True,Inspector
EMP000810,EQ00001471,L2,Process Isolation,False,False,False,Maintenance
EMP016181,EQ00001471,L5,Process Isolation,True,True,True,Maintenance
EMP047971,EQ00001471,L3,Process Isolation,False,False,False,Supervisor
EMP035883,EQ00002286,L3,Line of Fire Awareness,False,False,False,Inspector
EMP004408,EQ00002286,L2,Line of Fire Awareness,False,False,False,Supervisor
EMP001881,EQ00002286,L4,Line of Fire Awareness,False,False,False,Maintenance
EMP019141,EQ00000076,L6,Instrumentation,True,True,True,Supervisor
EMP009835,EQ00000076,L2,Instrumentation,True,True,False,Maintenance
EMP026449,EQ00000076,L2,Instrumentation,False,False,False,Supervisor
EMP004697,EQ00000076,L3,Instrumentation,False,True,False,Supervisor
EMP033368,EQ00001997,L4,Vibration Monitoring,False,False,False,Supervisor
EMP045016,EQ00001997,L3,Vibration Monitoring,True,False,False,Maintenance
EMP040175,EQ00001997,L4,Vibration Monitoring,True,True,False,Supervisor
EMP044187,EQ00001997,L4,Vibration Monitoring,False,False,False,Operator
EMP003203,EQ00001997,L3,Vibration Monitoring,False,False,False,Maintenance
EMP030126,EQ00001997,L5,Vibration Monitoring,True,False,False,Supervisor
EMP049440,EQ00001997,L4,Vibration Monitoring,False,False,False,Supervisor
EMP034643,EQ00001997,L4,Vibration Monitoring,False,False,False,Operator
EMP041711,EQ00002258,L4,Process Operations,False,True,False,Inspector
EMP019268,EQ00002258,L4,Process Operations,False,False,False,Operator
EMP043639,EQ00002258,L4,Process Operations,False,True,False,Supervisor
EMP018007,EQ00002258,L3,Process Operations,False,False,False,Operator
EMP038188,EQ00002258,L4,Process Operations,False,False,False,Supervisor
EMP017180,EQ00002258,L5,Process Operations,False,True,False,Operator
EMP001005,EQ00002258,L5,Process Operations,True,False,False,Maintenance
EMP022832,EQ00000792,L3,Permit to Work,False,False,False,Maintenance
EMP015751,EQ00000792,L3,Permit to Work,False,False,False,Operator
EMP033855,EQ00000792,L3,Permit to Work,False,False,False,Maintenance
EMP017115,EQ00000792,L4,Permit to Work,True,True,True,Supervisor
EMP046298,EQ00000792,L5,Permit to Work,True,False,False,Inspector
EMP044478,EQ00000399,L3,Gas Testing,False,False,False,Operator
EMP049057,EQ00000399,L4,Gas Testing,False,False,False,Inspector
EMP039365,EQ00000399,L3,Gas Testing,False,False,False,Operator
EMP005810,EQ00000399,L3,Gas Testing,False,True,False,Maintenance
EMP030018,EQ00000399,L2,Gas Testing,False,False,False,Maintenance
EMP021118,EQ00000399,L5,Gas Testing,True,True,True,Operator
EMP042381,EQ00000717,L3,Line of Fire Awareness,False,False,False,Supervisor
EMP043452,EQ00000717,L4,Line of Fire Awareness,False,True,False,Supervisor
EMP023376,EQ00000717,L4,Line of Fire Awareness,False,True,False,Operator
EMP047598,EQ00000717,L4,Line of Fire Awareness,False,False,False,Inspector
EMP036913,EQ00000717,L4,Line of Fire Awareness,True,False,False,Supervisor
EMP031668,EQ00000717,L6,Line of Fire Awareness,True,True,True,Inspector
EMP019453,EQ00000717,L3,Line of Fire Awareness,False,False,False,Operator
EMP040159,EQ00002752,L3,Mechanical Inspection,False,False,False,Inspector
EMP045224,EQ00002752,L4,Mechanical Inspection,False,False,False,Inspector
EMP038877,EQ00002752,L5,Mechanical Inspection,True,True,True,Maintenance
EMP046717,EQ00002752,L3,Mechanical Inspection,False,False,False,Inspector
EMP001061,EQ00002752,L5,Mechanical Inspection,True,True,True,Operator
EMP038476,EQ00002752,L5,Mechanical Inspection,True,True,True,Supervisor
EMP030358,EQ00002752,L2,Mechanical Inspection,False,True,False,Maintenance
EMP019389,EQ00002752,L3,Mechanical Inspection,False,False,False,Operator
EMP040102,EQ00001199,L4,Pipeline Operations,False,False,False,Maintenance
EMP044879,EQ00001199,L2,Pipeline Operations,True,False,False,Inspector
EMP015146,EQ00001199,L6,Pipeline Operations,True,True,True,Inspector
EMP028921,EQ00001199,L3,Pipeline Operations,False,False,False,Supervisor
EMP027008,EQ00001199,L4,Pipeline Operations,False,True,False,Operator
EMP003266,EQ00001113,L2,Drilling Operations,True,False,False,Inspector
EMP017996,EQ00001113,L4,Drilling Operations,False,False,False,Supervisor
EMP041497,EQ00001113,L3,Drilling Operations,False,False,False,Operator
EMP019627,EQ00001113,L3,Drilling Operations,True,False,False,Maintenance
EMP047985,EQ00001113,L3,Drilling Operations,False,False,False,Operator
EMP023473,EQ00001113,L5,Drilling Operations,True,True,True,Operator
EMP034455,EQ00001113,L2,Drilling Operations,False,False,False,Maintenance
EMP016267,EQ00001113,L6,Drilling Operations,True,True,True,Operator
EMP039968,EQ00000669,L3,Line of Fire Awareness,True,True,True,Supervisor
EMP004366,EQ00000669,L4,Line of Fire Awareness,False,True,False,Maintenance
EMP018471,EQ00000669,L3,Line of Fire Awareness,True,True,True,Inspector
EMP044862,EQ00000669,L6,Line of Fire Awareness,True,True,True,Inspector
EMP039887,EQ00000669,L3,Line of Fire Awareness,True,True,True,Maintenance
EMP014129,EQ00000669,L4,Line of Fire Awareness,False,True,False,Inspector
EMP015530,EQ00000669,L3,Line of Fire Awareness,True,False,False,Maintenance
EMP007485,EQ00000669,L3,Line of Fire Awareness,True,True,True,Inspector
EMP047612,EQ00001851,L6,Permit to Work,True,True,True,Maintenance
EMP003310,EQ00001851,L3,Permit to Work,False,False,False,Inspector
EMP030355,EQ00001753,L3,LOTO,False,False,False,Operator
EMP031245,EQ00001753,L2,LOTO,False,False,False,Supervisor
EMP019187,EQ00001753,L5,LOTO,True,True,True,Maintenance
EMP004985,EQ00001753,L4,LOTO,False,True,False,Supervisor
EMP037327,EQ00001753,L4,LOTO,False,False,False,Operator
EMP022681,EQ00001753,L5,LOTO,True,True,True,Inspector
EMP007503,EQ00001318,L2,Permit to Work,False,False,False,Maintenance
EMP042416,EQ00001318,L3,Permit to Work,False,False,False,Inspector
EMP028159,EQ00001318,L3,Permit to Work,True,False,False,Supervisor
EMP047824,EQ00001318,L4,Permit to Work,True,False,False,Operator
EMP043959,EQ00001318,L5,Permit to Work,True,False,False,Operator
EMP040687,EQ00001318,L4,Permit to Work,False,False,False,Inspector
EMP022009,EQ00001318,L4,Permit to Work,False,False,False,Inspector
EMP044953,EQ00000145,L3,Line of Fire Awareness,False,False,False,Supervisor
EMP013241,EQ00000145,L3,Line of Fire Awareness,True,False,False,Operator
EMP004982,EQ00000145,L3,Line of Fire Awareness,True,False,False,Supervisor
EMP033213,EQ00002742,L4,Process Isolation,True,True,True,Inspector
EMP013161,EQ00002742,L4,Process Isolation,True,True,True,Inspector
EMP003602,EQ00002742,L4,Process Isolation,True,True,True,Operator
EMP041881,EQ00002742,L3,Process Isolation,True,False,False,Inspector
EMP049145,EQ00002742,L5,Process Isolation,True,True,True,Maintenance
EMP024190,EQ00002742,L4,Process Isolation,True,True,True,Operator
EMP047502,EQ00002742,L4,Process Isolation,True,True,True,Maintenance
EMP045247,EQ00002742,L3,Process Isolation,False,True,False,Operator
EMP002425,EQ00000760,L3,Gas Detection,False,True,False,Supervisor
EMP031140,EQ00000760,L4,Gas Detection,True,False,False,Maintenance
EMP035137,EQ00000760,L6,Gas Detection,True,True,True,Maintenance
EMP030288,EQ00000760,L5,Gas Detection,True,True,True,Supervisor
EMP005936,EQ00000760,L4,Gas Detection,False,False,False,Operator
EMP002829,EQ00000760,L3,Gas Detection,False,False,False,Inspector
EMP042168,EQ00001514,L3,Defensive Driving,True,False,False,Operator
EMP028051,EQ00001514,L3,Defensive Driving,False,False,False,Supervisor
EMP004788,EQ00001514,L5,Defensive Driving,True,True,True,Maintenance
EMP020684,EQ00001514,L4,Defensive Driving,False,False,False,Supervisor
EMP009950,EQ00001514,L3,Defensive Driving,True,False,False,Maintenance
EMP027831,EQ00001514,L2,Defensive Driving,False,False,False,Inspector
EMP034163,EQ00001389,L4,Line of Fire Awareness,False,False,False,Maintenance
EMP030462,EQ00001389,L2,Line of Fire Awareness,False,False,False,Supervisor
EMP025012,EQ00000556,L3,Process Safety,True,False,False,Maintenance
EMP007255,EQ00000556,L3,Process Safety,False,False,False,Operator
EMP045911,EQ00000556,L3,Process Safety,False,False,False,Maintenance
EMP004296,EQ00000556,L3,Process Safety,False,False,False,Operator
EMP029600,EQ00000556,L2,Process Safety,False,False,False,Operator
EMP026003,EQ00000556,L3,Process Safety,False,True,False,Maintenance
EMP044938,EQ00000556,L3,Process Safety,False,False,False,Operator
EMP038115,EQ00002779,L5,Drilling Operations,True,False,False,Operator
EMP019796,EQ00002779,L5,Drilling Operations,True,True,True,Maintenance
EMP048148,EQ00002779,L5,Drilling Operations,True,True,True,Inspector
EMP034106,EQ00002779,L5,Drilling Operations,True,False,False,Supervisor
EMP003219,EQ00002779,L4,Drilling Operations,True,False,False,Inspector
EMP018452,EQ00002779,L4,Drilling Operations,True,True,True,Maintenance
EMP012758,EQ00002090,L5,Line of Fire Awareness,True,True,True,Operator
EMP033303,EQ00002090,L3,Line of Fire Awareness,True,False,False,Inspector
EMP007985,EQ00000010,L3,Alignment,True,False,False,Operator
EMP030853,EQ00000010,L5,Alignment,False,True,False,Inspector
EMP024560,EQ00000010,L3,Alignment,False,True,False,Operator
EMP040906,EQ00000010,L3,Alignment,True,False,False,Inspector
EMP006376,EQ00000010,L2,Alignment,True,False,False,Maintenance
EMP035392,EQ00000010,L5,Alignment,True,True,True,Inspector
EMP038706,EQ00000010,L3,Alignment,True,False,False,Supervisor
EMP026972,EQ00002483,L3,Lifting Operations,False,False,False,Maintenance
EMP015945,EQ00002483,L3,Lifting Operations,False,False,False,Maintenance
EMP000904,EQ00002483,L4,Lifting Operations,False,True,False,Operator
EMP042109,EQ00002483,L3,Lifting Operations,True,False,False,Supervisor
EMP036439,EQ00002483,L3,Lifting Operations,False,False,False,Operator
EMP024881,EQ00002483,L4,Lifting Operations,False,False,False,Inspector
EMP034398,EQ00000525,L5,Pipeline Operations,True,False,False,Operator
EMP044077,EQ00000525,L3,Pipeline Operations,False,False,False,Operator
EMP040657,EQ00000525,L2,Pipeline Operations,True,False,False,Operator
EMP041702,EQ00000525,L6,Pipeline Operations,True,True,True,Operator
EMP024510,EQ00000525,L4,Pipeline Operations,True,False,False,Inspector
EMP015051,EQ00001989,L5,Electrical Isolation/LOTO,False,True,False,Maintenance
EMP021565,EQ00001989,L2,Electrical Isolation/LOTO,True,False,False,Supervisor
EMP037470,EQ00001989,L3,Electrical Isolation/LOTO,False,False,False,Supervisor
EMP030517,EQ00001989,L4,Electrical Isolation/LOTO,False,False,False,Supervisor
EMP029613,EQ00001989,L4,Electrical Isolation/LOTO,False,False,False,Operator
EMP034807,EQ00001989,L3,Electrical Isolation/LOTO,False,True,False,Supervisor
EMP014229,EQ00002203,L2,Electrical Safety,True,False,False,Inspector
EMP037373,EQ00002203,L4,Electrical Safety,False,False,False,Maintenance
EMP022585,EQ00002203,L4,Electrical Safety,False,True,False,Supervisor
EMP033737,EQ00001908,L3,Machine Tool Operation,False,True,False,Supervisor
EMP019187,EQ00001908,L5,Machine Tool Operation,False,False,False,Supervisor
EMP003676,EQ00001908,L3,Machine Tool Operation,False,False,False,Maintenance
EMP038347,EQ00000488,L4,Hydrotest Safety,True,True,True,Inspector
EMP014546,EQ00000488,L3,Hydrotest Safety,False,True,False,Inspector
EMP023518,EQ00000488,L3,Hydrotest Safety,False,False,False,Maintenance
EMP034807,EQ00000488,L3,Hydrotest Safety,False,True,False,Operator
EMP025254,EQ00000488,L4,Hydrotest Safety,False,True,False,Operator
EMP009152,EQ00000571,L3,Permit to Work,True,False,False,Operator
EMP021151,EQ00000571,L4,Permit to Work,False,False,False,Operator
EMP030988,EQ00000571,L3,Permit to Work,False,False,False,Operator
EMP015065,EQ00000571,L2,Permit to Work,True,False,False,Inspector
EMP029389,EQ00000571,L4,Permit to Work,False,False,False,Inspector
EMP003078,EQ00000571,L2,Permit to Work,True,False,False,Supervisor
EMP005226,EQ00000571,L2,Permit to Work,False,False,False,Supervisor
EMP002534,EQ00000571,L2,Permit to Work,False,False,False,Supervisor
EMP045340,EQ00001424,L4,Crane Operation,True,True,False,Supervisor
EMP039653,EQ00001424,L4,Crane Operation,True,False,False,Operator
EMP012907,EQ00001424,L4,Crane Operation,False,False,False,Supervisor
EMP013569,EQ00000289,L6,Control Systems,True,True,True,Operator
EMP008909,EQ00000289,L4,Control Systems,False,False,False,Maintenance
EMP033520,EQ00000289,L5,Control Systems,True,True,True,Supervisor
EMP027630,EQ00000289,L3,Control Systems,False,False,False,Supervisor
EMP017585,EQ00000289,L3,Control Systems,False,False,False,Supervisor
EMP009868,EQ00000289,L3,Control Systems,False,False,False,Inspector
EMP014015,EQ00001384,L3,LOTO,True,False,False,Operator
EMP038720,EQ00001384,L4,LOTO,False,True,False,Inspector
EMP007319,EQ00001384,L3,LOTO,False,False,False,Maintenance
EMP029744,EQ00001384,L4,LOTO,True,False,False,Supervisor
EMP038036,EQ00001384,L5,LOTO,True,True,True,Operator
EMP037247,EQ00001384,L4,LOTO,False,False,False,Operator
EMP035018,EQ00001529,L2,Workshop Safety,True,True,False,Supervisor
EMP048847,EQ00001529,L2,Workshop Safety,False,False,False,Operator
EMP009118,EQ00001529,L6,Workshop Safety,True,True,True,Inspector
EMP004164,EQ00001529,L3,Workshop Safety,False,False,False,Inspector
EMP017316,EQ00002222,L4,Rigging,False,False,False,Operator
EMP003773,EQ00002222,L3,Rigging,True,False,False,Maintenance
EMP018158,EQ00002222,L2,Rigging,False,True,False,Inspector
EMP004515,EQ00002222,L4,Rigging,False,False,False,Inspector
EMP025180,EQ00002222,L4,Rigging,False,False,False,Operator
EMP007374,EQ00001548,L4,Emergency Response,False,False,False,Inspector
EMP021527,EQ00001548,L4,Emergency Response,False,False,False,Supervisor
EMP041980,EQ00001548,L3,Emergency Response,True,True,False,Inspector
EMP037984,EQ00001548,L2,Emergency Response,False,True,False,Maintenance
EMP027261,EQ00001281,L3,Motor Maintenance,False,False,False,Maintenance
EMP028883,EQ00001281,L5,Motor Maintenance,False,True,False,Supervisor
EMP046013,EQ00001281,L2,Motor Maintenance,False,False,False,Inspector
EMP047693,EQ00001281,L3,Motor Maintenance,False,True,False,Inspector
EMP034690,EQ00002527,L2,Gas Detection,True,False,False,Operator
EMP042172,EQ00002527,L4,Gas Detection,False,False,False,Maintenance
EMP012077,EQ00002527,L3,Gas Detection,True,False,False,Supervisor
EMP014017,EQ00002527,L6,Gas Detection,True,True,True,Supervisor
EMP040538,EQ00002527,L2,Gas Detection,False,False,False,Maintenance
EMP030904,EQ00002527,L5,Gas Detection,True,True,True,Maintenance
EMP047040,EQ00002527,L3,Gas Detection,False,False,False,Operator
EMP029196,EQ00002527,L2,Gas Detection,True,False,False,Supervisor
EMP024279,EQ00001580,L3,Vibration Monitoring,False,True,False,Maintenance
EMP023467,EQ00001580,L4,Vibration Monitoring,True,True,False,Supervisor
EMP048341,EQ00001580,L5,Vibration Monitoring,False,True,False,Operator
EMP045981,EQ00001580,L3,Vibration Monitoring,False,False,False,Supervisor
EMP036750,EQ00001580,L6,Vibration Monitoring,True,True,True,Operator
EMP013408,EQ00001936,L5,Vehicle Inspection,True,False,False,Inspector
EMP033139,EQ00001936,L4,Vehicle Inspection,True,False,False,Inspector
EMP036249,EQ00000731,L3,Hazardous Material Transport,False,False,False,Maintenance
EMP003769,EQ00000731,L2,Hazardous Material Transport,False,False,False,Inspector
EMP010205,EQ00000731,L2,Hazardous Material Transport,False,False,False,Maintenance
EMP020240,EQ00000731,L3,Hazardous Material Transport,False,False,False,Inspector
EMP009858,EQ00000731,L4,Hazardous Material Transport,True,True,True,Inspector
EMP035200,EQ00000731,L4,Hazardous Material Transport,True,True,True,Supervisor
EMP020391,EQ00000564,L3,LOTO,True,False,False,Maintenance
EMP030142,EQ00000564,L6,LOTO,True,True,True,Operator
EMP031323,EQ00000564,L3,LOTO,False,True,False,Supervisor
EMP011122,EQ00000095,L3,Vehicle Inspection,True,False,False,Inspector
EMP022270,EQ00000095,L2,Vehicle Inspection,False,True,False,Supervisor
EMP040978,EQ00000095,L3,Vehicle Inspection,True,False,False,Maintenance
EMP047145,EQ00000278,L2,Rig Floor Safety,False,False,False,Operator
EMP009110,EQ00000278,L4,Rig Floor Safety,False,False,False,Maintenance
EMP037146,EQ00000278,L6,Rig Floor Safety,True,True,True,Supervisor
EMP036644,EQ00000278,L2,Rig Floor Safety,False,False,False,Operator
EMP028147,EQ00001257,L5,Pressure Systems Safety,True,True,True,Maintenance
EMP034152,EQ00001257,L2,Pressure Systems Safety,True,False,False,Inspector
EMP042315,EQ00001257,L3,Pressure Systems Safety,False,False,False,Supervisor
EMP033685,EQ00001257,L4,Pressure Systems Safety,True,True,True,Inspector
EMP038043,EQ00001253,L3,Process Safety,True,True,True,Inspector
EMP012752,EQ00001253,L2,Process Safety,False,False,False,Maintenance
EMP049264,EQ00001253,L2,Process Safety,True,True,False,Maintenance
EMP038092,EQ00001253,L5,Process Safety,True,True,True,Operator
EMP034296,EQ00001394,L5,Lifting Operations,False,True,False,Inspector
EMP024682,EQ00001394,L6,Lifting Operations,True,True,True,Maintenance
EMP047249,EQ00001394,L3,Lifting Operations,True,False,False,Operator
EMP010976,EQ00001394,L3,Lifting Operations,False,False,False,Operator
EMP031747,EQ00001394,L3,Lifting Operations,False,True,False,Operator
EMP025262,EQ00001394,L3,Lifting Operations,False,False,False,Supervisor
EMP002316,EQ00001394,L2,Lifting Operations,True,False,False,Maintenance
EMP014873,EQ00000491,L3,Calibration,False,False,False,Supervisor
EMP030105,EQ00000491,L4,Calibration,True,False,False,Maintenance
EMP026949,EQ00000491,L2,Calibration,False,False,False,Maintenance
EMP022167,EQ00000491,L3,Calibration,True,False,False,Supervisor
EMP017584,EQ00001896,L4,LOTO,True,True,True,Maintenance
EMP022225,EQ00001896,L3,LOTO,False,False,False,Operator
EMP035951,EQ00001896,L2,LOTO,True,True,False,Inspector
EMP006080,EQ00001896,L3,LOTO,False,False,False,Operator
EMP045318,EQ00002591,L4,Calibration,True,False,False,Inspector
EMP000387,EQ00002591,L3,Calibration,True,True,True,Inspector
EMP019456,EQ00001368,L3,Workshop Safety,True,False,False,Operator
EMP014899,EQ00001368,L2,Workshop Safety,False,False,False,Maintenance
EMP034424,EQ00001368,L4,Workshop Safety,False,False,False,Operator
EMP022521,EQ00001368,L3,Workshop Safety,False,True,False,Supervisor
EMP047619,EQ00001368,L3,Workshop Safety,True,True,False,Operator
EMP013893,EQ00001368,L3,Workshop Safety,False,False,False,Operator
EMP003438,EQ00000425,L4,Lifting Operations,False,False,False,Operator
EMP032419,EQ00000425,L4,Lifting Operations,False,False,False,Maintenance
EMP013633,EQ00000425,L2,Lifting Operations,False,True,False,Operator
EMP010458,EQ00000425,L3,Lifting Operations,True,True,False,Supervisor
EMP035814,EQ00001011,L5,Process Isolation,True,True,True,Supervisor
EMP031416,EQ00001011,L3,Process Isolation,True,True,True,Supervisor
EMP045721,EQ00000765,L2,Calibration,False,False,False,Operator
EMP005375,EQ00000765,L3,Calibration,False,False,False,Inspector
EMP037449,EQ00000765,L4,Calibration,False,False,False,Supervisor
EMP042589,EQ00000765,L4,Calibration,False,False,False,Supervisor
EMP009812,EQ00000765,L5,Calibration,True,True,True,Supervisor
EMP010942,EQ00000765,L4,Calibration,False,False,False,Inspector
EMP012893,EQ00000765,L2,Calibration,False,False,False,Inspector
EMP016636,EQ00000765,L3,Calibration,True,False,False,Operator
EMP009051,EQ00000482,L5,Electrical Isolation/LOTO,True,True,True,Maintenance
EMP018173,EQ00000482,L2,Electrical Isolation/LOTO,True,False,False,Maintenance
EMP046183,EQ00000482,L3,Electrical Isolation/LOTO,False,False,False,Operator
EMP027187,EQ00000482,L3,Electrical Isolation/LOTO,True,False,False,Maintenance
EMP039500,EQ00000482,L5,Electrical Isolation/LOTO,True,True,True,Maintenance
EMP010663,EQ00000482,L5,Electrical Isolation/LOTO,True,False,False,Supervisor
EMP046797,EQ00001857,L5,Instrumentation,True,True,True,Inspector
EMP007707,EQ00001857,L4,Instrumentation,False,False,False,Operator
EMP001960,EQ00001857,L4,Instrumentation,True,False,False,Supervisor
EMP042502,EQ00001857,L2,Instrumentation,False,False,False,Inspector
EMP014184,EQ00001857,L3,Instrumentation,True,False,False,Operator
EMP044457,EQ00001857,L4,Instrumentation,False,False,False,Supervisor
EMP006799,EQ00001857,L2,Instrumentation,False,True,False,Operator
EMP023003,EQ00002033,L3,Fire Fighting,False,False,False,Supervisor
EMP027983,EQ00002033,L4,Fire Fighting,True,True,True,Inspector
EMP040548,EQ00002042,L6,Control Systems,True,True,True,Supervisor
EMP012805,EQ00002042,L5,Control Systems,True,False,False,Maintenance
EMP001952,EQ00002042,L3,Control Systems,True,True,False,Inspector
EMP020416,EQ00002042,L3,Control Systems,True,True,False,Inspector
EMP041844,EQ00002042,L3,Control Systems,False,False,False,Operator
EMP045345,EQ00002042,L4,Control Systems,True,True,True,Maintenance
EMP008910,EQ00002042,L6,Control Systems,True,True,True,Inspector
EMP008830,EQ00002042,L3,Control Systems,False,False,False,Inspector
EMP035733,EQ00000439,L4,LOTO,False,False,False,Inspector
EMP038207,EQ00000439,L6,LOTO,False,True,False,Maintenance
EMP019008,EQ00000439,L4,LOTO,False,False,False,Inspector
EMP017499,EQ00000439,L3,LOTO,False,False,False,Supervisor
EMP034154,EQ00002277,L2,Gas Testing,False,False,False,Maintenance
EMP004816,EQ00002277,L5,Gas Testing,True,True,True,Supervisor
EMP003366,EQ00002277,L4,Gas Testing,True,True,True,Maintenance
EMP022310,EQ00002277,L4,Gas Testing,True,True,True,Operator
EMP002728,EQ00002277,L3,Gas Testing,True,True,True,Supervisor
EMP027305,EQ00002618,L6,Rig Floor Safety,True,True,True,Inspector
EMP004287,EQ00002618,L5,Rig Floor Safety,True,False,False,Inspector
EMP018334,EQ00002618,L3,Rig Floor Safety,False,False,False,Maintenance
EMP032461,EQ00002618,L4,Rig Floor Safety,True,True,True,Operator
EMP029817,EQ00002618,L3,Rig Floor Safety,False,False,False,Operator
EMP027974,EQ00002618,L5,Rig Floor Safety,True,True,True,Maintenance
EMP023521,EQ00000950,L3,Isolation/LOTO,True,False,False,Maintenance
EMP036010,EQ00000950,L3,Isolation/LOTO,False,True,False,Supervisor
EMP031597,EQ00000950,L2,Isolation/LOTO,False,False,False,Inspector
EMP008097,EQ00002324,L2,Permit to Work,False,False,False,Inspector
EMP031643,EQ00002324,L3,Permit to Work,False,False,False,Operator
EMP038490,EQ00002324,L6,Permit to Work,True,False,False,Supervisor
EMP032819,EQ00002324,L6,Permit to Work,True,True,True,Supervisor
EMP021563,EQ00002324,L3,Permit to Work,True,True,False,Maintenance
EMP028595,EQ00002324,L3,Permit to Work,False,False,False,Supervisor
EMP048620,EQ00002324,L5,Permit to Work,True,False,False,Maintenance
EMP020140,EQ00002100,L3,Emergency Response,True,False,False,Supervisor
EMP030780,EQ00002100,L3,Emergency Response,False,False,False,Inspector
EMP030772,EQ00002100,L4,Emergency Response,False,False,False,Operator
EMP016088,EQ00002100,L5,Emergency Response,True,False,False,Operator
EMP005271,EQ00002100,L3,Emergency Response,False,False,False,Operator
EMP002764,EQ00002100,L3,Emergency Response,False,False,False,Operator
EMP012075,EQ00002100,L3,Emergency Response,False,False,False,Supervisor
EMP030071,EQ00002320,L2,Instrumentation,False,False,False,Supervisor
EMP037939,EQ00002320,L2,Instrumentation,False,True,False,Operator
EMP029648,EQ00002320,L3,Instrumentation,False,False,False,Supervisor
EMP001663,EQ00000598,L5,Permit to Work,True,True,True,Operator
EMP010983,EQ00000598,L5,Permit to Work,True,True,True,Supervisor
EMP013263,EQ00000598,L4,Permit to Work,False,True,False,Operator
EMP027766,EQ00000598,L4,Permit to Work,True,True,True,Operator
EMP019045,EQ00000598,L3,Permit to Work,True,False,False,Inspector
EMP024608,EQ00000598,L3,Permit to Work,True,False,False,Supervisor
EMP000739,EQ00000598,L3,Permit to Work,False,False,False,Inspector
EMP038294,EQ00001237,L5,Rig Floor Safety,True,True,True,Inspector
EMP015083,EQ00001237,L3,Rig Floor Safety,False,True,False,Maintenance
EMP015642,EQ00000103,L3,Rotating Equipment,False,False,False,Inspector
EMP044923,EQ00000103,L2,Rotating Equipment,False,False,False,Supervisor
EMP002103,EQ00000103,L2,Rotating Equipment,True,False,False,Supervisor
EMP042601,EQ00000103,L5,Rotating Equipment,True,False,False,Operator
EMP011159,EQ00000103,L4,Rotating Equipment,False,False,False,Operator
EMP038135,EQ00000103,L4,Rotating Equipment,False,False,False,Operator
EMP014887,EQ00000103,L3,Rotating Equipment,False,False,False,Supervisor
EMP011585,EQ00000103,L4,Rotating Equipment,False,False,False,Inspector
EMP039868,EQ00000722,L3,Gas Detection,True,False,False,Inspector
EMP025337,EQ00000722,L4,Gas Detection,True,False,False,Supervisor
EMP037010,EQ00000722,L3,Gas Detection,False,False,False,Maintenance
EMP016121,EQ00000722,L5,Gas Detection,True,True,True,Supervisor
EMP026791,EQ00000722,L4,Gas Detection,False,False,False,Supervisor
EMP044733,EQ00001945,L3,Pressure Systems Safety,True,True,True,Supervisor
EMP019389,EQ00001945,L3,Pressure Systems Safety,True,True,True,Supervisor
EMP003839,EQ00001945,L5,Pressure Systems Safety,True,True,True,Maintenance
EMP013738,EQ00001945,L5,Pressure Systems Safety,True,False,False,Inspector
EMP043649,EQ00001945,L3,Pressure Systems Safety,True,True,True,Operator
EMP015614,EQ00000469,L3,Motor Maintenance,True,False,False,Operator
EMP029277,EQ00000469,L3,Motor Maintenance,True,False,False,Inspector
EMP020275,EQ00002062,L4,Valve Maintenance,False,False,False,Inspector
EMP029512,EQ00002062,L2,Valve Maintenance,True,False,False,Inspector
EMP016200,EQ00002062,L4,Valve Maintenance,False,True,False,Operator
EMP033688,EQ00002062,L3,Valve Maintenance,False,True,False,Inspector
EMP006876,EQ00000793,L3,Lubrication,True,True,False,Supervisor
EMP016245,EQ00000793,L4,Lubrication,True,True,True,Maintenance
EMP014065,EQ00000793,L4,Lubrication,True,True,True,Operator
EMP039743,EQ00002470,L3,Gas Testing,False,False,False,Supervisor
EMP035695,EQ00002470,L3,Gas Testing,False,False,False,Supervisor
EMP020558,EQ00002470,L4,Gas Testing,False,False,False,Operator
EMP022455,EQ00002470,L4,Gas Testing,False,False,False,Operator
EMP046722,EQ00002470,L3,Gas Testing,True,False,False,Inspector
EMP049992,EQ00002470,L3,Gas Testing,False,False,False,Supervisor
EMP040453,EQ00002470,L2,Gas Testing,False,False,False,Supervisor
EMP029429,EQ00002470,L3,Gas Testing,False,False,False,Supervisor
EMP003532,EQ00002318,L4,Electrical Isolation/LOTO,True,True,True,Maintenance
EMP003572,EQ00002318,L4,Electrical Isolation/LOTO,True,True,True,Inspector
EMP020541,EQ00002318,L4,Electrical Isolation/LOTO,True,True,True,Maintenance
EMP034081,EQ00002318,L6,Electrical Isolation/LOTO,True,True,True,Supervisor
EMP030747,EQ00002318,L2,Electrical Isolation/LOTO,True,False,False,Supervisor
EMP045627,EQ00002318,L4,Electrical Isolation/LOTO,True,True,True,Supervisor
EMP025402,EQ00001612,L4,Journey Management,False,True,False,Maintenance
EMP002432,EQ00001612,L5,Journey Management,True,False,False,Supervisor
EMP024225,EQ00001612,L3,Journey Management,False,False,False,Inspector
EMP008820,EQ00001612,L3,Journey Management,False,False,False,Supervisor
EMP010716,EQ00001612,L2,Journey Management,False,False,False,Operator
EMP041218,EQ00001612,L3,Journey Management,False,False,False,Maintenance
EMP010771,EQ00001612,L3,Journey Management,False,True,False,Operator
EMP020146,EQ00002106,L4,Line of Fire Awareness,True,True,True,Operator
EMP049789,EQ00002106,L2,Line of Fire Awareness,True,False,False,Operator
EMP031668,EQ00002106,L6,Line of Fire Awareness,True,True,True,Inspector
EMP020995,EQ00002106,L3,Line of Fire Awareness,True,True,False,Maintenance
EMP029469,EQ00002106,L4,Line of Fire Awareness,True,True,True,Inspector
EMP022948,EQ00002281,L3,Valve Maintenance,False,False,False,Supervisor
EMP028905,EQ00002281,L3,Valve Maintenance,False,False,False,Inspector
EMP000684,EQ00002281,L4,Valve Maintenance,False,False,False,Maintenance
EMP020394,EQ00002281,L5,Valve Maintenance,True,False,False,Inspector
EMP037363,EQ00002140,L5,LOTO,True,True,True,Maintenance
EMP009593,EQ00002140,L4,LOTO,True,False,False,Maintenance
EMP016286,EQ00000834,L4,Rig Floor Safety,True,False,False,Inspector
EMP016768,EQ00000834,L3,Rig Floor Safety,False,False,False,Inspector
EMP020712,EQ00000834,L3,Rig Floor Safety,False,False,False,Operator
EMP032664,EQ00001923,L3,Rotating Equipment,True,False,False,Operator
EMP034579,EQ00001923,L3,Rotating Equipment,True,False,False,Inspector
EMP002637,EQ00001923,L6,Rotating Equipment,True,True,True,Operator
EMP020818,EQ00001923,L3,Rotating Equipment,False,False,False,Operator
EMP021000,EQ00001923,L3,Rotating Equipment,True,False,False,Maintenance
EMP037243,EQ00001923,L6,Rotating Equipment,True,True,True,Operator
EMP014330,EQ00001923,L2,Rotating Equipment,False,False,False,Maintenance
EMP026863,EQ00001923,L3,Rotating Equipment,False,True,False,Operator
EMP014673,EQ00002632,L2,Wastewater Operations,False,False,False,Maintenance
EMP049759,EQ00002632,L5,Wastewater Operations,True,True,True,Inspector
EMP002567,EQ00002632,L3,Wastewater Operations,False,False,False,Inspector
EMP018001,EQ00001032,L4,Fire Fighting,True,True,True,Maintenance
EMP013896,EQ00001032,L4,Fire Fighting,True,True,True,Operator
EMP003332,EQ00001032,L4,Fire Fighting,True,True,True,Operator
EMP028013,EQ00000365,L4,Mechanical Inspection,True,False,False,Operator
EMP029752,EQ00000365,L2,Mechanical Inspection,False,False,False,Operator
EMP036078,EQ00000365,L3,Mechanical Inspection,False,True,False,Maintenance
EMP044870,EQ00000365,L3,Mechanical Inspection,False,False,False,Inspector
EMP013314,EQ00000365,L4,Mechanical Inspection,False,True,False,Inspector
EMP005447,EQ00001555,L3,Environmental Monitoring,False,False,False,Inspector
EMP000794,EQ00001555,L4,Environmental Monitoring,False,True,False,Maintenance
EMP034615,EQ00001555,L5,Environmental Monitoring,True,True,True,Inspector
EMP023215,EQ00001555,L3,Environmental Monitoring,False,True,False,Supervisor
EMP044265,EQ00001555,L2,Environmental Monitoring,True,True,False,Inspector
EMP047691,EQ00001844,L5,Permit to Work,True,True,True,Supervisor
EMP026277,EQ00001844,L4,Permit to Work,False,False,False,Maintenance
EMP002573,EQ00001844,L3,Permit to Work,False,False,False,Inspector
EMP047080,EQ00001844,L4,Permit to Work,False,False,False,Maintenance
EMP048774,EQ00001844,L5,Permit to Work,True,True,True,Operator
EMP007956,EQ00001844,L4,Permit to Work,True,True,False,Supervisor
EMP027020,EQ00001844,L5,Permit to Work,True,True,True,Maintenance
EMP034770,EQ00001194,L4,Permit to Work,False,False,False,Operator
EMP027395,EQ00001194,L3,Permit to Work,True,False,False,Inspector
EMP043686,EQ00001194,L5,Permit to Work,True,True,True,Operator
EMP005336,EQ00001194,L6,Permit to Work,True,True,True,Maintenance
EMP025216,EQ00001194,L2,Permit to Work,False,False,False,Supervisor
EMP041440,EQ00002685,L3,Instrumentation,True,False,False,Maintenance
EMP015166,EQ00002685,L2,Instrumentation,False,False,False,Inspector
EMP024685,EQ00002154,L3,Alignment,False,False,False,Maintenance
EMP045548,EQ00002154,L6,Alignment,True,True,True,Inspector
EMP010613,EQ00002154,L2,Alignment,False,False,False,Supervisor
EMP021525,EQ00002154,L4,Alignment,True,True,True,Maintenance
EMP009044,EQ00002154,L3,Alignment,False,False,False,Operator
EMP048530,EQ00002154,L4,Alignment,True,True,True,Operator
EMP009153,EQ00001752,L2,Instrumentation,False,False,False,Maintenance
EMP007156,EQ00001752,L5,Instrumentation,True,True,True,Supervisor
EMP034242,EQ00001752,L3,Instrumentation,False,False,False,Maintenance
EMP006928,EQ00001752,L4,Instrumentation,False,False,False,Maintenance
EMP043687,EQ00001752,L4,Instrumentation,True,True,True,Inspector
EMP022063,EQ00001752,L3,Instrumentation,True,True,False,Inspector
EMP034020,EQ00001752,L4,Instrumentation,True,True,True,Inspector
EMP011109,EQ00002072,L3,Machine Tool Operation,True,False,False,Supervisor
EMP045563,EQ00002072,L3,Machine Tool Operation,False,False,False,Maintenance
EMP030591,EQ00002072,L2,Machine Tool Operation,True,True,False,Inspector
EMP000003,EQ00002072,L4,Machine Tool Operation,False,False,False,Inspector
EMP026018,EQ00002072,L5,Machine Tool Operation,True,True,True,Maintenance
EMP001180,EQ00002072,L4,Machine Tool Operation,False,False,False,Inspector
EMP037586,EQ00000201,L3,Pump Maintenance,False,True,False,Maintenance
EMP024915,EQ00000201,L4,Pump Maintenance,True,True,True,Maintenance
EMP016097,EQ00000201,L3,Pump Maintenance,False,False,False,Inspector
EMP007188,EQ00000201,L3,Pump Maintenance,False,False,False,Operator
EMP033023,EQ00000331,L4,Pressure Vessel Safety,True,False,False,Operator
EMP008511,EQ00000331,L3,Pressure Vessel Safety,False,False,False,Inspector
EMP002639,EQ00001456,L6,LOTO,True,True,True,Inspector
EMP014650,EQ00001456,L4,LOTO,False,False,False,Inspector
EMP047741,EQ00001456,L3,LOTO,False,False,False,Operator
EMP000515,EQ00001456,L2,LOTO,False,False,False,Inspector
EMP044320,EQ00001456,L6,LOTO,True,True,True,Supervisor
EMP033944,EQ00001456,L3,LOTO,False,False,False,Operator
EMP017122,EQ00001456,L4,LOTO,False,False,False,Supervisor
EMP037751,EQ00001823,L3,Drilling Operations,True,True,False,Maintenance
EMP000330,EQ00001823,L3,Drilling Operations,True,False,False,Supervisor
EMP036740,EQ00001823,L5,Drilling Operations,False,True,False,Maintenance
EMP000293,EQ00001823,L5,Drilling Operations,True,True,True,Maintenance
EMP042318,EQ00001823,L3,Drilling Operations,False,False,False,Maintenance
EMP021146,EQ00000531,L4,Crane Operation,False,False,False,Maintenance
EMP032156,EQ00000531,L6,Crane Operation,True,True,True,Maintenance
EMP003001,EQ00002688,L4,Drilling Operations,True,True,False,Supervisor
EMP043299,EQ00002688,L2,Drilling Operations,False,False,False,Maintenance
EMP033412,EQ00002688,L4,Drilling Operations,True,False,False,Operator
EMP012371,EQ00002688,L2,Drilling Operations,False,False,False,Operator
EMP039788,EQ00002688,L3,Drilling Operations,True,True,False,Inspector
EMP005453,EQ00000796,L3,Alignment,False,True,False,Inspector
EMP032587,EQ00000796,L4,Alignment,False,False,False,Inspector
EMP023338,EQ00000796,L5,Alignment,True,True,True,Operator
EMP002816,EQ00000796,L4,Alignment,False,False,False,Maintenance
EMP020496,EQ00000555,L6,Permit to Work,True,True,True,Supervisor
EMP018863,EQ00000555,L2,Permit to Work,False,False,False,Operator
EMP023752,EQ00000555,L3,Permit to Work,False,True,False,Inspector
EMP004762,EQ00000555,L6,Permit to Work,True,True,True,Inspector
EMP034810,EQ00000555,L2,Permit to Work,True,False,False,Inspector
EMP016329,EQ00000555,L4,Permit to Work,True,True,True,Supervisor
EMP039006,EQ00000555,L3,Permit to Work,False,False,False,Supervisor
EMP007700,EQ00000555,L3,Permit to Work,True,False,False,Operator
EMP008610,EQ00002681,L5,SIS/ESD,False,True,False,Operator
EMP019672,EQ00002681,L4,SIS/ESD,True,True,True,Inspector
EMP001691,EQ00002453,L2,Wastewater Operations,False,False,False,Maintenance
EMP019389,EQ00002453,L3,Wastewater Operations,False,False,False,Operator
EMP003122,EQ00002453,L3,Wastewater Operations,True,True,False,Inspector
EMP008257,EQ00002453,L3,Wastewater Operations,False,False,False,Inspector
EMP039935,EQ00002453,L5,Wastewater Operations,True,True,True,Inspector
EMP002338,EQ00000683,L3,Process Operations,False,True,False,Supervisor
EMP035701,EQ00000683,L2,Process Operations,False,False,False,Maintenance
EMP005106,EQ00000683,L2,Process Operations,False,False,False,Supervisor
EMP032449,EQ00000683,L3,Process Operations,False,True,False,Operator
EMP034447,EQ00000683,L5,Process Operations,True,False,False,Supervisor
EMP038125,EQ00000160,L3,Permit to Work,False,False,False,Inspector
EMP028183,EQ00000160,L5,Permit to Work,True,True,True,Supervisor
EMP041448,EQ00000160,L5,Permit to Work,True,True,True,Maintenance
EMP011355,EQ00000160,L4,Permit to Work,False,True,False,Inspector
EMP047409,EQ00000160,L5,Permit to Work,True,True,True,Inspector
EMP017808,EQ00000160,L4,Permit to Work,True,False,False,Maintenance
EMP046170,EQ00000160,L5,Permit to Work,True,True,True,Supervisor
EMP031471,EQ00000160,L4,Permit to Work,False,False,False,Operator
EMP037228,EQ00001454,L5,Process Operations,True,True,True,Operator
EMP015541,EQ00001454,L3,Process Operations,False,True,False,Supervisor
EMP016907,EQ00001454,L3,Process Operations,False,False,False,Operator
EMP002671,EQ00001454,L4,Process Operations,False,False,False,Maintenance
EMP033217,EQ00001454,L3,Process Operations,False,False,False,Inspector
EMP036279,EQ00001824,L3,Well Control,False,False,False,Operator
EMP009903,EQ00001824,L2,Well Control,False,True,False,Maintenance
EMP021424,EQ00001824,L4,Well Control,True,False,False,Operator
EMP020226,EQ00002804,L3,Rig Floor Safety,True,False,False,Supervisor
EMP047845,EQ00002804,L5,Rig Floor Safety,True,True,True,Supervisor
EMP043151,EQ00002804,L5,Rig Floor Safety,False,True,False,Inspector
EMP017135,EQ00002804,L6,Rig Floor Safety,True,True,True,Inspector
EMP018356,EQ00002804,L4,Rig Floor Safety,True,True,True,Supervisor
EMP030200,EQ00002804,L4,Rig Floor Safety,True,True,True,Inspector
EMP018740,EQ00002804,L3,Rig Floor Safety,False,False,False,Maintenance
EMP027281,EQ00002455,L4,Process Safety,True,False,False,Supervisor
EMP020675,EQ00002455,L5,Process Safety,True,True,True,Supervisor
EMP015157,EQ00002455,L3,Process Safety,False,False,False,Maintenance
EMP025840,EQ00002455,L3,Process Safety,False,False,False,Supervisor
EMP025118,EQ00002455,L3,Process Safety,True,True,False,Operator
EMP023711,EQ00001819,L3,Permit to Work,False,True,False,Inspector
EMP043473,EQ00001819,L3,Permit to Work,False,False,False,Maintenance
EMP010651,EQ00001819,L5,Permit to Work,True,True,True,Operator
EMP027537,EQ00001819,L5,Permit to Work,False,True,False,Inspector
EMP013082,EQ00001946,L2,Permit to Work,False,False,False,Maintenance
EMP029413,EQ00001946,L2,Permit to Work,False,False,False,Maintenance
EMP038421,EQ00001946,L5,Permit to Work,True,True,True,Operator
EMP046258,EQ00001946,L3,Permit to Work,True,False,False,Operator
EMP028343,EQ00001946,L3,Permit to Work,False,False,False,Supervisor
EMP013065,EQ00001449,L3,Permit to Work,False,False,False,Operator
EMP038905,EQ00001449,L4,Permit to Work,False,False,False,Supervisor
EMP003211,EQ00001449,L2,Permit to Work,True,False,False,Supervisor
EMP006365,EQ00001449,L3,Permit to Work,False,False,False,Maintenance
EMP044051,EQ00001449,L3,Permit to Work,True,False,False,Inspector
EMP010572,EQ00001449,L5,Permit to Work,False,False,False,Maintenance
EMP031089,EQ00001449,L3,Permit to Work,True,False,False,Maintenance
EMP012423,EQ00001116,L2,Pressure Systems Safety,True,False,False,Maintenance
EMP043606,EQ00001116,L5,Pressure Systems Safety,True,True,True,Operator
EMP003856,EQ00001116,L2,Pressure Systems Safety,False,False,False,Supervisor
EMP034789,EQ00001116,L4,Pressure Systems Safety,True,True,True,Operator
EMP022416,EQ00001116,L2,Pressure Systems Safety,False,False,False,Inspector
EMP010836,EQ00001261,L6,Machine Tool Operation,True,True,True,Operator
EMP035592,EQ00001261,L3,Machine Tool Operation,False,True,False,Operator
EMP022699,EQ00002755,L3,Permit to Work,True,False,False,Operator
EMP032150,EQ00002755,L4,Permit to Work,False,False,False,Operator
EMP000689,EQ00002755,L4,Permit to Work,False,False,False,Operator
EMP037426,EQ00002755,L5,Permit to Work,True,True,True,Supervisor
EMP018221,EQ00002755,L3,Permit to Work,False,False,False,Inspector
EMP021328,EQ00002755,L5,Permit to Work,True,True,True,Inspector
EMP008254,EQ00002087,L4,Chemical Handling,True,True,True,Inspector
EMP043679,EQ00002087,L3,Chemical Handling,True,False,False,Maintenance
EMP031685,EQ00002087,L2,Chemical Handling,True,False,False,Maintenance
EMP007677,EQ00002087,L4,Chemical Handling,True,False,False,Supervisor
EMP043695,EQ00000084,L4,Mechanical Inspection,False,False,False,Operator
EMP011026,EQ00000084,L4,Mechanical Inspection,False,False,False,Operator
EMP028305,EQ00000084,L5,Mechanical Inspection,True,True,True,Inspector
EMP042993,EQ00000737,L3,Fire Water Systems,True,True,True,Supervisor
EMP032226,EQ00000737,L3,Fire Water Systems,False,True,False,Operator
EMP016915,EQ00000737,L2,Fire Water Systems,True,True,False,Maintenance
EMP030577,EQ00000737,L2,Fire Water Systems,False,False,False,Maintenance
EMP028023,EQ00000737,L3,Fire Water Systems,False,True,False,Maintenance
EMP000767,EQ00000737,L4,Fire Water Systems,False,True,False,Maintenance
EMP042625,EQ00000737,L4,Fire Water Systems,True,True,True,Maintenance
EMP026148,EQ00000737,L2,Fire Water Systems,False,True,False,Inspector
EMP019511,EQ00000446,L4,Pressure Vessel Safety,False,False,False,Inspector
EMP005405,EQ00000446,L3,Pressure Vessel Safety,False,False,False,Maintenance
EMP033346,EQ00000446,L5,Pressure Vessel Safety,True,True,True,Inspector
EMP020694,EQ00000430,L6,Control Systems,True,False,False,Maintenance
EMP012635,EQ00000430,L4,Control Systems,False,False,False,Inspector
EMP007418,EQ00000430,L3,Control Systems,True,False,False,Supervisor
EMP028009,EQ00000430,L3,Control Systems,True,False,False,Supervisor
EMP011928,EQ00000430,L2,Control Systems,False,True,False,Supervisor
EMP028634,EQ00000430,L2,Control Systems,False,False,False,Inspector
EMP047187,EQ00000430,L2,Control Systems,False,False,False,Operator
EMP012535,EQ00000168,L2,Lifting Gear Inspection,False,True,False,Maintenance
EMP022466,EQ00000168,L2,Lifting Gear Inspection,True,True,False,Inspector
EMP015164,EQ00000168,L3,Lifting Gear Inspection,False,False,False,Inspector
EMP038645,EQ00000168,L4,Lifting Gear Inspection,False,False,False,Supervisor
EMP010734,EQ00000168,L4,Lifting Gear Inspection,False,False,False,Operator
EMP025848,EQ00000168,L2,Lifting Gear Inspection,True,False,False,Maintenance
EMP038778,EQ00000168,L3,Lifting Gear Inspection,False,False,False,Operator
EMP032458,EQ00002292,L5,Crane Operation,True,True,True,Maintenance
EMP024335,EQ00002292,L4,Crane Operation,False,False,False,Inspector
EMP030741,EQ00001399,L3,Process Isolation,False,False,False,Operator
EMP039562,EQ00001399,L3,Process Isolation,False,False,False,Supervisor
EMP038963,EQ00001399,L3,Process Isolation,False,False,False,Operator
EMP015088,EQ00000934,L2,Switchgear Operation,False,False,False,Operator
EMP014270,EQ00000934,L3,Switchgear Operation,False,False,False,Inspector
EMP046141,EQ00000934,L2,Switchgear Operation,False,False,False,Maintenance
EMP038417,EQ00000371,L4,Permit to Work,False,False,False,Supervisor
EMP017945,EQ00000371,L3,Permit to Work,False,False,False,Inspector
EMP041807,EQ00000371,L5,Permit to Work,True,True,True,Supervisor
EMP019733,EQ00000371,L3,Permit to Work,False,False,False,Maintenance
EMP039399,EQ00000371,L4,Permit to Work,False,True,False,Inspector
EMP048618,EQ00000371,L4,Permit to Work,False,True,False,Supervisor
EMP036990,EQ00000371,L3,Permit to Work,False,False,False,Operator
EMP031826,EQ00002300,L3,Process Isolation,True,True,False,Inspector
EMP004194,EQ00002300,L4,Process Isolation,False,False,False,Inspector
EMP020697,EQ00002570,L3,Permit to Work,False,False,False,Maintenance
EMP031720,EQ00002570,L2,Permit to Work,False,False,False,Operator
EMP000387,EQ00002570,L3,Permit to Work,False,False,False,Supervisor
EMP002212,EQ00001459,L5,LOTO,False,True,False,Maintenance
EMP040472,EQ00001459,L5,LOTO,True,True,True,Inspector
EMP013399,EQ00001459,L2,LOTO,False,False,False,Supervisor
EMP022904,EQ00000500,L6,Electrical Safety,True,True,True,Inspector
EMP010788,EQ00000500,L2,Electrical Safety,False,False,False,Operator
EMP003663,EQ00000500,L2,Electrical Safety,False,False,False,Maintenance
EMP000168,EQ00000500,L3,Electrical Safety,False,True,False,Inspector
EMP043276,EQ00000500,L4,Electrical Safety,False,False,False,Supervisor
EMP014904,EQ00002801,L3,Switchgear Operation,False,True,False,Inspector
EMP045891,EQ00002801,L4,Switchgear Operation,False,True,False,Inspector
EMP015639,EQ00002801,L5,Switchgear Operation,True,True,True,Operator
EMP025186,EQ00002801,L4,Switchgear Operation,False,False,False,Supervisor
EMP018581,EQ00000405,L3,Permit to Work,True,False,False,Operator
EMP046020,EQ00000405,L4,Permit to Work,False,False,False,Maintenance
EMP017600,EQ00000405,L4,Permit to Work,False,False,False,Maintenance
EMP020284,EQ00001879,L3,Crane Operation,True,False,False,Operator
EMP037964,EQ00001879,L5,Crane Operation,True,False,False,Supervisor
EMP012789,EQ00001879,L3,Crane Operation,False,False,False,Maintenance
EMP032410,EQ00001879,L4,Crane Operation,True,False,False,Operator
EMP028207,EQ00000064,L3,Hot Work,False,False,False,Maintenance
EMP016621,EQ00000064,L4,Hot Work,False,False,False,Inspector
EMP014223,EQ00000064,L3,Hot Work,False,False,False,Inspector
EMP026324,EQ00000064,L3,Hot Work,True,False,False,Maintenance
EMP033055,EQ00000064,L4,Hot Work,False,False,False,Inspector
EMP005208,EQ00000064,L3,Hot Work,False,False,False,Maintenance
EMP002829,EQ00000064,L3,Hot Work,False,False,False,Maintenance
EMP042257,EQ00001247,L4,Hot Work,False,False,False,Inspector
EMP047907,EQ00001247,L2,Hot Work,False,False,False,Maintenance
EMP028412,EQ00001247,L2,Hot Work,False,False,False,Inspector
EMP031477,EQ00001247,L4,Hot Work,True,True,False,Supervisor
EMP013972,EQ00001247,L4,Hot Work,False,False,False,Maintenance
EMP006695,EQ00001247,L4,Hot Work,False,False,False,Maintenance
EMP009262,EQ00000093,L3,Lifting Gear Inspection,False,False,False,Supervisor
EMP027510,EQ00000093,L5,Lifting Gear Inspection,True,True,True,Maintenance
EMP025071,EQ00000093,L3,Lifting Gear Inspection,False,False,False,Maintenance
EMP008280,EQ00000077,L2,LOTO,False,False,False,Maintenance
EMP043266,EQ00000077,L5,LOTO,True,True,True,Inspector
EMP008140,EQ00000077,L3,LOTO,False,False,False,Maintenance
EMP016759,EQ00000606,L3,Switchgear Operation,True,True,False,Operator
EMP030715,EQ00000606,L4,Switchgear Operation,True,False,False,Maintenance
EMP020523,EQ00001892,L2,Pressure Systems Safety,True,True,False,Supervisor
EMP047356,EQ00001892,L3,Pressure Systems Safety,False,False,False,Maintenance
EMP043551,EQ00001892,L3,Pressure Systems Safety,False,False,False,Supervisor
EMP049047,EQ00001892,L4,Pressure Systems Safety,False,False,False,Supervisor
EMP045626,EQ00000088,L3,LOTO,True,False,False,Operator
EMP016859,EQ00000088,L5,LOTO,True,True,True,Supervisor
EMP005946,EQ00000088,L3,LOTO,False,False,False,Supervisor
EMP023300,EQ00000088,L3,LOTO,False,False,False,Inspector
EMP044847,EQ00000088,L3,LOTO,False,True,False,Maintenance
EMP032898,EQ00000088,L6,LOTO,True,True,True,Maintenance
EMP005121,EQ00000088,L3,LOTO,True,False,False,Supervisor
EMP025169,EQ00000088,L6,LOTO,False,True,False,Inspector
EMP039371,EQ00001837,L5,Process Isolation,True,False,False,Maintenance
EMP047423,EQ00001837,L6,Process Isolation,True,True,True,Operator
EMP038219,EQ00001837,L5,Process Isolation,True,True,True,Operator
EMP039530,EQ00001837,L3,Process Isolation,False,False,False,Maintenance
EMP004578,EQ00001633,L3,LOTO,False,False,False,Inspector
EMP049368,EQ00001633,L4,LOTO,True,False,False,Supervisor
EMP019513,EQ00001534,L6,Pipeline Operations,True,True,True,Maintenance
EMP005926,EQ00001534,L4,Pipeline Operations,True,True,True,Inspector
EMP041618,EQ00002408,L5,Line of Fire Awareness,True,True,True,Inspector
EMP032208,EQ00002408,L3,Line of Fire Awareness,False,False,False,Maintenance
EMP025431,EQ00000322,L3,Pressure Testing,False,False,False,Operator
EMP025318,EQ00000322,L3,Pressure Testing,False,True,False,Operator
EMP042440,EQ00002487,L2,Calibration,True,False,False,Operator
EMP007228,EQ00002487,L2,Calibration,False,False,False,Maintenance
EMP009692,EQ00001457,L3,Lifting Operations,False,False,False,Inspector
EMP034467,EQ00001457,L4,Lifting Operations,False,False,False,Maintenance
EMP042984,EQ00001457,L3,Lifting Operations,True,False,False,Maintenance
EMP018305,EQ00001457,L3,Lifting Operations,False,False,False,Inspector
EMP038343,EQ00001457,L4,Lifting Operations,False,False,False,Operator
EMP033948,EQ00001457,L3,Lifting Operations,True,False,False,Supervisor
EMP004875,EQ00001457,L3,Lifting Operations,False,False,False,Maintenance
EMP037768,EQ00001457,L2,Lifting Operations,False,True,False,Maintenance
EMP013641,EQ00000129,L3,Process Operations,False,False,False,Inspector
EMP032222,EQ00000129,L4,Process Operations,False,False,False,Maintenance
EMP010909,EQ00000129,L5,Process Operations,False,True,False,Inspector
EMP049338,EQ00000129,L3,Process Operations,False,False,False,Supervisor
EMP032429,EQ00000129,L5,Process Operations,False,True,False,Inspector
EMP015551,EQ00000129,L3,Process Operations,True,False,False,Supervisor
EMP006520,EQ00002069,L2,Permit to Work,True,False,False,Supervisor
EMP010921,EQ00002069,L4,Permit to Work,True,True,False,Supervisor
EMP037456,EQ00002069,L5,Permit to Work,True,True,True,Inspector
EMP007575,EQ00001169,L2,Workshop Safety,True,False,False,Maintenance
EMP027680,EQ00001169,L3,Workshop Safety,True,False,False,Operator
EMP039619,EQ00001169,L4,Workshop Safety,False,False,False,Operator
EMP004501,EQ00002224,L4,Pressure Systems Safety,True,False,False,Supervisor
EMP018038,EQ00002224,L4,Pressure Systems Safety,True,True,False,Operator
EMP036860,EQ00001038,L2,LOTO,False,False,False,Supervisor
EMP030869,EQ00001038,L3,LOTO,False,False,False,Maintenance
EMP027815,EQ00001038,L3,LOTO,False,False,False,Supervisor
EMP004187,EQ00001038,L2,LOTO,False,False,False,Inspector
EMP024733,EQ00001038,L3,LOTO,False,True,False,Operator
EMP003614,EQ00001038,L4,LOTO,False,False,False,Operator
EMP032277,EQ00001038,L4,LOTO,True,False,False,Supervisor
EMP033328,EQ00000820,L3,LOTO,False,False,False,Inspector
EMP011359,EQ00000820,L4,LOTO,False,False,False,Supervisor
EMP022613,EQ00000820,L4,LOTO,False,False,False,Inspector
EMP033756,EQ00000820,L3,LOTO,False,False,False,Operator
EMP023391,EQ00000771,L4,Crane Operation,True,False,False,Operator
EMP026970,EQ00000771,L3,Crane Operation,True,False,False,Inspector
EMP049011,EQ00000771,L4,Crane Operation,True,False,False,Operator
EMP032239,EQ00000771,L4,Crane Operation,False,False,False,Supervisor
EMP019804,EQ00000771,L4,Crane Operation,False,True,False,Supervisor
EMP011782,EQ00000771,L4,Crane Operation,False,True,False,Supervisor
EMP006084,EQ00001635,L3,Machine Tool Operation,True,False,False,Operator
EMP037767,EQ00001635,L6,Machine Tool Operation,True,True,True,Supervisor
EMP034616,EQ00001635,L3,Machine Tool Operation,False,False,False,Maintenance
EMP011849,EQ00001635,L3,Machine Tool Operation,True,True,False,Maintenance
EMP004699,EQ00001635,L2,Machine Tool Operation,False,False,False,Supervisor
EMP033023,EQ00001635,L4,Machine Tool Operation,True,True,True,Operator
EMP027349,EQ00000629,L3,Motor Maintenance,True,True,False,Operator
EMP012843,EQ00000629,L3,Motor Maintenance,False,False,False,Inspector
EMP012337,EQ00002370,L3,Welding Safety,False,False,False,Maintenance
EMP038186,EQ00002370,L3,Welding Safety,False,False,False,Inspector
EMP040072,EQ00001393,L3,Pump Maintenance,False,False,False,Maintenance
EMP000130,EQ00001393,L3,Pump Maintenance,False,False,False,Supervisor
EMP048509,EQ00001393,L3,Pump Maintenance,True,False,False,Inspector
EMP010499,EQ00001393,L3,Pump Maintenance,False,False,False,Inspector
EMP039655,EQ00001393,L3,Pump Maintenance,False,False,False,Supervisor
EMP045613,EQ00001393,L5,Pump Maintenance,True,True,True,Supervisor
EMP026989,EQ00001393,L4,Pump Maintenance,False,False,False,Operator
EMP008887,EQ00000818,L4,Line of Fire Awareness,True,True,True,Inspector
EMP031363,EQ00000818,L3,Line of Fire Awareness,False,False,False,Supervisor
EMP024150,EQ00000818,L2,Line of Fire Awareness,False,False,False,Inspector
EMP011133,EQ00000818,L3,Line of Fire Awareness,True,False,False,Inspector
EMP019914,EQ00000818,L3,Line of Fire Awareness,False,False,False,Supervisor
EMP008450,EQ00002476,L4,Environmental Monitoring,False,False,False,Inspector
EMP048401,EQ00002476,L3,Environmental Monitoring,False,False,False,Supervisor
EMP030201,EQ00002476,L5,Environmental Monitoring,True,True,True,Supervisor
EMP032826,EQ00002476,L4,Environmental Monitoring,False,True,False,Operator
EMP007011,EQ00002476,L3,Environmental Monitoring,False,False,False,Supervisor
EMP036239,EQ00002476,L3,Environmental Monitoring,False,False,False,Maintenance
EMP038329,EQ00002476,L3,Environmental Monitoring,False,False,False,Inspector
EMP022189,EQ00000724,L5,LOTO,True,False,False,Maintenance
EMP019279,EQ00000724,L2,LOTO,False,False,False,Inspector
EMP003019,EQ00001676,L2,Process Isolation,True,False,False,Supervisor
EMP048030,EQ00001676,L2,Process Isolation,False,False,False,Maintenance
EMP022385,EQ00001676,L3,Process Isolation,False,False,False,Supervisor
EMP001819,EQ00001676,L4,Process Isolation,True,False,False,Supervisor
EMP015655,EQ00001676,L4,Process Isolation,False,False,False,Inspector
EMP044426,EQ00001676,L2,Process Isolation,False,False,False,Inspector
EMP015908,EQ00001585,L2,Permit to Work,False,False,False,Maintenance
EMP044562,EQ00001585,L4,Permit to Work,True,False,False,Maintenance
EMP039478,EQ00001585,L2,Permit to Work,False,False,False,Maintenance
EMP013278,EQ00001585,L4,Permit to Work,True,True,True,Supervisor
EMP038068,EQ00001585,L5,Permit to Work,True,True,True,Operator
EMP007235,EQ00001585,L3,Permit to Work,False,False,False,Operator
EMP031454,EQ00001585,L3,Permit to Work,False,False,False,Inspector
EMP014294,EQ00001585,L2,Permit to Work,False,True,False,Inspector
EMP039296,EQ00001330,L3,Fire Fighting,False,False,False,Operator
EMP012179,EQ00001330,L3,Fire Fighting,False,False,False,Operator
EMP027693,EQ00001330,L4,Fire Fighting,True,False,False,Inspector
EMP003760,EQ00001330,L5,Fire Fighting,False,True,False,Operator
EMP015276,EQ00001330,L3,Fire Fighting,False,False,False,Operator
EMP019144,EQ00000734,L4,Calibration,False,False,False,Inspector
EMP041704,EQ00000734,L2,Calibration,False,False,False,Maintenance
EMP041533,EQ00000734,L3,Calibration,False,False,False,Maintenance
EMP048448,EQ00000734,L3,Calibration,False,False,False,Maintenance
EMP021413,EQ00000734,L4,Calibration,True,False,False,Maintenance
EMP002796,EQ00000734,L4,Calibration,True,True,False,Operator
EMP034266,EQ00000528,L2,Machine Tool Operation,False,True,False,Inspector
EMP031518,EQ00000528,L2,Machine Tool Operation,True,False,False,Maintenance
EMP007922,EQ00000528,L4,Machine Tool Operation,False,False,False,Supervisor
EMP005290,EQ00000528,L4,Machine Tool Operation,False,False,False,Maintenance
EMP019756,EQ00000528,L3,Machine Tool Operation,False,False,False,Supervisor
EMP023644,EQ00000528,L3,Machine Tool Operation,False,False,False,Operator
EMP016330,EQ00001190,L5,Rig Floor Safety,True,True,True,Supervisor
EMP029788,EQ00001190,L5,Rig Floor Safety,True,True,True,Operator
EMP002452,EQ00001190,L6,Rig Floor Safety,True,True,True,Operator
EMP023391,EQ00001190,L4,Rig Floor Safety,False,True,False,Inspector
EMP001729,EQ00001190,L5,Rig Floor Safety,True,True,True,Supervisor
EMP013820,EQ00001190,L2,Rig Floor Safety,False,False,False,Supervisor
EMP039668,EQ00001190,L6,Rig Floor Safety,True,True,True,Inspector
EMP002929,EQ00001190,L4,Rig Floor Safety,False,False,False,Supervisor
EMP028873,EQ00001887,L4,Line of Fire Awareness,False,False,False,Operator
EMP022909,EQ00001887,L4,Line of Fire Awareness,False,False,False,Operator
EMP039623,EQ00001887,L3,Line of Fire Awareness,True,False,False,Supervisor
EMP039245,EQ00001887,L3,Line of Fire Awareness,True,False,False,Inspector
EMP033083,EQ00001887,L2,Line of Fire Awareness,False,False,False,Operator
EMP027181,EQ00001887,L6,Line of Fire Awareness,True,True,True,Maintenance
EMP034926,EQ00001682,L5,Line of Fire Awareness,True,False,False,Inspector
EMP048773,EQ00001682,L2,Line of Fire Awareness,False,False,False,Maintenance
EMP032268,EQ00001682,L4,Line of Fire Awareness,True,False,False,Operator
EMP030397,EQ00001447,L5,Switchgear Operation,True,False,False,Inspector
EMP036118,EQ00001447,L4,Switchgear Operation,False,False,False,Operator
EMP035336,EQ00001447,L4,Switchgear Operation,True,False,False,Inspector
EMP032910,EQ00001447,L4,Switchgear Operation,False,False,False,Maintenance
EMP032106,EQ00001447,L2,Switchgear Operation,False,False,False,Maintenance
EMP048665,EQ00001447,L3,Switchgear Operation,False,False,False,Inspector
EMP042805,EQ00000208,L3,Well Control,False,False,False,Operator
EMP000796,EQ00000208,L5,Well Control,True,True,True,Operator
EMP021161,EQ00000208,L2,Well Control,True,False,False,Operator
EMP027600,EQ00000208,L3,Well Control,False,False,False,Maintenance
EMP036138,EQ00000208,L5,Well Control,True,True,True,Supervisor
EMP017184,EQ00000208,L3,Well Control,False,True,False,Maintenance
EMP010998,EQ00002557,L4,Pressure Systems Safety,True,True,True,Inspector
EMP024772,EQ00002557,L2,Pressure Systems Safety,False,False,False,Supervisor
EMP007272,EQ00002557,L6,Pressure Systems Safety,True,True,True,Operator
EMP024384,EQ00002557,L4,Pressure Systems Safety,True,True,True,Supervisor
EMP011098,EQ00002557,L5,Pressure Systems Safety,True,True,True,Supervisor
EMP019848,EQ00002557,L2,Pressure Systems Safety,True,False,False,Operator
EMP000706,EQ00002557,L6,Pressure Systems Safety,False,True,False,Operator
EMP021302,EQ00002557,L5,Pressure Systems Safety,True,True,True,Inspector
EMP030804,EQ00001180,L3,Lifting Gear Inspection,True,False,False,Inspector
EMP009797,EQ00001180,L5,Lifting Gear Inspection,True,True,True,Operator
EMP036254,EQ00001180,L5,Lifting Gear Inspection,True,True,True,Supervisor
EMP009069,EQ00001180,L2,Lifting Gear Inspection,False,True,False,Inspector
EMP026216,EQ00001180,L3,Lifting Gear Inspection,False,True,False,Maintenance
EMP006587,EQ00001180,L3,Lifting Gear Inspection,False,False,False,Supervisor
EMP042256,EQ00001180,L4,Lifting Gear Inspection,False,True,False,Inspector
EMP020920,EQ00001180,L3,Lifting Gear Inspection,False,True,False,Maintenance
EMP019449,EQ00002677,L3,Electrical Safety,False,False,False,Inspector
EMP006972,EQ00002677,L4,Electrical Safety,False,True,False,Supervisor
EMP030484,EQ00002677,L5,Electrical Safety,True,True,True,Operator
EMP020036,EQ00002303,L5,Fire Water Systems,False,True,False,Supervisor
EMP010688,EQ00002303,L2,Fire Water Systems,True,False,False,Inspector
EMP045698,EQ00002303,L2,Fire Water Systems,False,False,False,Inspector
EMP007900,EQ00002303,L5,Fire Water Systems,True,True,True,Supervisor
EMP025147,EQ00002303,L3,Fire Water Systems,False,False,False,Maintenance
EMP009819,EQ00002303,L3,Fire Water Systems,True,True,True,Inspector
EMP027938,EQ00002303,L2,Fire Water Systems,False,False,False,Maintenance
EMP030246,EQ00002303,L5,Fire Water Systems,True,True,True,Operator
EMP038395,EQ00000798,L2,Electrical Isolation/LOTO,False,False,False,Operator
EMP046970,EQ00000798,L3,Electrical Isolation/LOTO,True,False,False,Maintenance
EMP011065,EQ00000798,L2,Electrical Isolation/LOTO,False,False,False,Operator
EMP035399,EQ00000798,L3,Electrical Isolation/LOTO,False,True,False,Maintenance
EMP005500,EQ00000798,L4,Electrical Isolation/LOTO,False,False,False,Supervisor
EMP017394,EQ00000643,L4,Alignment,False,False,False,Operator
EMP007946,EQ00000643,L2,Alignment,True,True,False,Operator
EMP003816,EQ00000643,L4,Alignment,False,True,False,Supervisor
EMP038828,EQ00000643,L4,Alignment,False,False,False,Maintenance
EMP026082,EQ00000643,L2,Alignment,False,False,False,Operator
EMP034623,EQ00002295,L4,Motor Maintenance,False,False,False,Operator
EMP000658,EQ00002295,L3,Motor Maintenance,True,False,False,Inspector
EMP029029,EQ00002295,L3,Motor Maintenance,True,True,False,Inspector
EMP027309,EQ00002295,L5,Motor Maintenance,True,True,True,Operator
EMP007286,EQ00002295,L3,Motor Maintenance,False,False,False,Maintenance
EMP011804,EQ00002295,L6,Motor Maintenance,True,False,False,Supervisor
EMP002535,EQ00000327,L4,Pressure Testing,True,True,True,Supervisor
EMP011091,EQ00000327,L6,Pressure Testing,True,True,True,Operator
EMP036293,EQ00000327,L2,Pressure Testing,False,True,False,Operator
EMP032686,EQ00000327,L4,Pressure Testing,True,False,False,Supervisor
EMP030366,EQ00000327,L2,Pressure Testing,True,False,False,Inspector
EMP028983,EQ00000327,L3,Pressure Testing,True,False,False,Supervisor
EMP043529,EQ00000062,L5,Alignment,True,True,True,Supervisor
EMP031253,EQ00000062,L4,Alignment,True,False,False,Inspector
EMP027970,EQ00000062,L6,Alignment,True,True,True,Maintenance
EMP014572,EQ00000062,L6,Alignment,True,True,True,Inspector
EMP014211,EQ00000619,L2,Permit to Work,False,False,False,Inspector
EMP006361,EQ00000619,L2,Permit to Work,False,False,False,Inspector
EMP034568,EQ00000619,L4,Permit to Work,False,False,False,Supervisor
EMP049570,EQ00002741,L2,Pressure Testing,False,False,False,Supervisor
EMP003480,EQ00002741,L3,Pressure Testing,False,False,False,Supervisor
EMP012369,EQ00002741,L3,Pressure Testing,False,False,False,Inspector
EMP034264,EQ00002741,L3,Pressure Testing,False,False,False,Inspector
EMP006348,EQ00002741,L6,Pressure Testing,True,False,False,Operator
EMP013817,EQ00002724,L3,Crane Operation,False,True,False,Inspector
EMP017305,EQ00002724,L5,Crane Operation,False,True,False,Supervisor
EMP029641,EQ00002724,L3,Crane Operation,False,False,False,Supervisor
EMP036514,EQ00001462,L3,Workshop Safety,False,False,False,Maintenance
EMP041276,EQ00001462,L5,Workshop Safety,True,True,True,Operator
EMP030500,EQ00001462,L3,Workshop Safety,False,False,False,Maintenance
EMP022728,EQ00001462,L2,Workshop Safety,True,True,False,Operator
EMP029563,EQ00001462,L4,Workshop Safety,False,True,False,Inspector
EMP034205,EQ00001462,L5,Workshop Safety,True,True,True,Supervisor
EMP015893,EQ00000139,L5,Electrical Isolation/LOTO,False,True,False,Supervisor
EMP035073,EQ00000139,L3,Electrical Isolation/LOTO,False,False,False,Supervisor
EMP035159,EQ00000139,L3,Electrical Isolation/LOTO,False,False,False,Supervisor
EMP004851,EQ00000139,L6,Electrical Isolation/LOTO,True,True,True,Supervisor
EMP047128,EQ00000139,L5,Electrical Isolation/LOTO,True,True,True,Maintenance
EMP012015,EQ00000139,L3,Electrical Isolation/LOTO,False,False,False,Maintenance
EMP010237,EQ00000139,L4,Electrical Isolation/LOTO,False,False,False,Maintenance
EMP008367,EQ00000139,L3,Electrical Isolation/LOTO,True,True,False,Operator
EMP032121,EQ00000299,L5,Welding Safety,True,True,True,Operator
EMP036823,EQ00000299,L4,Welding Safety,False,False,False,Inspector
EMP008498,EQ00000299,L4,Welding Safety,True,False,False,Supervisor
EMP048356,EQ00000299,L3,Welding Safety,False,False,False,Maintenance
EMP031492,EQ00000299,L4,Welding Safety,True,False,False,Inspector
EMP023520,EQ00000299,L5,Welding Safety,True,True,True,Maintenance
EMP043731,EQ00000985,L4,Pressure Testing,False,False,False,Maintenance
EMP049262,EQ00000985,L3,Pressure Testing,False,True,False,Supervisor
EMP038539,EQ00000985,L2,Pressure Testing,True,False,False,Maintenance
EMP012017,EQ00000985,L2,Pressure Testing,False,False,False,Supervisor
EMP028569,EQ00000985,L4,Pressure Testing,False,False,False,Inspector
EMP014498,EQ00002535,L3,Arc Flash Awareness,False,False,False,Inspector
EMP040087,EQ00002535,L3,Arc Flash Awareness,True,False,False,Inspector
EMP018050,EQ00000173,L5,LOTO,True,True,True,Maintenance
EMP019621,EQ00000173,L4,LOTO,False,True,False,Operator
EMP009275,EQ00000173,L4,LOTO,True,True,False,Inspector
EMP039909,EQ00000173,L4,LOTO,False,False,False,Maintenance
EMP001717,EQ00000173,L2,LOTO,False,False,False,Supervisor
EMP037520,EQ00000173,L4,LOTO,False,False,False,Supervisor
EMP049913,EQ00000524,L4,Mechanical Inspection,False,False,False,Inspector
EMP029435,EQ00000524,L3,Mechanical Inspection,False,True,False,Maintenance
EMP001789,EQ00000524,L2,Mechanical Inspection,True,False,False,Supervisor
EMP015126,EQ00000524,L3,Mechanical Inspection,False,False,False,Maintenance
EMP015280,EQ00000524,L6,Mechanical Inspection,True,True,True,Operator
EMP019712,EQ00000524,L2,Mechanical Inspection,True,True,False,Supervisor
EMP043373,EQ00000524,L4,Mechanical Inspection,False,False,False,Inspector
EMP016281,EQ00002260,L3,Permit to Work,True,False,False,Supervisor
EMP042958,EQ00002260,L3,Permit to Work,True,True,False,Inspector
EMP048470,EQ00002362,L4,Rig Floor Safety,False,False,False,Supervisor
EMP005741,EQ00002362,L5,Rig Floor Safety,True,True,True,Maintenance
EMP025025,EQ00002362,L3,Rig Floor Safety,False,False,False,Supervisor
EMP023723,EQ00000580,L3,Drilling Operations,True,True,True,Operator
EMP030488,EQ00000580,L4,Drilling Operations,True,True,True,Maintenance
EMP003442,EQ00000580,L4,Drilling Operations,True,True,True,Supervisor
EMP007066,EQ00000580,L4,Drilling Operations,True,True,True,Inspector
EMP017981,EQ00000750,L3,Gas Detection,False,True,False,Supervisor
EMP046218,EQ00000750,L3,Gas Detection,False,False,False,Maintenance
EMP002784,EQ00000750,L4,Gas Detection,True,True,True,Maintenance
EMP034739,EQ00000750,L4,Gas Detection,True,True,True,Inspector
EMP015758,EQ00000750,L3,Gas Detection,False,False,False,Supervisor
EMP039461,EQ00001251,L4,Electrical Isolation/LOTO,True,True,True,Inspector
EMP049954,EQ00001251,L3,Electrical Isolation/LOTO,False,False,False,Maintenance
EMP040859,EQ00001251,L4,Electrical Isolation/LOTO,True,True,True,Supervisor
EMP000052,EQ00001251,L4,Electrical Isolation/LOTO,True,True,True,Supervisor
EMP010872,EQ00001251,L4,Electrical Isolation/LOTO,True,True,True,Operator
EMP013210,EQ00001251,L5,Electrical Isolation/LOTO,True,True,True,Inspector
EMP031859,EQ00001251,L3,Electrical Isolation/LOTO,False,False,False,Supervisor
EMP007426,EQ00000981,L3,Pressure Testing,False,True,False,Operator
EMP034668,EQ00000981,L4,Pressure Testing,False,False,False,Inspector
EMP041593,EQ00000981,L3,Pressure Testing,False,False,False,Maintenance
EMP046299,EQ00000981,L5,Pressure Testing,True,True,True,Inspector
EMP000504,EQ00001506,L5,Isolation/LOTO,True,True,True,Supervisor
EMP044451,EQ00001506,L3,Isolation/LOTO,False,False,False,Maintenance
EMP037185,EQ00001506,L3,Isolation/LOTO,False,False,False,Inspector
EMP022037,EQ00001069,L4,Welding Safety,True,True,True,Maintenance
EMP001649,EQ00001069,L4,Welding Safety,True,True,True,Supervisor
EMP024742,EQ00001069,L3,Welding Safety,True,False,False,Maintenance
EMP040932,EQ00001069,L3,Welding Safety,True,False,False,Operator
EMP007298,EQ00001761,L3,Pipeline Operations,False,False,False,Operator
EMP021599,EQ00001761,L6,Pipeline Operations,True,True,True,Inspector
EMP046587,EQ00001761,L5,Pipeline Operations,True,True,True,Operator
EMP032754,EQ00001761,L4,Pipeline Operations,False,False,False,Maintenance
EMP004434,EQ00001761,L5,Pipeline Operations,True,True,True,Supervisor
EMP000458,EQ00001761,L3,Pipeline Operations,False,False,False,Maintenance
EMP010621,EQ00000230,L3,Line of Fire Awareness,True,False,False,Maintenance
EMP033083,EQ00000230,L2,Line of Fire Awareness,False,False,False,Maintenance
EMP027853,EQ00000230,L4,Line of Fire Awareness,False,False,False,Inspector
EMP024460,EQ00000230,L4,Line of Fire Awareness,False,True,False,Supervisor
EMP007536,EQ00000230,L4,Line of Fire Awareness,False,False,False,Maintenance
EMP026207,EQ00000230,L4,Line of Fire Awareness,False,False,False,Supervisor
EMP012992,EQ00002385,L3,Calibration,False,False,False,Inspector
EMP027588,EQ00002385,L4,Calibration,True,True,True,Supervisor
EMP039918,EQ00002385,L4,Calibration,True,False,False,Maintenance
EMP020573,EQ00002385,L2,Calibration,False,True,False,Supervisor
EMP024617,EQ00002385,L2,Calibration,False,False,False,Operator
EMP003515,EQ00002630,L5,LOTO,True,False,False,Inspector
EMP048367,EQ00002630,L4,LOTO,True,True,True,Supervisor
EMP038203,EQ00002630,L4,LOTO,True,True,True,Inspector
EMP000768,EQ00002630,L5,LOTO,True,False,False,Operator
EMP013875,EQ00002630,L3,LOTO,False,False,False,Inspector
EMP005632,EQ00002630,L4,LOTO,True,True,True,Supervisor
EMP018520,EQ00002630,L3,LOTO,False,False,False,Maintenance
EMP006588,EQ00002630,L2,LOTO,False,False,False,Supervisor
EMP010346,EQ00001610,L3,Motor Maintenance,False,True,False,Supervisor
EMP030360,EQ00001610,L3,Motor Maintenance,True,False,False,Inspector
EMP045581,EQ00001610,L3,Motor Maintenance,False,False,False,Maintenance
EMP027124,EQ00001610,L4,Motor Maintenance,False,False,False,Supervisor
EMP007092,EQ00001610,L5,Motor Maintenance,True,True,True,Inspector
EMP018638,EQ00001610,L3,Motor Maintenance,False,False,False,Maintenance
EMP038634,EQ00001610,L5,Motor Maintenance,True,True,True,Maintenance
EMP046953,EQ00001584,L3,Gas Testing,False,False,False,Supervisor
EMP039374,EQ00001584,L3,Gas Testing,True,False,False,Supervisor
EMP012855,EQ00002355,L3,LOTO,False,False,False,Operator
EMP036231,EQ00002355,L6,LOTO,True,True,True,Inspector
EMP004007,EQ00002355,L3,LOTO,False,False,False,Operator
EMP019942,EQ00002355,L4,LOTO,False,False,False,Maintenance
EMP004462,EQ00002355,L3,LOTO,False,True,False,Maintenance
EMP000041,EQ00002355,L2,LOTO,False,False,False,Supervisor
EMP041913,EQ00002355,L2,LOTO,False,False,False,Supervisor
EMP045017,EQ00002447,L3,Line of Fire Awareness,False,False,False,Supervisor
EMP009466,EQ00002447,L6,Line of Fire Awareness,True,True,True,Supervisor
EMP034263,EQ00002447,L3,Line of Fire Awareness,False,False,False,Supervisor
EMP048869,EQ00002447,L4,Line of Fire Awareness,False,False,False,Operator
EMP002069,EQ00002319,L2,Well Control,False,False,False,Operator
EMP011049,EQ00002319,L3,Well Control,True,True,True,Supervisor
EMP010460,EQ00002319,L4,Well Control,False,True,False,Operator
EMP032214,EQ00002343,L3,Permit to Work,False,False,False,Operator
EMP002212,EQ00002343,L5,Permit to Work,True,False,False,Inspector
EMP035343,EQ00001918,L2,Permit to Work,False,False,False,Operator
EMP011975,EQ00001918,L2,Permit to Work,False,True,False,Supervisor
EMP036026,EQ00001918,L3,Permit to Work,False,False,False,Inspector
EMP041175,EQ00001589,L3,SIS/ESD,True,True,False,Inspector
EMP025143,EQ00001589,L4,SIS/ESD,False,False,False,Maintenance
EMP002061,EQ00002066,L2,Fire Water Systems,False,False,False,Inspector
EMP045909,EQ00002066,L4,Fire Water Systems,False,False,False,Inspector
EMP004669,EQ00001274,L4,LOTO,True,True,True,Maintenance
EMP031615,EQ00001274,L3,LOTO,False,True,False,Inspector
EMP042343,EQ00001274,L5,LOTO,True,True,True,Supervisor
EMP016429,EQ00001274,L3,LOTO,True,True,True,Inspector
EMP013964,EQ00001274,L2,LOTO,False,False,False,Operator
EMP012381,EQ00001274,L3,LOTO,True,True,True,Operator
EMP032455,EQ00001274,L3,LOTO,True,True,True,Maintenance
EMP035975,EQ00001402,L3,Permit to Work,False,False,False,Supervisor
EMP021592,EQ00001402,L2,Permit to Work,False,False,False,Inspector
EMP013986,EQ00001402,L3,Permit to Work,True,False,False,Maintenance
EMP049505,EQ00002500,L3,SIS/ESD,False,False,False,Maintenance
EMP003696,EQ00002500,L2,SIS/ESD,False,False,False,Maintenance
EMP000817,EQ00002500,L4,SIS/ESD,True,True,True,Inspector
EMP010503,EQ00002500,L4,SIS/ESD,True,True,True,Maintenance
EMP002755,EQ00002500,L5,SIS/ESD,True,True,True,Operator
EMP026167,EQ00002500,L5,SIS/ESD,True,False,False,Inspector
EMP029030,EQ00000389,L3,Instrumentation,False,True,False,Inspector
EMP033964,EQ00000389,L4,Instrumentation,True,True,True,Inspector
EMP007189,EQ00000774,L3,Gas Testing,False,True,False,Inspector
EMP039204,EQ00000774,L3,Gas Testing,False,True,False,Operator
EMP046148,EQ00000774,L4,Gas Testing,False,False,False,Maintenance
EMP043824,EQ00001099,L2,Hazardous Material Transport,True,False,False,Maintenance
EMP029762,EQ00001099,L3,Hazardous Material Transport,False,True,False,Supervisor
EMP016633,EQ00001099,L3,Hazardous Material Transport,False,False,False,Supervisor
EMP027722,EQ00001099,L4,Hazardous Material Transport,False,False,False,Maintenance
EMP019164,EQ00001099,L2,Hazardous Material Transport,False,False,False,Maintenance
EMP040156,EQ00001099,L3,Hazardous Material Transport,False,False,False,Inspector
EMP003614,EQ00002616,L4,SIS/ESD,False,False,False,Inspector
EMP044698,EQ00002616,L6,SIS/ESD,True,True,True,Maintenance
EMP024952,EQ00002616,L6,SIS/ESD,True,True,True,Maintenance
EMP008355,EQ00002616,L3,SIS/ESD,False,False,False,Supervisor
EMP013297,EQ00002616,L6,SIS/ESD,True,True,True,Operator
EMP035638,EQ00002616,L2,SIS/ESD,False,True,False,Maintenance
EMP035192,EQ00002616,L3,SIS/ESD,False,False,False,Operator
EMP046328,EQ00002616,L2,SIS/ESD,False,True,False,Operator
EMP042486,EQ00000421,L5,Isolation/LOTO,True,False,False,Inspector
EMP018561,EQ00000421,L4,Isolation/LOTO,True,False,False,Supervisor
EMP030358,EQ00000421,L2,Isolation/LOTO,False,False,False,Supervisor
EMP012747,EQ00000421,L2,Isolation/LOTO,True,False,False,Operator
EMP036837,EQ00000421,L6,Isolation/LOTO,True,True,True,Inspector
EMP026343,EQ00000421,L5,Isolation/LOTO,True,True,True,Inspector
EMP013305,EQ00000421,L4,Isolation/LOTO,True,True,True,Supervisor
EMP028475,EQ00000421,L3,Isolation/LOTO,True,True,True,Inspector
EMP049301,EQ00001064,L3,Alignment,False,False,False,Supervisor
EMP036624,EQ00001064,L4,Alignment,False,False,False,Inspector
EMP039240,EQ00001064,L4,Alignment,False,True,False,Supervisor
EMP027895,EQ00001709,L3,LOTO,False,False,False,Maintenance
EMP019239,EQ00001709,L5,LOTO,True,True,True,Maintenance
EMP042137,EQ00001709,L3,LOTO,False,True,False,Maintenance
EMP035794,EQ00001500,L4,Motor Maintenance,False,False,False,Maintenance
EMP017998,EQ00001500,L4,Motor Maintenance,False,False,False,Maintenance
EMP003983,EQ00001500,L3,Motor Maintenance,False,True,False,Inspector
EMP009404,EQ00002149,L3,Mechanical Inspection,True,True,True,Inspector
EMP047876,EQ00002149,L3,Mechanical Inspection,True,True,True,Maintenance
EMP029586,EQ00002149,L5,Mechanical Inspection,True,True,True,Operator
EMP007041,EQ00002149,L4,Mechanical Inspection,True,True,True,Maintenance
EMP048331,EQ00001591,L3,Process Operations,False,False,False,Supervisor
EMP048348,EQ00001591,L3,Process Operations,False,True,False,Inspector
EMP041977,EQ00001591,L3,Process Operations,False,False,False,Supervisor
EMP030699,EQ00001475,L2,Drilling Operations,False,True,False,Maintenance
EMP027327,EQ00001475,L3,Drilling Operations,False,False,False,Inspector
EMP017016,EQ00001475,L6,Drilling Operations,True,True,True,Supervisor
EMP024684,EQ00001475,L3,Drilling Operations,False,False,False,Inspector
EMP034625,EQ00001475,L3,Drilling Operations,False,False,False,Operator
EMP046183,EQ00001475,L3,Drilling Operations,False,False,False,Maintenance
EMP023137,EQ00001928,L3,Motor Maintenance,False,False,False,Operator
EMP018987,EQ00001928,L5,Motor Maintenance,False,True,False,Inspector
EMP021928,EQ00001928,L5,Motor Maintenance,False,True,False,Supervisor
EMP007360,EQ00001928,L5,Motor Maintenance,True,True,True,Supervisor
EMP035174,EQ00000588,L3,Process Isolation,False,False,False,Inspector
EMP038436,EQ00000588,L4,Process Isolation,False,False,False,Operator
EMP019369,EQ00002655,L4,LOTO,False,False,False,Maintenance
EMP045115,EQ00002655,L5,LOTO,True,True,True,Maintenance
EMP006419,EQ00002655,L4,LOTO,False,True,False,Supervisor
EMP032332,EQ00002655,L5,LOTO,True,False,False,Supervisor
EMP009823,EQ00002655,L4,LOTO,False,False,False,Supervisor
EMP042803,EQ00002655,L3,LOTO,False,False,False,Inspector
EMP000060,EQ00000617,L3,Alignment,False,False,False,Maintenance
EMP034051,EQ00000617,L4,Alignment,False,True,False,Maintenance
EMP010761,EQ00000617,L2,Alignment,False,True,False,Maintenance
EMP032108,EQ00000617,L6,Alignment,True,True,True,Operator
EMP042348,EQ00002308,L5,Process Isolation,True,True,True,Maintenance
EMP005466,EQ00002308,L3,Process Isolation,False,False,False,Maintenance
EMP034273,EQ00002308,L6,Process Isolation,True,False,False,Maintenance
EMP021811,EQ00002308,L2,Process Isolation,False,False,False,Operator
EMP034380,EQ00002308,L3,Process Isolation,False,False,False,Operator
EMP001545,EQ00002308,L6,Process Isolation,False,False,False,Operator
EMP013488,EQ00002064,L4,Electrical Isolation/LOTO,False,False,False,Maintenance
EMP038287,EQ00002064,L3,Electrical Isolation/LOTO,True,False,False,Inspector
EMP026417,EQ00002064,L2,Electrical Isolation/LOTO,False,True,False,Supervisor
EMP005315,EQ00002064,L3,Electrical Isolation/LOTO,False,False,False,Supervisor
EMP046079,EQ00002064,L4,Electrical Isolation/LOTO,False,False,False,Inspector
EMP019101,EQ00002064,L5,Electrical Isolation/LOTO,False,True,False,Supervisor
EMP009587,EQ00002064,L3,Electrical Isolation/LOTO,False,True,False,Inspector
EMP014981,EQ00002064,L3,Electrical Isolation/LOTO,False,False,False,Supervisor
EMP007472,EQ00001981,L2,LOTO,False,True,False,Supervisor
EMP049270,EQ00001981,L4,LOTO,False,False,False,Operator
EMP020825,EQ00001981,L4,LOTO,False,False,False,Inspector
EMP013679,EQ00000364,L3,LOTO,False,False,False,Maintenance
EMP021200,EQ00000364,L2,LOTO,False,False,False,Inspector
EMP018664,EQ00000364,L4,LOTO,True,False,False,Operator
EMP030614,EQ00000364,L5,LOTO,True,True,True,Maintenance
EMP048437,EQ00000364,L5,LOTO,True,True,True,Operator
EMP035551,EQ00000364,L3,LOTO,False,False,False,Operator
EMP029526,EQ00002564,L3,Lubrication,True,True,False,Maintenance
EMP029677,EQ00002564,L3,Lubrication,False,False,False,Operator
EMP049213,EQ00001927,L3,Switchgear Operation,False,True,False,Operator
EMP030516,EQ00001927,L3,Switchgear Operation,True,False,False,Maintenance
EMP047451,EQ00001927,L2,Switchgear Operation,False,False,False,Operator
EMP012340,EQ00001927,L2,Switchgear Operation,False,True,False,Maintenance
EMP045756,EQ00001927,L4,Switchgear Operation,False,False,False,Maintenance
EMP049660,EQ00001827,L2,Process Isolation,False,False,False,Maintenance
EMP008127,EQ00001827,L2,Process Isolation,False,False,False,Maintenance
EMP010169,EQ00001827,L3,Process Isolation,False,False,False,Supervisor
EMP032327,EQ00001827,L4,Process Isolation,True,True,True,Operator
EMP037957,EQ00001827,L2,Process Isolation,True,False,False,Supervisor
EMP021821,EQ00001827,L2,Process Isolation,False,False,False,Maintenance
EMP040122,EQ00001827,L2,Process Isolation,False,False,False,Operator
EMP045841,EQ00001827,L3,Process Isolation,False,True,False,Supervisor
EMP018606,EQ00000861,L4,Rigging,True,True,True,Inspector
EMP008403,EQ00000861,L4,Rigging,True,True,True,Operator
EMP046236,EQ00000861,L5,Rigging,True,True,True,Operator
EMP001069,EQ00000861,L3,Rigging,True,True,True,Maintenance
EMP031123,EQ00000861,L6,Rigging,True,True,True,Inspector
EMP000969,EQ00000861,L4,Rigging,True,True,True,Inspector
EMP028343,EQ00000861,L3,Rigging,True,True,True,Inspector
EMP015851,EQ00001234,L2,LOTO,True,True,False,Supervisor
EMP011540,EQ00001234,L4,LOTO,False,False,False,Operator
EMP048600,EQ00001234,L4,LOTO,False,False,False,Supervisor
EMP042943,EQ00001234,L6,LOTO,True,True,True,Inspector
EMP036919,EQ00001234,L2,LOTO,False,False,False,Inspector
EMP003409,EQ00001234,L3,LOTO,True,False,False,Supervisor
EMP032572,EQ00001234,L5,LOTO,True,True,True,Maintenance
EMP017913,EQ00001234,L4,LOTO,False,False,False,Supervisor
EMP031204,EQ00000357,L6,Welding Safety,True,True,True,Supervisor
EMP025776,EQ00000357,L2,Welding Safety,False,False,False,Supervisor
EMP020743,EQ00000357,L4,Welding Safety,False,False,False,Supervisor
EMP048803,EQ00000357,L3,Welding Safety,False,False,False,Operator
EMP023156,EQ00000357,L5,Welding Safety,True,True,True,Inspector
EMP042555,EQ00000388,L5,Motor Maintenance,True,True,True,Operator
EMP014279,EQ00000388,L4,Motor Maintenance,False,True,False,Operator
EMP047966,EQ00000388,L4,Motor Maintenance,False,False,False,Inspector
EMP038024,EQ00000388,L2,Motor Maintenance,False,True,False,Maintenance
EMP012582,EQ00000388,L5,Motor Maintenance,True,True,True,Operator
EMP023239,EQ00000388,L3,Motor Maintenance,False,False,False,Supervisor
EMP007711,EQ00000388,L2,Motor Maintenance,False,False,False,Supervisor
EMP033080,EQ00001803,L4,Process Operations,False,False,False,Supervisor
EMP029748,EQ00001803,L2,Process Operations,False,False,False,Inspector
EMP014585,EQ00000609,L4,Electrical Safety,False,False,False,Maintenance
EMP028380,EQ00000609,L6,Electrical Safety,True,True,True,Maintenance
EMP008430,EQ00000609,L2,Electrical Safety,False,False,False,Maintenance
EMP008906,EQ00000609,L4,Electrical Safety,False,True,False,Operator
EMP034770,EQ00000609,L4,Electrical Safety,False,True,False,Inspector
EMP005414,EQ00000609,L2,Electrical Safety,False,False,False,Maintenance
EMP030013,EQ00000609,L6,Electrical Safety,True,True,True,Maintenance
EMP026545,EQ00000043,L3,Hydrotest Safety,True,True,False,Inspector
EMP031355,EQ00000043,L4,Hydrotest Safety,False,False,False,Maintenance
EMP025458,EQ00000043,L5,Hydrotest Safety,True,True,True,Supervisor
EMP019454,EQ00000043,L3,Hydrotest Safety,True,False,False,Supervisor
EMP023683,EQ00000310,L4,Alignment,False,True,False,Operator
EMP014243,EQ00000310,L5,Alignment,True,True,True,Inspector
EMP049487,EQ00000310,L6,Alignment,True,True,True,Inspector
EMP004265,EQ00000310,L4,Alignment,False,True,False,Supervisor
EMP018021,EQ00000310,L3,Alignment,False,True,False,Inspector
EMP002287,EQ00000306,L6,Mechanical Inspection,True,True,True,Operator
EMP022220,EQ00000306,L6,Mechanical Inspection,True,True,True,Maintenance
EMP003081,EQ00000306,L4,Mechanical Inspection,False,False,False,Supervisor
EMP041478,EQ00000306,L3,Mechanical Inspection,False,False,False,Operator
EMP042197,EQ00000306,L4,Mechanical Inspection,True,True,True,Supervisor
EMP032122,EQ00000306,L2,Mechanical Inspection,False,True,False,Operator
EMP008035,EQ00002644,L4,Well Control,True,False,False,Maintenance
EMP027008,EQ00002644,L4,Well Control,True,False,False,Operator
EMP014034,EQ00002644,L3,Well Control,False,True,False,Maintenance
EMP003346,EQ00002644,L4,Well Control,False,False,False,Operator
EMP018316,EQ00000889,L4,Rotating Equipment,False,False,False,Maintenance
EMP049383,EQ00000889,L3,Rotating Equipment,True,True,False,Supervisor
EMP020930,EQ00000889,L3,Rotating Equipment,True,True,False,Maintenance
EMP001479,EQ00000889,L4,Rotating Equipment,False,False,False,Operator
EMP041378,EQ00000889,L4,Rotating Equipment,True,False,False,Supervisor
EMP021267,EQ00000704,L2,Pressure Testing,False,False,False,Operator
EMP038688,EQ00000704,L4,Pressure Testing,True,False,False,Operator
EMP019249,EQ00000704,L6,Pressure Testing,True,False,False,Maintenance
EMP003449,EQ00000704,L4,Pressure Testing,False,False,False,Inspector
EMP021257,EQ00000704,L3,Pressure Testing,True,False,False,Inspector
EMP032141,EQ00000704,L4,Pressure Testing,True,False,False,Maintenance
EMP002406,EQ00000704,L4,Pressure Testing,False,False,False,Supervisor
EMP039309,EQ00000704,L2,Pressure Testing,False,True,False,Operator
EMP007579,EQ00001095,L5,Switchgear Operation,True,True,True,Operator
EMP005667,EQ00001095,L4,Switchgear Operation,False,False,False,Inspector
EMP021363,EQ00001095,L3,Switchgear Operation,False,False,False,Operator
EMP013612,EQ00001095,L5,Switchgear Operation,True,True,True,Inspector
EMP042960,EQ00001095,L5,Switchgear Operation,True,True,True,Operator
EMP047521,EQ00000622,L6,Permit to Work,True,False,False,Inspector
EMP026519,EQ00000622,L5,Permit to Work,True,True,True,Supervisor
EMP013275,EQ00000622,L4,Permit to Work,False,False,False,Maintenance
EMP028579,EQ00000622,L4,Permit to Work,False,False,False,Operator
EMP039675,EQ00000654,L2,Alignment,False,False,False,Maintenance
EMP024863,EQ00000654,L4,Alignment,False,True,False,Supervisor
EMP044009,EQ00000654,L3,Alignment,True,False,False,Supervisor
EMP034827,EQ00001816,L5,LOTO,True,True,True,Operator
EMP000305,EQ00001816,L4,LOTO,False,False,False,Maintenance
EMP006029,EQ00001816,L4,LOTO,False,False,False,Supervisor
EMP007476,EQ00001816,L3,LOTO,False,False,False,Operator
EMP035304,EQ00001816,L5,LOTO,True,True,True,Supervisor
EMP042531,EQ00001128,L2,Pipeline Operations,False,False,False,Supervisor
EMP004273,EQ00001128,L2,Pipeline Operations,False,False,False,Operator
EMP029159,EQ00001609,L2,Isolation/LOTO,False,True,False,Operator
EMP016671,EQ00001609,L4,Isolation/LOTO,False,False,False,Maintenance
EMP015021,EQ00001609,L3,Isolation/LOTO,True,False,False,Operator
EMP046206,EQ00001609,L3,Isolation/LOTO,False,False,False,Supervisor
EMP018732,EQ00002245,L5,Journey Management,True,True,True,Supervisor
EMP007956,EQ00002245,L4,Journey Management,False,True,False,Inspector
EMP002431,EQ00002245,L4,Journey Management,False,False,False,Operator
EMP010184,EQ00002245,L3,Journey Management,False,False,False,Inspector
EMP027491,EQ00001323,L3,Hydrotest Safety,False,False,False,Operator
EMP039713,EQ00001323,L4,Hydrotest Safety,False,False,False,Operator
EMP043590,EQ00001323,L3,Hydrotest Safety,False,False,False,Supervisor
EMP045817,EQ00001323,L3,Hydrotest Safety,True,False,False,Supervisor
EMP021971,EQ00001323,L3,Hydrotest Safety,False,False,False,Maintenance
EMP032962,EQ00000577,L4,Line of Fire Awareness,False,True,False,Operator
EMP013809,EQ00000577,L3,Line of Fire Awareness,False,True,False,Maintenance
EMP020944,EQ00000577,L4,Line of Fire Awareness,True,True,True,Operator
EMP018831,EQ00000577,L5,Line of Fire Awareness,True,True,True,Operator
EMP034808,EQ00000577,L3,Line of Fire Awareness,False,True,False,Operator
EMP020131,EQ00000577,L3,Line of Fire Awareness,False,False,False,Supervisor
EMP008623,EQ00000577,L3,Line of Fire Awareness,True,False,False,Supervisor
EMP000224,EQ00001372,L3,Defensive Driving,False,False,False,Operator
EMP003932,EQ00001372,L3,Defensive Driving,True,False,False,Supervisor
EMP028787,EQ00001372,L4,Defensive Driving,False,False,False,Supervisor
EMP037815,EQ00001372,L4,Defensive Driving,True,False,False,Supervisor
EMP013288,EQ00001372,L3,Defensive Driving,False,False,False,Supervisor
EMP041295,EQ00001372,L5,Defensive Driving,False,True,False,Supervisor
EMP025909,EQ00001372,L3,Defensive Driving,False,False,False,Supervisor
EMP006436,EQ00000415,L4,LOTO,False,False,False,Supervisor
EMP021102,EQ00000415,L2,LOTO,True,False,False,Supervisor
EMP007767,EQ00000415,L3,LOTO,False,False,False,Supervisor
EMP029088,EQ00000415,L2,LOTO,False,False,False,Supervisor
EMP047422,EQ00000415,L4,LOTO,False,True,False,Inspector
EMP018492,EQ00000415,L2,LOTO,True,True,False,Maintenance
EMP021579,EQ00000415,L4,LOTO,False,False,False,Inspector
EMP004790,EQ00000415,L3,LOTO,False,False,False,Maintenance
EMP047029,EQ00000361,L4,Switchgear Operation,False,False,False,Operator
EMP022008,EQ00000361,L5,Switchgear Operation,True,True,True,Operator
EMP042514,EQ00000361,L5,Switchgear Operation,True,True,True,Supervisor
EMP037345,EQ00000361,L5,Switchgear Operation,True,True,True,Inspector
EMP008467,EQ00000361,L3,Switchgear Operation,False,False,False,Inspector
EMP003327,EQ00000228,L5,Defensive Driving,True,True,True,Inspector
EMP014838,EQ00000228,L4,Defensive Driving,False,False,False,Inspector
EMP039961,EQ00000228,L2,Defensive Driving,False,False,False,Inspector
EMP047022,EQ00002414,L2,Permit to Work,True,False,False,Inspector
EMP025932,EQ00002414,L3,Permit to Work,False,False,False,Maintenance
EMP046060,EQ00002414,L3,Permit to Work,True,False,False,Maintenance
EMP008362,EQ00002414,L2,Permit to Work,False,True,False,Maintenance
EMP044039,EQ00002414,L5,Permit to Work,False,True,False,Inspector
EMP005348,EQ00002414,L3,Permit to Work,False,False,False,Inspector
EMP047900,EQ00002414,L3,Permit to Work,False,False,False,Inspector
EMP037326,EQ00002414,L5,Permit to Work,True,True,True,Operator
EMP022670,EQ00001536,L3,Mechanical Inspection,True,True,False,Maintenance
EMP043676,EQ00001536,L6,Mechanical Inspection,True,True,True,Supervisor
EMP005414,EQ00001536,L2,Mechanical Inspection,False,True,False,Supervisor
EMP025595,EQ00001536,L5,Mechanical Inspection,True,True,True,Maintenance
EMP029709,EQ00000258,L6,Permit to Work,True,True,True,Operator
EMP045152,EQ00000258,L3,Permit to Work,False,False,False,Operator
EMP006365,EQ00000258,L3,Permit to Work,False,False,False,Inspector
EMP016072,EQ00000258,L4,Permit to Work,False,False,False,Operator
EMP028549,EQ00000258,L4,Permit to Work,True,False,False,Operator
EMP028346,EQ00001994,L3,Well Control,False,False,False,Supervisor
EMP011723,EQ00001994,L3,Well Control,False,False,False,Supervisor
EMP045522,EQ00001994,L3,Well Control,False,False,False,Operator
EMP003035,EQ00001994,L3,Well Control,False,False,False,Operator
EMP028549,EQ00001994,L4,Well Control,True,True,True,Supervisor
EMP000109,EQ00001994,L3,Well Control,False,False,False,Maintenance
EMP033201,EQ00001994,L4,Well Control,True,True,True,Supervisor
EMP014426,EQ00002634,L4,Isolation/LOTO,True,True,True,Inspector
EMP035513,EQ00002634,L4,Isolation/LOTO,True,False,False,Operator
EMP020843,EQ00002634,L3,Isolation/LOTO,False,True,False,Maintenance
EMP047798,EQ00002634,L5,Isolation/LOTO,True,True,True,Operator
EMP007585,EQ00002634,L4,Isolation/LOTO,True,False,False,Operator
EMP033079,EQ00001987,L2,Line of Fire Awareness,False,False,False,Inspector
EMP023501,EQ00001987,L4,Line of Fire Awareness,False,True,False,Operator
EMP043232,EQ00001987,L4,Line of Fire Awareness,False,False,False,Inspector
EMP043106,EQ00001987,L4,Line of Fire Awareness,False,True,False,Supervisor
EMP030139,EQ00000926,L5,Permit to Work,True,False,False,Operator
EMP039622,EQ00000926,L3,Permit to Work,False,False,False,Supervisor
EMP044042,EQ00000926,L3,Permit to Work,False,False,False,Supervisor
EMP027059,EQ00000926,L3,Permit to Work,True,False,False,Inspector
EMP030368,EQ00000926,L4,Permit to Work,False,False,False,Supervisor
EMP040769,EQ00001192,L4,Emergency Response,False,False,False,Inspector
EMP045576,EQ00001192,L4,Emergency Response,True,False,False,Inspector
EMP025477,EQ00001192,L2,Emergency Response,False,True,False,Operator
EMP002073,EQ00001192,L3,Emergency Response,True,False,False,Operator
EMP013675,EQ00000959,L6,Permit to Work,True,True,True,Inspector
EMP037038,EQ00000959,L5,Permit to Work,True,False,False,Inspector
EMP026914,EQ00000959,L4,Permit to Work,True,True,True,Maintenance
EMP038250,EQ00000959,L3,Permit to Work,False,True,False,Maintenance
EMP035000,EQ00000959,L5,Permit to Work,False,True,False,Operator
EMP001996,EQ00001700,L4,Journey Management,True,True,True,Supervisor
EMP006784,EQ00001700,L3,Journey Management,False,False,False,Supervisor
EMP030011,EQ00001700,L3,Journey Management,False,False,False,Maintenance
EMP009205,EQ00001700,L5,Journey Management,True,False,False,Supervisor
EMP043493,EQ00001700,L5,Journey Management,True,False,False,Inspector
EMP023684,EQ00001700,L3,Journey Management,False,False,False,Supervisor
EMP017032,EQ00001700,L3,Journey Management,True,False,False,Operator
EMP025887,EQ00001742,L3,Journey Management,False,True,False,Operator
EMP032652,EQ00001742,L3,Journey Management,True,True,False,Supervisor
EMP022118,EQ00001742,L3,Journey Management,True,False,False,Supervisor
EMP034873,EQ00001742,L5,Journey Management,True,False,False,Maintenance
EMP019405,EQ00001742,L4,Journey Management,False,False,False,Supervisor
EMP037189,EQ00001742,L3,Journey Management,True,False,False,Maintenance
EMP041014,EQ00001742,L6,Journey Management,True,True,True,Maintenance
EMP037288,EQ00001742,L4,Journey Management,True,False,False,Inspector
EMP049046,EQ00001418,L3,Instrumentation,False,False,False,Inspector
EMP010092,EQ00001418,L2,Instrumentation,False,False,False,Operator
EMP019777,EQ00002703,L3,Permit to Work,True,False,False,Operator
EMP004646,EQ00002703,L4,Permit to Work,True,True,False,Operator
EMP026542,EQ00002703,L4,Permit to Work,True,False,False,Maintenance
EMP009586,EQ00002703,L5,Permit to Work,True,True,True,Supervisor
EMP044294,EQ00002703,L4,Permit to Work,True,False,False,Maintenance
EMP043498,EQ00002703,L3,Permit to Work,False,False,False,Maintenance
EMP038290,EQ00000144,L6,Lifting Operations,True,True,True,Supervisor
EMP048164,EQ00000144,L5,Lifting Operations,True,True,True,Inspector
EMP009646,EQ00000144,L4,Lifting Operations,False,False,False,Supervisor
EMP045036,EQ00000144,L4,Lifting Operations,False,False,False,Operator
EMP042206,EQ00002798,L2,Drilling Operations,False,True,False,Supervisor
EMP024893,EQ00002798,L2,Drilling Operations,False,False,False,Operator
EMP015203,EQ00002798,L3,Drilling Operations,False,False,False,Inspector
EMP012776,EQ00002798,L3,Drilling Operations,False,False,False,Maintenance
EMP042492,EQ00002798,L3,Drilling Operations,True,True,False,Inspector
EMP035265,EQ00000933,L3,Control Systems,False,False,False,Supervisor
EMP044160,EQ00000933,L3,Control Systems,True,False,False,Supervisor
EMP003816,EQ00000933,L4,Control Systems,False,False,False,Supervisor
EMP040680,EQ00000933,L2,Control Systems,False,False,False,Maintenance
EMP014349,EQ00000933,L3,Control Systems,False,False,False,Operator
EMP004568,EQ00002190,L3,Hazardous Material Transport,False,False,False,Inspector
EMP032210,EQ00002190,L2,Hazardous Material Transport,False,False,False,Maintenance
EMP045200,EQ00002190,L4,Hazardous Material Transport,True,True,True,Inspector
EMP003572,EQ00002190,L4,Hazardous Material Transport,False,True,False,Supervisor
EMP024861,EQ00002190,L2,Hazardous Material Transport,False,False,False,Operator
EMP041952,EQ00002190,L4,Hazardous Material Transport,True,True,True,Supervisor
EMP034373,EQ00001135,L3,Crane Operation,False,False,False,Operator
EMP032438,EQ00001135,L6,Crane Operation,True,False,False,Maintenance
EMP006920,EQ00001135,L3,Crane Operation,False,False,False,Maintenance
EMP030705,EQ00001135,L6,Crane Operation,True,True,True,Supervisor
EMP022592,EQ00001135,L6,Crane Operation,True,True,True,Supervisor
EMP011519,EQ00001135,L4,Crane Operation,False,False,False,Supervisor
EMP004668,EQ00001135,L5,Crane Operation,False,True,False,Supervisor
EMP034243,EQ00001135,L3,Crane Operation,True,False,False,Operator
EMP020485,EQ00002578,L5,Pressure Vessel Safety,True,True,True,Maintenance
EMP044213,EQ00002578,L2,Pressure Vessel Safety,False,False,False,Operator
EMP039753,EQ00002578,L4,Pressure Vessel Safety,False,True,False,Maintenance
EMP038920,EQ00000745,L2,LOTO,False,True,False,Maintenance
EMP032906,EQ00000745,L3,LOTO,False,False,False,Operator
EMP029830,EQ00000745,L3,LOTO,False,False,False,Operator
EMP008999,EQ00000745,L2,LOTO,False,False,False,Inspector
EMP013756,EQ00000745,L4,LOTO,False,False,False,Inspector
EMP031510,EQ00000745,L3,LOTO,False,False,False,Supervisor
EMP004830,EQ00000745,L3,LOTO,False,False,False,Maintenance
EMP045720,EQ00001074,L3,Gas Testing,False,False,False,Maintenance
EMP004990,EQ00001074,L4,Gas Testing,False,False,False,Operator
EMP005144,EQ00001074,L4,Gas Testing,False,False,False,Maintenance
EMP013811,EQ00001074,L5,Gas Testing,True,True,True,Operator
EMP046942,EQ00001074,L3,Gas Testing,False,False,False,Maintenance
EMP048860,EQ00001074,L4,Gas Testing,False,False,False,Inspector
EMP040701,EQ00001074,L5,Gas Testing,True,True,True,Operator
EMP021054,EQ00001074,L3,Gas Testing,False,False,False,Operator
EMP024336,EQ00002160,L4,Hot Work,False,False,False,Maintenance
EMP048958,EQ00002160,L3,Hot Work,False,False,False,Maintenance
EMP034180,EQ00002160,L4,Hot Work,True,False,False,Maintenance
EMP015992,EQ00002160,L3,Hot Work,True,False,False,Maintenance
EMP037159,EQ00002160,L2,Hot Work,True,False,False,Supervisor
EMP000138,EQ00002160,L4,Hot Work,True,False,False,Supervisor
EMP029207,EQ00002583,L3,Welding Safety,False,True,False,Maintenance
EMP020359,EQ00002583,L3,Welding Safety,False,False,False,Operator
EMP014232,EQ00002094,L4,Lubrication,True,True,True,Maintenance
EMP027929,EQ00002094,L5,Lubrication,True,True,True,Inspector
EMP004946,EQ00002094,L6,Lubrication,True,True,True,Inspector
EMP009460,EQ00002707,L3,Workshop Safety,True,True,True,Supervisor
EMP014110,EQ00002707,L2,Workshop Safety,False,True,False,Supervisor
EMP003812,EQ00002707,L3,Workshop Safety,True,True,True,Supervisor
EMP040132,EQ00002707,L3,Workshop Safety,True,True,True,Supervisor
EMP016273,EQ00002707,L5,Workshop Safety,True,True,True,Maintenance
EMP003923,EQ00001717,L4,Journey Management,True,True,True,Maintenance
EMP008024,EQ00001717,L3,Journey Management,False,False,False,Maintenance
EMP049541,EQ00001717,L3,Journey Management,False,False,False,Maintenance
EMP004280,EQ00001717,L3,Journey Management,False,True,False,Supervisor
EMP040000,EQ00001717,L3,Journey Management,False,False,False,Supervisor
EMP013455,EQ00001717,L3,Journey Management,True,False,False,Inspector
EMP042638,EQ00002670,L4,Journey Management,True,False,False,Maintenance
EMP048252,EQ00002670,L4,Journey Management,True,True,False,Inspector
EMP035091,EQ00002670,L4,Journey Management,True,False,False,Maintenance
EMP037179,EQ00002670,L5,Journey Management,True,True,True,Inspector
EMP026878,EQ00002670,L4,Journey Management,False,False,False,Inspector
EMP018567,EQ00002670,L4,Journey Management,False,False,False,Maintenance
EMP014766,EQ00002670,L3,Journey Management,True,False,False,Operator
EMP034199,EQ00000602,L3,Motor Maintenance,False,False,False,Inspector
EMP000153,EQ00000602,L2,Motor Maintenance,False,False,False,Supervisor
EMP019941,EQ00000602,L2,Motor Maintenance,True,True,False,Operator
EMP045748,EQ00000763,L3,Isolation/LOTO,False,False,False,Operator
EMP044321,EQ00000763,L5,Isolation/LOTO,False,True,False,Inspector
EMP006860,EQ00000763,L4,Isolation/LOTO,False,True,False,Maintenance
EMP024902,EQ00002196,L4,Environmental Monitoring,False,True,False,Supervisor
EMP006280,EQ00002196,L3,Environmental Monitoring,False,True,False,Supervisor
EMP037075,EQ00002196,L3,Environmental Monitoring,False,False,False,Supervisor
EMP017847,EQ00002196,L3,Environmental Monitoring,False,False,False,Inspector
EMP024725,EQ00002196,L5,Environmental Monitoring,True,False,False,Maintenance
EMP039155,EQ00002196,L3,Environmental Monitoring,True,False,False,Operator
EMP010545,EQ00001222,L5,Rigging,True,True,True,Inspector
EMP027367,EQ00001222,L4,Rigging,False,True,False,Inspector
EMP017215,EQ00001222,L4,Rigging,True,False,False,Supervisor
EMP025447,EQ00001222,L5,Rigging,True,True,True,Operator
EMP018584,EQ00001222,L5,Rigging,True,True,True,Maintenance
EMP034943,EQ00001222,L5,Rigging,True,True,True,Supervisor
EMP016340,EQ00001222,L3,Rigging,False,False,False,Maintenance
EMP024920,EQ00001222,L3,Rigging,False,False,False,Operator
EMP006537,EQ00001035,L4,Calibration,True,False,False,Operator
EMP004099,EQ00001035,L3,Calibration,True,False,False,Operator
EMP020953,EQ00001035,L4,Calibration,True,False,False,Operator
EMP041571,EQ00001035,L4,Calibration,False,False,False,Operator
EMP049993,EQ00001035,L4,Calibration,False,False,False,Supervisor
EMP046109,EQ00001035,L3,Calibration,False,False,False,Inspector
EMP044582,EQ00001035,L5,Calibration,True,True,True,Maintenance
EMP041001,EQ00001035,L5,Calibration,True,True,True,Supervisor
EMP003496,EQ00000624,L3,Vibration Monitoring,False,True,False,Maintenance
EMP043515,EQ00000624,L2,Vibration Monitoring,False,False,False,Supervisor
EMP031838,EQ00000624,L5,Vibration Monitoring,True,True,True,Inspector
EMP048033,EQ00000624,L3,Vibration Monitoring,False,False,False,Maintenance
EMP023797,EQ00000624,L3,Vibration Monitoring,False,False,False,Operator
EMP017703,EQ00000624,L3,Vibration Monitoring,True,False,False,Inspector
EMP026314,EQ00000624,L3,Vibration Monitoring,True,False,False,Maintenance
EMP037093,EQ00000624,L3,Vibration Monitoring,False,False,False,Operator
EMP037785,EQ00001979,L3,LOTO,True,False,False,Supervisor
EMP032285,EQ00001979,L2,LOTO,False,False,False,Inspector
EMP007713,EQ00001979,L3,LOTO,False,False,False,Supervisor
EMP035195,EQ00001979,L3,LOTO,False,False,False,Maintenance
EMP009192,EQ00002172,L2,Wastewater Operations,False,False,False,Operator
EMP039190,EQ00002172,L3,Wastewater Operations,False,False,False,Inspector
EMP007258,EQ00002172,L2,Wastewater Operations,False,False,False,Supervisor
EMP027132,EQ00002172,L4,Wastewater Operations,False,True,False,Inspector
EMP012623,EQ00002172,L6,Wastewater Operations,True,True,True,Inspector
EMP042967,EQ00002172,L4,Wastewater Operations,True,False,False,Operator
EMP020365,EQ00002172,L2,Wastewater Operations,False,False,False,Operator
EMP021206,EQ00002526,L2,LOTO,True,False,False,Maintenance
EMP026239,EQ00002526,L2,LOTO,True,False,False,Inspector
EMP041011,EQ00002658,L4,Hot Work,True,False,False,Maintenance
EMP038860,EQ00002658,L2,Hot Work,False,True,False,Supervisor
EMP033537,EQ00002658,L2,Hot Work,True,False,False,Maintenance
EMP037385,EQ00002658,L4,Hot Work,False,False,False,Operator
EMP009484,EQ00002769,L5,Drilling Operations,True,True,True,Inspector
EMP016256,EQ00002769,L6,Drilling Operations,True,True,True,Inspector
EMP017581,EQ00002769,L3,Drilling Operations,True,False,False,Inspector
EMP039997,EQ00002769,L4,Drilling Operations,True,False,False,Inspector
EMP038132,EQ00002769,L3,Drilling Operations,True,False,False,Inspector
EMP047052,EQ00002769,L4,Drilling Operations,False,False,False,Inspector
EMP046580,EQ00000512,L4,Chemical Handling,True,False,False,Supervisor
EMP030003,EQ00000512,L6,Chemical Handling,True,True,True,Operator
EMP015851,EQ00000561,L2,Permit to Work,False,True,False,Inspector
EMP043959,EQ00000561,L5,Permit to Work,True,True,True,Supervisor
EMP011752,EQ00000561,L5,Permit to Work,True,True,True,Maintenance
EMP023780,EQ00000561,L4,Permit to Work,False,False,False,Maintenance
EMP027060,EQ00000561,L3,Permit to Work,False,True,False,Supervisor
EMP044630,EQ00000561,L3,Permit to Work,False,False,False,Supervisor
EMP030062,EQ00000561,L2,Permit to Work,False,False,False,Inspector
EMP037412,EQ00000561,L3,Permit to Work,True,False,False,Supervisor
EMP025201,EQ00002199,L3,Motor Maintenance,False,True,False,Supervisor
EMP032690,EQ00002199,L5,Motor Maintenance,False,False,False,Operator
EMP015087,EQ00000402,L5,Welding Safety,True,True,True,Maintenance
EMP008909,EQ00000402,L4,Welding Safety,True,True,True,Operator
EMP035000,EQ00000402,L5,Welding Safety,True,True,True,Operator
EMP026168,EQ00000402,L3,Welding Safety,True,False,False,Inspector
EMP000976,EQ00000402,L3,Welding Safety,False,True,False,Operator
EMP040744,EQ00000402,L3,Welding Safety,False,False,False,Inspector
EMP012278,EQ00000402,L4,Welding Safety,True,True,True,Operator
EMP001233,EQ00000402,L3,Welding Safety,False,False,False,Supervisor
EMP014297,EQ00002536,L5,Instrumentation,True,True,True,Maintenance
EMP020726,EQ00002536,L5,Instrumentation,True,True,True,Operator
EMP021774,EQ00002536,L3,Instrumentation,False,False,False,Operator
EMP044943,EQ00002536,L4,Instrumentation,True,True,False,Supervisor
EMP020356,EQ00002536,L5,Instrumentation,True,True,True,Operator
EMP048334,EQ00001847,L3,Alignment,False,True,False,Operator
EMP019825,EQ00001847,L3,Alignment,False,False,False,Operator
EMP049141,EQ00001847,L3,Alignment,False,False,False,Supervisor
EMP007993,EQ00001847,L3,Alignment,False,False,False,Supervisor
EMP009513,EQ00001847,L2,Alignment,False,True,False,Operator
EMP046153,EQ00001847,L5,Alignment,False,True,False,Inspector
EMP014061,EQ00002217,L4,Gas Testing,False,False,False,Supervisor
EMP015882,EQ00002217,L3,Gas Testing,True,False,False,Supervisor
EMP033811,EQ00002217,L5,Gas Testing,True,True,True,Maintenance
EMP045564,EQ00002217,L2,Gas Testing,False,False,False,Inspector
EMP001537,EQ00002217,L3,Gas Testing,False,False,False,Operator
EMP047559,EQ00002217,L5,Gas Testing,True,True,True,Maintenance
EMP024841,EQ00002601,L3,Lifting Operations,False,False,False,Maintenance
EMP040121,EQ00002601,L4,Lifting Operations,True,True,True,Maintenance
EMP031586,EQ00002601,L2,Lifting Operations,False,False,False,Supervisor
EMP014794,EQ00000860,L4,Isolation/LOTO,False,True,False,Operator
EMP043990,EQ00000860,L3,Isolation/LOTO,True,False,False,Operator
EMP024404,EQ00000860,L5,Isolation/LOTO,True,False,False,Maintenance
EMP011135,EQ00000860,L4,Isolation/LOTO,True,True,True,Maintenance
EMP005170,EQ00002204,L4,Electrical Isolation/LOTO,False,False,False,Operator
EMP043519,EQ00002204,L3,Electrical Isolation/LOTO,False,False,False,Supervisor
EMP014761,EQ00002204,L4,Electrical Isolation/LOTO,True,False,False,Maintenance
EMP031095,EQ00002204,L5,Electrical Isolation/LOTO,True,True,True,Operator
EMP022521,EQ00001701,L3,LOTO,True,False,False,Maintenance
EMP018774,EQ00001701,L4,LOTO,False,False,False,Maintenance
EMP001793,EQ00001701,L3,LOTO,False,False,False,Maintenance
EMP017917,EQ00001701,L3,LOTO,True,False,False,Inspector
EMP032787,EQ00001701,L3,LOTO,False,False,False,Maintenance
EMP011851,EQ00001701,L3,LOTO,False,False,False,Operator
EMP029086,EQ00002444,L3,Isolation/LOTO,True,False,False,Maintenance
EMP029295,EQ00002444,L2,Isolation/LOTO,True,True,False,Inspector
EMP023830,EQ00002444,L6,Isolation/LOTO,True,True,True,Maintenance
EMP013912,EQ00002444,L2,Isolation/LOTO,True,False,False,Maintenance
EMP023679,EQ00002444,L5,Isolation/LOTO,True,True,True,Supervisor
EMP004491,EQ00002444,L3,Isolation/LOTO,True,False,False,Supervisor
EMP038361,EQ00002444,L2,Isolation/LOTO,True,False,False,Maintenance
EMP013871,EQ00002474,L4,LOTO,False,False,False,Operator
EMP000607,EQ00002474,L3,LOTO,False,False,False,Operator
EMP035226,EQ00002474,L3,LOTO,False,False,False,Supervisor
EMP011747,EQ00002474,L2,LOTO,False,False,False,Maintenance
EMP002415,EQ00002474,L3,LOTO,False,False,False,Maintenance
EMP014376,EQ00000071,L5,Machine Tool Operation,True,True,True,Maintenance
EMP037495,EQ00000071,L2,Machine Tool Operation,False,True,False,Supervisor
EMP008425,EQ00000071,L2,Machine Tool Operation,False,True,False,Supervisor
EMP040236,EQ00000071,L4,Machine Tool Operation,True,True,True,Operator
EMP022058,EQ00000071,L5,Machine Tool Operation,False,True,False,Operator
EMP032645,EQ00000071,L4,Machine Tool Operation,False,True,False,Maintenance
EMP022985,EQ00000109,L2,Lifting Gear Inspection,False,True,False,Operator
EMP025235,EQ00000109,L6,Lifting Gear Inspection,True,False,False,Operator
EMP040359,EQ00000109,L5,Lifting Gear Inspection,True,True,True,Operator
EMP014109,EQ00000109,L5,Lifting Gear Inspection,True,False,False,Inspector
EMP030871,EQ00000109,L4,Lifting Gear Inspection,True,False,False,Maintenance
EMP034881,EQ00000109,L5,Lifting Gear Inspection,True,True,True,Operator
EMP002555,EQ00000109,L2,Lifting Gear Inspection,False,False,False,Inspector
EMP009853,EQ00000109,L2,Lifting Gear Inspection,False,False,False,Operator
EMP046572,EQ00000098,L3,Well Control,False,True,False,Inspector
EMP039462,EQ00000098,L3,Well Control,False,False,False,Operator
EMP034635,EQ00000098,L4,Well Control,True,False,False,Maintenance
EMP008356,EQ00000098,L3,Well Control,True,False,False,Operator
EMP048821,EQ00000098,L4,Well Control,False,False,False,Operator
EMP009310,EQ00000098,L3,Well Control,False,True,False,Maintenance
EMP002683,EQ00000098,L2,Well Control,True,False,False,Inspector
EMP030948,EQ00000098,L2,Well Control,False,False,False,Maintenance
EMP034619,EQ00001497,L5,Welding Safety,True,True,True,Inspector
EMP010463,EQ00001497,L6,Welding Safety,True,True,True,Maintenance
EMP005968,EQ00001497,L2,Welding Safety,False,False,False,Maintenance
EMP018988,EQ00001497,L2,Welding Safety,False,False,False,Inspector
EMP012211,EQ00001497,L4,Welding Safety,False,False,False,Inspector
EMP005660,EQ00001497,L4,Welding Safety,False,False,False,Maintenance
EMP022242,EQ00001497,L3,Welding Safety,False,False,False,Inspector
EMP047240,EQ00001497,L5,Welding Safety,False,True,False,Maintenance
EMP049711,EQ00001430,L3,Pipeline Operations,True,False,False,Supervisor
EMP032487,EQ00001430,L4,Pipeline Operations,False,False,False,Inspector
EMP017517,EQ00001430,L4,Pipeline Operations,False,False,False,Inspector
EMP035462,EQ00001430,L3,Pipeline Operations,True,True,False,Inspector
EMP014273,EQ00001430,L2,Pipeline Operations,False,False,False,Maintenance
EMP040622,EQ00001430,L3,Pipeline Operations,True,True,False,Operator
EMP024024,EQ00000202,L4,Gas Testing,False,False,False,Maintenance
EMP028028,EQ00000202,L3,Gas Testing,False,False,False,Supervisor
EMP006182,EQ00000202,L3,Gas Testing,False,False,False,Supervisor
EMP043273,EQ00000202,L4,Gas Testing,False,False,False,Maintenance
EMP014914,EQ00000202,L4,Gas Testing,True,False,False,Operator
EMP002306,EQ00000202,L3,Gas Testing,False,False,False,Maintenance
EMP045686,EQ00000202,L5,Gas Testing,True,True,True,Operator
EMP032390,EQ00002093,L2,LOTO,False,False,False,Inspector
EMP018378,EQ00002093,L4,LOTO,True,False,False,Operator
EMP036517,EQ00002093,L6,LOTO,True,True,True,Supervisor
EMP026145,EQ00002577,L3,Lifting Operations,False,False,False,Maintenance
EMP010336,EQ00002577,L4,Lifting Operations,True,True,True,Operator
EMP011549,EQ00002577,L4,Lifting Operations,True,True,True,Operator
EMP037677,EQ00002577,L6,Lifting Operations,False,True,False,Inspector
EMP025874,EQ00002577,L5,Lifting Operations,True,True,True,Inspector
EMP014866,EQ00002001,L2,Journey Management,True,True,False,Operator
EMP034541,EQ00002001,L4,Journey Management,False,True,False,Operator
EMP005682,EQ00002001,L3,Journey Management,False,False,False,Maintenance
EMP028997,EQ00002001,L3,Journey Management,False,False,False,Operator
EMP038577,EQ00002001,L2,Journey Management,False,False,False,Inspector
EMP033416,EQ00002001,L3,Journey Management,False,False,False,Operator
EMP033764,EQ00002001,L4,Journey Management,False,False,False,Supervisor
EMP041554,EQ00002001,L3,Journey Management,False,False,False,Operator
EMP042557,EQ00001574,L6,Motor Maintenance,True,False,False,Maintenance
EMP040524,EQ00001574,L2,Motor Maintenance,True,True,False,Inspector
EMP014966,EQ00001574,L4,Motor Maintenance,False,True,False,Supervisor
EMP016898,EQ00001574,L3,Motor Maintenance,False,False,False,Operator
EMP000577,EQ00000611,L2,Vehicle Inspection,False,False,False,Maintenance
EMP007418,EQ00000611,L3,Vehicle Inspection,False,False,False,Inspector
EMP044092,EQ00000611,L3,Vehicle Inspection,True,False,False,Inspector
EMP034779,EQ00000611,L3,Vehicle Inspection,False,False,False,Inspector
EMP027839,EQ00000611,L4,Vehicle Inspection,True,False,False,Supervisor
EMP038770,EQ00000611,L5,Vehicle Inspection,True,True,True,Inspector
EMP011172,EQ00001657,L4,Pressure Systems Safety,True,True,True,Operator
EMP008906,EQ00001657,L4,Pressure Systems Safety,True,True,True,Supervisor
EMP043986,EQ00001657,L3,Pressure Systems Safety,True,True,False,Operator
EMP027077,EQ00001657,L4,Pressure Systems Safety,True,False,False,Operator
EMP010925,EQ00001657,L4,Pressure Systems Safety,True,True,True,Operator
EMP039158,EQ00001657,L3,Pressure Systems Safety,False,True,False,Inspector
EMP038448,EQ00001657,L5,Pressure Systems Safety,True,True,True,Inspector
EMP031611,EQ00000521,L4,Hazardous Material Transport,True,True,False,Supervisor
EMP008513,EQ00000521,L4,Hazardous Material Transport,False,False,False,Inspector
EMP046292,EQ00000521,L3,Hazardous Material Transport,False,True,False,Maintenance
EMP019384,EQ00000521,L4,Hazardous Material Transport,False,False,False,Operator
EMP010617,EQ00000521,L5,Hazardous Material Transport,True,True,True,Supervisor
EMP015116,EQ00000521,L5,Hazardous Material Transport,True,True,True,Inspector
EMP048514,EQ00000819,L3,Hydrotest Safety,False,False,False,Maintenance
EMP045608,EQ00000819,L2,Hydrotest Safety,True,False,False,Maintenance
EMP023675,EQ00000819,L3,Hydrotest Safety,False,False,False,Operator
EMP036200,EQ00000819,L3,Hydrotest Safety,False,True,False,Maintenance
EMP033945,EQ00000819,L3,Hydrotest Safety,False,False,False,Operator
EMP004041,EQ00000819,L5,Hydrotest Safety,True,True,True,Supervisor
EMP036168,EQ00000132,L2,Lifting Gear Inspection,False,False,False,Operator
EMP019157,EQ00000132,L3,Lifting Gear Inspection,True,True,False,Operator
EMP043793,EQ00000132,L4,Lifting Gear Inspection,False,True,False,Maintenance
EMP009508,EQ00000132,L4,Lifting Gear Inspection,False,True,False,Operator
EMP038313,EQ00000132,L5,Lifting Gear Inspection,True,True,True,Supervisor
EMP001631,EQ00001615,L4,Gas Testing,False,False,False,Maintenance
EMP048892,EQ00001615,L4,Gas Testing,False,False,False,Supervisor
EMP027070,EQ00001615,L4,Gas Testing,False,False,False,Operator
EMP028000,EQ00002378,L2,Mechanical Inspection,False,False,False,Maintenance
EMP017066,EQ00002378,L4,Mechanical Inspection,True,True,True,Inspector
EMP030928,EQ00002378,L3,Mechanical Inspection,False,False,False,Operator
EMP033896,EQ00002378,L3,Mechanical Inspection,False,False,False,Inspector
EMP013508,EQ00001282,L4,Workshop Safety,True,True,True,Operator
EMP040094,EQ00001282,L4,Workshop Safety,True,True,True,Inspector
EMP034592,EQ00001282,L4,Workshop Safety,True,True,True,Operator
EMP014876,EQ00001282,L4,Workshop Safety,False,True,False,Supervisor
EMP042668,EQ00001282,L6,Workshop Safety,True,True,True,Inspector
EMP046650,EQ00001282,L4,Workshop Safety,True,True,True,Supervisor
EMP026673,EQ00001282,L6,Workshop Safety,True,True,True,Maintenance
EMP001448,EQ00000997,L5,Lifting Gear Inspection,True,False,False,Inspector
EMP037755,EQ00000997,L2,Lifting Gear Inspection,True,False,False,Operator
EMP021093,EQ00000997,L3,Lifting Gear Inspection,False,False,False,Inspector
EMP018876,EQ00001809,L5,Electrical Safety,True,True,True,Supervisor
EMP007395,EQ00001809,L3,Electrical Safety,False,False,False,Supervisor
EMP044590,EQ00000480,L3,Electrical Isolation/LOTO,False,True,False,Operator
EMP009126,EQ00000480,L6,Electrical Isolation/LOTO,True,True,True,Maintenance
EMP048176,EQ00000480,L5,Electrical Isolation/LOTO,True,True,True,Inspector
EMP010534,EQ00000480,L2,Electrical Isolation/LOTO,False,False,False,Maintenance
EMP032335,EQ00000480,L5,Electrical Isolation/LOTO,True,True,True,Inspector
EMP045193,EQ00000702,L3,Process Isolation,False,False,False,Operator
EMP022850,EQ00000702,L4,Process Isolation,False,False,False,Inspector
EMP016052,EQ00002045,L4,Welding Safety,True,False,False,Operator
EMP016725,EQ00002045,L4,Welding Safety,True,False,False,Operator
EMP027255,EQ00002045,L2,Welding Safety,False,True,False,Inspector
EMP040203,EQ00002045,L6,Welding Safety,True,True,True,Maintenance
EMP045040,EQ00002045,L4,Welding Safety,False,False,False,Maintenance
EMP035623,EQ00002045,L3,Welding Safety,False,True,False,Supervisor
EMP008494,EQ00002045,L5,Welding Safety,True,True,True,Supervisor
EMP002679,EQ00002650,L2,Alignment,False,False,False,Maintenance
EMP041841,EQ00002650,L5,Alignment,True,True,True,Supervisor
EMP007808,EQ00002650,L5,Alignment,True,True,True,Maintenance
EMP018511,EQ00002650,L4,Alignment,False,True,False,Maintenance
EMP019170,EQ00002672,L4,Welding Safety,False,False,False,Supervisor
EMP012730,EQ00002672,L3,Welding Safety,True,False,False,Maintenance
EMP048754,EQ00002672,L4,Welding Safety,False,False,False,Supervisor
EMP016522,EQ00000931,L4,Isolation/LOTO,True,True,True,Operator
EMP042603,EQ00000931,L6,Isolation/LOTO,True,True,True,Supervisor
EMP035146,EQ00000931,L3,Isolation/LOTO,False,False,False,Supervisor
EMP011447,EQ00000931,L5,Isolation/LOTO,False,True,False,Inspector
EMP042214,EQ00000931,L6,Isolation/LOTO,True,True,True,Maintenance
EMP033270,EQ00000931,L2,Isolation/LOTO,False,False,False,Maintenance
EMP015283,EQ00002784,L5,Rigging,False,True,False,Operator
EMP023802,EQ00002784,L3,Rigging,True,False,False,Maintenance
EMP021304,EQ00002784,L4,Rigging,True,True,False,Supervisor
EMP004616,EQ00001481,L3,Pipeline Operations,True,False,False,Supervisor
EMP005804,EQ00001481,L5,Pipeline Operations,True,True,True,Inspector
EMP016857,EQ00001481,L4,Pipeline Operations,False,False,False,Operator
EMP035753,EQ00001481,L4,Pipeline Operations,False,True,False,Operator
EMP022841,EQ00001481,L6,Pipeline Operations,True,True,True,Supervisor
EMP008383,EQ00001481,L4,Pipeline Operations,False,False,False,Maintenance
EMP034332,EQ00001481,L2,Pipeline Operations,False,False,False,Inspector
EMP022535,EQ00001481,L4,Pipeline Operations,False,False,False,Operator
EMP031635,EQ00002388,L6,Lifting Gear Inspection,True,True,True,Operator
EMP041006,EQ00002388,L5,Lifting Gear Inspection,True,True,True,Inspector
EMP047732,EQ00002388,L3,Lifting Gear Inspection,False,False,False,Maintenance
EMP018657,EQ00002388,L5,Lifting Gear Inspection,False,True,False,Maintenance
EMP022063,EQ00002388,L3,Lifting Gear Inspection,False,False,False,Maintenance
EMP037851,EQ00002388,L5,Lifting Gear Inspection,True,True,True,Inspector
EMP025621,EQ00002388,L5,Lifting Gear Inspection,True,False,False,Inspector
EMP041455,EQ00000214,L6,Pipeline Operations,True,True,True,Supervisor
EMP005762,EQ00000214,L5,Pipeline Operations,True,True,True,Operator
EMP034467,EQ00000214,L4,Pipeline Operations,False,False,False,Maintenance
EMP049365,EQ00000214,L4,Pipeline Operations,False,False,False,Operator
EMP027188,EQ00000214,L5,Pipeline Operations,True,True,True,Inspector
EMP024114,EQ00000214,L6,Pipeline Operations,True,True,True,Inspector
EMP027014,EQ00000214,L4,Pipeline Operations,False,False,False,Inspector
EMP037109,EQ00000999,L5,Process Operations,True,True,True,Inspector
EMP014720,EQ00000999,L3,Process Operations,False,False,False,Maintenance
EMP030323,EQ00000999,L4,Process Operations,True,False,False,Inspector
EMP048997,EQ00000999,L5,Process Operations,True,True,True,Inspector
EMP001694,EQ00000999,L2,Process Operations,False,False,False,Supervisor
EMP016781,EQ00000999,L3,Process Operations,False,True,False,Supervisor
EMP004472,EQ00000999,L6,Process Operations,False,True,False,Supervisor
EMP007419,EQ00001842,L2,Pipeline Operations,False,False,False,Supervisor
EMP024209,EQ00001842,L2,Pipeline Operations,False,False,False,Inspector
EMP028135,EQ00000882,L3,Electrical Isolation/LOTO,False,False,False,Operator
EMP021056,EQ00000882,L4,Electrical Isolation/LOTO,False,False,False,Inspector
EMP027795,EQ00000882,L4,Electrical Isolation/LOTO,False,False,False,Operator
EMP005871,EQ00000882,L3,Electrical Isolation/LOTO,True,False,False,Operator
EMP031439,EQ00000882,L3,Electrical Isolation/LOTO,False,False,False,Supervisor
EMP005108,EQ00001065,L2,LOTO,False,False,False,Maintenance
EMP031601,EQ00001065,L3,LOTO,False,False,False,Maintenance
EMP004171,EQ00001065,L2,LOTO,False,False,False,Supervisor
EMP047500,EQ00001065,L2,LOTO,True,True,False,Supervisor
EMP001596,EQ00001065,L4,LOTO,True,True,True,Maintenance
EMP031012,EQ00001065,L2,LOTO,False,False,False,Operator
EMP035217,EQ00002395,L3,Environmental Monitoring,False,False,False,Maintenance
EMP032157,EQ00002395,L3,Environmental Monitoring,False,False,False,Inspector
EMP013856,EQ00002395,L5,Environmental Monitoring,True,True,True,Operator
EMP039522,EQ00002395,L4,Environmental Monitoring,True,True,True,Supervisor
EMP009992,EQ00002395,L3,Environmental Monitoring,False,False,False,Operator
EMP047339,EQ00000484,L3,Calibration,False,False,False,Maintenance
EMP029625,EQ00000484,L4,Calibration,False,False,False,Supervisor
EMP027168,EQ00000484,L4,Calibration,True,True,False,Operator
EMP014963,EQ00000484,L5,Calibration,True,True,True,Maintenance
EMP035291,EQ00000114,L2,Permit to Work,False,False,False,Operator
EMP033065,EQ00000114,L6,Permit to Work,False,True,False,Operator
EMP022441,EQ00002774,L4,Line of Fire Awareness,True,False,False,Operator
EMP045848,EQ00002774,L5,Line of Fire Awareness,True,True,True,Supervisor
EMP000962,EQ00002774,L4,Line of Fire Awareness,True,True,True,Operator
EMP026036,EQ00002774,L5,Line of Fire Awareness,True,True,True,Operator
EMP029364,EQ00002774,L6,Line of Fire Awareness,True,True,True,Operator
EMP010677,EQ00002774,L5,Line of Fire Awareness,True,True,True,Maintenance
EMP016382,EQ00000042,L4,Permit to Work,True,False,False,Supervisor
EMP014709,EQ00000042,L3,Permit to Work,False,False,False,Operator
EMP032732,EQ00000042,L4,Permit to Work,False,False,False,Maintenance
EMP042213,EQ00000042,L4,Permit to Work,False,False,False,Maintenance
EMP005266,EQ00000042,L3,Permit to Work,False,False,False,Maintenance
EMP047260,EQ00000042,L3,Permit to Work,False,True,False,Inspector
EMP014563,EQ00000042,L3,Permit to Work,False,False,False,Supervisor
EMP014415,EQ00000998,L4,Machine Tool Operation,True,True,True,Inspector
EMP024510,EQ00000998,L4,Machine Tool Operation,True,False,False,Supervisor
EMP016990,EQ00000998,L6,Machine Tool Operation,False,True,False,Maintenance
EMP013584,EQ00000998,L4,Machine Tool Operation,True,True,True,Inspector
EMP016712,EQ00000998,L3,Machine Tool Operation,False,False,False,Operator
EMP018438,EQ00000998,L4,Machine Tool Operation,True,True,True,Operator
EMP009193,EQ00002050,L5,Permit to Work,True,True,True,Supervisor
EMP022587,EQ00002050,L3,Permit to Work,False,True,False,Supervisor
EMP031486,EQ00002050,L2,Permit to Work,True,False,False,Operator
EMP045303,EQ00002050,L4,Permit to Work,False,False,False,Operator
EMP026993,EQ00000851,L5,Motor Maintenance,True,True,True,Maintenance
EMP014815,EQ00000851,L4,Motor Maintenance,False,False,False,Inspector
EMP036697,EQ00000851,L2,Motor Maintenance,True,False,False,Inspector
EMP021172,EQ00000851,L4,Motor Maintenance,False,False,False,Maintenance
EMP047421,EQ00000851,L3,Motor Maintenance,False,True,False,Supervisor
EMP046462,EQ00000851,L3,Motor Maintenance,True,False,False,Maintenance
EMP020490,EQ00001783,L3,Motor Maintenance,False,True,False,Inspector
EMP013581,EQ00001783,L2,Motor Maintenance,False,False,False,Inspector
EMP029195,EQ00001783,L3,Motor Maintenance,False,False,False,Supervisor
EMP029818,EQ00001783,L3,Motor Maintenance,True,False,False,Operator
EMP044860,EQ00001783,L4,Motor Maintenance,False,False,False,Maintenance
EMP038651,EQ00001215,L3,Vibration Monitoring,False,False,False,Supervisor
EMP024745,EQ00001215,L4,Vibration Monitoring,True,False,False,Supervisor
EMP043325,EQ00001215,L3,Vibration Monitoring,False,False,False,Operator
EMP042936,EQ00001215,L3,Vibration Monitoring,True,False,False,Operator
EMP031820,EQ00001215,L3,Vibration Monitoring,False,True,False,Supervisor
EMP009433,EQ00001215,L4,Vibration Monitoring,False,True,False,Inspector
EMP031555,EQ00001215,L3,Vibration Monitoring,False,False,False,Operator
EMP019523,EQ00001215,L3,Vibration Monitoring,False,False,False,Maintenance
EMP026456,EQ00001714,L4,Vibration Monitoring,True,True,True,Operator
EMP032886,EQ00001714,L5,Vibration Monitoring,True,True,True,Supervisor
EMP038258,EQ00001714,L3,Vibration Monitoring,False,False,False,Maintenance
EMP018059,EQ00000085,L3,Permit to Work,True,False,False,Operator
EMP036571,EQ00000085,L3,Permit to Work,False,False,False,Inspector
EMP037769,EQ00001343,L5,Line of Fire Awareness,False,True,False,Maintenance
EMP038255,EQ00001343,L4,Line of Fire Awareness,False,False,False,Operator
EMP000644,EQ00002364,L3,Valve Maintenance,True,False,False,Supervisor
EMP043606,EQ00002364,L5,Valve Maintenance,True,True,True,Maintenance
EMP001994,EQ00002364,L2,Valve Maintenance,False,False,False,Operator
EMP040959,EQ00002138,L3,Well Control,False,True,False,Supervisor
EMP040354,EQ00002138,L4,Well Control,True,True,True,Maintenance
EMP015920,EQ00002138,L4,Well Control,True,True,True,Supervisor
EMP033337,EQ00002138,L3,Well Control,False,False,False,Supervisor
EMP032758,EQ00002138,L4,Well Control,True,False,False,Maintenance
EMP012098,EQ00002138,L5,Well Control,True,True,True,Maintenance
EMP024302,EQ00002138,L4,Well Control,False,True,False,Maintenance
EMP035695,EQ00002138,L3,Well Control,False,False,False,Supervisor
EMP004665,EQ00000207,L5,Arc Flash Awareness,True,True,True,Supervisor
EMP040606,EQ00000207,L3,Arc Flash Awareness,False,True,False,Inspector
EMP041310,EQ00000207,L4,Arc Flash Awareness,False,False,False,Supervisor
EMP044922,EQ00000207,L5,Arc Flash Awareness,True,True,True,Maintenance
EMP046807,EQ00000876,L3,Permit to Work,False,False,False,Supervisor
EMP039706,EQ00000876,L3,Permit to Work,False,False,False,Supervisor
EMP037400,EQ00000876,L4,Permit to Work,False,True,False,Inspector
EMP026182,EQ00000876,L4,Permit to Work,True,False,False,Operator
EMP031735,EQ00000876,L5,Permit to Work,False,True,False,Supervisor
EMP045812,EQ00000876,L2,Permit to Work,False,False,False,Inspector
EMP028505,EQ00001942,L3,Vehicle Inspection,False,False,False,Inspector
EMP005003,EQ00001942,L5,Vehicle Inspection,True,True,True,Maintenance
EMP037651,EQ00001942,L3,Vehicle Inspection,False,False,False,Inspector
EMP014813,EQ00001942,L3,Vehicle Inspection,True,True,False,Operator
EMP008603,EQ00001942,L5,Vehicle Inspection,True,False,False,Operator
EMP041322,EQ00002014,L2,Electrical Isolation/LOTO,True,False,False,Operator
EMP038115,EQ00002014,L5,Electrical Isolation/LOTO,True,True,True,Operator
EMP017590,EQ00002014,L4,Electrical Isolation/LOTO,False,False,False,Supervisor
EMP006487,EQ00002014,L6,Electrical Isolation/LOTO,True,True,True,Inspector
EMP029811,EQ00002014,L3,Electrical Isolation/LOTO,False,True,False,Supervisor
EMP002495,EQ00002108,L3,Lifting Operations,False,False,False,Maintenance
EMP017970,EQ00002108,L2,Lifting Operations,False,False,False,Supervisor
EMP015546,EQ00002108,L4,Lifting Operations,True,True,True,Maintenance
EMP038951,EQ00002108,L2,Lifting Operations,False,False,False,Operator
EMP035790,EQ00002108,L2,Lifting Operations,False,False,False,Supervisor
EMP027191,EQ00002108,L3,Lifting Operations,True,False,False,Inspector
EMP049407,EQ00002108,L3,Lifting Operations,False,True,False,Operator
EMP023566,EQ00000573,L4,Line of Fire Awareness,True,True,False,Inspector
EMP018031,EQ00000573,L3,Line of Fire Awareness,False,False,False,Supervisor
EMP020302,EQ00000573,L3,Line of Fire Awareness,False,False,False,Inspector
EMP008025,EQ00000573,L3,Line of Fire Awareness,False,False,False,Inspector
EMP016837,EQ00000573,L4,Line of Fire Awareness,False,False,False,Inspector
EMP015948,EQ00002699,L4,Mechanical Inspection,False,False,False,Inspector
EMP024230,EQ00002699,L2,Mechanical Inspection,False,False,False,Operator
EMP041626,EQ00002699,L3,Mechanical Inspection,False,False,False,Operator
EMP029801,EQ00000673,L4,Isolation/LOTO,False,False,False,Supervisor
EMP027431,EQ00000673,L3,Isolation/LOTO,False,False,False,Inspector
EMP020324,EQ00000673,L5,Isolation/LOTO,True,True,True,Operator
EMP033986,EQ00000673,L4,Isolation/LOTO,False,False,False,Inspector
EMP003412,EQ00000673,L2,Isolation/LOTO,False,False,False,Supervisor
EMP030336,EQ00000673,L3,Isolation/LOTO,False,False,False,Supervisor
EMP022473,EQ00000291,L5,Emergency Response,True,True,True,Maintenance
EMP001997,EQ00000291,L6,Emergency Response,True,False,False,Operator
EMP004538,EQ00002735,L4,Permit to Work,False,False,False,Operator
EMP048478,EQ00002735,L6,Permit to Work,True,True,True,Operator
EMP019706,EQ00002735,L3,Permit to Work,False,False,False,Operator
EMP042398,EQ00002735,L2,Permit to Work,True,False,False,Operator
EMP012024,EQ00002735,L6,Permit to Work,True,True,True,Supervisor
EMP013158,EQ00002735,L2,Permit to Work,False,False,False,Inspector
EMP041189,EQ00002735,L4,Permit to Work,True,False,False,Maintenance
EMP015853,EQ00002735,L2,Permit to Work,False,False,False,Maintenance
EMP034222,EQ00001703,L4,Fire Water Systems,True,True,True,Maintenance
EMP002371,EQ00001703,L4,Fire Water Systems,True,True,True,Maintenance
EMP043258,EQ00001703,L5,Fire Water Systems,True,False,False,Inspector
EMP014606,EQ00001703,L5,Fire Water Systems,True,True,True,Maintenance
EMP007875,EQ00001703,L4,Fire Water Systems,True,True,True,Maintenance
EMP025096,EQ00001703,L3,Fire Water Systems,True,False,False,Supervisor
EMP041686,EQ00001703,L4,Fire Water Systems,True,True,True,Supervisor
EMP032802,EQ00002565,L3,Line of Fire Awareness,False,False,False,Supervisor
EMP048886,EQ00002565,L3,Line of Fire Awareness,True,False,False,Inspector
EMP007256,EQ00002565,L4,Line of Fire Awareness,True,True,True,Inspector
EMP036692,EQ00002565,L3,Line of Fire Awareness,True,False,False,Inspector
EMP023083,EQ00001356,L6,Welding Safety,True,True,True,Inspector
EMP041680,EQ00001356,L3,Welding Safety,True,False,False,Operator
EMP015878,EQ00001356,L2,Welding Safety,False,True,False,Supervisor
EMP002803,EQ00000069,L6,Line of Fire Awareness,True,True,True,Inspector
EMP001789,EQ00000069,L2,Line of Fire Awareness,True,False,False,Inspector
EMP003727,EQ00002029,L2,Well Control,False,False,False,Operator
EMP021869,EQ00002029,L3,Well Control,True,True,True,Supervisor
EMP020230,EQ00002029,L6,Well Control,True,True,True,Maintenance
EMP019880,EQ00002029,L2,Well Control,False,False,False,Maintenance
EMP007746,EQ00002029,L4,Well Control,True,True,True,Operator
EMP040700,EQ00002029,L3,Well Control,True,True,True,Operator
EMP011202,EQ00002479,L3,Fire Water Systems,True,False,False,Inspector
EMP006951,EQ00002479,L4,Fire Water Systems,True,False,False,Maintenance
EMP042873,EQ00002479,L4,Fire Water Systems,True,False,False,Inspector
EMP002346,EQ00002479,L4,Fire Water Systems,False,True,False,Supervisor
EMP024540,EQ00002479,L4,Fire Water Systems,True,True,False,Inspector
EMP045445,EQ00002479,L3,Fire Water Systems,False,False,False,Supervisor
EMP035480,EQ00002479,L2,Fire Water Systems,False,False,False,Supervisor
EMP014720,EQ00002479,L3,Fire Water Systems,False,False,False,Operator
EMP043389,EQ00001998,L3,Journey Management,True,False,False,Inspector
EMP003528,EQ00001998,L4,Journey Management,False,False,False,Supervisor
EMP030222,EQ00001998,L4,Journey Management,True,False,False,Supervisor
EMP015071,EQ00002625,L5,Gas Testing,True,True,True,Supervisor
EMP030458,EQ00002625,L3,Gas Testing,False,False,False,Operator
EMP033558,EQ00002118,L3,Machine Tool Operation,False,False,False,Supervisor
EMP020585,EQ00002118,L3,Machine Tool Operation,False,False,False,Supervisor
EMP024811,EQ00002118,L2,Machine Tool Operation,False,False,False,Operator
EMP005328,EQ00002118,L2,Machine Tool Operation,False,True,False,Maintenance
EMP046109,EQ00000839,L3,SIS/ESD,True,False,False,Operator
EMP000704,EQ00000839,L2,SIS/ESD,False,True,False,Supervisor
EMP038102,EQ00000839,L3,SIS/ESD,False,False,False,Operator
EMP043706,EQ00000839,L3,SIS/ESD,True,False,False,Operator
EMP008184,EQ00000839,L6,SIS/ESD,True,True,True,Supervisor
EMP001898,EQ00000839,L3,SIS/ESD,False,False,False,Operator
EMP018227,EQ00000839,L4,SIS/ESD,True,False,False,Maintenance
EMP044904,EQ00000839,L3,SIS/ESD,False,False,False,Maintenance
EMP046451,EQ00000558,L3,Drilling Operations,True,False,False,Operator
EMP036690,EQ00000558,L4,Drilling Operations,True,True,True,Maintenance
EMP043394,EQ00000558,L3,Drilling Operations,True,False,False,Operator
EMP005635,EQ00000558,L3,Drilling Operations,False,False,False,Operator
EMP023882,EQ00000558,L4,Drilling Operations,True,True,True,Supervisor
EMP034781,EQ00000558,L3,Drilling Operations,False,False,False,Supervisor
EMP002697,EQ00000558,L4,Drilling Operations,True,True,True,Inspector
EMP044609,EQ00000558,L5,Drilling Operations,False,True,False,Supervisor
EMP015047,EQ00001785,L2,Switchgear Operation,False,False,False,Inspector
EMP016583,EQ00001785,L4,Switchgear Operation,False,False,False,Inspector
EMP039626,EQ00001785,L3,Switchgear Operation,False,True,False,Operator
EMP004271,EQ00001785,L4,Switchgear Operation,False,False,False,Inspector
EMP027288,EQ00001785,L4,Switchgear Operation,False,False,False,Supervisor
EMP033990,EQ00001785,L4,Switchgear Operation,False,False,False,Operator
EMP015389,EQ00000994,L3,Well Control,False,True,False,Maintenance
EMP030376,EQ00000994,L4,Well Control,True,False,False,Operator
EMP021440,EQ00000994,L3,Well Control,True,False,False,Maintenance
EMP008725,EQ00000994,L5,Well Control,True,True,True,Operator
EMP020625,EQ00000994,L3,Well Control,True,False,False,Operator
EMP002820,EQ00000994,L3,Well Control,False,False,False,Supervisor
EMP026661,EQ00000199,L6,Line of Fire Awareness,True,True,True,Inspector
EMP042111,EQ00000199,L3,Line of Fire Awareness,True,True,False,Inspector
EMP045321,EQ00000199,L4,Line of Fire Awareness,False,False,False,Operator
EMP032848,EQ00000199,L4,Line of Fire Awareness,False,False,False,Inspector
EMP007397,EQ00001811,L2,Vehicle Inspection,False,False,False,Supervisor
EMP010052,EQ00001811,L3,Vehicle Inspection,False,False,False,Maintenance
EMP030986,EQ00001811,L2,Vehicle Inspection,True,False,False,Inspector
EMP015042,EQ00001811,L2,Vehicle Inspection,True,False,False,Operator
EMP017657,EQ00001811,L2,Vehicle Inspection,False,False,False,Operator
EMP023292,EQ00001811,L3,Vehicle Inspection,False,False,False,Operator
EMP037370,EQ00001811,L4,Vehicle Inspection,True,True,True,Supervisor
EMP001873,EQ00001811,L3,Vehicle Inspection,False,False,False,Supervisor
EMP049737,EQ00002794,L2,Fire Water Systems,False,True,False,Maintenance
EMP046855,EQ00002794,L3,Fire Water Systems,False,False,False,Maintenance
EMP006348,EQ00002794,L6,Fire Water Systems,True,False,False,Maintenance
EMP017428,EQ00002803,L2,Pipeline Operations,False,True,False,Maintenance
EMP014237,EQ00002803,L5,Pipeline Operations,True,True,True,Maintenance
EMP034609,EQ00002803,L5,Pipeline Operations,True,True,True,Operator
EMP037779,EQ00002803,L4,Pipeline Operations,True,True,False,Supervisor
EMP022646,EQ00002803,L2,Pipeline Operations,False,False,False,Supervisor
EMP024138,EQ00002803,L4,Pipeline Operations,False,False,False,Inspector
EMP004096,EQ00002575,L3,Workshop Safety,False,False,False,Supervisor
EMP024468,EQ00002575,L2,Workshop Safety,False,False,False,Maintenance
EMP048657,EQ00002229,L4,Rig Floor Safety,True,True,True,Inspector
EMP012147,EQ00002229,L2,Rig Floor Safety,True,False,False,Maintenance
EMP022239,EQ00002229,L4,Rig Floor Safety,True,True,True,Operator
EMP025885,EQ00002229,L3,Rig Floor Safety,False,False,False,Inspector
EMP038309,EQ00002344,L5,Rigging,True,False,False,Supervisor
EMP034041,EQ00002344,L4,Rigging,True,False,False,Operator
EMP001109,EQ00002344,L4,Rigging,False,False,False,Operator
EMP033836,EQ00002344,L2,Rigging,False,True,False,Supervisor
EMP020278,EQ00002344,L3,Rigging,True,False,False,Operator
EMP016315,EQ00002586,L3,Wastewater Operations,False,False,False,Supervisor
EMP008863,EQ00002586,L5,Wastewater Operations,True,True,True,Operator
EMP027762,EQ00002586,L3,Wastewater Operations,False,False,False,Maintenance
EMP030206,EQ00002586,L2,Wastewater Operations,False,False,False,Operator
EMP001800,EQ00002586,L2,Wastewater Operations,True,False,False,Inspector
EMP033440,EQ00001153,L3,Motor Maintenance,False,False,False,Maintenance
EMP035076,EQ00001153,L2,Motor Maintenance,False,False,False,Supervisor
EMP021530,EQ00001153,L4,Motor Maintenance,False,False,False,Supervisor
EMP001003,EQ00001301,L5,Permit to Work,True,True,True,Inspector
EMP036395,EQ00001301,L4,Permit to Work,False,False,False,Inspector
EMP045773,EQ00002284,L3,Permit to Work,False,False,False,Inspector
EMP017363,EQ00002284,L5,Permit to Work,True,True,True,Operator
EMP005301,EQ00002284,L4,Permit to Work,False,True,False,Maintenance
EMP025206,EQ00002284,L2,Permit to Work,False,False,False,Maintenance
EMP002990,EQ00002284,L5,Permit to Work,True,True,True,Inspector
EMP012456,EQ00002284,L2,Permit to Work,False,False,False,Supervisor
EMP023015,EQ00002356,L2,Motor Maintenance,True,False,False,Inspector
EMP037061,EQ00002356,L5,Motor Maintenance,True,False,False,Inspector
EMP029404,EQ00002356,L6,Motor Maintenance,True,True,True,Operator
EMP003122,EQ00002356,L3,Motor Maintenance,True,True,True,Inspector
EMP044224,EQ00002356,L2,Motor Maintenance,False,False,False,Inspector
EMP030615,EQ00000007,L6,Permit to Work,True,True,True,Supervisor
EMP045121,EQ00000007,L3,Permit to Work,False,False,False,Maintenance
EMP004506,EQ00000412,L3,Permit to Work,False,False,False,Inspector
EMP035454,EQ00000412,L4,Permit to Work,True,False,False,Supervisor
EMP029698,EQ00000412,L3,Permit to Work,False,False,False,Supervisor
EMP032754,EQ00000412,L4,Permit to Work,True,False,False,Operator
EMP034793,EQ00000412,L4,Permit to Work,False,False,False,Supervisor
EMP004667,EQ00000412,L2,Permit to Work,False,False,False,Maintenance
EMP028344,EQ00000412,L5,Permit to Work,True,True,True,Maintenance
EMP017098,EQ00000412,L3,Permit to Work,False,False,False,Maintenance
EMP044474,EQ00001170,L2,Fire Water Systems,False,False,False,Inspector
EMP031910,EQ00001170,L3,Fire Water Systems,False,False,False,Inspector
EMP029703,EQ00001170,L3,Fire Water Systems,False,False,False,Inspector
EMP048483,EQ00001170,L5,Fire Water Systems,True,True,True,Inspector
EMP018385,EQ00002420,L3,Crane Operation,False,False,False,Inspector
EMP038690,EQ00002420,L3,Crane Operation,False,True,False,Operator
EMP024794,EQ00002420,L3,Crane Operation,False,False,False,Maintenance
EMP024893,EQ00000262,L2,Rig Floor Safety,False,False,False,Maintenance
EMP028168,EQ00000262,L6,Rig Floor Safety,True,True,True,Maintenance
EMP025524,EQ00000262,L3,Rig Floor Safety,True,True,True,Inspector
EMP034472,EQ00000133,L4,LOTO,True,True,True,Operator
EMP010590,EQ00000133,L2,LOTO,False,True,False,Supervisor
EMP008660,EQ00000133,L5,LOTO,True,False,False,Supervisor
EMP001533,EQ00000133,L4,LOTO,True,True,True,Operator
EMP018132,EQ00001296,L3,Hot Work,False,False,False,Supervisor
EMP015061,EQ00001296,L2,Hot Work,False,False,False,Inspector
EMP040376,EQ00001296,L4,Hot Work,False,True,False,Maintenance
EMP039653,EQ00001232,L4,Instrumentation,False,False,False,Maintenance
EMP001104,EQ00001232,L5,Instrumentation,True,True,True,Operator
EMP041166,EQ00001232,L2,Instrumentation,False,False,False,Supervisor
EMP009185,EQ00001232,L4,Instrumentation,False,False,False,Operator
EMP016028,EQ00001232,L4,Instrumentation,False,True,False,Inspector
EMP014735,EQ00001232,L4,Instrumentation,False,False,False,Operator
EMP049890,EQ00001575,L3,Journey Management,False,False,False,Operator
EMP047627,EQ00001575,L2,Journey Management,False,False,False,Supervisor
EMP042110,EQ00001575,L3,Journey Management,False,True,False,Operator
EMP000976,EQ00001575,L3,Journey Management,False,False,False,Supervisor
EMP049454,EQ00001575,L2,Journey Management,False,False,False,Operator
EMP013148,EQ00001820,L4,Crane Operation,False,False,False,Supervisor
EMP034786,EQ00001820,L4,Crane Operation,False,True,False,Inspector
EMP023867,EQ00001820,L2,Crane Operation,False,True,False,Maintenance
EMP014685,EQ00000089,L4,Lifting Gear Inspection,False,False,False,Operator
EMP022803,EQ00000089,L3,Lifting Gear Inspection,False,False,False,Supervisor
EMP037008,EQ00000089,L4,Lifting Gear Inspection,False,False,False,Operator
EMP003953,EQ00000089,L6,Lifting Gear Inspection,True,True,True,Supervisor
EMP045955,EQ00000089,L2,Lifting Gear Inspection,False,False,False,Inspector
EMP039300,EQ00000089,L3,Lifting Gear Inspection,False,True,False,Inspector
EMP027094,EQ00000089,L4,Lifting Gear Inspection,False,False,False,Operator
EMP031049,EQ00000089,L4,Lifting Gear Inspection,False,False,False,Operator
EMP006388,EQ00001875,L4,Process Operations,False,False,False,Maintenance
EMP027997,EQ00001875,L5,Process Operations,True,True,True,Inspector
EMP035506,EQ00001875,L4,Process Operations,False,False,False,Operator
EMP032915,EQ00001875,L3,Process Operations,False,False,False,Operator
EMP038994,EQ00000155,L3,LOTO,False,True,False,Inspector
EMP034362,EQ00000155,L3,LOTO,True,False,False,Maintenance
EMP017556,EQ00000155,L3,LOTO,False,False,False,Supervisor
EMP049433,EQ00000155,L3,LOTO,False,False,False,Operator
EMP045337,EQ00000155,L2,LOTO,False,False,False,Maintenance
EMP040711,EQ00000155,L3,LOTO,False,True,False,Supervisor
EMP008975,EQ00000786,L3,Gas Testing,True,True,False,Supervisor
EMP040504,EQ00000786,L3,Gas Testing,True,False,False,Maintenance
EMP036998,EQ00001955,L3,Rigging,False,False,False,Supervisor
EMP042617,EQ00001955,L2,Rigging,False,False,False,Inspector
EMP035154,EQ00001955,L4,Rigging,True,True,True,Maintenance
EMP048064,EQ00000118,L3,Vehicle Inspection,True,True,True,Supervisor
EMP046275,EQ00000118,L3,Vehicle Inspection,True,True,True,Maintenance
EMP038016,EQ00000118,L4,Vehicle Inspection,True,True,True,Supervisor
EMP042998,EQ00000118,L3,Vehicle Inspection,True,True,True,Maintenance
EMP025950,EQ00000118,L3,Vehicle Inspection,True,True,True,Maintenance
EMP025896,EQ00000118,L5,Vehicle Inspection,False,True,False,Inspector
EMP024616,EQ00000118,L4,Vehicle Inspection,True,True,True,Maintenance
EMP044931,EQ00000118,L4,Vehicle Inspection,True,True,True,Maintenance
EMP019363,EQ00000646,L4,Machine Tool Operation,False,False,False,Supervisor
EMP000631,EQ00000646,L4,Machine Tool Operation,False,False,False,Operator
EMP048045,EQ00000646,L5,Machine Tool Operation,True,True,True,Supervisor
EMP038753,EQ00000646,L5,Machine Tool Operation,True,True,True,Inspector
EMP025835,EQ00000646,L3,Machine Tool Operation,False,True,False,Supervisor
EMP032764,EQ00000646,L4,Machine Tool Operation,True,False,False,Maintenance
EMP026819,EQ00000877,L3,Pump Maintenance,False,False,False,Supervisor
EMP006632,EQ00000877,L2,Pump Maintenance,False,False,False,Supervisor
EMP031465,EQ00000877,L5,Pump Maintenance,True,True,True,Operator
EMP007805,EQ00000877,L2,Pump Maintenance,False,True,False,Maintenance
EMP004473,EQ00000877,L3,Pump Maintenance,False,True,False,Inspector
EMP023875,EQ00001973,L4,Hazardous Material Transport,False,False,False,Inspector
EMP012174,EQ00001973,L6,Hazardous Material Transport,True,True,True,Maintenance
EMP012575,EQ00001973,L4,Hazardous Material Transport,False,False,False,Maintenance
EMP015500,EQ00001973,L5,Hazardous Material Transport,True,True,True,Operator
EMP019389,EQ00001973,L3,Hazardous Material Transport,False,False,False,Operator
EMP010414,EQ00001973,L3,Hazardous Material Transport,False,True,False,Maintenance
EMP011909,EQ00001973,L3,Hazardous Material Transport,False,False,False,Maintenance
EMP027715,EQ00001973,L4,Hazardous Material Transport,True,False,False,Inspector
EMP027140,EQ00002143,L3,Lifting Operations,False,False,False,Maintenance
EMP014036,EQ00002143,L4,Lifting Operations,False,True,False,Inspector
EMP019656,EQ00002143,L4,Lifting Operations,False,False,False,Supervisor
EMP009956,EQ00002143,L3,Lifting Operations,False,False,False,Inspector
EMP049111,EQ00001938,L3,Welding Safety,False,False,False,Operator
EMP043055,EQ00001938,L4,Welding Safety,True,False,False,Inspector
EMP037770,EQ00001938,L3,Welding Safety,True,True,False,Supervisor
EMP048742,EQ00001938,L3,Welding Safety,False,False,False,Inspector
EMP037901,EQ00001938,L5,Welding Safety,False,True,False,Inspector
EMP038210,EQ00001938,L3,Welding Safety,True,False,False,Maintenance
EMP047084,EQ00001938,L6,Welding Safety,True,True,True,Inspector
EMP023440,EQ00000164,L4,Electrical Safety,False,False,False,Maintenance
EMP048196,EQ00000164,L2,Electrical Safety,False,False,False,Supervisor
EMP021613,EQ00000164,L2,Electrical Safety,True,False,False,Supervisor
EMP002553,EQ00000164,L5,Electrical Safety,False,True,False,Inspector
EMP045068,EQ00000164,L3,Electrical Safety,False,True,False,Operator
EMP030513,EQ00000164,L3,Electrical Safety,False,False,False,Supervisor
EMP013958,EQ00000164,L3,Electrical Safety,True,False,False,Maintenance
EMP030520,EQ00001336,L2,Wastewater Operations,False,False,False,Supervisor
EMP004399,EQ00001336,L2,Wastewater Operations,False,False,False,Maintenance
EMP029825,EQ00001336,L2,Wastewater Operations,True,False,False,Inspector
EMP026490,EQ00001336,L4,Wastewater Operations,False,False,False,Operator
EMP046358,EQ00001336,L4,Wastewater Operations,False,True,False,Maintenance
EMP036626,EQ00001695,L2,Electrical Isolation/LOTO,True,False,False,Maintenance
EMP010480,EQ00001695,L3,Electrical Isolation/LOTO,False,False,False,Operator
EMP046281,EQ00001695,L4,Electrical Isolation/LOTO,False,True,False,Inspector
EMP002149,EQ00001695,L3,Electrical Isolation/LOTO,False,False,False,Maintenance
EMP015445,EQ00001695,L3,Electrical Isolation/LOTO,False,True,False,Maintenance
EMP049096,EQ00001437,L4,Process Isolation,True,False,False,Maintenance
EMP046927,EQ00001437,L4,Process Isolation,True,False,False,Supervisor
EMP015440,EQ00001437,L2,Process Isolation,True,False,False,Maintenance
EMP030172,EQ00001437,L6,Process Isolation,True,False,False,Inspector
EMP011347,EQ00001437,L6,Process Isolation,True,True,True,Operator
EMP001920,EQ00000417,L3,Pipeline Operations,False,True,False,Supervisor
EMP007474,EQ00000417,L3,Pipeline Operations,False,False,False,Maintenance
EMP033969,EQ00000417,L3,Pipeline Operations,False,False,False,Maintenance
EMP030286,EQ00000417,L3,Pipeline Operations,False,False,False,Inspector
EMP008170,EQ00000417,L3,Pipeline Operations,False,False,False,Inspector
EMP020241,EQ00000130,L3,Process Operations,False,True,False,Operator
EMP020893,EQ00000130,L2,Process Operations,False,False,False,Operator
EMP007335,EQ00000130,L3,Process Operations,False,False,False,Supervisor
EMP024412,EQ00000130,L3,Process Operations,False,False,False,Inspector
EMP001313,EQ00000130,L4,Process Operations,True,False,False,Inspector
EMP040781,EQ00000130,L3,Process Operations,False,True,False,Maintenance
EMP049316,EQ00000130,L4,Process Operations,False,False,False,Inspector
EMP007088,EQ00002596,L4,Pump Maintenance,False,False,False,Operator
EMP038020,EQ00002596,L4,Pump Maintenance,False,False,False,Supervisor
EMP015600,EQ00002596,L3,Pump Maintenance,False,False,False,Supervisor
EMP045547,EQ00002596,L4,Pump Maintenance,False,False,False,Supervisor
EMP005010,EQ00002596,L3,Pump Maintenance,True,False,False,Maintenance
EMP002356,EQ00002596,L2,Pump Maintenance,False,True,False,Maintenance
EMP018461,EQ00002596,L2,Pump Maintenance,False,True,False,Operator
EMP018627,EQ00000001,L2,Gas Testing,True,False,False,Inspector
EMP041833,EQ00000001,L5,Gas Testing,True,True,True,Supervisor
EMP003371,EQ00000001,L3,Gas Testing,False,False,False,Operator
EMP044209,EQ00000001,L4,Gas Testing,False,False,False,Operator
EMP024750,EQ00000001,L6,Gas Testing,True,True,True,Operator
EMP002451,EQ00000001,L3,Gas Testing,False,True,False,Supervisor
EMP014231,EQ00002757,L2,Calibration,False,False,False,Operator
EMP041947,EQ00002757,L4,Calibration,True,True,True,Supervisor
EMP031492,EQ00002757,L4,Calibration,True,True,True,Inspector
EMP019119,EQ00002757,L4,Calibration,True,True,True,Maintenance
EMP039128,EQ00001045,L4,Motor Maintenance,False,False,False,Maintenance
EMP028126,EQ00001045,L3,Motor Maintenance,False,False,False,Inspector
EMP010379,EQ00001381,L5,Control Systems,True,True,True,Maintenance
EMP043916,EQ00001381,L4,Control Systems,True,True,True,Maintenance
EMP030977,EQ00001381,L3,Control Systems,True,True,False,Operator
EMP003787,EQ00001381,L4,Control Systems,True,True,True,Maintenance
EMP036444,EQ00001381,L2,Control Systems,False,False,False,Inspector
EMP044073,EQ00001400,L4,Process Isolation,True,True,True,Supervisor
EMP024356,EQ00001400,L6,Process Isolation,True,False,False,Inspector
EMP022393,EQ00001400,L3,Process Isolation,True,False,False,Operator
EMP045412,EQ00001400,L3,Process Isolation,True,False,False,Operator
EMP039695,EQ00001665,L3,Permit to Work,False,True,False,Inspector
EMP000189,EQ00001665,L4,Permit to Work,False,False,False,Inspector
EMP017165,EQ00001665,L5,Permit to Work,False,True,False,Inspector
EMP015363,EQ00001665,L2,Permit to Work,True,False,False,Operator
EMP009956,EQ00001665,L3,Permit to Work,False,False,False,Operator
EMP011148,EQ00001443,L3,Instrumentation,False,False,False,Supervisor
EMP040199,EQ00001443,L3,Instrumentation,True,False,False,Supervisor
EMP010284,EQ00001443,L5,Instrumentation,True,True,True,Supervisor
EMP016036,EQ00001443,L4,Instrumentation,False,False,False,Inspector
EMP022004,EQ00001443,L4,Instrumentation,False,False,False,Operator
EMP007567,EQ00001443,L5,Instrumentation,True,True,True,Maintenance
EMP020401,EQ00001443,L4,Instrumentation,False,False,False,Inspector
EMP049491,EQ00000896,L4,Workshop Safety,True,True,True,Operator
EMP039238,EQ00000896,L3,Workshop Safety,False,False,False,Supervisor
EMP035420,EQ00000896,L3,Workshop Safety,True,False,False,Maintenance
EMP003437,EQ00000896,L3,Workshop Safety,False,False,False,Operator
EMP000899,EQ00000896,L2,Workshop Safety,False,False,False,Inspector
EMP013647,EQ00001982,L4,Hot Work,True,False,False,Supervisor
EMP039222,EQ00001982,L3,Hot Work,True,True,False,Supervisor
EMP027267,EQ00001663,L4,Line of Fire Awareness,False,False,False,Maintenance
EMP004506,EQ00001663,L3,Line of Fire Awareness,False,False,False,Maintenance
EMP018077,EQ00001663,L4,Line of Fire Awareness,False,False,False,Supervisor
EMP038106,EQ00001663,L4,Line of Fire Awareness,False,False,False,Inspector
EMP046037,EQ00001663,L3,Line of Fire Awareness,False,False,False,Inspector
EMP046821,EQ00001663,L6,Line of Fire Awareness,True,True,True,Operator
EMP047853,EQ00001663,L3,Line of Fire Awareness,False,True,False,Operator
EMP032500,EQ00001663,L3,Line of Fire Awareness,False,False,False,Maintenance
EMP042584,EQ00001354,L5,Process Safety,True,True,True,Maintenance
EMP047888,EQ00001354,L6,Process Safety,True,True,True,Maintenance
EMP005481,EQ00001354,L5,Process Safety,True,True,True,Inspector
EMP010385,EQ00001354,L5,Process Safety,True,True,True,Maintenance
EMP022147,EQ00001354,L3,Process Safety,False,True,False,Supervisor
EMP001615,EQ00001354,L3,Process Safety,False,False,False,Maintenance
EMP028160,EQ00001354,L2,Process Safety,False,False,False,Supervisor
EMP027832,EQ00001354,L3,Process Safety,True,False,False,Supervisor
EMP004734,EQ00001789,L5,Mechanical Inspection,True,True,True,Operator
EMP036034,EQ00001789,L5,Mechanical Inspection,True,True,True,Operator
EMP035301,EQ00001789,L2,Mechanical Inspection,True,False,False,Maintenance
EMP022574,EQ00001789,L4,Mechanical Inspection,True,True,True,Inspector
EMP023160,EQ00000846,L2,Permit to Work,True,False,False,Operator
EMP010046,EQ00000846,L4,Permit to Work,False,False,False,Maintenance
EMP014850,EQ00000846,L3,Permit to Work,False,True,False,Inspector
EMP035406,EQ00000846,L3,Permit to Work,False,False,False,Maintenance
EMP008555,EQ00000846,L3,Permit to Work,False,False,False,Inspector
EMP027566,EQ00002121,L3,Machine Tool Operation,True,True,True,Supervisor
EMP030990,EQ00002121,L5,Machine Tool Operation,False,True,False,Operator
EMP007494,EQ00002121,L4,Machine Tool Operation,True,True,True,Inspector
EMP047646,EQ00001996,L3,Hydrotest Safety,False,False,False,Supervisor
EMP044574,EQ00001996,L5,Hydrotest Safety,True,True,True,Maintenance
EMP021699,EQ00001996,L3,Hydrotest Safety,False,False,False,Operator
EMP022850,EQ00001996,L4,Hydrotest Safety,False,False,False,Inspector
EMP015971,EQ00001996,L5,Hydrotest Safety,True,True,True,Maintenance
EMP046039,EQ00001996,L3,Hydrotest Safety,False,True,False,Supervisor
EMP043984,EQ00001996,L2,Hydrotest Safety,False,False,False,Operator
EMP038097,EQ00002796,L4,Isolation/LOTO,True,False,False,Operator
EMP038829,EQ00002796,L2,Isolation/LOTO,False,False,False,Maintenance
EMP030376,EQ00002606,L4,Chemical Handling,True,False,False,Supervisor
EMP001891,EQ00002606,L2,Chemical Handling,True,False,False,Maintenance
EMP018918,EQ00002606,L5,Chemical Handling,True,True,True,Operator
EMP007835,EQ00002606,L2,Chemical Handling,True,True,False,Maintenance
EMP016305,EQ00002606,L4,Chemical Handling,False,True,False,Maintenance
EMP022451,EQ00002665,L3,Valve Maintenance,True,True,False,Supervisor
EMP000483,EQ00002665,L3,Valve Maintenance,False,True,False,Supervisor
EMP008195,EQ00002665,L3,Valve Maintenance,False,False,False,Maintenance
EMP038215,EQ00002665,L3,Valve Maintenance,False,False,False,Supervisor
EMP048977,EQ00002665,L3,Valve Maintenance,True,False,False,Operator
EMP023107,EQ00002665,L5,Valve Maintenance,True,True,True,Operator
EMP032330,EQ00002665,L4,Valve Maintenance,False,False,False,Inspector
EMP045037,EQ00000269,L3,Permit to Work,False,False,False,Inspector
EMP040490,EQ00000269,L2,Permit to Work,False,False,False,Maintenance
EMP017338,EQ00000269,L3,Permit to Work,False,False,False,Inspector
EMP038856,EQ00000269,L4,Permit to Work,False,False,False,Supervisor
EMP043694,EQ00000269,L3,Permit to Work,True,False,False,Operator
EMP020118,EQ00000269,L3,Permit to Work,False,False,False,Inspector
EMP006238,EQ00001760,L4,Switchgear Operation,False,False,False,Inspector
EMP007250,EQ00001760,L5,Switchgear Operation,True,True,True,Inspector
EMP002340,EQ00001760,L3,Switchgear Operation,True,False,False,Supervisor
EMP001580,EQ00001760,L4,Switchgear Operation,False,False,False,Inspector
EMP020679,EQ00001760,L3,Switchgear Operation,True,False,False,Inspector
EMP038191,EQ00001760,L5,Switchgear Operation,True,True,True,Inspector
EMP026818,EQ00001760,L2,Switchgear Operation,True,False,False,Inspector
EMP042091,EQ00000211,L5,Line of Fire Awareness,False,True,False,Maintenance
EMP039668,EQ00000211,L6,Line of Fire Awareness,True,True,True,Supervisor
EMP006430,EQ00000211,L4,Line of Fire Awareness,False,True,False,Supervisor
EMP025894,EQ00000211,L4,Line of Fire Awareness,True,True,True,Maintenance
EMP037669,EQ00001620,L4,Pressure Testing,True,True,False,Maintenance
EMP027288,EQ00001620,L4,Pressure Testing,False,True,False,Inspector
EMP039472,EQ00001620,L4,Pressure Testing,False,True,False,Maintenance
EMP049184,EQ00000764,L4,Pipeline Operations,False,False,False,Supervisor
EMP022194,EQ00000764,L3,Pipeline Operations,True,True,False,Supervisor
EMP029499,EQ00000764,L3,Pipeline Operations,False,False,False,Operator
EMP042028,EQ00000764,L2,Pipeline Operations,False,True,False,Operator
EMP013296,EQ00000764,L3,Pipeline Operations,False,False,False,Operator
EMP020638,EQ00000764,L3,Pipeline Operations,False,True,False,Inspector
EMP049720,EQ00000764,L5,Pipeline Operations,False,True,False,Inspector
EMP024580,EQ00001621,L2,Crane Operation,False,False,False,Maintenance
EMP028825,EQ00001621,L3,Crane Operation,False,False,False,Inspector
EMP011431,EQ00001621,L3,Crane Operation,False,False,False,Maintenance
EMP000175,EQ00001621,L4,Crane Operation,True,False,False,Maintenance
EMP005916,EQ00000698,L2,LOTO,False,True,False,Maintenance
EMP023085,EQ00000698,L4,LOTO,True,True,True,Inspector
EMP009246,EQ00000698,L5,LOTO,True,True,True,Inspector
EMP039460,EQ00000698,L5,LOTO,True,True,True,Supervisor
EMP015610,EQ00002089,L4,Environmental Monitoring,False,False,False,Supervisor
EMP047539,EQ00002089,L4,Environmental Monitoring,False,False,False,Operator
EMP028810,EQ00002089,L6,Environmental Monitoring,True,True,True,Supervisor
EMP042672,EQ00002089,L2,Environmental Monitoring,False,False,False,Inspector
EMP038391,EQ00002089,L2,Environmental Monitoring,True,False,False,Supervisor
EMP025012,EQ00002089,L3,Environmental Monitoring,False,False,False,Inspector
EMP022785,EQ00002089,L3,Environmental Monitoring,False,True,False,Operator
EMP041360,EQ00002089,L4,Environmental Monitoring,False,False,False,Operator
EMP001849,EQ00001600,L5,Valve Maintenance,True,False,False,Inspector
EMP018792,EQ00001600,L4,Valve Maintenance,False,False,False,Maintenance
EMP022444,EQ00002156,L4,Arc Flash Awareness,False,False,False,Maintenance
EMP028398,EQ00002156,L6,Arc Flash Awareness,True,True,True,Maintenance
EMP010187,EQ00002156,L5,Arc Flash Awareness,True,False,False,Supervisor
EMP014007,EQ00002156,L3,Arc Flash Awareness,True,True,False,Supervisor
EMP030916,EQ00002760,L2,Pipeline Operations,False,False,False,Supervisor
EMP010791,EQ00002760,L4,Pipeline Operations,True,True,True,Operator
EMP031802,EQ00002760,L3,Pipeline Operations,False,False,False,Maintenance
EMP009437,EQ00002760,L4,Pipeline Operations,True,True,True,Supervisor
EMP023542,EQ00002760,L4,Pipeline Operations,True,True,True,Operator
EMP030736,EQ00002760,L4,Pipeline Operations,True,True,True,Operator
EMP034448,EQ00002760,L3,Pipeline Operations,False,False,False,Inspector
EMP036895,EQ00002760,L3,Pipeline Operations,True,False,False,Inspector
EMP016910,EQ00002715,L2,LOTO,False,False,False,Maintenance
EMP029928,EQ00002715,L5,LOTO,True,True,True,Operator
EMP024912,EQ00002715,L2,LOTO,False,False,False,Supervisor
EMP049842,EQ00002715,L4,LOTO,False,False,False,Supervisor
EMP001149,EQ00002715,L5,LOTO,False,False,False,Maintenance
EMP012563,EQ00002615,L4,Process Isolation,False,False,False,Inspector
EMP040836,EQ00002615,L5,Process Isolation,True,True,True,Supervisor
EMP024737,EQ00002615,L3,Process Isolation,False,False,False,Supervisor
EMP039004,EQ00002615,L2,Process Isolation,False,True,False,Maintenance
EMP016505,EQ00002615,L3,Process Isolation,False,False,False,Supervisor
EMP038089,EQ00001779,L4,Hydrotest Safety,False,False,False,Operator
EMP016134,EQ00001779,L2,Hydrotest Safety,False,False,False,Maintenance
EMP044624,EQ00001779,L3,Hydrotest Safety,False,False,False,Operator
EMP018434,EQ00001779,L4,Hydrotest Safety,True,False,False,Maintenance
EMP012122,EQ00001779,L3,Hydrotest Safety,True,True,False,Inspector
EMP049857,EQ00001779,L3,Hydrotest Safety,True,False,False,Inspector
EMP034781,EQ00001779,L3,Hydrotest Safety,True,False,False,Supervisor
EMP000052,EQ00001028,L4,LOTO,True,False,False,Inspector
EMP013343,EQ00001028,L3,LOTO,False,False,False,Maintenance
EMP019028,EQ00001028,L4,LOTO,False,False,False,Supervisor
EMP028886,EQ00001691,L2,Rig Floor Safety,False,False,False,Supervisor
EMP048968,EQ00001691,L4,Rig Floor Safety,True,False,False,Supervisor
EMP012550,EQ00001691,L5,Rig Floor Safety,True,True,True,Inspector
EMP032813,EQ00001691,L4,Rig Floor Safety,False,False,False,Operator
EMP018153,EQ00001691,L3,Rig Floor Safety,False,True,False,Inspector
EMP038257,EQ00001691,L5,Rig Floor Safety,True,True,True,Operator
EMP026993,EQ00001691,L5,Rig Floor Safety,True,True,True,Operator
EMP049326,EQ00001691,L4,Rig Floor Safety,True,False,False,Inspector
EMP029089,EQ00001619,L3,Isolation/LOTO,True,False,False,Inspector
EMP041479,EQ00001619,L4,Isolation/LOTO,False,True,False,Maintenance
EMP025924,EQ00001619,L2,Isolation/LOTO,False,True,False,Maintenance
EMP046288,EQ00001619,L3,Isolation/LOTO,False,True,False,Supervisor
EMP009998,EQ00001619,L6,Isolation/LOTO,True,True,True,Maintenance
EMP017674,EQ00001619,L2,Isolation/LOTO,True,False,False,Inspector
EMP048410,EQ00001619,L4,Isolation/LOTO,False,False,False,Supervisor
EMP031117,EQ00001619,L3,Isolation/LOTO,True,True,False,Operator
EMP009745,EQ00002107,L3,Workshop Safety,True,False,False,Supervisor
EMP027980,EQ00002107,L6,Workshop Safety,False,True,False,Maintenance
EMP013955,EQ00002107,L6,Workshop Safety,True,True,True,Supervisor
EMP036783,EQ00002107,L4,Workshop Safety,False,False,False,Inspector
EMP016565,EQ00002107,L5,Workshop Safety,True,True,True,Inspector
EMP025089,EQ00002107,L4,Workshop Safety,True,False,False,Operator
EMP033824,EQ00001666,L4,Well Control,True,True,True,Inspector
EMP023224,EQ00001666,L3,Well Control,True,True,True,Maintenance
EMP008045,EQ00002481,L3,Lifting Gear Inspection,False,False,False,Maintenance
EMP029533,EQ00002481,L3,Lifting Gear Inspection,False,False,False,Supervisor
EMP022332,EQ00002481,L2,Lifting Gear Inspection,True,False,False,Maintenance
EMP008403,EQ00002481,L4,Lifting Gear Inspection,False,False,False,Inspector
EMP041715,EQ00002481,L2,Lifting Gear Inspection,True,True,False,Supervisor
EMP048498,EQ00000108,L3,Pressure Vessel Safety,False,False,False,Maintenance
EMP040513,EQ00000108,L3,Pressure Vessel Safety,False,False,False,Maintenance
EMP006677,EQ00000108,L4,Pressure Vessel Safety,True,True,False,Operator
EMP020661,EQ00000540,L4,Lifting Gear Inspection,False,False,False,Operator
EMP023810,EQ00000540,L3,Lifting Gear Inspection,True,False,False,Operator
EMP016481,EQ00000540,L3,Lifting Gear Inspection,False,True,False,Operator
EMP006385,EQ00000540,L3,Lifting Gear Inspection,False,False,False,Inspector
EMP024287,EQ00000540,L3,Lifting Gear Inspection,True,False,False,Maintenance
EMP044395,EQ00002193,L3,Welding Safety,False,False,False,Inspector
EMP013880,EQ00002193,L6,Welding Safety,True,True,True,Operator
EMP044573,EQ00002233,L3,Hydrotest Safety,False,False,False,Operator
EMP004278,EQ00002233,L3,Hydrotest Safety,False,False,False,Supervisor
EMP034305,EQ00002233,L5,Hydrotest Safety,True,False,False,Operator
EMP011919,EQ00000757,L3,Calibration,False,True,False,Inspector
EMP025187,EQ00000757,L4,Calibration,True,False,False,Operator
EMP003942,EQ00000757,L5,Calibration,True,True,True,Operator
EMP024961,EQ00000757,L2,Calibration,False,False,False,Supervisor
EMP020344,EQ00000757,L2,Calibration,False,False,False,Operator
EMP009511,EQ00000757,L4,Calibration,False,False,False,Inspector
EMP022646,EQ00000757,L2,Calibration,False,False,False,Operator
EMP003174,EQ00002693,L2,Rig Floor Safety,True,False,False,Supervisor
EMP016609,EQ00002693,L3,Rig Floor Safety,True,False,False,Supervisor
EMP019035,EQ00001926,L3,Control Systems,True,False,False,Operator
EMP017267,EQ00001926,L3,Control Systems,False,False,False,Inspector
EMP007349,EQ00001926,L4,Control Systems,True,False,False,Supervisor
EMP035088,EQ00000502,L3,Isolation/LOTO,True,False,False,Maintenance
EMP028376,EQ00000502,L3,Isolation/LOTO,False,False,False,Operator
EMP043220,EQ00000502,L4,Isolation/LOTO,False,False,False,Supervisor
EMP011711,EQ00000502,L5,Isolation/LOTO,True,True,True,Operator
EMP023895,EQ00000502,L3,Isolation/LOTO,True,False,False,Maintenance
EMP025532,EQ00000502,L4,Isolation/LOTO,False,False,False,Operator
EMP019508,EQ00000165,L5,Electrical Safety,True,True,True,Inspector
EMP007055,EQ00000165,L3,Electrical Safety,False,True,False,Inspector
EMP043608,EQ00000324,L2,Electrical Isolation/LOTO,False,False,False,Supervisor
EMP037628,EQ00000324,L3,Electrical Isolation/LOTO,False,False,False,Supervisor
EMP019925,EQ00001776,L2,Motor Maintenance,False,False,False,Supervisor
EMP026669,EQ00001776,L3,Motor Maintenance,False,True,False,Maintenance
EMP049097,EQ00002648,L3,Mechanical Inspection,False,False,False,Supervisor
EMP021691,EQ00002648,L5,Mechanical Inspection,True,True,True,Inspector
EMP014586,EQ00002648,L3,Mechanical Inspection,False,False,False,Supervisor
EMP026861,EQ00002648,L4,Mechanical Inspection,False,True,False,Operator
EMP006641,EQ00002648,L4,Mechanical Inspection,False,True,False,Operator
EMP025764,EQ00002648,L3,Mechanical Inspection,False,False,False,Supervisor
EMP037401,EQ00001764,L3,Motor Maintenance,True,False,False,Inspector
EMP038753,EQ00001764,L5,Motor Maintenance,True,True,True,Inspector
EMP018504,EQ00001764,L3,Motor Maintenance,False,False,False,Supervisor
EMP021656,EQ00001764,L2,Motor Maintenance,False,False,False,Maintenance
EMP038912,EQ00001764,L3,Motor Maintenance,True,False,False,Maintenance
EMP023849,EQ00001764,L5,Motor Maintenance,True,True,True,Supervisor
EMP020962,EQ00001764,L2,Motor Maintenance,False,True,False,Maintenance
EMP043841,EQ00000808,L5,Pressure Testing,True,True,True,Inspector
EMP035558,EQ00000808,L2,Pressure Testing,False,False,False,Supervisor
EMP014327,EQ00000808,L3,Pressure Testing,False,True,False,Maintenance
EMP040634,EQ00000808,L2,Pressure Testing,False,False,False,Supervisor
EMP035309,EQ00001027,L2,Hydrotest Safety,False,False,False,Maintenance
EMP027724,EQ00001027,L3,Hydrotest Safety,False,False,False,Supervisor
EMP024070,EQ00001027,L3,Hydrotest Safety,False,False,False,Inspector
EMP045693,EQ00002252,L3,Crane Operation,False,False,False,Supervisor
EMP045422,EQ00002252,L6,Crane Operation,False,True,False,Maintenance
EMP026242,EQ00002252,L4,Crane Operation,False,True,False,Supervisor
EMP000051,EQ00002252,L6,Crane Operation,True,True,True,Maintenance
EMP016687,EQ00002252,L3,Crane Operation,False,False,False,Inspector
EMP000420,EQ00002252,L4,Crane Operation,True,False,False,Operator
EMP036993,EQ00002252,L5,Crane Operation,True,True,True,Inspector
EMP046155,EQ00002252,L6,Crane Operation,True,True,True,Inspector
EMP004471,EQ00000459,L5,Line of Fire Awareness,True,True,True,Inspector
EMP011900,EQ00000459,L2,Line of Fire Awareness,False,False,False,Supervisor
EMP008060,EQ00000459,L4,Line of Fire Awareness,True,True,True,Inspector
EMP025867,EQ00000459,L2,Line of Fire Awareness,True,True,False,Supervisor
EMP029436,EQ00000459,L5,Line of Fire Awareness,True,True,True,Inspector
EMP007293,EQ00002624,L2,Crane Operation,False,True,False,Supervisor
EMP034477,EQ00002624,L4,Crane Operation,True,False,False,Supervisor
EMP012247,EQ00002624,L2,Crane Operation,False,True,False,Operator
EMP024034,EQ00002624,L3,Crane Operation,False,False,False,Supervisor
EMP043044,EQ00002624,L2,Crane Operation,True,False,False,Operator
EMP024995,EQ00002624,L2,Crane Operation,True,True,False,Supervisor
EMP009023,EQ00002624,L3,Crane Operation,True,False,False,Inspector
EMP032428,EQ00002624,L4,Crane Operation,False,False,False,Inspector
EMP013497,EQ00000407,L5,Isolation/LOTO,True,True,True,Maintenance
EMP021549,EQ00000407,L4,Isolation/LOTO,False,False,False,Inspector
EMP039985,EQ00000407,L2,Isolation/LOTO,False,True,False,Supervisor
EMP008263,EQ00000407,L4,Isolation/LOTO,True,False,False,Operator
EMP003591,EQ00000407,L6,Isolation/LOTO,True,True,True,Inspector
EMP045750,EQ00000742,L4,Control Systems,False,False,False,Operator
EMP028284,EQ00000742,L3,Control Systems,False,False,False,Maintenance
EMP012981,EQ00000742,L3,Control Systems,True,False,False,Supervisor
EMP033948,EQ00000742,L3,Control Systems,False,False,False,Inspector
EMP026634,EQ00002327,L4,Permit to Work,False,True,False,Maintenance
EMP038146,EQ00002327,L6,Permit to Work,True,True,True,Operator
EMP038822,EQ00001535,L3,Isolation/LOTO,False,True,False,Operator
EMP043278,EQ00001535,L3,Isolation/LOTO,False,True,False,Maintenance
EMP002648,EQ00001535,L3,Isolation/LOTO,False,False,False,Supervisor
EMP000642,EQ00001535,L3,Isolation/LOTO,False,False,False,Supervisor
EMP001629,EQ00002550,L2,Defensive Driving,False,True,False,Inspector
EMP019857,EQ00002550,L2,Defensive Driving,False,False,False,Maintenance
EMP013985,EQ00002550,L6,Defensive Driving,True,True,True,Supervisor
EMP022682,EQ00002550,L2,Defensive Driving,False,False,False,Inspector
EMP028304,EQ00002550,L3,Defensive Driving,False,False,False,Inspector
EMP020277,EQ00002550,L3,Defensive Driving,False,False,False,Supervisor
EMP039931,EQ00002550,L2,Defensive Driving,False,False,False,Inspector
EMP010359,EQ00002550,L2,Defensive Driving,False,False,False,Supervisor
EMP001756,EQ00001814,L5,Rig Floor Safety,False,True,False,Operator
EMP007968,EQ00001814,L2,Rig Floor Safety,False,False,False,Maintenance
EMP041568,EQ00001814,L4,Rig Floor Safety,False,False,False,Supervisor
EMP032366,EQ00001814,L3,Rig Floor Safety,False,False,False,Maintenance
EMP010570,EQ00001814,L4,Rig Floor Safety,True,True,False,Supervisor
EMP030908,EQ00001814,L4,Rig Floor Safety,False,False,False,Inspector
EMP018865,EQ00001814,L4,Rig Floor Safety,False,False,False,Operator
EMP045617,EQ00000374,L3,Machine Tool Operation,False,False,False,Maintenance
EMP049366,EQ00000374,L4,Machine Tool Operation,True,True,True,Inspector
EMP017294,EQ00000374,L5,Machine Tool Operation,True,True,True,Inspector
EMP024519,EQ00000374,L5,Machine Tool Operation,True,True,True,Supervisor
EMP046442,EQ00000374,L5,Machine Tool Operation,True,True,True,Maintenance
EMP019858,EQ00001694,L5,Motor Maintenance,True,True,True,Inspector
EMP017456,EQ00001694,L4,Motor Maintenance,False,False,False,Operator
EMP025591,EQ00001694,L5,Motor Maintenance,True,True,True,Operator
EMP027988,EQ00001694,L5,Motor Maintenance,True,True,True,Supervisor
EMP024693,EQ00001694,L3,Motor Maintenance,False,False,False,Operator
EMP044336,EQ00001694,L2,Motor Maintenance,False,False,False,Inspector
EMP003312,EQ00001694,L4,Motor Maintenance,False,True,False,Operator
EMP031354,EQ00002403,L4,Pressure Systems Safety,False,False,False,Operator
EMP015254,EQ00002403,L4,Pressure Systems Safety,False,False,False,Operator
EMP007332,EQ00002403,L5,Pressure Systems Safety,True,True,True,Operator
EMP016497,EQ00002403,L3,Pressure Systems Safety,False,False,False,Maintenance
EMP031453,EQ00002403,L4,Pressure Systems Safety,False,False,False,Supervisor
EMP001188,EQ00002403,L2,Pressure Systems Safety,False,False,False,Operator
EMP046209,EQ00000204,L2,Pipeline Operations,True,False,False,Operator
EMP018403,EQ00000204,L6,Pipeline Operations,True,False,False,Supervisor
EMP043981,EQ00000204,L4,Pipeline Operations,True,True,True,Operator
EMP015132,EQ00001675,L6,Permit to Work,True,False,False,Operator
EMP023053,EQ00001675,L4,Permit to Work,False,True,False,Supervisor
EMP014841,EQ00001675,L3,Permit to Work,True,False,False,Operator
EMP007294,EQ00001675,L3,Permit to Work,True,True,False,Supervisor
EMP012382,EQ00001675,L4,Permit to Work,True,False,False,Supervisor
EMP000886,EQ00002568,L2,Permit to Work,True,False,False,Maintenance
EMP014823,EQ00002568,L3,Permit to Work,False,False,False,Operator
EMP029080,EQ00002568,L6,Permit to Work,True,True,True,Maintenance
EMP023062,EQ00002184,L4,Permit to Work,False,True,False,Inspector
EMP019791,EQ00002184,L2,Permit to Work,False,False,False,Operator
EMP007276,EQ00002184,L5,Permit to Work,True,True,True,Inspector
EMP026443,EQ00002184,L3,Permit to Work,False,True,False,Maintenance
EMP036270,EQ00002184,L4,Permit to Work,True,True,True,Supervisor
EMP015461,EQ00001968,L2,Instrumentation,False,False,False,Inspector
EMP040929,EQ00001968,L5,Instrumentation,True,False,False,Supervisor
EMP014086,EQ00000687,L3,Crane Operation,False,False,False,Inspector
EMP036161,EQ00000687,L6,Crane Operation,True,True,True,Operator
EMP046393,EQ00002017,L5,Process Operations,True,True,True,Supervisor
EMP020641,EQ00002017,L3,Process Operations,True,False,False,Inspector
EMP016993,EQ00002017,L4,Process Operations,False,False,False,Supervisor
EMP044389,EQ00001888,L4,Hydrotest Safety,False,False,False,Operator
EMP037521,EQ00001888,L3,Hydrotest Safety,True,False,False,Operator
EMP029034,EQ00001888,L4,Hydrotest Safety,False,False,False,Inspector
EMP032975,EQ00000841,L3,Drilling Operations,False,False,False,Operator
EMP017757,EQ00000841,L4,Drilling Operations,False,False,False,Supervisor
EMP042128,EQ00000841,L4,Drilling Operations,False,False,False,Supervisor
EMP044204,EQ00000297,L4,Workshop Safety,False,True,False,Maintenance
EMP019520,EQ00000297,L4,Workshop Safety,True,False,False,Inspector
EMP031306,EQ00000297,L3,Workshop Safety,False,False,False,Supervisor
EMP035462,EQ00000297,L3,Workshop Safety,False,False,False,Inspector
EMP006262,EQ00000297,L5,Workshop Safety,True,True,True,Maintenance
EMP030749,EQ00000297,L5,Workshop Safety,True,True,True,Inspector
EMP004677,EQ00001383,L2,Rig Floor Safety,True,False,False,Operator
EMP042632,EQ00001383,L2,Rig Floor Safety,True,False,False,Inspector
EMP005614,EQ00001931,L3,Hot Work,True,True,False,Maintenance
EMP017589,EQ00001931,L3,Hot Work,True,False,False,Operator
EMP002854,EQ00001931,L5,Hot Work,True,True,True,Inspector
EMP008389,EQ00001214,L4,Hot Work,True,False,False,Supervisor
EMP036708,EQ00001214,L2,Hot Work,True,True,False,Inspector
EMP027555,EQ00002256,L4,Fire Water Systems,True,True,True,Maintenance
EMP019167,EQ00002256,L2,Fire Water Systems,True,False,False,Inspector
EMP031809,EQ00002256,L3,Fire Water Systems,True,False,False,Maintenance
EMP027111,EQ00002256,L5,Fire Water Systems,True,True,True,Supervisor
EMP029062,EQ00002256,L2,Fire Water Systems,False,False,False,Operator
EMP003819,EQ00002256,L5,Fire Water Systems,True,True,True,Maintenance
EMP030567,EQ00002256,L6,Fire Water Systems,True,True,True,Supervisor
EMP011609,EQ00002256,L2,Fire Water Systems,True,False,False,Inspector
EMP014454,EQ00001750,L6,Isolation/LOTO,True,True,True,Inspector
EMP038283,EQ00001750,L2,Isolation/LOTO,False,True,False,Supervisor
EMP048761,EQ00001750,L3,Isolation/LOTO,False,False,False,Operator
EMP007126,EQ00001750,L3,Isolation/LOTO,True,False,False,Operator
EMP017150,EQ00001750,L2,Isolation/LOTO,False,False,False,Operator
EMP031971,EQ00001750,L5,Isolation/LOTO,True,True,True,Maintenance
EMP035935,EQ00001750,L3,Isolation/LOTO,False,False,False,Maintenance
EMP020771,EQ00001750,L2,Isolation/LOTO,False,False,False,Maintenance
EMP002311,EQ00000212,L3,Pressure Systems Safety,False,False,False,Operator
EMP005036,EQ00000212,L3,Pressure Systems Safety,False,False,False,Maintenance
EMP037419,EQ00001950,L3,LOTO,False,False,False,Operator
EMP045493,EQ00001950,L6,LOTO,True,True,True,Maintenance
EMP011204,EQ00001950,L4,LOTO,False,False,False,Inspector
EMP031013,EQ00001950,L2,LOTO,False,True,False,Supervisor
EMP037408,EQ00001950,L4,LOTO,True,True,False,Operator
EMP037409,EQ00001950,L3,LOTO,False,False,False,Supervisor
EMP042473,EQ00001496,L6,Permit to Work,True,True,True,Maintenance
EMP036976,EQ00001496,L6,Permit to Work,True,True,True,Maintenance
EMP028219,EQ00001496,L2,Permit to Work,False,False,False,Inspector
EMP027132,EQ00000586,L4,Lifting Gear Inspection,True,True,True,Maintenance
EMP026095,EQ00000586,L3,Lifting Gear Inspection,False,False,False,Maintenance
EMP001717,EQ00000586,L2,Lifting Gear Inspection,False,False,False,Inspector
EMP047504,EQ00000586,L4,Lifting Gear Inspection,True,True,True,Supervisor
EMP023173,EQ00000586,L4,Lifting Gear Inspection,True,True,True,Operator
EMP021356,EQ00002809,L2,Workshop Safety,True,False,False,Inspector
EMP018161,EQ00002809,L4,Workshop Safety,False,False,False,Supervisor
EMP012879,EQ00000461,L4,Vibration Monitoring,False,False,False,Maintenance
EMP036316,EQ00000461,L3,Vibration Monitoring,False,False,False,Supervisor
EMP007280,EQ00000461,L4,Vibration Monitoring,False,False,False,Inspector
EMP012668,EQ00000461,L4,Vibration Monitoring,False,False,False,Inspector
EMP005846,EQ00000461,L3,Vibration Monitoring,False,False,False,Maintenance
EMP002398,EQ00000461,L2,Vibration Monitoring,False,False,False,Supervisor
EMP048890,EQ00000461,L2,Vibration Monitoring,False,False,False,Supervisor
EMP030355,EQ00000188,L3,Instrumentation,False,True,False,Operator
EMP015093,EQ00000188,L3,Instrumentation,False,True,False,Operator
EMP035921,EQ00000188,L3,Instrumentation,False,False,False,Supervisor
EMP022716,EQ00000188,L2,Instrumentation,True,False,False,Maintenance
EMP039477,EQ00000188,L2,Instrumentation,True,False,False,Operator
EMP012461,EQ00000188,L2,Instrumentation,False,False,False,Maintenance
EMP006149,EQ00000188,L4,Instrumentation,False,False,False,Operator
EMP029642,EQ00001023,L5,Defensive Driving,True,True,True,Operator
EMP005791,EQ00001023,L3,Defensive Driving,True,False,False,Supervisor
EMP040302,EQ00001023,L4,Defensive Driving,False,True,False,Supervisor
EMP013292,EQ00001023,L2,Defensive Driving,False,False,False,Supervisor
EMP017578,EQ00001023,L2,Defensive Driving,False,True,False,Operator
EMP044950,EQ00001538,L4,Isolation/LOTO,True,True,True,Supervisor
EMP018321,EQ00001538,L3,Isolation/LOTO,False,True,False,Supervisor
EMP029621,EQ00001538,L3,Isolation/LOTO,True,False,False,Operator
EMP039083,EQ00001538,L2,Isolation/LOTO,False,False,False,Operator
EMP007893,EQ00001347,L5,Electrical Safety,True,True,True,Operator
EMP028387,EQ00001347,L4,Electrical Safety,False,False,False,Inspector
EMP000224,EQ00001347,L3,Electrical Safety,False,False,False,Supervisor
EMP032720,EQ00001347,L4,Electrical Safety,False,False,False,Operator
EMP033517,EQ00001347,L5,Electrical Safety,True,True,True,Maintenance
EMP042862,EQ00001347,L3,Electrical Safety,False,False,False,Inspector
EMP042017,EQ00001347,L4,Electrical Safety,True,False,False,Inspector
EMP025575,EQ00001347,L2,Electrical Safety,True,False,False,Inspector
EMP040641,EQ00001374,L2,LOTO,True,False,False,Operator
EMP036370,EQ00001374,L2,LOTO,False,False,False,Maintenance
EMP028887,EQ00001374,L5,LOTO,True,True,True,Operator
EMP018042,EQ00001374,L5,LOTO,True,True,True,Maintenance
EMP037709,EQ00001374,L3,LOTO,False,False,False,Operator
EMP012704,EQ00001374,L4,LOTO,True,True,True,Maintenance
EMP030525,EQ00001374,L3,LOTO,False,False,False,Maintenance
EMP017732,EQ00001374,L4,LOTO,True,True,True,Supervisor
EMP035027,EQ00001188,L2,Hot Work,False,False,False,Operator
EMP024818,EQ00001188,L3,Hot Work,False,False,False,Inspector
EMP006664,EQ00001188,L4,Hot Work,False,False,False,Maintenance
EMP005844,EQ00001188,L2,Hot Work,True,True,False,Supervisor
EMP032092,EQ00001006,L5,Permit to Work,True,True,True,Operator
EMP010940,EQ00001006,L2,Permit to Work,False,False,False,Maintenance
EMP026032,EQ00001006,L5,Permit to Work,False,True,False,Supervisor
EMP020294,EQ00001006,L5,Permit to Work,True,False,False,Supervisor
EMP045507,EQ00001006,L4,Permit to Work,True,False,False,Operator
EMP049405,EQ00002375,L3,Line of Fire Awareness,False,False,False,Operator
EMP001185,EQ00002375,L2,Line of Fire Awareness,True,False,False,Maintenance
EMP043677,EQ00002375,L6,Line of Fire Awareness,True,True,True,Maintenance
EMP025456,EQ00002375,L2,Line of Fire Awareness,True,False,False,Supervisor
EMP016026,EQ00002375,L3,Line of Fire Awareness,False,False,False,Operator
EMP041117,EQ00002375,L3,Line of Fire Awareness,True,False,False,Operator
EMP018394,EQ00002375,L3,Line of Fire Awareness,False,False,False,Inspector
EMP037992,EQ00002375,L2,Line of Fire Awareness,False,True,False,Inspector
EMP001124,EQ00001041,L5,Isolation/LOTO,True,True,True,Maintenance
EMP018988,EQ00001041,L2,Isolation/LOTO,False,False,False,Maintenance
EMP040232,EQ00001041,L2,Isolation/LOTO,False,False,False,Supervisor
EMP010774,EQ00001792,L3,Instrumentation,False,False,False,Operator
EMP028001,EQ00001792,L4,Instrumentation,False,False,False,Inspector
EMP025639,EQ00001792,L2,Instrumentation,False,False,False,Inspector
EMP037656,EQ00001792,L6,Instrumentation,True,False,False,Maintenance
EMP003325,EQ00002585,L4,Control Systems,True,False,False,Operator
EMP016266,EQ00002585,L4,Control Systems,True,True,False,Maintenance
EMP049158,EQ00001655,L5,Gas Testing,True,False,False,Supervisor
EMP019194,EQ00001655,L3,Gas Testing,False,False,False,Operator
EMP032642,EQ00001655,L2,Gas Testing,False,False,False,Supervisor
EMP023120,EQ00001655,L4,Gas Testing,False,False,False,Supervisor
EMP010253,EQ00001452,L2,Machine Tool Operation,True,True,False,Maintenance
EMP036705,EQ00001452,L4,Machine Tool Operation,True,True,False,Inspector
EMP038267,EQ00001452,L4,Machine Tool Operation,False,False,False,Operator
EMP029586,EQ00001452,L5,Machine Tool Operation,True,True,True,Inspector
EMP010546,EQ00001452,L3,Machine Tool Operation,True,True,False,Maintenance
EMP047106,EQ00001452,L4,Machine Tool Operation,True,False,False,Inspector
EMP025125,EQ00001452,L4,Machine Tool Operation,False,False,False,Operator
EMP001655,EQ00001452,L2,Machine Tool Operation,False,False,False,Inspector
EMP011320,EQ00000196,L6,Isolation/LOTO,True,True,True,Supervisor
EMP040427,EQ00000196,L2,Isolation/LOTO,True,False,False,Maintenance
EMP031342,EQ00000196,L2,Isolation/LOTO,False,True,False,Supervisor
EMP043194,EQ00000196,L2,Isolation/LOTO,True,False,False,Inspector
EMP011962,EQ00000196,L5,Isolation/LOTO,True,True,True,Inspector
EMP007031,EQ00000196,L4,Isolation/LOTO,True,False,False,Operator
EMP040232,EQ00000196,L2,Isolation/LOTO,False,True,False,Supervisor
EMP024609,EQ00001645,L3,Instrumentation,False,False,False,Maintenance
EMP025584,EQ00001645,L4,Instrumentation,False,True,False,Inspector
EMP007763,EQ00001645,L3,Instrumentation,False,False,False,Supervisor
EMP001317,EQ00001645,L4,Instrumentation,False,False,False,Operator
EMP034866,EQ00001645,L2,Instrumentation,False,False,False,Supervisor
EMP046993,EQ00001645,L5,Instrumentation,True,True,True,Maintenance
EMP004199,EQ00001645,L3,Instrumentation,True,False,False,Supervisor
EMP034414,EQ00001972,L5,LOTO,True,True,True,Operator
EMP040257,EQ00001972,L3,LOTO,True,False,False,Operator
EMP006831,EQ00001972,L5,LOTO,True,True,True,Supervisor
EMP007780,EQ00001972,L3,LOTO,True,False,False,Maintenance
EMP049735,EQ00001972,L5,LOTO,True,True,True,Supervisor
EMP041965,EQ00001972,L5,LOTO,True,True,True,Inspector
EMP038905,EQ00001972,L4,LOTO,True,True,True,Inspector
EMP025603,EQ00002120,L4,Lifting Operations,False,False,False,Supervisor
EMP048465,EQ00002120,L2,Lifting Operations,False,False,False,Inspector
EMP036187,EQ00002333,L6,Electrical Safety,True,True,True,Inspector
EMP013274,EQ00002333,L4,Electrical Safety,True,True,True,Supervisor
EMP026945,EQ00002333,L3,Electrical Safety,True,False,False,Operator
EMP033725,EQ00002333,L2,Electrical Safety,False,True,False,Operator
EMP018802,EQ00002333,L5,Electrical Safety,True,True,True,Supervisor
EMP004157,EQ00002246,L4,Crane Operation,False,True,False,Inspector
EMP013800,EQ00002246,L5,Crane Operation,True,True,True,Operator
EMP011152,EQ00002132,L4,Hazardous Material Transport,True,True,True,Operator
EMP048897,EQ00002132,L4,Hazardous Material Transport,False,True,False,Maintenance
EMP020612,EQ00002132,L3,Hazardous Material Transport,True,False,False,Supervisor
EMP029582,EQ00002132,L3,Hazardous Material Transport,False,False,False,Maintenance
EMP026260,EQ00002132,L3,Hazardous Material Transport,False,False,False,Inspector
EMP019323,EQ00002415,L3,Pressure Vessel Safety,True,False,False,Operator
EMP034990,EQ00002415,L3,Pressure Vessel Safety,False,False,False,Operator
EMP002082,EQ00002415,L2,Pressure Vessel Safety,False,False,False,Inspector
EMP016179,EQ00002415,L4,Pressure Vessel Safety,True,True,True,Supervisor
EMP011066,EQ00002415,L2,Pressure Vessel Safety,False,False,False,Maintenance
EMP008323,EQ00002415,L3,Pressure Vessel Safety,True,False,False,Inspector
EMP021284,EQ00001540,L5,Gas Detection,False,False,False,Inspector
EMP002096,EQ00001540,L4,Gas Detection,True,True,False,Maintenance
EMP027330,EQ00001540,L6,Gas Detection,True,True,True,Maintenance
EMP003072,EQ00001540,L4,Gas Detection,True,False,False,Maintenance
EMP046231,EQ00001540,L5,Gas Detection,True,True,True,Supervisor
EMP027757,EQ00001540,L3,Gas Detection,False,False,False,Operator
EMP047074,EQ00001540,L2,Gas Detection,False,True,False,Maintenance
EMP001179,EQ00001365,L4,Workshop Safety,False,False,False,Maintenance
EMP047964,EQ00001365,L5,Workshop Safety,True,True,True,Operator
EMP038365,EQ00001365,L3,Workshop Safety,False,False,False,Supervisor
EMP011519,EQ00001365,L4,Workshop Safety,False,False,False,Inspector
EMP037931,EQ00001365,L2,Workshop Safety,False,False,False,Inspector
EMP023226,EQ00001365,L5,Workshop Safety,False,True,False,Operator
EMP027830,EQ00000473,L2,Permit to Work,False,False,False,Operator
EMP002205,EQ00000473,L4,Permit to Work,False,False,False,Maintenance
EMP046722,EQ00000473,L3,Permit to Work,True,False,False,Maintenance
EMP011923,EQ00000473,L2,Permit to Work,False,False,False,Inspector
EMP002050,EQ00000473,L2,Permit to Work,False,True,False,Supervisor
EMP013831,EQ00000473,L3,Permit to Work,False,False,False,Inspector
EMP049724,EQ00002242,L4,Emergency Response,False,False,False,Supervisor
EMP008887,EQ00002242,L4,Emergency Response,True,False,False,Supervisor
EMP013235,EQ00002242,L4,Emergency Response,False,False,False,Inspector
EMP033144,EQ00001969,L4,Motor Maintenance,False,False,False,Supervisor
EMP025693,EQ00001969,L6,Motor Maintenance,True,True,True,Operator
EMP021687,EQ00000789,L3,Lubrication,True,False,False,Maintenance
EMP041026,EQ00000789,L3,Lubrication,False,True,False,Supervisor
EMP006024,EQ00000789,L2,Lubrication,True,True,False,Operator
EMP029713,EQ00002211,L5,Fire Fighting,True,True,True,Inspector
EMP048013,EQ00002211,L3,Fire Fighting,False,False,False,Supervisor
EMP040326,EQ00002211,L5,Fire Fighting,True,True,True,Supervisor
EMP004347,EQ00002211,L4,Fire Fighting,True,True,True,Operator
EMP028690,EQ00002211,L2,Fire Fighting,True,False,False,Operator
EMP035740,EQ00000284,L5,Fire Water Systems,True,True,True,Operator
EMP016239,EQ00000284,L3,Fire Water Systems,False,False,False,Supervisor
EMP039757,EQ00000284,L5,Fire Water Systems,True,True,True,Operator
EMP001653,EQ00000284,L3,Fire Water Systems,False,True,False,Inspector
EMP026481,EQ00000826,L6,Environmental Monitoring,True,True,True,Operator
EMP031252,EQ00000826,L2,Environmental Monitoring,False,True,False,Operator
EMP043804,EQ00000826,L2,Environmental Monitoring,False,False,False,Maintenance
EMP021943,EQ00000826,L4,Environmental Monitoring,True,False,False,Inspector
EMP040349,EQ00000826,L3,Environmental Monitoring,True,False,False,Maintenance
EMP026878,EQ00000826,L4,Environmental Monitoring,False,False,False,Operator
EMP017201,EQ00001086,L4,Drilling Operations,True,False,False,Operator
EMP009987,EQ00001086,L3,Drilling Operations,True,False,False,Inspector
EMP034407,EQ00001086,L3,Drilling Operations,False,False,False,Inspector
EMP048497,EQ00000222,L3,LOTO,False,False,False,Maintenance
EMP038942,EQ00000222,L4,LOTO,False,False,False,Supervisor
EMP010414,EQ00000222,L3,LOTO,True,False,False,Supervisor
EMP005111,EQ00000222,L6,LOTO,True,False,False,Operator
EMP020391,EQ00000222,L3,LOTO,False,False,False,Inspector
EMP045794,EQ00000770,L4,Calibration,False,True,False,Maintenance
EMP049986,EQ00000770,L3,Calibration,False,False,False,Supervisor
EMP002432,EQ00000770,L5,Calibration,True,True,True,Operator
EMP023803,EQ00000770,L3,Calibration,False,True,False,Operator
EMP034899,EQ00000770,L4,Calibration,False,True,False,Inspector
EMP017054,EQ00002800,L2,Mechanical Inspection,False,False,False,Operator
EMP044162,EQ00002800,L3,Mechanical Inspection,True,False,False,Maintenance
EMP044970,EQ00002800,L3,Mechanical Inspection,False,False,False,Inspector
EMP033634,EQ00002021,L5,Arc Flash Awareness,True,True,True,Inspector
EMP014960,EQ00002021,L3,Arc Flash Awareness,True,False,False,Maintenance
EMP029815,EQ00000237,L3,Control Systems,False,False,False,Operator
EMP022104,EQ00000237,L4,Control Systems,False,False,False,Operator
EMP033668,EQ00000237,L3,Control Systems,False,False,False,Maintenance
EMP044761,EQ00000237,L3,Control Systems,True,True,False,Maintenance
EMP002345,EQ00000237,L6,Control Systems,True,True,True,Supervisor
EMP036299,EQ00000237,L4,Control Systems,True,True,False,Maintenance
EMP012806,EQ00000237,L5,Control Systems,True,True,True,Supervisor
EMP027103,EQ00000237,L3,Control Systems,False,False,False,Operator
EMP043449,EQ00000280,L2,Valve Maintenance,False,False,False,Operator
EMP033754,EQ00000280,L6,Valve Maintenance,True,False,False,Maintenance
EMP032255,EQ00000280,L2,Valve Maintenance,False,False,False,Supervisor
EMP002106,EQ00001378,L3,Gas Testing,False,False,False,Operator
EMP033952,EQ00001378,L3,Gas Testing,False,False,False,Inspector
EMP035487,EQ00001378,L2,Gas Testing,False,False,False,Operator
EMP034564,EQ00001378,L4,Gas Testing,False,False,False,Supervisor
EMP025828,EQ00001378,L4,Gas Testing,False,True,False,Inspector
EMP026947,EQ00001378,L4,Gas Testing,False,False,False,Supervisor
EMP012309,EQ00001378,L2,Gas Testing,False,False,False,Inspector
EMP023796,EQ00000910,L5,Lubrication,True,True,True,Inspector
EMP045376,EQ00000910,L2,Lubrication,False,False,False,Maintenance
EMP003563,EQ00000910,L2,Lubrication,False,True,False,Supervisor
EMP039247,EQ00000910,L4,Lubrication,True,True,True,Maintenance
EMP009012,EQ00000910,L3,Lubrication,False,False,False,Supervisor
EMP025561,EQ00000910,L4,Lubrication,True,True,True,Maintenance
EMP027267,EQ00000614,L4,Workshop Safety,True,False,False,Inspector
EMP033264,EQ00000614,L4,Workshop Safety,False,False,False,Maintenance
EMP038867,EQ00000614,L6,Workshop Safety,True,True,True,Supervisor
EMP041849,EQ00000614,L5,Workshop Safety,True,True,True,Operator
EMP009130,EQ00000614,L6,Workshop Safety,True,True,True,Maintenance
EMP048554,EQ00000614,L4,Workshop Safety,True,False,False,Inspector
EMP028208,EQ00000614,L2,Workshop Safety,False,False,False,Inspector
EMP007324,EQ00000614,L4,Workshop Safety,False,False,False,Supervisor
EMP005642,EQ00002391,L5,SIS/ESD,True,True,True,Operator
EMP019158,EQ00002391,L3,SIS/ESD,True,False,False,Maintenance
EMP026138,EQ00002391,L4,SIS/ESD,False,False,False,Supervisor
EMP034837,EQ00002391,L3,SIS/ESD,False,False,False,Operator
EMP026106,EQ00002549,L2,LOTO,True,False,False,Maintenance
EMP022711,EQ00002549,L3,LOTO,False,True,False,Maintenance
EMP028562,EQ00002549,L4,LOTO,True,True,True,Maintenance
EMP011718,EQ00002549,L4,LOTO,True,True,True,Inspector
EMP037402,EQ00002549,L2,LOTO,False,False,False,Supervisor
EMP023056,EQ00002549,L3,LOTO,True,True,True,Inspector
EMP017528,EQ00002549,L5,LOTO,True,True,True,Operator
EMP004622,EQ00000423,L4,Line of Fire Awareness,True,False,False,Maintenance
EMP012742,EQ00000423,L4,Line of Fire Awareness,False,False,False,Supervisor
EMP004784,EQ00000423,L3,Line of Fire Awareness,False,False,False,Operator
EMP005817,EQ00000423,L2,Line of Fire Awareness,False,False,False,Operator
EMP039124,EQ00000423,L3,Line of Fire Awareness,True,True,False,Supervisor
EMP005435,EQ00000423,L4,Line of Fire Awareness,False,False,False,Supervisor
EMP011399,EQ00000423,L3,Line of Fire Awareness,False,False,False,Maintenance
EMP006004,EQ00000423,L4,Line of Fire Awareness,False,False,False,Maintenance
EMP028831,EQ00001184,L4,Control Systems,False,False,False,Supervisor
EMP012500,EQ00001184,L5,Control Systems,True,True,True,Operator
EMP030770,EQ00001184,L3,Control Systems,False,False,False,Supervisor
EMP036318,EQ00001184,L3,Control Systems,False,False,False,Maintenance
EMP047855,EQ00001184,L4,Control Systems,False,False,False,Supervisor
EMP026077,EQ00001184,L4,Control Systems,False,False,False,Operator
EMP014469,EQ00001184,L4,Control Systems,True,False,False,Operator
EMP024413,EQ00002363,L5,Journey Management,True,True,True,Operator
EMP034642,EQ00002363,L5,Journey Management,True,True,True,Inspector
EMP019813,EQ00002363,L5,Journey Management,True,True,True,Maintenance
EMP042966,EQ00002363,L3,Journey Management,True,False,False,Supervisor
EMP042683,EQ00002363,L4,Journey Management,False,False,False,Operator
EMP019077,EQ00002363,L5,Journey Management,True,True,True,Inspector
EMP044065,EQ00002363,L5,Journey Management,True,True,True,Maintenance
EMP001691,EQ00002363,L2,Journey Management,False,False,False,Operator
EMP047501,EQ00001093,L2,Vibration Monitoring,False,True,False,Inspector
EMP004105,EQ00001093,L3,Vibration Monitoring,False,False,False,Supervisor
EMP027155,EQ00001093,L3,Vibration Monitoring,False,False,False,Supervisor
EMP008349,EQ00002475,L3,Line of Fire Awareness,False,False,False,Supervisor
EMP039029,EQ00002475,L6,Line of Fire Awareness,True,True,True,Operator
EMP025777,EQ00002475,L5,Line of Fire Awareness,True,True,True,Inspector
EMP040670,EQ00002475,L4,Line of Fire Awareness,True,True,True,Maintenance
EMP021005,EQ00002475,L3,Line of Fire Awareness,False,False,False,Inspector
EMP019263,EQ00002475,L2,Line of Fire Awareness,False,False,False,Inspector
EMP014467,EQ00002475,L3,Line of Fire Awareness,False,True,False,Operator
EMP035507,EQ00002475,L5,Line of Fire Awareness,True,True,True,Supervisor
EMP006013,EQ00001795,L6,Calibration,True,True,True,Inspector
EMP019728,EQ00001795,L2,Calibration,True,False,False,Inspector
EMP043032,EQ00001795,L5,Calibration,True,True,True,Supervisor
EMP039260,EQ00001795,L3,Calibration,False,False,False,Inspector
EMP023272,EQ00000248,L2,Well Control,True,False,False,Operator
EMP048132,EQ00000248,L4,Well Control,True,False,False,Supervisor
EMP008119,EQ00000248,L2,Well Control,False,False,False,Maintenance
EMP005956,EQ00000248,L4,Well Control,False,True,False,Supervisor
EMP037693,EQ00001098,L4,Machine Tool Operation,False,False,False,Supervisor
EMP046609,EQ00001098,L3,Machine Tool Operation,False,False,False,Inspector
EMP012120,EQ00001098,L4,Machine Tool Operation,True,False,False,Inspector
EMP003422,EQ00000097,L4,Lifting Gear Inspection,False,False,False,Inspector
EMP042688,EQ00000097,L2,Lifting Gear Inspection,False,False,False,Supervisor
EMP018345,EQ00000097,L3,Lifting Gear Inspection,False,False,False,Supervisor
EMP028911,EQ00000097,L3,Lifting Gear Inspection,False,True,False,Operator
EMP002735,EQ00000097,L6,Lifting Gear Inspection,True,True,True,Maintenance
EMP006982,EQ00000097,L4,Lifting Gear Inspection,False,False,False,Inspector
EMP010498,EQ00000097,L4,Lifting Gear Inspection,True,False,False,Inspector
EMP037370,EQ00000097,L4,Lifting Gear Inspection,False,False,False,Operator
EMP047102,EQ00000815,L2,Permit to Work,True,False,False,Operator
EMP036528,EQ00000815,L2,Permit to Work,False,False,False,Inspector
EMP007121,EQ00000815,L5,Permit to Work,True,True,True,Maintenance
EMP031531,EQ00001607,L3,LOTO,True,False,False,Operator
EMP003757,EQ00001607,L3,LOTO,False,False,False,Supervisor
EMP024541,EQ00001607,L3,LOTO,False,False,False,Maintenance
EMP041975,EQ00001607,L2,LOTO,False,False,False,Operator
EMP025771,EQ00001607,L3,LOTO,False,False,False,Inspector
EMP017219,EQ00000735,L4,Rigging,False,False,False,Operator
EMP047256,EQ00000735,L2,Rigging,False,False,False,Supervisor
EMP034754,EQ00000735,L4,Rigging,False,False,False,Maintenance
EMP007570,EQ00000735,L2,Rigging,False,False,False,Maintenance
EMP015781,EQ00001526,L2,Permit to Work,False,True,False,Operator
EMP031866,EQ00001526,L4,Permit to Work,False,False,False,Inspector
EMP015575,EQ00001526,L2,Permit to Work,False,False,False,Maintenance
EMP006941,EQ00001526,L5,Permit to Work,True,True,True,Supervisor
EMP002405,EQ00001526,L4,Permit to Work,False,False,False,Supervisor
EMP008378,EQ00001526,L3,Permit to Work,False,False,False,Inspector
EMP014561,EQ00001526,L4,Permit to Work,False,False,False,Maintenance
EMP025264,EQ00001526,L4,Permit to Work,False,True,False,Maintenance
EMP045454,EQ00002637,L5,Valve Maintenance,True,True,True,Maintenance
EMP009531,EQ00002637,L2,Valve Maintenance,False,True,False,Inspector
EMP020868,EQ00002637,L5,Valve Maintenance,True,True,True,Supervisor
EMP030927,EQ00001815,L6,Switchgear Operation,True,True,True,Supervisor
EMP026696,EQ00001815,L2,Switchgear Operation,False,False,False,Supervisor
EMP019301,EQ00001815,L4,Switchgear Operation,False,False,False,Operator
EMP045830,EQ00001815,L2,Switchgear Operation,False,True,False,Inspector
EMP010830,EQ00001815,L4,Switchgear Operation,False,False,False,Inspector
EMP006809,EQ00000161,L3,Rigging,False,False,False,Inspector
EMP000881,EQ00000161,L3,Rigging,False,True,False,Inspector
EMP042938,EQ00000161,L3,Rigging,False,False,False,Inspector
EMP043525,EQ00000161,L3,Rigging,True,False,False,Inspector
EMP037640,EQ00000161,L3,Rigging,False,False,False,Inspector
EMP048270,EQ00001991,L5,Hot Work,True,True,True,Supervisor
EMP035482,EQ00001991,L3,Hot Work,True,True,True,Operator
EMP033056,EQ00001991,L4,Hot Work,True,True,True,Operator
EMP043916,EQ00001991,L4,Hot Work,True,True,True,Operator
EMP028779,EQ00001991,L5,Hot Work,True,True,True,Inspector
EMP037832,EQ00001991,L2,Hot Work,False,False,False,Supervisor
EMP012666,EQ00001991,L3,Hot Work,True,True,True,Operator
EMP010792,EQ00002218,L3,Well Control,False,False,False,Inspector
EMP014565,EQ00002218,L3,Well Control,False,False,False,Maintenance
EMP016173,EQ00002218,L5,Well Control,True,True,True,Operator
EMP018610,EQ00002218,L4,Well Control,True,True,True,Supervisor
EMP014502,EQ00002218,L5,Well Control,True,True,True,Supervisor
EMP017473,EQ00002218,L3,Well Control,False,False,False,Supervisor
EMP032017,EQ00002218,L5,Well Control,True,False,False,Operator
EMP042655,EQ00000532,L2,Control Systems,False,False,False,Operator
EMP036722,EQ00000532,L3,Control Systems,True,False,False,Operator
EMP010432,EQ00000532,L2,Control Systems,True,False,False,Inspector
EMP017642,EQ00000532,L4,Control Systems,False,True,False,Supervisor
EMP012385,EQ00000532,L3,Control Systems,False,False,False,Supervisor
EMP003602,EQ00000532,L4,Control Systems,False,False,False,Operator
EMP027161,EQ00000532,L3,Control Systems,False,False,False,Operator
EMP007521,EQ00000532,L3,Control Systems,False,False,False,Inspector
EMP031524,EQ00000640,L2,LOTO,False,False,False,Inspector
EMP033559,EQ00000640,L6,LOTO,True,True,True,Operator
EMP042756,EQ00000380,L6,Lubrication,True,True,True,Operator
EMP028686,EQ00000380,L2,Lubrication,False,False,False,Inspector
EMP022024,EQ00000267,L5,Fire Water Systems,True,True,True,Supervisor
EMP032992,EQ00000267,L4,Fire Water Systems,False,False,False,Maintenance
EMP007638,EQ00000267,L4,Fire Water Systems,False,False,False,Inspector
EMP002610,EQ00000267,L2,Fire Water Systems,False,False,False,Maintenance
EMP035199,EQ00000267,L4,Fire Water Systems,False,False,False,Supervisor
EMP040985,EQ00000267,L2,Fire Water Systems,False,False,False,Supervisor
EMP005072,EQ00002397,L4,Permit to Work,True,True,True,Maintenance
EMP045407,EQ00002397,L3,Permit to Work,False,False,False,Operator
EMP034367,EQ00002397,L3,Permit to Work,True,False,False,Operator
EMP024270,EQ00000490,L3,LOTO,False,False,False,Inspector
EMP026672,EQ00000490,L2,LOTO,False,False,False,Operator
EMP015541,EQ00000490,L3,LOTO,False,True,False,Inspector
EMP036549,EQ00002127,L3,LOTO,True,False,False,Maintenance
EMP044088,EQ00002127,L6,LOTO,True,True,True,Maintenance
EMP041551,EQ00000551,L3,Wastewater Operations,False,True,False,Supervisor
EMP016687,EQ00000551,L3,Wastewater Operations,False,False,False,Inspector
EMP033625,EQ00000551,L3,Wastewater Operations,False,False,False,Inspector
EMP008479,EQ00000551,L4,Wastewater Operations,False,True,False,Operator
EMP004563,EQ00000398,L5,Pressure Testing,True,True,True,Inspector
EMP039247,EQ00000398,L4,Pressure Testing,False,True,False,Inspector
EMP020238,EQ00000398,L5,Pressure Testing,True,True,True,Supervisor
EMP031214,EQ00000398,L2,Pressure Testing,False,True,False,Maintenance
EMP043495,EQ00000398,L4,Pressure Testing,False,False,False,Maintenance
EMP003141,EQ00000398,L3,Pressure Testing,False,True,False,Inspector
EMP025066,EQ00000398,L3,Pressure Testing,False,False,False,Maintenance
EMP008905,EQ00001510,L4,Mechanical Inspection,False,True,False,Inspector
EMP024932,EQ00001510,L4,Mechanical Inspection,False,False,False,Inspector
EMP044059,EQ00001510,L2,Mechanical Inspection,True,False,False,Maintenance
EMP021545,EQ00001510,L5,Mechanical Inspection,True,True,True,Operator
EMP040888,EQ00001510,L4,Mechanical Inspection,False,False,False,Supervisor
EMP009455,EQ00001510,L5,Mechanical Inspection,True,False,False,Operator
EMP001677,EQ00001022,L2,LOTO,False,False,False,Maintenance
EMP017254,EQ00001022,L3,LOTO,False,False,False,Maintenance
EMP033510,EQ00001022,L3,LOTO,False,False,False,Supervisor
EMP003741,EQ00001022,L5,LOTO,True,True,True,Maintenance
EMP010858,EQ00001022,L2,LOTO,True,False,False,Supervisor
EMP022203,EQ00001022,L2,LOTO,False,True,False,Supervisor
EMP012778,EQ00001022,L5,LOTO,True,True,True,Supervisor
EMP019539,EQ00002671,L3,Vibration Monitoring,False,False,False,Operator
EMP030413,EQ00002671,L4,Vibration Monitoring,False,False,False,Operator
EMP006031,EQ00000953,L4,Vehicle Inspection,False,True,False,Maintenance
EMP001317,EQ00000953,L4,Vehicle Inspection,True,True,True,Operator
EMP025057,EQ00000953,L5,Vehicle Inspection,True,True,True,Supervisor
EMP038252,EQ00000953,L5,Vehicle Inspection,True,True,True,Supervisor
EMP049093,EQ00000953,L3,Vehicle Inspection,True,False,False,Supervisor
EMP029043,EQ00000953,L3,Vehicle Inspection,False,False,False,Inspector
EMP003549,EQ00000953,L3,Vehicle Inspection,False,False,False,Maintenance
EMP026367,EQ00000953,L5,Vehicle Inspection,True,True,True,Inspector
EMP025139,EQ00001243,L3,Process Isolation,False,True,False,Supervisor
EMP043161,EQ00001243,L4,Process Isolation,False,False,False,Operator
EMP011351,EQ00001243,L3,Process Isolation,True,False,False,Maintenance
EMP046933,EQ00002151,L4,Welding Safety,True,False,False,Inspector
EMP041687,EQ00002151,L5,Welding Safety,True,True,True,Maintenance
EMP046711,EQ00002151,L5,Welding Safety,False,False,False,Supervisor
EMP045069,EQ00002151,L2,Welding Safety,False,False,False,Supervisor
EMP045936,EQ00002151,L3,Welding Safety,False,False,False,Operator
EMP037085,EQ00002151,L4,Welding Safety,False,False,False,Operator
EMP002286,EQ00002689,L3,Lubrication,False,False,False,Inspector
EMP019472,EQ00002689,L6,Lubrication,True,True,True,Operator
EMP007607,EQ00000653,L3,Line of Fire Awareness,True,True,True,Inspector
EMP035103,EQ00000653,L3,Line of Fire Awareness,True,False,False,Inspector
EMP035743,EQ00001769,L5,Wastewater Operations,True,True,True,Inspector
EMP035288,EQ00001769,L2,Wastewater Operations,False,False,False,Inspector
EMP023977,EQ00001769,L3,Wastewater Operations,True,True,False,Maintenance
EMP049452,EQ00001129,L4,Line of Fire Awareness,True,False,False,Supervisor
EMP021493,EQ00001129,L4,Line of Fire Awareness,True,False,False,Inspector
EMP026146,EQ00001129,L2,Line of Fire Awareness,False,False,False,Inspector
EMP031127,EQ00001129,L4,Line of Fire Awareness,False,False,False,Operator
EMP032904,EQ00001129,L3,Line of Fire Awareness,True,False,False,Operator
EMP028762,EQ00001129,L3,Line of Fire Awareness,False,True,False,Inspector
EMP020805,EQ00001129,L4,Line of Fire Awareness,False,False,False,Inspector
EMP027687,EQ00001083,L4,Wastewater Operations,True,False,False,Operator
EMP013638,EQ00001083,L3,Wastewater Operations,False,False,False,Maintenance
EMP007675,EQ00001083,L3,Wastewater Operations,False,False,False,Maintenance
EMP009801,EQ00001083,L4,Wastewater Operations,True,True,True,Inspector
EMP040630,EQ00001083,L5,Wastewater Operations,True,True,True,Supervisor
EMP017734,EQ00002027,L3,Hazardous Material Transport,False,False,False,Maintenance
EMP016513,EQ00002027,L4,Hazardous Material Transport,False,False,False,Supervisor
EMP011827,EQ00002027,L3,Hazardous Material Transport,False,False,False,Maintenance
EMP024638,EQ00002027,L3,Hazardous Material Transport,False,False,False,Supervisor
EMP008572,EQ00002027,L3,Hazardous Material Transport,True,True,False,Operator
EMP021179,EQ00002027,L3,Hazardous Material Transport,False,False,False,Supervisor
EMP007967,EQ00002027,L3,Hazardous Material Transport,False,True,False,Maintenance
EMP011513,EQ00002027,L5,Hazardous Material Transport,True,False,False,Supervisor
EMP003864,EQ00001505,L3,Vibration Monitoring,False,False,False,Operator
EMP016652,EQ00001505,L2,Vibration Monitoring,False,False,False,Supervisor
EMP030957,EQ00001505,L3,Vibration Monitoring,True,False,False,Supervisor
EMP045412,EQ00001505,L3,Vibration Monitoring,True,False,False,Inspector
EMP040419,EQ00001505,L4,Vibration Monitoring,True,True,True,Supervisor
EMP004146,EQ00001505,L4,Vibration Monitoring,False,True,False,Maintenance
EMP020270,EQ00000431,L3,Electrical Isolation/LOTO,False,False,False,Inspector
EMP020114,EQ00000431,L4,Electrical Isolation/LOTO,True,False,False,Supervisor
EMP017257,EQ00000431,L2,Electrical Isolation/LOTO,False,False,False,Inspector
EMP024076,EQ00000431,L2,Electrical Isolation/LOTO,False,True,False,Operator
EMP004282,EQ00000431,L4,Electrical Isolation/LOTO,False,False,False,Operator
EMP043657,EQ00000082,L3,Mechanical Inspection,True,True,False,Inspector
EMP040028,EQ00000082,L3,Mechanical Inspection,False,False,False,Operator
EMP034828,EQ00000082,L4,Mechanical Inspection,False,True,False,Inspector
EMP008211,EQ00000082,L2,Mechanical Inspection,False,False,False,Operator
EMP026934,EQ00000082,L2,Mechanical Inspection,False,True,False,Supervisor
EMP048559,EQ00000082,L6,Mechanical Inspection,False,True,False,Inspector
EMP015803,EQ00000082,L4,Mechanical Inspection,True,True,False,Inspector
EMP042750,EQ00000082,L3,Mechanical Inspection,False,False,False,Operator
EMP018137,EQ00002393,L5,Welding Safety,True,True,True,Maintenance
EMP011536,EQ00002393,L5,Welding Safety,True,True,True,Maintenance
EMP032870,EQ00002393,L6,Welding Safety,True,True,True,Supervisor
EMP023818,EQ00002393,L3,Welding Safety,True,False,False,Maintenance
EMP035313,EQ00002393,L3,Welding Safety,False,False,False,Inspector
EMP004971,EQ00002393,L3,Welding Safety,False,False,False,Maintenance
EMP028286,EQ00000854,L6,Pipeline Operations,True,False,False,Supervisor
EMP008853,EQ00000854,L2,Pipeline Operations,True,False,False,Maintenance
EMP027295,EQ00000854,L3,Pipeline Operations,True,False,False,Operator
EMP002660,EQ00000854,L4,Pipeline Operations,False,True,False,Supervisor
EMP018033,EQ00000854,L4,Pipeline Operations,False,True,False,Inspector
EMP009494,EQ00000854,L2,Pipeline Operations,False,False,False,Supervisor
EMP020059,EQ00001016,L5,Isolation/LOTO,True,True,True,Inspector
EMP040887,EQ00001016,L3,Isolation/LOTO,False,True,False,Maintenance
EMP018366,EQ00001016,L2,Isolation/LOTO,True,False,False,Maintenance
EMP007440,EQ00000809,L2,Rotating Equipment,False,False,False,Maintenance
EMP017946,EQ00000809,L3,Rotating Equipment,False,False,False,Inspector
EMP041198,EQ00000809,L2,Rotating Equipment,False,False,False,Operator
EMP007726,EQ00000809,L2,Rotating Equipment,False,False,False,Maintenance
EMP040002,EQ00000809,L2,Rotating Equipment,False,False,False,Supervisor
EMP007231,EQ00000809,L2,Rotating Equipment,False,True,False,Supervisor
EMP045124,EQ00001008,L5,Welding Safety,True,True,True,Maintenance
EMP006654,EQ00001008,L2,Welding Safety,True,False,False,Operator
EMP035347,EQ00001008,L3,Welding Safety,False,False,False,Operator
EMP020466,EQ00001008,L2,Welding Safety,False,False,False,Operator
EMP006811,EQ00001008,L4,Welding Safety,True,True,True,Operator
EMP043628,EQ00001008,L4,Welding Safety,True,False,False,Inspector
EMP019631,EQ00001008,L3,Welding Safety,True,False,False,Operator
EMP014291,EQ00001008,L4,Welding Safety,True,True,True,Operator
EMP002288,EQ00001728,L3,LOTO,True,True,True,Operator
EMP005169,EQ00001728,L3,LOTO,True,True,True,Inspector
EMP009016,EQ00001728,L2,LOTO,False,False,False,Maintenance
EMP002906,EQ00001728,L2,LOTO,True,False,False,Operator
EMP018511,EQ00001728,L4,LOTO,True,True,True,Inspector
EMP039557,EQ00001728,L3,LOTO,True,False,False,Inspector
EMP033910,EQ00001728,L4,LOTO,False,True,False,Supervisor
EMP007548,EQ00000358,L3,Pressure Testing,False,True,False,Supervisor
EMP007188,EQ00000358,L3,Pressure Testing,True,False,False,Supervisor
EMP030693,EQ00000358,L2,Pressure Testing,False,True,False,Operator
EMP003601,EQ00001833,L2,Switchgear Operation,False,False,False,Operator
EMP039245,EQ00001833,L3,Switchgear Operation,False,False,False,Supervisor
EMP049847,EQ00001833,L2,Switchgear Operation,True,False,False,Supervisor
EMP039250,EQ00001833,L4,Switchgear Operation,False,True,False,Inspector
EMP001734,EQ00002763,L3,Isolation/LOTO,False,False,False,Supervisor
EMP006533,EQ00002763,L5,Isolation/LOTO,True,True,True,Maintenance
EMP035522,EQ00002763,L3,Isolation/LOTO,False,False,False,Maintenance
EMP048954,EQ00002763,L3,Isolation/LOTO,False,False,False,Supervisor
EMP021207,EQ00002763,L4,Isolation/LOTO,False,False,False,Operator
EMP011376,EQ00002763,L3,Isolation/LOTO,False,False,False,Maintenance
EMP015266,EQ00002763,L3,Isolation/LOTO,False,True,False,Inspector
EMP049843,EQ00000946,L4,Hazardous Material Transport,True,False,False,Inspector
EMP003076,EQ00000946,L5,Hazardous Material Transport,True,True,True,Maintenance
EMP009274,EQ00002605,L3,Arc Flash Awareness,False,True,False,Inspector
EMP036684,EQ00002605,L3,Arc Flash Awareness,False,False,False,Supervisor
EMP029567,EQ00002358,L3,Mechanical Inspection,False,False,False,Inspector
EMP025921,EQ00002358,L3,Mechanical Inspection,False,False,False,Maintenance
EMP001520,EQ00002358,L5,Mechanical Inspection,True,True,True,Operator
EMP007913,EQ00002358,L4,Mechanical Inspection,False,True,False,Maintenance
EMP037718,EQ00002358,L3,Mechanical Inspection,True,False,False,Operator
EMP035375,EQ00002358,L3,Mechanical Inspection,False,False,False,Operator
EMP022797,EQ00002358,L3,Mechanical Inspection,False,False,False,Operator
EMP048108,EQ00002358,L5,Mechanical Inspection,True,True,True,Inspector
EMP000587,EQ00001132,L2,Line of Fire Awareness,False,False,False,Maintenance
EMP032374,EQ00001132,L4,Line of Fire Awareness,True,False,False,Operator
EMP035473,EQ00001132,L2,Line of Fire Awareness,True,True,False,Supervisor
EMP047187,EQ00001132,L2,Line of Fire Awareness,False,False,False,Maintenance
EMP020905,EQ00000828,L5,Welding Safety,True,False,False,Maintenance
EMP021946,EQ00000828,L2,Welding Safety,False,True,False,Maintenance
EMP028186,EQ00000828,L3,Welding Safety,False,False,False,Inspector
EMP047554,EQ00000828,L3,Welding Safety,False,True,False,Maintenance
EMP030032,EQ00002574,L2,Fire Water Systems,True,False,False,Maintenance
EMP030827,EQ00002574,L3,Fire Water Systems,True,False,False,Inspector
EMP020150,EQ00002574,L5,Fire Water Systems,True,True,True,Maintenance
EMP020195,EQ00000575,L3,Welding Safety,True,False,False,Operator
EMP035703,EQ00000575,L4,Welding Safety,False,False,False,Supervisor
EMP035792,EQ00000575,L3,Welding Safety,False,True,False,Operator
EMP043126,EQ00000575,L4,Welding Safety,False,False,False,Operator
EMP026985,EQ00001796,L2,Mechanical Inspection,False,False,False,Inspector
EMP038991,EQ00001796,L3,Mechanical Inspection,True,False,False,Supervisor
EMP049300,EQ00001796,L3,Mechanical Inspection,False,False,False,Operator
EMP023144,EQ00000303,L5,Pressure Testing,True,True,True,Operator
EMP035412,EQ00000303,L3,Pressure Testing,True,True,False,Inspector
EMP022160,EQ00000303,L4,Pressure Testing,False,False,False,Operator
EMP018316,EQ00000303,L4,Pressure Testing,True,False,False,Inspector
EMP010466,EQ00000303,L3,Pressure Testing,True,False,False,Inspector
EMP039752,EQ00000303,L4,Pressure Testing,False,False,False,Operator
EMP041931,EQ00000303,L4,Pressure Testing,False,False,False,Supervisor
EMP028949,EQ00002790,L2,Process Isolation,False,False,False,Maintenance
EMP042297,EQ00002790,L4,Process Isolation,True,True,False,Inspector
EMP027501,EQ00002790,L6,Process Isolation,True,True,True,Inspector
EMP027740,EQ00002790,L2,Process Isolation,False,False,False,Maintenance
EMP024680,EQ00002790,L4,Process Isolation,False,False,False,Supervisor
EMP034896,EQ00002790,L2,Process Isolation,False,False,False,Operator
EMP035630,EQ00002790,L5,Process Isolation,True,True,True,Maintenance
EMP048569,EQ00002790,L3,Process Isolation,False,True,False,Inspector
EMP007426,EQ00001911,L3,Gas Detection,False,False,False,Operator
EMP037600,EQ00001911,L4,Gas Detection,True,False,False,Inspector
EMP042639,EQ00001911,L4,Gas Detection,False,False,False,Maintenance
EMP025102,EQ00001911,L5,Gas Detection,True,True,True,Inspector
EMP037915,EQ00001911,L4,Gas Detection,True,False,False,Inspector
EMP034978,EQ00001911,L3,Gas Detection,False,False,False,Inspector
EMP027414,EQ00001911,L4,Gas Detection,False,False,False,Operator
EMP024939,EQ00000891,L2,Permit to Work,False,False,False,Operator
EMP021566,EQ00000891,L4,Permit to Work,False,False,False,Operator
EMP009586,EQ00000891,L5,Permit to Work,True,True,True,Operator
EMP033895,EQ00000891,L4,Permit to Work,False,False,False,Maintenance
EMP025653,EQ00000891,L2,Permit to Work,False,False,False,Inspector
EMP016616,EQ00002313,L3,Process Isolation,False,False,False,Inspector
EMP024674,EQ00002313,L4,Process Isolation,False,False,False,Supervisor
EMP010029,EQ00000110,L4,Hydrotest Safety,True,True,True,Maintenance
EMP002864,EQ00000110,L4,Hydrotest Safety,True,True,True,Operator
EMP038315,EQ00000110,L2,Hydrotest Safety,True,False,False,Maintenance
EMP026214,EQ00000110,L2,Hydrotest Safety,False,False,False,Operator
EMP010522,EQ00001658,L4,Process Safety,True,False,False,Operator
EMP005005,EQ00001658,L5,Process Safety,True,True,True,Maintenance
EMP020901,EQ00001658,L5,Process Safety,True,True,True,Supervisor
EMP003295,EQ00001658,L6,Process Safety,False,False,False,Maintenance
EMP049330,EQ00001658,L3,Process Safety,True,False,False,Maintenance
EMP049875,EQ00001658,L3,Process Safety,False,True,False,Operator
EMP015162,EQ00001658,L4,Process Safety,False,False,False,Maintenance
EMP041661,EQ00001322,L4,Hydrotest Safety,True,True,True,Maintenance
EMP039553,EQ00001322,L3,Hydrotest Safety,True,False,False,Maintenance
EMP042703,EQ00001322,L2,Hydrotest Safety,False,True,False,Inspector
EMP048773,EQ00001322,L2,Hydrotest Safety,False,False,False,Supervisor
EMP031555,EQ00001305,L3,Hydrotest Safety,False,False,False,Maintenance
EMP025148,EQ00001305,L6,Hydrotest Safety,True,False,False,Inspector
EMP013857,EQ00001305,L2,Hydrotest Safety,False,False,False,Operator
EMP034061,EQ00001305,L3,Hydrotest Safety,False,True,False,Operator
EMP020823,EQ00001305,L5,Hydrotest Safety,True,False,False,Maintenance
EMP014207,EQ00002239,L3,Hydrotest Safety,False,False,False,Inspector
EMP009118,EQ00002239,L6,Hydrotest Safety,True,True,True,Inspector
EMP019121,EQ00002239,L2,Hydrotest Safety,False,False,False,Supervisor
EMP012627,EQ00002239,L3,Hydrotest Safety,False,True,False,Maintenance
EMP021924,EQ00002239,L2,Hydrotest Safety,True,False,False,Supervisor
EMP013228,EQ00002548,L4,Well Control,False,False,False,Supervisor
EMP030939,EQ00002548,L3,Well Control,True,False,False,Supervisor
EMP021373,EQ00002548,L2,Well Control,True,False,False,Operator
EMP020492,EQ00002548,L2,Well Control,False,False,False,Supervisor
EMP048235,EQ00001104,L3,Hydrotest Safety,True,True,True,Operator
EMP023403,EQ00001104,L4,Hydrotest Safety,True,True,True,Inspector
EMP042567,EQ00001104,L4,Hydrotest Safety,True,True,True,Operator
EMP013517,EQ00001104,L3,Hydrotest Safety,True,True,True,Inspector
EMP030032,EQ00001104,L2,Hydrotest Safety,False,False,False,Inspector
EMP009268,EQ00001104,L3,Hydrotest Safety,True,True,True,Inspector
EMP001971,EQ00001104,L2,Hydrotest Safety,True,False,False,Maintenance
EMP016685,EQ00001104,L3,Hydrotest Safety,True,True,True,Inspector
EMP045303,EQ00001480,L4,Line of Fire Awareness,False,False,False,Maintenance
EMP001611,EQ00001480,L5,Line of Fire Awareness,True,True,True,Inspector
EMP042058,EQ00002690,L2,Pipeline Operations,False,False,False,Maintenance
EMP039883,EQ00002690,L2,Pipeline Operations,False,True,False,Maintenance
EMP028265,EQ00002690,L4,Pipeline Operations,True,True,False,Supervisor
EMP009535,EQ00000472,L3,Gas Testing,True,True,True,Supervisor
EMP002979,EQ00000472,L4,Gas Testing,True,True,True,Inspector
EMP035154,EQ00000592,L4,Line of Fire Awareness,False,True,False,Inspector
EMP015200,EQ00000592,L4,Line of Fire Awareness,False,False,False,Supervisor
EMP023026,EQ00000592,L4,Line of Fire Awareness,False,False,False,Supervisor
EMP013094,EQ00000592,L2,Line of Fire Awareness,False,False,False,Maintenance
EMP046755,EQ00000592,L4,Line of Fire Awareness,False,False,False,Operator
EMP032616,EQ00001042,L5,Pressure Systems Safety,True,True,True,Maintenance
EMP007202,EQ00001042,L2,Pressure Systems Safety,True,False,False,Operator
EMP007427,EQ00001042,L2,Pressure Systems Safety,False,False,False,Supervisor
EMP019106,EQ00000086,L3,Rig Floor Safety,False,True,False,Inspector
EMP004912,EQ00000086,L4,Rig Floor Safety,False,False,False,Supervisor
EMP031392,EQ00000782,L2,Gas Testing,False,False,False,Inspector
EMP037711,EQ00000782,L5,Gas Testing,True,True,True,Maintenance
EMP003414,EQ00000782,L3,Gas Testing,False,False,False,Operator
EMP012716,EQ00000782,L2,Gas Testing,False,False,False,Supervisor
EMP011933,EQ00000782,L2,Gas Testing,True,True,False,Inspector
EMP047214,EQ00000782,L4,Gas Testing,False,False,False,Supervisor
EMP011567,EQ00000782,L2,Gas Testing,True,False,False,Inspector
EMP022767,EQ00000718,L2,Vehicle Inspection,False,True,False,Inspector
EMP034849,EQ00000718,L3,Vehicle Inspection,True,True,False,Operator
EMP032640,EQ00000718,L5,Vehicle Inspection,True,True,True,Supervisor
EMP039402,EQ00000718,L4,Vehicle Inspection,True,True,True,Maintenance
EMP036103,EQ00000718,L6,Vehicle Inspection,True,True,True,Maintenance
EMP043345,EQ00000718,L2,Vehicle Inspection,False,False,False,Supervisor
EMP008307,EQ00000718,L2,Vehicle Inspection,False,False,False,Supervisor
EMP000708,EQ00002317,L5,Well Control,True,True,True,Supervisor
EMP007666,EQ00002317,L3,Well Control,False,True,False,Inspector
EMP000825,EQ00002317,L4,Well Control,False,True,False,Maintenance
EMP045252,EQ00002317,L5,Well Control,True,False,False,Maintenance
EMP015610,EQ00002317,L4,Well Control,True,True,True,Operator
EMP044956,EQ00002317,L2,Well Control,False,False,False,Supervisor
EMP001983,EQ00002317,L3,Well Control,True,False,False,Maintenance
EMP019551,EQ00001109,L4,Well Control,False,False,False,Supervisor
EMP020674,EQ00001109,L3,Well Control,True,False,False,Maintenance
EMP006862,EQ00001109,L5,Well Control,True,True,True,Operator
EMP034059,EQ00001109,L4,Well Control,True,False,False,Maintenance
EMP002608,EQ00001109,L3,Well Control,False,False,False,Operator
EMP003088,EQ00001109,L2,Well Control,True,True,False,Maintenance
EMP019243,EQ00001109,L4,Well Control,False,False,False,Operator
EMP033199,EQ00001109,L4,Well Control,False,True,False,Inspector
EMP005139,EQ00001158,L4,Electrical Safety,False,False,False,Operator
EMP006512,EQ00001158,L4,Electrical Safety,True,False,False,Supervisor
EMP037569,EQ00001158,L4,Electrical Safety,False,False,False,Operator
EMP025666,EQ00002334,L4,Calibration,True,True,True,Supervisor
EMP040301,EQ00002334,L3,Calibration,False,True,False,Operator
EMP023462,EQ00002334,L3,Calibration,False,False,False,Supervisor
EMP030178,EQ00002334,L4,Calibration,True,True,True,Inspector
EMP039989,EQ00002334,L6,Calibration,True,True,True,Supervisor
EMP038021,EQ00000680,L3,Drilling Operations,False,False,False,Maintenance
EMP028309,EQ00000680,L4,Drilling Operations,False,True,False,Inspector
EMP037967,EQ00000680,L3,Drilling Operations,False,False,False,Supervisor
EMP018511,EQ00001024,L4,Welding Safety,True,True,True,Inspector
EMP005161,EQ00001024,L4,Welding Safety,True,True,True,Operator
EMP042060,EQ00001024,L3,Welding Safety,False,False,False,Maintenance
EMP038886,EQ00001024,L4,Welding Safety,True,True,True,Maintenance
EMP026359,EQ00001024,L3,Welding Safety,False,True,False,Supervisor
EMP009645,EQ00001024,L3,Welding Safety,True,True,False,Supervisor
EMP008590,EQ00001024,L4,Welding Safety,True,True,True,Operator
EMP042818,EQ00001024,L4,Welding Safety,True,True,True,Maintenance
EMP025301,EQ00001061,L4,Process Operations,True,True,True,Supervisor
EMP008710,EQ00001061,L4,Process Operations,True,True,True,Operator
EMP028067,EQ00001061,L2,Process Operations,False,False,False,Maintenance
EMP029849,EQ00001061,L2,Process Operations,False,False,False,Maintenance
EMP035947,EQ00001061,L4,Process Operations,True,False,False,Inspector
EMP038184,EQ00001061,L3,Process Operations,True,False,False,Supervisor
EMP038567,EQ00001878,L4,Gas Testing,False,False,False,Operator
EMP011973,EQ00001878,L3,Gas Testing,False,False,False,Maintenance
EMP027903,EQ00001878,L2,Gas Testing,False,False,False,Operator
EMP002880,EQ00001878,L3,Gas Testing,True,False,False,Supervisor
EMP032792,EQ00001136,L2,Vehicle Inspection,False,False,False,Inspector
EMP030471,EQ00001136,L4,Vehicle Inspection,True,True,True,Maintenance
EMP020621,EQ00001136,L3,Vehicle Inspection,False,False,False,Maintenance
EMP033162,EQ00001136,L3,Vehicle Inspection,False,False,False,Supervisor
EMP041326,EQ00002350,L6,Pump Maintenance,True,True,True,Maintenance
EMP029406,EQ00002350,L3,Pump Maintenance,False,False,False,Inspector
EMP042467,EQ00002350,L5,Pump Maintenance,True,True,True,Supervisor
EMP010282,EQ00002350,L3,Pump Maintenance,False,False,False,Inspector
EMP035460,EQ00002350,L3,Pump Maintenance,False,False,False,Supervisor
EMP003757,EQ00002350,L3,Pump Maintenance,False,False,False,Inspector
EMP008420,EQ00001405,L2,Pressure Systems Safety,True,False,False,Inspector
EMP030322,EQ00001405,L5,Pressure Systems Safety,True,False,False,Operator
EMP018554,EQ00001405,L3,Pressure Systems Safety,False,False,False,Operator
EMP008824,EQ00001405,L2,Pressure Systems Safety,False,False,False,Inspector
EMP021101,EQ00002214,L4,Permit to Work,False,False,False,Supervisor
EMP036970,EQ00002214,L3,Permit to Work,False,False,False,Inspector
EMP007136,EQ00002214,L4,Permit to Work,False,False,False,Supervisor
EMP039667,EQ00002214,L3,Permit to Work,False,False,False,Supervisor
EMP047844,EQ00000579,L4,LOTO,True,False,False,Inspector
EMP040662,EQ00000579,L2,LOTO,False,False,False,Maintenance
EMP042850,EQ00000579,L3,LOTO,False,True,False,Operator
EMP044992,EQ00000579,L6,LOTO,True,True,True,Maintenance
EMP027049,EQ00000579,L4,LOTO,False,False,False,Inspector
EMP027726,EQ00000579,L2,LOTO,False,False,False,Supervisor
EMP001549,EQ00000579,L2,LOTO,False,False,False,Supervisor
EMP009732,EQ00000579,L4,LOTO,False,False,False,Inspector
EMP035851,EQ00001693,L3,Hazardous Material Transport,True,True,False,Supervisor
EMP044653,EQ00001693,L5,Hazardous Material Transport,True,True,True,Maintenance
EMP034073,EQ00000419,L3,Machine Tool Operation,False,True,False,Maintenance
EMP047997,EQ00000419,L2,Machine Tool Operation,False,False,False,Inspector
EMP023379,EQ00000419,L4,Machine Tool Operation,False,False,False,Supervisor
EMP031664,EQ00000419,L4,Machine Tool Operation,False,False,False,Supervisor
EMP042026,EQ00001143,L4,Permit to Work,False,False,False,Inspector
EMP004721,EQ00001143,L3,Permit to Work,False,False,False,Supervisor
EMP031669,EQ00000131,L4,Welding Safety,True,True,True,Operator
EMP028752,EQ00000131,L3,Welding Safety,False,False,False,Maintenance
EMP040288,EQ00000131,L4,Welding Safety,True,True,True,Inspector
EMP000391,EQ00000131,L6,Welding Safety,True,True,True,Supervisor
EMP023169,EQ00000131,L2,Welding Safety,False,False,False,Operator
EMP047480,EQ00000131,L2,Welding Safety,False,False,False,Supervisor
EMP013130,EQ00001120,L3,Lifting Gear Inspection,True,False,False,Inspector
EMP033398,EQ00001120,L3,Lifting Gear Inspection,False,False,False,Inspector
EMP026062,EQ00001120,L4,Lifting Gear Inspection,False,False,False,Supervisor
EMP040825,EQ00001120,L4,Lifting Gear Inspection,False,False,False,Operator
EMP049801,EQ00001120,L4,Lifting Gear Inspection,False,False,False,Supervisor
EMP038488,EQ00001120,L5,Lifting Gear Inspection,True,True,True,Maintenance
EMP009152,EQ00001818,L3,Motor Maintenance,True,False,False,Supervisor
EMP024801,EQ00001818,L3,Motor Maintenance,False,False,False,Inspector
EMP039268,EQ00001818,L3,Motor Maintenance,True,False,False,Inspector
EMP005398,EQ00001818,L3,Motor Maintenance,True,False,False,Inspector
EMP019968,EQ00001818,L3,Motor Maintenance,True,False,False,Operator
EMP006363,EQ00001818,L3,Motor Maintenance,True,False,False,Inspector
EMP029171,EQ00001818,L3,Motor Maintenance,False,True,False,Supervisor
EMP015893,EQ00001078,L5,Motor Maintenance,True,True,True,Operator
EMP028644,EQ00001078,L3,Motor Maintenance,False,True,False,Inspector
EMP005826,EQ00001078,L3,Motor Maintenance,False,False,False,Inspector
EMP004711,EQ00001078,L3,Motor Maintenance,False,True,False,Operator
EMP021065,EQ00000481,L4,Permit to Work,False,True,False,Operator
EMP021398,EQ00000481,L2,Permit to Work,False,False,False,Operator
EMP048367,EQ00000481,L4,Permit to Work,False,False,False,Maintenance
EMP041926,EQ00000481,L5,Permit to Work,True,True,True,Maintenance
EMP014079,EQ00000481,L3,Permit to Work,True,False,False,Operator
EMP043164,EQ00000481,L2,Permit to Work,True,False,False,Maintenance
EMP038175,EQ00000481,L4,Permit to Work,False,False,False,Inspector
EMP009921,EQ00000733,L3,Line of Fire Awareness,False,False,False,Inspector
EMP029007,EQ00000733,L3,Line of Fire Awareness,False,False,False,Inspector
EMP009354,EQ00001917,L3,LOTO,False,False,False,Operator
EMP010888,EQ00001917,L3,LOTO,False,False,False,Inspector
EMP012505,EQ00001917,L3,LOTO,False,False,False,Maintenance
EMP026288,EQ00001917,L4,LOTO,False,False,False,Inspector
EMP036116,EQ00001917,L4,LOTO,False,False,False,Operator
EMP001121,EQ00002390,L5,Machine Tool Operation,True,True,True,Supervisor
EMP015427,EQ00002390,L4,Machine Tool Operation,True,True,False,Supervisor
EMP029780,EQ00002272,L3,Permit to Work,False,True,False,Supervisor
EMP025927,EQ00002272,L3,Permit to Work,False,False,False,Supervisor
EMP031609,EQ00002272,L3,Permit to Work,False,False,False,Supervisor
EMP003386,EQ00002272,L5,Permit to Work,True,True,True,Supervisor
EMP045918,EQ00002272,L4,Permit to Work,False,False,False,Operator
EMP021888,EQ00000384,L4,Chemical Handling,False,False,False,Supervisor
EMP033639,EQ00000384,L2,Chemical Handling,False,False,False,Inspector
EMP043347,EQ00000384,L4,Chemical Handling,True,False,False,Operator
EMP001495,EQ00001277,L4,Gas Testing,True,True,True,Operator
EMP009541,EQ00001277,L3,Gas Testing,False,False,False,Operator
EMP003865,EQ00001277,L2,Gas Testing,True,True,False,Operator
EMP025257,EQ00001277,L4,Gas Testing,True,True,True,Maintenance
EMP028212,EQ00001277,L2,Gas Testing,False,True,False,Maintenance
EMP023240,EQ00001277,L4,Gas Testing,True,True,True,Maintenance
EMP029265,EQ00001277,L2,Gas Testing,False,False,False,Maintenance
EMP018592,EQ00000004,L3,Welding Safety,False,False,False,Operator
EMP042799,EQ00000004,L3,Welding Safety,False,False,False,Maintenance
EMP019915,EQ00000004,L2,Welding Safety,True,True,False,Maintenance
EMP030642,EQ00002646,L2,Electrical Safety,True,False,False,Supervisor
EMP003728,EQ00002646,L2,Electrical Safety,False,False,False,Inspector
EMP005511,EQ00002646,L2,Electrical Safety,True,False,False,Maintenance
EMP016786,EQ00002646,L4,Electrical Safety,False,False,False,Supervisor
EMP048653,EQ00002646,L3,Electrical Safety,False,False,False,Supervisor
EMP020404,EQ00002646,L4,Electrical Safety,False,False,False,Supervisor
EMP046459,EQ00002646,L5,Electrical Safety,True,True,True,Operator
EMP026314,EQ00000252,L3,LOTO,False,False,False,Operator
EMP031710,EQ00000252,L3,LOTO,True,False,False,Inspector
EMP005466,EQ00000252,L3,LOTO,False,True,False,Supervisor
EMP031770,EQ00000252,L4,LOTO,False,False,False,Operator
EMP049341,EQ00000252,L3,LOTO,False,False,False,Operator
EMP006444,EQ00000252,L2,LOTO,False,False,False,Supervisor
EMP044723,EQ00000252,L4,LOTO,False,False,False,Inspector
EMP018295,EQ00001005,L5,Process Operations,False,True,False,Maintenance
EMP031023,EQ00001005,L4,Process Operations,False,False,False,Inspector
EMP039732,EQ00001005,L5,Process Operations,True,True,True,Supervisor
EMP011969,EQ00001238,L3,Control Systems,True,False,False,Supervisor
EMP015484,EQ00001238,L4,Control Systems,False,False,False,Inspector
EMP000927,EQ00001238,L3,Control Systems,True,False,False,Operator
EMP041233,EQ00001710,L2,Fire Water Systems,False,False,False,Maintenance
EMP009561,EQ00001710,L5,Fire Water Systems,True,True,True,Operator
EMP019838,EQ00002067,L3,Motor Maintenance,False,False,False,Maintenance
EMP027575,EQ00002067,L4,Motor Maintenance,False,False,False,Supervisor
EMP007643,EQ00002067,L3,Motor Maintenance,False,True,False,Inspector
EMP038309,EQ00002067,L5,Motor Maintenance,True,False,False,Operator
EMP013286,EQ00002067,L6,Motor Maintenance,True,True,True,Operator
EMP031092,EQ00001114,L4,Process Operations,False,True,False,Maintenance
EMP044048,EQ00001114,L2,Process Operations,False,False,False,Maintenance
EMP030288,EQ00001114,L5,Process Operations,True,True,True,Operator
EMP012434,EQ00001114,L4,Process Operations,True,True,True,Supervisor
EMP030069,EQ00001114,L4,Process Operations,True,True,True,Supervisor
EMP013650,EQ00001114,L4,Process Operations,True,True,True,Inspector
EMP043024,EQ00002266,L2,Pressure Vessel Safety,False,False,False,Inspector
EMP010505,EQ00002266,L4,Pressure Vessel Safety,False,False,False,Maintenance
EMP045340,EQ00002266,L4,Pressure Vessel Safety,False,True,False,Supervisor
EMP016616,EQ00002266,L3,Pressure Vessel Safety,False,False,False,Operator
EMP032932,EQ00002266,L3,Pressure Vessel Safety,False,False,False,Supervisor
EMP038386,EQ00002266,L3,Pressure Vessel Safety,False,False,False,Operator
EMP034512,EQ00000184,L4,Arc Flash Awareness,False,True,False,Inspector
EMP036647,EQ00000184,L3,Arc Flash Awareness,False,True,False,Operator
EMP009072,EQ00000184,L4,Arc Flash Awareness,True,True,False,Inspector
EMP037397,EQ00000604,L3,Control Systems,False,True,False,Inspector
EMP004438,EQ00000604,L4,Control Systems,False,False,False,Supervisor
EMP013847,EQ00000604,L4,Control Systems,False,False,False,Supervisor
EMP008864,EQ00000604,L4,Control Systems,False,False,False,Maintenance
EMP009029,EQ00000604,L6,Control Systems,True,True,True,Operator
EMP018135,EQ00000604,L3,Control Systems,True,False,False,Operator
EMP045794,EQ00002544,L4,Gas Detection,False,True,False,Maintenance
EMP002355,EQ00002544,L4,Gas Detection,False,False,False,Operator
EMP033142,EQ00002544,L3,Gas Detection,False,True,False,Operator
EMP023082,EQ00000878,L4,Pressure Systems Safety,False,True,False,Inspector
EMP017052,EQ00000878,L2,Pressure Systems Safety,False,True,False,Supervisor
EMP003101,EQ00000878,L2,Pressure Systems Safety,False,True,False,Inspector
EMP045767,EQ00000878,L6,Pressure Systems Safety,False,True,False,Supervisor
EMP006171,EQ00000878,L2,Pressure Systems Safety,False,False,False,Maintenance
EMP046390,EQ00000878,L3,Pressure Systems Safety,False,False,False,Inspector
EMP006345,EQ00000878,L3,Pressure Systems Safety,True,False,False,Supervisor
EMP009483,EQ00000674,L4,Lifting Operations,False,True,False,Supervisor
EMP025716,EQ00000674,L5,Lifting Operations,True,True,True,Operator
EMP005534,EQ00000674,L4,Lifting Operations,False,False,False,Operator
EMP020832,EQ00000674,L4,Lifting Operations,False,False,False,Operator
EMP022509,EQ00000674,L3,Lifting Operations,False,False,False,Maintenance
EMP010049,EQ00000674,L4,Lifting Operations,False,False,False,Inspector
EMP038622,EQ00000674,L2,Lifting Operations,False,False,False,Supervisor
EMP038936,EQ00002679,L4,Gas Testing,False,False,False,Maintenance
EMP027813,EQ00002679,L5,Gas Testing,True,True,True,Supervisor
EMP040674,EQ00002679,L5,Gas Testing,False,True,False,Maintenance
EMP002563,EQ00002679,L2,Gas Testing,True,False,False,Supervisor
EMP009771,EQ00002439,L4,LOTO,True,True,True,Maintenance
EMP041230,EQ00002439,L4,LOTO,True,True,True,Supervisor
EMP047471,EQ00001131,L4,Pipeline Operations,True,False,False,Inspector
EMP038054,EQ00001131,L2,Pipeline Operations,False,False,False,Maintenance
EMP040199,EQ00001639,L3,Hot Work,False,False,False,Inspector
EMP033772,EQ00001639,L3,Hot Work,False,False,False,Maintenance
EMP035623,EQ00001191,L3,SIS/ESD,True,False,False,Supervisor
EMP019731,EQ00001191,L3,SIS/ESD,False,False,False,Supervisor
EMP026495,EQ00001191,L5,SIS/ESD,True,False,False,Operator
EMP014472,EQ00001191,L6,SIS/ESD,True,True,True,Supervisor
EMP041065,EQ00001848,L3,Permit to Work,False,False,False,Maintenance
EMP011655,EQ00001848,L5,Permit to Work,True,True,True,Inspector
EMP047484,EQ00000375,L4,Environmental Monitoring,True,True,True,Supervisor
EMP027137,EQ00000375,L4,Environmental Monitoring,True,True,True,Supervisor
EMP005716,EQ00001300,L3,Pressure Vessel Safety,False,True,False,Operator
EMP024228,EQ00001300,L4,Pressure Vessel Safety,False,False,False,Maintenance
EMP042903,EQ00001300,L3,Pressure Vessel Safety,True,False,False,Supervisor
EMP045349,EQ00001300,L3,Pressure Vessel Safety,False,True,False,Maintenance
EMP017098,EQ00001300,L3,Pressure Vessel Safety,False,False,False,Maintenance
EMP005503,EQ00001300,L3,Pressure Vessel Safety,False,True,False,Operator
EMP006363,EQ00001300,L3,Pressure Vessel Safety,False,False,False,Operator
EMP011290,EQ00001628,L4,Fire Water Systems,False,True,False,Operator
EMP022601,EQ00001628,L4,Fire Water Systems,True,True,True,Supervisor
EMP010932,EQ00001628,L3,Fire Water Systems,False,False,False,Inspector
EMP000688,EQ00001628,L3,Fire Water Systems,False,False,False,Operator
EMP032026,EQ00001628,L4,Fire Water Systems,True,True,True,Supervisor
EMP010668,EQ00001286,L3,Process Operations,False,False,False,Operator
EMP022510,EQ00001286,L3,Process Operations,False,True,False,Operator
EMP044316,EQ00001286,L2,Process Operations,False,False,False,Operator
EMP038968,EQ00001286,L2,Process Operations,False,False,False,Operator
EMP029780,EQ00001286,L3,Process Operations,True,False,False,Inspector
EMP017753,EQ00001286,L4,Process Operations,False,False,False,Maintenance
EMP025545,EQ00002633,L2,Emergency Response,False,False,False,Supervisor
EMP039142,EQ00002633,L4,Emergency Response,True,False,False,Inspector
EMP011647,EQ00002633,L3,Emergency Response,False,False,False,Operator
EMP036050,EQ00002633,L4,Emergency Response,False,True,False,Operator
EMP044584,EQ00002633,L4,Emergency Response,True,False,False,Operator
EMP018671,EQ00002633,L3,Emergency Response,False,False,False,Maintenance
EMP013346,EQ00002633,L3,Emergency Response,False,False,False,Inspector
EMP004979,EQ00000235,L2,Permit to Work,False,True,False,Inspector
EMP039230,EQ00000235,L3,Permit to Work,False,True,False,Maintenance
EMP007967,EQ00000235,L3,Permit to Work,True,True,False,Inspector
EMP017983,EQ00000235,L4,Permit to Work,True,True,True,Operator
EMP042834,EQ00000235,L2,Permit to Work,True,False,False,Supervisor
EMP005822,EQ00000235,L3,Permit to Work,False,False,False,Maintenance
EMP015939,EQ00001537,L3,Fire Water Systems,True,False,False,Supervisor
EMP042163,EQ00001537,L6,Fire Water Systems,True,True,True,Operator
EMP015756,EQ00001537,L5,Fire Water Systems,False,False,False,Supervisor
EMP011378,EQ00001537,L3,Fire Water Systems,False,False,False,Maintenance
EMP044348,EQ00001537,L2,Fire Water Systems,False,False,False,Operator
EMP007847,EQ00000163,L5,Fire Water Systems,True,True,True,Inspector
EMP042131,EQ00000163,L2,Fire Water Systems,False,False,False,Maintenance
EMP008430,EQ00000163,L2,Fire Water Systems,False,False,False,Maintenance
EMP026792,EQ00000163,L4,Fire Water Systems,False,False,False,Maintenance
EMP011985,EQ00000163,L3,Fire Water Systems,False,True,False,Operator
EMP048397,EQ00001790,L5,Welding Safety,True,True,True,Supervisor
EMP049044,EQ00001790,L4,Welding Safety,False,True,False,Operator
EMP031766,EQ00001790,L2,Welding Safety,True,False,False,Inspector
EMP033915,EQ00001790,L2,Welding Safety,False,False,False,Operator
EMP031749,EQ00001790,L5,Welding Safety,True,True,True,Operator
EMP035710,EQ00001790,L3,Welding Safety,False,False,False,Inspector
EMP043884,EQ00001790,L4,Welding Safety,False,False,False,Inspector
EMP002298,EQ00001790,L2,Welding Safety,False,False,False,Inspector
EMP008237,EQ00001782,L4,Journey Management,False,False,False,Supervisor
EMP044304,EQ00001782,L3,Journey Management,True,False,False,Supervisor
EMP016199,EQ00001782,L4,Journey Management,False,True,False,Inspector
EMP045515,EQ00001782,L3,Journey Management,False,False,False,Inspector
EMP048258,EQ00001411,L2,Defensive Driving,False,False,False,Operator
EMP049048,EQ00001411,L5,Defensive Driving,True,True,True,Inspector
EMP043783,EQ00001623,L4,Calibration,False,False,False,Inspector
EMP017817,EQ00001623,L3,Calibration,False,False,False,Operator
EMP014625,EQ00001623,L3,Calibration,False,True,False,Maintenance
EMP041700,EQ00001623,L3,Calibration,False,False,False,Operator
EMP030491,EQ00002055,L2,LOTO,False,False,False,Operator
EMP046218,EQ00002055,L3,LOTO,False,False,False,Supervisor
EMP026293,EQ00002055,L4,LOTO,False,False,False,Inspector
EMP000273,EQ00002055,L5,LOTO,True,True,True,Operator
EMP015039,EQ00002055,L5,LOTO,True,True,True,Supervisor
EMP005185,EQ00001307,L4,Instrumentation,False,False,False,Inspector
EMP017260,EQ00001307,L4,Instrumentation,False,False,False,Operator
EMP047933,EQ00001307,L3,Instrumentation,True,False,False,Supervisor
EMP031764,EQ00001307,L5,Instrumentation,True,True,True,Operator
EMP000622,EQ00001307,L3,Instrumentation,True,False,False,Operator
EMP040626,EQ00001307,L5,Instrumentation,True,True,True,Operator
EMP031456,EQ00002011,L5,Pump Maintenance,True,True,True,Supervisor
EMP014670,EQ00002011,L3,Pump Maintenance,False,False,False,Maintenance
EMP048700,EQ00002011,L4,Pump Maintenance,False,True,False,Operator
EMP000773,EQ00002011,L2,Pump Maintenance,False,False,False,Operator
EMP003440,EQ00002011,L5,Pump Maintenance,True,True,True,Supervisor
EMP040931,EQ00002011,L3,Pump Maintenance,False,False,False,Operator
EMP023160,EQ00002011,L2,Pump Maintenance,False,False,False,Inspector
EMP028886,EQ00002011,L2,Pump Maintenance,False,False,False,Operator
EMP019823,EQ00000870,L5,Isolation/LOTO,True,True,True,Maintenance
EMP023602,EQ00000870,L3,Isolation/LOTO,False,False,False,Maintenance
EMP029759,EQ00000870,L3,Isolation/LOTO,False,False,False,Supervisor
EMP024230,EQ00000870,L2,Isolation/LOTO,False,True,False,Operator
EMP001085,EQ00000870,L6,Isolation/LOTO,True,False,False,Inspector
EMP009117,EQ00000348,L4,Lifting Gear Inspection,True,False,False,Supervisor
EMP023516,EQ00000348,L3,Lifting Gear Inspection,True,True,False,Operator
EMP005210,EQ00000348,L3,Lifting Gear Inspection,True,False,False,Operator
EMP046142,EQ00000348,L2,Lifting Gear Inspection,False,True,False,Maintenance
EMP007908,EQ00001186,L4,Well Control,True,False,False,Operator
EMP004730,EQ00001186,L2,Well Control,True,False,False,Inspector
EMP039052,EQ00001186,L3,Well Control,True,False,False,Maintenance
EMP022162,EQ00001186,L2,Well Control,True,True,False,Maintenance
EMP022172,EQ00001186,L3,Well Control,False,True,False,Operator
EMP040046,EQ00001186,L6,Well Control,True,True,True,Supervisor
EMP046785,EQ00000582,L3,Rotating Equipment,False,False,False,Supervisor
EMP038591,EQ00000582,L3,Rotating Equipment,False,False,False,Operator
EMP046923,EQ00000582,L3,Rotating Equipment,False,False,False,Inspector
EMP046273,EQ00000582,L3,Rotating Equipment,False,False,False,Operator
EMP029166,EQ00002379,L3,Welding Safety,False,True,False,Supervisor
EMP022635,EQ00002379,L3,Welding Safety,False,False,False,Inspector
EMP013426,EQ00002379,L4,Welding Safety,False,False,False,Maintenance
EMP009543,EQ00002379,L3,Welding Safety,False,False,False,Maintenance
EMP017545,EQ00002379,L3,Welding Safety,False,False,False,Supervisor
EMP041679,EQ00002269,L2,Pressure Vessel Safety,True,False,False,Supervisor
EMP010135,EQ00002269,L2,Pressure Vessel Safety,False,False,False,Inspector
EMP003523,EQ00002269,L3,Pressure Vessel Safety,False,False,False,Maintenance
EMP019244,EQ00002269,L4,Pressure Vessel Safety,True,True,True,Supervisor
EMP033551,EQ00002269,L2,Pressure Vessel Safety,True,True,False,Supervisor
EMP024115,EQ00002269,L3,Pressure Vessel Safety,False,False,False,Supervisor
EMP037146,EQ00002269,L6,Pressure Vessel Safety,True,True,True,Operator
EMP020612,EQ00002269,L3,Pressure Vessel Safety,False,False,False,Operator
EMP046466,EQ00000943,L4,Permit to Work,False,False,False,Inspector
EMP010004,EQ00000943,L4,Permit to Work,False,False,False,Inspector
EMP031129,EQ00001203,L3,LOTO,False,True,False,Operator
EMP020449,EQ00001203,L3,LOTO,False,False,False,Operator
EMP003622,EQ00001203,L3,LOTO,False,False,False,Inspector
EMP043477,EQ00001203,L6,LOTO,True,True,True,Maintenance
EMP014924,EQ00001203,L4,LOTO,True,True,True,Maintenance
EMP029261,EQ00001203,L5,LOTO,True,True,True,Supervisor
EMP004029,EQ00000016,L4,Workshop Safety,False,False,False,Maintenance
EMP045971,EQ00000016,L5,Workshop Safety,True,True,True,Supervisor
EMP029842,EQ00000016,L3,Workshop Safety,False,True,False,Inspector
EMP029966,EQ00000016,L2,Workshop Safety,False,True,False,Maintenance
EMP011022,EQ00000016,L2,Workshop Safety,False,False,False,Operator
EMP015411,EQ00000016,L4,Workshop Safety,False,False,False,Operator
EMP027348,EQ00000052,L3,Machine Tool Operation,True,False,False,Operator
EMP030080,EQ00000052,L3,Machine Tool Operation,False,True,False,Inspector
EMP017369,EQ00000052,L4,Machine Tool Operation,False,False,False,Inspector
EMP041063,EQ00000052,L6,Machine Tool Operation,True,True,True,Inspector
EMP021476,EQ00000052,L3,Machine Tool Operation,True,False,False,Inspector
EMP037641,EQ00002241,L3,Rig Floor Safety,False,False,False,Operator
EMP022841,EQ00002241,L6,Rig Floor Safety,True,True,True,Supervisor
EMP037596,EQ00001974,L3,Vibration Monitoring,True,False,False,Inspector
EMP009953,EQ00001974,L3,Vibration Monitoring,False,False,False,Maintenance
EMP016412,EQ00001052,L4,Workshop Safety,False,False,False,Operator
EMP033614,EQ00001052,L3,Workshop Safety,False,False,False,Inspector
EMP023854,EQ00001052,L6,Workshop Safety,True,True,True,Inspector
EMP048872,EQ00001052,L5,Workshop Safety,True,True,True,Supervisor
EMP012662,EQ00001052,L4,Workshop Safety,False,False,False,Supervisor
EMP003780,EQ00001052,L5,Workshop Safety,True,False,False,Supervisor
EMP037267,EQ00001052,L4,Workshop Safety,False,False,False,Inspector
EMP047328,EQ00001052,L5,Workshop Safety,False,False,False,Operator
EMP009678,EQ00000079,L2,Workshop Safety,True,False,False,Inspector
EMP014248,EQ00000079,L4,Workshop Safety,False,False,False,Inspector
EMP020382,EQ00000079,L3,Workshop Safety,False,False,False,Supervisor
EMP027653,EQ00000079,L3,Workshop Safety,False,False,False,Operator
EMP021875,EQ00000079,L3,Workshop Safety,False,True,False,Inspector
EMP035026,EQ00000079,L6,Workshop Safety,True,True,True,Maintenance
EMP014647,EQ00002718,L5,Instrumentation,True,True,True,Operator
EMP014301,EQ00002718,L2,Instrumentation,False,True,False,Inspector
EMP041592,EQ00002718,L3,Instrumentation,False,False,False,Supervisor
EMP033412,EQ00002718,L4,Instrumentation,False,False,False,Operator
EMP047058,EQ00002718,L4,Instrumentation,True,False,False,Operator
EMP029694,EQ00002718,L4,Instrumentation,False,False,False,Maintenance
EMP005942,EQ00002718,L3,Instrumentation,False,False,False,Operator
EMP010933,EQ00001868,L3,Drilling Operations,False,True,False,Supervisor
EMP042009,EQ00001868,L2,Drilling Operations,False,False,False,Maintenance
EMP021809,EQ00001868,L2,Drilling Operations,False,False,False,Supervisor
EMP034386,EQ00001868,L3,Drilling Operations,False,True,False,Inspector
EMP023022,EQ00001868,L2,Drilling Operations,False,False,False,Operator
EMP014820,EQ00001868,L4,Drilling Operations,True,False,False,Maintenance
EMP038922,EQ00001868,L3,Drilling Operations,False,True,False,Inspector
EMP000382,EQ00002673,L4,Permit to Work,False,False,False,Supervisor
EMP047151,EQ00002673,L5,Permit to Work,True,True,True,Inspector
EMP005876,EQ00002673,L3,Permit to Work,False,True,False,Supervisor
EMP043750,EQ00002673,L5,Permit to Work,True,True,True,Inspector
EMP005290,EQ00002673,L4,Permit to Work,False,False,False,Supervisor
EMP046319,EQ00002673,L2,Permit to Work,False,False,False,Maintenance
EMP010705,EQ00002673,L2,Permit to Work,False,False,False,Maintenance
EMP006549,EQ00002673,L2,Permit to Work,False,True,False,Supervisor
EMP032310,EQ00000460,L4,Vibration Monitoring,False,False,False,Supervisor
EMP012125,EQ00000460,L3,Vibration Monitoring,False,False,False,Operator
EMP002525,EQ00000460,L5,Vibration Monitoring,False,True,False,Inspector
EMP013961,EQ00000460,L3,Vibration Monitoring,False,False,False,Supervisor
EMP023305,EQ00000460,L4,Vibration Monitoring,False,True,False,Operator
EMP003163,EQ00000460,L3,Vibration Monitoring,False,False,False,Supervisor
EMP020889,EQ00000460,L5,Vibration Monitoring,True,True,True,Maintenance
EMP044639,EQ00001295,L5,LOTO,True,True,True,Operator
EMP043144,EQ00001295,L2,LOTO,False,False,False,Inspector
EMP023010,EQ00001295,L5,LOTO,True,False,False,Operator
EMP044509,EQ00001295,L4,LOTO,True,False,False,Maintenance
EMP025208,EQ00001316,L3,Fire Water Systems,False,False,False,Supervisor
EMP040650,EQ00001316,L4,Fire Water Systems,False,False,False,Operator
EMP029297,EQ00001316,L3,Fire Water Systems,False,False,False,Inspector
EMP000173,EQ00001316,L3,Fire Water Systems,False,False,False,Inspector
EMP024989,EQ00001316,L5,Fire Water Systems,True,True,True,Maintenance
EMP026346,EQ00001316,L3,Fire Water Systems,True,False,False,Supervisor
EMP012089,EQ00001316,L4,Fire Water Systems,False,True,False,Supervisor
EMP010506,EQ00001498,L3,Journey Management,False,False,False,Inspector
EMP042711,EQ00001498,L4,Journey Management,False,True,False,Maintenance
EMP001428,EQ00001498,L6,Journey Management,True,True,True,Inspector
EMP016491,EQ00001498,L2,Journey Management,False,True,False,Operator
EMP006746,EQ00001567,L6,Emergency Response,True,True,True,Supervisor
EMP009718,EQ00001567,L3,Emergency Response,True,False,False,Maintenance
EMP002369,EQ00001567,L3,Emergency Response,True,False,False,Supervisor
EMP029502,EQ00001567,L2,Emergency Response,False,False,False,Inspector
EMP041043,EQ00001567,L5,Emergency Response,True,True,True,Inspector
EMP033453,EQ00002177,L3,Well Control,False,True,False,Supervisor
EMP002650,EQ00002177,L3,Well Control,False,False,False,Supervisor
EMP020745,EQ00002177,L4,Well Control,True,False,False,Supervisor
EMP011563,EQ00002177,L5,Well Control,True,True,True,Operator
EMP012280,EQ00000443,L3,LOTO,False,False,False,Inspector
EMP009965,EQ00000443,L3,LOTO,False,False,False,Supervisor
EMP022537,EQ00000443,L3,LOTO,True,False,False,Inspector
EMP006312,EQ00000443,L4,LOTO,True,True,True,Supervisor
EMP042240,EQ00000443,L6,LOTO,True,True,True,Supervisor
EMP013928,EQ00000443,L2,LOTO,False,False,False,Inspector
EMP005089,EQ00000073,L4,Workshop Safety,False,False,False,Inspector
EMP000201,EQ00000073,L4,Workshop Safety,False,False,False,Maintenance
EMP003489,EQ00000073,L2,Workshop Safety,False,False,False,Operator
EMP014189,EQ00000073,L3,Workshop Safety,False,False,False,Operator
EMP015503,EQ00000073,L3,Workshop Safety,True,False,False,Supervisor
EMP003454,EQ00000073,L3,Workshop Safety,False,True,False,Supervisor
EMP035653,EQ00000073,L3,Workshop Safety,False,False,False,Maintenance
EMP013348,EQ00000073,L3,Workshop Safety,False,False,False,Supervisor
EMP011972,EQ00000325,L3,Hot Work,False,False,False,Maintenance
EMP004432,EQ00000325,L4,Hot Work,False,False,False,Maintenance
EMP003842,EQ00000325,L2,Hot Work,True,True,False,Maintenance
EMP007799,EQ00000325,L3,Hot Work,False,False,False,Supervisor
EMP041617,EQ00000325,L4,Hot Work,False,True,False,Maintenance
EMP026853,EQ00001380,L3,Gas Detection,False,False,False,Maintenance
EMP010563,EQ00001380,L2,Gas Detection,False,False,False,Maintenance
EMP044165,EQ00001380,L2,Gas Detection,True,False,False,Maintenance
EMP028881,EQ00001380,L3,Gas Detection,True,True,False,Inspector
EMP035130,EQ00001380,L2,Gas Detection,False,False,False,Operator
EMP016138,EQ00001380,L4,Gas Detection,True,True,True,Supervisor
EMP032813,EQ00001380,L4,Gas Detection,True,True,True,Supervisor
EMP025103,EQ00001380,L4,Gas Detection,True,True,True,Maintenance
EMP004037,EQ00002518,L6,LOTO,True,True,True,Inspector
EMP042372,EQ00002518,L3,LOTO,True,False,False,Operator
EMP048252,EQ00000547,L4,Fire Water Systems,True,True,True,Operator
EMP014200,EQ00000547,L4,Fire Water Systems,True,True,True,Operator
EMP010419,EQ00000547,L3,Fire Water Systems,False,False,False,Maintenance
EMP033614,EQ00000547,L3,Fire Water Systems,False,False,False,Operator
EMP021091,EQ00000547,L4,Fire Water Systems,False,True,False,Operator
EMP049881,EQ00000547,L6,Fire Water Systems,True,True,True,Inspector
EMP032388,EQ00000191,L3,Pipeline Operations,False,False,False,Supervisor
EMP011245,EQ00000191,L3,Pipeline Operations,False,False,False,Inspector
EMP023729,EQ00000191,L3,Pipeline Operations,False,False,False,Operator
EMP006545,EQ00000191,L3,Pipeline Operations,False,False,False,Supervisor
EMP006681,EQ00000191,L4,Pipeline Operations,False,False,False,Maintenance
EMP008931,EQ00000191,L3,Pipeline Operations,False,False,False,Maintenance
EMP034607,EQ00000719,L3,Fire Water Systems,False,False,False,Supervisor
EMP022068,EQ00000719,L5,Fire Water Systems,True,False,False,Maintenance
EMP005516,EQ00000719,L4,Fire Water Systems,False,False,False,Operator
EMP027661,EQ00000719,L3,Fire Water Systems,False,False,False,Maintenance
EMP006697,EQ00000719,L4,Fire Water Systems,False,False,False,Operator
EMP003369,EQ00000719,L3,Fire Water Systems,False,True,False,Operator
EMP024348,EQ00000719,L2,Fire Water Systems,False,False,False,Maintenance
EMP019214,EQ00000719,L3,Fire Water Systems,False,False,False,Inspector
EMP000104,EQ00002041,L3,Line of Fire Awareness,False,False,False,Supervisor
EMP011314,EQ00002041,L6,Line of Fire Awareness,True,True,True,Inspector
EMP011320,EQ00002041,L6,Line of Fire Awareness,True,True,True,Maintenance
EMP016377,EQ00000549,L2,SIS/ESD,True,True,False,Maintenance
EMP003128,EQ00000549,L2,SIS/ESD,False,False,False,Operator
EMP042203,EQ00001341,L3,Pressure Systems Safety,False,False,False,Inspector
EMP042630,EQ00001341,L6,Pressure Systems Safety,True,True,True,Maintenance
EMP046597,EQ00001341,L2,Pressure Systems Safety,False,False,False,Supervisor
EMP028357,EQ00001341,L3,Pressure Systems Safety,False,False,False,Inspector
EMP023223,EQ00001341,L2,Pressure Systems Safety,True,False,False,Operator
EMP000736,EQ00001080,L5,Rotating Equipment,True,True,True,Maintenance
EMP019438,EQ00001080,L2,Rotating Equipment,True,True,False,Supervisor
EMP030658,EQ00001080,L3,Rotating Equipment,True,False,False,Operator
EMP009619,EQ00001080,L4,Rotating Equipment,True,True,True,Inspector
EMP039937,EQ00001080,L4,Rotating Equipment,True,True,True,Supervisor
EMP011558,EQ00001080,L5,Rotating Equipment,True,True,True,Inspector
EMP042512,EQ00001080,L2,Rotating Equipment,False,False,False,Operator
EMP028285,EQ00001080,L2,Rotating Equipment,False,True,False,Operator
EMP046523,EQ00001951,L3,Drilling Operations,False,False,False,Inspector
EMP039661,EQ00001951,L6,Drilling Operations,True,True,True,Inspector
EMP020899,EQ00001951,L3,Drilling Operations,False,False,False,Maintenance
EMP005161,EQ00001951,L4,Drilling Operations,True,True,True,Operator
EMP039529,EQ00001951,L2,Drilling Operations,False,True,False,Maintenance
EMP041348,EQ00001951,L4,Drilling Operations,True,True,True,Inspector
EMP048383,EQ00000301,L3,Gas Testing,False,False,False,Supervisor
EMP039567,EQ00000301,L3,Gas Testing,False,False,False,Supervisor
EMP002804,EQ00000301,L6,Gas Testing,True,True,True,Inspector
EMP007677,EQ00000301,L4,Gas Testing,False,False,False,Inspector
EMP016934,EQ00001327,L2,Isolation/LOTO,False,False,False,Inspector
EMP045906,EQ00001327,L5,Isolation/LOTO,True,True,True,Operator
EMP040841,EQ00001187,L4,Hydrotest Safety,False,False,False,Maintenance
EMP044916,EQ00001187,L2,Hydrotest Safety,True,False,False,Inspector
EMP043714,EQ00001187,L4,Hydrotest Safety,False,False,False,Supervisor
EMP016530,EQ00001187,L6,Hydrotest Safety,True,True,True,Supervisor
EMP031462,EQ00001187,L3,Hydrotest Safety,False,True,False,Inspector
EMP038092,EQ00001187,L5,Hydrotest Safety,True,True,True,Maintenance
EMP031331,EQ00001187,L4,Hydrotest Safety,True,False,False,Inspector
EMP024526,EQ00001187,L4,Hydrotest Safety,False,False,False,Maintenance
EMP023102,EQ00000920,L3,SIS/ESD,False,False,False,Supervisor
EMP042551,EQ00000920,L3,SIS/ESD,False,True,False,Supervisor
EMP020110,EQ00000920,L3,SIS/ESD,False,False,False,Operator
EMP037498,EQ00000920,L3,SIS/ESD,True,False,False,Inspector
EMP024418,EQ00000920,L4,SIS/ESD,False,False,False,Operator
EMP012654,EQ00000137,L3,Alignment,False,True,False,Supervisor
EMP016748,EQ00000137,L2,Alignment,True,False,False,Operator
EMP026756,EQ00000137,L3,Alignment,False,False,False,Operator
EMP001825,EQ00001144,L4,LOTO,True,False,False,Inspector
EMP035049,EQ00001144,L2,LOTO,False,False,False,Operator
EMP044321,EQ00001144,L5,LOTO,True,True,True,Maintenance
EMP039867,EQ00001144,L5,LOTO,True,True,True,Operator
EMP011402,EQ00001144,L3,LOTO,True,False,False,Supervisor
EMP000299,EQ00002636,L4,Fire Fighting,False,False,False,Inspector
EMP018071,EQ00002636,L5,Fire Fighting,False,True,False,Inspector
EMP016661,EQ00000977,L4,Process Operations,False,False,False,Supervisor
EMP018517,EQ00000977,L4,Process Operations,False,False,False,Inspector
EMP049093,EQ00000977,L3,Process Operations,False,True,False,Operator
EMP049630,EQ00001463,L4,Workshop Safety,False,False,False,Operator
EMP018102,EQ00001463,L4,Workshop Safety,True,False,False,Inspector
EMP045124,EQ00001463,L5,Workshop Safety,True,True,True,Maintenance
EMP023044,EQ00002399,L5,Motor Maintenance,True,True,True,Supervisor
EMP001583,EQ00002399,L4,Motor Maintenance,False,False,False,Maintenance
EMP020880,EQ00002399,L3,Motor Maintenance,False,True,False,Maintenance
EMP046348,EQ00001088,L4,Instrumentation,False,False,False,Maintenance
EMP036448,EQ00001088,L3,Instrumentation,False,False,False,Maintenance
EMP034816,EQ00001088,L3,Instrumentation,False,False,False,Supervisor
EMP022995,EQ00001088,L3,Instrumentation,True,False,False,Supervisor
EMP015064,EQ00001088,L3,Instrumentation,False,False,False,Operator
EMP016361,EQ00001088,L3,Instrumentation,False,False,False,Inspector
EMP031998,EQ00001088,L4,Instrumentation,True,False,False,Supervisor
EMP006629,EQ00001088,L4,Instrumentation,False,False,False,Operator
EMP024795,EQ00000372,L4,Valve Maintenance,True,True,True,Inspector
EMP048237,EQ00000372,L4,Valve Maintenance,True,True,True,Supervisor
EMP027020,EQ00000372,L5,Valve Maintenance,True,False,False,Supervisor
EMP031892,EQ00000372,L4,Valve Maintenance,True,True,True,Operator
EMP036365,EQ00000372,L3,Valve Maintenance,True,False,False,Operator
EMP005939,EQ00001599,L3,LOTO,False,True,False,Operator
EMP012349,EQ00001599,L2,LOTO,True,False,False,Inspector
EMP031924,EQ00001599,L4,LOTO,True,True,True,Inspector
EMP042729,EQ00001599,L5,LOTO,True,True,True,Supervisor
EMP005530,EQ00001599,L3,LOTO,False,False,False,Inspector
EMP003237,EQ00001599,L3,LOTO,False,False,False,Supervisor
EMP023305,EQ00001599,L4,LOTO,True,False,False,Supervisor
EMP019566,EQ00001599,L5,LOTO,True,True,True,Supervisor
EMP033527,EQ00001883,L4,Permit to Work,False,False,False,Inspector
EMP016819,EQ00001883,L4,Permit to Work,True,True,False,Supervisor
EMP030917,EQ00001625,L4,Isolation/LOTO,True,True,True,Supervisor
EMP013317,EQ00001625,L3,Isolation/LOTO,True,True,True,Maintenance
EMP029376,EQ00001625,L3,Isolation/LOTO,True,True,True,Operator
EMP045936,EQ00001625,L3,Isolation/LOTO,True,True,True,Supervisor
EMP047667,EQ00001625,L2,Isolation/LOTO,False,False,False,Inspector
EMP000284,EQ00001625,L2,Isolation/LOTO,True,False,False,Supervisor
EMP003347,EQ00001740,L3,Valve Maintenance,False,False,False,Maintenance
EMP009323,EQ00001740,L4,Valve Maintenance,True,False,False,Operator
EMP035395,EQ00001740,L4,Valve Maintenance,True,True,True,Inspector
EMP004492,EQ00001740,L4,Valve Maintenance,True,True,True,Maintenance
EMP024466,EQ00001740,L4,Valve Maintenance,True,True,True,Inspector
EMP014281,EQ00001740,L5,Valve Maintenance,True,True,True,Operator
EMP027022,EQ00000192,L4,Pressure Systems Safety,True,False,False,Inspector
EMP027708,EQ00000192,L4,Pressure Systems Safety,False,False,False,Inspector
EMP038740,EQ00000192,L3,Pressure Systems Safety,True,False,False,Inspector
EMP026570,EQ00000192,L4,Pressure Systems Safety,False,False,False,Operator
EMP048137,EQ00000192,L3,Pressure Systems Safety,False,True,False,Operator
EMP005322,EQ00001569,L3,Alignment,False,False,False,Maintenance
EMP032197,EQ00001569,L5,Alignment,True,True,True,Inspector
EMP037359,EQ00001569,L2,Alignment,True,False,False,Inspector
EMP032095,EQ00001569,L4,Alignment,False,False,False,Maintenance
EMP011119,EQ00000833,L4,Lubrication,True,False,False,Supervisor
EMP013749,EQ00000833,L4,Lubrication,False,True,False,Supervisor
EMP030983,EQ00000833,L3,Lubrication,False,False,False,Operator
EMP027487,EQ00000833,L4,Lubrication,True,True,True,Maintenance
EMP021569,EQ00000833,L3,Lubrication,False,False,False,Supervisor
EMP046246,EQ00001308,L4,Isolation/LOTO,False,False,False,Inspector
EMP036312,EQ00001308,L4,Isolation/LOTO,True,False,False,Inspector
EMP028186,EQ00001308,L3,Isolation/LOTO,True,True,False,Inspector
EMP014352,EQ00001308,L3,Isolation/LOTO,False,False,False,Inspector
EMP035967,EQ00001308,L5,Isolation/LOTO,True,False,False,Supervisor
EMP028957,EQ00001308,L5,Isolation/LOTO,True,True,True,Maintenance
EMP003586,EQ00001308,L3,Isolation/LOTO,False,False,False,Inspector
EMP029447,EQ00001308,L5,Isolation/LOTO,False,True,False,Operator
EMP005475,EQ00002530,L2,Switchgear Operation,False,False,False,Supervisor
EMP012137,EQ00002530,L4,Switchgear Operation,True,True,True,Operator
EMP041178,EQ00002530,L5,Switchgear Operation,True,True,True,Maintenance
EMP046815,EQ00002530,L4,Switchgear Operation,True,True,True,Supervisor
EMP015181,EQ00002164,L2,Gas Testing,False,False,False,Maintenance
EMP038339,EQ00002164,L3,Gas Testing,True,False,False,Supervisor
EMP007670,EQ00002164,L3,Gas Testing,True,False,False,Supervisor
EMP008145,EQ00002164,L6,Gas Testing,True,True,True,Supervisor
EMP039886,EQ00002164,L3,Gas Testing,False,False,False,Supervisor
EMP021315,EQ00002164,L4,Gas Testing,False,False,False,Inspector
EMP036304,EQ00002164,L4,Gas Testing,False,False,False,Maintenance
EMP034454,EQ00001339,L2,Motor Maintenance,False,True,False,Maintenance
EMP007578,EQ00001339,L4,Motor Maintenance,True,False,False,Inspector
EMP028398,EQ00001339,L6,Motor Maintenance,True,True,True,Maintenance
EMP003695,EQ00001339,L3,Motor Maintenance,False,False,False,Maintenance
EMP041819,EQ00001339,L3,Motor Maintenance,True,False,False,Maintenance
EMP034216,EQ00001339,L4,Motor Maintenance,False,True,False,Maintenance
EMP008064,EQ00001173,L2,Rig Floor Safety,False,False,False,Maintenance
EMP038231,EQ00001173,L2,Rig Floor Safety,False,False,False,Inspector
EMP039456,EQ00001173,L3,Rig Floor Safety,False,False,False,Supervisor
EMP046278,EQ00001173,L3,Rig Floor Safety,True,False,False,Inspector
EMP042431,EQ00001173,L5,Rig Floor Safety,True,False,False,Operator
EMP031684,EQ00001173,L3,Rig Floor Safety,False,False,False,Maintenance
EMP039279,EQ00002519,L5,Lubrication,True,True,True,Maintenance
EMP032405,EQ00002519,L4,Lubrication,False,False,False,Supervisor
EMP002142,EQ00002519,L4,Lubrication,False,False,False,Operator
EMP023007,EQ00002519,L3,Lubrication,False,False,False,Inspector
EMP019153,EQ00002519,L2,Lubrication,False,False,False,Supervisor
EMP021306,EQ00002519,L4,Lubrication,False,False,False,Operator
EMP033702,EQ00002519,L2,Lubrication,True,False,False,Maintenance
EMP017789,EQ00002519,L3,Lubrication,False,False,False,Inspector
EMP019599,EQ00002145,L4,Fire Fighting,False,False,False,Operator
EMP047704,EQ00002145,L3,Fire Fighting,True,False,False,Inspector
EMP028636,EQ00002145,L5,Fire Fighting,True,True,True,Maintenance
EMP034918,EQ00002145,L4,Fire Fighting,False,True,False,Supervisor
EMP028998,EQ00002145,L5,Fire Fighting,True,False,False,Inspector
EMP028082,EQ00001874,L4,Lifting Operations,False,False,False,Inspector
EMP034531,EQ00001874,L5,Lifting Operations,True,True,True,Supervisor
EMP000149,EQ00001874,L2,Lifting Operations,False,False,False,Inspector
EMP005212,EQ00001874,L3,Lifting Operations,True,False,False,Supervisor
EMP003574,EQ00001874,L6,Lifting Operations,True,True,True,Operator
EMP045330,EQ00001874,L5,Lifting Operations,True,True,True,Operator
EMP009371,EQ00001495,L4,Electrical Safety,True,True,True,Operator
EMP027928,EQ00001495,L3,Electrical Safety,True,False,False,Maintenance
EMP046333,EQ00001495,L3,Electrical Safety,True,False,False,Maintenance
EMP018808,EQ00001495,L3,Electrical Safety,False,False,False,Supervisor
EMP017700,EQ00001495,L5,Electrical Safety,True,True,True,Inspector
EMP039931,EQ00001495,L2,Electrical Safety,False,False,False,Operator
EMP009667,EQ00002030,L2,Gas Testing,False,False,False,Maintenance
EMP030834,EQ00002030,L2,Gas Testing,False,False,False,Supervisor
EMP031805,EQ00002030,L4,Gas Testing,True,True,True,Maintenance
EMP011463,EQ00002030,L4,Gas Testing,True,True,True,Supervisor
EMP029437,EQ00002030,L4,Gas Testing,True,False,False,Operator
EMP012768,EQ00002030,L5,Gas Testing,True,True,True,Maintenance
EMP009276,EQ00002030,L3,Gas Testing,True,False,False,Maintenance
EMP038482,EQ00002070,L3,Line of Fire Awareness,False,False,False,Maintenance
EMP027025,EQ00002070,L2,Line of Fire Awareness,False,True,False,Operator
EMP049531,EQ00001297,L4,Process Operations,False,False,False,Operator
EMP011992,EQ00001297,L2,Process Operations,False,False,False,Supervisor
EMP005649,EQ00001297,L4,Process Operations,True,False,False,Supervisor
EMP017025,EQ00001297,L4,Process Operations,False,False,False,Operator
EMP029129,EQ00001669,L3,Fire Water Systems,False,False,False,Maintenance
EMP025586,EQ00001669,L5,Fire Water Systems,True,True,True,Operator
EMP017975,EQ00000054,L4,Permit to Work,False,True,False,Supervisor
EMP022448,EQ00000054,L4,Permit to Work,True,False,False,Inspector
EMP002714,EQ00000054,L3,Permit to Work,False,False,False,Inspector
EMP043556,EQ00000054,L5,Permit to Work,True,True,True,Operator
EMP037137,EQ00000054,L4,Permit to Work,False,False,False,Supervisor
EMP038748,EQ00000054,L6,Permit to Work,True,True,True,Maintenance
EMP049671,EQ00000467,L5,LOTO,False,True,False,Maintenance
EMP047387,EQ00000467,L5,LOTO,True,True,True,Inspector
EMP034354,EQ00000368,L2,Alignment,False,False,False,Inspector
EMP015254,EQ00000368,L4,Alignment,False,True,False,Inspector
EMP037413,EQ00000368,L6,Alignment,True,True,True,Inspector
EMP016850,EQ00000368,L3,Alignment,False,False,False,Inspector
EMP012316,EQ00000368,L3,Alignment,False,False,False,Operator
EMP004043,EQ00000368,L3,Alignment,True,False,False,Supervisor
EMP049478,EQ00002023,L3,Permit to Work,False,True,False,Operator
EMP030159,EQ00002023,L3,Permit to Work,False,False,False,Operator
EMP042148,EQ00002023,L6,Permit to Work,True,False,False,Inspector
EMP025603,EQ00002023,L4,Permit to Work,False,False,False,Maintenance
EMP036919,EQ00002023,L2,Permit to Work,False,True,False,Operator
EMP002537,EQ00000012,L4,Permit to Work,False,False,False,Operator
EMP019798,EQ00000012,L3,Permit to Work,False,False,False,Operator
EMP014903,EQ00000012,L2,Permit to Work,True,False,False,Operator
EMP002247,EQ00000012,L2,Permit to Work,False,True,False,Maintenance
EMP026053,EQ00001713,L4,Pressure Vessel Safety,False,True,False,Operator
EMP031597,EQ00001713,L2,Pressure Vessel Safety,False,False,False,Maintenance
EMP017060,EQ00001713,L2,Pressure Vessel Safety,False,False,False,Inspector
EMP003846,EQ00002005,L4,Hydrotest Safety,False,False,False,Operator
EMP009596,EQ00002005,L3,Hydrotest Safety,False,False,False,Maintenance
EMP006016,EQ00002005,L4,Hydrotest Safety,True,False,False,Supervisor
EMP024434,EQ00001317,L4,LOTO,False,True,False,Inspector
EMP021367,EQ00001317,L4,LOTO,True,False,False,Maintenance
EMP046188,EQ00001317,L4,LOTO,False,True,False,Operator
EMP042097,EQ00002185,L4,Isolation/LOTO,False,True,False,Inspector
EMP032609,EQ00002185,L4,Isolation/LOTO,True,False,False,Maintenance
EMP015819,EQ00002185,L2,Isolation/LOTO,False,False,False,Operator
EMP034327,EQ00002185,L5,Isolation/LOTO,True,True,True,Maintenance
EMP012637,EQ00001165,L4,Welding Safety,False,False,False,Maintenance
EMP049905,EQ00001165,L2,Welding Safety,False,False,False,Supervisor
EMP022026,EQ00001165,L2,Welding Safety,True,False,False,Supervisor
EMP041202,EQ00001165,L3,Welding Safety,False,True,False,Maintenance
EMP037819,EQ00001640,L2,Line of Fire Awareness,False,False,False,Maintenance
EMP028076,EQ00001640,L4,Line of Fire Awareness,False,False,False,Operator
EMP049176,EQ00002263,L6,Emergency Response,True,False,False,Supervisor
EMP046240,EQ00002263,L4,Emergency Response,False,False,False,Inspector
EMP046496,EQ00002263,L5,Emergency Response,True,True,True,Inspector
EMP047654,EQ00002263,L3,Emergency Response,False,False,False,Operator
EMP034341,EQ00002263,L2,Emergency Response,False,True,False,Maintenance
EMP014506,EQ00002263,L3,Emergency Response,True,False,False,Operator
EMP013636,EQ00002263,L5,Emergency Response,True,True,True,Operator
EMP014190,EQ00001583,L4,Arc Flash Awareness,False,False,False,Maintenance
EMP030315,EQ00001583,L2,Arc Flash Awareness,False,False,False,Maintenance
EMP027741,EQ00001583,L5,Arc Flash Awareness,True,True,True,Maintenance
EMP022981,EQ00001583,L4,Arc Flash Awareness,False,False,False,Operator
EMP047562,EQ00001408,L4,Defensive Driving,True,True,True,Supervisor
EMP007392,EQ00001408,L2,Defensive Driving,False,True,False,Operator
EMP018449,EQ00002133,L3,Permit to Work,True,True,True,Supervisor
EMP048740,EQ00002133,L4,Permit to Work,True,True,True,Operator
EMP019773,EQ00002133,L2,Permit to Work,True,True,False,Operator
EMP027029,EQ00002133,L6,Permit to Work,True,True,True,Supervisor
EMP036770,EQ00002133,L2,Permit to Work,False,False,False,Operator
EMP012864,EQ00002792,L3,Permit to Work,False,True,False,Inspector
EMP000414,EQ00002792,L4,Permit to Work,False,False,False,Inspector
EMP039924,EQ00002792,L2,Permit to Work,False,False,False,Supervisor
EMP012498,EQ00001804,L4,Switchgear Operation,False,False,False,Inspector
EMP015589,EQ00001804,L2,Switchgear Operation,False,False,False,Supervisor
EMP034220,EQ00001804,L4,Switchgear Operation,False,False,False,Inspector
EMP029304,EQ00001804,L3,Switchgear Operation,False,False,False,Supervisor
EMP012678,EQ00001804,L4,Switchgear Operation,False,False,False,Supervisor
EMP004156,EQ00001804,L2,Switchgear Operation,False,False,False,Supervisor
EMP016472,EQ00001804,L4,Switchgear Operation,False,False,False,Inspector
EMP043174,EQ00002684,L6,Lifting Gear Inspection,True,True,True,Inspector
EMP004187,EQ00002684,L2,Lifting Gear Inspection,True,False,False,Operator
EMP038512,EQ00002684,L3,Lifting Gear Inspection,True,False,False,Maintenance
EMP042570,EQ00002684,L5,Lifting Gear Inspection,False,True,False,Operator
EMP014800,EQ00001930,L4,Instrumentation,True,True,True,Supervisor
EMP015579,EQ00001930,L4,Instrumentation,False,True,False,Inspector
EMP013873,EQ00001930,L4,Instrumentation,True,True,True,Supervisor
EMP031060,EQ00001930,L4,Instrumentation,True,True,True,Supervisor
EMP005223,EQ00001930,L2,Instrumentation,False,False,False,Operator
EMP042632,EQ00001930,L2,Instrumentation,False,False,False,Maintenance
EMP039113,EQ00000967,L4,Motor Maintenance,False,False,False,Inspector
EMP039147,EQ00000967,L4,Motor Maintenance,True,True,False,Operator
EMP002721,EQ00000967,L5,Motor Maintenance,True,True,True,Maintenance
EMP039075,EQ00000967,L4,Motor Maintenance,False,False,False,Supervisor
EMP006974,EQ00000967,L3,Motor Maintenance,False,False,False,Inspector
EMP035740,EQ00000967,L5,Motor Maintenance,True,True,True,Operator
EMP045055,EQ00000967,L2,Motor Maintenance,False,False,False,Maintenance
EMP040100,EQ00001913,L3,Hydrotest Safety,False,True,False,Inspector
EMP014629,EQ00001913,L4,Hydrotest Safety,False,False,False,Inspector
EMP033872,EQ00001913,L3,Hydrotest Safety,False,False,False,Operator
EMP048030,EQ00001913,L2,Hydrotest Safety,False,False,False,Supervisor
EMP042130,EQ00000797,L3,Mechanical Inspection,False,False,False,Supervisor
EMP001259,EQ00000797,L2,Mechanical Inspection,True,False,False,Supervisor
EMP013920,EQ00000797,L3,Mechanical Inspection,False,True,False,Supervisor
EMP048641,EQ00000797,L3,Mechanical Inspection,True,False,False,Operator
EMP010619,EQ00000797,L2,Mechanical Inspection,False,False,False,Supervisor
EMP024391,EQ00000797,L5,Mechanical Inspection,True,True,True,Maintenance
EMP016534,EQ00000797,L2,Mechanical Inspection,False,True,False,Supervisor
EMP028728,EQ00000797,L3,Mechanical Inspection,False,False,False,Operator
EMP005518,EQ00001435,L4,LOTO,True,True,True,Maintenance
EMP042494,EQ00001435,L4,LOTO,True,False,False,Operator
EMP023394,EQ00001435,L5,LOTO,True,True,True,Operator
EMP024997,EQ00001435,L4,LOTO,True,True,True,Maintenance
EMP002746,EQ00001435,L4,LOTO,False,True,False,Operator
EMP012352,EQ00001435,L5,LOTO,True,False,False,Supervisor
EMP017917,EQ00001435,L3,LOTO,False,False,False,Supervisor
EMP038888,EQ00001066,L5,Lubrication,True,True,True,Inspector
EMP047557,EQ00001066,L5,Lubrication,True,False,False,Operator
EMP002040,EQ00001066,L3,Lubrication,True,False,False,Inspector
EMP023891,EQ00001066,L5,Lubrication,False,False,False,Maintenance
EMP042826,EQ00001066,L2,Lubrication,False,True,False,Maintenance
EMP031352,EQ00000302,L6,Pressure Vessel Safety,True,True,True,Supervisor
EMP016578,EQ00000302,L5,Pressure Vessel Safety,True,True,True,Inspector
EMP031046,EQ00000302,L4,Pressure Vessel Safety,False,True,False,Maintenance
EMP024863,EQ00000302,L4,Pressure Vessel Safety,False,False,False,Supervisor
EMP012595,EQ00001745,L2,Hydrotest Safety,False,True,False,Maintenance
EMP020788,EQ00001745,L4,Hydrotest Safety,True,False,False,Operator
EMP010576,EQ00000886,L5,Switchgear Operation,False,True,False,Operator
EMP041848,EQ00000886,L4,Switchgear Operation,True,False,False,Inspector
EMP041222,EQ00000886,L2,Switchgear Operation,False,False,False,Maintenance
EMP027320,EQ00000886,L4,Switchgear Operation,True,False,False,Inspector
EMP025402,EQ00000886,L4,Switchgear Operation,True,False,False,Supervisor
EMP010655,EQ00000886,L3,Switchgear Operation,False,False,False,Operator
EMP020963,EQ00000886,L6,Switchgear Operation,True,True,True,Operator
EMP029611,EQ00001200,L4,Process Operations,True,False,False,Supervisor
EMP031239,EQ00001200,L2,Process Operations,False,True,False,Operator
EMP009005,EQ00001200,L4,Process Operations,False,False,False,Maintenance
EMP011152,EQ00001200,L4,Process Operations,False,False,False,Supervisor
EMP014543,EQ00002558,L3,Permit to Work,True,False,False,Operator
EMP017761,EQ00002558,L4,Permit to Work,True,False,False,Supervisor
EMP030153,EQ00002558,L5,Permit to Work,True,True,True,Inspector
EMP010228,EQ00002558,L4,Permit to Work,True,True,False,Operator
EMP036617,EQ00002558,L6,Permit to Work,True,True,True,Operator
EMP042163,EQ00002558,L6,Permit to Work,True,True,True,Maintenance
EMP016817,EQ00002558,L3,Permit to Work,False,False,False,Inspector
EMP045010,EQ00001487,L4,Process Isolation,True,True,True,Supervisor
EMP015662,EQ00001487,L2,Process Isolation,False,False,False,Inspector
EMP029987,EQ00001487,L4,Process Isolation,True,True,True,Maintenance
EMP010730,EQ00001487,L4,Process Isolation,True,True,True,Maintenance
EMP022836,EQ00001487,L4,Process Isolation,True,True,True,Supervisor
EMP048717,EQ00001487,L5,Process Isolation,True,True,True,Operator
EMP037414,EQ00000011,L6,Journey Management,True,True,True,Supervisor
EMP014786,EQ00000011,L4,Journey Management,True,True,True,Inspector
EMP029272,EQ00000011,L3,Journey Management,False,False,False,Inspector
EMP008873,EQ00000011,L4,Journey Management,True,True,True,Inspector
EMP012176,EQ00000011,L4,Journey Management,True,True,True,Operator
EMP047898,EQ00000383,L5,LOTO,True,True,True,Supervisor
EMP025124,EQ00000383,L5,LOTO,False,False,False,Operator
EMP012707,EQ00000383,L3,LOTO,False,False,False,Supervisor
EMP009554,EQ00000565,L4,Arc Flash Awareness,True,False,False,Operator
EMP000432,EQ00000565,L4,Arc Flash Awareness,True,False,False,Maintenance
EMP020054,EQ00000565,L3,Arc Flash Awareness,False,True,False,Maintenance
EMP030395,EQ00000565,L4,Arc Flash Awareness,False,False,False,Supervisor
EMP039408,EQ00000565,L2,Arc Flash Awareness,True,False,False,Maintenance
EMP021572,EQ00000565,L2,Arc Flash Awareness,False,False,False,Maintenance
EMP025119,EQ00000565,L3,Arc Flash Awareness,False,False,False,Inspector
EMP012258,EQ00000565,L4,Arc Flash Awareness,True,False,False,Inspector
EMP011011,EQ00000989,L3,Defensive Driving,True,True,True,Inspector
EMP011008,EQ00000989,L5,Defensive Driving,True,True,True,Operator
EMP022594,EQ00000989,L3,Defensive Driving,True,True,True,Maintenance
EMP000199,EQ00000989,L5,Defensive Driving,True,True,True,Maintenance
EMP001799,EQ00000989,L2,Defensive Driving,False,True,False,Maintenance
EMP007072,EQ00000989,L3,Defensive Driving,True,False,False,Operator
EMP002293,EQ00000989,L3,Defensive Driving,False,True,False,Maintenance
EMP028145,EQ00002413,L4,Instrumentation,True,True,True,Supervisor
EMP032795,EQ00002413,L4,Instrumentation,False,True,False,Inspector
EMP018657,EQ00002413,L5,Instrumentation,True,True,True,Inspector
EMP049874,EQ00002413,L4,Instrumentation,True,True,True,Maintenance
EMP029134,EQ00002413,L5,Instrumentation,True,True,True,Supervisor
EMP008843,EQ00002413,L3,Instrumentation,True,True,False,Inspector
EMP027614,EQ00001617,L4,Line of Fire Awareness,False,False,False,Operator
EMP045608,EQ00001617,L2,Line of Fire Awareness,False,False,False,Inspector
EMP019501,EQ00001617,L2,Line of Fire Awareness,False,False,False,Maintenance
EMP019629,EQ00001617,L4,Line of Fire Awareness,False,False,False,Maintenance
EMP022814,EQ00001617,L3,Line of Fire Awareness,False,False,False,Maintenance
EMP010619,EQ00001617,L2,Line of Fire Awareness,False,False,False,Inspector
EMP045167,EQ00001204,L4,Mechanical Inspection,False,False,False,Operator
EMP023238,EQ00001204,L4,Mechanical Inspection,False,False,False,Operator
EMP010655,EQ00001204,L3,Mechanical Inspection,False,False,False,Supervisor
EMP006746,EQ00000930,L6,LOTO,True,True,True,Supervisor
EMP024701,EQ00000930,L4,LOTO,False,False,False,Operator
EMP022147,EQ00000930,L3,LOTO,False,False,False,Operator
EMP001964,EQ00000930,L3,LOTO,False,True,False,Maintenance
EMP011077,EQ00000930,L3,LOTO,False,False,False,Operator
EMP031693,EQ00000930,L3,LOTO,False,False,False,Operator
EMP010726,EQ00000930,L3,LOTO,True,True,False,Maintenance
EMP031589,EQ00000930,L4,LOTO,False,False,False,Supervisor
EMP020122,EQ00001395,L6,Alignment,True,True,True,Maintenance
EMP025042,EQ00001395,L4,Alignment,False,False,False,Operator
EMP024325,EQ00001395,L4,Alignment,False,False,False,Supervisor
EMP038404,EQ00001395,L5,Alignment,True,True,True,Supervisor
EMP022497,EQ00001395,L5,Alignment,True,True,True,Operator
EMP001793,EQ00001395,L3,Alignment,False,True,False,Operator
EMP041367,EQ00000681,L3,Electrical Safety,False,False,False,Maintenance
EMP006961,EQ00000681,L4,Electrical Safety,False,False,False,Inspector
EMP040742,EQ00000681,L2,Electrical Safety,True,False,False,Operator
EMP040691,EQ00000681,L2,Electrical Safety,False,False,False,Operator
EMP040817,EQ00000681,L2,Electrical Safety,False,False,False,Inspector
EMP015274,EQ00002669,L4,Isolation/LOTO,True,True,True,Operator
EMP015266,EQ00002669,L3,Isolation/LOTO,False,False,False,Supervisor
EMP026511,EQ00002669,L2,Isolation/LOTO,False,False,False,Supervisor
EMP040821,EQ00002669,L2,Isolation/LOTO,True,False,False,Operator
EMP047101,EQ00002669,L5,Isolation/LOTO,True,True,True,Supervisor
EMP021357,EQ00002669,L4,Isolation/LOTO,True,True,True,Inspector
EMP036853,EQ00001746,L3,Permit to Work,False,False,False,Operator
EMP033605,EQ00001746,L2,Permit to Work,False,False,False,Supervisor
EMP032455,EQ00001746,L3,Permit to Work,False,False,False,Operator
EMP020926,EQ00001746,L5,Permit to Work,True,True,True,Supervisor
EMP021327,EQ00001746,L6,Permit to Work,True,True,True,Inspector
EMP024460,EQ00001746,L4,Permit to Work,False,False,False,Inspector
EMP045962,EQ00000596,L3,Permit to Work,False,False,False,Supervisor
EMP036950,EQ00000596,L4,Permit to Work,False,False,False,Supervisor
EMP012739,EQ00002261,L5,Permit to Work,True,True,True,Maintenance
EMP004908,EQ00002261,L3,Permit to Work,False,False,False,Supervisor
EMP019795,EQ00002261,L4,Permit to Work,True,True,True,Supervisor
EMP048133,EQ00002261,L5,Permit to Work,True,True,True,Supervisor
EMP044287,EQ00000376,L4,Line of Fire Awareness,False,False,False,Inspector
EMP034017,EQ00000376,L5,Line of Fire Awareness,True,True,True,Supervisor
EMP027050,EQ00000376,L5,Line of Fire Awareness,True,True,True,Operator
EMP001124,EQ00000376,L5,Line of Fire Awareness,True,True,True,Maintenance
EMP027130,EQ00000376,L4,Line of Fire Awareness,False,False,False,Maintenance
EMP024938,EQ00002454,L5,Permit to Work,True,True,True,Maintenance
EMP022767,EQ00002454,L2,Permit to Work,True,False,False,Supervisor
EMP003421,EQ00002454,L4,Permit to Work,True,False,False,Maintenance
EMP047428,EQ00002454,L4,Permit to Work,False,False,False,Maintenance
EMP038615,EQ00002454,L5,Permit to Work,True,True,True,Maintenance
EMP023919,EQ00002480,L3,Calibration,False,False,False,Operator
EMP038074,EQ00002480,L2,Calibration,False,False,False,Maintenance
EMP000325,EQ00002480,L6,Calibration,True,True,True,Maintenance
EMP044258,EQ00002480,L5,Calibration,True,True,True,Operator
EMP041123,EQ00001355,L4,Wastewater Operations,False,True,False,Supervisor
EMP027918,EQ00001355,L4,Wastewater Operations,False,False,False,Maintenance
EMP024428,EQ00001355,L5,Wastewater Operations,False,True,False,Inspector
EMP007154,EQ00001355,L5,Wastewater Operations,False,True,False,Inspector
EMP040447,EQ00001355,L4,Wastewater Operations,False,True,False,Supervisor
EMP021499,EQ00002082,L2,Workshop Safety,True,False,False,Supervisor
EMP016155,EQ00002082,L4,Workshop Safety,True,True,True,Inspector
EMP037433,EQ00002082,L3,Workshop Safety,True,True,True,Inspector
EMP006290,EQ00002082,L3,Workshop Safety,True,True,True,Supervisor
EMP030743,EQ00002082,L4,Workshop Safety,True,True,True,Supervisor
EMP033917,EQ00002082,L5,Workshop Safety,True,True,True,Inspector
EMP005939,EQ00002082,L3,Workshop Safety,True,True,True,Operator
EMP026634,EQ00002082,L4,Workshop Safety,True,False,False,Maintenance
EMP023622,EQ00002104,L4,LOTO,False,False,False,Supervisor
EMP045317,EQ00002104,L4,LOTO,False,False,False,Maintenance
EMP024905,EQ00000063,L5,Mechanical Inspection,True,True,True,Supervisor
EMP011671,EQ00000063,L3,Mechanical Inspection,True,False,False,Maintenance
EMP049498,EQ00000063,L4,Mechanical Inspection,True,True,False,Supervisor
EMP048575,EQ00000112,L3,Process Isolation,False,False,False,Maintenance
EMP018092,EQ00000112,L4,Process Isolation,False,False,False,Inspector
EMP004081,EQ00000112,L4,Process Isolation,True,True,False,Maintenance
EMP002504,EQ00000112,L6,Process Isolation,True,True,True,Inspector
EMP036596,EQ00002124,L3,Hydrotest Safety,False,False,False,Maintenance
EMP038610,EQ00002124,L2,Hydrotest Safety,False,False,False,Operator
EMP028961,EQ00002124,L4,Hydrotest Safety,True,False,False,Supervisor
EMP032723,EQ00002124,L2,Hydrotest Safety,False,False,False,Supervisor
EMP007406,EQ00002124,L3,Hydrotest Safety,False,False,False,Maintenance
EMP015352,EQ00000240,L3,Pressure Vessel Safety,False,True,False,Maintenance
EMP039984,EQ00000240,L2,Pressure Vessel Safety,False,False,False,Operator
EMP037248,EQ00000240,L4,Pressure Vessel Safety,False,False,False,Supervisor
EMP020707,EQ00000240,L4,Pressure Vessel Safety,False,False,False,Operator
EMP017027,EQ00000240,L5,Pressure Vessel Safety,True,True,True,Inspector
EMP049687,EQ00000240,L5,Pressure Vessel Safety,True,True,True,Maintenance
EMP049106,EQ00002418,L4,Switchgear Operation,False,False,False,Inspector
EMP036829,EQ00002418,L3,Switchgear Operation,False,False,False,Maintenance
EMP043781,EQ00002418,L4,Switchgear Operation,False,False,False,Maintenance
EMP022709,EQ00002418,L3,Switchgear Operation,False,True,False,Maintenance
EMP040260,EQ00002418,L4,Switchgear Operation,False,False,False,Operator
EMP031297,EQ00002418,L2,Switchgear Operation,False,False,False,Inspector
EMP041795,EQ00002418,L5,Switchgear Operation,True,True,True,Supervisor
EMP037557,EQ00001492,L3,Electrical Safety,False,False,False,Maintenance
EMP027786,EQ00001492,L4,Electrical Safety,True,False,False,Supervisor
EMP049380,EQ00001492,L4,Electrical Safety,True,True,False,Maintenance
EMP005816,EQ00001492,L2,Electrical Safety,False,False,False,Operator
EMP007429,EQ00001492,L4,Electrical Safety,True,False,False,Inspector
EMP028883,EQ00001492,L5,Electrical Safety,True,True,True,Operator
EMP012926,EQ00001492,L3,Electrical Safety,False,False,False,Operator
EMP042101,EQ00000274,L4,Isolation/LOTO,False,True,False,Inspector
EMP000839,EQ00000274,L4,Isolation/LOTO,False,True,False,Supervisor
EMP036041,EQ00000274,L5,Isolation/LOTO,True,True,True,Maintenance
EMP015446,EQ00000274,L3,Isolation/LOTO,False,False,False,Inspector
EMP034551,EQ00000274,L2,Isolation/LOTO,False,False,False,Operator
EMP034595,EQ00000865,L4,Defensive Driving,False,False,False,Supervisor
EMP019806,EQ00000865,L4,Defensive Driving,True,True,False,Maintenance
EMP045243,EQ00000865,L4,Defensive Driving,False,False,False,Inspector
EMP023297,EQ00000865,L4,Defensive Driving,True,False,False,Inspector
EMP002705,EQ00000865,L4,Defensive Driving,False,False,False,Supervisor
EMP046768,EQ00000865,L5,Defensive Driving,True,True,True,Maintenance
EMP036119,EQ00000865,L3,Defensive Driving,False,False,False,Supervisor
EMP030453,EQ00000865,L3,Defensive Driving,False,False,False,Inspector
EMP047630,EQ00000158,L4,Fire Water Systems,True,True,True,Operator
EMP047148,EQ00000158,L3,Fire Water Systems,True,False,False,Maintenance
EMP046987,EQ00001283,L4,Control Systems,False,False,False,Supervisor
EMP017438,EQ00001283,L4,Control Systems,False,False,False,Operator
EMP049496,EQ00001283,L4,Control Systems,True,False,False,Inspector
EMP044617,EQ00001283,L5,Control Systems,True,False,False,Supervisor
EMP000917,EQ00001283,L3,Control Systems,False,False,False,Supervisor
EMP021686,EQ00001283,L3,Control Systems,False,False,False,Inspector
EMP042832,EQ00002255,L3,Isolation/LOTO,False,False,False,Supervisor
EMP045841,EQ00002255,L3,Isolation/LOTO,False,False,False,Maintenance
EMP027376,EQ00002255,L3,Isolation/LOTO,False,False,False,Maintenance
EMP027085,EQ00001379,L2,Well Control,False,True,False,Supervisor
EMP026252,EQ00001379,L4,Well Control,True,True,True,Inspector
EMP047376,EQ00001379,L3,Well Control,False,False,False,Operator
EMP049159,EQ00000136,L5,SIS/ESD,True,True,True,Inspector
EMP023180,EQ00000136,L3,SIS/ESD,True,True,False,Maintenance
EMP015942,EQ00001478,L3,Workshop Safety,False,False,False,Operator
EMP005499,EQ00001478,L4,Workshop Safety,True,False,False,Operator
EMP039594,EQ00001478,L4,Workshop Safety,True,False,False,Operator
EMP040374,EQ00002743,L3,LOTO,False,False,False,Operator
EMP025753,EQ00002743,L5,LOTO,True,True,True,Maintenance
EMP003689,EQ00000233,L2,Defensive Driving,False,False,False,Maintenance
EMP035823,EQ00000233,L3,Defensive Driving,False,False,False,Maintenance
EMP031188,EQ00000233,L6,Defensive Driving,True,True,True,Inspector
EMP019031,EQ00000233,L5,Defensive Driving,True,True,True,Supervisor
EMP036074,EQ00002387,L4,Drilling Operations,True,True,True,Supervisor
EMP015488,EQ00002387,L2,Drilling Operations,True,False,False,Operator
EMP021627,EQ00002326,L5,Well Control,True,True,True,Operator
EMP032283,EQ00002326,L6,Well Control,True,True,True,Inspector
EMP002573,EQ00002326,L3,Well Control,True,False,False,Inspector
EMP012573,EQ00002326,L2,Well Control,False,False,False,Supervisor
EMP026093,EQ00000253,L4,Hydrotest Safety,False,False,False,Supervisor
EMP005138,EQ00000253,L2,Hydrotest Safety,True,False,False,Supervisor
EMP045347,EQ00000253,L5,Hydrotest Safety,True,False,False,Operator
EMP028749,EQ00000253,L2,Hydrotest Safety,False,True,False,Supervisor
EMP047512,EQ00000206,L5,Machine Tool Operation,True,True,True,Supervisor
EMP008757,EQ00000206,L3,Machine Tool Operation,True,False,False,Operator
EMP021204,EQ00001439,L4,Permit to Work,False,False,False,Inspector
EMP004303,EQ00001439,L4,Permit to Work,False,True,False,Operator
EMP021116,EQ00001439,L2,Permit to Work,False,False,False,Operator
EMP003886,EQ00001439,L5,Permit to Work,False,True,False,Inspector
EMP020290,EQ00001439,L5,Permit to Work,True,True,True,Maintenance
EMP039544,EQ00001439,L3,Permit to Work,False,False,False,Maintenance
EMP039052,EQ00001439,L3,Permit to Work,False,True,False,Inspector
EMP010343,EQ00000292,L2,Vehicle Inspection,False,False,False,Supervisor
EMP044659,EQ00000292,L2,Vehicle Inspection,False,True,False,Supervisor
EMP012921,EQ00000292,L5,Vehicle Inspection,True,True,True,Maintenance
EMP017522,EQ00000292,L4,Vehicle Inspection,False,True,False,Inspector
EMP041897,EQ00001570,L4,Permit to Work,True,True,True,Operator
EMP023798,EQ00001570,L3,Permit to Work,True,False,False,Maintenance
EMP041295,EQ00001570,L5,Permit to Work,True,True,True,Operator
EMP006590,EQ00000520,L4,Line of Fire Awareness,False,False,False,Supervisor
EMP022035,EQ00000520,L6,Line of Fire Awareness,True,True,True,Maintenance
EMP004099,EQ00000520,L3,Line of Fire Awareness,False,False,False,Supervisor
EMP002808,EQ00000520,L2,Line of Fire Awareness,False,False,False,Supervisor
EMP025205,EQ00000520,L4,Line of Fire Awareness,False,False,False,Operator
EMP027848,EQ00000520,L2,Line of Fire Awareness,True,False,False,Operator
EMP003707,EQ00000520,L4,Line of Fire Awareness,False,True,False,Operator
EMP029259,EQ00001853,L3,Vibration Monitoring,False,False,False,Supervisor
EMP019153,EQ00001853,L2,Vibration Monitoring,False,False,False,Inspector
EMP027715,EQ00001853,L4,Vibration Monitoring,False,False,False,Inspector
EMP036504,EQ00001853,L2,Vibration Monitoring,False,False,False,Inspector
EMP044487,EQ00001853,L5,Vibration Monitoring,True,False,False,Inspector
EMP004950,EQ00001660,L5,Vibration Monitoring,True,False,False,Supervisor
EMP025465,EQ00001660,L4,Vibration Monitoring,True,False,False,Operator
EMP020783,EQ00001660,L2,Vibration Monitoring,False,True,False,Maintenance
EMP034081,EQ00001660,L6,Vibration Monitoring,True,True,True,Operator
EMP028110,EQ00002717,L2,LOTO,False,True,False,Supervisor
EMP029444,EQ00002717,L4,LOTO,True,True,False,Supervisor
EMP014961,EQ00002717,L3,LOTO,False,False,False,Maintenance
EMP011570,EQ00002717,L4,LOTO,False,False,False,Inspector
EMP007910,EQ00002643,L3,Arc Flash Awareness,False,False,False,Maintenance
EMP032036,EQ00002643,L3,Arc Flash Awareness,False,False,False,Operator
EMP037691,EQ00002643,L5,Arc Flash Awareness,True,True,True,Inspector
EMP000109,EQ00002643,L3,Arc Flash Awareness,False,False,False,Maintenance
EMP004918,EQ00002643,L3,Arc Flash Awareness,False,True,False,Inspector
EMP027988,EQ00002643,L5,Arc Flash Awareness,True,False,False,Supervisor
EMP003473,EQ00002643,L4,Arc Flash Awareness,True,True,True,Operator
EMP019403,EQ00002643,L4,Arc Flash Awareness,True,True,True,Supervisor
EMP027302,EQ00000625,L4,Line of Fire Awareness,True,True,True,Maintenance
EMP009859,EQ00000625,L3,Line of Fire Awareness,False,False,False,Operator
EMP027917,EQ00000625,L4,Line of Fire Awareness,False,True,False,Maintenance
EMP027499,EQ00000625,L6,Line of Fire Awareness,True,True,True,Operator
EMP002612,EQ00000625,L2,Line of Fire Awareness,False,False,False,Maintenance
EMP013107,EQ00000625,L3,Line of Fire Awareness,False,False,False,Inspector
EMP043837,EQ00000625,L5,Line of Fire Awareness,True,True,True,Supervisor
EMP044390,EQ00001102,L2,LOTO,False,False,False,Inspector
EMP040464,EQ00001102,L5,LOTO,True,True,True,Supervisor
EMP018444,EQ00001102,L3,LOTO,True,False,False,Maintenance
EMP006314,EQ00001102,L3,LOTO,False,False,False,Maintenance
EMP047476,EQ00001102,L2,LOTO,False,False,False,Supervisor
EMP046872,EQ00001102,L3,LOTO,False,False,False,Inspector
EMP002186,EQ00001102,L5,LOTO,True,True,True,Operator
EMP045664,EQ00001102,L4,LOTO,False,False,False,Supervisor
EMP047408,EQ00000813,L2,Motor Maintenance,False,False,False,Supervisor
EMP033911,EQ00000813,L6,Motor Maintenance,True,True,True,Operator
EMP039072,EQ00000813,L2,Motor Maintenance,False,False,False,Operator
EMP037819,EQ00001518,L2,Process Operations,False,True,False,Inspector
EMP018343,EQ00001518,L5,Process Operations,True,True,True,Supervisor
EMP028050,EQ00000009,L4,Journey Management,True,True,True,Supervisor
EMP008875,EQ00000009,L5,Journey Management,False,True,False,Operator
EMP036107,EQ00000009,L5,Journey Management,True,True,True,Supervisor
EMP039816,EQ00000009,L5,Journey Management,True,True,True,Maintenance
EMP040938,EQ00002676,L2,Electrical Safety,False,False,False,Inspector
EMP035482,EQ00002676,L3,Electrical Safety,False,False,False,Inspector
EMP038139,EQ00002676,L3,Electrical Safety,True,False,False,Operator
EMP036329,EQ00002676,L4,Electrical Safety,False,False,False,Operator
EMP018115,EQ00002676,L3,Electrical Safety,False,True,False,Inspector
EMP014969,EQ00002676,L3,Electrical Safety,False,True,False,Supervisor
EMP013495,EQ00001571,L4,Line of Fire Awareness,False,False,False,Supervisor
EMP032741,EQ00001571,L3,Line of Fire Awareness,False,False,False,Operator
EMP029591,EQ00001571,L2,Line of Fire Awareness,True,False,False,Inspector
EMP033435,EQ00001571,L4,Line of Fire Awareness,False,False,False,Maintenance
EMP013893,EQ00000773,L3,Line of Fire Awareness,True,False,False,Maintenance
EMP005815,EQ00000773,L2,Line of Fire Awareness,False,True,False,Operator
EMP049461,EQ00000773,L6,Line of Fire Awareness,True,True,True,Supervisor
EMP020596,EQ00000773,L2,Line of Fire Awareness,True,False,False,Inspector
EMP044925,EQ00000111,L5,Hydrotest Safety,True,False,False,Operator
EMP036359,EQ00000111,L3,Hydrotest Safety,False,False,False,Operator
EMP041382,EQ00000111,L2,Hydrotest Safety,False,True,False,Supervisor
EMP040946,EQ00000111,L4,Hydrotest Safety,True,False,False,Inspector
EMP008499,EQ00000332,L2,Rigging,False,False,False,Operator
EMP047086,EQ00000332,L2,Rigging,False,False,False,Inspector
EMP005493,EQ00000332,L4,Rigging,False,False,False,Supervisor
EMP030745,EQ00000332,L4,Rigging,False,False,False,Operator
EMP010998,EQ00000332,L4,Rigging,False,False,False,Supervisor
EMP022186,EQ00000332,L3,Rigging,False,False,False,Inspector
EMP008766,EQ00000332,L5,Rigging,True,True,True,Operator
EMP031453,EQ00000332,L4,Rigging,False,False,False,Inspector
EMP025569,EQ00002773,L3,Well Control,False,False,False,Inspector
EMP001919,EQ00002773,L3,Well Control,True,False,False,Inspector
EMP011138,EQ00002773,L5,Well Control,True,True,True,Inspector
EMP034029,EQ00002773,L4,Well Control,True,False,False,Supervisor
EMP039673,EQ00001255,L3,Rotating Equipment,False,False,False,Maintenance
EMP008828,EQ00001255,L3,Rotating Equipment,False,False,False,Inspector
EMP028566,EQ00000099,L6,Isolation/LOTO,True,True,True,Maintenance
EMP021538,EQ00000099,L2,Isolation/LOTO,False,False,False,Supervisor
EMP026401,EQ00000099,L3,Isolation/LOTO,False,False,False,Maintenance
EMP001696,EQ00000099,L2,Isolation/LOTO,True,False,False,Operator
EMP015645,EQ00000099,L3,Isolation/LOTO,False,True,False,Supervisor
EMP029266,EQ00000099,L2,Isolation/LOTO,False,False,False,Maintenance
EMP034406,EQ00000099,L3,Isolation/LOTO,False,False,False,Operator
EMP004622,EQ00000099,L4,Isolation/LOTO,True,False,False,Supervisor
EMP033690,EQ00000554,L4,Emergency Response,True,False,False,Inspector
EMP001116,EQ00000554,L4,Emergency Response,True,True,True,Inspector
EMP021664,EQ00000554,L4,Emergency Response,True,True,True,Inspector
EMP049327,EQ00000463,L5,Process Operations,True,True,True,Operator
EMP011622,EQ00000463,L3,Process Operations,True,False,False,Maintenance
EMP013358,EQ00002786,L6,Control Systems,True,True,True,Inspector
EMP024163,EQ00002786,L4,Control Systems,False,False,False,Operator
EMP045183,EQ00002786,L3,Control Systems,False,True,False,Maintenance
EMP024405,EQ00002786,L5,Control Systems,True,True,True,Supervisor
EMP034825,EQ00002786,L2,Control Systems,False,False,False,Inspector
EMP036057,EQ00002786,L4,Control Systems,False,True,False,Inspector
EMP048898,EQ00002786,L3,Control Systems,True,False,False,Inspector
EMP019090,EQ00002061,L4,Process Operations,True,False,False,Inspector
EMP004175,EQ00002061,L5,Process Operations,True,True,True,Inspector
EMP009312,EQ00002061,L3,Process Operations,True,False,False,Supervisor
EMP002507,EQ00002061,L5,Process Operations,True,True,True,Inspector
EMP029269,EQ00002061,L3,Process Operations,True,False,False,Inspector
EMP000051,EQ00002061,L6,Process Operations,True,True,True,Operator
EMP046896,EQ00000503,L4,Line of Fire Awareness,True,False,False,Operator
EMP041432,EQ00000503,L4,Line of Fire Awareness,True,False,False,Maintenance
EMP045445,EQ00000503,L3,Line of Fire Awareness,False,True,False,Supervisor
EMP000321,EQ00000503,L4,Line of Fire Awareness,False,False,False,Maintenance
EMP043669,EQ00000503,L4,Line of Fire Awareness,False,False,False,Supervisor
EMP028135,EQ00000503,L3,Line of Fire Awareness,False,True,False,Maintenance
EMP049945,EQ00000923,L2,Electrical Safety,False,False,False,Operator
EMP029821,EQ00000923,L5,Electrical Safety,True,False,False,Operator
EMP013577,EQ00000923,L3,Electrical Safety,False,True,False,Supervisor
EMP023415,EQ00000923,L4,Electrical Safety,True,False,False,Operator
EMP029961,EQ00000923,L2,Electrical Safety,False,True,False,Inspector
EMP020465,EQ00000923,L6,Electrical Safety,True,True,True,Operator
EMP025841,EQ00000923,L5,Electrical Safety,True,True,True,Inspector
EMP031275,EQ00000923,L5,Electrical Safety,True,True,True,Supervisor
EMP014268,EQ00001654,L2,Permit to Work,False,False,False,Supervisor
EMP044548,EQ00001654,L2,Permit to Work,False,False,False,Maintenance
EMP019824,EQ00001654,L3,Permit to Work,False,False,False,Supervisor
EMP013279,EQ00001654,L3,Permit to Work,False,False,False,Operator
EMP040366,EQ00001654,L4,Permit to Work,False,False,False,Supervisor
EMP024615,EQ00000849,L4,Lifting Operations,False,False,False,Maintenance
EMP038804,EQ00000849,L5,Lifting Operations,True,True,True,Supervisor
EMP005402,EQ00000849,L6,Lifting Operations,True,True,True,Inspector
EMP044984,EQ00000849,L4,Lifting Operations,False,True,False,Operator
EMP030775,EQ00000849,L3,Lifting Operations,False,False,False,Operator
EMP018589,EQ00000849,L4,Lifting Operations,True,False,False,Inspector
EMP047132,EQ00000849,L4,Lifting Operations,False,True,False,Supervisor
EMP015868,EQ00001410,L5,LOTO,True,True,True,Operator
EMP018048,EQ00001410,L2,LOTO,False,False,False,Operator
EMP020273,EQ00001410,L4,LOTO,False,True,False,Supervisor
EMP009319,EQ00001410,L4,LOTO,False,True,False,Supervisor
EMP004358,EQ00002610,L4,Switchgear Operation,True,False,False,Operator
EMP044147,EQ00002610,L5,Switchgear Operation,True,True,True,Maintenance
EMP018307,EQ00002610,L3,Switchgear Operation,False,False,False,Operator
EMP046132,EQ00002610,L4,Switchgear Operation,False,False,False,Supervisor
EMP028387,EQ00002610,L4,Switchgear Operation,False,False,False,Operator
EMP024554,EQ00002610,L3,Switchgear Operation,True,False,False,Supervisor
EMP035008,EQ00002332,L6,Rotating Equipment,False,False,False,Maintenance
EMP005541,EQ00002332,L2,Rotating Equipment,False,False,False,Supervisor
EMP006471,EQ00002332,L4,Rotating Equipment,True,True,True,Supervisor
EMP033375,EQ00002332,L3,Rotating Equipment,True,False,False,Operator
EMP043874,EQ00002332,L4,Rotating Equipment,True,True,True,Maintenance
EMP014776,EQ00002332,L4,Rotating Equipment,True,True,True,Operator
EMP044237,EQ00002332,L5,Rotating Equipment,True,True,True,Inspector
EMP033816,EQ00001604,L4,LOTO,False,False,False,Supervisor
EMP028928,EQ00001604,L3,LOTO,False,False,False,Operator
EMP011081,EQ00001267,L6,Rigging,True,False,False,Maintenance
EMP042428,EQ00001267,L4,Rigging,False,True,False,Supervisor
EMP029776,EQ00001267,L6,Rigging,True,True,True,Maintenance
EMP036222,EQ00001267,L5,Rigging,True,True,True,Inspector
EMP019848,EQ00001999,L2,Environmental Monitoring,False,False,False,Inspector
EMP026470,EQ00001999,L3,Environmental Monitoring,False,False,False,Maintenance
EMP022730,EQ00001999,L2,Environmental Monitoring,False,False,False,Supervisor
EMP008821,EQ00001999,L2,Environmental Monitoring,False,False,False,Maintenance
EMP047709,EQ00001999,L6,Environmental Monitoring,True,True,True,Maintenance
EMP032135,EQ00001999,L3,Environmental Monitoring,False,False,False,Maintenance
EMP027979,EQ00001999,L3,Environmental Monitoring,False,False,False,Operator
EMP017219,EQ00001999,L4,Environmental Monitoring,True,True,False,Operator
EMP034791,EQ00002168,L3,Permit to Work,False,False,False,Supervisor
EMP025033,EQ00002168,L4,Permit to Work,False,False,False,Maintenance
EMP035340,EQ00002168,L4,Permit to Work,False,False,False,Maintenance
EMP038118,EQ00002168,L4,Permit to Work,True,False,False,Inspector
EMP026277,EQ00002168,L4,Permit to Work,False,False,False,Operator
EMP017180,EQ00002168,L5,Permit to Work,True,True,True,Supervisor
EMP013247,EQ00000241,L3,Electrical Isolation/LOTO,True,True,True,Operator
EMP006226,EQ00000241,L4,Electrical Isolation/LOTO,True,True,True,Supervisor
EMP002556,EQ00000241,L6,Electrical Isolation/LOTO,True,True,True,Operator
EMP042298,EQ00000241,L2,Electrical Isolation/LOTO,False,False,False,Maintenance
EMP012300,EQ00000241,L3,Electrical Isolation/LOTO,True,True,True,Inspector
EMP024116,EQ00002037,L3,Lubrication,False,False,False,Maintenance
EMP044672,EQ00002037,L3,Lubrication,False,False,False,Supervisor
EMP038558,EQ00002037,L2,Lubrication,False,False,False,Supervisor
EMP014323,EQ00002037,L4,Lubrication,False,False,False,Supervisor
EMP002908,EQ00002037,L3,Lubrication,False,False,False,Operator
EMP026714,EQ00002037,L3,Lubrication,True,False,False,Maintenance
EMP000914,EQ00002765,L3,Permit to Work,False,False,False,Maintenance
EMP043123,EQ00002765,L3,Permit to Work,False,False,False,Maintenance
EMP018736,EQ00002765,L5,Permit to Work,True,True,True,Supervisor
EMP019958,EQ00001332,L5,Valve Maintenance,True,False,False,Supervisor
EMP040369,EQ00001332,L4,Valve Maintenance,False,True,False,Maintenance
EMP021069,EQ00001332,L3,Valve Maintenance,False,False,False,Supervisor
EMP007798,EQ00001332,L2,Valve Maintenance,False,True,False,Inspector
EMP020313,EQ00001207,L3,Gas Testing,False,False,False,Inspector
EMP034073,EQ00001207,L3,Gas Testing,False,False,False,Maintenance
EMP021984,EQ00001207,L4,Gas Testing,False,False,False,Operator
EMP037362,EQ00001207,L3,Gas Testing,True,False,False,Operator
EMP010732,EQ00002036,L5,Process Operations,True,True,True,Supervisor
EMP023864,EQ00002036,L2,Process Operations,False,False,False,Operator
EMP034604,EQ00002036,L4,Process Operations,False,True,False,Inspector
EMP024674,EQ00002036,L4,Process Operations,False,False,False,Operator
EMP043609,EQ00002036,L4,Process Operations,False,False,False,Maintenance
EMP017287,EQ00002036,L4,Process Operations,False,False,False,Inspector
EMP035452,EQ00002036,L4,Process Operations,False,False,False,Maintenance
EMP018474,EQ00002036,L3,Process Operations,True,True,False,Maintenance
EMP002207,EQ00000873,L3,Permit to Work,True,False,False,Maintenance
EMP025432,EQ00000873,L2,Permit to Work,False,False,False,Supervisor
EMP041015,EQ00000873,L3,Permit to Work,True,True,True,Supervisor
EMP037057,EQ00000873,L5,Permit to Work,True,False,False,Supervisor
EMP039320,EQ00000873,L3,Permit to Work,True,True,True,Maintenance
EMP048845,EQ00000873,L3,Permit to Work,True,True,True,Supervisor
EMP025763,EQ00001413,L3,Isolation/LOTO,False,False,False,Inspector
EMP029653,EQ00001413,L3,Isolation/LOTO,False,False,False,Operator
EMP014983,EQ00001413,L6,Isolation/LOTO,True,True,True,Inspector
EMP040410,EQ00002730,L3,Wastewater Operations,False,False,False,Supervisor
EMP019126,EQ00002730,L4,Wastewater Operations,False,False,False,Operator
EMP013089,EQ00002730,L4,Wastewater Operations,False,True,False,Inspector
EMP025276,EQ00002730,L6,Wastewater Operations,True,True,True,Operator
EMP040582,EQ00002730,L3,Wastewater Operations,False,False,False,Supervisor
EMP027974,EQ00000954,L5,Isolation/LOTO,True,True,True,Inspector
EMP009400,EQ00000954,L2,Isolation/LOTO,False,False,False,Inspector
EMP034292,EQ00000954,L3,Isolation/LOTO,True,False,False,Operator
EMP021922,EQ00000954,L5,Isolation/LOTO,True,True,True,Operator
EMP015589,EQ00000954,L2,Isolation/LOTO,False,True,False,Operator
EMP043166,EQ00000954,L4,Isolation/LOTO,False,False,False,Inspector
EMP032219,EQ00000954,L5,Isolation/LOTO,True,True,True,Inspector
EMP003143,EQ00000954,L4,Isolation/LOTO,False,False,False,Operator
EMP009311,EQ00002465,L3,Well Control,False,False,False,Operator
EMP023487,EQ00002465,L3,Well Control,False,False,False,Supervisor
EMP042168,EQ00002012,L3,LOTO,True,False,False,Supervisor
EMP003943,EQ00002012,L2,LOTO,True,False,False,Maintenance
EMP036036,EQ00002012,L4,LOTO,False,False,False,Maintenance
EMP005141,EQ00002012,L4,LOTO,True,False,False,Maintenance
EMP041994,EQ00002012,L4,LOTO,False,False,False,Inspector
EMP029092,EQ00002012,L5,LOTO,True,True,True,Supervisor
EMP010824,EQ00002012,L2,LOTO,False,True,False,Inspector
EMP020292,EQ00002012,L5,LOTO,True,True,True,Maintenance
EMP009133,EQ00001111,L4,Lubrication,False,False,False,Maintenance
EMP016606,EQ00001111,L4,Lubrication,False,False,False,Supervisor
EMP045344,EQ00001539,L4,Pressure Vessel Safety,False,True,False,Maintenance
EMP044190,EQ00001539,L5,Pressure Vessel Safety,True,True,True,Supervisor
EMP013523,EQ00000905,L2,Electrical Safety,False,True,False,Operator
EMP035537,EQ00000905,L4,Electrical Safety,False,False,False,Operator
EMP021793,EQ00000905,L3,Electrical Safety,False,False,False,Supervisor
EMP024963,EQ00000630,L3,Electrical Isolation/LOTO,False,False,False,Supervisor
EMP042923,EQ00000630,L4,Electrical Isolation/LOTO,True,True,False,Inspector
EMP038739,EQ00000630,L4,Electrical Isolation/LOTO,True,False,False,Maintenance
EMP000794,EQ00000630,L4,Electrical Isolation/LOTO,True,True,False,Operator
EMP010378,EQ00000630,L3,Electrical Isolation/LOTO,True,False,False,Inspector
EMP004607,EQ00000630,L5,Electrical Isolation/LOTO,True,True,True,Maintenance
EMP018157,EQ00000630,L4,Electrical Isolation/LOTO,False,False,False,Inspector
EMP024767,EQ00001206,L3,Machine Tool Operation,False,False,False,Maintenance
EMP000248,EQ00001206,L6,Machine Tool Operation,True,True,True,Supervisor
EMP048855,EQ00001206,L2,Machine Tool Operation,True,False,False,Operator
EMP035591,EQ00001206,L2,Machine Tool Operation,False,True,False,Supervisor
EMP049436,EQ00001206,L3,Machine Tool Operation,True,False,False,Supervisor
EMP048753,EQ00001800,L3,Rig Floor Safety,False,True,False,Inspector
EMP016989,EQ00001800,L5,Rig Floor Safety,True,True,True,Operator
EMP009514,EQ00001800,L4,Rig Floor Safety,False,False,False,Maintenance
EMP017695,EQ00000862,L2,Workshop Safety,False,False,False,Inspector
EMP034842,EQ00000862,L3,Workshop Safety,False,False,False,Maintenance
EMP009740,EQ00000862,L4,Workshop Safety,True,True,True,Supervisor
EMP020975,EQ00000862,L3,Workshop Safety,True,False,False,Maintenance
EMP008227,EQ00000862,L3,Workshop Safety,False,False,False,Operator
EMP033352,EQ00000862,L4,Workshop Safety,False,True,False,Maintenance
EMP012884,EQ00002192,L3,Mechanical Inspection,False,False,False,Inspector
EMP018273,EQ00002192,L4,Mechanical Inspection,True,False,False,Maintenance
EMP034486,EQ00002192,L3,Mechanical Inspection,True,False,False,Supervisor
EMP030290,EQ00001346,L5,LOTO,True,True,True,Maintenance
EMP002047,EQ00001346,L2,LOTO,False,False,False,Maintenance
EMP047415,EQ00001346,L3,LOTO,False,False,False,Inspector
EMP011443,EQ00001346,L3,LOTO,False,False,False,Maintenance
EMP047375,EQ00001346,L4,LOTO,True,True,False,Operator
EMP003713,EQ00001346,L4,LOTO,False,False,False,Operator
EMP039125,EQ00002532,L4,LOTO,True,False,False,Inspector
EMP002773,EQ00002532,L5,LOTO,True,True,True,Maintenance
EMP021490,EQ00002532,L2,LOTO,False,False,False,Inspector
EMP048946,EQ00002532,L5,LOTO,True,True,True,Inspector
EMP028088,EQ00002532,L5,LOTO,True,True,True,Operator
EMP000969,EQ00002532,L4,LOTO,False,True,False,Supervisor
EMP001020,EQ00002532,L2,LOTO,False,False,False,Supervisor
EMP040648,EQ00002532,L5,LOTO,True,True,True,Operator
EMP016052,EQ00001361,L4,Welding Safety,False,True,False,Supervisor
EMP028952,EQ00001361,L4,Welding Safety,True,True,False,Supervisor
EMP001392,EQ00001361,L2,Welding Safety,False,False,False,Supervisor
EMP027258,EQ00001361,L2,Welding Safety,False,True,False,Maintenance
EMP041678,EQ00001361,L5,Welding Safety,True,True,True,Supervisor
EMP030545,EQ00001361,L5,Welding Safety,False,True,False,Operator
EMP040965,EQ00001361,L4,Welding Safety,True,True,False,Supervisor
EMP004290,EQ00000983,L5,Alignment,False,True,False,Supervisor
EMP031073,EQ00000983,L2,Alignment,False,False,False,Maintenance
EMP028417,EQ00000983,L3,Alignment,True,True,True,Operator
EMP046833,EQ00000983,L5,Alignment,True,True,True,Operator
EMP030292,EQ00000983,L3,Alignment,True,True,True,Maintenance
EMP035880,EQ00000983,L5,Alignment,True,False,False,Inspector
EMP008701,EQ00000983,L5,Alignment,True,True,True,Maintenance
EMP003730,EQ00000983,L4,Alignment,True,True,True,Supervisor
EMP019944,EQ00002580,L5,Pump Maintenance,True,True,True,Inspector
EMP032737,EQ00002580,L3,Pump Maintenance,False,True,False,Supervisor
EMP033066,EQ00000045,L3,Chemical Handling,False,False,False,Inspector
EMP014492,EQ00000045,L4,Chemical Handling,True,False,False,Inspector
EMP039396,EQ00000226,L3,Pressure Testing,False,False,False,Maintenance
EMP006108,EQ00000226,L2,Pressure Testing,True,False,False,Maintenance
EMP027657,EQ00000226,L3,Pressure Testing,False,False,False,Maintenance
EMP023663,EQ00000226,L4,Pressure Testing,False,False,False,Supervisor
EMP027781,EQ00002539,L4,Process Safety,True,True,True,Supervisor
EMP010389,EQ00002539,L5,Process Safety,True,True,True,Maintenance
EMP042874,EQ00002539,L6,Process Safety,True,True,True,Operator
EMP013934,EQ00002539,L6,Process Safety,False,True,False,Operator
EMP000129,EQ00002539,L2,Process Safety,False,True,False,Supervisor
EMP034464,EQ00002539,L3,Process Safety,True,True,True,Inspector
EMP036544,EQ00002539,L2,Process Safety,False,False,False,Inspector
EMP003981,EQ00002539,L5,Process Safety,True,True,True,Maintenance
EMP026356,EQ00000633,L2,Motor Maintenance,False,False,False,Supervisor
EMP021592,EQ00000633,L2,Motor Maintenance,True,False,False,Inspector
EMP009596,EQ00000633,L3,Motor Maintenance,False,False,False,Maintenance
EMP041139,EQ00000633,L3,Motor Maintenance,False,False,False,Supervisor
EMP047536,EQ00000633,L3,Motor Maintenance,False,False,False,Operator
EMP046515,EQ00000633,L3,Motor Maintenance,False,True,False,Supervisor
EMP046673,EQ00000633,L2,Motor Maintenance,False,True,False,Operator
EMP029942,EQ00000747,L4,Emergency Response,True,True,True,Inspector
EMP007517,EQ00000747,L3,Emergency Response,False,False,False,Supervisor
EMP007482,EQ00000747,L2,Emergency Response,False,False,False,Maintenance
EMP024953,EQ00000747,L3,Emergency Response,False,False,False,Maintenance
EMP048328,EQ00000747,L4,Emergency Response,True,True,True,Supervisor
EMP029171,EQ00000747,L3,Emergency Response,False,False,False,Supervisor
EMP038565,EQ00000980,L3,Switchgear Operation,False,False,False,Maintenance
EMP021192,EQ00000980,L3,Switchgear Operation,False,False,False,Maintenance
EMP009865,EQ00000980,L4,Switchgear Operation,False,False,False,Maintenance
EMP038673,EQ00000980,L4,Switchgear Operation,False,False,False,Operator
EMP010573,EQ00000980,L3,Switchgear Operation,True,False,False,Maintenance
EMP010557,EQ00000980,L2,Switchgear Operation,False,False,False,Maintenance
EMP022745,EQ00001325,L3,Permit to Work,False,True,False,Operator
EMP003320,EQ00001325,L4,Permit to Work,True,True,True,Operator
EMP009308,EQ00001325,L4,Permit to Work,True,True,True,Maintenance
EMP043333,EQ00001325,L3,Permit to Work,True,False,False,Maintenance
EMP022557,EQ00001181,L2,Hydrotest Safety,True,False,False,Maintenance
EMP024986,EQ00001181,L5,Hydrotest Safety,True,True,True,Inspector
EMP030297,EQ00000167,L3,Motor Maintenance,True,True,False,Supervisor
EMP006696,EQ00000167,L4,Motor Maintenance,True,False,False,Maintenance
EMP015928,EQ00000167,L5,Motor Maintenance,True,True,True,Inspector
EMP027090,EQ00000167,L6,Motor Maintenance,True,True,True,Operator
EMP017672,EQ00000167,L4,Motor Maintenance,False,False,False,Inspector
EMP033172,EQ00000167,L4,Motor Maintenance,True,False,False,Operator
EMP020355,EQ00001558,L5,LOTO,True,True,True,Inspector
EMP033313,EQ00001558,L4,LOTO,True,True,True,Supervisor
EMP036551,EQ00001558,L4,LOTO,True,True,True,Supervisor
EMP015245,EQ00001558,L2,LOTO,False,False,False,Operator
EMP039450,EQ00000753,L4,Process Safety,False,True,False,Operator
EMP013934,EQ00000753,L6,Process Safety,False,True,False,Operator
EMP043976,EQ00000756,L2,Permit to Work,True,True,False,Inspector
EMP005578,EQ00000756,L6,Permit to Work,True,False,False,Maintenance
EMP023359,EQ00000756,L5,Permit to Work,True,True,True,Maintenance
EMP020874,EQ00000756,L4,Permit to Work,False,False,False,Maintenance
EMP016151,EQ00000756,L6,Permit to Work,True,True,True,Supervisor
EMP031986,EQ00000756,L4,Permit to Work,True,True,False,Operator
EMP011328,EQ00000756,L2,Permit to Work,False,False,False,Operator
EMP041134,EQ00000756,L3,Permit to Work,True,False,False,Maintenance
EMP042364,EQ00000149,L5,Permit to Work,True,True,True,Maintenance
EMP041101,EQ00000149,L5,Permit to Work,True,True,True,Maintenance
EMP019843,EQ00000149,L4,Permit to Work,False,True,False,Inspector
EMP048491,EQ00000149,L3,Permit to Work,False,False,False,Inspector
EMP027206,EQ00000149,L4,Permit to Work,False,False,False,Maintenance
EMP000106,EQ00000149,L3,Permit to Work,False,False,False,Operator
EMP048256,EQ00002365,L6,Isolation/LOTO,True,True,True,Inspector
EMP049793,EQ00002365,L4,Isolation/LOTO,True,False,False,Inspector
EMP046705,EQ00002365,L3,Isolation/LOTO,False,True,False,Operator
EMP038256,EQ00002365,L6,Isolation/LOTO,False,False,False,Inspector
EMP040490,EQ00002365,L2,Isolation/LOTO,False,False,False,Operator
EMP019726,EQ00002365,L4,Isolation/LOTO,True,True,True,Supervisor
EMP000202,EQ00001762,L2,Gas Detection,True,False,False,Maintenance
EMP024232,EQ00001762,L3,Gas Detection,False,False,False,Maintenance
EMP034351,EQ00001762,L3,Gas Detection,True,False,False,Inspector
EMP047514,EQ00001762,L4,Gas Detection,False,True,False,Maintenance
EMP025080,EQ00001762,L4,Gas Detection,False,False,False,Operator
EMP048986,EQ00001762,L5,Gas Detection,True,True,True,Operator
EMP036302,EQ00001762,L5,Gas Detection,True,True,True,Operator
EMP046386,EQ00002802,L4,Process Operations,False,False,False,Inspector
EMP045821,EQ00002802,L5,Process Operations,True,True,True,Supervisor
EMP039055,EQ00002802,L2,Process Operations,False,False,False,Maintenance
EMP023348,EQ00002802,L3,Process Operations,False,False,False,Inspector
EMP048898,EQ00002802,L3,Process Operations,False,False,False,Maintenance
EMP017857,EQ00002802,L4,Process Operations,True,False,False,Maintenance
EMP001287,EQ00002802,L2,Process Operations,False,True,False,Supervisor
EMP011490,EQ00001644,L3,Motor Maintenance,False,False,False,Operator
EMP030371,EQ00001644,L5,Motor Maintenance,False,True,False,Operator
EMP041318,EQ00001644,L5,Motor Maintenance,True,False,False,Supervisor
EMP032249,EQ00001644,L3,Motor Maintenance,False,True,False,Operator
EMP015435,EQ00001644,L3,Motor Maintenance,False,False,False,Inspector
EMP004446,EQ00001644,L6,Motor Maintenance,True,True,True,Maintenance
EMP037034,EQ00001644,L3,Motor Maintenance,True,True,False,Operator
EMP016645,EQ00001644,L3,Motor Maintenance,False,True,False,Maintenance
EMP046689,EQ00001808,L3,Drilling Operations,False,False,False,Maintenance
EMP031442,EQ00001808,L4,Drilling Operations,True,True,True,Inspector
EMP027391,EQ00001808,L3,Drilling Operations,False,True,False,Inspector
EMP002694,EQ00002778,L3,Journey Management,False,False,False,Operator
EMP042427,EQ00002778,L4,Journey Management,False,False,False,Maintenance
EMP041823,EQ00002778,L2,Journey Management,False,False,False,Inspector
EMP003798,EQ00002778,L2,Journey Management,False,False,False,Inspector
EMP031786,EQ00000311,L6,Pressure Systems Safety,False,True,False,Maintenance
EMP007927,EQ00000311,L5,Pressure Systems Safety,True,True,True,Inspector
EMP044726,EQ00000311,L2,Pressure Systems Safety,False,True,False,Supervisor
EMP036176,EQ00000311,L4,Pressure Systems Safety,True,False,False,Supervisor
EMP008718,EQ00000311,L4,Pressure Systems Safety,False,False,False,Supervisor
EMP023200,EQ00000311,L2,Pressure Systems Safety,False,False,False,Supervisor
EMP013313,EQ00001755,L3,Permit to Work,True,False,False,Maintenance
EMP019622,EQ00001755,L4,Permit to Work,False,False,False,Inspector
EMP005937,EQ00001755,L4,Permit to Work,False,False,False,Supervisor
EMP024464,EQ00001755,L4,Permit to Work,False,False,False,Operator
EMP020414,EQ00002315,L3,Well Control,True,True,True,Operator
EMP012046,EQ00002315,L2,Well Control,False,False,False,Maintenance
EMP018854,EQ00002315,L3,Well Control,True,True,True,Operator
EMP006301,EQ00002212,L4,Journey Management,False,False,False,Supervisor
EMP027647,EQ00002212,L3,Journey Management,False,True,False,Inspector
EMP000704,EQ00002212,L2,Journey Management,True,False,False,Maintenance
EMP019730,EQ00002212,L4,Journey Management,False,False,False,Operator
EMP049578,EQ00002212,L2,Journey Management,False,False,False,Supervisor
EMP028592,EQ00002212,L4,Journey Management,False,False,False,Supervisor
EMP034368,EQ00002212,L2,Journey Management,False,True,False,Operator
EMP036185,EQ00002265,L5,Permit to Work,True,True,True,Supervisor
EMP022884,EQ00002265,L5,Permit to Work,True,True,True,Operator
EMP045169,EQ00002265,L5,Permit to Work,True,True,True,Operator
EMP035776,EQ00002265,L3,Permit to Work,False,False,False,Inspector
EMP043644,EQ00002265,L3,Permit to Work,True,False,False,Operator
EMP049452,EQ00002729,L4,Pressure Systems Safety,False,False,False,Supervisor
EMP008007,EQ00002729,L4,Pressure Systems Safety,False,False,False,Operator
EMP010477,EQ00002608,L3,Alignment,False,True,False,Supervisor
EMP048070,EQ00002608,L3,Alignment,True,False,False,Supervisor
EMP004875,EQ00002608,L3,Alignment,False,False,False,Operator
EMP028855,EQ00002608,L3,Alignment,True,False,False,Operator
EMP031270,EQ00002608,L2,Alignment,True,False,False,Supervisor
EMP011323,EQ00001711,L3,Instrumentation,False,False,False,Maintenance
EMP025231,EQ00001711,L4,Instrumentation,True,False,False,Supervisor
EMP013008,EQ00001711,L6,Instrumentation,True,True,True,Supervisor
EMP023715,EQ00001711,L4,Instrumentation,False,False,False,Operator
EMP044015,EQ00001711,L3,Instrumentation,False,False,False,Operator
EMP023540,EQ00001711,L4,Instrumentation,True,False,False,Supervisor
EMP006337,EQ00001711,L2,Instrumentation,True,False,False,Supervisor
EMP049885,EQ00001711,L2,Instrumentation,False,False,False,Inspector
EMP000452,EQ00001163,L4,Pressure Vessel Safety,True,True,True,Maintenance
EMP029860,EQ00001163,L3,Pressure Vessel Safety,False,True,False,Operator
EMP007968,EQ00001163,L2,Pressure Vessel Safety,False,True,False,Operator
EMP002559,EQ00001163,L2,Pressure Vessel Safety,False,False,False,Inspector
EMP027156,EQ00001899,L4,Line of Fire Awareness,True,False,False,Operator
EMP039540,EQ00001899,L2,Line of Fire Awareness,False,False,False,Supervisor
EMP020109,EQ00001899,L4,Line of Fire Awareness,False,False,False,Supervisor
EMP008331,EQ00001899,L4,Line of Fire Awareness,False,True,False,Operator
EMP048201,EQ00000901,L4,Pressure Testing,True,True,True,Maintenance
EMP002445,EQ00000901,L3,Pressure Testing,False,False,False,Inspector
EMP024898,EQ00000901,L4,Pressure Testing,True,True,True,Supervisor
EMP038913,EQ00000901,L3,Pressure Testing,True,False,False,Inspector
EMP034294,EQ00000901,L4,Pressure Testing,True,True,True,Supervisor
EMP028935,EQ00002243,L4,LOTO,True,False,False,Inspector
EMP008059,EQ00002243,L3,LOTO,False,False,False,Operator
EMP032543,EQ00002243,L3,LOTO,False,False,False,Supervisor
EMP020169,EQ00002243,L3,LOTO,False,False,False,Operator
EMP047037,EQ00002243,L3,LOTO,False,False,False,Maintenance
EMP032850,EQ00002243,L2,LOTO,False,True,False,Inspector
EMP035617,EQ00002243,L3,LOTO,False,False,False,Inspector
EMP035255,EQ00002243,L2,LOTO,True,True,False,Maintenance
EMP007490,EQ00001068,L5,Chemical Handling,True,True,True,Operator
EMP033817,EQ00001068,L2,Chemical Handling,True,True,False,Operator
EMP009036,EQ00001068,L4,Chemical Handling,False,True,False,Inspector
EMP020234,EQ00001068,L4,Chemical Handling,False,False,False,Maintenance
EMP037750,EQ00001068,L4,Chemical Handling,False,True,False,Maintenance
EMP020365,EQ00001068,L2,Chemical Handling,False,False,False,Operator
EMP045297,EQ00000162,L3,LOTO,False,False,False,Operator
EMP006363,EQ00000162,L3,LOTO,True,False,False,Operator
EMP032566,EQ00000162,L2,LOTO,True,True,False,Operator
EMP024883,EQ00001763,L2,Environmental Monitoring,True,False,False,Supervisor
EMP011613,EQ00001763,L3,Environmental Monitoring,False,True,False,Maintenance
EMP031031,EQ00001763,L3,Environmental Monitoring,True,False,False,Operator
EMP019738,EQ00001763,L4,Environmental Monitoring,False,False,False,Inspector
EMP022727,EQ00001763,L3,Environmental Monitoring,False,False,False,Operator
EMP009031,EQ00001763,L3,Environmental Monitoring,False,False,False,Maintenance
EMP043563,EQ00002795,L3,Welding Safety,False,False,False,Maintenance
EMP003534,EQ00002795,L3,Welding Safety,False,False,False,Inspector
EMP026547,EQ00002795,L5,Welding Safety,True,True,True,Supervisor
EMP014994,EQ00002795,L3,Welding Safety,True,False,False,Inspector
EMP036618,EQ00002795,L5,Welding Safety,True,True,True,Supervisor
EMP013011,EQ00002795,L4,Welding Safety,True,True,True,Operator
EMP016329,EQ00002795,L4,Welding Safety,True,True,True,Supervisor
EMP035098,EQ00001919,L3,LOTO,True,True,False,Maintenance
EMP022464,EQ00001919,L3,LOTO,False,False,False,Maintenance
EMP049389,EQ00001919,L5,LOTO,True,True,True,Maintenance
EMP015629,EQ00001919,L5,LOTO,True,True,True,Operator
EMP019519,EQ00000965,L3,Lubrication,False,False,False,Inspector
EMP018571,EQ00000965,L2,Lubrication,False,True,False,Inspector
EMP013835,EQ00002257,L3,Drilling Operations,False,False,False,Supervisor
EMP001191,EQ00002257,L2,Drilling Operations,False,False,False,Maintenance
EMP019674,EQ00002257,L4,Drilling Operations,True,True,True,Operator
EMP005359,EQ00002257,L5,Drilling Operations,True,True,True,Operator
EMP036838,EQ00002257,L4,Drilling Operations,True,True,True,Inspector
EMP001082,EQ00002257,L2,Drilling Operations,False,False,False,Inspector
EMP031433,EQ00001798,L2,Valve Maintenance,True,False,False,Maintenance
EMP045045,EQ00001798,L6,Valve Maintenance,True,True,True,Inspector
EMP010543,EQ00001798,L4,Valve Maintenance,True,False,False,Supervisor
EMP033477,EQ00001798,L3,Valve Maintenance,True,True,False,Maintenance
EMP011666,EQ00001798,L3,Valve Maintenance,True,False,False,Operator
EMP021566,EQ00001577,L4,Vibration Monitoring,True,True,True,Operator
EMP017391,EQ00001577,L4,Vibration Monitoring,False,True,False,Inspector
EMP004547,EQ00001577,L2,Vibration Monitoring,True,True,False,Supervisor
EMP031020,EQ00001577,L5,Vibration Monitoring,True,True,True,Operator
EMP036094,EQ00001577,L2,Vibration Monitoring,True,False,False,Supervisor
EMP029216,EQ00001577,L2,Vibration Monitoring,False,False,False,Maintenance
EMP004711,EQ00000899,L3,Permit to Work,False,False,False,Supervisor
EMP047759,EQ00000899,L3,Permit to Work,True,True,False,Maintenance
EMP003526,EQ00000899,L2,Permit to Work,False,False,False,Operator
EMP037980,EQ00000899,L3,Permit to Work,False,False,False,Inspector
EMP002251,EQ00000899,L2,Permit to Work,False,False,False,Operator
EMP019904,EQ00000899,L2,Permit to Work,False,False,False,Operator
EMP034092,EQ00000899,L3,Permit to Work,False,False,False,Supervisor
EMP040964,EQ00001264,L2,Vehicle Inspection,False,False,False,Operator
EMP045068,EQ00001264,L3,Vehicle Inspection,False,False,False,Maintenance
EMP011822,EQ00001264,L4,Vehicle Inspection,False,False,False,Operator
EMP033267,EQ00001264,L3,Vehicle Inspection,False,False,False,Maintenance
EMP004924,EQ00001264,L5,Vehicle Inspection,True,True,True,Inspector
EMP011185,EQ00001176,L4,Hot Work,False,False,False,Operator
EMP026239,EQ00001176,L2,Hot Work,False,False,False,Operator
EMP048120,EQ00001176,L2,Hot Work,True,False,False,Inspector
EMP027921,EQ00001176,L3,Hot Work,False,False,False,Supervisor
EMP013365,EQ00001176,L3,Hot Work,False,False,False,Inspector
EMP029382,EQ00002723,L4,LOTO,False,False,False,Maintenance
EMP028271,EQ00002723,L3,LOTO,False,False,False,Maintenance
EMP000102,EQ00002723,L4,LOTO,False,False,False,Inspector
EMP045589,EQ00002723,L5,LOTO,True,True,True,Operator
EMP006899,EQ00002723,L3,LOTO,True,False,False,Maintenance
EMP031606,EQ00002723,L5,LOTO,True,True,True,Supervisor
EMP014964,EQ00002723,L2,LOTO,True,False,False,Maintenance
EMP011420,EQ00002723,L4,LOTO,True,False,False,Maintenance
EMP001158,EQ00002484,L5,Hydrotest Safety,True,True,True,Inspector
EMP000469,EQ00002484,L3,Hydrotest Safety,False,False,False,Maintenance
EMP019271,EQ00002484,L3,Hydrotest Safety,False,False,False,Maintenance
EMP019101,EQ00000884,L5,Rig Floor Safety,False,True,False,Maintenance
EMP006564,EQ00000884,L4,Rig Floor Safety,False,False,False,Maintenance
EMP045037,EQ00000884,L3,Rig Floor Safety,False,False,False,Supervisor
EMP025146,EQ00000884,L3,Rig Floor Safety,False,False,False,Operator
EMP000100,EQ00000884,L2,Rig Floor Safety,False,False,False,Maintenance
EMP009319,EQ00000884,L4,Rig Floor Safety,False,False,False,Supervisor
EMP015569,EQ00000627,L2,Workshop Safety,False,True,False,Maintenance
EMP025663,EQ00000627,L5,Workshop Safety,True,False,False,Maintenance
EMP010098,EQ00000627,L4,Workshop Safety,False,False,False,Maintenance
EMP021556,EQ00002783,L3,Permit to Work,False,False,False,Inspector
EMP034536,EQ00002783,L5,Permit to Work,True,True,True,Maintenance
EMP035089,EQ00002783,L5,Permit to Work,True,True,True,Maintenance
EMP016953,EQ00002783,L4,Permit to Work,False,False,False,Maintenance
EMP045531,EQ00000020,L2,Journey Management,True,True,False,Supervisor
EMP026280,EQ00000020,L2,Journey Management,False,False,False,Inspector
EMP036130,EQ00000020,L2,Journey Management,False,False,False,Maintenance
EMP009925,EQ00000795,L4,Gas Testing,False,True,False,Operator
EMP010355,EQ00000795,L3,Gas Testing,False,False,False,Operator
EMP027015,EQ00000795,L5,Gas Testing,False,True,False,Operator
EMP041836,EQ00000795,L4,Gas Testing,True,True,True,Maintenance
EMP044693,EQ00000795,L6,Gas Testing,False,True,False,Inspector
EMP026644,EQ00000795,L5,Gas Testing,True,False,False,Maintenance
EMP015789,EQ00000892,L3,Defensive Driving,True,False,False,Operator
EMP022540,EQ00000892,L2,Defensive Driving,False,False,False,Operator
EMP030378,EQ00000892,L4,Defensive Driving,False,False,False,Maintenance
EMP017143,EQ00001784,L4,Permit to Work,False,False,False,Supervisor
EMP036794,EQ00001784,L3,Permit to Work,False,True,False,Maintenance
EMP012022,EQ00001784,L4,Permit to Work,False,False,False,Maintenance
EMP038727,EQ00001784,L2,Permit to Work,False,False,False,Operator
EMP028341,EQ00001784,L2,Permit to Work,False,False,False,Maintenance
EMP039016,EQ00000952,L3,Rigging,False,True,False,Supervisor
EMP037919,EQ00000952,L2,Rigging,False,True,False,Inspector
EMP012113,EQ00000952,L3,Rigging,False,False,False,Maintenance
EMP018106,EQ00000952,L4,Rigging,False,True,False,Supervisor
EMP011100,EQ00000952,L6,Rigging,True,True,True,Inspector
EMP023129,EQ00000952,L4,Rigging,True,False,False,Supervisor
EMP034221,EQ00001605,L4,Hot Work,False,False,False,Inspector
EMP043205,EQ00001605,L2,Hot Work,False,False,False,Supervisor
EMP048871,EQ00001605,L4,Hot Work,False,False,False,Operator
EMP031074,EQ00001605,L4,Hot Work,True,False,False,Operator
EMP030710,EQ00001605,L3,Hot Work,False,False,False,Inspector
EMP033159,EQ00001385,L3,Calibration,True,False,False,Supervisor
EMP047878,EQ00001385,L4,Calibration,False,False,False,Inspector
EMP003169,EQ00001385,L4,Calibration,False,False,False,Maintenance
EMP035263,EQ00000040,L4,Lifting Gear Inspection,False,False,False,Operator
EMP017289,EQ00000040,L4,Lifting Gear Inspection,False,True,False,Maintenance
EMP029122,EQ00000040,L2,Lifting Gear Inspection,False,False,False,Maintenance
EMP042160,EQ00000040,L4,Lifting Gear Inspection,False,False,False,Supervisor
EMP026195,EQ00000345,L2,Line of Fire Awareness,False,False,False,Maintenance
EMP032952,EQ00000345,L5,Line of Fire Awareness,True,True,True,Inspector
EMP034661,EQ00000345,L4,Line of Fire Awareness,False,True,False,Operator
EMP030350,EQ00000345,L4,Line of Fire Awareness,True,True,True,Inspector
EMP022088,EQ00000345,L5,Line of Fire Awareness,True,True,True,Maintenance
EMP025210,EQ00000345,L4,Line of Fire Awareness,True,True,True,Maintenance
EMP002557,EQ00000345,L4,Line of Fire Awareness,True,True,True,Operator
EMP011980,EQ00000345,L3,Line of Fire Awareness,False,False,False,Supervisor
EMP031490,EQ00001977,L3,Process Isolation,True,True,True,Operator
EMP037534,EQ00001977,L5,Process Isolation,True,True,True,Operator
EMP006602,EQ00000487,L4,Lifting Gear Inspection,False,True,False,Operator
EMP015757,EQ00000487,L4,Lifting Gear Inspection,True,True,True,Inspector
EMP002687,EQ00000487,L2,Lifting Gear Inspection,False,False,False,Inspector
EMP008664,EQ00000487,L3,Lifting Gear Inspection,False,False,False,Supervisor
EMP049232,EQ00001152,L3,Pipeline Operations,False,True,False,Inspector
EMP023677,EQ00001152,L3,Pipeline Operations,False,True,False,Inspector
EMP036976,EQ00001152,L6,Pipeline Operations,True,True,True,Operator
EMP042132,EQ00001152,L5,Pipeline Operations,True,True,True,Operator
EMP048321,EQ00002235,L2,Pressure Systems Safety,False,False,False,Supervisor
EMP034195,EQ00002235,L2,Pressure Systems Safety,True,False,False,Inspector
EMP012453,EQ00002235,L2,Pressure Systems Safety,False,True,False,Inspector
EMP022004,EQ00000922,L4,Hazardous Material Transport,True,True,True,Operator
EMP023867,EQ00000922,L2,Hazardous Material Transport,False,False,False,Operator
EMP047618,EQ00000922,L5,Hazardous Material Transport,True,False,False,Supervisor
EMP035191,EQ00000922,L4,Hazardous Material Transport,True,True,True,Maintenance
EMP023528,EQ00001744,L3,Permit to Work,False,False,False,Operator
EMP047462,EQ00001744,L2,Permit to Work,False,False,False,Maintenance
EMP049738,EQ00001744,L3,Permit to Work,False,False,False,Supervisor
EMP007804,EQ00001744,L3,Permit to Work,False,False,False,Supervisor
EMP006955,EQ00001744,L5,Permit to Work,True,True,True,Operator
EMP015447,EQ00001744,L3,Permit to Work,True,False,False,Inspector
EMP045481,EQ00001744,L4,Permit to Work,False,False,False,Inspector
EMP030270,EQ00001434,L3,Hydrotest Safety,True,False,False,Inspector
EMP025635,EQ00001434,L4,Hydrotest Safety,False,False,False,Maintenance
EMP015455,EQ00001434,L3,Hydrotest Safety,True,False,False,Inspector
EMP042802,EQ00001434,L3,Hydrotest Safety,False,False,False,Maintenance
EMP039772,EQ00001434,L4,Hydrotest Safety,False,False,False,Maintenance
EMP002150,EQ00001662,L5,Process Operations,True,True,True,Inspector
EMP013709,EQ00001662,L6,Process Operations,True,False,False,Operator
EMP022421,EQ00001662,L2,Process Operations,False,True,False,Inspector
EMP012035,EQ00001662,L5,Process Operations,True,True,True,Supervisor
EMP018587,EQ00001662,L4,Process Operations,True,True,True,Operator
EMP007306,EQ00001662,L5,Process Operations,True,False,False,Operator
EMP001392,EQ00001662,L2,Process Operations,False,False,False,Operator
EMP007199,EQ00002416,L5,Crane Operation,True,True,True,Operator
EMP038678,EQ00002416,L2,Crane Operation,False,False,False,Inspector
EMP044142,EQ00002416,L3,Crane Operation,False,False,False,Maintenance
EMP034477,EQ00002416,L4,Crane Operation,True,True,False,Maintenance
EMP034643,EQ00002416,L4,Crane Operation,False,False,False,Maintenance
EMP004724,EQ00001553,L3,LOTO,False,True,False,Maintenance
EMP020334,EQ00001553,L3,LOTO,False,False,False,Operator
EMP042892,EQ00001553,L4,LOTO,False,False,False,Supervisor
EMP044961,EQ00000429,L3,Welding Safety,False,False,False,Inspector
EMP015505,EQ00000429,L4,Welding Safety,True,True,True,Supervisor
EMP045140,EQ00000281,L4,Well Control,False,False,False,Maintenance
EMP010198,EQ00000281,L4,Well Control,True,False,False,Operator
EMP000368,EQ00000281,L5,Well Control,True,True,True,Operator
EMP003235,EQ00000281,L3,Well Control,True,False,False,Inspector
EMP027394,EQ00000281,L6,Well Control,True,True,True,Inspector
EMP040694,EQ00000281,L5,Well Control,True,True,True,Operator
EMP002887,EQ00000174,L3,Motor Maintenance,False,False,False,Supervisor
EMP011730,EQ00000174,L2,Motor Maintenance,False,False,False,Maintenance
EMP001635,EQ00000174,L5,Motor Maintenance,True,False,False,Maintenance
EMP044359,EQ00000174,L3,Motor Maintenance,True,False,False,Supervisor
EMP017187,EQ00000174,L3,Motor Maintenance,False,False,False,Inspector
EMP035295,EQ00000174,L5,Motor Maintenance,True,True,True,Supervisor
EMP001704,EQ00000174,L3,Motor Maintenance,True,False,False,Operator
EMP028752,EQ00000533,L3,Process Isolation,False,False,False,Operator
EMP049486,EQ00000533,L3,Process Isolation,False,False,False,Supervisor
EMP048155,EQ00000533,L2,Process Isolation,True,False,False,Operator
EMP040705,EQ00002407,L3,SIS/ESD,False,False,False,Maintenance
EMP047626,EQ00002407,L4,SIS/ESD,True,True,True,Supervisor
EMP045847,EQ00002407,L2,SIS/ESD,False,False,False,Maintenance
EMP009867,EQ00002407,L3,SIS/ESD,False,False,False,Maintenance
EMP006602,EQ00002407,L4,SIS/ESD,True,True,True,Inspector
EMP012500,EQ00002407,L5,SIS/ESD,True,True,True,Supervisor
EMP023554,EQ00002407,L2,SIS/ESD,True,False,False,Operator
EMP008151,EQ00002407,L4,SIS/ESD,True,True,True,Supervisor
EMP032962,EQ00000937,L4,Valve Maintenance,True,False,False,Operator
EMP040570,EQ00000937,L3,Valve Maintenance,False,False,False,Inspector
EMP028741,EQ00000937,L3,Valve Maintenance,False,False,False,Inspector
EMP040647,EQ00000937,L2,Valve Maintenance,True,False,False,Inspector
EMP014300,EQ00000599,L4,Gas Detection,False,False,False,Maintenance
EMP040803,EQ00000599,L3,Gas Detection,False,False,False,Inspector
EMP008013,EQ00002492,L4,Pipeline Operations,False,False,False,Inspector
EMP032638,EQ00002492,L4,Pipeline Operations,False,False,False,Maintenance
EMP027621,EQ00002492,L4,Pipeline Operations,False,False,False,Operator
EMP039305,EQ00002492,L4,Pipeline Operations,False,False,False,Supervisor
EMP047436,EQ00002492,L2,Pipeline Operations,False,True,False,Maintenance
EMP024875,EQ00002492,L2,Pipeline Operations,False,False,False,Supervisor
EMP049330,EQ00002492,L3,Pipeline Operations,False,True,False,Supervisor
EMP048205,EQ00002492,L5,Pipeline Operations,True,True,True,Operator
EMP010185,EQ00002457,L4,Mechanical Inspection,False,False,False,Inspector
EMP007975,EQ00002457,L3,Mechanical Inspection,False,True,False,Supervisor
EMP015792,EQ00002457,L3,Mechanical Inspection,False,False,False,Inspector
EMP032835,EQ00002457,L2,Mechanical Inspection,True,False,False,Operator
EMP004059,EQ00002457,L5,Mechanical Inspection,True,True,True,Inspector
EMP013698,EQ00002457,L3,Mechanical Inspection,False,True,False,Operator
EMP008106,EQ00002457,L4,Mechanical Inspection,False,False,False,Inspector
EMP005036,EQ00002457,L3,Mechanical Inspection,False,False,False,Supervisor
EMP039423,EQ00002112,L5,Hazardous Material Transport,True,True,True,Operator
EMP028679,EQ00002112,L6,Hazardous Material Transport,True,True,True,Operator
EMP011585,EQ00002112,L4,Hazardous Material Transport,True,False,False,Operator
EMP008794,EQ00002112,L4,Hazardous Material Transport,True,False,False,Maintenance
EMP044641,EQ00002112,L3,Hazardous Material Transport,False,False,False,Inspector
EMP004839,EQ00000810,L2,Pressure Testing,False,False,False,Operator
EMP009574,EQ00000810,L2,Pressure Testing,True,False,False,Maintenance
EMP010365,EQ00000810,L2,Pressure Testing,False,False,False,Supervisor
EMP027684,EQ00000810,L5,Pressure Testing,True,True,True,Operator
EMP023693,EQ00000810,L4,Pressure Testing,True,False,False,Maintenance
EMP031419,EQ00000810,L2,Pressure Testing,True,False,False,Operator
EMP022127,EQ00000810,L3,Pressure Testing,False,True,False,Maintenance
EMP048109,EQ00001172,L2,Defensive Driving,False,False,False,Inspector
EMP037725,EQ00001172,L2,Defensive Driving,False,False,False,Maintenance
EMP027904,EQ00001172,L5,Defensive Driving,True,False,False,Inspector
EMP045517,EQ00001172,L5,Defensive Driving,True,True,True,Operator
EMP034336,EQ00001172,L4,Defensive Driving,True,True,False,Supervisor
EMP011127,EQ00001262,L5,LOTO,True,True,True,Supervisor
EMP041823,EQ00001262,L2,LOTO,True,False,False,Operator
EMP048626,EQ00001262,L2,LOTO,False,False,False,Operator
EMP041315,EQ00001262,L4,LOTO,True,True,False,Inspector
EMP018484,EQ00001262,L4,LOTO,True,True,False,Supervisor
EMP049563,EQ00002020,L5,Fire Fighting,True,True,True,Operator
EMP004320,EQ00002020,L3,Fire Fighting,False,True,False,Supervisor
EMP004055,EQ00002020,L4,Fire Fighting,True,False,False,Supervisor
EMP029804,EQ00001125,L3,Arc Flash Awareness,False,False,False,Operator
EMP035514,EQ00001125,L4,Arc Flash Awareness,False,False,False,Inspector
EMP019298,EQ00001125,L4,Arc Flash Awareness,True,False,False,Supervisor
EMP021695,EQ00001125,L3,Arc Flash Awareness,True,False,False,Inspector
EMP009117,EQ00001125,L4,Arc Flash Awareness,False,False,False,Operator
EMP023948,EQ00001125,L4,Arc Flash Awareness,False,False,False,Operator
EMP007057,EQ00001125,L5,Arc Flash Awareness,True,True,True,Operator
EMP017544,EQ00000106,L6,Crane Operation,True,True,True,Inspector
EMP000995,EQ00000106,L3,Crane Operation,False,False,False,Maintenance
EMP009619,EQ00001146,L4,Vibration Monitoring,False,False,False,Operator
EMP039760,EQ00001146,L3,Vibration Monitoring,False,False,False,Inspector
EMP030956,EQ00001146,L3,Vibration Monitoring,True,False,False,Inspector
EMP022133,EQ00001146,L3,Vibration Monitoring,False,False,False,Operator
EMP011884,EQ00001146,L2,Vibration Monitoring,True,False,False,Supervisor
EMP011572,EQ00002109,L3,Electrical Isolation/LOTO,True,False,False,Maintenance
EMP024687,EQ00002109,L3,Electrical Isolation/LOTO,False,True,False,Maintenance
EMP046360,EQ00002109,L5,Electrical Isolation/LOTO,True,True,True,Inspector
EMP026619,EQ00002109,L4,Electrical Isolation/LOTO,False,False,False,Operator
EMP001879,EQ00002109,L3,Electrical Isolation/LOTO,False,True,False,Operator
EMP046073,EQ00002109,L2,Electrical Isolation/LOTO,True,False,False,Maintenance
EMP029811,EQ00002109,L3,Electrical Isolation/LOTO,False,False,False,Supervisor
EMP029152,EQ00001732,L3,Rotating Equipment,False,False,False,Supervisor
EMP026051,EQ00001732,L2,Rotating Equipment,False,False,False,Supervisor
EMP009508,EQ00001732,L4,Rotating Equipment,False,True,False,Supervisor
EMP045229,EQ00001732,L4,Rotating Equipment,False,False,False,Inspector
EMP032947,EQ00001732,L4,Rotating Equipment,False,False,False,Operator
EMP044503,EQ00001732,L5,Rotating Equipment,True,True,True,Operator
EMP005775,EQ00001732,L2,Rotating Equipment,False,True,False,Supervisor
EMP045927,EQ00001126,L2,Permit to Work,False,False,False,Supervisor
EMP031846,EQ00001126,L2,Permit to Work,True,False,False,Supervisor
EMP010443,EQ00001126,L5,Permit to Work,True,True,True,Inspector
EMP038927,EQ00001126,L4,Permit to Work,True,True,True,Supervisor
EMP030595,EQ00001126,L5,Permit to Work,True,True,True,Inspector
EMP033924,EQ00001126,L4,Permit to Work,False,True,False,Supervisor
EMP031190,EQ00000143,L2,Instrumentation,False,False,False,Supervisor
EMP014654,EQ00000143,L4,Instrumentation,False,True,False,Supervisor
EMP046917,EQ00000143,L3,Instrumentation,True,True,True,Supervisor
EMP040746,EQ00000143,L6,Instrumentation,True,True,True,Operator
EMP028160,EQ00000143,L2,Instrumentation,False,False,False,Maintenance
EMP020570,EQ00000143,L3,Instrumentation,True,True,True,Operator
EMP015208,EQ00000143,L4,Instrumentation,False,True,False,Supervisor
EMP014395,EQ00002791,L3,LOTO,False,False,False,Inspector
EMP022314,EQ00002791,L3,LOTO,False,False,False,Maintenance
EMP029815,EQ00001414,L3,Gas Testing,False,False,False,Operator
EMP049888,EQ00001414,L3,Gas Testing,False,True,False,Supervisor
EMP028914,EQ00001414,L5,Gas Testing,True,False,False,Inspector
EMP018693,EQ00001414,L4,Gas Testing,False,False,False,Inspector
EMP021931,EQ00001414,L4,Gas Testing,False,False,False,Supervisor
EMP015740,EQ00000181,L3,Workshop Safety,False,False,False,Inspector
EMP020813,EQ00000181,L2,Workshop Safety,False,True,False,Inspector
EMP033389,EQ00000181,L2,Workshop Safety,False,False,False,Inspector
EMP039431,EQ00002422,L4,Rigging,True,False,False,Supervisor
EMP011017,EQ00002422,L4,Rigging,True,True,True,Maintenance
EMP016361,EQ00002422,L3,Rigging,True,False,False,Supervisor
EMP041283,EQ00002422,L2,Rigging,True,False,False,Maintenance
EMP012859,EQ00002328,L3,SIS/ESD,False,False,False,Supervisor
EMP035170,EQ00002328,L5,SIS/ESD,True,True,True,Inspector
EMP042004,EQ00002328,L3,SIS/ESD,False,True,False,Supervisor
EMP025301,EQ00002328,L4,SIS/ESD,False,False,False,Operator
EMP030355,EQ00002328,L3,SIS/ESD,True,False,False,Supervisor
EMP012137,EQ00002328,L4,SIS/ESD,False,False,False,Operator
EMP012850,EQ00002328,L3,SIS/ESD,False,False,False,Supervisor
EMP012668,EQ00002328,L4,SIS/ESD,True,False,False,Operator
EMP027242,EQ00002469,L5,Hot Work,True,True,True,Supervisor
EMP013820,EQ00002469,L2,Hot Work,True,False,False,Supervisor
EMP032738,EQ00002469,L3,Hot Work,True,True,False,Inspector
EMP018583,EQ00002469,L2,Hot Work,False,False,False,Inspector
EMP030016,EQ00002469,L5,Hot Work,True,True,True,Inspector
EMP033863,EQ00002469,L3,Hot Work,False,False,False,Maintenance
EMP020822,EQ00002394,L2,Permit to Work,False,False,False,Maintenance
EMP022024,EQ00002394,L5,Permit to Work,True,True,True,Maintenance
EMP008444,EQ00002394,L3,Permit to Work,True,False,False,Operator
EMP007674,EQ00002394,L4,Permit to Work,True,True,True,Maintenance
EMP038571,EQ00000721,L3,Calibration,False,True,False,Inspector
EMP015934,EQ00000721,L2,Calibration,False,False,False,Supervisor
EMP040023,EQ00000678,L4,Pressure Systems Safety,True,True,True,Inspector
EMP021208,EQ00000678,L4,Pressure Systems Safety,True,True,True,Supervisor
EMP011267,EQ00000678,L4,Pressure Systems Safety,True,False,False,Maintenance
EMP035054,EQ00000678,L2,Pressure Systems Safety,False,False,False,Maintenance
EMP006346,EQ00000678,L2,Pressure Systems Safety,True,True,False,Inspector
EMP028857,EQ00002682,L4,Hazardous Material Transport,False,True,False,Maintenance
EMP004398,EQ00002682,L2,Hazardous Material Transport,False,False,False,Maintenance
EMP015433,EQ00002682,L4,Hazardous Material Transport,False,False,False,Operator
EMP036258,EQ00002682,L4,Hazardous Material Transport,False,True,False,Operator
EMP015557,EQ00001543,L5,Hydrotest Safety,True,True,True,Inspector
EMP048649,EQ00001543,L4,Hydrotest Safety,True,False,False,Inspector
EMP004649,EQ00001543,L5,Hydrotest Safety,False,True,False,Maintenance
EMP012607,EQ00001543,L4,Hydrotest Safety,True,False,False,Maintenance
EMP018293,EQ00001543,L3,Hydrotest Safety,False,False,False,Inspector
EMP026956,EQ00001543,L5,Hydrotest Safety,True,True,True,Inspector
EMP018286,EQ00001543,L4,Hydrotest Safety,False,False,False,Maintenance
EMP008511,EQ00001543,L3,Hydrotest Safety,True,False,False,Operator
EMP044532,EQ00000197,L2,Emergency Response,False,False,False,Maintenance
EMP025109,EQ00000197,L5,Emergency Response,True,True,True,Maintenance
EMP002784,EQ00000197,L4,Emergency Response,False,False,False,Inspector
EMP001050,EQ00000197,L2,Emergency Response,False,False,False,Supervisor
EMP000376,EQ00000741,L3,Well Control,True,True,False,Inspector
EMP001390,EQ00000741,L3,Well Control,False,False,False,Maintenance
EMP024363,EQ00000741,L5,Well Control,True,True,True,Inspector
EMP000441,EQ00000741,L2,Well Control,True,False,False,Supervisor
EMP048102,EQ00000741,L4,Well Control,True,False,False,Maintenance
EMP039844,EQ00001351,L2,Arc Flash Awareness,True,False,False,Inspector
EMP005075,EQ00001351,L6,Arc Flash Awareness,True,True,True,Operator
EMP016761,EQ00001351,L2,Arc Flash Awareness,False,False,False,Maintenance
EMP030816,EQ00001351,L2,Arc Flash Awareness,False,False,False,Supervisor
EMP011466,EQ00001351,L2,Arc Flash Awareness,True,False,False,Operator
EMP039114,EQ00001351,L2,Arc Flash Awareness,True,False,False,Supervisor
EMP044152,EQ00001351,L3,Arc Flash Awareness,False,False,False,Supervisor
EMP031124,EQ00001351,L3,Arc Flash Awareness,True,False,False,Operator
EMP045915,EQ00000585,L2,LOTO,False,False,False,Maintenance
EMP028522,EQ00000585,L4,LOTO,False,False,False,Supervisor
EMP004860,EQ00000585,L5,LOTO,True,True,True,Supervisor
EMP004780,EQ00000585,L3,LOTO,False,False,False,Inspector
EMP034250,EQ00000585,L5,LOTO,False,True,False,Inspector
EMP003010,EQ00000585,L2,LOTO,False,False,False,Maintenance
EMP006078,EQ00000585,L4,LOTO,False,False,False,Supervisor
EMP046831,EQ00001870,L2,Lifting Operations,False,False,False,Maintenance
EMP027789,EQ00001870,L4,Lifting Operations,False,False,False,Inspector
EMP032843,EQ00001870,L4,Lifting Operations,False,False,False,Maintenance
EMP015875,EQ00001870,L3,Lifting Operations,True,False,False,Inspector
EMP025461,EQ00001870,L4,Lifting Operations,True,False,False,Operator
EMP031129,EQ00000276,L3,Rigging,False,False,False,Maintenance
EMP015948,EQ00000276,L4,Rigging,False,False,False,Inspector
EMP012550,EQ00000276,L5,Rigging,True,False,False,Supervisor
EMP038264,EQ00000276,L2,Rigging,False,False,False,Inspector
EMP008150,EQ00000276,L3,Rigging,False,False,False,Operator
EMP035387,EQ00000276,L2,Rigging,False,False,False,Supervisor
EMP014281,EQ00000276,L5,Rigging,True,False,False,Inspector
EMP033060,EQ00001342,L3,Permit to Work,True,False,False,Operator
EMP047941,EQ00001342,L3,Permit to Work,True,False,False,Operator
EMP018612,EQ00001342,L3,Permit to Work,True,False,False,Operator
EMP032020,EQ00001342,L2,Permit to Work,False,False,False,Inspector
EMP017590,EQ00001342,L4,Permit to Work,False,False,False,Supervisor
EMP008522,EQ00001342,L3,Permit to Work,True,False,False,Inspector
EMP030985,EQ00002052,L3,Isolation/LOTO,False,False,False,Supervisor
EMP000200,EQ00002052,L4,Isolation/LOTO,False,True,False,Inspector
EMP048512,EQ00002052,L3,Isolation/LOTO,False,False,False,Maintenance
EMP006103,EQ00002052,L3,Isolation/LOTO,False,False,False,Operator
EMP024903,EQ00000618,L2,LOTO,True,True,False,Maintenance
EMP001616,EQ00000618,L4,LOTO,True,True,False,Operator
EMP041953,EQ00000618,L3,LOTO,True,True,False,Supervisor
EMP044489,EQ00000618,L6,LOTO,True,True,True,Inspector
EMP034528,EQ00000618,L4,LOTO,True,False,False,Maintenance
EMP029077,EQ00000618,L2,LOTO,False,False,False,Maintenance
EMP009543,EQ00000618,L3,LOTO,False,False,False,Supervisor
EMP042628,EQ00000618,L3,LOTO,True,False,False,Supervisor
EMP017701,EQ00001503,L4,Control Systems,True,True,False,Supervisor
EMP010017,EQ00001503,L2,Control Systems,True,False,False,Operator
EMP033454,EQ00000626,L5,Pressure Testing,False,True,False,Maintenance
EMP005203,EQ00000626,L4,Pressure Testing,False,False,False,Inspector
EMP028195,EQ00000626,L3,Pressure Testing,False,True,False,Maintenance
EMP009804,EQ00000626,L4,Pressure Testing,False,False,False,Maintenance
EMP016409,EQ00000626,L3,Pressure Testing,False,False,False,Operator
EMP030548,EQ00000626,L5,Pressure Testing,True,False,False,Inspector
EMP021131,EQ00000626,L6,Pressure Testing,True,True,True,Operator
EMP047884,EQ00000626,L5,Pressure Testing,True,True,True,Supervisor
EMP034419,EQ00000218,L4,Line of Fire Awareness,False,True,False,Supervisor
EMP016624,EQ00000218,L5,Line of Fire Awareness,True,True,True,Inspector
EMP027829,EQ00000218,L2,Line of Fire Awareness,False,False,False,Maintenance
EMP033788,EQ00000218,L2,Line of Fire Awareness,True,False,False,Inspector
EMP001484,EQ00001841,L2,Rig Floor Safety,True,False,False,Maintenance
EMP040234,EQ00001841,L6,Rig Floor Safety,True,True,True,Supervisor
EMP031661,EQ00000608,L2,Journey Management,False,False,False,Maintenance
EMP039523,EQ00000608,L5,Journey Management,True,True,True,Maintenance
EMP021153,EQ00000608,L4,Journey Management,True,False,False,Inspector
EMP028393,EQ00000608,L5,Journey Management,True,False,False,Operator
EMP037561,EQ00000608,L2,Journey Management,False,False,False,Maintenance
EMP035114,EQ00000608,L4,Journey Management,False,False,False,Inspector
EMP040580,EQ00002158,L3,Isolation/LOTO,False,False,False,Inspector
EMP025554,EQ00002158,L5,Isolation/LOTO,True,True,True,Operator
EMP032060,EQ00002158,L2,Isolation/LOTO,False,True,False,Supervisor
EMP014578,EQ00002158,L4,Isolation/LOTO,False,False,False,Supervisor
EMP006672,EQ00002158,L5,Isolation/LOTO,False,True,False,Operator
EMP048768,EQ00002158,L4,Isolation/LOTO,False,True,False,Supervisor
EMP009969,EQ00002158,L4,Isolation/LOTO,False,False,False,Maintenance
EMP047356,EQ00002158,L3,Isolation/LOTO,False,True,False,Maintenance
EMP023619,EQ00002322,L3,Permit to Work,False,False,False,Operator
EMP014354,EQ00002322,L3,Permit to Work,False,False,False,Supervisor
EMP015797,EQ00002322,L3,Permit to Work,True,False,False,Operator
EMP008257,EQ00002322,L3,Permit to Work,True,False,False,Inspector
EMP042033,EQ00002322,L3,Permit to Work,False,False,False,Operator
EMP043653,EQ00002322,L2,Permit to Work,False,False,False,Supervisor
EMP017645,EQ00001531,L6,Switchgear Operation,True,True,True,Inspector
EMP030296,EQ00001531,L6,Switchgear Operation,False,False,False,Inspector
EMP045620,EQ00001531,L3,Switchgear Operation,False,True,False,Supervisor
EMP041354,EQ00001531,L4,Switchgear Operation,True,True,True,Maintenance
EMP038103,EQ00001531,L2,Switchgear Operation,False,False,False,Operator
EMP011426,EQ00001531,L3,Switchgear Operation,True,False,False,Supervisor
EMP007520,EQ00001531,L2,Switchgear Operation,False,False,False,Inspector
EMP004377,EQ00001531,L3,Switchgear Operation,False,False,False,Inspector
EMP020333,EQ00000929,L4,SIS/ESD,False,False,False,Operator
EMP018102,EQ00000929,L4,SIS/ESD,False,True,False,Maintenance
EMP028979,EQ00000929,L4,SIS/ESD,True,False,False,Maintenance
EMP035621,EQ00000929,L4,SIS/ESD,False,False,False,Operator
EMP015310,EQ00000929,L2,SIS/ESD,False,False,False,Supervisor
EMP010220,EQ00000929,L2,SIS/ESD,False,False,False,Operator
EMP041345,EQ00000929,L3,SIS/ESD,True,False,False,Supervisor
EMP035374,EQ00001127,L3,Electrical Safety,False,False,False,Inspector
EMP006334,EQ00001127,L3,Electrical Safety,False,False,False,Supervisor
EMP043738,EQ00001127,L2,Electrical Safety,False,False,False,Maintenance
EMP016638,EQ00001127,L2,Electrical Safety,False,False,False,Inspector
EMP026430,EQ00002708,L3,Control Systems,False,True,False,Maintenance
EMP037002,EQ00002708,L3,Control Systems,False,False,False,Supervisor
EMP044758,EQ00002708,L5,Control Systems,True,True,True,Supervisor
EMP035682,EQ00002708,L4,Control Systems,True,False,False,Inspector
EMP007805,EQ00002708,L2,Control Systems,False,True,False,Inspector
EMP013718,EQ00002708,L4,Control Systems,True,True,True,Operator
EMP049068,EQ00002708,L3,Control Systems,True,False,False,Supervisor
EMP026716,EQ00002708,L4,Control Systems,True,True,True,Operator
EMP013084,EQ00001727,L4,Electrical Isolation/LOTO,True,True,True,Supervisor
EMP016769,EQ00001727,L4,Electrical Isolation/LOTO,True,True,True,Maintenance
EMP002789,EQ00001727,L6,Electrical Isolation/LOTO,True,True,True,Maintenance
EMP006958,EQ00001727,L4,Electrical Isolation/LOTO,True,True,True,Supervisor
EMP043367,EQ00001684,L6,Fire Water Systems,True,True,True,Inspector
EMP021012,EQ00001684,L3,Fire Water Systems,False,False,False,Supervisor
EMP024196,EQ00001684,L3,Fire Water Systems,False,False,False,Maintenance
EMP042562,EQ00001684,L2,Fire Water Systems,True,False,False,Supervisor
EMP008365,EQ00001684,L3,Fire Water Systems,False,True,False,Inspector
EMP041387,EQ00001684,L2,Fire Water Systems,False,False,False,Supervisor
EMP041642,EQ00001684,L3,Fire Water Systems,False,True,False,Inspector
EMP031265,EQ00002438,L4,Permit to Work,False,True,False,Operator
EMP002326,EQ00002438,L6,Permit to Work,False,True,False,Maintenance
EMP012645,EQ00002438,L3,Permit to Work,False,False,False,Supervisor
EMP027236,EQ00002438,L3,Permit to Work,False,False,False,Supervisor
EMP014341,EQ00002438,L3,Permit to Work,False,False,False,Inspector
EMP041785,EQ00002438,L4,Permit to Work,False,True,False,Operator
EMP009348,EQ00002438,L5,Permit to Work,True,True,True,Operator
EMP049661,EQ00002438,L5,Permit to Work,True,True,True,Inspector
EMP039261,EQ00001009,L6,Pressure Systems Safety,True,True,True,Supervisor
EMP009644,EQ00001009,L2,Pressure Systems Safety,False,False,False,Maintenance
EMP030948,EQ00001009,L2,Pressure Systems Safety,True,False,False,Maintenance
EMP024380,EQ00001009,L4,Pressure Systems Safety,False,False,False,Supervisor
EMP020071,EQ00001009,L3,Pressure Systems Safety,False,True,False,Maintenance
EMP041162,EQ00000413,L3,Journey Management,False,True,False,Inspector
EMP006963,EQ00000413,L6,Journey Management,False,True,False,Inspector
EMP037139,EQ00000413,L4,Journey Management,False,False,False,Inspector
EMP036513,EQ00000413,L3,Journey Management,True,False,False,Maintenance
EMP041824,EQ00000413,L5,Journey Management,False,True,False,Operator
EMP046328,EQ00001290,L2,Gas Testing,False,True,False,Supervisor
EMP036410,EQ00001290,L5,Gas Testing,True,True,True,Maintenance
EMP013442,EQ00001290,L4,Gas Testing,True,False,False,Operator
EMP009321,EQ00002449,L3,SIS/ESD,False,True,False,Inspector
EMP016138,EQ00002449,L4,SIS/ESD,True,True,True,Inspector
EMP017541,EQ00002449,L3,SIS/ESD,False,False,False,Maintenance
EMP004824,EQ00002449,L3,SIS/ESD,False,False,False,Inspector
EMP000166,EQ00002449,L5,SIS/ESD,True,True,True,Inspector
EMP035124,EQ00002449,L3,SIS/ESD,False,False,False,Maintenance
EMP042825,EQ00002449,L2,SIS/ESD,False,True,False,Maintenance
EMP038798,EQ00000727,L4,Lifting Gear Inspection,False,False,False,Operator
EMP049348,EQ00000727,L5,Lifting Gear Inspection,True,False,False,Inspector
EMP011132,EQ00001598,L3,Workshop Safety,False,True,False,Maintenance
EMP021817,EQ00001598,L2,Workshop Safety,False,False,False,Supervisor
EMP046740,EQ00001598,L4,Workshop Safety,False,True,False,Operator
EMP045176,EQ00001598,L5,Workshop Safety,True,True,True,Operator
EMP009978,EQ00001598,L5,Workshop Safety,True,True,True,Operator
EMP010628,EQ00001598,L4,Workshop Safety,False,False,False,Operator
EMP014066,EQ00001598,L5,Workshop Safety,False,True,False,Operator
EMP007674,EQ00001122,L4,Line of Fire Awareness,True,False,False,Supervisor
EMP037870,EQ00001122,L3,Line of Fire Awareness,False,False,False,Operator
EMP012852,EQ00001122,L3,Line of Fire Awareness,True,False,False,Supervisor
EMP048783,EQ00001122,L2,Line of Fire Awareness,False,True,False,Operator
EMP027340,EQ00001122,L4,Line of Fire Awareness,False,False,False,Operator
EMP020017,EQ00001122,L4,Line of Fire Awareness,False,False,False,Supervisor
EMP048867,EQ00000411,L4,Permit to Work,True,False,False,Inspector
EMP030966,EQ00000411,L5,Permit to Work,False,True,False,Supervisor
EMP020240,EQ00000411,L3,Permit to Work,True,False,False,Inspector
EMP049423,EQ00000268,L3,Control Systems,False,False,False,Maintenance
EMP032608,EQ00000268,L3,Control Systems,False,False,False,Supervisor
EMP015669,EQ00000268,L4,Control Systems,True,True,True,Maintenance
EMP032705,EQ00002096,L2,Permit to Work,False,False,False,Maintenance
EMP005231,EQ00002096,L4,Permit to Work,False,False,False,Inspector
EMP018183,EQ00002096,L2,Permit to Work,False,True,False,Maintenance
EMP031850,EQ00002096,L4,Permit to Work,False,False,False,Maintenance
EMP043801,EQ00002096,L3,Permit to Work,False,False,False,Supervisor
EMP041104,EQ00002182,L2,Machine Tool Operation,True,False,False,Maintenance
EMP034504,EQ00002182,L4,Machine Tool Operation,False,True,False,Supervisor
EMP038496,EQ00002182,L4,Machine Tool Operation,False,False,False,Supervisor
EMP030452,EQ00000919,L5,Wastewater Operations,True,True,True,Supervisor
EMP018727,EQ00000919,L2,Wastewater Operations,True,True,False,Inspector
EMP025177,EQ00000919,L6,Wastewater Operations,True,True,True,Operator
EMP047836,EQ00000919,L6,Wastewater Operations,True,True,True,Operator
EMP047324,EQ00000919,L4,Wastewater Operations,False,False,False,Operator
EMP017113,EQ00000919,L3,Wastewater Operations,False,False,False,Supervisor
EMP014711,EQ00002392,L3,Welding Safety,False,False,False,Inspector
EMP024553,EQ00002392,L4,Welding Safety,False,False,False,Operator
EMP010582,EQ00002392,L6,Welding Safety,True,True,True,Inspector
EMP015833,EQ00001867,L3,Process Safety,False,True,False,Supervisor
EMP004443,EQ00001867,L3,Process Safety,False,True,False,Inspector
EMP035242,EQ00001568,L2,Drilling Operations,False,False,False,Inspector
EMP048540,EQ00001568,L2,Drilling Operations,False,False,False,Supervisor
EMP002916,EQ00001568,L4,Drilling Operations,True,False,False,Maintenance
EMP032392,EQ00001568,L3,Drilling Operations,False,False,False,Operator
EMP021194,EQ00001568,L4,Drilling Operations,True,False,False,Inspector
EMP004401,EQ00001568,L2,Drilling Operations,False,False,False,Inspector
EMP020867,EQ00001568,L5,Drilling Operations,False,False,False,Supervisor
EMP022642,EQ00002307,L4,Mechanical Inspection,True,True,True,Inspector
EMP010772,EQ00002307,L4,Mechanical Inspection,True,True,True,Operator
EMP016386,EQ00000055,L3,Gas Detection,False,False,False,Inspector
EMP034485,EQ00000055,L3,Gas Detection,False,True,False,Supervisor
EMP047339,EQ00001766,L3,Calibration,False,False,False,Supervisor
EMP001489,EQ00001766,L3,Calibration,False,False,False,Maintenance
EMP021087,EQ00001766,L6,Calibration,True,False,False,Operator
EMP041687,EQ00001766,L5,Calibration,True,True,True,Inspector
EMP030655,EQ00001398,L3,Workshop Safety,True,False,False,Inspector
EMP044972,EQ00001398,L6,Workshop Safety,True,False,False,Maintenance
EMP045346,EQ00001398,L2,Workshop Safety,False,True,False,Inspector
EMP049149,EQ00001398,L3,Workshop Safety,False,False,False,Operator
EMP007723,EQ00001398,L2,Workshop Safety,False,False,False,Inspector
EMP022908,EQ00001398,L5,Workshop Safety,True,False,False,Supervisor
EMP019079,EQ00001958,L2,Permit to Work,False,False,False,Inspector
EMP039316,EQ00001958,L4,Permit to Work,True,False,False,Maintenance
EMP016318,EQ00001958,L4,Permit to Work,False,False,False,Maintenance
EMP033331,EQ00002113,L4,Electrical Isolation/LOTO,False,False,False,Maintenance
EMP008439,EQ00002113,L4,Electrical Isolation/LOTO,False,False,False,Maintenance
EMP030091,EQ00002113,L4,Electrical Isolation/LOTO,False,False,False,Supervisor
EMP035145,EQ00002758,L3,Vibration Monitoring,True,False,False,Supervisor
EMP010871,EQ00002758,L2,Vibration Monitoring,False,False,False,Operator
EMP028408,EQ00002758,L2,Vibration Monitoring,False,False,False,Inspector
EMP047527,EQ00002758,L3,Vibration Monitoring,False,False,False,Maintenance
EMP008403,EQ00002758,L4,Vibration Monitoring,True,True,True,Operator
EMP015577,EQ00002758,L3,Vibration Monitoring,True,False,False,Supervisor
EMP046785,EQ00001864,L3,Lubrication,False,True,False,Supervisor
EMP046198,EQ00001864,L4,Lubrication,False,False,False,Inspector
EMP008728,EQ00001864,L3,Lubrication,False,False,False,Supervisor
EMP031493,EQ00001864,L3,Lubrication,False,False,False,Inspector
EMP033697,EQ00001864,L4,Lubrication,False,False,False,Supervisor
EMP010752,EQ00001864,L4,Lubrication,False,True,False,Supervisor
EMP031863,EQ00001864,L3,Lubrication,True,False,False,Inspector
EMP029823,EQ00001246,L3,Rigging,False,False,False,Supervisor
EMP036257,EQ00001246,L3,Rigging,True,False,False,Inspector
EMP012194,EQ00001246,L4,Rigging,True,False,False,Inspector
EMP039573,EQ00001246,L5,Rigging,True,True,True,Operator
EMP036973,EQ00001246,L4,Rigging,False,False,False,Maintenance
EMP020644,EQ00001246,L2,Rigging,False,True,False,Operator
EMP041594,EQ00001885,L4,Lubrication,False,True,False,Inspector
EMP030122,EQ00001885,L3,Lubrication,False,False,False,Operator
EMP040438,EQ00001885,L2,Lubrication,False,False,False,Supervisor
EMP017342,EQ00001885,L4,Lubrication,True,False,False,Operator
EMP027937,EQ00000859,L5,Pressure Systems Safety,True,True,True,Supervisor
EMP028179,EQ00000859,L3,Pressure Systems Safety,False,False,False,Maintenance
EMP016573,EQ00000859,L5,Pressure Systems Safety,True,True,True,Maintenance
EMP029940,EQ00000859,L3,Pressure Systems Safety,False,True,False,Maintenance
EMP007540,EQ00001212,L3,LOTO,True,False,False,Inspector
EMP015062,EQ00001212,L2,LOTO,True,True,False,Operator
EMP010044,EQ00001212,L4,LOTO,True,True,True,Inspector
EMP019261,EQ00001212,L3,LOTO,False,True,False,Maintenance
EMP005148,EQ00001212,L5,LOTO,True,True,True,Inspector
EMP030396,EQ00001212,L5,LOTO,True,True,True,Maintenance
EMP040601,EQ00001210,L3,Electrical Safety,False,False,False,Supervisor
EMP027270,EQ00001210,L2,Electrical Safety,False,False,False,Maintenance
EMP021233,EQ00001210,L4,Electrical Safety,False,True,False,Inspector
EMP020499,EQ00001210,L4,Electrical Safety,False,False,False,Supervisor
EMP048763,EQ00001210,L4,Electrical Safety,True,False,False,Supervisor
EMP048915,EQ00001806,L4,Permit to Work,True,False,False,Supervisor
EMP042598,EQ00001806,L3,Permit to Work,False,False,False,Inspector
EMP028436,EQ00001806,L6,Permit to Work,True,True,True,Inspector
EMP010066,EQ00002780,L4,Electrical Isolation/LOTO,False,False,False,Supervisor
EMP047435,EQ00002780,L5,Electrical Isolation/LOTO,True,True,True,Maintenance
EMP016295,EQ00002780,L3,Electrical Isolation/LOTO,True,False,False,Maintenance
EMP006852,EQ00002780,L5,Electrical Isolation/LOTO,True,True,True,Maintenance
EMP048648,EQ00002780,L4,Electrical Isolation/LOTO,False,False,False,Supervisor
EMP044148,EQ00001952,L4,LOTO,True,False,False,Operator
EMP016248,EQ00001952,L4,LOTO,False,False,False,Supervisor
EMP030393,EQ00001952,L4,LOTO,False,False,False,Inspector
EMP049803,EQ00001952,L2,LOTO,False,False,False,Inspector
EMP032673,EQ00001952,L4,LOTO,True,False,False,Operator
EMP032732,EQ00000890,L4,Isolation/LOTO,True,True,True,Supervisor
EMP045966,EQ00000890,L4,Isolation/LOTO,True,True,True,Inspector
EMP028712,EQ00000890,L3,Isolation/LOTO,False,True,False,Maintenance
EMP044289,EQ00000890,L5,Isolation/LOTO,False,True,False,Inspector
EMP037672,EQ00000890,L2,Isolation/LOTO,False,False,False,Maintenance
EMP048650,EQ00000890,L2,Isolation/LOTO,True,False,False,Maintenance
EMP046876,EQ00000890,L5,Isolation/LOTO,True,True,True,Inspector
EMP009527,EQ00000406,L5,Motor Maintenance,True,True,True,Supervisor
EMP010726,EQ00000406,L3,Motor Maintenance,False,True,False,Supervisor
EMP041245,EQ00000406,L4,Motor Maintenance,True,True,True,Operator
EMP039124,EQ00000406,L3,Motor Maintenance,False,False,False,Maintenance
EMP049717,EQ00000406,L4,Motor Maintenance,True,True,True,Inspector
EMP028231,EQ00000406,L3,Motor Maintenance,False,True,False,Operator
EMP005554,EQ00000124,L4,Switchgear Operation,True,False,False,Maintenance
EMP003561,EQ00000124,L3,Switchgear Operation,False,False,False,Inspector
EMP014983,EQ00000124,L6,Switchgear Operation,True,True,True,Maintenance
EMP022861,EQ00000124,L3,Switchgear Operation,False,True,False,Operator
EMP015520,EQ00000124,L4,Switchgear Operation,False,True,False,Inspector
EMP004461,EQ00000682,L3,Line of Fire Awareness,True,False,False,Maintenance
EMP022551,EQ00000682,L3,Line of Fire Awareness,False,False,False,Supervisor
EMP041841,EQ00000682,L5,Line of Fire Awareness,True,True,True,Operator
EMP028505,EQ00000682,L3,Line of Fire Awareness,True,False,False,Operator
EMP018850,EQ00000682,L4,Line of Fire Awareness,True,True,True,Supervisor
EMP018785,EQ00000597,L5,Hydrotest Safety,True,True,True,Supervisor
EMP000212,EQ00000597,L4,Hydrotest Safety,True,True,True,Inspector
EMP016344,EQ00001050,L4,Hot Work,True,True,True,Maintenance
EMP046948,EQ00001050,L3,Hot Work,True,False,False,Operator
EMP039953,EQ00001050,L3,Hot Work,False,False,False,Inspector
EMP008298,EQ00001050,L4,Hot Work,True,True,True,Maintenance
EMP022226,EQ00000522,L4,Lifting Operations,False,False,False,Operator
EMP025159,EQ00000522,L5,Lifting Operations,True,True,True,Operator
EMP038586,EQ00000522,L6,Lifting Operations,True,True,True,Operator
EMP030634,EQ00000522,L4,Lifting Operations,True,True,False,Maintenance
EMP000630,EQ00000522,L3,Lifting Operations,True,True,False,Maintenance
EMP003250,EQ00000522,L4,Lifting Operations,True,False,False,Inspector
EMP031833,EQ00002753,L4,SIS/ESD,False,False,False,Inspector
EMP023874,EQ00002753,L3,SIS/ESD,False,False,False,Supervisor
EMP026424,EQ00002753,L4,SIS/ESD,False,False,False,Maintenance
EMP049517,EQ00002753,L6,SIS/ESD,True,True,True,Inspector
EMP049483,EQ00002753,L3,SIS/ESD,True,False,False,Operator
EMP013015,EQ00001216,L6,LOTO,True,True,True,Operator
EMP039311,EQ00001216,L3,LOTO,True,False,False,Maintenance
EMP009707,EQ00001216,L2,LOTO,True,True,False,Maintenance
EMP045516,EQ00001216,L4,LOTO,False,False,False,Inspector
EMP035427,EQ00001216,L3,LOTO,False,False,False,Maintenance
EMP047441,EQ00002215,L3,Rotating Equipment,True,False,False,Inspector
EMP016556,EQ00002215,L3,Rotating Equipment,True,False,False,Inspector
EMP030229,EQ00002215,L5,Rotating Equipment,True,True,True,Maintenance
EMP048985,EQ00002215,L4,Rotating Equipment,True,True,True,Inspector
EMP007738,EQ00002215,L3,Rotating Equipment,False,False,False,Supervisor
EMP001738,EQ00000014,L3,Electrical Safety,True,False,False,Supervisor
EMP031961,EQ00000014,L5,Electrical Safety,True,False,False,Inspector
EMP033868,EQ00000014,L4,Electrical Safety,False,False,False,Supervisor
EMP028186,EQ00000014,L3,Electrical Safety,False,True,False,Supervisor
EMP004896,EQ00000506,L2,Arc Flash Awareness,False,False,False,Supervisor
EMP018695,EQ00000506,L3,Arc Flash Awareness,False,False,False,Supervisor
EMP041154,EQ00001445,L5,Pressure Systems Safety,True,True,True,Inspector
EMP000520,EQ00001445,L2,Pressure Systems Safety,True,False,False,Inspector
EMP019301,EQ00001445,L4,Pressure Systems Safety,True,False,False,Maintenance
EMP048744,EQ00001445,L2,Pressure Systems Safety,False,False,False,Inspector
EMP017431,EQ00002024,L5,Journey Management,True,True,True,Supervisor
EMP013785,EQ00002024,L3,Journey Management,False,False,False,Maintenance
EMP014425,EQ00002024,L3,Journey Management,False,False,False,Inspector
EMP044411,EQ00002024,L3,Journey Management,False,False,False,Maintenance
EMP040931,EQ00002024,L3,Journey Management,False,False,False,Inspector
EMP039709,EQ00001616,L3,Calibration,True,True,False,Inspector
EMP005456,EQ00001616,L3,Calibration,False,False,False,Inspector
EMP016390,EQ00001493,L2,Permit to Work,False,False,False,Operator
EMP040142,EQ00001493,L6,Permit to Work,True,True,True,Supervisor
EMP003218,EQ00001493,L2,Permit to Work,False,True,False,Operator
EMP024290,EQ00001493,L3,Permit to Work,False,False,False,Inspector
EMP013017,EQ00001493,L5,Permit to Work,True,True,True,Inspector
EMP041329,EQ00001493,L4,Permit to Work,False,True,False,Supervisor
EMP048074,EQ00000973,L3,SIS/ESD,True,False,False,Supervisor
EMP011590,EQ00000973,L4,SIS/ESD,True,False,False,Maintenance
EMP021896,EQ00000973,L4,SIS/ESD,False,False,False,Operator
EMP039690,EQ00001202,L3,Line of Fire Awareness,False,True,False,Operator
EMP034956,EQ00001202,L3,Line of Fire Awareness,False,False,False,Operator
EMP041834,EQ00001202,L4,Line of Fire Awareness,True,False,False,Maintenance
EMP024626,EQ00001039,L2,Line of Fire Awareness,False,False,False,Operator
EMP045671,EQ00001039,L3,Line of Fire Awareness,False,False,False,Maintenance
EMP026887,EQ00001039,L3,Line of Fire Awareness,False,False,False,Maintenance
EMP042996,EQ00000667,L3,Electrical Safety,False,False,False,Supervisor
EMP024555,EQ00000667,L3,Electrical Safety,False,False,False,Operator
EMP022896,EQ00000667,L3,Electrical Safety,False,False,False,Supervisor
EMP002257,EQ00000667,L3,Electrical Safety,True,False,False,Maintenance
EMP028636,EQ00001739,L5,Isolation/LOTO,True,True,True,Operator
EMP034383,EQ00001739,L5,Isolation/LOTO,True,True,True,Inspector
EMP000216,EQ00001739,L3,Isolation/LOTO,False,False,False,Inspector
EMP033125,EQ00001739,L2,Isolation/LOTO,False,False,False,Operator
EMP026167,EQ00001739,L5,Isolation/LOTO,True,True,True,Inspector
EMP018551,EQ00001739,L5,Isolation/LOTO,True,True,True,Operator
EMP014837,EQ00001739,L3,Isolation/LOTO,False,False,False,Supervisor
EMP011299,EQ00002737,L4,Hydrotest Safety,False,False,False,Operator
EMP008034,EQ00002737,L2,Hydrotest Safety,True,False,False,Inspector
EMP020668,EQ00002737,L3,Hydrotest Safety,False,False,False,Maintenance
EMP029378,EQ00002737,L4,Hydrotest Safety,False,False,False,Inspector
EMP037861,EQ00002221,L3,Electrical Safety,False,True,False,Inspector
EMP045395,EQ00002221,L2,Electrical Safety,False,False,False,Operator
EMP047659,EQ00002221,L3,Electrical Safety,True,False,False,Supervisor
EMP047369,EQ00002221,L3,Electrical Safety,True,True,False,Maintenance
EMP006965,EQ00002221,L3,Electrical Safety,True,False,False,Maintenance
EMP045588,EQ00002221,L6,Electrical Safety,True,True,True,Maintenance
EMP036931,EQ00002221,L3,Electrical Safety,False,False,False,Operator
EMP033886,EQ00001527,L4,Fire Water Systems,True,False,False,Supervisor
EMP006130,EQ00001527,L3,Fire Water Systems,False,False,False,Supervisor
EMP023814,EQ00001527,L4,Fire Water Systems,False,False,False,Supervisor
EMP045478,EQ00001527,L4,Fire Water Systems,True,False,False,Maintenance
EMP001557,EQ00001527,L4,Fire Water Systems,False,False,False,Maintenance
EMP027409,EQ00001527,L2,Fire Water Systems,False,False,False,Inspector
EMP005027,EQ00001527,L3,Fire Water Systems,True,False,False,Inspector
EMP012211,EQ00001527,L4,Fire Water Systems,False,False,False,Maintenance
EMP014129,EQ00000788,L4,Hot Work,True,True,True,Inspector
EMP005095,EQ00000788,L2,Hot Work,False,False,False,Operator
EMP036678,EQ00000788,L4,Hot Work,True,True,True,Supervisor
EMP008078,EQ00000778,L4,Switchgear Operation,False,False,False,Supervisor
EMP031923,EQ00000778,L2,Switchgear Operation,False,False,False,Operator
EMP046345,EQ00000059,L3,Line of Fire Awareness,True,False,False,Supervisor
EMP010011,EQ00000059,L5,Line of Fire Awareness,True,True,True,Maintenance
EMP042301,EQ00000059,L4,Line of Fire Awareness,True,True,True,Maintenance
EMP034834,EQ00001859,L4,Valve Maintenance,False,False,False,Operator
EMP021253,EQ00001859,L2,Valve Maintenance,False,False,False,Operator
EMP032742,EQ00001859,L3,Valve Maintenance,True,True,False,Operator
EMP038891,EQ00001859,L3,Valve Maintenance,False,True,False,Operator
EMP011264,EQ00001859,L3,Valve Maintenance,True,True,False,Inspector
EMP018546,EQ00001859,L4,Valve Maintenance,False,False,False,Supervisor
EMP047239,EQ00001859,L3,Valve Maintenance,False,False,False,Supervisor
EMP008950,EQ00000639,L4,Motor Maintenance,False,False,False,Supervisor
EMP035730,EQ00000639,L5,Motor Maintenance,True,True,True,Maintenance
EMP002774,EQ00000639,L3,Motor Maintenance,False,False,False,Inspector
EMP031465,EQ00000639,L5,Motor Maintenance,True,True,True,Supervisor
EMP044343,EQ00000639,L5,Motor Maintenance,True,True,True,Maintenance
EMP027452,EQ00000639,L3,Motor Maintenance,True,False,False,Inspector
EMP033913,EQ00000072,L2,Hazardous Material Transport,False,False,False,Operator
EMP011563,EQ00000072,L5,Hazardous Material Transport,True,True,True,Supervisor
EMP006426,EQ00000072,L2,Hazardous Material Transport,False,False,False,Inspector
EMP049001,EQ00000072,L5,Hazardous Material Transport,True,True,True,Operator
EMP007980,EQ00000072,L4,Hazardous Material Transport,True,True,False,Operator
EMP013583,EQ00001566,L3,Process Safety,True,False,False,Operator
EMP023093,EQ00001566,L3,Process Safety,False,False,False,Maintenance
EMP027355,EQ00001566,L2,Process Safety,False,False,False,Inspector
EMP022780,EQ00001566,L4,Process Safety,True,False,False,Supervisor
EMP023330,EQ00001508,L3,Arc Flash Awareness,True,True,True,Operator
EMP045721,EQ00001508,L2,Arc Flash Awareness,False,False,False,Operator
EMP041246,EQ00001508,L3,Arc Flash Awareness,True,True,True,Operator
EMP026136,EQ00001508,L3,Arc Flash Awareness,True,True,True,Supervisor
EMP031802,EQ00001508,L3,Arc Flash Awareness,True,True,True,Inspector
EMP046393,EQ00001508,L5,Arc Flash Awareness,True,True,True,Inspector
EMP012899,EQ00001508,L5,Arc Flash Awareness,True,True,True,Maintenance
EMP007163,EQ00000728,L4,Hazardous Material Transport,False,False,False,Operator
EMP017381,EQ00000728,L4,Hazardous Material Transport,False,False,False,Supervisor
EMP014454,EQ00000728,L6,Hazardous Material Transport,True,True,True,Maintenance
EMP031763,EQ00000728,L3,Hazardous Material Transport,True,False,False,Operator
EMP041032,EQ00000728,L3,Hazardous Material Transport,False,False,False,Operator
EMP012386,EQ00000728,L3,Hazardous Material Transport,False,False,False,Operator
EMP011918,EQ00000728,L6,Hazardous Material Transport,True,True,True,Inspector
EMP048312,EQ00000728,L3,Hazardous Material Transport,False,False,False,Maintenance
EMP022835,EQ00002620,L2,Well Control,False,False,False,Maintenance
EMP009438,EQ00002620,L3,Well Control,False,False,False,Inspector
EMP028408,EQ00002620,L2,Well Control,False,False,False,Inspector
EMP005709,EQ00002620,L4,Well Control,False,False,False,Operator
EMP005347,EQ00002620,L2,Well Control,True,False,False,Supervisor
EMP031479,EQ00002620,L3,Well Control,True,False,False,Inspector
EMP047641,EQ00002620,L4,Well Control,False,False,False,Maintenance
EMP002062,EQ00000176,L3,Motor Maintenance,False,False,False,Supervisor
EMP025779,EQ00000176,L4,Motor Maintenance,False,False,False,Operator
EMP043381,EQ00000176,L2,Motor Maintenance,False,True,False,Supervisor
EMP033898,EQ00000176,L4,Motor Maintenance,False,False,False,Inspector
EMP017679,EQ00000176,L4,Motor Maintenance,False,False,False,Inspector
EMP030705,EQ00000176,L6,Motor Maintenance,True,True,True,Inspector
EMP049036,EQ00000176,L3,Motor Maintenance,True,True,False,Maintenance
EMP040006,EQ00000116,L3,LOTO,False,False,False,Maintenance
EMP011001,EQ00000116,L4,LOTO,True,True,True,Supervisor
EMP033130,EQ00000116,L5,LOTO,True,True,True,Operator
EMP048615,EQ00000116,L4,LOTO,True,True,True,Supervisor
EMP047473,EQ00000116,L3,LOTO,False,True,False,Inspector
EMP020648,EQ00000508,L3,Hot Work,False,True,False,Inspector
EMP041137,EQ00000508,L4,Hot Work,False,False,False,Supervisor
EMP017556,EQ00000508,L3,Hot Work,True,False,False,Operator
EMP013356,EQ00000508,L4,Hot Work,False,False,False,Maintenance
EMP009031,EQ00001359,L3,Workshop Safety,False,False,False,Operator
EMP015176,EQ00001359,L4,Workshop Safety,False,False,False,Operator
EMP025775,EQ00001359,L5,Workshop Safety,True,True,True,Maintenance
EMP041516,EQ00001359,L4,Workshop Safety,True,False,False,Inspector
EMP015076,EQ00001614,L4,Rigging,True,True,True,Operator
EMP036941,EQ00001614,L3,Rigging,False,True,False,Maintenance
EMP017262,EQ00001425,L3,Lifting Operations,False,False,False,Inspector
EMP016065,EQ00001425,L2,Lifting Operations,False,False,False,Operator
EMP037810,EQ00001425,L6,Lifting Operations,True,True,True,Operator
EMP025344,EQ00001425,L5,Lifting Operations,True,True,True,Operator
EMP041398,EQ00001138,L3,Process Safety,False,True,False,Maintenance
EMP011373,EQ00001138,L4,Process Safety,True,False,False,Inspector
EMP031771,EQ00001138,L4,Process Safety,True,False,False,Inspector
EMP021951,EQ00001138,L4,Process Safety,False,False,False,Operator
EMP031527,EQ00001138,L5,Process Safety,True,True,True,Inspector
EMP040781,EQ00001138,L3,Process Safety,True,False,False,Operator
EMP021479,EQ00001138,L2,Process Safety,True,False,False,Maintenance
EMP015094,EQ00000543,L3,Well Control,False,False,False,Inspector
EMP001362,EQ00000543,L3,Well Control,False,True,False,Inspector
EMP009657,EQ00000651,L6,Workshop Safety,True,True,True,Maintenance
EMP037989,EQ00000651,L3,Workshop Safety,False,False,False,Operator
EMP046721,EQ00000651,L3,Workshop Safety,False,False,False,Supervisor
EMP028874,EQ00000651,L2,Workshop Safety,False,False,False,Operator
EMP029437,EQ00000651,L4,Workshop Safety,False,False,False,Inspector
EMP016527,EQ00000651,L3,Workshop Safety,False,False,False,Maintenance
EMP046916,EQ00000418,L5,Workshop Safety,True,True,True,Maintenance
EMP043302,EQ00000418,L4,Workshop Safety,False,False,False,Operator
EMP044742,EQ00000418,L3,Workshop Safety,True,False,False,Inspector
EMP042682,EQ00000418,L3,Workshop Safety,False,False,False,Supervisor
EMP014138,EQ00000418,L2,Workshop Safety,False,False,False,Operator
EMP007682,EQ00000418,L4,Workshop Safety,False,False,False,Maintenance
EMP034669,EQ00000418,L4,Workshop Safety,False,True,False,Operator
EMP040204,EQ00000755,L4,Lifting Operations,False,False,False,Maintenance
EMP044540,EQ00000755,L3,Lifting Operations,False,False,False,Maintenance
EMP028485,EQ00000755,L4,Lifting Operations,False,False,False,Inspector
EMP040284,EQ00000755,L2,Lifting Operations,False,False,False,Inspector
EMP034691,EQ00000755,L2,Lifting Operations,False,False,False,Supervisor
EMP036557,EQ00002482,L5,Pump Maintenance,False,True,False,Inspector
EMP006454,EQ00002482,L3,Pump Maintenance,True,False,False,Operator
EMP013305,EQ00002482,L4,Pump Maintenance,False,False,False,Maintenance
EMP004729,EQ00002482,L4,Pump Maintenance,True,False,False,Maintenance
EMP021633,EQ00002482,L4,Pump Maintenance,False,False,False,Maintenance
EMP023356,EQ00002482,L5,Pump Maintenance,True,True,True,Operator
EMP006944,EQ00002482,L2,Pump Maintenance,False,True,False,Inspector
EMP023129,EQ00002482,L4,Pump Maintenance,False,False,False,Operator
EMP000851,EQ00000067,L2,Pressure Vessel Safety,False,True,False,Inspector
EMP031722,EQ00000067,L5,Pressure Vessel Safety,True,True,True,Maintenance
EMP009608,EQ00000067,L3,Pressure Vessel Safety,False,False,False,Operator
EMP002656,EQ00000067,L3,Pressure Vessel Safety,False,False,False,Supervisor
EMP035852,EQ00000067,L4,Pressure Vessel Safety,False,True,False,Operator
EMP028202,EQ00000067,L3,Pressure Vessel Safety,False,False,False,Operator
EMP009969,EQ00000067,L4,Pressure Vessel Safety,False,False,False,Supervisor
EMP019444,EQ00000067,L3,Pressure Vessel Safety,False,True,False,Maintenance
EMP012900,EQ00000869,L2,Permit to Work,False,False,False,Inspector
EMP010071,EQ00000869,L5,Permit to Work,True,True,True,Maintenance
EMP027049,EQ00000869,L4,Permit to Work,False,False,False,Operator
EMP009995,EQ00000869,L2,Permit to Work,False,True,False,Operator
EMP039748,EQ00000869,L3,Permit to Work,False,False,False,Supervisor
EMP038051,EQ00000869,L3,Permit to Work,False,False,False,Supervisor
EMP047914,EQ00000848,L2,Arc Flash Awareness,True,True,False,Maintenance
EMP036279,EQ00000848,L3,Arc Flash Awareness,True,False,False,Supervisor
EMP044399,EQ00000848,L4,Arc Flash Awareness,False,False,False,Supervisor
EMP019693,EQ00002180,L2,Welding Safety,True,False,False,Maintenance
EMP027609,EQ00002180,L3,Welding Safety,True,False,False,Maintenance
EMP010487,EQ00002180,L2,Welding Safety,False,False,False,Inspector
EMP009081,EQ00002180,L3,Welding Safety,False,False,False,Inspector
EMP047093,EQ00002180,L4,Welding Safety,True,False,False,Supervisor
EMP017470,EQ00002180,L3,Welding Safety,False,False,False,Supervisor
EMP042257,EQ00001337,L4,Lifting Operations,False,False,False,Operator
EMP037030,EQ00001337,L2,Lifting Operations,False,False,False,Maintenance
EMP000736,EQ00001337,L5,Lifting Operations,True,False,False,Inspector
EMP007527,EQ00001337,L4,Lifting Operations,False,False,False,Maintenance
EMP023907,EQ00001337,L4,Lifting Operations,False,False,False,Operator
EMP027333,EQ00002297,L5,Defensive Driving,True,True,True,Supervisor
EMP009078,EQ00002297,L4,Defensive Driving,True,True,True,Inspector
EMP019405,EQ00002297,L4,Defensive Driving,True,True,True,Maintenance
EMP036206,EQ00002297,L5,Defensive Driving,True,True,True,Operator
EMP011195,EQ00002297,L2,Defensive Driving,False,False,False,Supervisor
EMP001356,EQ00000449,L5,Pipeline Operations,True,True,True,Maintenance
EMP046570,EQ00000449,L2,Pipeline Operations,False,False,False,Operator
EMP046749,EQ00000623,L2,Machine Tool Operation,False,False,False,Supervisor
EMP029251,EQ00000623,L3,Machine Tool Operation,True,False,False,Inspector
EMP026322,EQ00000623,L3,Machine Tool Operation,True,False,False,Supervisor
EMP044222,EQ00000623,L3,Machine Tool Operation,False,False,False,Operator
EMP039877,EQ00000623,L2,Machine Tool Operation,False,False,False,Maintenance
EMP035873,EQ00001698,L5,Gas Detection,True,False,False,Supervisor
EMP041942,EQ00001698,L4,Gas Detection,False,False,False,Operator
EMP002165,EQ00001698,L3,Gas Detection,True,False,False,Maintenance
EMP007544,EQ00001698,L6,Gas Detection,True,True,True,Supervisor
EMP021640,EQ00001698,L3,Gas Detection,False,False,False,Supervisor
EMP024383,EQ00001698,L3,Gas Detection,True,False,False,Maintenance
EMP021097,EQ00000832,L4,SIS/ESD,True,True,False,Inspector
EMP015457,EQ00000832,L5,SIS/ESD,False,True,False,Maintenance
EMP011735,EQ00000832,L3,SIS/ESD,False,False,False,Operator
EMP044145,EQ00000832,L3,SIS/ESD,True,True,False,Maintenance
EMP021344,EQ00000832,L4,SIS/ESD,False,False,False,Maintenance
EMP047125,EQ00000992,L2,Drilling Operations,True,False,False,Maintenance
EMP007611,EQ00000992,L3,Drilling Operations,True,False,False,Maintenance
EMP022138,EQ00000992,L2,Drilling Operations,False,False,False,Inspector
EMP013381,EQ00000992,L2,Drilling Operations,False,False,False,Maintenance
EMP004295,EQ00000992,L3,Drilling Operations,True,True,False,Operator
EMP022255,EQ00000992,L2,Drilling Operations,False,False,False,Supervisor
EMP014157,EQ00000992,L5,Drilling Operations,True,False,False,Supervisor
EMP039721,EQ00001364,L2,Switchgear Operation,False,False,False,Operator
EMP020825,EQ00001364,L4,Switchgear Operation,False,False,False,Operator
EMP049898,EQ00000791,L4,Drilling Operations,False,False,False,Operator
EMP030112,EQ00000791,L3,Drilling Operations,False,False,False,Inspector
EMP034484,EQ00000791,L4,Drilling Operations,True,False,False,Maintenance
EMP038989,EQ00000791,L5,Drilling Operations,True,True,True,Inspector
EMP036172,EQ00000441,L3,Permit to Work,False,False,False,Supervisor
EMP020696,EQ00000441,L3,Permit to Work,False,True,False,Maintenance
EMP006099,EQ00000441,L3,Permit to Work,True,True,False,Supervisor
EMP046163,EQ00000441,L3,Permit to Work,False,False,False,Inspector
EMP013167,EQ00000349,L3,Gas Testing,False,False,False,Operator
EMP015294,EQ00000349,L4,Gas Testing,True,False,False,Maintenance
EMP040150,EQ00000349,L4,Gas Testing,False,False,False,Maintenance
EMP043810,EQ00000349,L3,Gas Testing,True,False,False,Operator
EMP006362,EQ00000349,L3,Gas Testing,True,False,False,Inspector
EMP049242,EQ00000349,L3,Gas Testing,False,False,False,Inspector
EMP047503,EQ00000856,L4,Pressure Systems Safety,True,False,False,Maintenance
EMP016637,EQ00000856,L5,Pressure Systems Safety,True,True,True,Supervisor
EMP030216,EQ00000856,L2,Pressure Systems Safety,False,True,False,Inspector
EMP019010,EQ00000856,L2,Pressure Systems Safety,False,False,False,Supervisor
EMP008248,EQ00000856,L4,Pressure Systems Safety,False,False,False,Inspector
EMP023592,EQ00000856,L4,Pressure Systems Safety,False,False,False,Supervisor
EMP029048,EQ00002296,L3,Instrumentation,False,False,False,Maintenance
EMP043105,EQ00002296,L3,Instrumentation,True,True,False,Supervisor
EMP043216,EQ00002296,L6,Instrumentation,True,True,True,Maintenance
EMP009250,EQ00002296,L3,Instrumentation,False,False,False,Operator
EMP032735,EQ00002296,L4,Instrumentation,True,True,True,Operator
EMP042780,EQ00001613,L3,Arc Flash Awareness,True,False,False,Operator
EMP014648,EQ00001613,L4,Arc Flash Awareness,True,True,True,Maintenance
EMP036835,EQ00001613,L6,Arc Flash Awareness,False,True,False,Maintenance
EMP035125,EQ00001613,L3,Arc Flash Awareness,True,True,False,Maintenance
EMP031555,EQ00001613,L3,Arc Flash Awareness,False,False,False,Maintenance
EMP006367,EQ00001613,L3,Arc Flash Awareness,False,False,False,Operator
EMP012951,EQ00001613,L3,Arc Flash Awareness,False,False,False,Supervisor
EMP033191,EQ00001613,L2,Arc Flash Awareness,True,True,False,Inspector
EMP036322,EQ00001690,L6,Hydrotest Safety,True,True,True,Inspector
EMP034150,EQ00001690,L3,Hydrotest Safety,True,False,False,Inspector
EMP029037,EQ00001690,L4,Hydrotest Safety,False,False,False,Maintenance
EMP028340,EQ00001690,L3,Hydrotest Safety,False,False,False,Operator
EMP026047,EQ00002425,L4,Electrical Safety,True,True,True,Maintenance
EMP022336,EQ00002425,L6,Electrical Safety,True,True,True,Inspector
EMP001591,EQ00002425,L4,Electrical Safety,True,True,True,Inspector
EMP049579,EQ00002425,L3,Electrical Safety,True,False,False,Maintenance
EMP040662,EQ00002425,L2,Electrical Safety,False,False,False,Supervisor
EMP042542,EQ00002425,L4,Electrical Safety,True,True,True,Supervisor
EMP046448,EQ00000511,L4,Gas Testing,True,False,False,Supervisor
EMP048932,EQ00000511,L3,Gas Testing,True,True,True,Operator
EMP013981,EQ00000511,L2,Gas Testing,True,False,False,Operator
EMP044394,EQ00000511,L4,Gas Testing,False,True,False,Inspector
EMP010770,EQ00000511,L4,Gas Testing,False,False,False,Supervisor
EMP005444,EQ00000511,L6,Gas Testing,True,True,True,Inspector
EMP045357,EQ00000511,L2,Gas Testing,False,True,False,Maintenance
EMP034110,EQ00001130,L5,LOTO,True,True,True,Maintenance
EMP015157,EQ00001130,L3,LOTO,True,False,False,Operator
EMP024186,EQ00001130,L6,LOTO,True,True,True,Operator
EMP032683,EQ00001130,L3,LOTO,False,True,False,Inspector
EMP007220,EQ00001130,L5,LOTO,True,True,True,Maintenance
EMP005751,EQ00001130,L3,LOTO,False,False,False,Inspector
EMP038281,EQ00001130,L2,LOTO,False,False,False,Inspector
EMP008637,EQ00001522,L5,Mechanical Inspection,True,True,True,Supervisor
EMP028515,EQ00001522,L2,Mechanical Inspection,True,False,False,Maintenance
EMP003373,EQ00001522,L3,Mechanical Inspection,False,False,False,Operator
EMP028460,EQ00001522,L3,Mechanical Inspection,False,False,False,Supervisor
EMP028736,EQ00001522,L3,Mechanical Inspection,False,False,False,Operator
EMP006892,EQ00001522,L5,Mechanical Inspection,True,True,True,Supervisor
EMP047750,EQ00001522,L4,Mechanical Inspection,True,True,True,Inspector
EMP021281,EQ00001522,L3,Mechanical Inspection,False,True,False,Maintenance
EMP007898,EQ00002197,L3,Crane Operation,False,False,False,Operator
EMP010676,EQ00002197,L4,Crane Operation,False,False,False,Supervisor
EMP045384,EQ00001706,L2,Alignment,True,False,False,Operator
EMP025007,EQ00001706,L3,Alignment,False,True,False,Operator
EMP034574,EQ00001288,L5,Well Control,True,True,True,Supervisor
EMP032669,EQ00001288,L3,Well Control,False,True,False,Supervisor
EMP022882,EQ00001288,L4,Well Control,True,False,False,Inspector
EMP013129,EQ00001288,L4,Well Control,False,True,False,Operator
EMP041846,EQ00001227,L4,Process Operations,True,True,True,Inspector
EMP049008,EQ00001227,L2,Process Operations,False,False,False,Maintenance
EMP010794,EQ00001227,L2,Process Operations,False,False,False,Supervisor
EMP013902,EQ00001227,L5,Process Operations,True,True,True,Operator
EMP015847,EQ00001227,L4,Process Operations,True,True,True,Operator
EMP018784,EQ00001227,L4,Process Operations,True,True,True,Operator
EMP000096,EQ00000182,L3,Arc Flash Awareness,False,False,False,Maintenance
EMP029319,EQ00000182,L2,Arc Flash Awareness,False,True,False,Operator
EMP047414,EQ00000182,L2,Arc Flash Awareness,False,False,False,Maintenance
EMP044130,EQ00000182,L3,Arc Flash Awareness,False,False,False,Maintenance
EMP003103,EQ00000182,L5,Arc Flash Awareness,True,True,True,Supervisor
EMP008409,EQ00000182,L3,Arc Flash Awareness,False,False,False,Supervisor
EMP008506,EQ00000182,L4,Arc Flash Awareness,False,True,False,Inspector
EMP036737,EQ00000182,L2,Arc Flash Awareness,False,False,False,Inspector
EMP014607,EQ00001683,L4,Welding Safety,False,False,False,Inspector
EMP039664,EQ00001683,L5,Welding Safety,True,True,True,Maintenance
EMP046258,EQ00001683,L3,Welding Safety,False,False,False,Operator
EMP019590,EQ00001683,L4,Welding Safety,False,False,False,Supervisor
EMP041153,EQ00000842,L3,Permit to Work,False,False,False,Maintenance
EMP019917,EQ00000842,L3,Permit to Work,False,False,False,Inspector
EMP011365,EQ00000842,L3,Permit to Work,True,False,False,Operator
EMP015104,EQ00000842,L4,Permit to Work,False,False,False,Operator
EMP028250,EQ00000842,L2,Permit to Work,True,False,False,Inspector
EMP033413,EQ00000842,L3,Permit to Work,False,False,False,Maintenance
EMP042506,EQ00000249,L4,Rig Floor Safety,True,True,True,Supervisor
EMP029418,EQ00000249,L5,Rig Floor Safety,True,True,True,Operator
EMP034468,EQ00002746,L4,Chemical Handling,False,False,False,Inspector
EMP045712,EQ00002746,L6,Chemical Handling,True,True,True,Inspector
EMP045463,EQ00002746,L2,Chemical Handling,False,False,False,Inspector
EMP047770,EQ00002746,L5,Chemical Handling,True,False,False,Maintenance
EMP032245,EQ00002746,L2,Chemical Handling,False,False,False,Inspector
EMP030920,EQ00002746,L6,Chemical Handling,False,True,False,Inspector
EMP022051,EQ00002746,L5,Chemical Handling,True,True,True,Operator
EMP035882,EQ00002746,L3,Chemical Handling,False,True,False,Inspector
EMP029680,EQ00000360,L4,Vehicle Inspection,True,True,False,Inspector
EMP040614,EQ00000360,L3,Vehicle Inspection,True,False,False,Inspector
EMP031806,EQ00000360,L4,Vehicle Inspection,True,False,False,Operator
EMP035660,EQ00000360,L3,Vehicle Inspection,False,True,False,Maintenance
EMP008976,EQ00000360,L4,Vehicle Inspection,False,False,False,Inspector
EMP025427,EQ00000360,L2,Vehicle Inspection,False,False,False,Maintenance
EMP000571,EQ00000360,L3,Vehicle Inspection,False,False,False,Supervisor
EMP049666,EQ00001043,L2,LOTO,True,False,False,Operator
EMP041859,EQ00001043,L3,LOTO,False,False,False,Inspector
EMP000134,EQ00001043,L3,LOTO,False,False,False,Maintenance
EMP033605,EQ00001043,L2,LOTO,False,True,False,Inspector
EMP047711,EQ00001043,L6,LOTO,True,True,True,Operator
EMP029373,EQ00002111,L4,Hazardous Material Transport,True,True,True,Maintenance
EMP049954,EQ00002111,L3,Hazardous Material Transport,False,False,False,Operator
EMP003544,EQ00002111,L3,Hazardous Material Transport,False,False,False,Maintenance
EMP041928,EQ00002111,L4,Hazardous Material Transport,True,True,True,Operator
EMP026016,EQ00002111,L3,Hazardous Material Transport,False,False,False,Operator
EMP012213,EQ00002111,L6,Hazardous Material Transport,True,True,True,Maintenance
EMP041990,EQ00002111,L5,Hazardous Material Transport,True,True,True,Operator
EMP018152,EQ00001791,L5,Line of Fire Awareness,True,True,True,Operator
EMP014878,EQ00001791,L5,Line of Fire Awareness,False,True,False,Maintenance
EMP024093,EQ00001791,L3,Line of Fire Awareness,False,False,False,Supervisor
EMP026663,EQ00001748,L4,Pressure Vessel Safety,True,True,True,Maintenance
EMP010180,EQ00001748,L4,Pressure Vessel Safety,True,True,True,Operator
EMP002728,EQ00001748,L3,Pressure Vessel Safety,False,False,False,Maintenance
EMP009446,EQ00001748,L2,Pressure Vessel Safety,True,False,False,Operator
EMP019853,EQ00001396,L2,LOTO,True,False,False,Operator
EMP037753,EQ00001396,L3,LOTO,True,True,True,Supervisor
EMP021951,EQ00001396,L4,LOTO,True,True,True,Supervisor
EMP013909,EQ00001396,L5,LOTO,True,False,False,Maintenance
EMP013441,EQ00002316,L3,LOTO,False,True,False,Inspector
EMP041444,EQ00002316,L3,LOTO,False,False,False,Supervisor
EMP017731,EQ00002316,L3,LOTO,False,False,False,Operator
EMP010349,EQ00002316,L4,LOTO,True,False,False,Supervisor
EMP043094,EQ00002345,L3,Defensive Driving,False,False,False,Operator
EMP038448,EQ00002345,L5,Defensive Driving,False,True,False,Supervisor
EMP012056,EQ00002345,L3,Defensive Driving,False,False,False,Inspector
EMP048372,EQ00002345,L2,Defensive Driving,False,False,False,Supervisor
EMP047584,EQ00002345,L5,Defensive Driving,True,False,False,Inspector
EMP043769,EQ00002345,L2,Defensive Driving,False,True,False,Supervisor
EMP040724,EQ00002345,L4,Defensive Driving,False,False,False,Supervisor
EMP004762,EQ00000081,L6,LOTO,True,True,True,Operator
EMP026515,EQ00000081,L2,LOTO,False,False,False,Operator
EMP024844,EQ00000081,L4,LOTO,False,True,False,Operator
EMP016753,EQ00000081,L3,LOTO,False,False,False,Maintenance
EMP038889,EQ00000081,L3,LOTO,False,True,False,Operator
EMP002265,EQ00000081,L4,LOTO,False,False,False,Maintenance
EMP001563,EQ00000081,L4,LOTO,False,False,False,Inspector
EMP008063,EQ00000081,L6,LOTO,True,True,True,Supervisor
EMP038777,EQ00002437,L4,Hydrotest Safety,False,False,False,Supervisor
EMP009254,EQ00002437,L3,Hydrotest Safety,False,False,False,Inspector
EMP030971,EQ00002437,L4,Hydrotest Safety,False,False,False,Operator
EMP048648,EQ00001415,L4,Vehicle Inspection,True,True,True,Supervisor
EMP039147,EQ00001415,L4,Vehicle Inspection,True,True,True,Operator
EMP031776,EQ00001415,L4,Vehicle Inspection,True,True,True,Operator
EMP008117,EQ00002614,L4,Lifting Gear Inspection,False,True,False,Inspector
EMP034811,EQ00002614,L3,Lifting Gear Inspection,False,False,False,Operator
EMP013373,EQ00002614,L2,Lifting Gear Inspection,False,False,False,Supervisor
EMP011210,EQ00002614,L3,Lifting Gear Inspection,False,False,False,Supervisor
EMP044874,EQ00002614,L4,Lifting Gear Inspection,False,True,False,Operator
EMP024017,EQ00002614,L3,Lifting Gear Inspection,False,False,False,Maintenance
EMP028146,EQ00002614,L2,Lifting Gear Inspection,True,False,False,Operator
EMP039745,EQ00001579,L4,Process Operations,True,True,False,Supervisor
EMP044488,EQ00001579,L5,Process Operations,True,True,True,Inspector
EMP026618,EQ00001579,L2,Process Operations,False,False,False,Operator
EMP041491,EQ00001579,L2,Process Operations,True,False,False,Inspector
EMP025267,EQ00001579,L4,Process Operations,False,False,False,Inspector
EMP049927,EQ00001579,L3,Process Operations,False,False,False,Inspector
EMP000008,EQ00001579,L5,Process Operations,True,True,True,Supervisor
EMP040146,EQ00001579,L3,Process Operations,False,True,False,Inspector
EMP023237,EQ00000509,L3,Mechanical Inspection,False,True,False,Operator
EMP016882,EQ00000509,L5,Mechanical Inspection,True,True,True,Maintenance
EMP035640,EQ00000509,L3,Mechanical Inspection,False,False,False,Supervisor
EMP013209,EQ00000509,L2,Mechanical Inspection,True,False,False,Inspector
EMP008138,EQ00001891,L6,LOTO,True,True,True,Supervisor
EMP048431,EQ00001891,L3,LOTO,True,False,False,Inspector
EMP045725,EQ00001891,L4,LOTO,True,True,False,Inspector
EMP009606,EQ00001891,L4,LOTO,False,False,False,Maintenance
EMP011188,EQ00001891,L4,LOTO,False,False,False,Inspector
EMP025970,EQ00001891,L6,LOTO,True,True,True,Operator
EMP041630,EQ00001891,L3,LOTO,False,False,False,Supervisor
EMP024513,EQ00001891,L3,LOTO,False,False,False,Operator
EMP006657,EQ00001817,L3,Well Control,True,False,False,Inspector
EMP012969,EQ00001817,L4,Well Control,True,True,True,Supervisor
EMP005463,EQ00001817,L2,Well Control,True,False,False,Maintenance
EMP003818,EQ00001817,L5,Well Control,True,False,False,Inspector
EMP043705,EQ00001817,L2,Well Control,True,False,False,Maintenance
EMP036188,EQ00001217,L5,Hot Work,True,True,True,Operator
EMP007580,EQ00001217,L4,Hot Work,False,True,False,Inspector
EMP031941,EQ00001217,L3,Hot Work,False,True,False,Supervisor
EMP040153,EQ00001217,L3,Hot Work,False,False,False,Supervisor
EMP020086,EQ00001217,L4,Hot Work,False,False,False,Operator
EMP045698,EQ00001217,L2,Hot Work,False,False,False,Operator
EMP013908,EQ00001217,L2,Hot Work,True,True,False,Inspector
EMP007381,EQ00001217,L3,Hot Work,False,False,False,Inspector
EMP013264,EQ00000400,L4,Control Systems,True,False,False,Supervisor
EMP036901,EQ00000400,L5,Control Systems,True,True,True,Inspector
EMP002951,EQ00000400,L5,Control Systems,True,True,True,Supervisor
EMP031058,EQ00000400,L4,Control Systems,False,False,False,Supervisor
EMP007093,EQ00000400,L4,Control Systems,False,False,False,Maintenance
EMP017961,EQ00000400,L3,Control Systems,True,False,False,Inspector
EMP018257,EQ00000400,L2,Control Systems,True,False,False,Supervisor
EMP012437,EQ00000234,L3,Alignment,True,False,False,Inspector
EMP002845,EQ00000234,L4,Alignment,True,True,True,Operator
EMP026130,EQ00000234,L4,Alignment,True,True,True,Inspector
EMP043398,EQ00002584,L4,Permit to Work,True,True,True,Maintenance
EMP045832,EQ00002584,L3,Permit to Work,True,False,False,Maintenance
EMP019382,EQ00002584,L2,Permit to Work,False,False,False,Inspector
EMP032282,EQ00002584,L3,Permit to Work,False,False,False,Maintenance
EMP039437,EQ00002584,L6,Permit to Work,False,True,False,Maintenance
EMP022106,EQ00002584,L3,Permit to Work,True,False,False,Operator
EMP030692,EQ00000141,L3,Drilling Operations,False,False,False,Maintenance
EMP026273,EQ00000141,L3,Drilling Operations,True,False,False,Operator
EMP039968,EQ00000141,L3,Drilling Operations,False,False,False,Maintenance
EMP008758,EQ00001017,L3,Process Isolation,False,True,False,Operator
EMP015892,EQ00001017,L3,Process Isolation,False,False,False,Supervisor
EMP003348,EQ00001017,L3,Process Isolation,False,False,False,Inspector
EMP042915,EQ00001017,L2,Process Isolation,False,False,False,Maintenance
EMP004146,EQ00001017,L4,Process Isolation,False,False,False,Supervisor
EMP037107,EQ00002714,L5,Permit to Work,False,True,False,Supervisor
EMP028917,EQ00002714,L3,Permit to Work,False,True,False,Operator
EMP009982,EQ00002714,L4,Permit to Work,False,True,False,Maintenance
EMP022288,EQ00002714,L4,Permit to Work,True,False,False,Operator
EMP021428,EQ00002714,L3,Permit to Work,False,False,False,Operator
EMP019143,EQ00001594,L4,Well Control,True,True,True,Supervisor
EMP028465,EQ00001594,L5,Well Control,True,True,True,Inspector
EMP039424,EQ00001594,L3,Well Control,True,False,False,Operator
EMP006988,EQ00001594,L3,Well Control,False,False,False,Supervisor
EMP029076,EQ00001594,L3,Well Control,True,True,False,Operator
EMP010762,EQ00001594,L3,Well Control,True,False,False,Inspector
EMP024587,EQ00002488,L3,Defensive Driving,False,True,False,Supervisor
EMP030672,EQ00002488,L4,Defensive Driving,True,False,False,Supervisor
EMP005851,EQ00002488,L2,Defensive Driving,False,False,False,Maintenance
EMP020527,EQ00002488,L6,Defensive Driving,True,True,True,Inspector
EMP040064,EQ00002057,L4,Electrical Safety,False,False,False,Operator
EMP013813,EQ00002057,L3,Electrical Safety,True,False,False,Inspector
EMP029030,EQ00002057,L3,Electrical Safety,False,False,False,Maintenance
EMP036975,EQ00000677,L6,Pressure Testing,False,True,False,Supervisor
EMP035029,EQ00000677,L6,Pressure Testing,True,True,True,Maintenance
EMP027789,EQ00000677,L4,Pressure Testing,True,True,True,Inspector
EMP029700,EQ00001671,L4,Crane Operation,True,False,False,Inspector
EMP015661,EQ00001671,L3,Crane Operation,False,False,False,Maintenance
EMP033878,EQ00001671,L2,Crane Operation,False,False,False,Inspector
EMP026284,EQ00001671,L3,Crane Operation,False,False,False,Inspector
EMP016647,EQ00001671,L6,Crane Operation,True,True,True,Inspector
EMP035858,EQ00000684,L3,Electrical Isolation/LOTO,False,True,False,Maintenance
EMP029086,EQ00000684,L3,Electrical Isolation/LOTO,False,True,False,Maintenance
EMP036847,EQ00000684,L3,Electrical Isolation/LOTO,True,False,False,Supervisor
EMP035100,EQ00000684,L2,Electrical Isolation/LOTO,False,False,False,Inspector
EMP017024,EQ00000684,L2,Electrical Isolation/LOTO,False,False,False,Supervisor
EMP007688,EQ00000684,L3,Electrical Isolation/LOTO,False,True,False,Supervisor
EMP010442,EQ00000684,L4,Electrical Isolation/LOTO,False,False,False,Operator
EMP045739,EQ00000447,L3,Lifting Operations,False,False,False,Supervisor
EMP021805,EQ00000447,L2,Lifting Operations,False,False,False,Maintenance
EMP045656,EQ00000447,L4,Lifting Operations,False,False,False,Operator
EMP030417,EQ00000447,L4,Lifting Operations,False,False,False,Inspector
EMP022712,EQ00000447,L4,Lifting Operations,True,False,False,Inspector
EMP032166,EQ00000447,L3,Lifting Operations,True,False,False,Inspector
EMP002330,EQ00000447,L2,Lifting Operations,False,False,False,Operator
EMP025278,EQ00000447,L4,Lifting Operations,True,False,False,Inspector
EMP007858,EQ00002712,L3,Workshop Safety,True,False,False,Maintenance
EMP029604,EQ00002712,L2,Workshop Safety,False,False,False,Maintenance
EMP039878,EQ00002712,L4,Workshop Safety,False,False,False,Operator
EMP006668,EQ00002712,L4,Workshop Safety,False,False,False,Supervisor
EMP031065,EQ00002712,L6,Workshop Safety,True,True,True,Maintenance
EMP031164,EQ00002712,L3,Workshop Safety,False,False,False,Supervisor
EMP035882,EQ00002524,L3,Arc Flash Awareness,False,False,False,Inspector
EMP040868,EQ00002524,L5,Arc Flash Awareness,True,True,True,Inspector
EMP019716,EQ00002524,L2,Arc Flash Awareness,False,False,False,Supervisor
EMP013451,EQ00002524,L4,Arc Flash Awareness,True,False,False,Supervisor
EMP023490,EQ00002524,L4,Arc Flash Awareness,False,False,False,Operator
EMP040746,EQ00002290,L6,Permit to Work,True,True,True,Operator
EMP021232,EQ00002290,L2,Permit to Work,True,False,False,Inspector
EMP017122,EQ00002725,L4,Crane Operation,False,False,False,Inspector
EMP023629,EQ00002725,L3,Crane Operation,False,False,False,Maintenance
EMP022355,EQ00002725,L4,Crane Operation,False,False,False,Inspector
EMP028855,EQ00002725,L3,Crane Operation,False,True,False,Operator
EMP040337,EQ00002725,L3,Crane Operation,True,False,False,Inspector
EMP046969,EQ00002725,L3,Crane Operation,False,False,False,Maintenance
EMP042541,EQ00002725,L3,Crane Operation,False,True,False,Inspector
EMP032635,EQ00002031,L2,Welding Safety,False,True,False,Operator
EMP009758,EQ00002031,L6,Welding Safety,True,True,True,Inspector
EMP047481,EQ00002031,L3,Welding Safety,True,False,False,Maintenance
EMP042887,EQ00002031,L4,Welding Safety,True,True,True,Inspector
EMP007291,EQ00002031,L4,Welding Safety,True,True,True,Supervisor
EMP038880,EQ00002031,L5,Welding Safety,True,True,True,Inspector
EMP020745,EQ00002031,L4,Welding Safety,True,True,True,Supervisor
EMP000541,EQ00002031,L6,Welding Safety,True,True,True,Maintenance
EMP044568,EQ00001582,L3,Pressure Vessel Safety,True,False,False,Operator
EMP002631,EQ00001582,L4,Pressure Vessel Safety,True,True,True,Maintenance
EMP022443,EQ00001582,L3,Pressure Vessel Safety,False,False,False,Maintenance
EMP036830,EQ00001582,L4,Pressure Vessel Safety,True,False,False,Maintenance
EMP036679,EQ00001582,L3,Pressure Vessel Safety,False,False,False,Operator
EMP046324,EQ00001582,L5,Pressure Vessel Safety,False,True,False,Operator
EMP049189,EQ00001582,L3,Pressure Vessel Safety,True,False,False,Supervisor
EMP008789,EQ00001582,L2,Pressure Vessel Safety,True,True,False,Maintenance
EMP020398,EQ00001688,L3,Pressure Testing,True,False,False,Inspector
EMP046059,EQ00001688,L4,Pressure Testing,True,True,True,Inspector
EMP037414,EQ00001688,L6,Pressure Testing,True,True,True,Inspector
EMP000118,EQ00001688,L3,Pressure Testing,False,False,False,Inspector
EMP049383,EQ00001688,L3,Pressure Testing,False,False,False,Maintenance
EMP016613,EQ00000128,L3,Drilling Operations,False,False,False,Operator
EMP040529,EQ00000128,L3,Drilling Operations,True,False,False,Inspector
EMP033941,EQ00000128,L3,Drilling Operations,True,False,False,Inspector
EMP004751,EQ00000128,L3,Drilling Operations,False,True,False,Inspector
EMP029820,EQ00000128,L3,Drilling Operations,False,False,False,Maintenance
EMP004846,EQ00000128,L3,Drilling Operations,False,False,False,Operator
EMP044736,EQ00002497,L4,Mechanical Inspection,False,False,False,Operator
EMP028366,EQ00002497,L4,Mechanical Inspection,False,False,False,Operator
EMP007167,EQ00002497,L5,Mechanical Inspection,True,True,True,Maintenance
EMP040395,EQ00002497,L5,Mechanical Inspection,False,True,False,Operator
EMP008079,EQ00002497,L3,Mechanical Inspection,False,False,False,Maintenance
EMP009801,EQ00002497,L4,Mechanical Inspection,False,True,False,Inspector
EMP027156,EQ00002497,L4,Mechanical Inspection,True,False,False,Operator
EMP023388,EQ00001289,L6,Pressure Systems Safety,True,True,True,Maintenance
EMP045304,EQ00001289,L3,Pressure Systems Safety,False,True,False,Maintenance
EMP036904,EQ00001289,L5,Pressure Systems Safety,True,True,True,Inspector
EMP037560,EQ00001289,L4,Pressure Systems Safety,True,True,False,Inspector
EMP048021,EQ00001289,L4,Pressure Systems Safety,False,False,False,Maintenance
EMP032267,EQ00001289,L5,Pressure Systems Safety,True,True,True,Operator
EMP032031,EQ00001309,L3,Gas Detection,True,False,False,Inspector
EMP037961,EQ00001309,L4,Gas Detection,True,False,False,Inspector
EMP018498,EQ00001309,L2,Gas Detection,False,False,False,Operator
EMP032257,EQ00000326,L4,Electrical Isolation/LOTO,False,False,False,Supervisor
EMP023411,EQ00000326,L2,Electrical Isolation/LOTO,False,False,False,Maintenance
EMP043040,EQ00000326,L4,Electrical Isolation/LOTO,False,True,False,Maintenance
EMP016992,EQ00000326,L3,Electrical Isolation/LOTO,False,True,False,Inspector
EMP048901,EQ00000326,L2,Electrical Isolation/LOTO,True,False,False,Operator
EMP013696,EQ00000326,L2,Electrical Isolation/LOTO,False,False,False,Maintenance
EMP034247,EQ00001019,L4,Permit to Work,True,False,False,Operator
EMP016640,EQ00001019,L5,Permit to Work,True,True,True,Operator
EMP045098,EQ00001019,L4,Permit to Work,False,False,False,Supervisor
EMP033620,EQ00001019,L3,Permit to Work,False,False,False,Supervisor
EMP001973,EQ00001019,L3,Permit to Work,True,False,False,Inspector
EMP031953,EQ00001019,L3,Permit to Work,False,False,False,Supervisor
EMP020142,EQ00001019,L2,Permit to Work,False,False,False,Maintenance
EMP003201,EQ00001019,L4,Permit to Work,True,False,False,Maintenance
EMP014643,EQ00002282,L4,Electrical Safety,False,True,False,Operator
EMP041584,EQ00002282,L4,Electrical Safety,False,True,False,Inspector
EMP016842,EQ00002282,L5,Electrical Safety,True,False,False,Inspector
EMP041892,EQ00002282,L4,Electrical Safety,True,True,False,Inspector
EMP013277,EQ00002282,L4,Electrical Safety,False,False,False,Inspector
EMP023564,EQ00002282,L5,Electrical Safety,True,False,False,Maintenance
EMP006931,EQ00002282,L3,Electrical Safety,True,False,False,Maintenance
EMP029778,EQ00002675,L4,Motor Maintenance,True,True,True,Inspector
EMP013453,EQ00002675,L5,Motor Maintenance,True,True,True,Maintenance
EMP019409,EQ00002675,L3,Motor Maintenance,False,True,False,Inspector
EMP043100,EQ00002631,L5,Fire Water Systems,True,True,True,Supervisor
EMP037347,EQ00002631,L4,Fire Water Systems,False,False,False,Operator
EMP001609,EQ00002631,L3,Fire Water Systems,False,False,False,Maintenance
EMP049186,EQ00002631,L3,Fire Water Systems,False,False,False,Maintenance
EMP012128,EQ00002631,L6,Fire Water Systems,False,True,False,Inspector
EMP011750,EQ00002631,L2,Fire Water Systems,False,False,False,Maintenance
EMP010957,EQ00002631,L3,Fire Water Systems,False,False,False,Maintenance
EMP000049,EQ00002631,L4,Fire Water Systems,False,False,False,Inspector
EMP041270,EQ00001925,L2,Process Operations,False,False,False,Inspector
EMP007661,EQ00001925,L2,Process Operations,False,False,False,Supervisor
EMP026594,EQ00001925,L4,Process Operations,True,False,False,Inspector
EMP020392,EQ00001925,L2,Process Operations,True,False,False,Supervisor
EMP043714,EQ00001882,L4,LOTO,True,False,False,Maintenance
EMP045423,EQ00001882,L2,LOTO,True,False,False,Operator
EMP022436,EQ00001882,L5,LOTO,True,True,True,Supervisor
EMP012686,EQ00001004,L5,Electrical Isolation/LOTO,True,False,False,Supervisor
EMP006173,EQ00001004,L2,Electrical Isolation/LOTO,False,True,False,Operator
EMP003182,EQ00000695,L3,Crane Operation,False,False,False,Operator
EMP019680,EQ00000695,L6,Crane Operation,True,True,True,Inspector
EMP041211,EQ00000695,L6,Crane Operation,True,True,True,Supervisor
EMP001642,EQ00000695,L5,Crane Operation,True,True,True,Supervisor
EMP039738,EQ00000695,L4,Crane Operation,False,False,False,Maintenance
EMP031679,EQ00000695,L2,Crane Operation,False,False,False,Inspector
EMP020661,EQ00000695,L4,Crane Operation,False,False,False,Inspector
EMP032514,EQ00000354,L3,Pressure Systems Safety,False,True,False,Maintenance
EMP046689,EQ00000354,L3,Pressure Systems Safety,False,False,False,Inspector
EMP019085,EQ00000354,L5,Pressure Systems Safety,True,True,True,Supervisor
EMP043644,EQ00000354,L3,Pressure Systems Safety,True,False,False,Inspector
EMP010571,EQ00000354,L4,Pressure Systems Safety,True,False,False,Inspector
EMP026677,EQ00000354,L4,Pressure Systems Safety,False,False,False,Operator
EMP009577,EQ00000354,L4,Pressure Systems Safety,False,False,False,Supervisor
EMP039826,EQ00000354,L5,Pressure Systems Safety,True,True,True,Inspector
EMP029540,EQ00000232,L3,Drilling Operations,True,False,False,Supervisor
EMP004600,EQ00000232,L3,Drilling Operations,False,False,False,Operator
EMP023822,EQ00000232,L4,Drilling Operations,False,False,False,Operator
EMP026593,EQ00000232,L4,Drilling Operations,False,True,False,Maintenance
EMP042272,EQ00000232,L4,Drilling Operations,True,False,False,Operator
EMP043754,EQ00000232,L2,Drilling Operations,False,True,False,Supervisor
EMP032706,EQ00000232,L3,Drilling Operations,False,True,False,Inspector
EMP003067,EQ00002542,L2,Rig Floor Safety,False,True,False,Supervisor
EMP030438,EQ00002542,L4,Rig Floor Safety,False,False,False,Supervisor
EMP044608,EQ00002542,L4,Rig Floor Safety,False,False,False,Supervisor
EMP039043,EQ00002542,L4,Rig Floor Safety,False,False,False,Supervisor
EMP005811,EQ00002542,L2,Rig Floor Safety,False,False,False,Inspector
EMP043627,EQ00002542,L5,Rig Floor Safety,True,True,True,Supervisor
EMP025673,EQ00002542,L4,Rig Floor Safety,False,False,False,Maintenance
EMP008730,EQ00002542,L3,Rig Floor Safety,True,False,False,Supervisor
EMP007203,EQ00002377,L3,Permit to Work,True,False,False,Supervisor
EMP042926,EQ00002377,L3,Permit to Work,False,False,False,Maintenance
EMP010751,EQ00002377,L3,Permit to Work,False,False,False,Supervisor
EMP013267,EQ00002377,L2,Permit to Work,False,False,False,Inspector
EMP041886,EQ00002377,L4,Permit to Work,False,False,False,Supervisor
EMP008920,EQ00002377,L4,Permit to Work,False,True,False,Maintenance
EMP033373,EQ00002377,L4,Permit to Work,False,True,False,Operator
EMP021384,EQ00002377,L4,Permit to Work,True,False,False,Maintenance
EMP004338,EQ00000285,L5,Drilling Operations,True,True,True,Inspector
EMP027894,EQ00000285,L3,Drilling Operations,False,False,False,Supervisor
EMP042223,EQ00000285,L3,Drilling Operations,True,False,False,Maintenance
EMP007307,EQ00000285,L5,Drilling Operations,False,True,False,Operator
EMP034919,EQ00000285,L3,Drilling Operations,False,False,False,Operator
EMP023578,EQ00000285,L3,Drilling Operations,False,False,False,Operator
EMP042648,EQ00000285,L5,Drilling Operations,True,True,True,Maintenance
EMP037288,EQ00001275,L4,Switchgear Operation,False,False,False,Maintenance
EMP036277,EQ00001275,L3,Switchgear Operation,True,False,False,Supervisor
EMP049976,EQ00001275,L4,Switchgear Operation,True,False,False,Operator
EMP019570,EQ00001275,L4,Switchgear Operation,False,True,False,Supervisor
EMP008816,EQ00001275,L4,Switchgear Operation,False,False,False,Maintenance
EMP012909,EQ00001893,L4,Machine Tool Operation,False,False,False,Supervisor
EMP009465,EQ00001893,L5,Machine Tool Operation,True,True,True,Operator
EMP007232,EQ00001893,L3,Machine Tool Operation,False,True,False,Inspector
EMP040200,EQ00001893,L2,Machine Tool Operation,False,False,False,Maintenance
EMP000854,EQ00001893,L5,Machine Tool Operation,True,True,True,Inspector
EMP046638,EQ00001893,L3,Machine Tool Operation,False,False,False,Supervisor
EMP023675,EQ00001893,L3,Machine Tool Operation,False,False,False,Supervisor
EMP046295,EQ00001893,L4,Machine Tool Operation,False,True,False,Inspector
EMP006869,EQ00000811,L4,Electrical Isolation/LOTO,False,False,False,Supervisor
EMP048738,EQ00000811,L3,Electrical Isolation/LOTO,True,False,False,Supervisor
EMP001128,EQ00001843,L3,Arc Flash Awareness,True,False,False,Maintenance
EMP038067,EQ00001843,L2,Arc Flash Awareness,False,False,False,Supervisor
EMP022915,EQ00001843,L4,Arc Flash Awareness,True,True,False,Inspector
EMP003686,EQ00002733,L4,Hazardous Material Transport,False,False,False,Inspector
EMP000152,EQ00002733,L3,Hazardous Material Transport,False,False,False,Inspector
EMP027106,EQ00001897,L4,Rig Floor Safety,False,False,False,Inspector
EMP041269,EQ00001897,L2,Rig Floor Safety,False,False,False,Maintenance
EMP001585,EQ00001897,L6,Rig Floor Safety,True,True,True,Operator
EMP024637,EQ00001897,L3,Rig Floor Safety,False,False,False,Maintenance
EMP047537,EQ00001326,L4,Instrumentation,False,False,False,Supervisor
EMP049277,EQ00001326,L3,Instrumentation,False,True,False,Inspector
EMP024960,EQ00001326,L4,Instrumentation,False,False,False,Operator
EMP047249,EQ00001326,L3,Instrumentation,False,True,False,Supervisor
EMP013690,EQ00001556,L4,Pressure Vessel Safety,True,True,True,Maintenance
EMP002996,EQ00001556,L5,Pressure Vessel Safety,True,True,True,Supervisor
EMP002012,EQ00001556,L2,Pressure Vessel Safety,False,False,False,Inspector
EMP038273,EQ00001556,L2,Pressure Vessel Safety,True,False,False,Operator
EMP025729,EQ00001556,L2,Pressure Vessel Safety,True,False,False,Inspector
EMP002156,EQ00001556,L3,Pressure Vessel Safety,False,False,False,Maintenance
EMP045899,EQ00001556,L5,Pressure Vessel Safety,True,True,True,Operator
EMP018363,EQ00001556,L3,Pressure Vessel Safety,True,False,False,Inspector
EMP042092,EQ00002202,L6,Rig Floor Safety,True,True,True,Maintenance
EMP041811,EQ00002202,L4,Rig Floor Safety,True,True,True,Inspector
EMP025390,EQ00002202,L5,Rig Floor Safety,True,True,True,Operator
EMP002054,EQ00002202,L6,Rig Floor Safety,True,False,False,Maintenance
EMP008856,EQ00002202,L2,Rig Floor Safety,False,False,False,Inspector
EMP020172,EQ00001182,L2,Process Safety,True,False,False,Supervisor
EMP007168,EQ00001182,L3,Process Safety,True,False,False,Maintenance
EMP016236,EQ00001182,L4,Process Safety,True,True,True,Inspector
EMP038107,EQ00001182,L5,Process Safety,True,True,True,Operator
EMP011326,EQ00001182,L3,Process Safety,True,True,False,Maintenance
EMP020898,EQ00001182,L2,Process Safety,False,False,False,Operator
EMP034164,EQ00000422,L4,Lifting Operations,False,True,False,Supervisor
EMP012564,EQ00000422,L5,Lifting Operations,True,True,True,Maintenance
EMP030336,EQ00000422,L3,Lifting Operations,True,False,False,Inspector
EMP018717,EQ00000422,L4,Lifting Operations,False,False,False,Inspector
EMP037713,EQ00000422,L4,Lifting Operations,False,False,False,Operator
EMP015362,EQ00000422,L2,Lifting Operations,True,False,False,Supervisor
EMP013898,EQ00001085,L2,SIS/ESD,False,False,False,Supervisor
EMP008714,EQ00001085,L3,SIS/ESD,True,False,False,Supervisor
EMP016510,EQ00001085,L2,SIS/ESD,False,False,False,Operator
EMP008295,EQ00001085,L4,SIS/ESD,False,False,False,Operator
EMP043138,EQ00001085,L3,SIS/ESD,False,False,False,Supervisor
EMP048610,EQ00000315,L5,Rotating Equipment,True,True,True,Operator
EMP036536,EQ00000315,L4,Rotating Equipment,False,False,False,Operator
EMP038041,EQ00000315,L5,Rotating Equipment,True,True,True,Supervisor
EMP036950,EQ00000315,L4,Rotating Equipment,False,False,False,Supervisor
EMP005215,EQ00000315,L3,Rotating Equipment,False,False,False,Maintenance
EMP015544,EQ00000315,L4,Rotating Equipment,True,False,False,Supervisor
EMP010778,EQ00001512,L4,Vehicle Inspection,False,False,False,Maintenance
EMP005190,EQ00001512,L3,Vehicle Inspection,True,False,False,Maintenance
EMP009884,EQ00001512,L5,Vehicle Inspection,True,True,True,Supervisor
EMP038317,EQ00002738,L3,Workshop Safety,False,True,False,Supervisor
EMP012605,EQ00002738,L5,Workshop Safety,False,True,False,Operator
EMP018747,EQ00002738,L2,Workshop Safety,False,True,False,Operator
EMP011804,EQ00001205,L6,Process Isolation,True,True,True,Maintenance
EMP024701,EQ00001205,L4,Process Isolation,True,True,True,Supervisor
EMP022785,EQ00001205,L3,Process Isolation,False,False,False,Operator
EMP040773,EQ00000437,L5,Process Operations,True,True,True,Supervisor
EMP005023,EQ00000437,L6,Process Operations,True,True,True,Inspector
EMP012658,EQ00000437,L2,Process Operations,False,True,False,Operator
EMP024658,EQ00000437,L3,Process Operations,False,False,False,Supervisor
EMP043891,EQ00000437,L4,Process Operations,True,True,True,Operator
EMP016897,EQ00000437,L2,Process Operations,False,False,False,Maintenance
EMP040691,EQ00001562,L2,Journey Management,True,False,False,Maintenance
EMP036546,EQ00001562,L4,Journey Management,True,False,False,Supervisor
EMP026670,EQ00001562,L2,Journey Management,False,False,False,Inspector
EMP038367,EQ00001562,L5,Journey Management,True,True,True,Operator
EMP002167,EQ00001562,L4,Journey Management,False,True,False,Inspector
EMP043651,EQ00001562,L3,Journey Management,True,False,False,Maintenance
EMP002463,EQ00001250,L4,Rig Floor Safety,True,True,True,Maintenance
EMP024831,EQ00001250,L2,Rig Floor Safety,False,False,False,Operator
EMP004890,EQ00001250,L4,Rig Floor Safety,True,True,True,Supervisor
EMP043852,EQ00001250,L2,Rig Floor Safety,False,False,False,Supervisor
EMP004407,EQ00001250,L6,Rig Floor Safety,True,True,True,Maintenance
EMP041088,EQ00002704,L2,Permit to Work,True,True,False,Operator
EMP049472,EQ00002704,L4,Permit to Work,False,False,False,Inspector
EMP026049,EQ00002704,L3,Permit to Work,False,False,False,Inspector
EMP046062,EQ00002704,L4,Permit to Work,True,False,False,Maintenance
EMP046670,EQ00002704,L6,Permit to Work,True,True,True,Supervisor
EMP035834,EQ00001754,L2,Hot Work,True,False,False,Supervisor
EMP020199,EQ00001754,L4,Hot Work,False,False,False,Supervisor
EMP020433,EQ00001754,L3,Hot Work,True,False,False,Inspector
EMP037651,EQ00001754,L3,Hot Work,True,False,False,Maintenance
EMP011537,EQ00001754,L5,Hot Work,False,True,False,Maintenance
EMP034858,EQ00001754,L4,Hot Work,False,False,False,Maintenance
EMP041102,EQ00001754,L5,Hot Work,True,True,True,Supervisor
EMP003373,EQ00001117,L3,Permit to Work,False,False,False,Supervisor
EMP022364,EQ00001117,L4,Permit to Work,True,False,False,Supervisor
EMP034618,EQ00000990,L3,Hazardous Material Transport,False,False,False,Maintenance
EMP048683,EQ00000990,L4,Hazardous Material Transport,True,True,False,Operator
EMP024390,EQ00000990,L6,Hazardous Material Transport,True,True,True,Supervisor
EMP041063,EQ00000990,L6,Hazardous Material Transport,True,True,True,Operator
EMP047659,EQ00000990,L3,Hazardous Material Transport,False,True,False,Inspector
EMP047809,EQ00002747,L2,Gas Detection,True,False,False,Inspector
EMP002192,EQ00002747,L5,Gas Detection,True,True,True,Operator
EMP008114,EQ00002747,L4,Gas Detection,False,False,False,Supervisor
EMP019766,EQ00002747,L3,Gas Detection,False,False,False,Operator
EMP034920,EQ00002747,L6,Gas Detection,True,True,True,Maintenance
EMP046300,EQ00002747,L3,Gas Detection,False,False,False,Inspector
EMP022202,EQ00002747,L2,Gas Detection,True,True,False,Inspector
EMP047833,EQ00002747,L2,Gas Detection,True,False,False,Maintenance
EMP047193,EQ00000817,L4,Isolation/LOTO,False,False,False,Operator
EMP032298,EQ00000817,L3,Isolation/LOTO,False,True,False,Supervisor
EMP022965,EQ00000817,L2,Isolation/LOTO,False,False,False,Supervisor
EMP033280,EQ00002321,L3,Drilling Operations,True,False,False,Inspector
EMP028071,EQ00002321,L3,Drilling Operations,False,False,False,Operator
EMP021869,EQ00000238,L3,Emergency Response,False,False,False,Supervisor
EMP048136,EQ00000238,L2,Emergency Response,False,False,False,Maintenance
EMP016154,EQ00000238,L3,Emergency Response,False,False,False,Maintenance
EMP010652,EQ00000838,L5,Motor Maintenance,True,True,True,Inspector
EMP037057,EQ00000838,L5,Motor Maintenance,False,False,False,Supervisor
EMP030952,EQ00000838,L3,Motor Maintenance,True,True,True,Supervisor
EMP041645,EQ00002056,L4,Pressure Vessel Safety,True,True,True,Inspector
EMP000994,EQ00002056,L4,Pressure Vessel Safety,False,True,False,Supervisor
EMP029050,EQ00002056,L2,Pressure Vessel Safety,False,True,False,Maintenance
EMP045017,EQ00002056,L3,Pressure Vessel Safety,False,False,False,Supervisor
EMP000455,EQ00002056,L2,Pressure Vessel Safety,False,False,False,Operator
EMP037011,EQ00002056,L4,Pressure Vessel Safety,True,True,True,Maintenance
EMP020221,EQ00000154,L3,Rig Floor Safety,False,True,False,Operator
EMP039268,EQ00000154,L3,Rig Floor Safety,False,True,False,Inspector
EMP019849,EQ00000154,L2,Rig Floor Safety,False,False,False,Inspector
EMP041145,EQ00000154,L3,Rig Floor Safety,False,False,False,Operator
EMP042450,EQ00000154,L5,Rig Floor Safety,True,True,True,Maintenance
EMP040191,EQ00000154,L3,Rig Floor Safety,False,False,False,Operator
EMP020816,EQ00000656,L4,Crane Operation,False,False,False,Maintenance
EMP026731,EQ00000656,L4,Crane Operation,True,False,False,Operator
EMP018049,EQ00000656,L2,Crane Operation,True,False,False,Inspector
EMP010428,EQ00001096,L5,Switchgear Operation,True,True,True,Maintenance
EMP039593,EQ00001096,L3,Switchgear Operation,False,True,False,Operator
EMP033876,EQ00000021,L4,Permit to Work,False,False,False,Inspector
EMP031345,EQ00000021,L3,Permit to Work,True,False,False,Operator
EMP017157,EQ00000021,L5,Permit to Work,True,True,True,Inspector
EMP034473,EQ00000021,L3,Permit to Work,False,False,False,Supervisor
EMP028940,EQ00000021,L2,Permit to Work,False,False,False,Maintenance
EMP020572,EQ00000021,L2,Permit to Work,False,False,False,Inspector
EMP037948,EQ00000021,L5,Permit to Work,True,False,False,Maintenance
EMP016753,EQ00000021,L3,Permit to Work,True,False,False,Inspector
EMP019908,EQ00002405,L4,Environmental Monitoring,True,False,False,Maintenance
EMP023232,EQ00002405,L3,Environmental Monitoring,False,False,False,Operator
EMP035482,EQ00002405,L3,Environmental Monitoring,False,False,False,Inspector
EMP022278,EQ00002405,L6,Environmental Monitoring,True,True,True,Inspector
EMP014605,EQ00002405,L4,Environmental Monitoring,False,False,False,Supervisor
EMP030903,EQ00000474,L4,Motor Maintenance,False,False,False,Maintenance
EMP027118,EQ00000474,L5,Motor Maintenance,True,True,True,Operator
EMP041145,EQ00000474,L3,Motor Maintenance,False,False,False,Supervisor
EMP011015,EQ00000474,L5,Motor Maintenance,True,True,True,Inspector
EMP048289,EQ00000474,L3,Motor Maintenance,True,True,False,Supervisor
EMP015800,EQ00000743,L2,Well Control,True,False,False,Supervisor
EMP045942,EQ00000743,L5,Well Control,True,True,True,Inspector
EMP022149,EQ00000743,L4,Well Control,True,False,False,Maintenance
EMP043718,EQ00000743,L4,Well Control,False,False,False,Maintenance
EMP012822,EQ00000743,L4,Well Control,False,True,False,Maintenance
EMP027146,EQ00000743,L4,Well Control,False,False,False,Inspector
EMP029198,EQ00001772,L3,Rig Floor Safety,False,True,False,Inspector
EMP046981,EQ00001772,L5,Rig Floor Safety,True,True,True,Operator
EMP040931,EQ00001772,L3,Rig Floor Safety,True,False,False,Supervisor
EMP041694,EQ00002361,L5,Crane Operation,True,True,True,Maintenance
EMP038383,EQ00002361,L3,Crane Operation,False,True,False,Supervisor
EMP041691,EQ00002361,L3,Crane Operation,False,False,False,Operator
EMP019639,EQ00002361,L3,Crane Operation,False,True,False,Operator
EMP048597,EQ00001517,L2,LOTO,False,False,False,Supervisor
EMP008754,EQ00001517,L2,LOTO,False,False,False,Inspector
EMP040031,EQ00000497,L3,Pressure Vessel Safety,False,False,False,Supervisor
EMP037761,EQ00000497,L2,Pressure Vessel Safety,True,False,False,Supervisor
EMP004005,EQ00000497,L2,Pressure Vessel Safety,False,False,False,Maintenance
EMP014439,EQ00000497,L4,Pressure Vessel Safety,False,False,False,Inspector
EMP043021,EQ00001403,L2,Rig Floor Safety,False,False,False,Supervisor
EMP016307,EQ00001403,L3,Rig Floor Safety,False,False,False,Inspector
EMP039666,EQ00001403,L5,Rig Floor Safety,True,True,True,Supervisor
EMP049724,EQ00001403,L4,Rig Floor Safety,True,False,False,Inspector
EMP046568,EQ00001403,L3,Rig Floor Safety,False,False,False,Operator
EMP042045,EQ00001403,L2,Rig Floor Safety,False,False,False,Supervisor
EMP010882,EQ00001403,L2,Rig Floor Safety,False,False,False,Inspector
EMP035394,EQ00002206,L2,Vibration Monitoring,False,False,False,Operator
EMP014890,EQ00002206,L5,Vibration Monitoring,True,True,True,Operator
EMP031443,EQ00002206,L4,Vibration Monitoring,False,False,False,Operator
EMP012695,EQ00002206,L4,Vibration Monitoring,False,False,False,Inspector
EMP027386,EQ00002206,L2,Vibration Monitoring,True,False,False,Maintenance
EMP003097,EQ00001953,L6,Lifting Gear Inspection,True,True,True,Operator
EMP001319,EQ00001953,L2,Lifting Gear Inspection,True,False,False,Inspector
EMP031997,EQ00001953,L5,Lifting Gear Inspection,True,True,True,Inspector
EMP036773,EQ00001953,L3,Lifting Gear Inspection,True,False,False,Inspector
EMP016689,EQ00001953,L4,Lifting Gear Inspection,False,False,False,Inspector
EMP048954,EQ00001953,L3,Lifting Gear Inspection,False,False,False,Inspector
EMP033709,EQ00002498,L5,Line of Fire Awareness,True,False,False,Inspector
EMP018109,EQ00002498,L3,Line of Fire Awareness,False,False,False,Maintenance
EMP022891,EQ00002498,L4,Line of Fire Awareness,False,False,False,Operator
EMP036585,EQ00002498,L5,Line of Fire Awareness,True,True,True,Maintenance
EMP021947,EQ00002498,L5,Line of Fire Awareness,True,False,False,Supervisor
EMP021677,EQ00002498,L2,Line of Fire Awareness,False,False,False,Operator
EMP049894,EQ00002498,L5,Line of Fire Awareness,True,True,True,Inspector
EMP033426,EQ00002498,L5,Line of Fire Awareness,True,True,True,Operator
EMP013919,EQ00002253,L5,Welding Safety,True,False,False,Operator
EMP003962,EQ00002253,L3,Welding Safety,True,False,False,Inspector
EMP030725,EQ00002253,L5,Welding Safety,True,True,True,Inspector
EMP034153,EQ00002253,L5,Welding Safety,True,False,False,Supervisor
EMP005230,EQ00002253,L4,Welding Safety,True,True,True,Supervisor
EMP000036,EQ00002253,L5,Welding Safety,True,True,True,Maintenance
EMP045742,EQ00002253,L3,Welding Safety,False,True,False,Inspector
EMP038392,EQ00002253,L3,Welding Safety,True,False,False,Inspector
EMP012079,EQ00000897,L2,Rig Floor Safety,False,False,False,Supervisor
EMP040628,EQ00000897,L6,Rig Floor Safety,True,True,True,Operator
EMP005745,EQ00000897,L2,Rig Floor Safety,False,False,False,Supervisor
EMP049731,EQ00002283,L2,Rotating Equipment,False,False,False,Maintenance
EMP026838,EQ00002283,L3,Rotating Equipment,True,False,False,Operator
EMP007120,EQ00002283,L4,Rotating Equipment,False,False,False,Supervisor
EMP009087,EQ00002283,L3,Rotating Equipment,False,False,False,Supervisor
EMP040262,EQ00002283,L4,Rotating Equipment,False,False,False,Supervisor
EMP034067,EQ00002283,L3,Rotating Equipment,True,False,False,Supervisor
EMP037114,EQ00002283,L6,Rotating Equipment,True,True,True,Maintenance
EMP016334,EQ00002002,L5,Permit to Work,True,True,True,Inspector
EMP025602,EQ00002002,L4,Permit to Work,False,False,False,Supervisor
EMP038881,EQ00002002,L2,Permit to Work,False,False,False,Inspector
EMP003483,EQ00002002,L3,Permit to Work,False,False,False,Maintenance
EMP019703,EQ00002002,L3,Permit to Work,False,True,False,Operator
EMP018648,EQ00001156,L3,Gas Detection,False,False,False,Operator
EMP036384,EQ00001156,L2,Gas Detection,False,False,False,Operator
EMP047686,EQ00001167,L4,Emergency Response,False,False,False,Inspector
EMP030828,EQ00001167,L6,Emergency Response,True,True,True,Inspector
EMP029858,EQ00001167,L2,Emergency Response,True,False,False,Inspector
EMP013337,EQ00001167,L5,Emergency Response,False,True,False,Maintenance
EMP014755,EQ00001877,L3,Permit to Work,False,False,False,Operator
EMP000305,EQ00001877,L4,Permit to Work,True,True,True,Operator
EMP039261,EQ00001877,L6,Permit to Work,True,False,False,Inspector
EMP030508,EQ00001877,L3,Permit to Work,False,False,False,Operator
EMP048539,EQ00001877,L2,Permit to Work,False,False,False,Operator
EMP030372,EQ00000518,L3,Mechanical Inspection,True,False,False,Operator
EMP012462,EQ00000518,L4,Mechanical Inspection,False,False,False,Inspector
EMP039063,EQ00000403,L2,LOTO,True,True,False,Inspector
EMP009173,EQ00000403,L2,LOTO,True,False,False,Supervisor
EMP040029,EQ00000403,L5,LOTO,True,True,True,Operator
EMP018230,EQ00000403,L3,LOTO,False,False,False,Supervisor
EMP044600,EQ00000172,L4,Electrical Safety,True,False,False,Operator
EMP021406,EQ00000172,L6,Electrical Safety,True,True,True,Inspector
EMP017201,EQ00000172,L4,Electrical Safety,True,True,False,Maintenance
EMP008963,EQ00000172,L3,Electrical Safety,False,False,False,Operator
EMP022234,EQ00000172,L5,Electrical Safety,True,True,True,Maintenance
EMP037094,EQ00001467,L3,Lifting Operations,True,True,False,Operator
EMP019287,EQ00001467,L4,Lifting Operations,False,False,False,Maintenance
EMP030870,EQ00001467,L2,Lifting Operations,True,False,False,Operator
EMP043144,EQ00001467,L2,Lifting Operations,True,False,False,Inspector
EMP005394,EQ00001467,L4,Lifting Operations,False,True,False,Maintenance
EMP018880,EQ00001467,L2,Lifting Operations,True,False,False,Operator
EMP017837,EQ00001467,L2,Lifting Operations,False,False,False,Maintenance
EMP048681,EQ00001310,L3,Lifting Operations,False,False,False,Supervisor
EMP011507,EQ00001310,L5,Lifting Operations,True,True,True,Supervisor
EMP003663,EQ00001310,L2,Lifting Operations,True,False,False,Maintenance
EMP011208,EQ00001310,L3,Lifting Operations,False,False,False,Maintenance
EMP028547,EQ00001310,L5,Lifting Operations,True,False,False,Maintenance
EMP037048,EQ00002716,L2,Line of Fire Awareness,False,True,False,Operator
EMP029968,EQ00002716,L5,Line of Fire Awareness,True,True,True,Operator
EMP036023,EQ00002134,L3,Lubrication,True,True,True,Supervisor
EMP034357,EQ00002134,L4,Lubrication,True,True,True,Operator
EMP023823,EQ00002134,L5,Lubrication,True,True,True,Operator
EMP013929,EQ00001637,L5,Valve Maintenance,True,False,False,Maintenance
EMP002906,EQ00001637,L2,Valve Maintenance,False,False,False,Operator
EMP046114,EQ00001637,L5,Valve Maintenance,True,True,True,Inspector
EMP016380,EQ00001637,L6,Valve Maintenance,True,True,True,Supervisor
EMP013240,EQ00001637,L6,Valve Maintenance,True,False,False,Maintenance
EMP006568,EQ00001637,L4,Valve Maintenance,False,True,False,Maintenance
EMP042173,EQ00001637,L3,Valve Maintenance,True,False,False,Operator
EMP040661,EQ00001637,L4,Valve Maintenance,False,False,False,Supervisor
EMP020478,EQ00000590,L4,Electrical Safety,False,False,False,Inspector
EMP021736,EQ00000590,L3,Electrical Safety,False,False,False,Inspector
EMP006083,EQ00000590,L3,Electrical Safety,False,False,False,Supervisor
EMP024211,EQ00000590,L4,Electrical Safety,False,True,False,Operator
EMP000563,EQ00000590,L2,Electrical Safety,False,False,False,Supervisor
EMP046923,EQ00000590,L3,Electrical Safety,False,False,False,Operator
EMP039257,EQ00002128,L3,Electrical Safety,False,False,False,Supervisor
EMP022704,EQ00002128,L6,Electrical Safety,True,True,True,Maintenance
EMP047084,EQ00002128,L6,Electrical Safety,True,True,True,Operator
EMP043633,EQ00001521,L2,Environmental Monitoring,False,False,False,Operator
EMP028692,EQ00001521,L3,Environmental Monitoring,False,True,False,Supervisor
EMP014870,EQ00001521,L3,Environmental Monitoring,False,False,False,Inspector
EMP013460,EQ00001521,L3,Environmental Monitoring,False,False,False,Inspector
EMP029678,EQ00002709,L3,Pipeline Operations,False,False,False,Inspector
EMP048357,EQ00002709,L3,Pipeline Operations,True,False,False,Inspector
EMP009870,EQ00002612,L2,LOTO,False,True,False,Operator
EMP021118,EQ00002612,L5,LOTO,True,False,False,Maintenance
EMP025493,EQ00002612,L5,LOTO,True,True,True,Maintenance
EMP033372,EQ00002612,L5,LOTO,True,True,True,Inspector
EMP042974,EQ00002612,L4,LOTO,False,False,False,Maintenance
EMP006121,EQ00002612,L2,LOTO,False,False,False,Operator
EMP033659,EQ00002612,L3,LOTO,True,False,False,Supervisor
EMP035730,EQ00002612,L5,LOTO,True,True,True,Inspector
EMP029318,EQ00001422,L4,Workshop Safety,False,False,False,Supervisor
EMP006791,EQ00001422,L5,Workshop Safety,True,True,True,Maintenance
EMP033426,EQ00001422,L5,Workshop Safety,True,False,False,Inspector
EMP025963,EQ00001422,L3,Workshop Safety,False,True,False,Inspector
EMP032759,EQ00001239,L5,Workshop Safety,True,True,True,Operator
EMP033638,EQ00001239,L5,Workshop Safety,True,False,False,Inspector
EMP007997,EQ00001239,L3,Workshop Safety,False,False,False,Maintenance
EMP021339,EQ00001239,L2,Workshop Safety,False,False,False,Supervisor
EMP033897,EQ00001239,L5,Workshop Safety,True,True,True,Operator
EMP045437,EQ00001239,L2,Workshop Safety,True,False,False,Supervisor
EMP017996,EQ00001239,L4,Workshop Safety,True,False,False,Operator
EMP036520,EQ00001436,L2,Process Operations,False,False,False,Supervisor
EMP041877,EQ00001436,L3,Process Operations,False,False,False,Maintenance
EMP015269,EQ00001436,L3,Process Operations,False,False,False,Inspector
EMP000211,EQ00001436,L4,Process Operations,True,False,False,Inspector
EMP039412,EQ00001436,L5,Process Operations,True,False,False,Maintenance
EMP038276,EQ00001436,L3,Process Operations,True,False,False,Operator
EMP018622,EQ00000730,L4,Well Control,False,True,False,Maintenance
EMP007212,EQ00000730,L2,Well Control,True,False,False,Maintenance
EMP018254,EQ00000730,L3,Well Control,False,False,False,Inspector
EMP011191,EQ00000730,L4,Well Control,True,False,False,Inspector
EMP048091,EQ00000730,L4,Well Control,False,False,False,Inspector
EMP001494,EQ00002412,L2,LOTO,False,False,False,Inspector
EMP010718,EQ00002412,L3,LOTO,False,False,False,Maintenance
EMP015165,EQ00000024,L3,Pump Maintenance,False,False,False,Operator
EMP000550,EQ00000024,L4,Pump Maintenance,False,False,False,Supervisor
EMP035585,EQ00000024,L5,Pump Maintenance,True,True,True,Operator
EMP034978,EQ00000024,L3,Pump Maintenance,False,False,False,Supervisor
EMP018560,EQ00000921,L5,Gas Detection,True,True,True,Maintenance
EMP031894,EQ00000921,L6,Gas Detection,True,True,True,Supervisor
EMP046322,EQ00000921,L4,Gas Detection,True,False,False,Maintenance
EMP042835,EQ00000921,L4,Gas Detection,False,True,False,Operator
EMP039908,EQ00000921,L3,Gas Detection,True,False,False,Supervisor
EMP035667,EQ00000921,L3,Gas Detection,False,False,False,Inspector
EMP005537,EQ00001177,L2,Alignment,False,False,False,Supervisor
EMP013224,EQ00001177,L5,Alignment,False,False,False,Inspector
EMP033097,EQ00001177,L3,Alignment,False,False,False,Operator
EMP018631,EQ00001177,L5,Alignment,True,True,True,Operator
EMP020503,EQ00001177,L2,Alignment,True,True,False,Operator
EMP017350,EQ00001177,L2,Alignment,False,True,False,Operator
EMP036669,EQ00001177,L5,Alignment,True,False,False,Maintenance
EMP008842,EQ00001177,L5,Alignment,True,True,True,Supervisor
EMP004387,EQ00000909,L6,Machine Tool Operation,True,True,True,Operator
EMP025154,EQ00000909,L6,Machine Tool Operation,True,True,True,Operator
EMP024355,EQ00000909,L3,Machine Tool Operation,True,False,False,Inspector
EMP020390,EQ00001321,L2,LOTO,False,False,False,Operator
EMP026344,EQ00001321,L3,LOTO,False,False,False,Operator
EMP036637,EQ00001321,L5,LOTO,True,True,True,Maintenance
EMP006238,EQ00001321,L4,LOTO,False,True,False,Operator
EMP010914,EQ00001321,L5,LOTO,True,True,True,Inspector
EMP042938,EQ00001321,L3,LOTO,True,False,False,Supervisor
EMP042986,EQ00001321,L2,LOTO,True,False,False,Supervisor
EMP044679,EQ00001978,L4,Electrical Safety,False,False,False,Maintenance
EMP004239,EQ00001978,L4,Electrical Safety,False,False,False,Supervisor
EMP013648,EQ00000391,L4,LOTO,False,False,False,Supervisor
EMP040798,EQ00000391,L4,LOTO,True,True,False,Operator
EMP026968,EQ00000391,L5,LOTO,True,True,True,Maintenance
EMP015618,EQ00000391,L4,LOTO,False,False,False,Supervisor
EMP032689,EQ00000391,L3,LOTO,False,False,False,Operator
EMP028714,EQ00002509,L3,Emergency Response,False,True,False,Operator
EMP047505,EQ00002509,L4,Emergency Response,True,False,False,Supervisor
EMP039913,EQ00002367,L4,Defensive Driving,False,False,False,Supervisor
EMP047854,EQ00002367,L3,Defensive Driving,False,False,False,Inspector
EMP020850,EQ00002367,L3,Defensive Driving,False,False,False,Operator
EMP032957,EQ00002367,L4,Defensive Driving,False,False,False,Maintenance
EMP030594,EQ00002367,L5,Defensive Driving,True,True,True,Supervisor
EMP005691,EQ00002367,L3,Defensive Driving,False,False,False,Supervisor
EMP023841,EQ00002367,L5,Defensive Driving,True,True,True,Maintenance
EMP016457,EQ00002367,L4,Defensive Driving,False,False,False,Maintenance
EMP046637,EQ00001513,L3,Pressure Vessel Safety,True,False,False,Inspector
EMP013423,EQ00001513,L5,Pressure Vessel Safety,True,True,True,Inspector
EMP043906,EQ00001513,L4,Pressure Vessel Safety,False,False,False,Maintenance
EMP031526,EQ00001513,L5,Pressure Vessel Safety,True,True,True,Supervisor
EMP012822,EQ00001513,L4,Pressure Vessel Safety,False,False,False,Inspector
EMP042261,EQ00002186,L2,Pressure Vessel Safety,False,False,False,Inspector
EMP004307,EQ00002186,L3,Pressure Vessel Safety,False,False,False,Supervisor
EMP030848,EQ00002186,L2,Pressure Vessel Safety,False,False,False,Inspector
EMP007739,EQ00002660,L4,Lifting Operations,False,False,False,Maintenance
EMP032692,EQ00002660,L5,Lifting Operations,True,True,True,Supervisor
EMP032709,EQ00002660,L3,Lifting Operations,False,False,False,Inspector
EMP025000,EQ00002660,L6,Lifting Operations,False,True,False,Supervisor
EMP028537,EQ00002660,L4,Lifting Operations,False,True,False,Supervisor
EMP002775,EQ00002660,L4,Lifting Operations,False,False,False,Inspector
EMP024043,EQ00002600,L6,Workshop Safety,True,True,True,Inspector
EMP015472,EQ00002600,L4,Workshop Safety,True,False,False,Inspector
EMP025000,EQ00002600,L6,Workshop Safety,False,True,False,Operator
EMP006765,EQ00002600,L4,Workshop Safety,False,False,False,Supervisor
EMP022143,EQ00002161,L2,Electrical Safety,False,False,False,Supervisor
EMP018154,EQ00002161,L2,Electrical Safety,False,False,False,Inspector
EMP034859,EQ00002161,L4,Electrical Safety,False,False,False,Inspector
EMP022892,EQ00002161,L2,Electrical Safety,False,False,False,Maintenance
EMP014227,EQ00002161,L3,Electrical Safety,False,False,False,Operator
EMP033332,EQ00001825,L4,Permit to Work,True,False,False,Operator
EMP037994,EQ00001825,L5,Permit to Work,True,True,True,Supervisor
EMP039220,EQ00001825,L3,Permit to Work,False,False,False,Inspector
EMP009360,EQ00001641,L4,Defensive Driving,True,True,True,Inspector
EMP048259,EQ00001641,L4,Defensive Driving,False,True,False,Maintenance
EMP010100,EQ00001641,L2,Defensive Driving,False,False,False,Maintenance
EMP016269,EQ00001641,L4,Defensive Driving,True,True,True,Supervisor
EMP007710,EQ00002468,L5,Permit to Work,True,True,True,Maintenance
EMP030079,EQ00002468,L3,Permit to Work,False,False,False,Supervisor
EMP048806,EQ00002468,L3,Permit to Work,True,False,False,Inspector
EMP016841,EQ00002468,L5,Permit to Work,True,True,True,Supervisor
EMP021173,EQ00002468,L2,Permit to Work,True,False,False,Inspector
EMP000735,EQ00000318,L3,Rig Floor Safety,False,False,False,Supervisor
EMP041705,EQ00000318,L2,Rig Floor Safety,False,True,False,Supervisor
EMP047486,EQ00000318,L3,Rig Floor Safety,False,False,False,Maintenance
EMP038199,EQ00000318,L4,Rig Floor Safety,False,False,False,Supervisor
EMP017547,EQ00000318,L4,Rig Floor Safety,False,False,False,Operator
EMP040465,EQ00000318,L5,Rig Floor Safety,False,True,False,Maintenance
EMP011566,EQ00000318,L3,Rig Floor Safety,False,False,False,Maintenance
EMP035944,EQ00000318,L3,Rig Floor Safety,True,True,False,Maintenance
EMP024652,EQ00002022,L2,Pipeline Operations,False,True,False,Inspector
EMP004010,EQ00002022,L2,Pipeline Operations,False,False,False,Maintenance
EMP012020,EQ00002022,L2,Pipeline Operations,False,False,False,Operator
EMP010479,EQ00002022,L3,Pipeline Operations,False,False,False,Inspector
EMP018949,EQ00002022,L4,Pipeline Operations,True,False,False,Maintenance
EMP018666,EQ00000008,L4,Process Isolation,True,False,False,Inspector
EMP045584,EQ00000008,L2,Process Isolation,False,False,False,Maintenance
EMP041395,EQ00000008,L2,Process Isolation,True,False,False,Inspector
EMP000587,EQ00000008,L2,Process Isolation,False,False,False,Inspector
EMP036634,EQ00000008,L4,Process Isolation,True,False,False,Inspector
EMP028237,EQ00000008,L6,Process Isolation,True,True,True,Inspector
EMP009508,EQ00001523,L4,Pressure Testing,True,False,False,Operator
EMP015564,EQ00001523,L3,Pressure Testing,False,False,False,Inspector
EMP015462,EQ00001523,L5,Pressure Testing,True,True,True,Maintenance
EMP022046,EQ00000879,L2,Pipeline Operations,True,False,False,Maintenance
EMP034901,EQ00000879,L6,Pipeline Operations,True,True,True,Inspector
EMP002104,EQ00000879,L4,Pipeline Operations,True,True,True,Inspector
EMP035907,EQ00000663,L2,Valve Maintenance,True,False,False,Maintenance
EMP037198,EQ00000663,L4,Valve Maintenance,False,False,False,Supervisor
EMP031497,EQ00000663,L3,Valve Maintenance,False,False,False,Operator
EMP013550,EQ00000663,L2,Valve Maintenance,False,True,False,Maintenance
EMP010582,EQ00000663,L6,Valve Maintenance,True,True,True,Maintenance
EMP038893,EQ00000663,L3,Valve Maintenance,False,False,False,Operator
EMP029754,EQ00000663,L4,Valve Maintenance,False,False,False,Operator
EMP021241,EQ00001849,L5,Isolation/LOTO,True,True,True,Inspector
EMP021499,EQ00001849,L2,Isolation/LOTO,False,False,False,Supervisor
EMP003182,EQ00000784,L3,Motor Maintenance,False,False,False,Inspector
EMP010613,EQ00000784,L2,Motor Maintenance,False,False,False,Supervisor
EMP019380,EQ00000784,L4,Motor Maintenance,True,False,False,Supervisor
EMP005364,EQ00000784,L4,Motor Maintenance,False,False,False,Maintenance
EMP004944,EQ00000784,L3,Motor Maintenance,False,False,False,Operator
EMP048792,EQ00000784,L6,Motor Maintenance,True,True,True,Operator
EMP020192,EQ00000784,L4,Motor Maintenance,False,False,False,Maintenance
EMP038143,EQ00000784,L4,Motor Maintenance,False,False,False,Operator
EMP045703,EQ00001765,L4,Electrical Safety,False,False,False,Maintenance
EMP032979,EQ00001765,L4,Electrical Safety,True,False,False,Inspector
EMP008865,EQ00001765,L2,Electrical Safety,False,False,False,Maintenance
EMP036600,EQ00001765,L4,Electrical Safety,True,False,False,Supervisor
EMP021134,EQ00001765,L4,Electrical Safety,False,False,False,Maintenance
EMP034403,EQ00001765,L2,Electrical Safety,False,False,False,Maintenance
EMP036968,EQ00001765,L4,Electrical Safety,False,False,False,Maintenance
EMP020373,EQ00001901,L4,Switchgear Operation,True,False,False,Operator
EMP048795,EQ00001901,L4,Switchgear Operation,False,False,False,Maintenance
EMP048393,EQ00001901,L4,Switchgear Operation,True,False,False,Maintenance
EMP028139,EQ00001901,L2,Switchgear Operation,False,False,False,Inspector
EMP001679,EQ00001901,L2,Switchgear Operation,False,True,False,Operator
EMP008181,EQ00001901,L2,Switchgear Operation,False,False,False,Maintenance
EMP038176,EQ00000595,L4,Drilling Operations,False,False,False,Operator
EMP021769,EQ00000595,L3,Drilling Operations,False,True,False,Operator
EMP030535,EQ00000595,L6,Drilling Operations,True,True,True,Maintenance
EMP031284,EQ00000595,L4,Drilling Operations,False,True,False,Inspector
EMP036001,EQ00000595,L5,Drilling Operations,True,True,True,Supervisor
EMP029987,EQ00000595,L4,Drilling Operations,False,True,False,Operator
EMP041933,EQ00000050,L4,Process Operations,False,False,False,Supervisor
EMP007640,EQ00000050,L2,Process Operations,False,False,False,Operator
EMP003904,EQ00000050,L3,Process Operations,False,True,False,Supervisor
EMP004006,EQ00000541,L3,Well Control,True,True,True,Maintenance
EMP048524,EQ00000541,L4,Well Control,True,True,True,Supervisor
EMP031149,EQ00002209,L3,Valve Maintenance,False,False,False,Supervisor
EMP024877,EQ00002209,L6,Valve Maintenance,True,True,True,Supervisor
EMP026675,EQ00002209,L6,Valve Maintenance,True,True,True,Inspector
EMP004574,EQ00002209,L4,Valve Maintenance,False,True,False,Maintenance
EMP019340,EQ00002209,L3,Valve Maintenance,False,False,False,Supervisor
EMP021863,EQ00002209,L3,Valve Maintenance,True,False,False,Operator
EMP012844,EQ00002209,L2,Valve Maintenance,False,False,False,Inspector
EMP043915,EQ00001852,L3,Environmental Monitoring,False,False,False,Maintenance
EMP042755,EQ00001852,L3,Environmental Monitoring,False,False,False,Maintenance
EMP015205,EQ00001852,L3,Environmental Monitoring,True,False,False,Supervisor
EMP013510,EQ00001852,L4,Environmental Monitoring,False,False,False,Supervisor
EMP010001,EQ00001852,L3,Environmental Monitoring,False,False,False,Operator
EMP016167,EQ00001118,L3,Hydrotest Safety,False,False,False,Inspector
EMP007335,EQ00001118,L3,Hydrotest Safety,False,True,False,Supervisor
EMP038687,EQ00001118,L2,Hydrotest Safety,False,False,False,Supervisor
EMP041792,EQ00001118,L2,Hydrotest Safety,True,False,False,Operator
EMP000429,EQ00001118,L3,Hydrotest Safety,True,False,False,Inspector
EMP001748,EQ00001118,L3,Hydrotest Safety,False,False,False,Operator
EMP049098,EQ00001118,L4,Hydrotest Safety,False,True,False,Supervisor
EMP017831,EQ00001118,L3,Hydrotest Safety,False,False,False,Supervisor
EMP026923,EQ00002380,L3,Workshop Safety,False,False,False,Supervisor
EMP011832,EQ00002380,L5,Workshop Safety,True,True,True,Supervisor
EMP019957,EQ00002380,L4,Workshop Safety,False,True,False,Inspector
EMP038813,EQ00002380,L4,Workshop Safety,True,True,False,Maintenance
EMP032155,EQ00002380,L3,Workshop Safety,True,False,False,Maintenance
EMP047308,EQ00001519,L3,Workshop Safety,True,True,False,Maintenance
EMP047757,EQ00001519,L3,Workshop Safety,True,True,False,Inspector
EMP034555,EQ00001519,L3,Workshop Safety,False,False,False,Supervisor
EMP023212,EQ00001519,L3,Workshop Safety,False,False,False,Supervisor
EMP044603,EQ00001519,L3,Workshop Safety,False,False,False,Maintenance
EMP007431,EQ00001519,L3,Workshop Safety,False,False,False,Inspector
EMP008250,EQ00001519,L4,Workshop Safety,True,False,False,Inspector
EMP046817,EQ00001519,L4,Workshop Safety,False,False,False,Operator
EMP010116,EQ00000347,L2,Isolation/LOTO,False,False,False,Supervisor
EMP017249,EQ00000347,L5,Isolation/LOTO,True,True,True,Maintenance
EMP023804,EQ00000347,L4,Isolation/LOTO,True,False,False,Operator
EMP035083,EQ00000347,L4,Isolation/LOTO,False,True,False,Supervisor
EMP048048,EQ00000347,L4,Isolation/LOTO,False,False,False,Maintenance
EMP035037,EQ00000347,L3,Isolation/LOTO,False,True,False,Maintenance
EMP023601,EQ00000347,L4,Isolation/LOTO,False,False,False,Supervisor
EMP017338,EQ00000347,L3,Isolation/LOTO,False,False,False,Supervisor
EMP012426,EQ00002503,L5,Machine Tool Operation,True,True,True,Inspector
EMP006694,EQ00002503,L5,Machine Tool Operation,True,True,True,Inspector
EMP009395,EQ00002503,L3,Machine Tool Operation,True,True,False,Inspector
EMP013590,EQ00002503,L3,Machine Tool Operation,False,False,False,Inspector
EMP037265,EQ00002503,L3,Machine Tool Operation,False,True,False,Inspector
EMP016561,EQ00002503,L2,Machine Tool Operation,False,False,False,Supervisor
EMP021332,EQ00002503,L3,Machine Tool Operation,False,False,False,Supervisor
EMP029603,EQ00000260,L3,Pressure Vessel Safety,False,False,False,Maintenance
EMP008942,EQ00000260,L3,Pressure Vessel Safety,False,False,False,Maintenance
EMP041260,EQ00000260,L3,Pressure Vessel Safety,True,False,False,Maintenance
EMP017606,EQ00000260,L3,Pressure Vessel Safety,True,False,False,Operator
EMP025403,EQ00000903,L2,Well Control,False,False,False,Supervisor
EMP021983,EQ00000903,L4,Well Control,False,True,False,Maintenance
EMP002512,EQ00000903,L5,Well Control,True,True,True,Supervisor
EMP016939,EQ00000903,L5,Well Control,True,True,True,Operator
EMP002455,EQ00000903,L4,Well Control,False,False,False,Operator
EMP008244,EQ00000903,L3,Well Control,True,False,False,Maintenance
EMP000349,EQ00002323,L3,Environmental Monitoring,False,False,False,Maintenance
EMP028441,EQ00002323,L5,Environmental Monitoring,True,True,True,Supervisor
EMP032504,EQ00001696,L2,Lifting Operations,False,False,False,Maintenance
EMP008524,EQ00001696,L3,Lifting Operations,True,False,False,Supervisor
EMP015086,EQ00001696,L2,Lifting Operations,True,False,False,Operator
EMP015800,EQ00001696,L2,Lifting Operations,True,False,False,Supervisor
EMP045769,EQ00001696,L4,Lifting Operations,False,False,False,Operator
EMP005526,EQ00001696,L2,Lifting Operations,False,False,False,Supervisor
EMP021701,EQ00001696,L2,Lifting Operations,False,False,False,Inspector
EMP010744,EQ00001696,L4,Lifting Operations,False,False,False,Maintenance
EMP024779,EQ00000444,L4,Permit to Work,False,True,False,Supervisor
EMP037022,EQ00000444,L4,Permit to Work,True,True,False,Maintenance
EMP037512,EQ00000444,L5,Permit to Work,True,True,True,Maintenance
EMP023685,EQ00000444,L3,Permit to Work,False,True,False,Maintenance
EMP015874,EQ00000444,L4,Permit to Work,True,False,False,Operator
EMP013658,EQ00000475,L3,LOTO,False,True,False,Supervisor
EMP032751,EQ00000475,L3,LOTO,False,False,False,Maintenance
EMP021843,EQ00000475,L3,LOTO,True,False,False,Maintenance
EMP032800,EQ00000213,L2,Fire Fighting,True,False,False,Supervisor
EMP004436,EQ00000213,L3,Fire Fighting,False,False,False,Operator
EMP030845,EQ00000213,L5,Fire Fighting,True,True,True,Supervisor
EMP032890,EQ00002572,L3,Welding Safety,False,False,False,Supervisor
EMP046387,EQ00002572,L3,Welding Safety,False,False,False,Operator
EMP017320,EQ00002572,L3,Welding Safety,True,False,False,Operator
EMP003874,EQ00002572,L5,Welding Safety,True,True,True,Maintenance
EMP033603,EQ00002572,L5,Welding Safety,True,True,True,Maintenance
EMP007106,EQ00000236,L2,Electrical Safety,False,False,False,Supervisor
EMP030350,EQ00000236,L4,Electrical Safety,False,False,False,Inspector
EMP023621,EQ00000236,L5,Electrical Safety,True,False,False,Operator
EMP040841,EQ00001738,L4,LOTO,False,False,False,Inspector
EMP003052,EQ00001738,L3,LOTO,False,False,False,Operator
EMP041800,EQ00001738,L2,LOTO,True,True,False,Inspector
EMP025118,EQ00000229,L3,Wastewater Operations,True,True,True,Operator
EMP026074,EQ00000229,L3,Wastewater Operations,True,False,False,Operator
EMP046951,EQ00000229,L2,Wastewater Operations,False,False,False,Operator
EMP002964,EQ00000229,L6,Wastewater Operations,True,True,True,Maintenance
EMP037394,EQ00000229,L3,Wastewater Operations,True,True,True,Inspector
EMP011553,EQ00000229,L5,Wastewater Operations,True,True,True,Inspector
EMP044382,EQ00000229,L3,Wastewater Operations,True,False,False,Supervisor
EMP025642,EQ00000229,L3,Wastewater Operations,True,True,True,Maintenance
EMP049012,EQ00002148,L4,Well Control,False,True,False,Operator
EMP035358,EQ00002148,L6,Well Control,True,True,True,Maintenance
EMP042064,EQ00002148,L3,Well Control,True,False,False,Maintenance
EMP033773,EQ00002148,L3,Well Control,False,True,False,Inspector
EMP037613,EQ00002148,L5,Well Control,True,True,True,Maintenance
EMP047611,EQ00001532,L3,Alignment,False,False,False,Supervisor
EMP028796,EQ00001532,L3,Alignment,False,False,False,Inspector
EMP046939,EQ00001532,L3,Alignment,False,False,False,Supervisor
EMP030551,EQ00001320,L3,Permit to Work,True,False,False,Operator
EMP011892,EQ00001320,L2,Permit to Work,False,True,False,Supervisor
EMP015479,EQ00001320,L6,Permit to Work,True,True,True,Operator
EMP038440,EQ00001320,L2,Permit to Work,False,False,False,Operator
EMP028524,EQ00001320,L3,Permit to Work,False,False,False,Maintenance
EMP037177,EQ00000404,L4,Pressure Testing,False,True,False,Inspector
EMP020439,EQ00000404,L2,Pressure Testing,False,False,False,Maintenance
EMP012864,EQ00000404,L3,Pressure Testing,True,False,False,Supervisor
EMP002005,EQ00000178,L3,Arc Flash Awareness,False,False,False,Inspector
EMP037937,EQ00000178,L4,Arc Flash Awareness,False,False,False,Maintenance
EMP020492,EQ00000178,L2,Arc Flash Awareness,False,False,False,Inspector
EMP038991,EQ00000178,L3,Arc Flash Awareness,False,False,False,Operator
EMP035699,EQ00000178,L4,Arc Flash Awareness,False,False,False,Supervisor
EMP028964,EQ00001476,L5,Pressure Systems Safety,False,False,False,Maintenance
EMP001129,EQ00001476,L3,Pressure Systems Safety,False,False,False,Inspector
EMP049420,EQ00001476,L2,Pressure Systems Safety,False,False,False,Operator
EMP002041,EQ00001476,L5,Pressure Systems Safety,False,False,False,Supervisor
EMP034360,EQ00001476,L3,Pressure Systems Safety,False,True,False,Operator
EMP046250,EQ00001476,L4,Pressure Systems Safety,False,False,False,Operator
EMP024038,EQ00001802,L2,Workshop Safety,False,False,False,Operator
EMP044966,EQ00001802,L3,Workshop Safety,False,False,False,Maintenance
EMP041219,EQ00001802,L2,Workshop Safety,False,False,False,Operator
EMP049737,EQ00001802,L2,Workshop Safety,True,False,False,Maintenance
EMP028652,EQ00001802,L4,Workshop Safety,False,False,False,Maintenance
EMP018004,EQ00002521,L4,Drilling Operations,True,True,True,Operator
EMP033060,EQ00002521,L3,Drilling Operations,False,False,False,Operator
EMP008044,EQ00001680,L4,Hot Work,False,False,False,Operator
EMP008004,EQ00001680,L5,Hot Work,True,True,True,Inspector
EMP013114,EQ00001680,L3,Hot Work,False,True,False,Operator
EMP009241,EQ00001680,L3,Hot Work,False,True,False,Maintenance
EMP011697,EQ00001680,L3,Hot Work,False,False,False,Maintenance
EMP034703,EQ00001680,L4,Hot Work,True,False,False,Maintenance
EMP006688,EQ00001299,L3,Calibration,False,True,False,Maintenance
EMP013888,EQ00001299,L2,Calibration,False,True,False,Maintenance
EMP012082,EQ00001299,L4,Calibration,False,False,False,Operator
EMP017225,EQ00002244,L6,Line of Fire Awareness,True,False,False,Maintenance
EMP004384,EQ00002244,L4,Line of Fire Awareness,True,False,False,Maintenance
EMP001525,EQ00002244,L3,Line of Fire Awareness,False,False,False,Maintenance
EMP035037,EQ00002495,L3,LOTO,False,False,False,Inspector
EMP041027,EQ00002495,L3,LOTO,False,True,False,Operator
EMP023473,EQ00002495,L5,LOTO,True,True,True,Operator
EMP022248,EQ00001450,L5,Rotating Equipment,False,True,False,Supervisor
EMP043775,EQ00001450,L3,Rotating Equipment,False,True,False,Inspector
EMP027917,EQ00001450,L4,Rotating Equipment,True,True,True,Inspector
EMP002162,EQ00001450,L4,Rotating Equipment,True,True,True,Supervisor
EMP043188,EQ00001450,L5,Rotating Equipment,True,True,True,Inspector
EMP001882,EQ00001450,L5,Rotating Equipment,True,True,True,Operator
EMP024195,EQ00001450,L6,Rotating Equipment,True,True,True,Operator
EMP029204,EQ00000652,L3,Hot Work,False,False,False,Inspector
EMP021971,EQ00000652,L3,Hot Work,False,False,False,Supervisor
EMP017945,EQ00000652,L3,Hot Work,True,False,False,Inspector
EMP013282,EQ00000041,L2,Emergency Response,False,True,False,Operator
EMP033943,EQ00000041,L4,Emergency Response,False,False,False,Supervisor
EMP030965,EQ00000041,L2,Emergency Response,False,False,False,Operator
EMP034895,EQ00000041,L4,Emergency Response,False,False,False,Inspector
EMP007048,EQ00002452,L2,Instrumentation,False,False,False,Maintenance
EMP010847,EQ00002452,L4,Instrumentation,False,False,False,Maintenance
EMP007806,EQ00002579,L2,Pipeline Operations,False,False,False,Supervisor
EMP024464,EQ00002579,L4,Pipeline Operations,True,True,True,Inspector
EMP001063,EQ00002579,L4,Pipeline Operations,False,True,False,Inspector
EMP048384,EQ00002579,L2,Pipeline Operations,False,True,False,Supervisor
EMP039184,EQ00002579,L4,Pipeline Operations,True,True,True,Supervisor
EMP007555,EQ00001649,L4,Rig Floor Safety,False,False,False,Operator
EMP023061,EQ00001649,L3,Rig Floor Safety,False,True,False,Inspector
EMP020335,EQ00001801,L5,Valve Maintenance,False,True,False,Maintenance
EMP009125,EQ00001801,L3,Valve Maintenance,True,False,False,Inspector
EMP011884,EQ00002576,L2,Alignment,False,False,False,Inspector
EMP047669,EQ00002576,L4,Alignment,True,False,False,Inspector
EMP047236,EQ00002576,L3,Alignment,False,False,False,Operator
EMP028958,EQ00002576,L3,Alignment,False,False,False,Operator
EMP018825,EQ00002576,L4,Alignment,False,False,False,Maintenance
EMP000403,EQ00002576,L3,Alignment,True,False,False,Inspector
EMP018326,EQ00002576,L3,Alignment,True,True,False,Maintenance
EMP014284,EQ00002576,L4,Alignment,False,False,False,Operator
EMP041522,EQ00001507,L4,Wastewater Operations,True,True,False,Inspector
EMP048364,EQ00001507,L3,Wastewater Operations,True,False,False,Operator
EMP048779,EQ00001507,L2,Wastewater Operations,False,False,False,Inspector
EMP000421,EQ00001507,L4,Wastewater Operations,False,True,False,Inspector
EMP042232,EQ00002426,L3,Well Control,True,True,False,Operator
EMP017390,EQ00002426,L3,Well Control,True,False,False,Supervisor
EMP034736,EQ00002426,L3,Well Control,False,False,False,Supervisor
EMP026324,EQ00000885,L3,Alignment,False,False,False,Maintenance
EMP032085,EQ00000885,L3,Alignment,False,False,False,Inspector
EMP010583,EQ00000885,L3,Alignment,False,False,False,Operator
EMP003049,EQ00000885,L3,Alignment,False,True,False,Operator
EMP049475,EQ00000885,L3,Alignment,False,False,False,Maintenance
EMP006994,EQ00000885,L2,Alignment,False,False,False,Maintenance
EMP037858,EQ00000885,L4,Alignment,False,False,False,Maintenance
EMP040801,EQ00000335,L3,Lubrication,True,False,False,Supervisor
EMP028876,EQ00000335,L4,Lubrication,True,False,False,Supervisor
EMP043547,EQ00000335,L2,Lubrication,False,True,False,Supervisor
EMP008298,EQ00000335,L4,Lubrication,False,False,False,Supervisor
EMP011857,EQ00000335,L4,Lubrication,False,True,False,Operator
EMP040281,EQ00000335,L2,Lubrication,True,False,False,Maintenance
EMP029382,EQ00000335,L4,Lubrication,False,False,False,Operator
EMP013330,EQ00000335,L6,Lubrication,True,True,True,Maintenance
EMP030906,EQ00001166,L4,Environmental Monitoring,False,False,False,Operator
EMP001665,EQ00001166,L6,Environmental Monitoring,True,True,True,Maintenance
EMP017878,EQ00001166,L3,Environmental Monitoring,False,False,False,Inspector
EMP008134,EQ00001166,L3,Environmental Monitoring,False,True,False,Supervisor
EMP023398,EQ00001166,L3,Environmental Monitoring,True,False,False,Supervisor
EMP030451,EQ00001551,L4,Instrumentation,True,False,False,Operator
EMP024158,EQ00001551,L2,Instrumentation,True,True,False,Operator
EMP016193,EQ00001551,L5,Instrumentation,True,True,True,Maintenance
EMP022230,EQ00000293,L2,Permit to Work,True,False,False,Inspector
EMP026229,EQ00000293,L4,Permit to Work,True,True,True,Operator
EMP040866,EQ00000293,L6,Permit to Work,True,True,True,Inspector
EMP033205,EQ00001557,L2,Line of Fire Awareness,False,False,False,Maintenance
EMP013876,EQ00001557,L2,Line of Fire Awareness,False,False,False,Maintenance
EMP013533,EQ00001557,L3,Line of Fire Awareness,True,False,False,Inspector
EMP038433,EQ00001985,L4,Lifting Gear Inspection,False,True,False,Operator
EMP023174,EQ00001985,L4,Lifting Gear Inspection,True,True,True,Supervisor
EMP035804,EQ00001985,L4,Lifting Gear Inspection,True,True,True,Operator
EMP019007,EQ00002210,L4,Calibration,True,False,False,Inspector
EMP042303,EQ00002210,L4,Calibration,False,False,False,Maintenance
EMP032442,EQ00002210,L2,Calibration,False,False,False,Supervisor
EMP039744,EQ00002210,L6,Calibration,True,True,True,Inspector
EMP003087,EQ00002210,L3,Calibration,False,False,False,Supervisor
EMP012920,EQ00002210,L3,Calibration,True,True,False,Operator
EMP049690,EQ00001664,L4,Lubrication,False,True,False,Supervisor
EMP044014,EQ00001664,L3,Lubrication,False,False,False,Supervisor
EMP032817,EQ00001664,L2,Lubrication,False,False,False,Operator
EMP027250,EQ00001664,L4,Lubrication,False,False,False,Operator
EMP015999,EQ00001664,L4,Lubrication,True,False,False,Maintenance
EMP039256,EQ00001664,L2,Lubrication,False,True,False,Inspector
EMP038079,EQ00001664,L2,Lubrication,True,False,False,Operator
EMP044691,EQ00001664,L3,Lubrication,True,False,False,Inspector
EMP013291,EQ00001174,L4,Mechanical Inspection,False,True,False,Inspector
EMP008696,EQ00001174,L4,Mechanical Inspection,False,False,False,Supervisor
EMP003424,EQ00001174,L2,Mechanical Inspection,False,False,False,Maintenance
EMP033610,EQ00002513,L3,Drilling Operations,False,True,False,Maintenance
EMP021474,EQ00002513,L6,Drilling Operations,True,True,True,Supervisor
EMP026294,EQ00002513,L4,Drilling Operations,False,False,False,Maintenance
EMP000983,EQ00002788,L2,Rig Floor Safety,False,False,False,Maintenance
EMP019762,EQ00002788,L6,Rig Floor Safety,True,True,True,Maintenance
EMP034100,EQ00002788,L3,Rig Floor Safety,False,True,False,Supervisor
EMP017548,EQ00000038,L3,Mechanical Inspection,False,False,False,Inspector
EMP004342,EQ00000038,L2,Mechanical Inspection,True,False,False,Maintenance
EMP012248,EQ00000038,L2,Mechanical Inspection,False,False,False,Maintenance
EMP037619,EQ00000038,L4,Mechanical Inspection,True,True,True,Operator
EMP024108,EQ00000038,L4,Mechanical Inspection,True,True,True,Inspector
EMP009922,EQ00000038,L5,Mechanical Inspection,True,False,False,Inspector
EMP024186,EQ00000038,L6,Mechanical Inspection,False,True,False,Inspector
EMP044847,EQ00000038,L3,Mechanical Inspection,False,False,False,Supervisor
EMP020118,EQ00001419,L3,Machine Tool Operation,False,False,False,Operator
EMP012882,EQ00001419,L5,Machine Tool Operation,True,True,True,Maintenance
EMP022138,EQ00001419,L2,Machine Tool Operation,False,True,False,Operator
EMP020084,EQ00001419,L4,Machine Tool Operation,False,True,False,Supervisor
EMP038426,EQ00001419,L3,Machine Tool Operation,True,False,False,Supervisor
EMP026482,EQ00000951,L4,Workshop Safety,True,False,False,Supervisor
EMP016088,EQ00000951,L5,Workshop Safety,True,True,True,Maintenance
EMP001906,EQ00000951,L3,Workshop Safety,False,False,False,Operator
EMP000240,EQ00000951,L2,Workshop Safety,False,True,False,Inspector
EMP036749,EQ00000951,L4,Workshop Safety,False,False,False,Operator
EMP023127,EQ00001687,L2,LOTO,False,False,False,Inspector
EMP037762,EQ00001687,L3,LOTO,False,True,False,Maintenance
EMP021894,EQ00000969,L5,Line of Fire Awareness,True,True,True,Operator
EMP030081,EQ00000969,L5,Line of Fire Awareness,False,True,False,Supervisor
EMP014739,EQ00000083,L5,Permit to Work,True,True,True,Maintenance
EMP034076,EQ00000083,L2,Permit to Work,True,False,False,Supervisor
EMP028314,EQ00000464,L3,LOTO,True,True,True,Supervisor
EMP021772,EQ00000464,L6,LOTO,True,True,True,Inspector
EMP043704,EQ00000464,L4,LOTO,True,True,True,Supervisor
EMP004001,EQ00000464,L4,LOTO,True,True,True,Maintenance
EMP002816,EQ00000464,L4,LOTO,True,False,False,Maintenance
EMP015710,EQ00000464,L4,LOTO,True,True,True,Maintenance
EMP036185,EQ00001768,L5,Hazardous Material Transport,True,True,True,Supervisor
EMP001458,EQ00001768,L4,Hazardous Material Transport,False,True,False,Supervisor
EMP008534,EQ00001509,L4,Well Control,True,True,True,Inspector
EMP030024,EQ00001509,L4,Well Control,True,True,True,Maintenance
EMP040292,EQ00001509,L3,Well Control,True,True,True,Supervisor
EMP028038,EQ00001509,L4,Well Control,True,True,True,Supervisor
EMP029045,EQ00001509,L2,Well Control,False,False,False,Operator
EMP035428,EQ00001509,L3,Well Control,True,True,True,Supervisor
EMP042546,EQ00001902,L4,Welding Safety,False,False,False,Maintenance
EMP031928,EQ00001902,L6,Welding Safety,True,True,True,Operator
EMP028789,EQ00000271,L4,Pressure Systems Safety,False,True,False,Inspector
EMP031833,EQ00000271,L4,Pressure Systems Safety,True,False,False,Supervisor
EMP031000,EQ00000271,L5,Pressure Systems Safety,True,True,True,Supervisor
EMP016773,EQ00000271,L4,Pressure Systems Safety,False,False,False,Operator
EMP011447,EQ00000271,L5,Pressure Systems Safety,True,True,True,Operator
EMP049942,EQ00000271,L3,Pressure Systems Safety,True,False,False,Maintenance
EMP002141,EQ00000914,L5,Drilling Operations,True,True,True,Supervisor
EMP005377,EQ00000914,L4,Drilling Operations,False,False,False,Operator
EMP004385,EQ00001160,L5,Process Isolation,True,True,True,Maintenance
EMP042891,EQ00001160,L3,Process Isolation,True,False,False,Operator
EMP047725,EQ00001160,L3,Process Isolation,False,False,False,Maintenance
EMP021171,EQ00001160,L6,Process Isolation,True,True,True,Maintenance
EMP046881,EQ00001160,L6,Process Isolation,True,True,True,Operator
EMP006554,EQ00001160,L2,Process Isolation,False,True,False,Inspector
EMP047920,EQ00001160,L3,Process Isolation,False,False,False,Inspector
EMP025343,EQ00001160,L3,Process Isolation,False,False,False,Supervisor
EMP012128,EQ00002110,L6,Pressure Vessel Safety,True,True,True,Inspector
EMP048218,EQ00002110,L5,Pressure Vessel Safety,True,False,False,Supervisor
EMP013187,EQ00002144,L3,Line of Fire Awareness,True,False,False,Supervisor
EMP000494,EQ00002144,L3,Line of Fire Awareness,True,True,False,Operator
EMP004661,EQ00002144,L3,Line of Fire Awareness,False,False,False,Operator
EMP025498,EQ00002144,L3,Line of Fire Awareness,False,False,False,Operator
EMP023169,EQ00002144,L2,Line of Fire Awareness,False,False,False,Inspector
EMP002054,EQ00002144,L6,Line of Fire Awareness,True,False,False,Operator
EMP041409,EQ00001375,L3,Line of Fire Awareness,False,False,False,Operator
EMP003749,EQ00001375,L3,Line of Fire Awareness,False,False,False,Supervisor
EMP028195,EQ00001375,L3,Line of Fire Awareness,False,False,False,Operator
EMP023708,EQ00001375,L6,Line of Fire Awareness,True,True,True,Supervisor
EMP023110,EQ00001375,L3,Line of Fire Awareness,True,False,False,Supervisor
EMP039597,EQ00002410,L5,Permit to Work,True,True,True,Maintenance
EMP032230,EQ00002410,L3,Permit to Work,False,False,False,Inspector
EMP002610,EQ00000725,L2,SIS/ESD,False,False,False,Inspector
EMP009421,EQ00000725,L5,SIS/ESD,True,True,True,Operator
EMP035507,EQ00000725,L5,SIS/ESD,True,True,True,Operator
EMP040505,EQ00000725,L5,SIS/ESD,True,True,True,Supervisor
EMP023774,EQ00000725,L3,SIS/ESD,False,False,False,Supervisor
EMP001876,EQ00000725,L4,SIS/ESD,False,False,False,Maintenance
EMP001482,EQ00000725,L2,SIS/ESD,False,False,False,Operator
EMP047047,EQ00000725,L3,SIS/ESD,False,False,False,Supervisor
EMP002078,EQ00001244,L3,Workshop Safety,False,False,False,Inspector
EMP030563,EQ00001244,L3,Workshop Safety,False,False,False,Operator
EMP037561,EQ00001244,L2,Workshop Safety,False,False,False,Maintenance
EMP029624,EQ00001244,L4,Workshop Safety,True,False,False,Operator
EMP010195,EQ00001244,L3,Workshop Safety,True,False,False,Inspector
EMP031903,EQ00001244,L4,Workshop Safety,False,False,False,Operator
EMP013120,EQ00001244,L3,Workshop Safety,False,False,False,Supervisor
EMP018806,EQ00000600,L5,Arc Flash Awareness,True,True,True,Inspector
EMP020918,EQ00000600,L4,Arc Flash Awareness,True,False,False,Maintenance
EMP015502,EQ00000600,L4,Arc Flash Awareness,False,False,False,Maintenance
EMP015153,EQ00000146,L6,Process Isolation,True,True,True,Operator
EMP017643,EQ00000146,L3,Process Isolation,False,False,False,Supervisor
EMP039225,EQ00000146,L4,Process Isolation,False,True,False,Supervisor
EMP025391,EQ00000146,L3,Process Isolation,False,False,False,Operator
EMP022296,EQ00000146,L2,Process Isolation,True,False,False,Inspector
EMP044337,EQ00000146,L2,Process Isolation,False,False,False,Operator
EMP021573,EQ00000146,L4,Process Isolation,False,False,False,Maintenance
EMP040173,EQ00000146,L2,Process Isolation,False,False,False,Maintenance
EMP015646,EQ00000696,L5,Pressure Systems Safety,True,True,True,Operator
EMP001596,EQ00000696,L4,Pressure Systems Safety,False,False,False,Operator
EMP044629,EQ00000696,L3,Pressure Systems Safety,True,False,False,Maintenance
EMP032897,EQ00000696,L3,Pressure Systems Safety,True,False,False,Maintenance
EMP017524,EQ00000696,L5,Pressure Systems Safety,True,True,True,Supervisor
EMP030837,EQ00000696,L5,Pressure Systems Safety,True,True,True,Operator
EMP000180,EQ00001338,L2,LOTO,False,False,False,Maintenance
EMP043610,EQ00001338,L3,LOTO,True,True,True,Maintenance
EMP005913,EQ00001338,L4,LOTO,True,True,True,Supervisor
EMP019887,EQ00001338,L6,LOTO,True,True,True,Operator
EMP025783,EQ00001338,L2,LOTO,False,False,False,Maintenance
EMP026387,EQ00001338,L3,LOTO,True,True,True,Operator
EMP014134,EQ00001338,L3,LOTO,True,True,True,Maintenance
EMP040492,EQ00000739,L5,Pipeline Operations,True,True,True,Operator
EMP005225,EQ00000739,L3,Pipeline Operations,False,True,False,Inspector
EMP001699,EQ00000739,L6,Pipeline Operations,True,True,True,Operator
EMP013386,EQ00000739,L3,Pipeline Operations,True,False,False,Supervisor
EMP008660,EQ00000739,L5,Pipeline Operations,True,True,True,Maintenance
EMP039306,EQ00001260,L5,Vehicle Inspection,True,True,True,Supervisor
EMP030664,EQ00001260,L5,Vehicle Inspection,True,True,True,Inspector
EMP011229,EQ00001260,L3,Vehicle Inspection,False,False,False,Inspector
EMP020109,EQ00001260,L4,Vehicle Inspection,True,True,True,Operator
EMP031380,EQ00001260,L4,Vehicle Inspection,True,True,True,Maintenance
EMP020368,EQ00001260,L3,Vehicle Inspection,False,False,False,Inspector
EMP010034,EQ00001260,L5,Vehicle Inspection,True,True,True,Inspector
EMP016187,EQ00001428,L3,LOTO,False,False,False,Maintenance
EMP008706,EQ00001428,L3,LOTO,False,False,False,Inspector
EMP012017,EQ00001428,L2,LOTO,True,False,False,Inspector
EMP015101,EQ00001428,L3,LOTO,True,False,False,Inspector
EMP003016,EQ00001485,L3,Permit to Work,False,False,False,Maintenance
EMP033514,EQ00001485,L4,Permit to Work,True,False,False,Supervisor
EMP006544,EQ00001485,L3,Permit to Work,False,True,False,Supervisor
EMP001897,EQ00001485,L4,Permit to Work,False,False,False,Operator
EMP046533,EQ00001485,L2,Permit to Work,False,False,False,Operator
EMP004182,EQ00001485,L4,Permit to Work,True,True,False,Operator
EMP002250,EQ00001485,L2,Permit to Work,False,False,False,Operator
EMP039499,EQ00001485,L2,Permit to Work,False,False,False,Maintenance
EMP031004,EQ00000092,L4,Line of Fire Awareness,True,False,False,Maintenance
EMP026862,EQ00000092,L4,Line of Fire Awareness,False,False,False,Maintenance
EMP022834,EQ00000092,L4,Line of Fire Awareness,False,False,False,Maintenance
EMP042918,EQ00000092,L2,Line of Fire Awareness,False,False,False,Maintenance
EMP043091,EQ00000092,L4,Line of Fire Awareness,False,False,False,Maintenance
EMP038919,EQ00001592,L3,Rig Floor Safety,False,False,False,Inspector
EMP037416,EQ00001592,L2,Rig Floor Safety,False,False,False,Operator
EMP024339,EQ00001592,L4,Rig Floor Safety,False,False,False,Maintenance
EMP019995,EQ00001592,L5,Rig Floor Safety,True,True,True,Operator
EMP041367,EQ00001592,L3,Rig Floor Safety,False,True,False,Operator
EMP040744,EQ00001592,L3,Rig Floor Safety,False,False,False,Inspector
EMP009898,EQ00001592,L4,Rig Floor Safety,False,False,False,Operator
EMP026767,EQ00001592,L2,Rig Floor Safety,False,True,False,Operator
EMP007331,EQ00000844,L3,Process Operations,False,False,False,Inspector
EMP024956,EQ00000844,L3,Process Operations,False,False,False,Maintenance
EMP039990,EQ00000844,L6,Process Operations,True,True,True,Operator
EMP024889,EQ00002613,L6,Arc Flash Awareness,True,True,True,Operator
EMP013529,EQ00002613,L4,Arc Flash Awareness,False,False,False,Operator
EMP045040,EQ00002613,L4,Arc Flash Awareness,False,True,False,Maintenance
EMP041106,EQ00002613,L3,Arc Flash Awareness,False,False,False,Operator
EMP016071,EQ00002516,L3,Fire Water Systems,True,False,False,Supervisor
EMP041430,EQ00002516,L4,Fire Water Systems,False,True,False,Maintenance
EMP005348,EQ00002516,L3,Fire Water Systems,False,False,False,Inspector
EMP009790,EQ00002516,L2,Fire Water Systems,False,False,False,Maintenance
EMP040156,EQ00002516,L3,Fire Water Systems,False,False,False,Supervisor
EMP040494,EQ00002516,L2,Fire Water Systems,False,False,False,Inspector
EMP012298,EQ00002516,L4,Fire Water Systems,False,True,False,Inspector
EMP026157,EQ00001900,L4,Calibration,True,False,False,Operator
EMP042195,EQ00001900,L3,Calibration,False,True,False,Inspector
EMP037422,EQ00001900,L5,Calibration,True,True,True,Maintenance
EMP008345,EQ00001900,L6,Calibration,True,False,False,Operator
EMP035179,EQ00001900,L3,Calibration,True,True,False,Inspector
EMP047024,EQ00001900,L2,Calibration,False,False,False,Maintenance
EMP043363,EQ00001900,L3,Calibration,False,False,False,Operator
EMP040557,EQ00001900,L2,Calibration,True,False,False,Maintenance
EMP023698,EQ00001123,L4,Isolation/LOTO,False,True,False,Supervisor
EMP008732,EQ00001123,L4,Isolation/LOTO,False,False,False,Inspector
EMP037520,EQ00001941,L4,Rig Floor Safety,False,False,False,Inspector
EMP014411,EQ00001941,L4,Rig Floor Safety,False,False,False,Maintenance
EMP024828,EQ00001941,L2,Rig Floor Safety,True,False,False,Inspector
EMP045298,EQ00001941,L3,Rig Floor Safety,False,True,False,Supervisor
EMP024398,EQ00001941,L3,Rig Floor Safety,False,False,False,Maintenance
EMP009870,EQ00001941,L2,Rig Floor Safety,False,False,False,Inspector
EMP048752,EQ00001941,L4,Rig Floor Safety,False,True,False,Supervisor
EMP045370,EQ00000607,L3,Lifting Operations,True,False,False,Operator
EMP031467,EQ00000607,L6,Lifting Operations,True,True,True,Supervisor
EMP013860,EQ00000607,L3,Lifting Operations,False,False,False,Supervisor
EMP000449,EQ00000607,L3,Lifting Operations,False,False,False,Operator
EMP026477,EQ00000607,L4,Lifting Operations,True,True,True,Maintenance
EMP014726,EQ00000607,L5,Lifting Operations,False,True,False,Maintenance
EMP032505,EQ00000607,L5,Lifting Operations,True,True,True,Supervisor
EMP017349,EQ00000607,L4,Lifting Operations,True,True,True,Supervisor
EMP036555,EQ00001578,L3,Rig Floor Safety,False,True,False,Inspector
EMP023029,EQ00001578,L2,Rig Floor Safety,True,False,False,Inspector
EMP049293,EQ00001578,L3,Rig Floor Safety,False,False,False,Operator
EMP029603,EQ00001412,L3,Electrical Isolation/LOTO,False,False,False,Inspector
EMP024772,EQ00001412,L2,Electrical Isolation/LOTO,False,False,False,Supervisor
EMP023238,EQ00001412,L4,Electrical Isolation/LOTO,False,False,False,Operator
EMP013542,EQ00001412,L5,Electrical Isolation/LOTO,True,True,True,Operator
EMP003471,EQ00001412,L2,Electrical Isolation/LOTO,False,False,False,Maintenance
EMP028664,EQ00002622,L4,Permit to Work,False,False,False,Operator
EMP023273,EQ00002622,L4,Permit to Work,False,False,False,Maintenance
EMP002864,EQ00002622,L4,Permit to Work,False,True,False,Supervisor
EMP046804,EQ00002329,L2,Valve Maintenance,False,False,False,Operator
EMP012044,EQ00002329,L3,Valve Maintenance,False,True,False,Operator
EMP041053,EQ00002167,L6,Fire Fighting,True,True,True,Operator
EMP049141,EQ00002167,L3,Fire Fighting,False,False,False,Maintenance
EMP033884,EQ00002167,L2,Fire Fighting,False,False,False,Maintenance
EMP011051,EQ00001298,L2,Drilling Operations,False,False,False,Inspector
EMP003971,EQ00001298,L6,Drilling Operations,True,True,True,Inspector
EMP047395,EQ00001298,L2,Drilling Operations,True,False,False,Maintenance
EMP002930,EQ00001298,L3,Drilling Operations,True,False,False,Operator
EMP032102,EQ00001298,L4,Drilling Operations,True,True,True,Supervisor
EMP005360,EQ00001298,L3,Drilling Operations,False,False,False,Operator
EMP028444,EQ00001147,L4,Crane Operation,False,False,False,Operator
EMP033494,EQ00001147,L3,Crane Operation,False,True,False,Maintenance
EMP000657,EQ00000822,L3,LOTO,True,False,False,Maintenance
EMP019594,EQ00000822,L2,LOTO,False,False,False,Maintenance
EMP023621,EQ00000822,L5,LOTO,True,True,True,Maintenance
EMP025797,EQ00000822,L4,LOTO,True,False,False,Supervisor
EMP018600,EQ00000822,L3,LOTO,True,True,False,Inspector
EMP011078,EQ00000822,L3,LOTO,False,False,False,Supervisor
EMP017079,EQ00000822,L4,LOTO,False,True,False,Maintenance
EMP020617,EQ00000343,L3,Line of Fire Awareness,True,False,False,Operator
EMP008932,EQ00000343,L3,Line of Fire Awareness,False,False,False,Inspector
EMP036221,EQ00000343,L5,Line of Fire Awareness,True,True,True,Operator
EMP034488,EQ00000343,L4,Line of Fire Awareness,False,True,False,Inspector
EMP004473,EQ00000343,L3,Line of Fire Awareness,True,False,False,Inspector
EMP037907,EQ00001324,L5,Electrical Safety,True,False,False,Supervisor
EMP023736,EQ00001324,L4,Electrical Safety,False,True,False,Supervisor
EMP011017,EQ00000593,L4,Electrical Isolation/LOTO,False,True,False,Supervisor
EMP028223,EQ00000593,L3,Electrical Isolation/LOTO,False,False,False,Operator
EMP012544,EQ00000593,L3,Electrical Isolation/LOTO,False,False,False,Operator
EMP001285,EQ00000593,L3,Electrical Isolation/LOTO,False,False,False,Inspector
EMP002888,EQ00000628,L3,Permit to Work,False,False,False,Operator
EMP010011,EQ00000628,L5,Permit to Work,True,True,True,Inspector
EMP047888,EQ00000628,L6,Permit to Work,True,True,True,Maintenance
EMP040739,EQ00002734,L3,Lifting Operations,False,False,False,Maintenance
EMP044642,EQ00002734,L3,Lifting Operations,True,False,False,Maintenance
EMP021835,EQ00002734,L4,Lifting Operations,False,False,False,Supervisor
EMP005064,EQ00002734,L3,Lifting Operations,False,False,False,Inspector
EMP008073,EQ00002734,L4,Lifting Operations,True,False,False,Supervisor
EMP024522,EQ00002734,L3,Lifting Operations,False,False,False,Operator
EMP008529,EQ00002734,L4,Lifting Operations,False,False,False,Supervisor
EMP047719,EQ00001743,L3,Instrumentation,False,False,False,Supervisor
EMP037592,EQ00001743,L4,Instrumentation,True,True,True,Inspector
EMP044216,EQ00001743,L4,Instrumentation,True,True,True,Inspector
EMP049160,EQ00001743,L2,Instrumentation,True,False,False,Operator
EMP003477,EQ00000337,L6,Hot Work,True,True,True,Inspector
EMP023231,EQ00000337,L4,Hot Work,True,False,False,Inspector
EMP021993,EQ00000337,L3,Hot Work,True,False,False,Supervisor
EMP038659,EQ00000337,L4,Hot Work,False,False,False,Maintenance
EMP023324,EQ00000337,L4,Hot Work,False,False,False,Operator
EMP039865,EQ00000337,L5,Hot Work,True,True,True,Supervisor
EMP002451,EQ00000121,L3,Machine Tool Operation,False,False,False,Operator
EMP027270,EQ00000121,L2,Machine Tool Operation,False,False,False,Maintenance
EMP037984,EQ00000121,L2,Machine Tool Operation,False,False,False,Maintenance
EMP019054,EQ00000121,L6,Machine Tool Operation,True,True,True,Inspector
EMP016666,EQ00000812,L2,Mechanical Inspection,False,True,False,Inspector
EMP002724,EQ00000812,L3,Mechanical Inspection,True,True,False,Inspector
EMP025267,EQ00000812,L4,Mechanical Inspection,False,False,False,Maintenance
EMP030604,EQ00000812,L3,Mechanical Inspection,False,True,False,Inspector
EMP017637,EQ00000812,L2,Mechanical Inspection,False,False,False,Maintenance
EMP037095,EQ00000812,L4,Mechanical Inspection,False,False,False,Inspector
EMP020196,EQ00000812,L5,Mechanical Inspection,True,True,True,Maintenance
EMP019182,EQ00002122,L3,Hydrotest Safety,False,False,False,Inspector
EMP048816,EQ00002122,L5,Hydrotest Safety,True,True,True,Inspector
EMP008718,EQ00002122,L4,Hydrotest Safety,False,False,False,Operator
EMP018055,EQ00002122,L2,Hydrotest Safety,False,True,False,Inspector
EMP004074,EQ00002122,L4,Hydrotest Safety,False,False,False,Maintenance
EMP048349,EQ00002122,L4,Hydrotest Safety,False,False,False,Supervisor
EMP029235,EQ00002122,L4,Hydrotest Safety,False,False,False,Maintenance
EMP002555,EQ00002122,L2,Hydrotest Safety,False,False,False,Operator
EMP035264,EQ00000277,L3,Pressure Systems Safety,True,True,False,Operator
EMP025410,EQ00000277,L4,Pressure Systems Safety,True,True,True,Inspector
EMP003413,EQ00000456,L2,Arc Flash Awareness,False,True,False,Maintenance
EMP008416,EQ00000456,L2,Arc Flash Awareness,False,False,False,Maintenance
EMP045428,EQ00000456,L2,Arc Flash Awareness,False,False,False,Inspector
EMP033413,EQ00000456,L3,Arc Flash Awareness,False,False,False,Operator
EMP038626,EQ00000456,L4,Arc Flash Awareness,True,True,False,Maintenance
EMP001276,EQ00000456,L2,Arc Flash Awareness,False,True,False,Operator
EMP040817,EQ00000456,L2,Arc Flash Awareness,False,False,False,Maintenance
EMP030448,EQ00000134,L3,Hot Work,False,False,False,Operator
EMP027145,EQ00000134,L4,Hot Work,True,False,False,Maintenance
EMP034095,EQ00000134,L5,Hot Work,True,True,True,Inspector
EMP047204,EQ00000134,L5,Hot Work,True,True,True,Supervisor
EMP024530,EQ00000134,L6,Hot Work,True,True,True,Operator
EMP012530,EQ00000134,L3,Hot Work,True,False,False,Inspector
EMP039209,EQ00000134,L2,Hot Work,False,True,False,Inspector
EMP036274,EQ00001382,L4,Valve Maintenance,True,True,True,Maintenance
EMP046963,EQ00001382,L3,Valve Maintenance,False,False,False,Operator
EMP002806,EQ00001382,L6,Valve Maintenance,True,False,False,Operator
EMP019747,EQ00001382,L5,Valve Maintenance,True,True,True,Maintenance
EMP027674,EQ00001382,L4,Valve Maintenance,True,True,True,Maintenance
EMP013550,EQ00001382,L2,Valve Maintenance,False,False,False,Inspector
EMP023048,EQ00001382,L3,Valve Maintenance,False,True,False,Supervisor
EMP030392,EQ00002661,L5,Lifting Gear Inspection,True,True,True,Maintenance
EMP046114,EQ00002661,L5,Lifting Gear Inspection,True,True,True,Supervisor
EMP047814,EQ00002661,L6,Lifting Gear Inspection,True,True,True,Maintenance
EMP046215,EQ00002661,L3,Lifting Gear Inspection,False,False,False,Maintenance
EMP023225,EQ00002661,L3,Lifting Gear Inspection,False,False,False,Maintenance
EMP040222,EQ00002661,L4,Lifting Gear Inspection,False,False,False,Inspector
EMP041435,EQ00002661,L2,Lifting Gear Inspection,False,False,False,Maintenance
EMP026688,EQ00002661,L3,Lifting Gear Inspection,True,False,False,Operator
EMP043274,EQ00001831,L4,Line of Fire Awareness,False,False,False,Supervisor
EMP029611,EQ00001831,L4,Line of Fire Awareness,True,False,False,Inspector
EMP003940,EQ00001831,L3,Line of Fire Awareness,False,False,False,Maintenance
EMP012776,EQ00001831,L3,Line of Fire Awareness,False,False,False,Inspector
EMP025161,EQ00001831,L3,Line of Fire Awareness,True,True,False,Operator
EMP010277,EQ00001831,L4,Line of Fire Awareness,True,True,False,Operator
EMP007014,EQ00001831,L3,Line of Fire Awareness,False,True,False,Supervisor
EMP042028,EQ00001545,L2,Process Isolation,False,False,False,Inspector
EMP020448,EQ00001545,L2,Process Isolation,False,True,False,Supervisor
EMP030299,EQ00002528,L3,Well Control,True,True,True,Maintenance
EMP044930,EQ00002528,L2,Well Control,False,False,False,Supervisor
EMP039276,EQ00002528,L3,Well Control,True,True,True,Inspector
EMP001047,EQ00000177,L3,Process Operations,False,False,False,Inspector
EMP016242,EQ00000177,L4,Process Operations,False,True,False,Inspector
EMP000928,EQ00000177,L4,Process Operations,False,False,False,Inspector
EMP013050,EQ00000177,L3,Process Operations,False,False,False,Inspector
EMP031488,EQ00002756,L3,Line of Fire Awareness,False,True,False,Operator
EMP027969,EQ00002756,L4,Line of Fire Awareness,False,False,False,Operator
EMP021817,EQ00002756,L2,Line of Fire Awareness,True,False,False,Operator
EMP045907,EQ00002756,L4,Line of Fire Awareness,False,False,False,Inspector
EMP017987,EQ00002756,L3,Line of Fire Awareness,False,False,False,Maintenance
EMP021893,EQ00001276,L6,Permit to Work,True,True,True,Supervisor
EMP031010,EQ00001276,L2,Permit to Work,True,False,False,Supervisor
EMP006524,EQ00001886,L3,Workshop Safety,False,True,False,Operator
EMP017717,EQ00001886,L3,Workshop Safety,False,True,False,Operator
EMP047582,EQ00001886,L2,Workshop Safety,False,False,False,Operator
EMP028174,EQ00001886,L6,Workshop Safety,True,True,True,Inspector
EMP045868,EQ00001886,L2,Workshop Safety,True,True,False,Operator
EMP004196,EQ00000286,L3,Rotating Equipment,False,True,False,Supervisor
EMP005087,EQ00000286,L4,Rotating Equipment,False,False,False,Supervisor
EMP000702,EQ00000286,L2,Rotating Equipment,True,False,False,Inspector
EMP037411,EQ00000286,L3,Rotating Equipment,True,False,False,Operator
EMP014484,EQ00000286,L3,Rotating Equipment,False,False,False,Operator
EMP007302,EQ00002371,L3,Hot Work,True,True,False,Operator
EMP045944,EQ00002371,L2,Hot Work,True,False,False,Inspector
EMP045696,EQ00002371,L3,Hot Work,False,False,False,Maintenance
EMP028226,EQ00002371,L4,Hot Work,True,False,False,Operator
EMP048180,EQ00002371,L2,Hot Work,False,False,False,Inspector
EMP016378,EQ00002371,L3,Hot Work,False,False,False,Operator
EMP003238,EQ00001404,L6,SIS/ESD,True,True,True,Operator
EMP027902,EQ00001404,L4,SIS/ESD,False,True,False,Maintenance
EMP026130,EQ00001404,L4,SIS/ESD,True,True,True,Operator
EMP008885,EQ00001404,L5,SIS/ESD,True,True,True,Operator
EMP023932,EQ00001404,L3,SIS/ESD,False,True,False,Inspector
EMP029654,EQ00001404,L2,SIS/ESD,False,False,False,Operator
EMP041721,EQ00002157,L3,Hazardous Material Transport,False,False,False,Maintenance
EMP035829,EQ00002157,L3,Hazardous Material Transport,False,False,False,Maintenance
EMP021534,EQ00002157,L5,Hazardous Material Transport,False,False,False,Inspector
EMP031499,EQ00002157,L3,Hazardous Material Transport,False,False,False,Operator
EMP027825,EQ00002053,L4,Process Operations,True,True,True,Inspector
EMP033928,EQ00002053,L4,Process Operations,True,True,True,Maintenance
EMP049575,EQ00002053,L4,Process Operations,True,True,True,Inspector
EMP031811,EQ00002053,L3,Process Operations,False,False,False,Supervisor
EMP037079,EQ00002053,L4,Process Operations,True,True,True,Operator
EMP037549,EQ00002053,L6,Process Operations,False,True,False,Operator
EMP017505,EQ00002053,L4,Process Operations,True,True,True,Maintenance
EMP021455,EQ00002053,L4,Process Operations,True,True,True,Maintenance
EMP013390,EQ00000925,L2,Hydrotest Safety,False,False,False,Operator
EMP017690,EQ00000925,L4,Hydrotest Safety,True,True,True,Maintenance
EMP037828,EQ00000925,L4,Hydrotest Safety,False,True,False,Supervisor
EMP042484,EQ00000925,L3,Hydrotest Safety,False,True,False,Supervisor
EMP026949,EQ00000925,L2,Hydrotest Safety,False,False,False,Operator
EMP049272,EQ00002806,L3,Fire Fighting,True,True,False,Inspector
EMP042703,EQ00002806,L2,Fire Fighting,False,False,False,Maintenance
EMP039943,EQ00002806,L5,Fire Fighting,True,True,True,Maintenance
EMP025351,EQ00002806,L4,Fire Fighting,False,False,False,Operator
EMP035634,EQ00001235,L3,Line of Fire Awareness,False,False,False,Operator
EMP031696,EQ00001235,L3,Line of Fire Awareness,False,True,False,Inspector
EMP043658,EQ00001235,L2,Line of Fire Awareness,True,False,False,Inspector
EMP003404,EQ00001235,L3,Line of Fire Awareness,False,False,False,Inspector
EMP004981,EQ00001235,L6,Line of Fire Awareness,True,False,False,Supervisor
EMP043235,EQ00001235,L3,Line of Fire Awareness,False,False,False,Inspector
EMP031545,EQ00001235,L3,Line of Fire Awareness,False,False,False,Maintenance
EMP000880,EQ00001235,L3,Line of Fire Awareness,True,False,False,Supervisor
EMP010426,EQ00002264,L5,Fire Fighting,True,False,False,Operator
EMP032721,EQ00002264,L3,Fire Fighting,True,False,False,Supervisor
EMP002711,EQ00002264,L4,Fire Fighting,True,False,False,Inspector
EMP022817,EQ00002264,L3,Fire Fighting,False,False,False,Inspector
EMP012320,EQ00002264,L6,Fire Fighting,True,True,True,Supervisor
EMP044445,EQ00002264,L3,Fire Fighting,True,False,False,Operator
EMP012489,EQ00002264,L3,Fire Fighting,False,False,False,Supervisor
EMP033438,EQ00001352,L6,Control Systems,True,True,True,Supervisor
EMP039984,EQ00001352,L2,Control Systems,False,False,False,Maintenance
EMP035166,EQ00001352,L5,Control Systems,True,True,True,Maintenance
EMP048819,EQ00001352,L5,Control Systems,True,False,False,Supervisor
EMP009529,EQ00001352,L6,Control Systems,True,False,False,Maintenance
EMP006943,EQ00001352,L4,Control Systems,False,False,False,Operator
EMP001788,EQ00001490,L4,Well Control,True,True,True,Inspector
EMP049179,EQ00001490,L5,Well Control,True,True,True,Inspector
EMP040180,EQ00001490,L3,Well Control,False,False,False,Inspector
EMP038778,EQ00001904,L3,Isolation/LOTO,False,False,False,Supervisor
EMP010294,EQ00001904,L4,Isolation/LOTO,False,True,False,Supervisor
EMP009846,EQ00001904,L3,Isolation/LOTO,False,False,False,Operator
EMP038549,EQ00001904,L5,Isolation/LOTO,True,True,True,Operator
EMP004226,EQ00000781,L4,LOTO,True,False,False,Operator
EMP001028,EQ00000781,L5,LOTO,False,True,False,Operator
EMP044735,EQ00000781,L3,LOTO,False,False,False,Inspector
EMP039166,EQ00000781,L4,LOTO,True,True,False,Operator
EMP039207,EQ00000781,L2,LOTO,False,False,False,Supervisor
EMP000030,EQ00000781,L2,LOTO,False,False,False,Supervisor
EMP004057,EQ00000781,L5,LOTO,True,True,True,Inspector
EMP046906,EQ00000513,L3,Emergency Response,False,False,False,Inspector
EMP003078,EQ00000513,L2,Emergency Response,True,False,False,Operator
EMP026778,EQ00000513,L5,Emergency Response,True,True,True,Operator
EMP032767,EQ00002068,L6,Pressure Vessel Safety,False,True,False,Inspector
EMP002618,EQ00002068,L3,Pressure Vessel Safety,False,False,False,Maintenance
EMP045035,EQ00002068,L2,Pressure Vessel Safety,True,False,False,Maintenance
EMP044814,EQ00002068,L4,Pressure Vessel Safety,False,False,False,Maintenance
EMP009140,EQ00002627,L4,Line of Fire Awareness,True,False,False,Operator
EMP042751,EQ00002627,L6,Line of Fire Awareness,True,True,True,Operator
EMP048556,EQ00000715,L2,Rotating Equipment,True,False,False,Inspector
EMP028039,EQ00000715,L3,Rotating Equipment,False,False,False,Maintenance
EMP016401,EQ00000715,L4,Rotating Equipment,False,False,False,Operator
EMP031889,EQ00002123,L3,Well Control,False,True,False,Supervisor
EMP032457,EQ00002123,L4,Well Control,False,False,False,Operator
EMP026654,EQ00002123,L5,Well Control,True,True,True,Operator
EMP011743,EQ00002657,L3,Permit to Work,False,True,False,Inspector
EMP030345,EQ00002657,L3,Permit to Work,False,False,False,Supervisor
EMP013006,EQ00002657,L4,Permit to Work,True,False,False,Operator
EMP040906,EQ00002657,L3,Permit to Work,False,False,False,Operator
EMP017564,EQ00002657,L2,Permit to Work,False,False,False,Operator
EMP014063,EQ00002657,L3,Permit to Work,False,False,False,Operator
EMP048404,EQ00001433,L3,Arc Flash Awareness,False,False,False,Inspector
EMP014924,EQ00001433,L4,Arc Flash Awareness,False,False,False,Operator
EMP001849,EQ00001433,L5,Arc Flash Awareness,True,False,False,Inspector
EMP042299,EQ00001433,L4,Arc Flash Awareness,False,False,False,Inspector
EMP046794,EQ00001433,L4,Arc Flash Awareness,False,True,False,Maintenance
EMP008319,EQ00001433,L5,Arc Flash Awareness,True,True,True,Supervisor
EMP008688,EQ00001458,L2,Permit to Work,False,False,False,Maintenance
EMP045120,EQ00001458,L4,Permit to Work,True,True,True,Maintenance
EMP003946,EQ00001458,L2,Permit to Work,True,False,False,Maintenance
EMP018187,EQ00001458,L2,Permit to Work,True,True,False,Inspector
EMP029255,EQ00001458,L6,Permit to Work,True,True,True,Maintenance
EMP007248,EQ00001611,L5,Welding Safety,True,True,True,Operator
EMP040373,EQ00001611,L3,Welding Safety,False,True,False,Maintenance
EMP029225,EQ00001611,L3,Welding Safety,False,False,False,Operator
EMP026804,EQ00001611,L3,Welding Safety,False,True,False,Supervisor
EMP001292,EQ00001611,L2,Welding Safety,False,True,False,Supervisor
EMP006093,EQ00001611,L3,Welding Safety,False,False,False,Maintenance
EMP023574,EQ00001611,L3,Welding Safety,False,False,False,Operator
EMP045660,EQ00001611,L4,Welding Safety,False,False,False,Maintenance
EMP032080,EQ00001091,L4,Gas Testing,True,True,True,Inspector
EMP023102,EQ00001091,L3,Gas Testing,False,False,False,Supervisor
EMP024557,EQ00001091,L3,Gas Testing,True,False,False,Inspector
EMP010803,EQ00001091,L2,Gas Testing,False,False,False,Maintenance
EMP004510,EQ00001091,L6,Gas Testing,True,True,True,Inspector
EMP023436,EQ00001091,L4,Gas Testing,False,True,False,Inspector
EMP035380,EQ00001091,L3,Gas Testing,False,True,False,Maintenance
EMP027264,EQ00001830,L4,Rig Floor Safety,False,True,False,Inspector
EMP008773,EQ00001830,L4,Rig Floor Safety,False,False,False,Operator
EMP008954,EQ00001830,L4,Rig Floor Safety,False,False,False,Inspector
EMP001942,EQ00000900,L3,Process Isolation,True,False,False,Maintenance
EMP000374,EQ00000900,L4,Process Isolation,False,False,False,Operator
EMP043830,EQ00000900,L3,Process Isolation,False,False,False,Maintenance
EMP009522,EQ00000900,L4,Process Isolation,False,False,False,Supervisor
EMP007630,EQ00000900,L4,Process Isolation,False,False,False,Operator
EMP037206,EQ00000900,L5,Process Isolation,True,False,False,Maintenance
EMP011896,EQ00000900,L3,Process Isolation,False,False,False,Inspector
EMP030392,EQ00000900,L5,Process Isolation,True,True,True,Inspector
EMP000341,EQ00000587,L3,Pressure Systems Safety,False,False,False,Inspector
EMP037334,EQ00000587,L4,Pressure Systems Safety,False,True,False,Maintenance
EMP018802,EQ00000587,L5,Pressure Systems Safety,True,True,True,Operator
EMP026273,EQ00000587,L3,Pressure Systems Safety,False,False,False,Maintenance
EMP016703,EQ00000974,L2,Emergency Response,False,False,False,Inspector
EMP040001,EQ00000974,L3,Emergency Response,True,False,False,Operator
EMP025352,EQ00002680,L5,Permit to Work,True,True,True,Operator
EMP045139,EQ00002680,L3,Permit to Work,False,False,False,Operator
EMP008474,EQ00002680,L2,Permit to Work,False,False,False,Inspector
EMP033748,EQ00002680,L3,Permit to Work,False,True,False,Operator
EMP000275,EQ00002101,L3,Rig Floor Safety,False,True,False,Operator
EMP042869,EQ00002101,L6,Rig Floor Safety,False,True,False,Maintenance
EMP044968,EQ00002101,L3,Rig Floor Safety,False,False,False,Supervisor
EMP033778,EQ00002101,L4,Rig Floor Safety,False,False,False,Inspector
EMP030405,EQ00002101,L5,Rig Floor Safety,True,True,True,Maintenance
EMP024980,EQ00002101,L3,Rig Floor Safety,True,True,False,Supervisor
EMP024881,EQ00000408,L4,Calibration,False,False,False,Inspector
EMP009286,EQ00000408,L4,Calibration,False,False,False,Maintenance
EMP010447,EQ00000408,L3,Calibration,False,False,False,Supervisor
EMP036248,EQ00000408,L3,Calibration,False,False,False,Inspector
EMP028613,EQ00000408,L3,Calibration,False,True,False,Maintenance
EMP041212,EQ00001829,L3,Pressure Systems Safety,True,False,False,Maintenance
EMP023858,EQ00001829,L6,Pressure Systems Safety,True,False,False,Operator
EMP000521,EQ00002678,L4,Control Systems,False,False,False,Maintenance
EMP048971,EQ00002678,L4,Control Systems,False,False,False,Maintenance
EMP030214,EQ00002678,L4,Control Systems,False,False,False,Operator
EMP031822,EQ00002678,L5,Control Systems,True,True,True,Operator
EMP047858,EQ00002678,L4,Control Systems,False,True,False,Maintenance
EMP004869,EQ00000507,L4,Process Operations,False,True,False,Supervisor
EMP019185,EQ00000507,L5,Process Operations,True,True,True,Maintenance
EMP047555,EQ00000507,L3,Process Operations,True,True,False,Inspector
EMP011330,EQ00001208,L2,Pressure Systems Safety,False,False,False,Inspector
EMP022773,EQ00001208,L5,Pressure Systems Safety,False,True,False,Supervisor
EMP039213,EQ00001081,L4,Permit to Work,False,True,False,Operator
EMP016859,EQ00001081,L5,Permit to Work,False,True,False,Operator
EMP048158,EQ00001081,L3,Permit to Work,False,True,False,Inspector
EMP047548,EQ00001081,L6,Permit to Work,True,True,True,Operator
EMP014378,EQ00000356,L4,Permit to Work,False,False,False,Maintenance
EMP044719,EQ00000356,L5,Permit to Work,True,True,True,Maintenance
EMP020127,EQ00000356,L4,Permit to Work,False,False,False,Inspector
EMP046173,EQ00000356,L3,Permit to Work,True,False,False,Supervisor
EMP016656,EQ00000356,L3,Permit to Work,False,False,False,Supervisor
EMP028363,EQ00000356,L6,Permit to Work,True,True,True,Supervisor
EMP045620,EQ00000356,L3,Permit to Work,True,False,False,Supervisor
EMP029605,EQ00002259,L5,Welding Safety,True,True,True,Operator
EMP008544,EQ00002259,L4,Welding Safety,False,False,False,Supervisor
EMP013189,EQ00002259,L6,Welding Safety,True,True,True,Supervisor
EMP047242,EQ00002259,L3,Welding Safety,True,False,False,Inspector
EMP030902,EQ00002259,L3,Welding Safety,False,True,False,Maintenance
EMP018729,EQ00002259,L3,Welding Safety,False,False,False,Supervisor
EMP045873,EQ00001141,L3,Valve Maintenance,True,False,False,Inspector
EMP049455,EQ00001141,L3,Valve Maintenance,True,True,False,Inspector
EMP021751,EQ00001141,L2,Valve Maintenance,True,False,False,Inspector
EMP013104,EQ00001141,L4,Valve Maintenance,False,False,False,Inspector
EMP034150,EQ00002554,L3,Defensive Driving,True,True,False,Inspector
EMP034655,EQ00002554,L4,Defensive Driving,False,False,False,Operator
EMP029509,EQ00002782,L6,Defensive Driving,False,True,False,Operator
EMP030666,EQ00002782,L5,Defensive Driving,True,True,True,Supervisor
EMP023163,EQ00002782,L5,Defensive Driving,True,True,True,Maintenance
EMP025570,EQ00002782,L4,Defensive Driving,True,False,False,Maintenance
EMP024966,EQ00002782,L4,Defensive Driving,True,True,False,Maintenance
EMP033465,EQ00000005,L4,Mechanical Inspection,True,False,False,Inspector
EMP019701,EQ00000005,L4,Mechanical Inspection,True,False,False,Maintenance
EMP008266,EQ00000005,L2,Mechanical Inspection,False,False,False,Inspector
EMP015745,EQ00000034,L3,Workshop Safety,False,True,False,Supervisor
EMP021094,EQ00000034,L3,Workshop Safety,False,True,False,Inspector
EMP018768,EQ00000034,L3,Workshop Safety,False,False,False,Inspector
EMP011186,EQ00000034,L6,Workshop Safety,True,True,True,Operator
EMP019591,EQ00000034,L4,Workshop Safety,False,False,False,Maintenance
EMP018307,EQ00000034,L3,Workshop Safety,False,True,False,Supervisor
EMP042824,EQ00000477,L4,Rigging,False,False,False,Maintenance
EMP003294,EQ00000477,L4,Rigging,False,True,False,Supervisor
EMP018039,EQ00000477,L4,Rigging,False,False,False,Maintenance
EMP005962,EQ00000477,L6,Rigging,True,True,True,Maintenance
EMP029801,EQ00000477,L4,Rigging,False,False,False,Maintenance
EMP040188,EQ00000477,L5,Rigging,True,True,True,Operator
EMP023606,EQ00000477,L3,Rigging,True,False,False,Supervisor
EMP012680,EQ00000477,L3,Rigging,False,True,False,Inspector
EMP022499,EQ00000995,L6,Gas Detection,True,True,True,Operator
EMP046839,EQ00000995,L3,Gas Detection,False,False,False,Operator
EMP023004,EQ00000434,L3,Process Isolation,True,True,True,Inspector
EMP025174,EQ00000434,L3,Process Isolation,True,True,True,Operator
EMP042586,EQ00000434,L2,Process Isolation,False,False,False,Inspector
EMP046257,EQ00000434,L2,Process Isolation,False,False,False,Supervisor
EMP017287,EQ00000434,L4,Process Isolation,True,True,True,Inspector
EMP030150,EQ00000434,L2,Process Isolation,False,False,False,Inspector
EMP036441,EQ00002611,L2,Machine Tool Operation,False,False,False,Inspector
EMP019176,EQ00002611,L3,Machine Tool Operation,False,False,False,Operator
EMP000652,EQ00002611,L4,Machine Tool Operation,True,False,False,Inspector
EMP021466,EQ00000583,L5,Line of Fire Awareness,True,True,True,Inspector
EMP042843,EQ00000583,L4,Line of Fire Awareness,True,True,True,Operator
EMP000323,EQ00000583,L4,Line of Fire Awareness,True,False,False,Inspector
EMP036494,EQ00000583,L3,Line of Fire Awareness,True,False,False,Supervisor
EMP003069,EQ00000583,L3,Line of Fire Awareness,False,False,False,Supervisor
EMP004977,EQ00000583,L2,Line of Fire Awareness,True,False,False,Maintenance
EMP003555,EQ00000583,L2,Line of Fire Awareness,False,False,False,Inspector
EMP042616,EQ00001124,L4,Alignment,True,False,False,Inspector
EMP013011,EQ00001124,L4,Alignment,True,True,True,Maintenance
EMP029886,EQ00001124,L3,Alignment,False,False,False,Supervisor
EMP030107,EQ00001124,L2,Alignment,True,False,False,Operator
EMP041973,EQ00000603,L3,Rig Floor Safety,False,True,False,Supervisor
EMP028154,EQ00000603,L4,Rig Floor Safety,False,False,False,Operator
EMP023408,EQ00000603,L4,Rig Floor Safety,False,True,False,Operator
EMP019263,EQ00000603,L2,Rig Floor Safety,False,False,False,Operator
EMP013890,EQ00000603,L4,Rig Floor Safety,True,True,False,Maintenance
EMP006378,EQ00000603,L5,Rig Floor Safety,False,True,False,Maintenance
EMP027746,EQ00000603,L3,Rig Floor Safety,False,False,False,Maintenance
EMP021549,EQ00001865,L4,Process Operations,True,True,True,Maintenance
EMP048291,EQ00001865,L3,Process Operations,True,True,False,Operator
EMP000395,EQ00001865,L3,Process Operations,False,False,False,Maintenance
EMP040154,EQ00001865,L4,Process Operations,True,True,True,Operator
EMP035229,EQ00001865,L4,Process Operations,True,True,True,Inspector
EMP030746,EQ00001865,L6,Process Operations,True,True,True,Inspector
EMP010948,EQ00001865,L5,Process Operations,True,True,True,Inspector
EMP016871,EQ00001865,L4,Process Operations,True,False,False,Inspector
EMP018689,EQ00002450,L3,LOTO,False,False,False,Operator
EMP010024,EQ00002450,L2,LOTO,False,False,False,Supervisor
EMP030783,EQ00001559,L3,Well Control,True,False,False,Supervisor
EMP014542,EQ00001559,L4,Well Control,True,False,False,Maintenance
EMP027273,EQ00001559,L6,Well Control,True,True,True,Maintenance
EMP010969,EQ00001559,L4,Well Control,True,False,False,Operator
EMP023697,EQ00001559,L4,Well Control,False,False,False,Maintenance
EMP048815,EQ00001559,L2,Well Control,False,False,False,Inspector
EMP013032,EQ00001559,L3,Well Control,False,False,False,Supervisor
EMP030040,EQ00001559,L2,Well Control,False,False,False,Operator
EMP018466,EQ00000636,L5,Electrical Safety,True,True,True,Operator
EMP003702,EQ00000636,L4,Electrical Safety,False,True,False,Maintenance
EMP031275,EQ00000636,L5,Electrical Safety,True,True,True,Operator
EMP035995,EQ00000636,L3,Electrical Safety,False,False,False,Maintenance
EMP014896,EQ00000636,L2,Electrical Safety,False,False,False,Operator
EMP005186,EQ00000660,L6,Defensive Driving,True,True,True,Maintenance
EMP030643,EQ00000660,L4,Defensive Driving,False,False,False,Maintenance
EMP003253,EQ00000660,L4,Defensive Driving,False,False,False,Maintenance
EMP023396,EQ00001724,L3,Welding Safety,False,False,False,Maintenance
EMP032648,EQ00001724,L2,Welding Safety,False,False,False,Maintenance
EMP033927,EQ00001724,L5,Welding Safety,True,True,True,Maintenance
EMP040056,EQ00001724,L4,Welding Safety,True,False,False,Inspector
EMP009176,EQ00001724,L3,Welding Safety,False,False,False,Inspector
EMP000787,EQ00001252,L4,Mechanical Inspection,True,True,True,Maintenance
EMP015205,EQ00001252,L3,Mechanical Inspection,False,False,False,Maintenance
EMP040509,EQ00001252,L5,Mechanical Inspection,True,True,True,Supervisor
EMP017333,EQ00002441,L2,Pressure Testing,False,False,False,Inspector
EMP008291,EQ00002441,L6,Pressure Testing,True,True,True,Operator
EMP031289,EQ00002441,L3,Pressure Testing,False,False,False,Supervisor
EMP002367,EQ00002441,L2,Pressure Testing,False,False,False,Supervisor
EMP010060,EQ00002441,L3,Pressure Testing,False,False,False,Supervisor
EMP018775,EQ00002441,L3,Pressure Testing,False,False,False,Inspector
EMP042809,EQ00000823,L5,Electrical Isolation/LOTO,True,False,False,Maintenance
EMP030106,EQ00000823,L3,Electrical Isolation/LOTO,False,False,False,Maintenance
EMP035362,EQ00000823,L5,Electrical Isolation/LOTO,True,True,True,Inspector
EMP005693,EQ00000823,L4,Electrical Isolation/LOTO,False,False,False,Supervisor
EMP018647,EQ00000033,L3,Fire Water Systems,False,False,False,Maintenance
EMP004053,EQ00000033,L5,Fire Water Systems,True,True,True,Supervisor
EMP002978,EQ00000033,L2,Fire Water Systems,False,True,False,Inspector
EMP038775,EQ00000033,L3,Fire Water Systems,False,False,False,Operator
EMP021109,EQ00000033,L2,Fire Water Systems,False,False,False,Operator
EMP008175,EQ00000572,L4,LOTO,False,False,False,Supervisor
EMP000191,EQ00000572,L2,LOTO,False,False,False,Inspector
EMP034617,EQ00000572,L3,LOTO,False,False,False,Maintenance
EMP002686,EQ00000572,L2,LOTO,False,False,False,Inspector
EMP004678,EQ00000572,L6,LOTO,True,True,True,Supervisor
EMP034134,EQ00001668,L6,Machine Tool Operation,True,True,True,Maintenance
EMP031408,EQ00001668,L4,Machine Tool Operation,True,False,False,Supervisor
EMP005951,EQ00001668,L2,Machine Tool Operation,False,False,False,Maintenance
EMP028088,EQ00001668,L5,Machine Tool Operation,True,True,True,Inspector
EMP002283,EQ00000294,L3,Permit to Work,True,False,False,Operator
EMP007247,EQ00000294,L4,Permit to Work,False,False,False,Maintenance
EMP043124,EQ00000294,L3,Permit to Work,True,False,False,Supervisor
EMP000032,EQ00001812,L2,Pressure Vessel Safety,False,False,False,Supervisor
EMP036931,EQ00001812,L3,Pressure Vessel Safety,False,False,False,Inspector
EMP010895,EQ00001812,L4,Pressure Vessel Safety,True,False,False,Inspector
EMP044017,EQ00001812,L2,Pressure Vessel Safety,False,False,False,Operator
EMP035154,EQ00001812,L4,Pressure Vessel Safety,False,False,False,Maintenance
EMP019489,EQ00001453,L3,Electrical Isolation/LOTO,False,False,False,Maintenance
EMP010941,EQ00001453,L4,Electrical Isolation/LOTO,True,True,True,Inspector
EMP049600,EQ00001453,L3,Electrical Isolation/LOTO,False,False,False,Maintenance
EMP039478,EQ00001453,L2,Electrical Isolation/LOTO,False,True,False,Inspector
EMP007858,EQ00001453,L3,Electrical Isolation/LOTO,False,False,False,Operator
EMP005755,EQ00001453,L5,Electrical Isolation/LOTO,True,True,True,Operator
EMP005500,EQ00000373,L4,Gas Detection,False,False,False,Operator
EMP007319,EQ00000373,L3,Gas Detection,False,False,False,Maintenance
EMP039404,EQ00000373,L5,Gas Detection,True,True,True,Maintenance
EMP033895,EQ00000061,L4,Line of Fire Awareness,True,True,True,Supervisor
EMP031549,EQ00000061,L5,Line of Fire Awareness,True,True,True,Maintenance
EMP031063,EQ00000061,L3,Line of Fire Awareness,False,False,False,Maintenance
EMP010149,EQ00000061,L5,Line of Fire Awareness,True,False,False,Maintenance
EMP022644,EQ00000061,L2,Line of Fire Awareness,True,False,False,Supervisor
EMP019242,EQ00000061,L2,Line of Fire Awareness,True,True,False,Supervisor
EMP032519,EQ00000061,L4,Line of Fire Awareness,True,True,True,Supervisor
EMP010939,EQ00000061,L2,Line of Fire Awareness,False,False,False,Operator
EMP003683,EQ00002417,L4,LOTO,True,False,False,Inspector
EMP030740,EQ00002417,L4,LOTO,False,False,False,Maintenance
EMP043664,EQ00002417,L5,LOTO,True,True,True,Operator
EMP023031,EQ00002417,L3,LOTO,True,False,False,Inspector
EMP022349,EQ00002417,L3,LOTO,False,False,False,Maintenance
EMP011184,EQ00002417,L4,LOTO,False,False,False,Maintenance
EMP025000,EQ00002417,L6,LOTO,True,True,True,Operator
EMP004105,EQ00002417,L3,LOTO,True,False,False,Supervisor
EMP049147,EQ00000816,L4,Workshop Safety,False,False,False,Inspector
EMP005565,EQ00000816,L5,Workshop Safety,True,False,False,Maintenance
EMP025636,EQ00000816,L6,Workshop Safety,True,True,True,Operator
EMP035167,EQ00000816,L3,Workshop Safety,False,False,False,Inspector
EMP047802,EQ00000816,L3,Workshop Safety,False,False,False,Inspector
EMP045060,EQ00001719,L5,Process Isolation,True,True,True,Supervisor
EMP049344,EQ00001719,L3,Process Isolation,False,False,False,Inspector
EMP005623,EQ00001719,L5,Process Isolation,True,True,True,Operator
EMP007032,EQ00001719,L3,Process Isolation,True,True,False,Operator
EMP018769,EQ00001719,L4,Process Isolation,False,False,False,Maintenance
EMP009018,EQ00002349,L5,Process Operations,True,True,True,Supervisor
EMP033260,EQ00002349,L4,Process Operations,False,True,False,Operator
EMP032241,EQ00002349,L4,Process Operations,True,False,False,Supervisor
EMP019002,EQ00002349,L3,Process Operations,False,True,False,Supervisor
EMP047000,EQ00002349,L3,Process Operations,False,True,False,Maintenance
EMP022221,EQ00002349,L3,Process Operations,False,False,False,Supervisor
EMP014220,EQ00002349,L3,Process Operations,True,False,False,Inspector
EMP002644,EQ00001221,L4,SIS/ESD,False,False,False,Maintenance
EMP034053,EQ00001221,L4,SIS/ESD,True,False,False,Supervisor
EMP033529,EQ00001221,L3,SIS/ESD,False,False,False,Supervisor
EMP008895,EQ00001221,L2,SIS/ESD,False,False,False,Maintenance
EMP027961,EQ00002141,L4,Pressure Vessel Safety,True,True,True,Inspector
EMP010267,EQ00002141,L3,Pressure Vessel Safety,False,False,False,Inspector
EMP009801,EQ00002141,L4,Pressure Vessel Safety,True,True,True,Operator
EMP022228,EQ00002141,L3,Pressure Vessel Safety,True,False,False,Supervisor
EMP003868,EQ00002141,L4,Pressure Vessel Safety,True,True,True,Operator
EMP049394,EQ00002141,L4,Pressure Vessel Safety,True,True,True,Maintenance
EMP044593,EQ00002141,L3,Pressure Vessel Safety,True,False,False,Inspector
EMP021889,EQ00002141,L5,Pressure Vessel Safety,True,True,True,Operator
EMP023596,EQ00000664,L4,Pump Maintenance,True,False,False,Operator
EMP023438,EQ00000664,L3,Pump Maintenance,False,False,False,Maintenance
EMP014390,EQ00000664,L3,Pump Maintenance,False,False,False,Operator
EMP001873,EQ00001030,L3,Mechanical Inspection,False,False,False,Maintenance
EMP027397,EQ00001030,L2,Mechanical Inspection,True,False,False,Maintenance
EMP013407,EQ00001030,L4,Mechanical Inspection,False,False,False,Operator
EMP005391,EQ00001030,L2,Mechanical Inspection,False,False,False,Inspector
EMP008668,EQ00001030,L2,Mechanical Inspection,False,False,False,Maintenance
EMP038487,EQ00001030,L3,Mechanical Inspection,True,False,False,Maintenance
EMP009650,EQ00001030,L3,Mechanical Inspection,False,False,False,Operator
EMP044534,EQ00001030,L3,Mechanical Inspection,False,False,False,Inspector
EMP007158,EQ00002273,L3,Permit to Work,False,False,False,Operator
EMP016861,EQ00002273,L3,Permit to Work,True,False,False,Operator
EMP039572,EQ00002273,L4,Permit to Work,False,False,False,Operator
EMP010826,EQ00002273,L3,Permit to Work,False,False,False,Inspector
EMP039220,EQ00002273,L3,Permit to Work,True,True,False,Operator
EMP008615,EQ00002273,L3,Permit to Work,False,False,False,Operator
EMP033781,EQ00002273,L6,Permit to Work,True,True,True,Inspector
EMP038160,EQ00002273,L5,Permit to Work,True,True,True,Maintenance
EMP013982,EQ00002645,L5,Control Systems,False,True,False,Inspector
EMP036408,EQ00002645,L3,Control Systems,True,False,False,Inspector
EMP019608,EQ00002645,L3,Control Systems,False,True,False,Operator
EMP015826,EQ00002645,L3,Control Systems,False,False,False,Operator
EMP017196,EQ00002645,L3,Control Systems,True,True,False,Inspector
EMP016734,EQ00001001,L4,Defensive Driving,False,True,False,Supervisor
EMP003653,EQ00001001,L5,Defensive Driving,True,False,False,Operator
EMP003723,EQ00001001,L5,Defensive Driving,True,True,True,Operator
EMP043163,EQ00001001,L3,Defensive Driving,False,True,False,Supervisor
EMP024540,EQ00001001,L4,Defensive Driving,False,False,False,Inspector
EMP008469,EQ00001001,L3,Defensive Driving,False,False,False,Maintenance
EMP041997,EQ00002086,L4,Drilling Operations,False,False,False,Supervisor
EMP039855,EQ00002086,L3,Drilling Operations,False,False,False,Maintenance
EMP038503,EQ00002086,L4,Drilling Operations,False,False,False,Inspector
EMP006600,EQ00002086,L4,Drilling Operations,False,False,False,Supervisor
EMP005541,EQ00001360,L2,Isolation/LOTO,False,False,False,Operator
EMP000142,EQ00001360,L3,Isolation/LOTO,False,False,False,Operator
EMP017598,EQ00001360,L2,Isolation/LOTO,False,False,False,Supervisor
EMP006448,EQ00001360,L3,Isolation/LOTO,False,False,False,Inspector
EMP011707,EQ00001360,L6,Isolation/LOTO,True,True,True,Maintenance
EMP034883,EQ00001360,L5,Isolation/LOTO,True,True,True,Operator
EMP027584,EQ00001360,L5,Isolation/LOTO,False,True,False,Operator
EMP001497,EQ00002464,L4,Permit to Work,False,False,False,Inspector
EMP022180,EQ00002464,L2,Permit to Work,False,False,False,Maintenance
EMP047521,EQ00002464,L6,Permit to Work,True,True,True,Maintenance
EMP003246,EQ00000705,L2,Mechanical Inspection,False,True,False,Maintenance
EMP007965,EQ00000705,L4,Mechanical Inspection,True,False,False,Maintenance
EMP022829,EQ00000705,L3,Mechanical Inspection,False,False,False,Inspector
EMP033343,EQ00000705,L2,Mechanical Inspection,True,True,False,Maintenance
EMP019787,EQ00000705,L3,Mechanical Inspection,True,False,False,Supervisor
EMP003036,EQ00001777,L3,Rig Floor Safety,True,False,False,Operator
EMP015890,EQ00001777,L5,Rig Floor Safety,True,True,True,Operator
EMP033857,EQ00001777,L4,Rig Floor Safety,False,False,False,Operator
EMP014657,EQ00001777,L4,Rig Floor Safety,False,False,False,Maintenance
EMP044772,EQ00001777,L3,Rig Floor Safety,False,False,False,Supervisor
EMP005156,EQ00001777,L3,Rig Floor Safety,False,False,False,Supervisor
EMP035867,EQ00001777,L4,Rig Floor Safety,False,True,False,Operator
EMP042445,EQ00000065,L2,Arc Flash Awareness,False,False,False,Operator
EMP004015,EQ00000065,L4,Arc Flash Awareness,False,False,False,Supervisor
EMP010087,EQ00000065,L4,Arc Flash Awareness,False,False,False,Supervisor
EMP041778,EQ00000119,L2,Crane Operation,True,False,False,Inspector
EMP026565,EQ00000119,L3,Crane Operation,True,False,False,Operator
EMP018556,EQ00000119,L6,Crane Operation,True,True,True,Supervisor
EMP015093,EQ00000119,L3,Crane Operation,True,False,False,Supervisor
EMP033789,EQ00000119,L5,Crane Operation,False,True,False,Supervisor
EMP044438,EQ00000119,L4,Crane Operation,False,False,False,Supervisor
EMP040493,EQ00000039,L2,Crane Operation,True,False,False,Supervisor
EMP019361,EQ00000039,L2,Crane Operation,True,True,False,Inspector
EMP043305,EQ00000039,L6,Crane Operation,True,False,False,Supervisor
EMP044914,EQ00000039,L3,Crane Operation,False,False,False,Operator
EMP007361,EQ00000039,L4,Crane Operation,True,False,False,Supervisor
EMP049288,EQ00001097,L3,LOTO,False,True,False,Operator
EMP046998,EQ00001097,L3,LOTO,False,False,False,Maintenance
EMP037582,EQ00001097,L5,LOTO,True,False,False,Supervisor
EMP015285,EQ00000794,L4,Drilling Operations,False,True,False,Inspector
EMP006117,EQ00000794,L4,Drilling Operations,False,False,False,Inspector
EMP008536,EQ00000794,L3,Drilling Operations,False,True,False,Inspector
EMP037173,EQ00000794,L3,Drilling Operations,True,False,False,Supervisor
EMP046172,EQ00000794,L3,Drilling Operations,False,False,False,Supervisor
EMP047511,EQ00001588,L3,Vehicle Inspection,False,False,False,Inspector
EMP031447,EQ00001588,L3,Vehicle Inspection,True,False,False,Operator
EMP001133,EQ00001588,L2,Vehicle Inspection,False,False,False,Maintenance
EMP040913,EQ00001588,L3,Vehicle Inspection,False,True,False,Inspector
EMP021191,EQ00001588,L3,Vehicle Inspection,False,True,False,Operator
EMP009396,EQ00001588,L2,Vehicle Inspection,False,False,False,Supervisor
EMP023354,EQ00002797,L3,Line of Fire Awareness,False,True,False,Maintenance
EMP033503,EQ00002797,L4,Line of Fire Awareness,False,False,False,Supervisor
EMP025762,EQ00002797,L4,Line of Fire Awareness,True,False,False,Supervisor
EMP024229,EQ00002797,L3,Line of Fire Awareness,False,False,False,Operator
EMP002658,EQ00002797,L5,Line of Fire Awareness,True,True,True,Supervisor
EMP017885,EQ00002797,L3,Line of Fire Awareness,False,False,False,Inspector
EMP019918,EQ00002797,L3,Line of Fire Awareness,True,False,False,Operator
EMP005679,EQ00002797,L4,Line of Fire Awareness,False,False,False,Operator
EMP044363,EQ00000468,L3,Instrumentation,False,False,False,Inspector
EMP046472,EQ00000468,L4,Instrumentation,True,True,True,Operator
EMP038677,EQ00000468,L4,Instrumentation,True,False,False,Supervisor
EMP023485,EQ00000468,L3,Instrumentation,False,True,False,Supervisor
EMP016896,EQ00000468,L4,Instrumentation,True,True,True,Operator
EMP033843,EQ00000468,L4,Instrumentation,True,True,True,Supervisor
EMP041562,EQ00000559,L5,Permit to Work,True,False,False,Inspector
EMP035182,EQ00000559,L3,Permit to Work,False,False,False,Supervisor
EMP006294,EQ00001909,L3,Electrical Isolation/LOTO,False,False,False,Inspector
EMP030478,EQ00001909,L3,Electrical Isolation/LOTO,False,False,False,Maintenance
EMP002904,EQ00001909,L3,Electrical Isolation/LOTO,False,True,False,Inspector
EMP003591,EQ00001329,L6,Hydrotest Safety,True,True,True,Maintenance
EMP021866,EQ00001329,L6,Hydrotest Safety,True,True,True,Supervisor
EMP008687,EQ00001329,L3,Hydrotest Safety,False,False,False,Maintenance
EMP037767,EQ00001329,L6,Hydrotest Safety,False,False,False,Maintenance
EMP042894,EQ00000978,L3,LOTO,True,False,False,Supervisor
EMP033927,EQ00000978,L5,LOTO,True,True,True,Operator
EMP003948,EQ00000978,L4,LOTO,False,False,False,Supervisor
EMP047337,EQ00000978,L5,LOTO,True,True,True,Maintenance
EMP046764,EQ00000978,L2,LOTO,True,False,False,Inspector
EMP029487,EQ00000978,L4,LOTO,False,False,False,Maintenance
EMP014399,EQ00000978,L4,LOTO,True,False,False,Supervisor
EMP005878,EQ00000978,L4,LOTO,False,False,False,Maintenance
EMP011432,EQ00001494,L4,Crane Operation,True,True,True,Maintenance
EMP016201,EQ00001494,L4,Crane Operation,True,True,True,Operator
EMP001112,EQ00001494,L3,Crane Operation,False,False,False,Operator
EMP029966,EQ00001494,L2,Crane Operation,False,False,False,Supervisor
EMP013740,EQ00002545,L5,Motor Maintenance,True,True,True,Inspector
EMP031322,EQ00002545,L2,Motor Maintenance,False,False,False,Inspector
EMP026261,EQ00000187,L4,Process Isolation,False,False,False,Operator
EMP033120,EQ00000187,L4,Process Isolation,False,True,False,Operator
EMP028275,EQ00000187,L4,Process Isolation,True,False,False,Supervisor
EMP042118,EQ00000187,L2,Process Isolation,False,True,False,Supervisor
EMP008707,EQ00000187,L4,Process Isolation,False,False,False,Operator
EMP040664,EQ00000187,L3,Process Isolation,False,False,False,Maintenance
EMP038698,EQ00002299,L4,Pump Maintenance,False,False,False,Operator
EMP006110,EQ00002299,L6,Pump Maintenance,True,True,True,Supervisor
EMP001786,EQ00002299,L5,Pump Maintenance,False,True,False,Supervisor
EMP003384,EQ00002299,L3,Pump Maintenance,True,False,False,Inspector
EMP045480,EQ00002299,L5,Pump Maintenance,True,True,True,Supervisor
EMP006096,EQ00002299,L4,Pump Maintenance,False,False,False,Maintenance
EMP030161,EQ00001980,L2,Line of Fire Awareness,False,False,False,Inspector
EMP033544,EQ00001980,L3,Line of Fire Awareness,False,False,False,Maintenance
EMP023254,EQ00001980,L3,Line of Fire Awareness,True,True,False,Supervisor
EMP015235,EQ00001980,L2,Line of Fire Awareness,False,False,False,Maintenance
EMP035064,EQ00001980,L3,Line of Fire Awareness,False,False,False,Maintenance
EMP039759,EQ00000963,L3,Valve Maintenance,True,False,False,Maintenance
EMP047769,EQ00000963,L4,Valve Maintenance,True,True,True,Operator
EMP017417,EQ00000963,L4,Valve Maintenance,True,True,True,Supervisor
EMP049523,EQ00000312,L5,Valve Maintenance,True,True,True,Operator
EMP014370,EQ00000312,L4,Valve Maintenance,True,True,True,Inspector
EMP041793,EQ00000312,L2,Valve Maintenance,True,False,False,Inspector
EMP043714,EQ00000312,L4,Valve Maintenance,True,True,True,Supervisor
EMP034644,EQ00001871,L4,Hazardous Material Transport,False,True,False,Supervisor
EMP010007,EQ00001871,L2,Hazardous Material Transport,False,False,False,Inspector
EMP007735,EQ00001871,L2,Hazardous Material Transport,False,False,False,Maintenance
EMP038772,EQ00001871,L3,Hazardous Material Transport,True,True,False,Maintenance
EMP012526,EQ00000251,L4,Arc Flash Awareness,True,True,True,Inspector
EMP022978,EQ00000251,L3,Arc Flash Awareness,False,False,False,Inspector
EMP042178,EQ00000251,L5,Arc Flash Awareness,False,True,False,Maintenance
EMP015232,EQ00000251,L4,Arc Flash Awareness,True,True,True,Maintenance
EMP001300,EQ00000251,L4,Arc Flash Awareness,True,True,True,Supervisor
EMP019504,EQ00000251,L3,Arc Flash Awareness,False,False,False,Maintenance
EMP025388,EQ00000251,L3,Arc Flash Awareness,False,False,False,Operator
EMP026326,EQ00000120,L3,Electrical Safety,False,True,False,Supervisor
EMP039716,EQ00000120,L3,Electrical Safety,False,True,False,Inspector
EMP001455,EQ00000120,L2,Electrical Safety,False,False,False,Operator
EMP034878,EQ00000661,L2,Pump Maintenance,False,False,False,Inspector
EMP019596,EQ00000661,L3,Pump Maintenance,False,False,False,Maintenance
EMP035410,EQ00000661,L3,Pump Maintenance,True,False,False,Operator
EMP015254,EQ00000661,L4,Pump Maintenance,False,False,False,Supervisor
EMP007140,EQ00000661,L2,Pump Maintenance,False,True,False,Operator
EMP035763,EQ00000661,L3,Pump Maintenance,False,True,False,Operator
EMP012989,EQ00000661,L3,Pump Maintenance,False,True,False,Supervisor
EMP036118,EQ00000661,L4,Pump Maintenance,False,False,False,Supervisor
EMP007686,EQ00000880,L4,LOTO,False,False,False,Operator
EMP015488,EQ00000880,L2,LOTO,False,False,False,Inspector
EMP034646,EQ00000880,L3,LOTO,False,True,False,Inspector
EMP035997,EQ00000880,L2,LOTO,False,False,False,Maintenance
EMP040939,EQ00000880,L4,LOTO,False,False,False,Inspector
EMP004391,EQ00000880,L3,LOTO,False,False,False,Maintenance
EMP001179,EQ00000880,L4,LOTO,True,False,False,Supervisor
EMP036118,EQ00000956,L4,Switchgear Operation,False,False,False,Operator
EMP033517,EQ00000956,L5,Switchgear Operation,True,True,True,Inspector
EMP029483,EQ00000956,L4,Switchgear Operation,False,True,False,Operator
EMP049419,EQ00000956,L5,Switchgear Operation,True,True,True,Maintenance
EMP007892,EQ00001350,L3,Pressure Vessel Safety,False,True,False,Inspector
EMP032023,EQ00001350,L2,Pressure Vessel Safety,False,False,False,Operator
EMP049442,EQ00001350,L2,Pressure Vessel Safety,False,False,False,Supervisor
EMP004280,EQ00001350,L3,Pressure Vessel Safety,True,True,False,Inspector
EMP037650,EQ00001350,L2,Pressure Vessel Safety,False,False,False,Operator
EMP020134,EQ00001350,L3,Pressure Vessel Safety,True,False,False,Supervisor
EMP042707,EQ00001350,L5,Pressure Vessel Safety,True,True,True,Maintenance
EMP032809,EQ00002312,L3,Permit to Work,False,True,False,Supervisor
EMP012748,EQ00002312,L4,Permit to Work,True,False,False,Operator
EMP031092,EQ00002312,L4,Permit to Work,False,False,False,Inspector
EMP047434,EQ00002312,L5,Permit to Work,True,True,True,Maintenance
EMP003284,EQ00002312,L5,Permit to Work,True,True,True,Supervisor
EMP037033,EQ00002312,L5,Permit to Work,True,False,False,Maintenance
EMP049348,EQ00002807,L5,Permit to Work,False,True,False,Maintenance
EMP022090,EQ00002807,L3,Permit to Work,True,False,False,Operator
EMP045266,EQ00002807,L6,Permit to Work,True,True,True,Operator
EMP013237,EQ00002807,L3,Permit to Work,False,False,False,Operator
EMP011114,EQ00002807,L3,Permit to Work,True,False,False,Supervisor
EMP026168,EQ00001734,L3,Machine Tool Operation,False,True,False,Inspector
EMP013834,EQ00001734,L6,Machine Tool Operation,True,True,True,Maintenance
EMP022805,EQ00001734,L5,Machine Tool Operation,True,True,True,Supervisor
EMP032154,EQ00001734,L6,Machine Tool Operation,True,True,True,Inspector
EMP005525,EQ00000080,L4,Arc Flash Awareness,False,False,False,Inspector
EMP024840,EQ00000080,L5,Arc Flash Awareness,True,True,True,Operator
EMP009346,EQ00000080,L6,Arc Flash Awareness,True,True,True,Operator
EMP035220,EQ00000080,L4,Arc Flash Awareness,False,False,False,Maintenance
EMP038751,EQ00001055,L4,Lifting Operations,True,False,False,Inspector
EMP023054,EQ00001055,L4,Lifting Operations,False,True,False,Supervisor
EMP020061,EQ00001055,L3,Lifting Operations,False,False,False,Inspector
EMP023344,EQ00001055,L4,Lifting Operations,False,False,False,Operator
EMP016339,EQ00001055,L4,Lifting Operations,False,False,False,Inspector
EMP035664,EQ00001055,L4,Lifting Operations,False,False,False,Operator
EMP020697,EQ00001055,L3,Lifting Operations,True,True,False,Maintenance
EMP007599,EQ00001055,L6,Lifting Operations,True,True,True,Inspector
EMP025499,EQ00000928,L5,SIS/ESD,True,True,True,Inspector
EMP035842,EQ00000928,L2,SIS/ESD,False,False,False,Inspector
EMP010829,EQ00000928,L5,SIS/ESD,True,True,True,Inspector
EMP019460,EQ00000928,L2,SIS/ESD,False,True,False,Maintenance
EMP034760,EQ00000928,L5,SIS/ESD,True,True,True,Inspector
EMP015508,EQ00000928,L3,SIS/ESD,True,False,False,Operator
EMP020896,EQ00000928,L3,SIS/ESD,False,False,False,Operator
EMP039445,EQ00000928,L3,SIS/ESD,False,False,False,Supervisor
EMP020445,EQ00001223,L3,Line of Fire Awareness,True,False,False,Inspector
EMP039904,EQ00001223,L3,Line of Fire Awareness,False,True,False,Operator
EMP001931,EQ00001223,L4,Line of Fire Awareness,False,False,False,Maintenance
EMP031794,EQ00001223,L2,Line of Fire Awareness,True,False,False,Supervisor
EMP049942,EQ00001223,L3,Line of Fire Awareness,True,True,False,Supervisor
EMP042586,EQ00001223,L2,Line of Fire Awareness,False,False,False,Maintenance
EMP027174,EQ00000825,L5,Rigging,True,True,True,Operator
EMP001019,EQ00000825,L5,Rigging,True,True,True,Supervisor
EMP023872,EQ00000825,L5,Rigging,True,True,True,Maintenance
EMP017451,EQ00000825,L6,Rigging,True,True,True,Operator
EMP019837,EQ00000825,L3,Rigging,False,True,False,Inspector
EMP027341,EQ00001230,L4,Process Safety,False,True,False,Supervisor
EMP002746,EQ00001230,L4,Process Safety,False,False,False,Operator
EMP044594,EQ00001230,L3,Process Safety,False,True,False,Supervisor
EMP037031,EQ00001230,L2,Process Safety,False,False,False,Inspector
EMP005545,EQ00001230,L4,Process Safety,False,False,False,Operator
EMP023468,EQ00001230,L3,Process Safety,False,False,False,Inspector
EMP024180,EQ00001230,L3,Process Safety,False,False,False,Operator
EMP017455,EQ00001230,L3,Process Safety,False,False,False,Supervisor
EMP041659,EQ00000275,L3,Rigging,True,True,False,Maintenance
EMP008083,EQ00000275,L3,Rigging,False,False,False,Inspector
EMP029064,EQ00000275,L3,Rigging,True,False,False,Inspector
EMP017017,EQ00000275,L3,Rigging,False,False,False,Operator
EMP021752,EQ00000275,L4,Rigging,True,True,True,Operator
EMP035468,EQ00000275,L3,Rigging,False,True,False,Inspector
EMP009512,EQ00000523,L4,Rotating Equipment,True,True,True,Inspector
EMP028833,EQ00000523,L2,Rotating Equipment,False,False,False,Maintenance
EMP042567,EQ00001932,L4,Fire Fighting,False,False,False,Inspector
EMP042049,EQ00001932,L4,Fire Fighting,False,False,False,Supervisor
EMP033901,EQ00001932,L2,Fire Fighting,False,False,False,Supervisor
EMP029390,EQ00001932,L5,Fire Fighting,True,True,True,Maintenance
EMP017988,EQ00001932,L5,Fire Fighting,True,True,True,Supervisor
EMP040321,EQ00001932,L3,Fire Fighting,False,False,False,Inspector
EMP005217,EQ00001932,L3,Fire Fighting,False,False,False,Operator
EMP043289,EQ00001932,L4,Fire Fighting,False,False,False,Inspector
EMP036875,EQ00000096,L2,Line of Fire Awareness,False,False,False,Supervisor
EMP015826,EQ00000096,L3,Line of Fire Awareness,False,False,False,Maintenance
EMP047448,EQ00000096,L6,Line of Fire Awareness,True,True,True,Operator
EMP041770,EQ00000096,L2,Line of Fire Awareness,False,False,False,Operator
EMP000791,EQ00000096,L2,Line of Fire Awareness,True,False,False,Inspector
EMP011489,EQ00000552,L4,Fire Water Systems,False,False,False,Operator
EMP010372,EQ00000552,L5,Fire Water Systems,True,True,True,Maintenance
EMP031412,EQ00000552,L3,Fire Water Systems,True,False,False,Inspector
EMP043550,EQ00000552,L3,Fire Water Systems,True,False,False,Supervisor
EMP011470,EQ00000552,L5,Fire Water Systems,True,True,True,Supervisor
EMP001263,EQ00000552,L3,Fire Water Systems,False,False,False,Inspector
EMP032791,EQ00000552,L2,Fire Water Systems,False,False,False,Inspector
EMP020913,EQ00001084,L4,Environmental Monitoring,True,True,True,Inspector
EMP038156,EQ00001084,L5,Environmental Monitoring,True,True,True,Maintenance
EMP009078,EQ00001084,L4,Environmental Monitoring,True,True,True,Supervisor
EMP023002,EQ00001438,L3,LOTO,False,False,False,Maintenance
EMP049028,EQ00001438,L5,LOTO,False,True,False,Supervisor
EMP007933,EQ00001438,L4,LOTO,True,False,False,Supervisor
EMP036575,EQ00001438,L2,LOTO,False,True,False,Inspector
EMP013267,EQ00001550,L2,Valve Maintenance,True,True,False,Maintenance
EMP038301,EQ00001550,L5,Valve Maintenance,True,True,True,Maintenance
EMP023491,EQ00001550,L4,Valve Maintenance,False,False,False,Inspector
EMP045628,EQ00001550,L4,Valve Maintenance,True,False,False,Operator
EMP013722,EQ00001550,L4,Valve Maintenance,False,False,False,Maintenance
EMP037696,EQ00000316,L3,Process Operations,False,False,False,Maintenance
EMP041206,EQ00000316,L3,Process Operations,True,False,False,Operator
EMP020890,EQ00000316,L3,Process Operations,False,False,False,Maintenance
EMP006796,EQ00000316,L3,Process Operations,False,False,False,Operator
EMP012151,EQ00000316,L3,Process Operations,True,False,False,Inspector
EMP032941,EQ00000316,L4,Process Operations,False,False,False,Inspector
EMP043898,EQ00000316,L3,Process Operations,False,False,False,Inspector
EMP047002,EQ00000804,L3,Process Operations,False,True,False,Supervisor
EMP021012,EQ00000804,L3,Process Operations,False,True,False,Supervisor
EMP041717,EQ00000804,L3,Process Operations,False,False,False,Operator
EMP018752,EQ00002559,L4,Drilling Operations,False,False,False,Operator
EMP005810,EQ00002559,L3,Drilling Operations,False,False,False,Supervisor
EMP017025,EQ00002559,L4,Drilling Operations,False,False,False,Inspector
EMP037212,EQ00002559,L5,Drilling Operations,True,True,True,Inspector
EMP014916,EQ00002559,L2,Drilling Operations,False,False,False,Inspector
EMP018398,EQ00002559,L3,Drilling Operations,True,False,False,Maintenance
EMP044523,EQ00002559,L3,Drilling Operations,False,False,False,Operator
EMP027597,EQ00000707,L2,Permit to Work,False,False,False,Maintenance
EMP020253,EQ00000707,L5,Permit to Work,True,True,True,Operator
EMP009319,EQ00000707,L4,Permit to Work,True,False,False,Supervisor
EMP028680,EQ00000707,L2,Permit to Work,False,False,False,Supervisor
EMP009971,EQ00000707,L2,Permit to Work,False,False,False,Supervisor
EMP009365,EQ00000707,L3,Permit to Work,True,False,False,Maintenance
EMP005418,EQ00001937,L3,Motor Maintenance,False,True,False,Operator
EMP041325,EQ00001937,L5,Motor Maintenance,True,True,True,Maintenance
EMP049599,EQ00001937,L4,Motor Maintenance,False,False,False,Inspector
EMP023055,EQ00001770,L2,Gas Testing,False,True,False,Inspector
EMP009296,EQ00001770,L5,Gas Testing,True,True,True,Supervisor
EMP029156,EQ00001770,L3,Gas Testing,True,True,True,Supervisor
EMP049258,EQ00001770,L4,Gas Testing,True,True,True,Operator
EMP004770,EQ00001770,L3,Gas Testing,True,True,True,Maintenance
EMP003834,EQ00001770,L3,Gas Testing,True,True,True,Supervisor
EMP037201,EQ00001770,L2,Gas Testing,False,False,False,Operator
EMP039805,EQ00001273,L3,Pump Maintenance,True,False,False,Supervisor
EMP027195,EQ00001273,L4,Pump Maintenance,True,True,True,Inspector
EMP006310,EQ00001273,L5,Pump Maintenance,True,True,True,Operator
EMP043584,EQ00001273,L2,Pump Maintenance,False,False,False,Supervisor
EMP004293,EQ00001273,L4,Pump Maintenance,True,True,True,Maintenance
EMP035237,EQ00001273,L4,Pump Maintenance,True,True,True,Operator
EMP031089,EQ00001273,L3,Pump Maintenance,True,False,False,Operator
EMP028498,EQ00001273,L4,Pump Maintenance,False,True,False,Operator
EMP011053,EQ00002590,L4,LOTO,True,True,True,Supervisor
EMP033189,EQ00002590,L3,LOTO,False,False,False,Operator
EMP001983,EQ00002590,L3,LOTO,False,False,False,Inspector
EMP001138,EQ00000470,L3,Journey Management,False,False,False,Operator
EMP034647,EQ00000470,L4,Journey Management,True,True,True,Inspector
EMP004813,EQ00000470,L2,Journey Management,False,True,False,Operator
EMP030416,EQ00000470,L2,Journey Management,False,False,False,Operator
EMP022808,EQ00001836,L3,Pressure Testing,False,True,False,Maintenance
EMP026741,EQ00001836,L4,Pressure Testing,True,False,False,Inspector
EMP038809,EQ00001836,L2,Pressure Testing,False,False,False,Inspector
EMP033737,EQ00001836,L3,Pressure Testing,True,False,False,Maintenance
EMP049747,EQ00001836,L3,Pressure Testing,False,False,False,Supervisor
EMP015213,EQ00001836,L5,Pressure Testing,True,True,True,Operator
EMP032728,EQ00002808,L4,Well Control,False,False,False,Supervisor
EMP020587,EQ00002808,L3,Well Control,False,False,False,Supervisor
EMP017232,EQ00001704,L4,Machine Tool Operation,False,False,False,Operator
EMP005297,EQ00001704,L3,Machine Tool Operation,False,False,False,Inspector
EMP041777,EQ00001704,L5,Machine Tool Operation,False,True,False,Operator
EMP016722,EQ00001704,L3,Machine Tool Operation,False,True,False,Inspector
EMP017524,EQ00001704,L5,Machine Tool Operation,True,True,True,Inspector
EMP006367,EQ00001704,L3,Machine Tool Operation,False,False,False,Supervisor
EMP047408,EQ00001704,L2,Machine Tool Operation,False,False,False,Maintenance
EMP017078,EQ00002084,L3,Pressure Systems Safety,False,True,False,Maintenance
EMP030481,EQ00002084,L4,Pressure Systems Safety,False,False,False,Inspector
EMP048635,EQ00002084,L5,Pressure Systems Safety,True,False,False,Supervisor
EMP026697,EQ00002084,L2,Pressure Systems Safety,True,True,False,Operator
EMP014809,EQ00002084,L4,Pressure Systems Safety,False,True,False,Maintenance
EMP012608,EQ00002084,L5,Pressure Systems Safety,True,True,True,Supervisor
EMP023297,EQ00002310,L4,Rigging,False,False,False,Inspector
EMP038774,EQ00002310,L3,Rigging,False,False,False,Inspector
EMP047158,EQ00001057,L3,LOTO,True,True,True,Maintenance
EMP000051,EQ00001057,L6,LOTO,True,True,True,Inspector
EMP028977,EQ00002508,L2,Emergency Response,False,True,False,Supervisor
EMP007469,EQ00002508,L4,Emergency Response,False,False,False,Inspector
EMP030572,EQ00001461,L4,LOTO,True,True,True,Operator
EMP019078,EQ00001461,L2,LOTO,False,False,False,Supervisor
EMP017967,EQ00001461,L5,LOTO,True,True,True,Operator
EMP000711,EQ00001461,L4,LOTO,True,True,True,Supervisor
EMP042899,EQ00000282,L2,Process Isolation,True,False,False,Operator
EMP032250,EQ00000282,L3,Process Isolation,False,False,False,Supervisor
EMP024869,EQ00000282,L3,Process Isolation,False,False,False,Inspector
EMP037969,EQ00002342,L3,Control Systems,False,True,False,Operator
EMP037679,EQ00002342,L4,Control Systems,False,False,False,Maintenance
EMP001151,EQ00000217,L4,Pressure Vessel Safety,False,False,False,Maintenance
EMP035616,EQ00000217,L5,Pressure Vessel Safety,True,True,True,Operator
EMP033420,EQ00000217,L4,Pressure Vessel Safety,False,True,False,Operator
EMP018778,EQ00000217,L4,Pressure Vessel Safety,False,False,False,Operator
EMP043837,EQ00000217,L5,Pressure Vessel Safety,True,True,True,Supervisor
EMP010820,EQ00001133,L3,Alignment,False,False,False,Supervisor
EMP037242,EQ00001133,L2,Alignment,True,True,False,Supervisor
EMP013645,EQ00001133,L4,Alignment,False,False,False,Maintenance
EMP014930,EQ00001133,L3,Alignment,False,False,False,Supervisor
EMP046196,EQ00001133,L4,Alignment,True,False,False,Operator
EMP012758,EQ00001133,L5,Alignment,True,True,True,Inspector
EMP001618,EQ00000631,L4,Arc Flash Awareness,False,False,False,Inspector
EMP037605,EQ00000631,L2,Arc Flash Awareness,False,False,False,Maintenance
EMP047124,EQ00000631,L4,Arc Flash Awareness,False,True,False,Operator
EMP001614,EQ00000631,L3,Arc Flash Awareness,False,False,False,Supervisor
EMP003178,EQ00000631,L5,Arc Flash Awareness,True,True,True,Inspector
EMP028492,EQ00000631,L3,Arc Flash Awareness,False,False,False,Inspector
EMP023276,EQ00002238,L2,Permit to Work,True,False,False,Inspector
EMP029525,EQ00002238,L3,Permit to Work,False,True,False,Operator
EMP025080,EQ00002238,L4,Permit to Work,True,False,False,Supervisor
EMP002340,EQ00002525,L3,SIS/ESD,False,False,False,Maintenance
EMP018908,EQ00002525,L4,SIS/ESD,False,False,False,Maintenance
EMP044025,EQ00002525,L4,SIS/ESD,False,False,False,Supervisor
EMP039051,EQ00001986,L3,Drilling Operations,False,False,False,Inspector
EMP049531,EQ00001986,L4,Drilling Operations,False,False,False,Maintenance
EMP011297,EQ00001986,L3,Drilling Operations,False,True,False,Operator
EMP036500,EQ00001986,L6,Drilling Operations,True,True,True,Inspector
EMP001955,EQ00001986,L6,Drilling Operations,True,True,True,Operator
EMP034560,EQ00001986,L5,Drilling Operations,True,True,True,Maintenance
EMP039550,EQ00001986,L4,Drilling Operations,False,False,False,Operator
EMP048136,EQ00001986,L2,Drilling Operations,False,False,False,Supervisor
EMP040742,EQ00002240,L2,Permit to Work,False,False,False,Inspector
EMP027716,EQ00002240,L2,Permit to Work,False,False,False,Supervisor
EMP009958,EQ00002240,L4,Permit to Work,True,True,False,Inspector
EMP006427,EQ00002240,L6,Permit to Work,True,True,True,Supervisor
EMP004521,EQ00002240,L5,Permit to Work,True,True,True,Inspector
EMP042881,EQ00002240,L5,Permit to Work,True,True,True,Maintenance
EMP014238,EQ00002240,L3,Permit to Work,True,True,False,Supervisor
EMP018729,EQ00000022,L3,Rigging,False,False,False,Maintenance
EMP030630,EQ00000022,L3,Rigging,False,False,False,Inspector
EMP011505,EQ00000022,L4,Rigging,True,True,True,Inspector
EMP010973,EQ00000022,L3,Rigging,False,False,False,Operator
EMP028863,EQ00000022,L3,Rigging,False,False,False,Inspector
EMP013070,EQ00000022,L4,Rigging,True,True,True,Operator
EMP040193,EQ00000022,L4,Rigging,True,True,True,Maintenance
EMP012711,EQ00000022,L2,Rigging,True,True,False,Inspector
EMP017516,EQ00002551,L6,Hydrotest Safety,True,True,True,Maintenance
EMP035217,EQ00002551,L3,Hydrotest Safety,False,False,False,Inspector
EMP030712,EQ00002551,L2,Hydrotest Safety,True,False,False,Operator
EMP039966,EQ00002551,L3,Hydrotest Safety,False,False,False,Operator
EMP008111,EQ00002551,L3,Hydrotest Safety,False,False,False,Operator
EMP045353,EQ00002551,L3,Hydrotest Safety,False,False,False,Inspector
EMP043366,EQ00002551,L3,Hydrotest Safety,False,False,False,Supervisor
EMP024897,EQ00002551,L4,Hydrotest Safety,True,True,True,Operator
EMP033885,EQ00000409,L4,Hazardous Material Transport,False,False,False,Inspector
EMP019065,EQ00000409,L2,Hazardous Material Transport,False,True,False,Inspector
EMP014202,EQ00000409,L5,Hazardous Material Transport,True,True,True,Operator
EMP012106,EQ00002054,L5,Electrical Isolation/LOTO,True,True,True,Operator
EMP004096,EQ00002054,L3,Electrical Isolation/LOTO,False,False,False,Inspector
EMP013889,EQ00002054,L3,Electrical Isolation/LOTO,False,False,False,Inspector
EMP021480,EQ00002054,L3,Electrical Isolation/LOTO,False,False,False,Maintenance
EMP002022,EQ00002054,L4,Electrical Isolation/LOTO,True,True,True,Inspector
EMP017506,EQ00002573,L4,Welding Safety,True,False,False,Inspector
EMP033566,EQ00002573,L3,Welding Safety,False,False,False,Maintenance
EMP049523,EQ00002573,L5,Welding Safety,False,True,False,Maintenance
EMP015665,EQ00002573,L4,Welding Safety,True,True,True,Inspector
EMP041657,EQ00002573,L5,Welding Safety,True,True,True,Supervisor
EMP024135,EQ00002573,L2,Welding Safety,False,False,False,Inspector
EMP034808,EQ00001520,L3,Fire Water Systems,False,False,False,Inspector
EMP001374,EQ00001520,L3,Fire Water Systems,True,False,False,Inspector
EMP035354,EQ00001520,L4,Fire Water Systems,False,False,False,Inspector
EMP018668,EQ00001520,L6,Fire Water Systems,True,True,True,Operator
EMP010380,EQ00001807,L4,Gas Testing,False,False,False,Supervisor
EMP047479,EQ00001807,L4,Gas Testing,True,True,False,Inspector
EMP048981,EQ00001807,L5,Gas Testing,True,True,True,Maintenance
EMP049494,EQ00001807,L4,Gas Testing,True,True,False,Maintenance
EMP008836,EQ00001854,L2,Vibration Monitoring,False,False,False,Maintenance
EMP031928,EQ00001854,L6,Vibration Monitoring,True,True,True,Maintenance
EMP034969,EQ00001854,L4,Vibration Monitoring,False,False,False,Maintenance
EMP026915,EQ00001854,L4,Vibration Monitoring,False,True,False,Supervisor
EMP028226,EQ00001854,L4,Vibration Monitoring,False,False,False,Maintenance
EMP000167,EQ00001854,L3,Vibration Monitoring,False,False,False,Maintenance
EMP005905,EQ00001854,L2,Vibration Monitoring,True,False,False,Inspector
EMP028951,EQ00002176,L4,Arc Flash Awareness,True,True,True,Operator
EMP003670,EQ00002176,L3,Arc Flash Awareness,True,True,False,Inspector
EMP049298,EQ00002176,L2,Arc Flash Awareness,False,False,False,Operator
EMP046748,EQ00002176,L4,Arc Flash Awareness,True,True,True,Maintenance
EMP000287,EQ00002176,L3,Arc Flash Awareness,False,False,False,Inspector
EMP035259,EQ00002176,L2,Arc Flash Awareness,False,False,False,Maintenance
EMP044878,EQ00002039,L3,Pressure Vessel Safety,False,False,False,Operator
EMP016766,EQ00002039,L3,Pressure Vessel Safety,False,False,False,Inspector
EMP037851,EQ00002039,L5,Pressure Vessel Safety,True,True,True,Maintenance
EMP016541,EQ00002039,L2,Pressure Vessel Safety,True,False,False,Inspector
EMP039831,EQ00002039,L5,Pressure Vessel Safety,True,True,True,Supervisor
EMP014506,EQ00002039,L3,Pressure Vessel Safety,False,False,False,Operator
EMP021724,EQ00002039,L4,Pressure Vessel Safety,True,True,True,Supervisor
EMP007965,EQ00002039,L4,Pressure Vessel Safety,False,True,False,Inspector
EMP037483,EQ00002400,L4,Permit to Work,False,False,False,Inspector
EMP023464,EQ00002400,L3,Permit to Work,False,False,False,Operator
EMP028126,EQ00001757,L3,Mechanical Inspection,False,False,False,Operator
EMP009550,EQ00001757,L6,Mechanical Inspection,False,False,False,Inspector
EMP027913,EQ00001757,L4,Mechanical Inspection,False,False,False,Inspector
EMP034149,EQ00001757,L6,Mechanical Inspection,True,True,True,Supervisor
EMP011182,EQ00001757,L5,Mechanical Inspection,True,True,True,Supervisor
EMP003353,EQ00001757,L5,Mechanical Inspection,True,True,True,Supervisor
EMP004435,EQ00000864,L2,Calibration,False,False,False,Operator
EMP046854,EQ00000864,L3,Calibration,False,False,False,Maintenance
EMP039627,EQ00000864,L5,Calibration,True,True,True,Operator
EMP020716,EQ00000864,L4,Calibration,False,True,False,Maintenance
EMP009372,EQ00000864,L3,Calibration,False,False,False,Supervisor
EMP002958,EQ00000864,L5,Calibration,True,True,True,Inspector
EMP024478,EQ00000993,L5,Permit to Work,True,True,True,Supervisor
EMP022742,EQ00000993,L2,Permit to Work,False,False,False,Inspector
EMP041383,EQ00000993,L3,Permit to Work,True,False,False,Inspector
EMP046686,EQ00001656,L2,Chemical Handling,False,True,False,Inspector
EMP025761,EQ00001656,L5,Chemical Handling,True,True,True,Operator
EMP041360,EQ00001656,L4,Chemical Handling,False,False,False,Inspector
EMP034503,EQ00001656,L4,Chemical Handling,False,False,False,Supervisor
EMP036155,EQ00001656,L3,Chemical Handling,True,True,False,Operator
EMP013623,EQ00001656,L5,Chemical Handling,True,True,True,Inspector
EMP020317,EQ00001933,L4,Mechanical Inspection,True,True,True,Operator
EMP037967,EQ00001933,L3,Mechanical Inspection,False,True,False,Maintenance
EMP022223,EQ00001933,L2,Mechanical Inspection,False,False,False,Inspector
EMP022554,EQ00001933,L3,Mechanical Inspection,True,True,True,Supervisor
EMP014810,EQ00001933,L6,Mechanical Inspection,True,True,True,Operator
EMP047393,EQ00001933,L4,Mechanical Inspection,True,True,True,Maintenance
EMP041241,EQ00001933,L5,Mechanical Inspection,True,True,True,Maintenance
EMP026953,EQ00000632,L4,Alignment,False,False,False,Operator
EMP018836,EQ00000632,L5,Alignment,True,True,True,Supervisor
EMP017711,EQ00000632,L2,Alignment,True,False,False,Operator
EMP028216,EQ00000632,L3,Alignment,True,True,False,Supervisor
EMP028485,EQ00000632,L4,Alignment,False,False,False,Inspector
EMP008224,EQ00000632,L5,Alignment,True,True,True,Inspector
EMP024394,EQ00000369,L2,Line of Fire Awareness,True,False,False,Maintenance
EMP000703,EQ00000369,L3,Line of Fire Awareness,True,False,False,Operator
EMP022060,EQ00000369,L4,Line of Fire Awareness,False,True,False,Supervisor
EMP027801,EQ00000369,L2,Line of Fire Awareness,True,False,False,Inspector
EMP044326,EQ00000330,L6,Process Isolation,True,True,True,Maintenance
EMP044554,EQ00000330,L5,Process Isolation,True,False,False,Operator
EMP045744,EQ00000330,L5,Process Isolation,True,True,True,Operator
EMP043987,EQ00000803,L3,Process Operations,False,False,False,Inspector
EMP017746,EQ00000803,L2,Process Operations,True,False,False,Supervisor
EMP043173,EQ00000803,L4,Process Operations,True,False,False,Operator
EMP040609,EQ00000803,L3,Process Operations,False,False,False,Maintenance
EMP047659,EQ00000803,L3,Process Operations,False,False,False,Inspector
EMP014461,EQ00000803,L6,Process Operations,True,True,True,Inspector
EMP038011,EQ00000803,L3,Process Operations,False,False,False,Supervisor
EMP003295,EQ00000803,L6,Process Operations,True,True,True,Operator
EMP020990,EQ00002667,L3,Process Isolation,False,False,False,Operator
EMP044295,EQ00002667,L3,Process Isolation,False,False,False,Inspector
EMP018152,EQ00002456,L5,Permit to Work,True,True,True,Inspector
EMP010217,EQ00002456,L4,Permit to Work,False,True,False,Operator
EMP028956,EQ00002456,L2,Permit to Work,False,False,False,Operator
EMP007610,EQ00002456,L3,Permit to Work,False,True,False,Inspector
EMP020144,EQ00002456,L4,Permit to Work,False,False,False,Supervisor
EMP036534,EQ00002456,L3,Permit to Work,False,False,False,Operator
EMP022049,EQ00002456,L5,Permit to Work,True,True,True,Inspector
EMP033133,EQ00002456,L2,Permit to Work,False,False,False,Supervisor
EMP041274,EQ00002705,L3,Valve Maintenance,False,False,False,Maintenance
EMP001308,EQ00002705,L5,Valve Maintenance,False,False,False,Inspector
EMP003202,EQ00002705,L3,Valve Maintenance,False,False,False,Supervisor
EMP030058,EQ00002705,L2,Valve Maintenance,False,True,False,Inspector
EMP028162,EQ00001115,L5,Rig Floor Safety,False,True,False,Supervisor
EMP023386,EQ00001115,L2,Rig Floor Safety,False,False,False,Supervisor
EMP036000,EQ00001115,L4,Rig Floor Safety,False,True,False,Supervisor
EMP002563,EQ00001115,L2,Rig Floor Safety,False,False,False,Maintenance
EMP026282,EQ00001115,L3,Rig Floor Safety,True,True,False,Supervisor
EMP006275,EQ00001115,L4,Rig Floor Safety,True,False,False,Supervisor
EMP042488,EQ00002278,L2,Well Control,True,True,False,Supervisor
EMP024649,EQ00002278,L4,Well Control,True,False,False,Inspector
EMP009612,EQ00002278,L3,Well Control,False,False,False,Operator
EMP005141,EQ00002278,L4,Well Control,False,True,False,Inspector
EMP021582,EQ00002278,L4,Well Control,True,False,False,Operator
EMP048387,EQ00001679,L3,Lifting Operations,True,False,False,Inspector
EMP038393,EQ00001679,L2,Lifting Operations,False,False,False,Supervisor
EMP032151,EQ00001679,L3,Lifting Operations,False,False,False,Operator
EMP001233,EQ00001872,L3,Control Systems,False,False,False,Maintenance
EMP006037,EQ00001872,L4,Control Systems,True,True,True,Operator
EMP026483,EQ00001872,L2,Control Systems,False,False,False,Inspector
EMP049222,EQ00001872,L2,Control Systems,False,False,False,Operator
EMP030659,EQ00001872,L4,Control Systems,False,True,False,Operator
EMP037160,EQ00001872,L2,Control Systems,False,False,False,Operator
EMP038387,EQ00000790,L2,Permit to Work,False,False,False,Maintenance
EMP036846,EQ00000790,L3,Permit to Work,False,False,False,Supervisor
EMP007399,EQ00000790,L4,Permit to Work,False,False,False,Operator
EMP016511,EQ00000790,L5,Permit to Work,True,True,True,Supervisor
EMP028512,EQ00001541,L3,Welding Safety,True,True,True,Operator
EMP043444,EQ00001541,L3,Welding Safety,True,True,True,Operator
EMP033344,EQ00001541,L3,Welding Safety,False,True,False,Inspector
EMP007759,EQ00001636,L5,Switchgear Operation,True,False,False,Supervisor
EMP014338,EQ00001636,L6,Switchgear Operation,True,True,True,Supervisor
EMP040489,EQ00001636,L4,Switchgear Operation,True,False,False,Operator
EMP046305,EQ00001636,L3,Switchgear Operation,False,True,False,Maintenance
EMP009706,EQ00001636,L2,Switchgear Operation,False,False,False,Operator
EMP013779,EQ00000242,L4,Rig Floor Safety,False,False,False,Supervisor
EMP010346,EQ00000242,L3,Rig Floor Safety,False,False,False,Supervisor
EMP004494,EQ00000242,L4,Rig Floor Safety,False,True,False,Inspector
EMP036538,EQ00002025,L4,Instrumentation,False,False,False,Supervisor
EMP048185,EQ00002025,L3,Instrumentation,True,False,False,Maintenance
EMP030992,EQ00002025,L6,Instrumentation,True,True,True,Inspector
EMP002580,EQ00002025,L4,Instrumentation,False,False,False,Operator
EMP046929,EQ00002025,L2,Instrumentation,False,True,False,Inspector
EMP024883,EQ00002025,L2,Instrumentation,False,False,False,Maintenance
EMP027255,EQ00002692,L2,Workshop Safety,True,False,False,Maintenance
EMP043164,EQ00002692,L2,Workshop Safety,True,False,False,Inspector
EMP019912,EQ00002692,L2,Workshop Safety,True,False,False,Inspector
EMP009310,EQ00002692,L3,Workshop Safety,True,False,False,Maintenance
EMP008491,EQ00001249,L5,Permit to Work,True,True,True,Maintenance
EMP020412,EQ00001249,L4,Permit to Work,False,False,False,Operator
EMP016716,EQ00000874,L5,Rig Floor Safety,True,True,True,Operator
EMP037376,EQ00000874,L5,Rig Floor Safety,True,True,True,Supervisor
EMP039651,EQ00000874,L5,Rig Floor Safety,True,True,True,Operator
EMP037268,EQ00000874,L2,Rig Floor Safety,False,False,False,Operator
EMP038895,EQ00002556,L4,Isolation/LOTO,False,False,False,Inspector
EMP039124,EQ00002556,L3,Isolation/LOTO,False,False,False,Maintenance
EMP046603,EQ00002556,L4,Isolation/LOTO,False,False,False,Inspector
EMP037428,EQ00002556,L3,Isolation/LOTO,True,False,False,Maintenance
EMP021385,EQ00002556,L4,Isolation/LOTO,False,False,False,Operator
EMP028938,EQ00002556,L3,Isolation/LOTO,False,False,False,Operator
EMP026082,EQ00000546,L2,Permit to Work,False,False,False,Supervisor
EMP010191,EQ00000546,L4,Permit to Work,False,False,False,Maintenance
EMP042881,EQ00000127,L5,LOTO,True,True,True,Maintenance
EMP001558,EQ00000127,L3,LOTO,False,True,False,Operator
EMP007453,EQ00000127,L3,LOTO,True,False,False,Inspector
EMP043244,EQ00001840,L2,LOTO,False,False,False,Operator
EMP049311,EQ00001840,L4,LOTO,False,True,False,Supervisor
EMP015362,EQ00001840,L2,LOTO,False,False,False,Supervisor
EMP013799,EQ00001840,L5,LOTO,True,True,True,Maintenance
EMP046678,EQ00001840,L4,LOTO,True,False,False,Maintenance
EMP021738,EQ00000831,L4,Pressure Testing,True,True,True,Supervisor
EMP038922,EQ00000831,L3,Pressure Testing,False,False,False,Supervisor
EMP033127,EQ00000831,L5,Pressure Testing,True,True,True,Supervisor
EMP037152,EQ00000831,L3,Pressure Testing,False,False,False,Maintenance
EMP016663,EQ00000831,L5,Pressure Testing,True,True,True,Operator
EMP023061,EQ00000831,L3,Pressure Testing,False,False,False,Supervisor
EMP021652,EQ00002652,L4,Defensive Driving,True,False,False,Supervisor
EMP024981,EQ00002652,L4,Defensive Driving,True,True,True,Operator
EMP047287,EQ00002652,L5,Defensive Driving,True,True,True,Maintenance
EMP003335,EQ00002652,L5,Defensive Driving,True,True,True,Maintenance
EMP012758,EQ00002652,L5,Defensive Driving,True,True,True,Operator
EMP045392,EQ00002652,L4,Defensive Driving,True,True,True,Maintenance
EMP000218,EQ00002228,L4,Permit to Work,True,False,False,Maintenance
EMP025597,EQ00002228,L2,Permit to Work,False,True,False,Inspector
EMP027850,EQ00002228,L4,Permit to Work,False,False,False,Supervisor
EMP031830,EQ00002228,L4,Permit to Work,True,False,False,Maintenance
EMP011105,EQ00001063,L4,LOTO,False,False,False,Supervisor
EMP029779,EQ00001063,L4,LOTO,True,True,False,Maintenance
EMP015089,EQ00001063,L4,LOTO,True,False,False,Supervisor
EMP024573,EQ00001063,L3,LOTO,False,True,False,Maintenance
EMP044648,EQ00001063,L3,LOTO,False,False,False,Maintenance
EMP032497,EQ00001075,L3,Crane Operation,False,True,False,Maintenance
EMP017413,EQ00001075,L2,Crane Operation,False,True,False,Maintenance
EMP006015,EQ00001075,L3,Crane Operation,False,False,False,Maintenance
EMP018621,EQ00001075,L4,Crane Operation,True,False,False,Supervisor
EMP004538,EQ00001075,L4,Crane Operation,False,False,False,Maintenance
EMP015774,EQ00001226,L5,Fire Fighting,True,True,True,Maintenance
EMP045724,EQ00001226,L3,Fire Fighting,True,True,False,Operator
EMP003524,EQ00001226,L2,Fire Fighting,True,True,False,Inspector
EMP016988,EQ00001226,L3,Fire Fighting,False,True,False,Supervisor
EMP014099,EQ00002431,L4,Instrumentation,True,True,True,Supervisor
EMP033422,EQ00002431,L3,Instrumentation,True,True,False,Maintenance
EMP008514,EQ00000759,L4,Switchgear Operation,True,False,False,Inspector
EMP044302,EQ00000759,L2,Switchgear Operation,False,False,False,Supervisor
EMP042031,EQ00000759,L5,Switchgear Operation,True,True,True,Maintenance
EMP034740,EQ00000759,L3,Switchgear Operation,False,True,False,Maintenance
EMP016197,EQ00000759,L4,Switchgear Operation,True,True,True,Maintenance
EMP011702,EQ00000759,L3,Switchgear Operation,False,True,False,Operator
EMP003966,EQ00002609,L4,Wastewater Operations,True,True,True,Maintenance
EMP025856,EQ00002609,L3,Wastewater Operations,False,True,False,Maintenance
EMP034113,EQ00000333,L5,Arc Flash Awareness,True,True,True,Supervisor
EMP012554,EQ00000333,L4,Arc Flash Awareness,True,False,False,Operator
EMP037431,EQ00000333,L3,Arc Flash Awareness,False,False,False,Operator
EMP026225,EQ00000333,L3,Arc Flash Awareness,False,False,False,Inspector
EMP023593,EQ00000333,L3,Arc Flash Awareness,False,True,False,Supervisor
EMP028253,EQ00000333,L3,Arc Flash Awareness,False,False,False,Operator
EMP036005,EQ00000333,L5,Arc Flash Awareness,True,True,True,Supervisor
EMP031801,EQ00000333,L3,Arc Flash Awareness,False,False,False,Inspector
EMP020831,EQ00000866,L5,Pressure Vessel Safety,False,True,False,Maintenance
EMP023206,EQ00000866,L4,Pressure Vessel Safety,False,False,False,Maintenance
EMP032961,EQ00000866,L4,Pressure Vessel Safety,True,True,False,Maintenance
EMP005901,EQ00000866,L4,Pressure Vessel Safety,False,True,False,Supervisor
EMP016331,EQ00000866,L3,Pressure Vessel Safety,False,False,False,Supervisor
EMP049102,EQ00000866,L4,Pressure Vessel Safety,False,False,False,Operator
EMP009980,EQ00000866,L4,Pressure Vessel Safety,False,False,False,Supervisor
EMP048435,EQ00000866,L4,Pressure Vessel Safety,False,False,False,Supervisor
EMP037408,EQ00001451,L4,Hydrotest Safety,True,True,True,Maintenance
EMP025168,EQ00001451,L3,Hydrotest Safety,True,True,True,Supervisor
EMP023380,EQ00001451,L2,Hydrotest Safety,False,False,False,Supervisor
EMP031082,EQ00001451,L4,Hydrotest Safety,True,True,True,Inspector
EMP041002,EQ00001451,L4,Hydrotest Safety,True,True,True,Supervisor
EMP021269,EQ00001451,L6,Hydrotest Safety,True,True,True,Inspector
EMP034458,EQ00001451,L4,Hydrotest Safety,True,True,True,Inspector
EMP002487,EQ00001451,L3,Hydrotest Safety,True,True,True,Maintenance
EMP032934,EQ00001975,L5,Vibration Monitoring,False,True,False,Supervisor
EMP029764,EQ00001975,L4,Vibration Monitoring,True,False,False,Maintenance
EMP029284,EQ00001975,L2,Vibration Monitoring,False,True,False,Operator
EMP005168,EQ00001975,L2,Vibration Monitoring,True,False,False,Supervisor
EMP041120,EQ00001975,L5,Vibration Monitoring,True,True,True,Operator
EMP002281,EQ00001975,L3,Vibration Monitoring,True,True,False,Maintenance
EMP044336,EQ00001975,L2,Vibration Monitoring,False,False,False,Supervisor
EMP041919,EQ00001975,L3,Vibration Monitoring,False,False,False,Maintenance
EMP044215,EQ00002523,L3,Line of Fire Awareness,False,True,False,Operator
EMP034051,EQ00002523,L4,Line of Fire Awareness,False,False,False,Operator
EMP023780,EQ00002314,L4,Isolation/LOTO,True,False,False,Operator
EMP007454,EQ00002314,L4,Isolation/LOTO,False,False,False,Supervisor
EMP009430,EQ00002314,L5,Isolation/LOTO,True,True,True,Operator
EMP046113,EQ00002314,L3,Isolation/LOTO,False,False,False,Inspector
EMP024124,EQ00002314,L4,Isolation/LOTO,False,False,False,Supervisor
EMP031169,EQ00002314,L3,Isolation/LOTO,False,False,False,Operator
EMP043830,EQ00002314,L3,Isolation/LOTO,True,False,False,Inspector
EMP025955,EQ00002314,L3,Isolation/LOTO,True,False,False,Supervisor
EMP022192,EQ00000028,L3,Pressure Systems Safety,True,True,True,Operator
EMP014726,EQ00000028,L5,Pressure Systems Safety,True,True,True,Maintenance
EMP009009,EQ00000028,L3,Pressure Systems Safety,True,True,True,Supervisor
EMP013377,EQ00000028,L5,Pressure Systems Safety,True,True,True,Inspector
EMP008731,EQ00000028,L2,Pressure Systems Safety,False,False,False,Inspector
EMP008963,EQ00000028,L3,Pressure Systems Safety,True,True,True,Operator
EMP003413,EQ00000028,L2,Pressure Systems Safety,False,False,False,Operator
EMP028636,EQ00001105,L5,Process Isolation,True,True,True,Operator
EMP026524,EQ00001105,L2,Process Isolation,False,False,False,Inspector
EMP023111,EQ00001105,L2,Process Isolation,False,False,False,Operator
EMP002282,EQ00001630,L3,LOTO,False,False,False,Inspector
EMP000317,EQ00001630,L3,LOTO,False,False,False,Supervisor
EMP030130,EQ00001630,L3,LOTO,False,False,False,Operator
EMP032489,EQ00001630,L2,LOTO,False,False,False,Inspector
EMP049919,EQ00001630,L3,LOTO,False,True,False,Inspector
EMP012956,EQ00001630,L4,LOTO,False,False,False,Supervisor
EMP020706,EQ00001148,L6,Defensive Driving,True,True,True,Maintenance
EMP001878,EQ00001148,L3,Defensive Driving,False,False,False,Inspector
EMP038078,EQ00001148,L4,Defensive Driving,True,True,True,Supervisor
EMP005523,EQ00001148,L4,Defensive Driving,True,True,True,Maintenance
EMP007514,EQ00001148,L2,Defensive Driving,False,False,False,Supervisor
EMP024171,EQ00002458,L4,LOTO,True,False,False,Supervisor
EMP046722,EQ00002458,L3,LOTO,False,False,False,Maintenance
EMP036403,EQ00002458,L2,LOTO,False,False,False,Supervisor
EMP026314,EQ00002458,L3,LOTO,True,False,False,Operator
EMP007612,EQ00002458,L2,LOTO,True,False,False,Supervisor
EMP043397,EQ00002458,L3,LOTO,False,False,False,Inspector
EMP008411,EQ00002543,L3,Motor Maintenance,False,False,False,Inspector
EMP046363,EQ00002543,L4,Motor Maintenance,False,True,False,Operator
EMP029279,EQ00002543,L4,Motor Maintenance,False,False,False,Operator
EMP011868,EQ00002543,L2,Motor Maintenance,True,False,False,Maintenance
EMP025142,EQ00002543,L4,Motor Maintenance,False,False,False,Inspector
EMP011584,EQ00002543,L4,Motor Maintenance,True,False,False,Maintenance
EMP037690,EQ00001502,L3,Line of Fire Awareness,False,False,False,Supervisor
EMP028186,EQ00001502,L3,Line of Fire Awareness,True,False,False,Supervisor
EMP002169,EQ00001502,L4,Line of Fire Awareness,False,False,False,Maintenance
EMP048833,EQ00001502,L3,Line of Fire Awareness,False,False,False,Supervisor
EMP014938,EQ00001502,L5,Line of Fire Awareness,True,True,True,Maintenance
EMP031234,EQ00000458,L5,Defensive Driving,True,False,False,Operator
EMP018138,EQ00000458,L5,Defensive Driving,True,True,True,Supervisor
EMP040254,EQ00000458,L4,Defensive Driving,False,True,False,Inspector
EMP031585,EQ00000458,L6,Defensive Driving,True,True,True,Operator
EMP049421,EQ00000458,L3,Defensive Driving,True,False,False,Maintenance
EMP016971,EQ00000458,L3,Defensive Driving,False,False,False,Maintenance
EMP032262,EQ00000458,L2,Defensive Driving,False,False,False,Supervisor
EMP043690,EQ00002499,L3,Environmental Monitoring,False,True,False,Supervisor
EMP028049,EQ00002499,L2,Environmental Monitoring,False,False,False,Maintenance
EMP004411,EQ00000194,L2,Rotating Equipment,False,True,False,Maintenance
EMP027550,EQ00000194,L4,Rotating Equipment,True,True,True,Supervisor
EMP010863,EQ00000194,L2,Rotating Equipment,True,False,False,Inspector
EMP023036,EQ00000194,L4,Rotating Equipment,True,True,True,Operator
EMP014865,EQ00002223,L4,Welding Safety,True,True,True,Maintenance
EMP033821,EQ00002223,L4,Welding Safety,False,True,False,Supervisor
EMP031276,EQ00002223,L6,Welding Safety,True,True,True,Inspector
EMP008369,EQ00002223,L4,Welding Safety,True,True,True,Inspector
EMP029814,EQ00002071,L4,LOTO,False,False,False,Operator
EMP001019,EQ00002071,L5,LOTO,True,True,True,Supervisor
EMP044252,EQ00000454,L3,Vibration Monitoring,False,False,False,Maintenance
EMP008126,EQ00000454,L2,Vibration Monitoring,False,True,False,Operator
EMP036985,EQ00000454,L3,Vibration Monitoring,False,False,False,Supervisor
EMP001016,EQ00000454,L5,Vibration Monitoring,True,True,True,Supervisor
EMP007508,EQ00002517,L3,LOTO,False,False,False,Operator
EMP014418,EQ00002517,L4,LOTO,False,False,False,Maintenance
EMP011078,EQ00002517,L3,LOTO,False,False,False,Supervisor
EMP036833,EQ00002517,L2,LOTO,True,False,False,Supervisor
EMP012468,EQ00002517,L2,LOTO,False,False,False,Maintenance
EMP035832,EQ00002517,L4,LOTO,False,False,False,Inspector
EMP043876,EQ00002517,L2,LOTO,False,False,False,Inspector
EMP040283,EQ00002517,L4,LOTO,False,False,False,Supervisor
EMP037857,EQ00002007,L2,Machine Tool Operation,False,False,False,Maintenance
EMP021016,EQ00002007,L3,Machine Tool Operation,False,False,False,Operator
EMP001551,EQ00002043,L6,Defensive Driving,True,True,True,Operator
EMP011401,EQ00002043,L2,Defensive Driving,False,False,False,Maintenance
EMP004842,EQ00002043,L6,Defensive Driving,False,True,False,Operator
EMP013889,EQ00002043,L3,Defensive Driving,False,False,False,Supervisor
EMP012917,EQ00002043,L3,Defensive Driving,True,False,False,Supervisor
EMP029446,EQ00002043,L3,Defensive Driving,True,False,False,Supervisor
EMP049858,EQ00002043,L3,Defensive Driving,False,False,False,Supervisor
EMP003262,EQ00001873,L3,Welding Safety,False,False,False,Maintenance
EMP034711,EQ00001873,L4,Welding Safety,False,False,False,Operator
EMP019298,EQ00001873,L4,Welding Safety,False,False,False,Maintenance
EMP031193,EQ00001873,L4,Welding Safety,False,False,False,Maintenance
EMP019301,EQ00001873,L4,Welding Safety,False,False,False,Inspector
EMP002704,EQ00001873,L2,Welding Safety,False,False,False,Inspector
EMP017805,EQ00001873,L6,Welding Safety,True,True,True,Inspector
EMP046744,EQ00001211,L4,Machine Tool Operation,True,True,True,Inspector
EMP031785,EQ00001211,L4,Machine Tool Operation,True,True,True,Operator
EMP012348,EQ00001211,L4,Machine Tool Operation,True,True,True,Maintenance
EMP016441,EQ00001211,L3,Machine Tool Operation,False,True,False,Supervisor
EMP041245,EQ00001211,L4,Machine Tool Operation,True,True,True,Maintenance
EMP004406,EQ00001211,L4,Machine Tool Operation,True,True,True,Maintenance
EMP019024,EQ00001211,L5,Machine Tool Operation,True,False,False,Inspector
EMP008853,EQ00000309,L2,LOTO,False,True,False,Maintenance
EMP030833,EQ00000309,L6,LOTO,True,True,True,Inspector
EMP011008,EQ00000309,L5,LOTO,True,True,True,Inspector
EMP007100,EQ00000309,L5,LOTO,True,True,True,Maintenance
EMP001803,EQ00000309,L3,LOTO,False,False,False,Supervisor
EMP007812,EQ00000309,L2,LOTO,False,False,False,Inspector
EMP004284,EQ00000309,L2,LOTO,True,True,False,Supervisor
EMP019565,EQ00000309,L3,LOTO,False,False,False,Operator
EMP012694,EQ00001667,L5,Gas Testing,True,True,True,Operator
EMP045554,EQ00001667,L3,Gas Testing,True,False,False,Maintenance
EMP040259,EQ00001667,L3,Gas Testing,False,True,False,Operator
EMP010525,EQ00001667,L3,Gas Testing,False,False,False,Operator
EMP036191,EQ00001667,L3,Gas Testing,False,False,False,Inspector
EMP041947,EQ00001667,L4,Gas Testing,True,True,True,Supervisor
EMP011359,EQ00002000,L4,Process Isolation,True,False,False,Supervisor
EMP004904,EQ00002000,L3,Process Isolation,True,False,False,Supervisor
EMP039946,EQ00002000,L3,Process Isolation,False,False,False,Inspector
EMP034644,EQ00002000,L4,Process Isolation,True,True,True,Inspector
EMP026763,EQ00002510,L5,Hazardous Material Transport,True,True,True,Supervisor
EMP048842,EQ00002510,L4,Hazardous Material Transport,False,False,False,Operator
EMP005458,EQ00002510,L3,Hazardous Material Transport,False,False,False,Inspector
EMP006833,EQ00002510,L3,Hazardous Material Transport,True,False,False,Supervisor
EMP040208,EQ00000814,L5,Journey Management,True,True,True,Operator
EMP013965,EQ00000814,L4,Journey Management,True,True,True,Supervisor
EMP026061,EQ00000814,L3,Journey Management,True,False,False,Operator
EMP013902,EQ00000814,L5,Journey Management,True,True,True,Inspector
EMP043267,EQ00000814,L4,Journey Management,True,True,True,Maintenance
EMP010521,EQ00001440,L4,Well Control,False,False,False,Operator
EMP032319,EQ00001440,L3,Well Control,True,False,False,Supervisor
EMP021097,EQ00001440,L4,Well Control,False,False,False,Operator
EMP034611,EQ00000397,L4,Permit to Work,False,False,False,Supervisor
EMP008411,EQ00000397,L3,Permit to Work,False,False,False,Operator
EMP048096,EQ00000769,L5,Machine Tool Operation,True,True,True,Maintenance
EMP036422,EQ00000769,L4,Machine Tool Operation,False,True,False,Maintenance
EMP011225,EQ00000769,L3,Machine Tool Operation,False,False,False,Maintenance
EMP039105,EQ00000769,L3,Machine Tool Operation,False,False,False,Maintenance
EMP002260,EQ00000769,L3,Machine Tool Operation,False,False,False,Operator
EMP035303,EQ00000769,L3,Machine Tool Operation,False,False,False,Operator
EMP027418,EQ00000769,L4,Machine Tool Operation,False,False,False,Inspector
EMP034981,EQ00000769,L3,Machine Tool Operation,False,True,False,Inspector
EMP038754,EQ00000013,L2,Pump Maintenance,False,False,False,Maintenance
EMP040814,EQ00000013,L3,Pump Maintenance,False,False,False,Supervisor
EMP010389,EQ00000013,L5,Pump Maintenance,False,True,False,Supervisor
EMP044515,EQ00000013,L3,Pump Maintenance,False,False,False,Supervisor
EMP030494,EQ00000013,L4,Pump Maintenance,True,True,True,Inspector
EMP006822,EQ00000013,L4,Pump Maintenance,True,True,True,Operator
EMP014915,EQ00000245,L3,Lifting Operations,False,False,False,Maintenance
EMP022050,EQ00000245,L2,Lifting Operations,False,False,False,Inspector
EMP040053,EQ00000245,L6,Lifting Operations,True,True,True,Maintenance
EMP023219,EQ00001634,L2,Crane Operation,False,False,False,Operator
EMP027294,EQ00001634,L4,Crane Operation,False,True,False,Operator
EMP012484,EQ00001634,L2,Crane Operation,False,False,False,Maintenance
EMP012144,EQ00001634,L2,Crane Operation,False,False,False,Inspector
EMP044790,EQ00000227,L2,Isolation/LOTO,False,True,False,Operator
EMP017861,EQ00000227,L6,Isolation/LOTO,False,True,False,Inspector
EMP023545,EQ00000227,L5,Isolation/LOTO,True,True,True,Inspector
EMP005661,EQ00001012,L3,Process Isolation,True,False,False,Maintenance
EMP040698,EQ00001012,L5,Process Isolation,True,True,True,Operator
EMP035567,EQ00001012,L3,Process Isolation,False,False,False,Operator
EMP041397,EQ00001012,L4,Process Isolation,False,False,False,Operator
EMP044235,EQ00002793,L4,Permit to Work,False,True,False,Supervisor
EMP026195,EQ00002793,L2,Permit to Work,False,False,False,Supervisor
EMP013780,EQ00002793,L4,Permit to Work,True,False,False,Supervisor
EMP046902,EQ00002793,L6,Permit to Work,True,True,True,Maintenance
EMP047409,EQ00002793,L5,Permit to Work,True,True,True,Inspector
EMP041052,EQ00002793,L2,Permit to Work,False,False,False,Inspector
EMP005605,EQ00001092,L2,Pipeline Operations,True,False,False,Supervisor
EMP022630,EQ00001092,L2,Pipeline Operations,False,False,False,Operator
EMP019825,EQ00001092,L3,Pipeline Operations,False,False,False,Maintenance
EMP019469,EQ00001092,L3,Pipeline Operations,False,False,False,Maintenance
EMP003248,EQ00001756,L3,Mechanical Inspection,True,False,False,Supervisor
EMP003760,EQ00001756,L5,Mechanical Inspection,True,True,True,Operator
EMP047198,EQ00001756,L2,Mechanical Inspection,False,False,False,Operator
EMP039818,EQ00001756,L4,Mechanical Inspection,False,False,False,Maintenance
EMP040498,EQ00001756,L6,Mechanical Inspection,False,True,False,Inspector
EMP013712,EQ00001756,L2,Mechanical Inspection,False,False,False,Inspector
EMP049710,EQ00001756,L3,Mechanical Inspection,False,False,False,Operator
EMP013356,EQ00002698,L4,LOTO,True,False,False,Operator
EMP034447,EQ00002698,L5,LOTO,False,True,False,Operator
EMP027660,EQ00002698,L4,LOTO,False,False,False,Maintenance
EMP015071,EQ00002698,L5,LOTO,True,True,True,Supervisor
EMP027594,EQ00002698,L4,LOTO,False,False,False,Supervisor
EMP022979,EQ00002698,L4,LOTO,True,False,False,Maintenance
EMP032460,EQ00002698,L2,LOTO,False,False,False,Operator
EMP027628,EQ00000195,L4,Isolation/LOTO,False,False,False,Supervisor
EMP033570,EQ00000195,L4,Isolation/LOTO,False,False,False,Operator
EMP028081,EQ00000195,L3,Isolation/LOTO,False,True,False,Operator
EMP042920,EQ00000195,L2,Isolation/LOTO,True,False,False,Operator
EMP028339,EQ00000195,L3,Isolation/LOTO,False,True,False,Operator
EMP004264,EQ00002232,L3,Pipeline Operations,False,False,False,Supervisor
EMP035039,EQ00002232,L2,Pipeline Operations,False,False,False,Supervisor
EMP019768,EQ00002232,L2,Pipeline Operations,True,False,False,Maintenance
EMP028201,EQ00002232,L3,Pipeline Operations,True,False,False,Maintenance
EMP019484,EQ00002232,L6,Pipeline Operations,True,True,True,Operator
EMP038734,EQ00002232,L4,Pipeline Operations,False,True,False,Inspector
EMP009543,EQ00000529,L3,Arc Flash Awareness,False,False,False,Maintenance
EMP037485,EQ00000529,L4,Arc Flash Awareness,True,True,True,Operator
EMP008330,EQ00000529,L3,Arc Flash Awareness,True,True,False,Inspector
EMP023319,EQ00000529,L4,Arc Flash Awareness,True,True,True,Maintenance
EMP020468,EQ00000529,L5,Arc Flash Awareness,True,False,False,Supervisor
EMP029295,EQ00000529,L2,Arc Flash Awareness,True,True,False,Operator
EMP013614,EQ00000529,L2,Arc Flash Awareness,False,False,False,Supervisor
EMP016651,EQ00000749,L2,Process Isolation,False,False,False,Inspector
EMP008512,EQ00000749,L4,Process Isolation,False,False,False,Supervisor
EMP038278,EQ00002562,L4,LOTO,False,True,False,Supervisor
EMP042153,EQ00002562,L2,LOTO,False,False,False,Inspector
EMP008056,EQ00002562,L3,LOTO,False,False,False,Maintenance
EMP019427,EQ00002562,L2,LOTO,False,False,False,Supervisor
EMP036301,EQ00002562,L3,LOTO,False,False,False,Maintenance
EMP012422,EQ00002562,L3,LOTO,True,False,False,Operator
EMP048401,EQ00000615,L3,Line of Fire Awareness,True,True,False,Maintenance
EMP022310,EQ00000615,L4,Line of Fire Awareness,False,True,False,Inspector
EMP004375,EQ00000615,L3,Line of Fire Awareness,False,True,False,Maintenance
EMP021771,EQ00000615,L3,Line of Fire Awareness,False,False,False,Inspector
EMP017610,EQ00001832,L3,Process Safety,False,False,False,Maintenance
EMP038842,EQ00001832,L3,Process Safety,True,False,False,Operator
EMP010184,EQ00001832,L3,Process Safety,False,False,False,Operator
EMP043655,EQ00001832,L3,Process Safety,True,False,False,Supervisor
EMP013316,EQ00001832,L2,Process Safety,False,False,False,Operator
EMP009159,EQ00001832,L4,Process Safety,False,False,False,Operator
EMP024317,EQ00002126,L4,Calibration,True,False,False,Operator
EMP027597,EQ00002126,L2,Calibration,False,False,False,Supervisor
EMP041369,EQ00002048,L3,Permit to Work,False,True,False,Maintenance
EMP028663,EQ00002048,L5,Permit to Work,True,True,True,Operator
EMP042142,EQ00002776,L3,Process Operations,True,True,False,Inspector
EMP028481,EQ00002776,L2,Process Operations,False,False,False,Maintenance
EMP042713,EQ00002776,L5,Process Operations,True,True,True,Operator
EMP027399,EQ00002776,L3,Process Operations,False,False,False,Inspector
EMP003660,EQ00002776,L5,Process Operations,True,True,True,Supervisor
EMP045187,EQ00001197,L3,LOTO,False,False,False,Operator
EMP037424,EQ00001197,L5,LOTO,True,True,True,Supervisor
EMP005256,EQ00001197,L3,LOTO,False,True,False,Supervisor
EMP026052,EQ00001197,L3,LOTO,True,False,False,Maintenance
EMP044800,EQ00001197,L3,LOTO,False,False,False,Supervisor
EMP001047,EQ00001542,L3,Drilling Operations,True,True,True,Supervisor
EMP042098,EQ00001542,L3,Drilling Operations,True,False,False,Supervisor
EMP029086,EQ00001729,L3,Gas Detection,False,False,False,Maintenance
EMP000399,EQ00001729,L4,Gas Detection,True,False,False,Maintenance
EMP018469,EQ00001729,L3,Gas Detection,False,False,False,Supervisor
EMP012535,EQ00001729,L2,Gas Detection,False,False,False,Operator
EMP045566,EQ00001729,L2,Gas Detection,False,False,False,Operator
EMP039031,EQ00001729,L3,Gas Detection,False,False,False,Operator
EMP026435,EQ00001729,L5,Gas Detection,True,True,True,Operator
EMP014720,EQ00001729,L3,Gas Detection,False,True,False,Operator
EMP036366,EQ00001119,L5,Wastewater Operations,False,True,False,Maintenance
EMP042239,EQ00001119,L5,Wastewater Operations,True,True,True,Operator
EMP011869,EQ00001119,L4,Wastewater Operations,False,True,False,Operator
EMP040776,EQ00002077,L5,Process Operations,True,True,True,Inspector
EMP008592,EQ00002077,L2,Process Operations,False,False,False,Supervisor
EMP046928,EQ00002077,L5,Process Operations,True,False,False,Supervisor
EMP013903,EQ00002077,L4,Process Operations,True,True,False,Inspector
EMP034017,EQ00000259,L5,Rig Floor Safety,True,True,True,Inspector
EMP048700,EQ00000259,L4,Rig Floor Safety,False,True,False,Inspector
EMP029563,EQ00000453,L4,Process Safety,False,True,False,Maintenance
EMP016314,EQ00000453,L3,Process Safety,False,False,False,Supervisor
EMP007970,EQ00000453,L5,Process Safety,True,False,False,Operator
EMP004216,EQ00000453,L5,Process Safety,False,False,False,Inspector
EMP030384,EQ00000453,L6,Process Safety,True,True,True,Operator
EMP030920,EQ00000453,L6,Process Safety,True,True,True,Supervisor
EMP030602,EQ00000453,L5,Process Safety,True,True,True,Maintenance
EMP010853,EQ00000453,L4,Process Safety,True,True,False,Maintenance
EMP040243,EQ00001357,L2,Line of Fire Awareness,False,False,False,Supervisor
EMP028931,EQ00001357,L2,Line of Fire Awareness,True,False,False,Operator
EMP018785,EQ00000485,L5,Rig Floor Safety,True,True,True,Supervisor
EMP020148,EQ00000485,L3,Rig Floor Safety,False,False,False,Supervisor
EMP017276,EQ00000650,L3,Line of Fire Awareness,False,False,False,Maintenance
EMP016068,EQ00000650,L3,Line of Fire Awareness,False,True,False,Operator
EMP028115,EQ00000650,L4,Line of Fire Awareness,False,False,False,Maintenance
EMP036541,EQ00000650,L2,Line of Fire Awareness,False,True,False,Inspector
EMP005632,EQ00000650,L4,Line of Fire Awareness,False,False,False,Inspector
EMP026203,EQ00000644,L4,Permit to Work,True,False,False,Operator
EMP049555,EQ00000644,L3,Permit to Work,False,False,False,Operator
EMP009394,EQ00000644,L4,Permit to Work,False,True,False,Operator
EMP006419,EQ00000644,L4,Permit to Work,False,False,False,Supervisor
EMP020365,EQ00000644,L2,Permit to Work,False,False,False,Supervisor
EMP009742,EQ00000644,L2,Permit to Work,False,False,False,Maintenance
EMP014309,EQ00000644,L3,Permit to Work,False,False,False,Operator
EMP044210,EQ00000644,L6,Permit to Work,True,True,True,Inspector
EMP032892,EQ00000613,L3,Workshop Safety,False,False,False,Supervisor
EMP009756,EQ00000613,L3,Workshop Safety,True,True,False,Inspector
EMP004060,EQ00000613,L6,Workshop Safety,True,True,True,Inspector
EMP018857,EQ00000613,L2,Workshop Safety,False,False,False,Supervisor
EMP017553,EQ00000613,L3,Workshop Safety,True,False,False,Inspector
EMP030979,EQ00000613,L3,Workshop Safety,False,False,False,Operator
EMP035738,EQ00000613,L3,Workshop Safety,False,True,False,Maintenance
EMP015736,EQ00001446,L3,LOTO,False,False,False,Operator
EMP026844,EQ00001446,L2,LOTO,True,False,False,Maintenance
EMP023313,EQ00001446,L2,LOTO,True,False,False,Operator
EMP007156,EQ00001446,L5,LOTO,True,True,True,Inspector
EMP044001,EQ00001560,L4,Arc Flash Awareness,False,False,False,Operator
EMP045958,EQ00001560,L4,Arc Flash Awareness,False,False,False,Inspector
EMP044072,EQ00001560,L3,Arc Flash Awareness,False,False,False,Maintenance
EMP023971,EQ00001560,L6,Arc Flash Awareness,True,True,True,Supervisor
EMP031524,EQ00001560,L2,Arc Flash Awareness,False,False,False,Maintenance
EMP029696,EQ00002777,L4,Pressure Systems Safety,False,False,False,Maintenance
EMP023354,EQ00002777,L3,Pressure Systems Safety,False,False,False,Operator
EMP005628,EQ00002777,L3,Pressure Systems Safety,False,False,False,Inspector
EMP038840,EQ00002777,L4,Pressure Systems Safety,False,False,False,Inspector
EMP033855,EQ00001474,L3,Switchgear Operation,True,False,False,Maintenance
EMP040547,EQ00001474,L3,Switchgear Operation,False,False,False,Maintenance
EMP042365,EQ00001474,L2,Switchgear Operation,False,False,False,Supervisor
EMP020234,EQ00000991,L4,Gas Testing,False,False,False,Operator
EMP022661,EQ00000991,L6,Gas Testing,True,False,False,Inspector
EMP010538,EQ00000991,L2,Gas Testing,False,False,False,Inspector
EMP016212,EQ00000991,L2,Gas Testing,False,True,False,Maintenance
EMP029624,EQ00000991,L4,Gas Testing,False,False,False,Operator
EMP049674,EQ00000991,L4,Gas Testing,False,False,False,Supervisor
EMP036691,EQ00000991,L3,Gas Testing,True,False,False,Maintenance
EMP010113,EQ00000991,L4,Gas Testing,False,True,False,Operator
EMP002308,EQ00001062,L4,Fire Water Systems,False,True,False,Inspector
EMP025859,EQ00001062,L5,Fire Water Systems,True,False,False,Inspector
EMP023385,EQ00001062,L5,Fire Water Systems,True,False,False,Maintenance
EMP017566,EQ00001062,L4,Fire Water Systems,True,False,False,Maintenance
EMP038242,EQ00001062,L2,Fire Water Systems,True,True,False,Inspector
EMP024828,EQ00001062,L2,Fire Water Systems,False,False,False,Maintenance
EMP025943,EQ00001062,L6,Fire Water Systems,True,True,True,Maintenance
EMP030406,EQ00002766,L2,Hazardous Material Transport,True,False,False,Maintenance
EMP021490,EQ00002766,L2,Hazardous Material Transport,False,False,False,Inspector
EMP026103,EQ00002766,L3,Hazardous Material Transport,False,False,False,Maintenance
EMP041772,EQ00002766,L3,Hazardous Material Transport,True,False,False,Maintenance
EMP003984,EQ00002766,L3,Hazardous Material Transport,False,False,False,Operator
EMP015912,EQ00002766,L4,Hazardous Material Transport,False,True,False,Inspector
EMP000500,EQ00002046,L6,Permit to Work,True,False,False,Inspector
EMP037091,EQ00002046,L2,Permit to Work,True,True,False,Maintenance
EMP002812,EQ00002046,L4,Permit to Work,True,True,False,Inspector
EMP009763,EQ00002046,L6,Permit to Work,True,True,True,Maintenance
EMP049458,EQ00002046,L4,Permit to Work,False,False,False,Maintenance
EMP016973,EQ00002046,L4,Permit to Work,False,True,False,Supervisor
EMP037486,EQ00001417,L3,Motor Maintenance,True,True,False,Operator
EMP045672,EQ00001417,L3,Motor Maintenance,False,False,False,Supervisor
EMP021689,EQ00001417,L4,Motor Maintenance,True,True,True,Maintenance
EMP037643,EQ00000200,L3,Rotating Equipment,False,True,False,Supervisor
EMP033237,EQ00000200,L3,Rotating Equipment,False,True,False,Maintenance
EMP027237,EQ00000200,L5,Rotating Equipment,True,True,True,Operator
EMP022883,EQ00000200,L3,Rotating Equipment,False,False,False,Maintenance
EMP007938,EQ00000200,L4,Rotating Equipment,False,True,False,Inspector
EMP047758,EQ00000200,L5,Rotating Equipment,False,True,False,Maintenance
EMP027003,EQ00000200,L5,Rotating Equipment,True,True,True,Supervisor
EMP036337,EQ00000200,L3,Rotating Equipment,False,True,False,Operator
EMP034440,EQ00000351,L4,Workshop Safety,False,False,False,Inspector
EMP042225,EQ00000351,L4,Workshop Safety,False,False,False,Inspector
EMP029910,EQ00000351,L3,Workshop Safety,True,False,False,Inspector
EMP023338,EQ00000351,L5,Workshop Safety,True,True,True,Inspector
EMP022262,EQ00000351,L4,Workshop Safety,False,False,False,Maintenance
EMP037662,EQ00000170,L5,Pressure Systems Safety,True,False,False,Maintenance
EMP003777,EQ00000170,L5,Pressure Systems Safety,True,True,True,Maintenance
EMP041513,EQ00000170,L4,Pressure Systems Safety,False,True,False,Maintenance
EMP014237,EQ00000170,L5,Pressure Systems Safety,True,True,True,Supervisor
EMP026268,EQ00000170,L4,Pressure Systems Safety,False,False,False,Inspector
EMP007526,EQ00002597,L4,Electrical Safety,False,False,False,Inspector
EMP005813,EQ00002597,L5,Electrical Safety,True,True,True,Inspector
EMP007820,EQ00002597,L4,Electrical Safety,True,False,False,Operator
EMP020188,EQ00002597,L3,Electrical Safety,True,False,False,Supervisor
EMP028348,EQ00002597,L5,Electrical Safety,True,False,False,Inspector
EMP012103,EQ00002759,L6,Fire Water Systems,True,False,False,Maintenance
EMP013550,EQ00002759,L2,Fire Water Systems,False,False,False,Maintenance
EMP005318,EQ00002759,L6,Fire Water Systems,True,True,True,Inspector
EMP037380,EQ00002759,L3,Fire Water Systems,False,False,False,Supervisor
EMP007929,EQ00002759,L4,Fire Water Systems,False,False,False,Inspector
EMP014031,EQ00002759,L3,Fire Water Systems,False,False,False,Operator
EMP038959,EQ00002759,L4,Fire Water Systems,False,False,False,Supervisor
EMP035510,EQ00002759,L2,Fire Water Systems,False,False,False,Operator
EMP005948,EQ00000339,L2,Rig Floor Safety,True,True,False,Supervisor
EMP012094,EQ00000339,L5,Rig Floor Safety,True,False,False,Maintenance
EMP036125,EQ00000339,L3,Rig Floor Safety,False,True,False,Operator
EMP021497,EQ00000339,L3,Rig Floor Safety,False,False,False,Supervisor
EMP033823,EQ00000867,L4,Wastewater Operations,False,False,False,Maintenance
EMP018996,EQ00000867,L2,Wastewater Operations,False,False,False,Operator
EMP007715,EQ00000867,L2,Wastewater Operations,True,True,False,Maintenance
EMP033400,EQ00000867,L5,Wastewater Operations,True,True,True,Maintenance
EMP018340,EQ00000867,L4,Wastewater Operations,False,False,False,Inspector
EMP042296,EQ00001702,L4,Line of Fire Awareness,False,False,False,Inspector
EMP023812,EQ00001702,L3,Line of Fire Awareness,False,False,False,Supervisor
EMP016436,EQ00001702,L4,Line of Fire Awareness,True,False,False,Operator
EMP039052,EQ00001702,L3,Line of Fire Awareness,False,False,False,Inspector
EMP019639,EQ00001702,L3,Line of Fire Awareness,False,False,False,Supervisor
EMP034271,EQ00001702,L2,Line of Fire Awareness,False,False,False,Inspector
EMP038416,EQ00001702,L4,Line of Fire Awareness,True,False,False,Inspector
EMP032505,EQ00002485,L5,Permit to Work,True,True,True,Maintenance
EMP011240,EQ00002485,L3,Permit to Work,False,False,False,Supervisor
EMP011395,EQ00002485,L4,Permit to Work,False,True,False,Maintenance
EMP037878,EQ00002485,L3,Permit to Work,True,True,False,Supervisor
EMP027427,EQ00002485,L4,Permit to Work,True,True,True,Supervisor
EMP046261,EQ00002485,L4,Permit to Work,True,False,False,Supervisor
EMP017528,EQ00002485,L5,Permit to Work,True,True,True,Inspector
EMP045057,EQ00002485,L3,Permit to Work,False,True,False,Supervisor
EMP020270,EQ00002040,L3,LOTO,False,False,False,Maintenance
EMP027556,EQ00002040,L2,LOTO,True,False,False,Operator
EMP001758,EQ00002040,L3,LOTO,False,False,False,Operator
EMP000568,EQ00002040,L3,LOTO,False,False,False,Operator
EMP019328,EQ00002040,L4,LOTO,True,False,False,Supervisor
EMP024947,EQ00001388,L2,Lubrication,True,False,False,Supervisor
EMP049764,EQ00001388,L4,Lubrication,True,False,False,Supervisor
EMP007751,EQ00001388,L2,Lubrication,True,False,False,Inspector
EMP012871,EQ00001388,L4,Lubrication,False,False,False,Supervisor
EMP022426,EQ00001388,L2,Lubrication,True,False,False,Supervisor
EMP013638,EQ00001291,L3,Lifting Gear Inspection,True,False,False,Operator
EMP024661,EQ00001291,L4,Lifting Gear Inspection,True,True,True,Inspector
EMP038047,EQ00001291,L5,Lifting Gear Inspection,True,True,True,Supervisor
EMP003124,EQ00001291,L3,Lifting Gear Inspection,False,True,False,Supervisor
EMP027474,EQ00002731,L4,Vehicle Inspection,False,False,False,Operator
EMP023564,EQ00002731,L5,Vehicle Inspection,True,True,True,Operator
EMP042299,EQ00002787,L4,Control Systems,True,False,False,Operator
EMP041655,EQ00002787,L4,Control Systems,False,False,False,Operator
EMP013336,EQ00002787,L4,Control Systems,False,True,False,Inspector
EMP013677,EQ00002787,L3,Control Systems,False,True,False,Inspector
EMP018823,EQ00002787,L3,Control Systems,False,False,False,Operator
EMP014305,EQ00002787,L3,Control Systems,False,True,False,Inspector
EMP020098,EQ00000190,L4,Gas Detection,False,False,False,Operator
EMP022452,EQ00000190,L3,Gas Detection,False,False,False,Operator
EMP029216,EQ00001150,L2,Hazardous Material Transport,True,False,False,Maintenance
EMP024851,EQ00001150,L5,Hazardous Material Transport,True,True,True,Inspector
EMP022731,EQ00001150,L3,Hazardous Material Transport,False,False,False,Operator
EMP029947,EQ00001150,L2,Hazardous Material Transport,False,True,False,Operator
EMP031811,EQ00002188,L3,Vibration Monitoring,True,True,True,Maintenance
EMP029397,EQ00002188,L3,Vibration Monitoring,False,False,False,Inspector
EMP037485,EQ00002188,L4,Vibration Monitoring,True,True,True,Maintenance
EMP045006,EQ00002188,L4,Vibration Monitoring,True,True,True,Supervisor
EMP028831,EQ00002188,L4,Vibration Monitoring,True,True,True,Operator
EMP009672,EQ00002188,L4,Vibration Monitoring,True,True,True,Maintenance
EMP004623,EQ00002188,L2,Vibration Monitoring,False,False,False,Maintenance
EMP043688,EQ00002188,L2,Vibration Monitoring,False,False,False,Maintenance
EMP028531,EQ00002181,L4,Isolation/LOTO,True,False,False,Operator
EMP040033,EQ00002181,L2,Isolation/LOTO,True,False,False,Operator
EMP001165,EQ00002181,L2,Isolation/LOTO,False,False,False,Inspector
EMP003181,EQ00002181,L2,Isolation/LOTO,False,False,False,Operator
EMP038870,EQ00001432,L5,Calibration,True,True,True,Supervisor
EMP030761,EQ00001432,L6,Calibration,True,True,True,Inspector
EMP025901,EQ00001432,L3,Calibration,False,False,False,Maintenance
EMP001659,EQ00001432,L3,Calibration,False,False,False,Supervisor
EMP047204,EQ00000968,L5,Journey Management,True,True,True,Inspector
EMP022009,EQ00000968,L4,Journey Management,False,False,False,Supervisor
EMP048678,EQ00000968,L4,Journey Management,False,False,False,Maintenance
EMP045240,EQ00002762,L6,Pressure Systems Safety,True,True,True,Operator
EMP030822,EQ00002762,L4,Pressure Systems Safety,True,True,True,Inspector
EMP012084,EQ00002762,L3,Pressure Systems Safety,True,True,True,Maintenance
EMP018464,EQ00002762,L2,Pressure Systems Safety,False,False,False,Inspector
EMP018554,EQ00002762,L3,Pressure Systems Safety,True,True,True,Supervisor
EMP047995,EQ00002762,L3,Pressure Systems Safety,True,True,True,Maintenance
EMP009856,EQ00001031,L3,Instrumentation,False,False,False,Maintenance
EMP039048,EQ00001031,L2,Instrumentation,False,False,False,Inspector
EMP001988,EQ00001031,L3,Instrumentation,True,False,False,Maintenance
EMP048555,EQ00001031,L3,Instrumentation,False,False,False,Supervisor
EMP032078,EQ00001031,L5,Instrumentation,True,True,True,Maintenance
EMP005924,EQ00002547,L4,Pressure Vessel Safety,False,False,False,Inspector
EMP039975,EQ00002547,L3,Pressure Vessel Safety,True,False,False,Maintenance
EMP035136,EQ00001420,L4,Pressure Vessel Safety,False,False,False,Maintenance
EMP005162,EQ00001420,L2,Pressure Vessel Safety,False,False,False,Inspector
EMP004439,EQ00001420,L6,Pressure Vessel Safety,True,True,True,Maintenance
EMP010933,EQ00001420,L3,Pressure Vessel Safety,False,True,False,Operator
EMP001342,EQ00001420,L3,Pressure Vessel Safety,False,True,False,Maintenance
EMP028578,EQ00001420,L5,Pressure Vessel Safety,True,True,True,Operator
EMP006381,EQ00001420,L4,Pressure Vessel Safety,False,False,False,Maintenance
EMP046365,EQ00001420,L4,Pressure Vessel Safety,False,False,False,Maintenance
EMP010785,EQ00000641,L4,Isolation/LOTO,False,False,False,Supervisor
EMP027163,EQ00000641,L3,Isolation/LOTO,False,False,False,Inspector
EMP015275,EQ00000300,L3,Lifting Operations,False,False,False,Inspector
EMP034081,EQ00000300,L6,Lifting Operations,True,True,True,Supervisor
EMP034121,EQ00000300,L2,Lifting Operations,True,False,False,Inspector
EMP012811,EQ00000300,L3,Lifting Operations,False,False,False,Inspector
EMP035356,EQ00000300,L2,Lifting Operations,True,False,False,Operator
EMP042439,EQ00001268,L2,Crane Operation,False,False,False,Operator
EMP040076,EQ00001268,L4,Crane Operation,True,False,False,Inspector
EMP024529,EQ00001268,L2,Crane Operation,False,False,False,Inspector
EMP011827,EQ00001268,L3,Crane Operation,True,True,True,Supervisor
EMP012056,EQ00001268,L3,Crane Operation,True,True,True,Maintenance
EMP005861,EQ00001268,L3,Crane Operation,True,True,True,Supervisor
EMP008554,EQ00001268,L3,Crane Operation,True,True,True,Operator
EMP025717,EQ00001268,L3,Crane Operation,True,True,True,Inspector
EMP006876,EQ00000821,L3,LOTO,False,False,False,Maintenance
EMP041902,EQ00000821,L3,LOTO,False,False,False,Inspector
EMP047462,EQ00000821,L2,LOTO,True,False,False,Operator
EMP012196,EQ00000821,L3,LOTO,False,False,False,Inspector
EMP046317,EQ00000821,L5,LOTO,True,False,False,Operator
EMP000758,EQ00000821,L4,LOTO,False,False,False,Supervisor
EMP001644,EQ00000982,L4,LOTO,True,True,True,Supervisor
EMP005775,EQ00000982,L2,LOTO,False,False,False,Maintenance
EMP018497,EQ00000708,L6,Process Safety,True,True,True,Operator
EMP021723,EQ00000708,L2,Process Safety,False,False,False,Supervisor
EMP037360,EQ00000708,L4,Process Safety,False,False,False,Maintenance
EMP021861,EQ00000708,L4,Process Safety,True,True,True,Operator
EMP043518,EQ00000708,L3,Process Safety,True,False,False,Inspector
EMP035252,EQ00000708,L2,Process Safety,True,False,False,Inspector
EMP007627,EQ00001034,L5,Line of Fire Awareness,True,True,True,Inspector
EMP029854,EQ00001034,L3,Line of Fire Awareness,False,True,False,Inspector
EMP045387,EQ00001034,L5,Line of Fire Awareness,True,True,True,Operator
EMP033009,EQ00001034,L3,Line of Fire Awareness,False,False,False,Operator
EMP040830,EQ00001034,L3,Line of Fire Awareness,False,False,False,Operator
EMP045807,EQ00001034,L4,Line of Fire Awareness,False,False,False,Supervisor
EMP033158,EQ00001034,L4,Line of Fire Awareness,False,False,False,Inspector
EMP040542,EQ00002081,L3,Switchgear Operation,True,True,False,Inspector
EMP021374,EQ00002081,L2,Switchgear Operation,False,False,False,Inspector
EMP043051,EQ00000261,L3,Mechanical Inspection,False,True,False,Operator
EMP015807,EQ00000261,L2,Mechanical Inspection,True,False,False,Operator
EMP004055,EQ00000261,L4,Mechanical Inspection,False,False,False,Supervisor
EMP035217,EQ00001880,L3,Instrumentation,False,False,False,Supervisor
EMP041950,EQ00001880,L4,Instrumentation,True,True,True,Maintenance
EMP037624,EQ00001880,L5,Instrumentation,True,True,True,Maintenance
EMP041894,EQ00000393,L4,Calibration,False,False,False,Maintenance
EMP010816,EQ00000393,L4,Calibration,False,False,False,Operator
EMP015213,EQ00000393,L5,Calibration,True,True,True,Inspector
EMP011197,EQ00000393,L5,Calibration,False,True,False,Supervisor
EMP013839,EQ00000189,L3,Environmental Monitoring,True,False,False,Operator
EMP039535,EQ00000189,L3,Environmental Monitoring,False,False,False,Supervisor
EMP001519,EQ00000189,L3,Environmental Monitoring,False,False,False,Operator
EMP047916,EQ00000189,L2,Environmental Monitoring,False,False,False,Inspector
EMP037525,EQ00000189,L2,Environmental Monitoring,False,False,False,Supervisor
EMP015675,EQ00000189,L5,Environmental Monitoring,True,True,True,Maintenance
EMP028103,EQ00000189,L3,Environmental Monitoring,True,True,False,Maintenance
EMP010359,EQ00000189,L2,Environmental Monitoring,False,False,False,Supervisor
EMP026736,EQ00000806,L4,Drilling Operations,False,True,False,Supervisor
EMP005871,EQ00000806,L3,Drilling Operations,True,False,False,Maintenance
EMP030890,EQ00000806,L3,Drilling Operations,False,False,False,Inspector
EMP018692,EQ00000806,L4,Drilling Operations,False,False,False,Operator
EMP011228,EQ00000806,L6,Drilling Operations,True,True,True,Inspector
EMP019854,EQ00000806,L4,Drilling Operations,False,False,False,Maintenance
EMP021436,EQ00000806,L3,Drilling Operations,True,False,False,Operator
EMP037806,EQ00000806,L2,Drilling Operations,False,False,False,Operator
EMP043773,EQ00002541,L4,Machine Tool Operation,False,False,False,Inspector
EMP002838,EQ00002541,L2,Machine Tool Operation,False,False,False,Operator
EMP041752,EQ00002541,L3,Machine Tool Operation,False,False,False,Operator
EMP006046,EQ00002541,L4,Machine Tool Operation,False,False,False,Inspector
EMP007783,EQ00002541,L5,Machine Tool Operation,True,True,True,Operator
EMP035674,EQ00002722,L4,Well Control,True,False,False,Supervisor
EMP041778,EQ00002722,L2,Well Control,False,False,False,Supervisor
EMP040068,EQ00002722,L3,Well Control,True,False,False,Operator
EMP004216,EQ00002722,L5,Well Control,True,True,True,Supervisor
EMP046802,EQ00002722,L3,Well Control,False,True,False,Supervisor
EMP015159,EQ00002722,L3,Well Control,True,False,False,Inspector
EMP042074,EQ00002722,L4,Well Control,False,True,False,Supervisor
EMP044380,EQ00001735,L3,Lifting Gear Inspection,False,True,False,Operator
EMP033725,EQ00001735,L2,Lifting Gear Inspection,False,False,False,Supervisor
EMP000688,EQ00001735,L3,Lifting Gear Inspection,False,False,False,Maintenance
EMP001034,EQ00001735,L2,Lifting Gear Inspection,False,False,False,Supervisor
EMP049156,EQ00000830,L5,Line of Fire Awareness,True,True,True,Maintenance
EMP030028,EQ00000830,L4,Line of Fire Awareness,True,True,True,Inspector
EMP039966,EQ00000830,L3,Line of Fire Awareness,True,False,False,Operator
EMP046597,EQ00000830,L2,Line of Fire Awareness,False,False,False,Supervisor
EMP027568,EQ00000830,L4,Line of Fire Awareness,True,True,True,Operator
EMP001222,EQ00000830,L2,Line of Fire Awareness,False,False,False,Operator
EMP016001,EQ00000830,L2,Line of Fire Awareness,True,False,False,Maintenance
EMP049033,EQ00000221,L3,Rig Floor Safety,False,False,False,Inspector
EMP029069,EQ00000221,L4,Rig Floor Safety,True,True,True,Operator
EMP046254,EQ00000221,L5,Rig Floor Safety,True,True,True,Inspector
EMP023333,EQ00002706,L4,LOTO,True,True,True,Operator
EMP033210,EQ00002706,L6,LOTO,True,True,True,Maintenance
EMP026996,EQ00002205,L3,Isolation/LOTO,False,False,False,Maintenance
EMP017902,EQ00002205,L3,Isolation/LOTO,True,False,False,Operator
EMP031594,EQ00001821,L6,Isolation/LOTO,True,True,True,Inspector
EMP019042,EQ00001821,L3,Isolation/LOTO,False,False,False,Inspector
EMP047662,EQ00001821,L3,Isolation/LOTO,False,False,False,Maintenance
EMP010801,EQ00001821,L3,Isolation/LOTO,True,False,False,Maintenance
EMP003812,EQ00001821,L3,Isolation/LOTO,False,False,False,Inspector
EMP013258,EQ00000410,L3,Process Safety,False,False,False,Supervisor
EMP000552,EQ00000410,L5,Process Safety,True,True,True,Operator
EMP031434,EQ00000410,L2,Process Safety,False,False,False,Inspector
EMP015034,EQ00000410,L5,Process Safety,True,True,True,Maintenance
EMP037114,EQ00000410,L6,Process Safety,True,True,True,Maintenance
EMP041088,EQ00001751,L2,Valve Maintenance,False,True,False,Maintenance
EMP029670,EQ00001751,L3,Valve Maintenance,False,False,False,Operator
EMP018668,EQ00001751,L6,Valve Maintenance,True,True,True,Supervisor
EMP037215,EQ00001751,L3,Valve Maintenance,False,True,False,Maintenance
EMP036387,EQ00001751,L4,Valve Maintenance,False,True,False,Maintenance
EMP016243,EQ00001966,L3,Workshop Safety,False,False,False,Inspector
EMP012559,EQ00001966,L5,Workshop Safety,True,True,True,Operator
EMP047156,EQ00001966,L2,Workshop Safety,False,False,False,Inspector
EMP047449,EQ00001966,L6,Workshop Safety,True,False,False,Inspector
EMP030337,EQ00001966,L2,Workshop Safety,False,False,False,Inspector
EMP001212,EQ00001966,L3,Workshop Safety,False,False,False,Operator
EMP015911,EQ00001966,L5,Workshop Safety,True,True,True,Supervisor
EMP000088,EQ00001966,L4,Workshop Safety,True,True,True,Maintenance
EMP045556,EQ00000427,L6,Vehicle Inspection,True,True,True,Inspector
EMP045798,EQ00000427,L5,Vehicle Inspection,True,True,True,Supervisor
EMP021249,EQ00000427,L3,Vehicle Inspection,False,True,False,Inspector
EMP018404,EQ00000427,L4,Vehicle Inspection,False,True,False,Maintenance
EMP042314,EQ00001673,L4,Motor Maintenance,False,False,False,Operator
EMP003932,EQ00001673,L3,Motor Maintenance,False,False,False,Supervisor
EMP018392,EQ00001673,L6,Motor Maintenance,True,True,True,Supervisor
EMP044386,EQ00001673,L2,Motor Maintenance,False,True,False,Maintenance
EMP034362,EQ00001673,L3,Motor Maintenance,False,False,False,Inspector
EMP023737,EQ00001155,L6,Hydrotest Safety,True,True,True,Inspector
EMP049617,EQ00001155,L4,Hydrotest Safety,False,True,False,Supervisor
EMP022129,EQ00001155,L3,Hydrotest Safety,False,False,False,Operator
EMP020955,EQ00001155,L4,Hydrotest Safety,True,True,False,Operator
EMP031114,EQ00001155,L4,Hydrotest Safety,True,False,False,Maintenance
EMP021197,EQ00001155,L5,Hydrotest Safety,False,True,False,Inspector
EMP042104,EQ00001155,L4,Hydrotest Safety,False,False,False,Inspector
EMP030944,EQ00002531,L5,Emergency Response,True,True,True,Maintenance
EMP042791,EQ00002531,L3,Emergency Response,False,False,False,Supervisor
EMP002047,EQ00002531,L2,Emergency Response,False,False,False,Supervisor
EMP023526,EQ00002531,L3,Emergency Response,False,False,False,Supervisor
EMP011629,EQ00002531,L3,Emergency Response,True,False,False,Operator
EMP046218,EQ00002531,L3,Emergency Response,False,True,False,Operator
EMP038717,EQ00002531,L3,Emergency Response,False,False,False,Maintenance
EMP028342,EQ00002531,L4,Emergency Response,False,True,False,Inspector
EMP006178,EQ00001564,L2,Process Operations,False,False,False,Inspector
EMP039960,EQ00001564,L4,Process Operations,False,True,False,Inspector
EMP044375,EQ00001564,L4,Process Operations,False,False,False,Supervisor
EMP021227,EQ00001564,L3,Process Operations,True,False,False,Supervisor
EMP020108,EQ00001564,L5,Process Operations,True,True,True,Inspector
EMP035747,EQ00001564,L3,Process Operations,False,False,False,Inspector
EMP007170,EQ00001564,L3,Process Operations,False,False,False,Operator
EMP024367,EQ00001564,L2,Process Operations,False,True,False,Supervisor
EMP035201,EQ00001272,L5,Machine Tool Operation,True,True,True,Operator
EMP000490,EQ00001272,L5,Machine Tool Operation,True,True,True,Maintenance
EMP018693,EQ00001272,L4,Machine Tool Operation,False,False,False,Operator
EMP045443,EQ00001922,L2,Emergency Response,False,False,False,Operator
EMP028532,EQ00001922,L3,Emergency Response,False,False,False,Operator
EMP016505,EQ00001922,L3,Emergency Response,False,False,False,Supervisor
EMP001093,EQ00001922,L4,Emergency Response,False,True,False,Inspector
EMP046484,EQ00002213,L4,Isolation/LOTO,True,True,True,Inspector
EMP023655,EQ00002213,L3,Isolation/LOTO,True,False,False,Maintenance
EMP008002,EQ00000317,L4,Pressure Testing,True,False,False,Operator
EMP008973,EQ00000317,L3,Pressure Testing,False,True,False,Operator
EMP049094,EQ00001473,L4,Machine Tool Operation,False,True,False,Operator
EMP044250,EQ00001473,L3,Machine Tool Operation,False,True,False,Inspector
EMP032424,EQ00001473,L6,Machine Tool Operation,True,True,True,Inspector
EMP026592,EQ00000972,L3,SIS/ESD,False,True,False,Supervisor
EMP019711,EQ00000972,L3,SIS/ESD,False,False,False,Operator
EMP026360,EQ00000972,L3,SIS/ESD,True,False,False,Supervisor
EMP016355,EQ00000972,L3,SIS/ESD,False,False,False,Operator
EMP011679,EQ00000972,L4,SIS/ESD,False,True,False,Maintenance
EMP034469,EQ00000972,L3,SIS/ESD,False,False,False,Operator
EMP023115,EQ00000972,L6,SIS/ESD,True,False,False,Operator
EMP015878,EQ00000888,L2,Lifting Gear Inspection,True,False,False,Supervisor
EMP000882,EQ00000888,L4,Lifting Gear Inspection,True,True,False,Operator
EMP040901,EQ00000888,L2,Lifting Gear Inspection,True,False,False,Maintenance
EMP005568,EQ00000888,L4,Lifting Gear Inspection,False,False,False,Maintenance
EMP041540,EQ00000888,L5,Lifting Gear Inspection,True,True,True,Supervisor
EMP008061,EQ00000888,L4,Lifting Gear Inspection,False,False,False,Inspector
EMP032124,EQ00000888,L3,Lifting Gear Inspection,False,True,False,Supervisor
EMP024018,EQ00000888,L4,Lifting Gear Inspection,False,False,False,Inspector
EMP014274,EQ00000314,L3,Process Safety,False,False,False,Maintenance
EMP027723,EQ00000314,L3,Process Safety,True,False,False,Inspector
EMP018762,EQ00000314,L3,Process Safety,False,False,False,Maintenance
EMP044699,EQ00000314,L4,Process Safety,False,False,False,Maintenance
EMP006306,EQ00000314,L3,Process Safety,False,True,False,Supervisor
EMP012348,EQ00002694,L4,Calibration,False,False,False,Supervisor
EMP041060,EQ00002694,L5,Calibration,True,True,True,Inspector
EMP025011,EQ00001423,L5,Hazardous Material Transport,True,True,True,Inspector
EMP047297,EQ00001423,L5,Hazardous Material Transport,True,True,True,Operator
EMP015392,EQ00001423,L5,Hazardous Material Transport,True,False,False,Supervisor
EMP049357,EQ00001423,L2,Hazardous Material Transport,False,False,False,Supervisor
EMP009795,EQ00001423,L3,Hazardous Material Transport,True,True,False,Inspector
EMP048881,EQ00001423,L3,Hazardous Material Transport,False,False,False,Operator
EMP024708,EQ00001423,L4,Hazardous Material Transport,False,False,False,Supervisor
EMP027803,EQ00001423,L2,Hazardous Material Transport,False,False,False,Supervisor
EMP032312,EQ00001606,L5,Permit to Work,True,True,True,Inspector
EMP007799,EQ00001606,L3,Permit to Work,True,False,False,Maintenance
EMP009448,EQ00001606,L4,Permit to Work,False,True,False,Inspector
EMP025450,EQ00001606,L6,Permit to Work,True,True,True,Operator
EMP016437,EQ00001606,L4,Permit to Work,True,False,False,Operator
EMP009296,EQ00001606,L5,Permit to Work,True,True,True,Inspector
EMP032789,EQ00002493,L4,LOTO,True,True,True,Maintenance
EMP011776,EQ00002493,L3,LOTO,True,False,False,Operator
EMP009653,EQ00002493,L3,LOTO,False,True,False,Operator
EMP011711,EQ00002493,L5,LOTO,True,True,True,Inspector
EMP035272,EQ00002493,L3,LOTO,True,True,False,Operator
EMP032618,EQ00000960,L2,Machine Tool Operation,False,False,False,Maintenance
EMP014421,EQ00000960,L6,Machine Tool Operation,True,True,True,Operator
EMP010873,EQ00000960,L4,Machine Tool Operation,True,True,True,Inspector
EMP033803,EQ00000961,L3,Drilling Operations,False,False,False,Maintenance
EMP006577,EQ00000961,L5,Drilling Operations,False,True,False,Operator
EMP028850,EQ00000961,L4,Drilling Operations,False,False,False,Inspector
EMP012483,EQ00000961,L3,Drilling Operations,False,False,False,Maintenance
EMP008019,EQ00000961,L3,Drilling Operations,False,True,False,Maintenance
EMP001087,EQ00000961,L4,Drilling Operations,False,True,False,Inspector
EMP007996,EQ00000961,L3,Drilling Operations,True,True,False,Supervisor
EMP049150,EQ00002436,L5,Permit to Work,True,False,False,Operator
EMP041191,EQ00002436,L2,Permit to Work,False,False,False,Inspector
EMP025417,EQ00002436,L3,Permit to Work,False,False,False,Inspector
EMP004679,EQ00001712,L4,Hot Work,False,False,False,Supervisor
EMP035870,EQ00001712,L4,Hot Work,False,False,False,Inspector
EMP000181,EQ00001712,L3,Hot Work,False,True,False,Supervisor
EMP037596,EQ00001712,L3,Hot Work,False,False,False,Operator
EMP046896,EQ00001712,L4,Hot Work,False,False,False,Supervisor
EMP023561,EQ00001712,L6,Hot Work,True,True,True,Operator
EMP027325,EQ00001712,L4,Hot Work,False,False,False,Supervisor
EMP026478,EQ00001470,L5,SIS/ESD,True,True,True,Operator
EMP023511,EQ00001470,L2,SIS/ESD,True,False,False,Operator
EMP033861,EQ00001470,L3,SIS/ESD,False,True,False,Inspector
EMP021176,EQ00001470,L4,SIS/ESD,True,False,False,Inspector
EMP048043,EQ00001470,L5,SIS/ESD,True,True,True,Operator
EMP047586,EQ00001470,L3,SIS/ESD,True,False,False,Inspector
EMP042252,EQ00001470,L4,SIS/ESD,False,True,False,Maintenance
EMP005848,EQ00001470,L4,SIS/ESD,False,False,False,Operator
EMP047004,EQ00001103,L2,Electrical Safety,False,False,False,Inspector
EMP023758,EQ00001103,L2,Electrical Safety,True,False,False,Maintenance
EMP032383,EQ00001103,L4,Electrical Safety,True,True,True,Operator
EMP028748,EQ00001103,L3,Electrical Safety,False,True,False,Supervisor
EMP045461,EQ00002649,L3,Fire Water Systems,False,False,False,Supervisor
EMP018020,EQ00002649,L2,Fire Water Systems,False,True,False,Inspector
EMP034479,EQ00001876,L3,Fire Water Systems,False,True,False,Operator
EMP011519,EQ00001876,L4,Fire Water Systems,False,False,False,Inspector
EMP046465,EQ00001876,L4,Fire Water Systems,True,True,False,Maintenance
EMP046387,EQ00002330,L3,LOTO,False,False,False,Inspector
EMP012687,EQ00002330,L4,LOTO,True,True,True,Operator
EMP005947,EQ00002330,L3,LOTO,False,True,False,Supervisor
EMP030808,EQ00002330,L2,LOTO,False,False,False,Maintenance
EMP047448,EQ00002330,L6,LOTO,True,True,True,Supervisor
EMP019490,EQ00002330,L3,LOTO,True,False,False,Supervisor
EMP015213,EQ00002330,L5,LOTO,True,True,True,Inspector
EMP033043,EQ00000970,L4,Electrical Safety,True,True,True,Supervisor
EMP018527,EQ00000970,L3,Electrical Safety,True,False,False,Supervisor
EMP027588,EQ00000970,L4,Electrical Safety,False,True,False,Supervisor
EMP028906,EQ00000970,L4,Electrical Safety,True,True,True,Inspector
EMP035589,EQ00000970,L4,Electrical Safety,True,False,False,Supervisor
EMP036893,EQ00000970,L4,Electrical Safety,False,False,False,Supervisor
EMP048958,EQ00000970,L3,Electrical Safety,True,False,False,Supervisor
EMP031984,EQ00002015,L4,Machine Tool Operation,False,False,False,Maintenance
EMP036445,EQ00002015,L5,Machine Tool Operation,False,True,False,Operator
EMP019392,EQ00002015,L4,Machine Tool Operation,False,False,False,Maintenance
EMP002072,EQ00002015,L3,Machine Tool Operation,False,False,False,Operator
EMP002421,EQ00002015,L2,Machine Tool Operation,False,False,False,Supervisor
EMP019284,EQ00002015,L4,Machine Tool Operation,True,False,False,Maintenance
EMP022314,EQ00002015,L3,Machine Tool Operation,False,False,False,Inspector
EMP009693,EQ00002015,L3,Machine Tool Operation,True,False,False,Operator
EMP012819,EQ00001484,L3,SIS/ESD,True,True,False,Operator
EMP004856,EQ00001484,L3,SIS/ESD,False,False,False,Maintenance
EMP015344,EQ00002136,L2,Pipeline Operations,False,False,False,Operator
EMP010406,EQ00002136,L2,Pipeline Operations,False,False,False,Maintenance
EMP027047,EQ00002136,L2,Pipeline Operations,False,False,False,Operator
EMP041495,EQ00002136,L5,Pipeline Operations,True,True,True,Supervisor
EMP003395,EQ00002136,L5,Pipeline Operations,True,True,True,Operator
EMP007177,EQ00002198,L6,Permit to Work,True,True,True,Inspector
EMP036971,EQ00002198,L3,Permit to Work,False,False,False,Maintenance
EMP017366,EQ00002198,L6,Permit to Work,True,False,False,Supervisor
EMP009576,EQ00002198,L3,Permit to Work,False,False,False,Operator
EMP001833,EQ00002198,L4,Permit to Work,True,True,True,Supervisor
EMP040826,EQ00002198,L2,Permit to Work,False,False,False,Supervisor
EMP023614,EQ00000907,L2,Workshop Safety,False,True,False,Inspector
EMP017253,EQ00000907,L3,Workshop Safety,False,False,False,Supervisor
EMP028498,EQ00000907,L4,Workshop Safety,True,False,False,Inspector
EMP005156,EQ00000907,L3,Workshop Safety,False,False,False,Supervisor
EMP024379,EQ00000907,L2,Workshop Safety,False,True,False,Inspector
EMP027307,EQ00002092,L5,Welding Safety,True,True,True,Supervisor
EMP015376,EQ00002092,L4,Welding Safety,True,False,False,Maintenance
EMP030029,EQ00002092,L3,Welding Safety,False,False,False,Inspector
EMP041147,EQ00002092,L3,Welding Safety,False,False,False,Inspector
EMP017946,EQ00002092,L3,Welding Safety,False,False,False,Operator
EMP005542,EQ00002599,L4,Rig Floor Safety,False,False,False,Supervisor
EMP048045,EQ00002599,L5,Rig Floor Safety,True,False,False,Inspector
EMP024919,EQ00002599,L4,Rig Floor Safety,False,True,False,Inspector
EMP016979,EQ00002599,L2,Rig Floor Safety,True,True,False,Operator
EMP034539,EQ00002785,L3,Pressure Testing,False,False,False,Operator
EMP029687,EQ00002785,L4,Pressure Testing,True,False,False,Supervisor
EMP026017,EQ00002785,L3,Pressure Testing,True,False,False,Maintenance
EMP031560,EQ00002785,L3,Pressure Testing,True,False,False,Maintenance
EMP016576,EQ00002785,L6,Pressure Testing,True,True,True,Operator
EMP005543,EQ00002785,L5,Pressure Testing,True,True,True,Maintenance
EMP011019,EQ00001647,L3,Machine Tool Operation,True,True,False,Inspector
EMP034887,EQ00001647,L6,Machine Tool Operation,True,True,True,Operator
EMP022210,EQ00001647,L4,Machine Tool Operation,False,False,False,Maintenance
EMP015816,EQ00001647,L4,Machine Tool Operation,False,False,False,Operator
EMP021374,EQ00001647,L2,Machine Tool Operation,False,False,False,Operator
EMP042490,EQ00002761,L3,Hydrotest Safety,False,False,False,Supervisor
EMP037411,EQ00002761,L3,Hydrotest Safety,False,False,False,Supervisor
EMP025423,EQ00002761,L5,Hydrotest Safety,True,True,True,Supervisor
EMP041978,EQ00001059,L6,Permit to Work,True,True,True,Supervisor
EMP025080,EQ00001059,L4,Permit to Work,False,True,False,Operator
EMP017342,EQ00001059,L4,Permit to Work,True,True,False,Maintenance
EMP019932,EQ00001059,L4,Permit to Work,True,False,False,Operator
EMP018652,EQ00001059,L3,Permit to Work,False,False,False,Inspector
EMP010516,EQ00002034,L3,Gas Testing,False,False,False,Maintenance
EMP023361,EQ00002034,L4,Gas Testing,True,True,False,Supervisor
EMP049955,EQ00002034,L3,Gas Testing,False,False,False,Supervisor
EMP039906,EQ00002034,L4,Gas Testing,False,False,False,Inspector
EMP046029,EQ00002034,L2,Gas Testing,False,False,False,Maintenance
EMP035880,EQ00002034,L5,Gas Testing,True,True,True,Supervisor
EMP008457,EQ00002034,L4,Gas Testing,False,False,False,Inspector
EMP027630,EQ00002034,L3,Gas Testing,False,False,False,Inspector
EMP002789,EQ00000767,L6,Defensive Driving,False,True,False,Supervisor
EMP037136,EQ00000767,L5,Defensive Driving,True,True,True,Operator
EMP035966,EQ00000767,L2,Defensive Driving,False,True,False,Inspector
EMP047145,EQ00000767,L2,Defensive Driving,True,True,False,Supervisor
EMP026324,EQ00000767,L3,Defensive Driving,False,False,False,Inspector
EMP035187,EQ00000767,L2,Defensive Driving,False,False,False,Supervisor
EMP023990,EQ00002639,L3,Rigging,True,False,False,Supervisor
EMP049554,EQ00002639,L4,Rigging,True,True,True,Maintenance
EMP029903,EQ00002639,L4,Rigging,True,True,True,Supervisor
EMP016803,EQ00002639,L5,Rigging,True,True,True,Supervisor
EMP002349,EQ00002639,L4,Rigging,True,True,True,Maintenance
EMP024107,EQ00002639,L5,Rigging,True,True,True,Inspector
EMP046418,EQ00002628,L3,LOTO,False,False,False,Maintenance
EMP036351,EQ00002628,L3,LOTO,False,False,False,Maintenance
EMP046768,EQ00002628,L5,LOTO,True,True,True,Inspector
EMP000281,EQ00002628,L5,LOTO,True,True,True,Supervisor
EMP002530,EQ00002628,L6,LOTO,True,True,True,Operator
EMP024699,EQ00000498,L5,Pipeline Operations,True,True,True,Operator
EMP010005,EQ00000498,L3,Pipeline Operations,False,False,False,Maintenance
EMP032816,EQ00000498,L3,Pipeline Operations,False,False,False,Supervisor
EMP034206,EQ00000498,L3,Pipeline Operations,True,False,False,Inspector
EMP038382,EQ00000498,L5,Pipeline Operations,True,True,True,Operator
EMP035761,EQ00000498,L3,Pipeline Operations,False,True,False,Operator
EMP012810,EQ00000498,L4,Pipeline Operations,False,False,False,Supervisor
EMP030727,EQ00000948,L4,Rig Floor Safety,True,False,False,Supervisor
EMP013077,EQ00000948,L5,Rig Floor Safety,True,True,True,Operator
EMP014837,EQ00000948,L3,Rig Floor Safety,False,False,False,Operator
EMP034115,EQ00001263,L4,Well Control,False,False,False,Maintenance
EMP009255,EQ00001263,L4,Well Control,False,False,False,Maintenance
EMP048604,EQ00001263,L2,Well Control,False,False,False,Inspector
EMP046247,EQ00001263,L3,Well Control,False,True,False,Supervisor
EMP047750,EQ00001263,L4,Well Control,False,True,False,Operator
EMP044689,EQ00001725,L4,Lifting Gear Inspection,True,False,False,Inspector
EMP005792,EQ00001725,L4,Lifting Gear Inspection,False,False,False,Maintenance
EMP006954,EQ00001725,L2,Lifting Gear Inspection,False,False,False,Supervisor
EMP045012,EQ00001725,L4,Lifting Gear Inspection,False,True,False,Inspector
EMP035278,EQ00001725,L5,Lifting Gear Inspection,False,True,False,Supervisor
EMP005991,EQ00001725,L2,Lifting Gear Inspection,False,True,False,Operator
EMP008661,EQ00001725,L3,Lifting Gear Inspection,False,False,False,Supervisor
EMP010431,EQ00001725,L2,Lifting Gear Inspection,False,False,False,Inspector
EMP018999,EQ00000902,L3,Vehicle Inspection,False,False,False,Maintenance
EMP003598,EQ00000902,L4,Vehicle Inspection,False,False,False,Supervisor
EMP046711,EQ00000902,L5,Vehicle Inspection,True,False,False,Supervisor
EMP010073,EQ00000902,L4,Vehicle Inspection,False,False,False,Inspector
EMP004081,EQ00000902,L4,Vehicle Inspection,True,False,False,Maintenance
EMP029216,EQ00000987,L2,Defensive Driving,False,True,False,Operator
EMP030284,EQ00000987,L3,Defensive Driving,True,False,False,Inspector
EMP026424,EQ00000987,L4,Defensive Driving,True,True,True,Maintenance
EMP023161,EQ00000987,L5,Defensive Driving,True,True,True,Inspector
EMP046215,EQ00000987,L3,Defensive Driving,False,False,False,Supervisor
EMP040270,EQ00000987,L2,Defensive Driving,False,False,False,Supervisor
EMP047167,EQ00000987,L4,Defensive Driving,True,False,False,Inspector
EMP008100,EQ00000987,L4,Defensive Driving,True,True,True,Inspector
EMP021053,EQ00000435,L4,Hydrotest Safety,False,False,False,Supervisor
EMP046085,EQ00000435,L2,Hydrotest Safety,True,False,False,Inspector
EMP047831,EQ00000435,L6,Hydrotest Safety,True,True,True,Maintenance
EMP000077,EQ00000435,L4,Hydrotest Safety,False,True,False,Supervisor
EMP048305,EQ00000435,L3,Hydrotest Safety,True,False,False,Inspector
EMP047836,EQ00001142,L6,Electrical Safety,True,True,True,Maintenance
EMP004031,EQ00001142,L4,Electrical Safety,False,True,False,Operator
EMP048886,EQ00001142,L3,Electrical Safety,False,False,False,Maintenance
EMP040041,EQ00001142,L3,Electrical Safety,False,False,False,Maintenance
EMP046384,EQ00001142,L5,Electrical Safety,True,True,True,Inspector
EMP049440,EQ00001142,L4,Electrical Safety,False,False,False,Maintenance
EMP013852,EQ00001142,L4,Electrical Safety,True,True,False,Inspector
EMP013742,EQ00002078,L2,Electrical Safety,False,False,False,Operator
EMP037126,EQ00002078,L3,Electrical Safety,False,False,False,Supervisor
EMP014304,EQ00002078,L3,Electrical Safety,True,False,False,Supervisor
EMP046841,EQ00002078,L3,Electrical Safety,False,False,False,Inspector
EMP012372,EQ00001003,L3,Rig Floor Safety,False,False,False,Supervisor
EMP020199,EQ00001003,L4,Rig Floor Safety,False,False,False,Inspector
EMP045644,EQ00002566,L6,Machine Tool Operation,False,True,False,Inspector
EMP026979,EQ00002566,L3,Machine Tool Operation,False,False,False,Operator
EMP009988,EQ00001956,L3,Pressure Systems Safety,True,False,False,Maintenance
EMP042505,EQ00001956,L2,Pressure Systems Safety,False,False,False,Operator
EMP008096,EQ00001956,L5,Pressure Systems Safety,True,True,True,Operator
EMP023629,EQ00001294,L3,Emergency Response,True,False,False,Inspector
EMP001181,EQ00001294,L6,Emergency Response,True,True,True,Inspector
EMP023614,EQ00001294,L2,Emergency Response,False,False,False,Operator
EMP028406,EQ00001294,L3,Emergency Response,False,False,False,Maintenance
EMP037098,EQ00001044,L3,Pipeline Operations,True,True,True,Maintenance
EMP011735,EQ00001044,L3,Pipeline Operations,True,True,True,Inspector
EMP017042,EQ00001044,L4,Pipeline Operations,True,True,True,Maintenance
EMP036145,EQ00001044,L3,Pipeline Operations,True,True,True,Supervisor
EMP049669,EQ00001044,L2,Pipeline Operations,False,False,False,Maintenance
EMP017496,EQ00000672,L3,Permit to Work,True,False,False,Inspector
EMP018002,EQ00000672,L3,Permit to Work,False,False,False,Supervisor
EMP008862,EQ00000672,L5,Permit to Work,True,True,True,Maintenance
EMP029189,EQ00000913,L4,Process Operations,False,False,False,Operator
EMP039655,EQ00000913,L3,Process Operations,False,False,False,Maintenance
EMP028178,EQ00000913,L3,Process Operations,True,False,False,Maintenance
EMP044766,EQ00000913,L3,Process Operations,False,False,False,Supervisor
EMP043442,EQ00000913,L2,Process Operations,False,False,False,Supervisor
EMP036693,EQ00000913,L4,Process Operations,False,False,False,Operator
EMP030153,EQ00001242,L5,Permit to Work,True,False,False,Supervisor
EMP046573,EQ00001242,L3,Permit to Work,False,False,False,Operator
EMP033746,EQ00001242,L3,Permit to Work,False,False,False,Maintenance
EMP042916,EQ00001242,L4,Permit to Work,False,False,False,Supervisor
EMP037577,EQ00001242,L5,Permit to Work,True,True,True,Inspector
EMP035005,EQ00001242,L4,Permit to Work,False,False,False,Supervisor
EMP013799,EQ00001242,L5,Permit to Work,True,True,True,Supervisor
EMP004809,EQ00000257,L3,Isolation/LOTO,False,False,False,Maintenance
EMP028368,EQ00000257,L3,Isolation/LOTO,False,False,False,Inspector
EMP042395,EQ00000257,L5,Isolation/LOTO,True,True,True,Operator
EMP006404,EQ00000257,L5,Isolation/LOTO,True,True,True,Operator
EMP034015,EQ00000257,L5,Isolation/LOTO,True,False,False,Supervisor
EMP043925,EQ00000257,L4,Isolation/LOTO,True,True,True,Inspector
EMP040328,EQ00000257,L5,Isolation/LOTO,True,True,True,Operator
EMP037248,EQ00000257,L4,Isolation/LOTO,True,True,True,Supervisor
EMP026224,EQ00002079,L4,Calibration,False,False,False,Inspector
EMP015128,EQ00002079,L3,Calibration,False,False,False,Operator
EMP007172,EQ00002079,L5,Calibration,True,True,True,Operator
EMP032130,EQ00002079,L2,Calibration,True,False,False,Inspector
EMP039901,EQ00002353,L6,Mechanical Inspection,True,True,True,Inspector
EMP049021,EQ00002353,L4,Mechanical Inspection,False,False,False,Maintenance
EMP027611,EQ00002353,L4,Mechanical Inspection,True,False,False,Operator
EMP031433,EQ00002353,L2,Mechanical Inspection,False,False,False,Inspector
EMP009454,EQ00002353,L3,Mechanical Inspection,False,False,False,Maintenance
EMP044686,EQ00002353,L3,Mechanical Inspection,False,False,False,Supervisor
EMP007900,EQ00002353,L5,Mechanical Inspection,True,True,True,Inspector
EMP039435,EQ00001723,L3,Alignment,True,False,False,Inspector
EMP018024,EQ00001723,L6,Alignment,True,True,True,Operator
EMP000479,EQ00001723,L6,Alignment,True,True,True,Inspector
EMP044037,EQ00001723,L3,Alignment,False,False,False,Inspector
EMP008317,EQ00001723,L5,Alignment,True,True,True,Supervisor
EMP042654,EQ00001723,L5,Alignment,True,True,True,Inspector
EMP005227,EQ00001723,L4,Alignment,False,False,False,Operator
EMP045746,EQ00001723,L3,Alignment,False,False,False,Inspector
EMP049194,EQ00001353,L3,Lubrication,False,False,False,Supervisor
EMP031961,EQ00001353,L5,Lubrication,True,True,True,Supervisor
EMP004190,EQ00001353,L4,Lubrication,False,False,False,Inspector
EMP047654,EQ00000323,L3,Process Operations,False,False,False,Operator
EMP040167,EQ00000323,L4,Process Operations,True,False,False,Operator
EMP031066,EQ00000323,L6,Process Operations,True,False,False,Supervisor
EMP007795,EQ00000323,L4,Process Operations,False,True,False,Inspector
EMP010453,EQ00000323,L5,Process Operations,True,False,False,Operator
EMP033704,EQ00000323,L5,Process Operations,True,True,True,Inspector
EMP028355,EQ00000917,L5,Pressure Testing,True,True,True,Supervisor
EMP015292,EQ00000917,L5,Pressure Testing,True,True,True,Maintenance
EMP025449,EQ00000917,L2,Pressure Testing,False,False,False,Supervisor
EMP030569,EQ00000917,L4,Pressure Testing,True,True,True,Maintenance
EMP032231,EQ00000917,L3,Pressure Testing,False,False,False,Maintenance
EMP012332,EQ00000917,L6,Pressure Testing,True,True,True,Inspector
EMP025048,EQ00000917,L3,Pressure Testing,True,False,False,Operator
EMP027843,EQ00000917,L3,Pressure Testing,True,True,False,Maintenance
EMP046644,EQ00001775,L2,Pump Maintenance,False,False,False,Operator
EMP037160,EQ00001775,L2,Pump Maintenance,True,False,False,Inspector
EMP005696,EQ00001775,L3,Pump Maintenance,False,False,False,Supervisor
EMP005992,EQ00001775,L4,Pump Maintenance,True,True,True,Operator
EMP023099,EQ00001775,L3,Pump Maintenance,True,False,False,Maintenance
EMP043277,EQ00000761,L3,Process Isolation,False,False,False,Inspector
EMP021598,EQ00000761,L6,Process Isolation,True,True,True,Inspector
EMP033041,EQ00000761,L5,Process Isolation,False,True,False,Inspector
EMP047285,EQ00000761,L3,Process Isolation,False,True,False,Inspector
EMP026096,EQ00001072,L4,Line of Fire Awareness,False,False,False,Operator
EMP028106,EQ00001072,L4,Line of Fire Awareness,False,False,False,Inspector
EMP023911,EQ00001072,L6,Line of Fire Awareness,True,True,True,Maintenance
EMP044807,EQ00001072,L4,Line of Fire Awareness,False,False,False,Supervisor
EMP015960,EQ00001072,L2,Line of Fire Awareness,False,False,False,Supervisor
EMP012796,EQ00000979,L6,Pressure Testing,True,False,False,Supervisor
EMP000733,EQ00000979,L4,Pressure Testing,False,False,False,Supervisor
EMP010686,EQ00000979,L3,Pressure Testing,False,False,False,Inspector
EMP037278,EQ00000979,L2,Pressure Testing,False,False,False,Inspector
EMP032063,EQ00000979,L4,Pressure Testing,False,False,False,Maintenance
EMP043805,EQ00000979,L3,Pressure Testing,False,False,False,Maintenance
EMP020618,EQ00000979,L6,Pressure Testing,True,True,True,Inspector
EMP023130,EQ00002462,L5,Well Control,True,True,True,Maintenance
EMP039882,EQ00002462,L4,Well Control,False,False,False,Maintenance
EMP036288,EQ00002462,L2,Well Control,False,False,False,Supervisor
EMP027703,EQ00002462,L5,Well Control,True,True,True,Supervisor
EMP041934,EQ00002462,L3,Well Control,False,False,False,Inspector
EMP015115,EQ00002462,L3,Well Control,False,True,False,Inspector
EMP025676,EQ00002462,L5,Well Control,True,False,False,Supervisor
EMP019527,EQ00001287,L4,Instrumentation,False,False,False,Inspector
EMP008309,EQ00001287,L3,Instrumentation,False,False,False,Supervisor
EMP006191,EQ00001287,L4,Instrumentation,False,False,False,Operator
EMP037790,EQ00001287,L4,Instrumentation,True,False,False,Inspector
EMP011422,EQ00000570,L3,Arc Flash Awareness,False,True,False,Inspector
EMP009952,EQ00000570,L4,Arc Flash Awareness,False,False,False,Supervisor
EMP045650,EQ00000570,L4,Arc Flash Awareness,False,False,False,Inspector
EMP033698,EQ00000570,L3,Arc Flash Awareness,False,False,False,Maintenance
EMP020614,EQ00000570,L4,Arc Flash Awareness,False,False,False,Supervisor
EMP023802,EQ00000570,L3,Arc Flash Awareness,True,False,False,Operator
EMP013932,EQ00000570,L5,Arc Flash Awareness,True,True,True,Inspector
EMP016910,EQ00000570,L2,Arc Flash Awareness,True,True,False,Inspector
EMP011402,EQ00001787,L3,LOTO,False,False,False,Operator
EMP045764,EQ00001787,L2,LOTO,False,False,False,Operator
EMP026619,EQ00001787,L4,LOTO,False,False,False,Operator
EMP036612,EQ00001787,L2,LOTO,False,False,False,Inspector
EMP038682,EQ00001787,L6,LOTO,True,True,True,Maintenance
EMP033269,EQ00001787,L2,LOTO,False,False,False,Maintenance
EMP008384,EQ00001787,L5,LOTO,True,True,True,Supervisor
EMP000093,EQ00001646,L4,Pump Maintenance,True,False,False,Inspector
EMP036766,EQ00001646,L2,Pump Maintenance,False,False,False,Inspector
EMP040865,EQ00001646,L3,Pump Maintenance,False,False,False,Operator
EMP012296,EQ00001646,L5,Pump Maintenance,False,True,False,Operator
EMP012479,EQ00001646,L3,Pump Maintenance,False,False,False,Maintenance
EMP016654,EQ00001646,L6,Pump Maintenance,True,True,True,Supervisor
EMP037919,EQ00001646,L2,Pump Maintenance,False,False,False,Maintenance
EMP044724,EQ00001646,L3,Pump Maintenance,False,False,False,Operator
EMP026879,EQ00002369,L4,Pipeline Operations,True,False,False,Operator
EMP033615,EQ00002369,L6,Pipeline Operations,True,True,True,Operator
EMP034006,EQ00002369,L5,Pipeline Operations,True,True,True,Operator
EMP036276,EQ00002369,L5,Pipeline Operations,True,True,True,Maintenance
EMP023718,EQ00002369,L3,Pipeline Operations,True,True,False,Supervisor
EMP000661,EQ00002369,L3,Pipeline Operations,False,True,False,Inspector
EMP046971,EQ00002369,L4,Pipeline Operations,False,False,False,Maintenance
EMP043176,EQ00000479,L2,Calibration,True,False,False,Supervisor
EMP029288,EQ00000479,L3,Calibration,False,True,False,Maintenance
EMP013766,EQ00000479,L3,Calibration,False,False,False,Operator
EMP016087,EQ00000479,L4,Calibration,False,False,False,Inspector
EMP010392,EQ00000479,L4,Calibration,True,False,False,Inspector
EMP041095,EQ00000479,L4,Calibration,False,False,False,Inspector
EMP014238,EQ00000479,L3,Calibration,False,False,False,Maintenance
EMP039003,EQ00000479,L5,Calibration,True,True,True,Maintenance
EMP013496,EQ00000091,L3,SIS/ESD,True,True,True,Supervisor
EMP020145,EQ00000091,L4,SIS/ESD,True,True,True,Inspector
EMP011382,EQ00000091,L4,SIS/ESD,True,True,True,Supervisor
EMP013054,EQ00000091,L4,SIS/ESD,True,True,True,Operator
EMP008874,EQ00000091,L2,SIS/ESD,False,False,False,Inspector
EMP043088,EQ00001863,L5,Gas Detection,True,True,True,Supervisor
EMP016186,EQ00001863,L4,Gas Detection,False,False,False,Maintenance
EMP009958,EQ00002502,L4,Switchgear Operation,True,True,True,Inspector
EMP037827,EQ00002502,L4,Switchgear Operation,True,True,True,Inspector
EMP015045,EQ00002013,L4,Calibration,False,True,False,Supervisor
EMP011706,EQ00002013,L4,Calibration,False,False,False,Maintenance
EMP012671,EQ00002013,L2,Calibration,False,False,False,Supervisor
EMP033321,EQ00002013,L4,Calibration,True,True,False,Maintenance
EMP027988,EQ00002013,L5,Calibration,True,True,True,Supervisor
EMP007062,EQ00002013,L4,Calibration,False,True,False,Inspector
EMP047621,EQ00002013,L4,Calibration,False,False,False,Supervisor
EMP016054,EQ00002013,L4,Calibration,False,False,False,Inspector
EMP045358,EQ00002173,L3,Line of Fire Awareness,False,False,False,Operator
EMP037243,EQ00002173,L6,Line of Fire Awareness,True,True,True,Supervisor
EMP024192,EQ00002173,L4,Line of Fire Awareness,True,True,True,Maintenance
EMP037426,EQ00000266,L5,Journey Management,True,False,False,Supervisor
EMP044048,EQ00000266,L2,Journey Management,False,False,False,Maintenance
EMP001715,EQ00000266,L2,Journey Management,False,True,False,Supervisor
EMP000386,EQ00000266,L5,Journey Management,True,True,True,Supervisor
EMP043361,EQ00000266,L5,Journey Management,True,True,True,Operator
EMP030925,EQ00000266,L4,Journey Management,False,False,False,Operator
EMP014496,EQ00000266,L3,Journey Management,False,True,False,Maintenance
EMP043976,EQ00000266,L2,Journey Management,True,True,False,Supervisor
EMP001349,EQ00002289,L6,Permit to Work,True,True,True,Operator
EMP019796,EQ00002289,L5,Permit to Work,True,True,True,Maintenance
EMP047745,EQ00002289,L4,Permit to Work,False,True,False,Supervisor
EMP010464,EQ00002289,L5,Permit to Work,True,True,True,Operator
EMP038289,EQ00002289,L5,Permit to Work,True,True,True,Maintenance
EMP008695,EQ00002289,L3,Permit to Work,False,False,False,Operator
EMP005842,EQ00002289,L2,Permit to Work,False,False,False,Supervisor
EMP040162,EQ00002289,L5,Permit to Work,True,True,True,Operator
EMP016112,EQ00000748,L3,Gas Testing,False,False,False,Supervisor
EMP041005,EQ00000748,L5,Gas Testing,True,True,True,Operator
EMP004931,EQ00000748,L3,Gas Testing,False,False,False,Inspector
EMP042697,EQ00000748,L4,Gas Testing,True,True,True,Operator
EMP037078,EQ00000748,L4,Gas Testing,True,True,True,Operator
EMP015625,EQ00000748,L3,Gas Testing,False,False,False,Supervisor
EMP003167,EQ00000748,L5,Gas Testing,True,True,True,Maintenance
EMP018924,EQ00000748,L2,Gas Testing,False,False,False,Maintenance
EMP019943,EQ00002237,L6,Motor Maintenance,True,True,True,Operator
EMP045511,EQ00002237,L4,Motor Maintenance,False,False,False,Maintenance
EMP024078,EQ00002237,L3,Motor Maintenance,False,False,False,Operator
EMP022811,EQ00002237,L3,Motor Maintenance,False,False,False,Inspector
EMP006555,EQ00002237,L4,Motor Maintenance,False,False,False,Operator
EMP018324,EQ00002237,L3,Motor Maintenance,False,True,False,Operator
EMP048260,EQ00002237,L4,Motor Maintenance,False,False,False,Supervisor
EMP025573,EQ00002237,L3,Motor Maintenance,False,True,False,Inspector
EMP006248,EQ00001077,L4,Chemical Handling,True,False,False,Operator
EMP022210,EQ00001077,L4,Chemical Handling,True,True,True,Supervisor
EMP033843,EQ00001077,L4,Chemical Handling,False,True,False,Inspector
EMP018966,EQ00001077,L2,Chemical Handling,False,False,False,Operator
EMP011389,EQ00001077,L6,Chemical Handling,True,True,True,Operator
EMP007259,EQ00001077,L4,Chemical Handling,True,True,True,Operator
EMP011618,EQ00001280,L2,Permit to Work,False,False,False,Operator
EMP009456,EQ00001280,L3,Permit to Work,False,False,False,Maintenance
EMP002564,EQ00002423,L2,Gas Detection,False,False,False,Operator
EMP004314,EQ00002423,L5,Gas Detection,False,True,False,Maintenance
EMP026432,EQ00002423,L2,Gas Detection,False,True,False,Maintenance
EMP006076,EQ00001254,L2,Electrical Isolation/LOTO,True,False,False,Supervisor
EMP005634,EQ00001254,L3,Electrical Isolation/LOTO,False,False,False,Operator
EMP040039,EQ00001254,L3,Electrical Isolation/LOTO,True,False,False,Operator
EMP007156,EQ00001254,L5,Electrical Isolation/LOTO,False,True,False,Inspector
EMP029587,EQ00001254,L3,Electrical Isolation/LOTO,False,False,False,Operator
EMP039723,EQ00001254,L3,Electrical Isolation/LOTO,True,False,False,Maintenance
EMP010455,EQ00001254,L5,Electrical Isolation/LOTO,True,True,True,Inspector
EMP014538,EQ00001254,L3,Electrical Isolation/LOTO,False,False,False,Supervisor
EMP026880,EQ00000023,L4,Hazardous Material Transport,False,False,False,Inspector
EMP016814,EQ00000023,L3,Hazardous Material Transport,False,False,False,Inspector
EMP039129,EQ00000023,L4,Hazardous Material Transport,False,False,False,Supervisor
EMP038632,EQ00000023,L6,Hazardous Material Transport,True,True,True,Inspector
EMP048123,EQ00000023,L4,Hazardous Material Transport,True,False,False,Supervisor
EMP021072,EQ00000775,L3,LOTO,True,True,False,Operator
EMP016645,EQ00000775,L3,LOTO,False,False,False,Operator
EMP040109,EQ00000775,L5,LOTO,True,True,True,Operator
EMP024127,EQ00000775,L3,LOTO,True,False,False,Maintenance
EMP040002,EQ00000775,L2,LOTO,False,False,False,Supervisor
EMP022649,EQ00000775,L4,LOTO,True,False,False,Supervisor
EMP025162,EQ00000530,L4,Rotating Equipment,True,True,True,Supervisor
EMP025080,EQ00000530,L4,Rotating Equipment,True,True,True,Supervisor
EMP030791,EQ00000530,L2,Rotating Equipment,False,False,False,Operator
EMP001534,EQ00000530,L3,Rotating Equipment,False,False,False,Supervisor
EMP013526,EQ00000530,L5,Rotating Equipment,True,True,True,Operator
EMP043261,EQ00002754,L5,Line of Fire Awareness,True,True,True,Supervisor
EMP016576,EQ00002754,L6,Line of Fire Awareness,False,True,False,Maintenance
EMP014093,EQ00002754,L3,Line of Fire Awareness,False,False,False,Maintenance
EMP049160,EQ00002293,L2,Fire Water Systems,False,False,False,Supervisor
EMP016274,EQ00002293,L4,Fire Water Systems,False,False,False,Operator
EMP027637,EQ00002293,L2,Fire Water Systems,False,False,False,Supervisor
EMP030264,EQ00002293,L3,Fire Water Systems,True,True,False,Inspector
EMP014843,EQ00002293,L3,Fire Water Systems,False,False,False,Supervisor
EMP015595,EQ00002293,L2,Fire Water Systems,True,True,False,Inspector
EMP027533,EQ00002351,L6,Switchgear Operation,True,True,True,Maintenance
EMP009419,EQ00002351,L4,Switchgear Operation,True,True,True,Maintenance
EMP000172,EQ00002351,L2,Switchgear Operation,True,False,False,Supervisor
EMP049799,EQ00002351,L4,Switchgear Operation,True,True,True,Maintenance
EMP041521,EQ00002351,L5,Switchgear Operation,True,True,True,Supervisor
EMP021883,EQ00002351,L5,Switchgear Operation,True,True,True,Operator
EMP009212,EQ00002351,L6,Switchgear Operation,True,True,True,Supervisor
EMP027541,EQ00002351,L4,Switchgear Operation,True,True,True,Supervisor
EMP000878,EQ00001198,L4,Line of Fire Awareness,True,False,False,Maintenance
EMP001985,EQ00001198,L2,Line of Fire Awareness,False,False,False,Operator
EMP038624,EQ00001198,L3,Line of Fire Awareness,True,True,True,Supervisor
EMP025271,EQ00002663,L3,Line of Fire Awareness,False,False,False,Supervisor
EMP020262,EQ00002663,L5,Line of Fire Awareness,True,True,True,Inspector
EMP007733,EQ00002663,L2,Line of Fire Awareness,True,False,False,Inspector
EMP000796,EQ00002663,L5,Line of Fire Awareness,True,False,False,Inspector
EMP032248,EQ00002663,L4,Line of Fire Awareness,False,False,False,Operator
EMP009945,EQ00000768,L3,Instrumentation,False,False,False,Supervisor
EMP036744,EQ00000768,L3,Instrumentation,False,False,False,Supervisor
EMP036463,EQ00000768,L3,Instrumentation,False,False,False,Operator
EMP018950,EQ00001047,L3,Process Isolation,False,False,False,Operator
EMP035970,EQ00001047,L5,Process Isolation,True,True,True,Maintenance
EMP010446,EQ00001047,L4,Process Isolation,False,True,False,Supervisor
EMP011137,EQ00001047,L3,Process Isolation,False,False,False,Supervisor
EMP006208,EQ00001047,L3,Process Isolation,True,True,False,Supervisor
EMP019846,EQ00001047,L2,Process Isolation,False,False,False,Supervisor
EMP046683,EQ00001047,L4,Process Isolation,False,True,False,Operator
EMP011856,EQ00001047,L2,Process Isolation,False,False,False,Supervisor
EMP017881,EQ00001602,L3,Electrical Isolation/LOTO,False,False,False,Maintenance
EMP048718,EQ00001602,L2,Electrical Isolation/LOTO,False,False,False,Supervisor
EMP010476,EQ00001602,L3,Electrical Isolation/LOTO,False,False,False,Inspector
EMP023845,EQ00001602,L3,Electrical Isolation/LOTO,False,False,False,Maintenance
EMP033839,EQ00001602,L4,Electrical Isolation/LOTO,True,False,False,Supervisor
EMP034290,EQ00001602,L4,Electrical Isolation/LOTO,False,False,False,Maintenance
EMP032187,EQ00001602,L3,Electrical Isolation/LOTO,False,False,False,Supervisor
EMP003388,EQ00001602,L4,Electrical Isolation/LOTO,False,False,False,Supervisor
EMP048814,EQ00000501,L4,Pressure Systems Safety,True,True,True,Supervisor
EMP018445,EQ00000501,L4,Pressure Systems Safety,True,True,True,Supervisor
EMP002270,EQ00000501,L3,Pressure Systems Safety,True,False,False,Operator
EMP029361,EQ00000501,L3,Pressure Systems Safety,False,False,False,Supervisor
EMP021330,EQ00000658,L5,Arc Flash Awareness,True,True,True,Supervisor
EMP043315,EQ00000658,L3,Arc Flash Awareness,True,True,True,Inspector
EMP022490,EQ00000658,L5,Arc Flash Awareness,True,True,True,Inspector
EMP008235,EQ00000658,L2,Arc Flash Awareness,False,False,False,Supervisor
EMP025097,EQ00000658,L3,Arc Flash Awareness,True,False,False,Maintenance
EMP032131,EQ00000658,L2,Arc Flash Awareness,False,False,False,Supervisor
EMP014661,EQ00000658,L5,Arc Flash Awareness,True,True,True,Operator
EMP011172,EQ00002131,L4,Permit to Work,False,False,False,Supervisor
EMP015166,EQ00002131,L2,Permit to Work,False,False,False,Supervisor
EMP033681,EQ00002131,L4,Permit to Work,False,False,False,Inspector
EMP019360,EQ00001650,L2,Hot Work,True,False,False,Operator
EMP016768,EQ00001650,L3,Hot Work,False,False,False,Maintenance
EMP023348,EQ00001213,L3,Isolation/LOTO,False,False,False,Inspector
EMP031037,EQ00001213,L4,Isolation/LOTO,False,True,False,Inspector
EMP029506,EQ00001213,L3,Isolation/LOTO,False,False,False,Inspector
EMP013830,EQ00000962,L3,Line of Fire Awareness,False,False,False,Inspector
EMP018976,EQ00000962,L5,Line of Fire Awareness,True,True,True,Operator
EMP008043,EQ00000962,L2,Line of Fire Awareness,False,False,False,Operator
EMP042896,EQ00002506,L3,Workshop Safety,True,True,True,Maintenance
EMP035382,EQ00002506,L5,Workshop Safety,True,True,True,Supervisor
EMP039979,EQ00002506,L6,Workshop Safety,True,True,True,Supervisor
EMP000187,EQ00002219,L5,Isolation/LOTO,True,True,True,Maintenance
EMP013084,EQ00002219,L4,Isolation/LOTO,False,True,False,Operator
EMP029452,EQ00002219,L4,Isolation/LOTO,True,False,False,Supervisor
EMP004788,EQ00001185,L5,Arc Flash Awareness,True,True,True,Maintenance
EMP030074,EQ00001185,L5,Arc Flash Awareness,True,True,True,Inspector
EMP036915,EQ00000094,L4,Pressure Systems Safety,True,False,False,Operator
EMP020079,EQ00000094,L4,Pressure Systems Safety,True,True,True,Operator
EMP040648,EQ00000094,L5,Pressure Systems Safety,True,True,True,Maintenance
EMP035327,EQ00000094,L3,Pressure Systems Safety,False,True,False,Maintenance
EMP013303,EQ00000094,L4,Pressure Systems Safety,True,True,True,Maintenance
EMP007856,EQ00000800,L3,LOTO,True,True,False,Supervisor
EMP049873,EQ00000800,L3,LOTO,False,False,False,Operator
EMP002949,EQ00000058,L3,Permit to Work,False,False,False,Inspector
EMP021525,EQ00000058,L4,Permit to Work,True,False,False,Operator
EMP003693,EQ00002666,L4,Vehicle Inspection,False,True,False,Inspector
EMP019106,EQ00002666,L3,Vehicle Inspection,True,False,False,Inspector
EMP047365,EQ00002666,L4,Vehicle Inspection,False,False,False,Inspector
EMP048291,EQ00000209,L3,Drilling Operations,False,False,False,Operator
EMP040030,EQ00000209,L3,Drilling Operations,False,True,False,Maintenance
EMP040274,EQ00000209,L4,Drilling Operations,True,False,False,Maintenance
EMP007574,EQ00002097,L4,Line of Fire Awareness,True,False,False,Inspector
EMP023203,EQ00002097,L5,Line of Fire Awareness,True,True,True,Inspector
EMP002782,EQ00002097,L5,Line of Fire Awareness,True,True,True,Operator
EMP029999,EQ00002097,L3,Line of Fire Awareness,True,False,False,Supervisor
EMP029281,EQ00002097,L3,Line of Fire Awareness,True,True,False,Supervisor
EMP024851,EQ00002696,L5,Pressure Systems Safety,False,True,False,Maintenance
EMP043343,EQ00002696,L3,Pressure Systems Safety,False,True,False,Maintenance
EMP040835,EQ00002696,L3,Pressure Systems Safety,False,False,False,Inspector
EMP048330,EQ00002696,L3,Pressure Systems Safety,False,False,False,Supervisor
EMP005038,EQ00002696,L6,Pressure Systems Safety,True,False,False,Maintenance
EMP016839,EQ00002696,L2,Pressure Systems Safety,False,True,False,Maintenance
EMP036481,EQ00002696,L5,Pressure Systems Safety,True,True,True,Inspector
EMP038091,EQ00001331,L4,LOTO,True,True,True,Inspector
EMP037524,EQ00001331,L4,LOTO,True,True,True,Operator
EMP007663,EQ00001331,L4,LOTO,True,False,False,Maintenance
EMP021775,EQ00001331,L2,LOTO,True,False,False,Inspector
EMP010115,EQ00001331,L2,LOTO,False,False,False,Supervisor
EMP003801,EQ00001331,L3,LOTO,False,False,False,Operator
EMP032218,EQ00002339,L4,Line of Fire Awareness,True,False,False,Maintenance
EMP043003,EQ00002339,L3,Line of Fire Awareness,False,False,False,Operator
EMP033240,EQ00002339,L4,Line of Fire Awareness,False,False,False,Inspector
EMP023619,EQ00002339,L3,Line of Fire Awareness,False,False,False,Inspector
EMP042760,EQ00002339,L3,Line of Fire Awareness,False,False,False,Supervisor
EMP015458,EQ00001799,L2,Calibration,True,False,False,Inspector
EMP023172,EQ00001799,L3,Calibration,False,False,False,Maintenance
EMP029311,EQ00001799,L3,Calibration,True,True,False,Operator
EMP011778,EQ00001799,L4,Calibration,True,True,True,Supervisor
EMP020875,EQ00001799,L2,Calibration,False,False,False,Supervisor
EMP038254,EQ00001799,L3,Calibration,False,False,False,Operator
EMP006275,EQ00001799,L4,Calibration,True,True,True,Operator
EMP047692,EQ00001000,L4,Alignment,True,False,False,Maintenance
EMP032794,EQ00001000,L5,Alignment,True,True,True,Inspector
EMP015594,EQ00001000,L4,Alignment,True,False,False,Supervisor
EMP002336,EQ00001000,L3,Alignment,False,True,False,Inspector
EMP041626,EQ00001890,L3,Chemical Handling,False,False,False,Supervisor
EMP016140,EQ00001890,L2,Chemical Handling,False,False,False,Maintenance
EMP047262,EQ00002440,L2,Calibration,False,False,False,Operator
EMP010204,EQ00002440,L3,Calibration,False,False,False,Operator
EMP042670,EQ00002440,L4,Calibration,False,True,False,Inspector
EMP039685,EQ00002440,L4,Calibration,False,False,False,Maintenance
EMP011554,EQ00002440,L4,Calibration,False,False,False,Supervisor
EMP018312,EQ00002440,L5,Calibration,False,True,False,Inspector
EMP002135,EQ00001828,L4,Alignment,False,False,False,Maintenance
EMP028478,EQ00001828,L4,Alignment,False,False,False,Supervisor
EMP042870,EQ00001828,L3,Alignment,False,False,False,Inspector
EMP032578,EQ00001828,L3,Alignment,False,True,False,Operator
EMP022524,EQ00002383,L3,Pressure Vessel Safety,False,True,False,Maintenance
EMP000848,EQ00002383,L6,Pressure Vessel Safety,True,True,True,Inspector
EMP006685,EQ00002383,L4,Pressure Vessel Safety,False,False,False,Inspector
EMP039649,EQ00002383,L4,Pressure Vessel Safety,True,False,False,Supervisor
EMP015441,EQ00002383,L5,Pressure Vessel Safety,True,True,True,Operator
EMP022142,EQ00002383,L3,Pressure Vessel Safety,True,True,False,Maintenance
EMP048531,EQ00001705,L2,Permit to Work,False,False,False,Supervisor
EMP010518,EQ00001705,L4,Permit to Work,False,False,False,Supervisor
EMP000710,EQ00001259,L4,Mechanical Inspection,True,False,False,Inspector
EMP019243,EQ00001259,L4,Mechanical Inspection,False,False,False,Maintenance
EMP028071,EQ00001259,L3,Mechanical Inspection,False,False,False,Inspector
EMP021271,EQ00001943,L3,Workshop Safety,False,False,False,Operator
EMP034972,EQ00001943,L3,Workshop Safety,False,True,False,Operator
EMP025380,EQ00001943,L3,Workshop Safety,False,False,False,Supervisor
EMP005853,EQ00002435,L5,Rotating Equipment,True,True,True,Operator
EMP040545,EQ00002435,L3,Rotating Equipment,True,True,False,Maintenance
EMP039340,EQ00002435,L4,Rotating Equipment,True,True,True,Operator
EMP026796,EQ00002435,L3,Rotating Equipment,False,False,False,Inspector
EMP001630,EQ00002435,L3,Rotating Equipment,False,False,False,Supervisor
EMP018111,EQ00000736,L3,LOTO,True,False,False,Operator
EMP049954,EQ00000736,L3,LOTO,True,True,True,Operator
EMP004576,EQ00000736,L3,LOTO,True,True,True,Maintenance
EMP002078,EQ00000210,L3,Drilling Operations,False,False,False,Supervisor
EMP038208,EQ00000210,L3,Drilling Operations,False,False,False,Supervisor
EMP000438,EQ00000210,L5,Drilling Operations,True,True,True,Inspector
EMP005758,EQ00000210,L3,Drilling Operations,True,False,False,Inspector
EMP005633,EQ00000210,L3,Drilling Operations,False,False,False,Supervisor
EMP004481,EQ00000210,L2,Drilling Operations,False,False,False,Supervisor
EMP040281,EQ00000210,L2,Drilling Operations,False,False,False,Operator
EMP028302,EQ00000210,L5,Drilling Operations,True,False,False,Inspector
EMP042396,EQ00001866,L5,Mechanical Inspection,True,False,False,Inspector
EMP042990,EQ00001866,L3,Mechanical Inspection,False,True,False,Operator
EMP004282,EQ00001866,L4,Mechanical Inspection,False,False,False,Supervisor
EMP014417,EQ00001866,L4,Mechanical Inspection,False,False,False,Maintenance
EMP027469,EQ00001866,L4,Mechanical Inspection,False,False,False,Operator
EMP011543,EQ00001866,L5,Mechanical Inspection,True,True,True,Maintenance
EMP020182,EQ00000263,L4,Permit to Work,False,False,False,Inspector
EMP010051,EQ00000263,L5,Permit to Work,True,True,True,Maintenance
EMP020505,EQ00002419,L3,Rigging,False,False,False,Inspector
EMP032300,EQ00002419,L3,Rigging,False,True,False,Operator
EMP039749,EQ00000476,L3,SIS/ESD,False,False,False,Maintenance
EMP043894,EQ00000476,L6,SIS/ESD,True,True,True,Supervisor
EMP010013,EQ00000476,L5,SIS/ESD,True,True,True,Inspector
EMP025901,EQ00000476,L3,SIS/ESD,False,True,False,Maintenance
EMP018260,EQ00000476,L3,SIS/ESD,False,False,False,Maintenance
EMP005988,EQ00000847,L5,Electrical Safety,True,False,False,Inspector
EMP010135,EQ00000847,L2,Electrical Safety,False,False,False,Inspector
EMP047553,EQ00000847,L6,Electrical Safety,True,True,True,Operator
EMP023516,EQ00000847,L3,Electrical Safety,False,True,False,Maintenance
EMP042702,EQ00000847,L5,Electrical Safety,True,True,True,Inspector
EMP027425,EQ00000847,L4,Electrical Safety,False,False,False,Supervisor
EMP026417,EQ00000224,L2,Machine Tool Operation,False,False,False,Supervisor
EMP029226,EQ00000224,L3,Machine Tool Operation,False,True,False,Inspector
EMP040885,EQ00000224,L3,Machine Tool Operation,False,False,False,Operator
EMP002028,EQ00000224,L6,Machine Tool Operation,True,True,True,Inspector
EMP011882,EQ00000224,L3,Machine Tool Operation,True,False,False,Operator
EMP012992,EQ00000224,L3,Machine Tool Operation,False,False,False,Operator
EMP003375,EQ00000224,L5,Machine Tool Operation,True,True,True,Maintenance
EMP019999,EQ00000224,L3,Machine Tool Operation,False,False,False,Operator
EMP007131,EQ00002641,L3,Hazardous Material Transport,False,True,False,Inspector
EMP008172,EQ00002641,L5,Hazardous Material Transport,True,True,True,Maintenance
EMP044361,EQ00002641,L5,Hazardous Material Transport,True,True,True,Inspector
EMP027685,EQ00002641,L3,Hazardous Material Transport,False,False,False,Supervisor
EMP043000,EQ00000918,L2,Line of Fire Awareness,True,False,False,Operator
EMP022150,EQ00000918,L3,Line of Fire Awareness,False,False,False,Maintenance
EMP013977,EQ00000918,L4,Line of Fire Awareness,True,True,True,Supervisor
EMP032906,EQ00000918,L3,Line of Fire Awareness,True,False,False,Inspector
EMP043661,EQ00000179,L4,LOTO,True,True,True,Inspector
EMP048347,EQ00000179,L3,LOTO,True,False,False,Operator
EMP006215,EQ00000179,L4,LOTO,False,True,False,Supervisor
EMP015129,EQ00000179,L5,LOTO,True,True,True,Supervisor
EMP015321,EQ00000179,L4,LOTO,True,True,True,Supervisor
EMP033217,EQ00000179,L3,LOTO,False,False,False,Inspector
EMP043245,EQ00000179,L2,LOTO,False,False,False,Maintenance
EMP002218,EQ00002195,L3,Pressure Testing,False,True,False,Maintenance
EMP000082,EQ00002195,L4,Pressure Testing,False,False,False,Operator
EMP017809,EQ00002195,L3,Pressure Testing,False,True,False,Supervisor
EMP012997,EQ00002195,L4,Pressure Testing,True,False,False,Maintenance
EMP011941,EQ00002195,L2,Pressure Testing,False,False,False,Maintenance
EMP002357,EQ00002195,L5,Pressure Testing,True,False,False,Operator
EMP040756,EQ00002195,L5,Pressure Testing,True,True,True,Supervisor
EMP006927,EQ00002195,L3,Pressure Testing,False,False,False,Maintenance
EMP049297,EQ00002713,L3,Well Control,True,False,False,Supervisor
EMP021843,EQ00002713,L3,Well Control,False,False,False,Inspector
EMP024340,EQ00002713,L4,Well Control,False,False,False,Maintenance
EMP031103,EQ00002713,L3,Well Control,False,False,False,Supervisor
EMP046803,EQ00002713,L5,Well Control,True,True,True,Supervisor
EMP000358,EQ00002713,L4,Well Control,False,False,False,Operator
EMP041755,EQ00002713,L2,Well Control,True,False,False,Supervisor
EMP000695,EQ00002713,L2,Well Control,False,False,False,Inspector
EMP032410,EQ00000219,L4,Process Safety,False,False,False,Supervisor
EMP007679,EQ00000219,L2,Process Safety,False,False,False,Operator
EMP006168,EQ00000254,L6,Journey Management,True,True,True,Operator
EMP043002,EQ00000254,L2,Journey Management,True,False,False,Supervisor
EMP038585,EQ00000254,L3,Journey Management,False,False,False,Supervisor
EMP030365,EQ00000690,L3,Drilling Operations,True,False,False,Operator
EMP005561,EQ00000690,L3,Drilling Operations,False,False,False,Operator
EMP030257,EQ00000690,L4,Drilling Operations,False,False,False,Operator
EMP046682,EQ00000690,L2,Drilling Operations,True,False,False,Supervisor
EMP043895,EQ00000690,L5,Drilling Operations,True,True,True,Inspector
EMP013003,EQ00000690,L6,Drilling Operations,True,True,True,Inspector
EMP020081,EQ00000350,L4,Permit to Work,False,False,False,Supervisor
EMP031506,EQ00000350,L4,Permit to Work,False,False,False,Operator
EMP003035,EQ00000350,L3,Permit to Work,True,False,False,Maintenance
EMP035476,EQ00000699,L3,Fire Fighting,False,False,False,Supervisor
EMP020773,EQ00000699,L4,Fire Fighting,False,False,False,Supervisor
EMP020179,EQ00000699,L3,Fire Fighting,True,False,False,Operator
EMP015757,EQ00000699,L4,Fire Fighting,False,False,False,Supervisor
EMP025610,EQ00000699,L4,Fire Fighting,False,False,False,Supervisor
EMP029163,EQ00000699,L4,Fire Fighting,False,False,False,Inspector
EMP030423,EQ00000699,L2,Fire Fighting,False,True,False,Supervisor
EMP036860,EQ00000699,L2,Fire Fighting,False,False,False,Maintenance
EMP049025,EQ00001483,L2,Rig Floor Safety,False,False,False,Supervisor
EMP040473,EQ00001483,L5,Rig Floor Safety,True,True,True,Inspector
EMP033668,EQ00001483,L3,Rig Floor Safety,True,False,False,Supervisor
EMP018890,EQ00001483,L2,Rig Floor Safety,False,False,False,Supervisor
EMP026793,EQ00001483,L2,Rig Floor Safety,False,True,False,Inspector
EMP000560,EQ00001924,L4,Isolation/LOTO,True,True,True,Supervisor
EMP000258,EQ00001924,L4,Isolation/LOTO,True,True,True,Operator
EMP020050,EQ00001924,L5,Isolation/LOTO,True,True,True,Operator
EMP037577,EQ00001924,L5,Isolation/LOTO,True,True,True,Maintenance
EMP018209,EQ00001924,L4,Isolation/LOTO,True,True,True,Operator
EMP038931,EQ00001924,L6,Isolation/LOTO,True,True,True,Inspector
EMP002496,EQ00001924,L3,Isolation/LOTO,False,False,False,Supervisor
EMP025181,EQ00000567,L5,Pressure Vessel Safety,True,True,True,Inspector
EMP034511,EQ00000567,L3,Pressure Vessel Safety,False,False,False,Maintenance
EMP013304,EQ00000567,L5,Pressure Vessel Safety,True,True,True,Operator
EMP047498,EQ00000567,L5,Pressure Vessel Safety,False,True,False,Operator
EMP027809,EQ00002595,L3,Isolation/LOTO,False,True,False,Supervisor
EMP038727,EQ00002595,L2,Isolation/LOTO,True,True,False,Maintenance
EMP045830,EQ00002595,L2,Isolation/LOTO,False,False,False,Operator
EMP005658,EQ00002702,L5,Permit to Work,True,True,True,Inspector
EMP029575,EQ00002702,L3,Permit to Work,False,False,False,Maintenance
EMP007352,EQ00002702,L2,Permit to Work,True,False,False,Operator
EMP006670,EQ00002702,L2,Permit to Work,False,False,False,Supervisor
EMP032465,EQ00002702,L3,Permit to Work,False,False,False,Supervisor
EMP034970,EQ00002702,L5,Permit to Work,True,True,True,Inspector
EMP028370,EQ00002702,L3,Permit to Work,False,False,False,Maintenance
EMP022500,EQ00000070,L3,LOTO,False,False,False,Maintenance
EMP045963,EQ00000070,L5,LOTO,False,True,False,Supervisor
EMP040028,EQ00000070,L3,LOTO,False,False,False,Operator
EMP046531,EQ00000070,L3,LOTO,True,False,False,Supervisor
EMP017711,EQ00000070,L2,LOTO,False,False,False,Maintenance
EMP024115,EQ00002433,L3,Emergency Response,True,False,False,Operator
EMP045027,EQ00002433,L2,Emergency Response,True,False,False,Supervisor
EMP006084,EQ00002433,L3,Emergency Response,False,False,False,Inspector
EMP035264,EQ00002433,L3,Emergency Response,False,False,False,Inspector
EMP043884,EQ00002433,L4,Emergency Response,True,True,False,Supervisor
EMP027819,EQ00002433,L4,Emergency Response,False,False,False,Supervisor
EMP026690,EQ00002433,L5,Emergency Response,True,True,True,Supervisor
EMP006113,EQ00000939,L5,Line of Fire Awareness,True,False,False,Maintenance
EMP008312,EQ00000939,L3,Line of Fire Awareness,False,True,False,Inspector
EMP036819,EQ00000939,L2,Line of Fire Awareness,False,False,False,Inspector
EMP043535,EQ00000939,L3,Line of Fire Awareness,False,False,False,Supervisor
EMP011705,EQ00000939,L2,Line of Fire Awareness,False,True,False,Inspector
EMP013848,EQ00000939,L3,Line of Fire Awareness,True,True,False,Supervisor
EMP037355,EQ00000610,L5,Isolation/LOTO,True,True,True,Operator
EMP043459,EQ00000610,L6,Isolation/LOTO,True,True,True,Maintenance
EMP003512,EQ00000610,L2,Isolation/LOTO,False,False,False,Supervisor
EMP043178,EQ00000610,L2,Isolation/LOTO,True,False,False,Maintenance
EMP047079,EQ00000305,L6,Drilling Operations,True,True,True,Operator
EMP049345,EQ00000305,L4,Drilling Operations,False,False,False,Inspector
EMP027494,EQ00000305,L3,Drilling Operations,True,False,False,Inspector
EMP024033,EQ00000305,L2,Drilling Operations,False,False,False,Supervisor
EMP012938,EQ00000305,L2,Drilling Operations,False,True,False,Inspector
EMP026944,EQ00000305,L4,Drilling Operations,True,True,False,Operator
EMP026983,EQ00000205,L2,SIS/ESD,False,False,False,Operator
EMP018263,EQ00000205,L2,SIS/ESD,True,False,False,Maintenance
EMP040617,EQ00000205,L4,SIS/ESD,False,True,False,Supervisor
EMP035327,EQ00000205,L3,SIS/ESD,False,False,False,Maintenance
EMP046291,EQ00001894,L2,Switchgear Operation,True,False,False,Operator
EMP033648,EQ00001894,L4,Switchgear Operation,True,True,True,Maintenance
EMP041172,EQ00001894,L2,Switchgear Operation,True,False,False,Operator
EMP007887,EQ00001894,L3,Switchgear Operation,False,True,False,Inspector
EMP012082,EQ00001894,L4,Switchgear Operation,True,False,False,Inspector
EMP038391,EQ00000455,L2,Switchgear Operation,False,False,False,Maintenance
EMP006727,EQ00000455,L3,Switchgear Operation,False,False,False,Operator
EMP010305,EQ00000455,L3,Switchgear Operation,True,False,False,Operator
EMP046235,EQ00000455,L6,Switchgear Operation,True,True,True,Maintenance
EMP011499,EQ00002751,L3,Pump Maintenance,False,False,False,Supervisor
EMP016748,EQ00002751,L2,Pump Maintenance,True,True,False,Inspector
EMP016940,EQ00002751,L3,Pump Maintenance,False,False,False,Supervisor
EMP016116,EQ00002751,L5,Pump Maintenance,True,True,True,Operator
EMP031261,EQ00002751,L2,Pump Maintenance,False,False,False,Supervisor
EMP008044,EQ00002751,L4,Pump Maintenance,False,False,False,Inspector
EMP043971,EQ00001720,L3,Machine Tool Operation,False,True,False,Inspector
EMP002764,EQ00001720,L3,Machine Tool Operation,False,False,False,Maintenance
EMP024471,EQ00001720,L3,Machine Tool Operation,False,False,False,Maintenance
EMP048654,EQ00001720,L6,Machine Tool Operation,True,True,True,Inspector
EMP036532,EQ00001805,L2,Permit to Work,False,False,False,Inspector
EMP011027,EQ00001805,L2,Permit to Work,False,True,False,Maintenance
EMP001300,EQ00001805,L4,Permit to Work,False,False,False,Maintenance
EMP011429,EQ00002489,L2,Vibration Monitoring,True,False,False,Supervisor
EMP035289,EQ00002489,L2,Vibration Monitoring,True,True,False,Supervisor
EMP041363,EQ00002489,L3,Vibration Monitoring,False,False,False,Inspector
EMP039452,EQ00001949,L5,Mechanical Inspection,False,True,False,Supervisor
EMP012143,EQ00001949,L4,Mechanical Inspection,False,False,False,Maintenance
EMP029884,EQ00001949,L6,Mechanical Inspection,True,True,True,Inspector
EMP007460,EQ00001949,L3,Mechanical Inspection,False,False,False,Maintenance
EMP044399,EQ00001949,L4,Mechanical Inspection,False,False,False,Inspector
EMP041273,EQ00001949,L3,Mechanical Inspection,False,False,False,Operator
EMP013255,EQ00000256,L3,Permit to Work,False,False,False,Maintenance
EMP014517,EQ00000256,L3,Permit to Work,False,True,False,Supervisor
EMP033527,EQ00000256,L4,Permit to Work,False,False,False,Maintenance
EMP035030,EQ00000256,L6,Permit to Work,True,True,True,Operator
EMP004480,EQ00001441,L4,Well Control,True,False,False,Maintenance
EMP020879,EQ00001441,L5,Well Control,True,True,True,Maintenance
EMP009321,EQ00001441,L3,Well Control,False,False,False,Maintenance
EMP036157,EQ00001441,L3,Well Control,False,False,False,Inspector
EMP014234,EQ00001441,L5,Well Control,True,True,True,Operator
EMP014178,EQ00001441,L4,Well Control,False,True,False,Maintenance
EMP002886,EQ00001441,L6,Well Control,False,True,False,Inspector
EMP046310,EQ00001692,L4,Pressure Vessel Safety,True,False,False,Inspector
EMP021646,EQ00001692,L6,Pressure Vessel Safety,True,True,True,Maintenance
EMP046579,EQ00000591,L3,Permit to Work,False,False,False,Maintenance
EMP005186,EQ00000591,L6,Permit to Work,True,True,True,Inspector
EMP045133,EQ00000591,L4,Permit to Work,True,False,False,Inspector
EMP043598,EQ00000591,L5,Permit to Work,True,True,True,Supervisor
EMP000331,EQ00000591,L3,Permit to Work,False,True,False,Inspector
EMP035649,EQ00000591,L2,Permit to Work,True,False,False,Inspector
EMP013841,EQ00000591,L2,Permit to Work,False,False,False,Maintenance
EMP044041,EQ00000591,L3,Permit to Work,False,False,False,Maintenance
EMP014371,EQ00001377,L5,Process Isolation,True,False,False,Inspector
EMP042045,EQ00001377,L2,Process Isolation,False,False,False,Inspector
EMP024852,EQ00001377,L5,Process Isolation,True,True,True,Maintenance
EMP003484,EQ00001377,L5,Process Isolation,True,True,True,Inspector
EMP019327,EQ00001881,L2,Pressure Vessel Safety,False,False,False,Operator
EMP039810,EQ00001881,L3,Pressure Vessel Safety,False,False,False,Inspector
EMP045659,EQ00001881,L4,Pressure Vessel Safety,False,True,False,Operator
EMP035358,EQ00001715,L6,Well Control,True,True,True,Operator
EMP004193,EQ00001715,L3,Well Control,True,False,False,Maintenance
EMP046585,EQ00002130,L3,Pump Maintenance,True,True,False,Supervisor
EMP013916,EQ00002130,L4,Pump Maintenance,False,False,False,Maintenance
EMP032848,EQ00002130,L4,Pump Maintenance,False,False,False,Operator
EMP023987,EQ00000496,L3,Gas Detection,False,False,False,Operator
EMP031843,EQ00000496,L5,Gas Detection,True,True,True,Operator
EMP025142,EQ00000496,L4,Gas Detection,True,False,False,Inspector
EMP009973,EQ00000496,L6,Gas Detection,True,True,True,Maintenance
EMP009010,EQ00000496,L4,Gas Detection,False,True,False,Supervisor
EMP004455,EQ00000496,L5,Gas Detection,True,True,True,Inspector
EMP005737,EQ00000496,L4,Gas Detection,False,True,False,Operator
EMP031446,EQ00000496,L2,Gas Detection,False,False,False,Supervisor
EMP043368,EQ00000416,L4,Switchgear Operation,True,False,False,Operator
EMP019823,EQ00000416,L5,Switchgear Operation,True,True,True,Inspector
EMP016805,EQ00000416,L5,Switchgear Operation,True,True,True,Supervisor
EMP032449,EQ00000416,L3,Switchgear Operation,True,False,False,Maintenance
EMP042730,EQ00000416,L3,Switchgear Operation,False,False,False,Maintenance
EMP006356,EQ00000416,L6,Switchgear Operation,False,True,False,Inspector
EMP011733,EQ00000416,L3,Switchgear Operation,False,True,False,Operator
EMP020764,EQ00001648,L4,Pressure Systems Safety,False,True,False,Operator
EMP035680,EQ00001648,L2,Pressure Systems Safety,False,False,False,Inspector
EMP045640,EQ00001648,L4,Pressure Systems Safety,False,False,False,Maintenance
EMP042127,EQ00001648,L2,Pressure Systems Safety,False,False,False,Operator
EMP031311,EQ00001648,L5,Pressure Systems Safety,True,True,True,Inspector
EMP043785,EQ00001090,L4,Lifting Operations,True,False,False,Operator
EMP048251,EQ00001090,L4,Lifting Operations,False,True,False,Operator
EMP025354,EQ00001090,L5,Lifting Operations,True,False,False,Inspector
EMP001666,EQ00001090,L5,Lifting Operations,True,True,True,Operator
EMP038498,EQ00001090,L4,Lifting Operations,True,False,False,Supervisor
EMP007761,EQ00001090,L4,Lifting Operations,True,False,False,Maintenance
EMP011810,EQ00002325,L2,Line of Fire Awareness,False,False,False,Operator
EMP003260,EQ00002325,L5,Line of Fire Awareness,False,True,False,Maintenance
EMP002157,EQ00002325,L2,Line of Fire Awareness,False,False,False,Operator
EMP042813,EQ00002325,L3,Line of Fire Awareness,False,False,False,Inspector
EMP032957,EQ00001407,L4,Lifting Gear Inspection,False,False,False,Maintenance
EMP048394,EQ00001407,L3,Lifting Gear Inspection,False,True,False,Supervisor
EMP009842,EQ00001407,L6,Lifting Gear Inspection,True,True,True,Operator
EMP041749,EQ00001407,L2,Lifting Gear Inspection,True,False,False,Maintenance
EMP046321,EQ00001407,L2,Lifting Gear Inspection,False,False,False,Supervisor
EMP048302,EQ00001407,L3,Lifting Gear Inspection,False,False,False,Supervisor
EMP034574,EQ00001407,L5,Lifting Gear Inspection,True,True,True,Supervisor
EMP033348,EQ00001959,L4,LOTO,True,True,True,Maintenance
EMP029720,EQ00001959,L3,LOTO,False,False,False,Operator
EMP032606,EQ00001959,L4,LOTO,True,True,True,Operator
EMP035323,EQ00001959,L4,LOTO,True,True,True,Inspector
EMP004034,EQ00001959,L6,LOTO,True,True,True,Maintenance
EMP003631,EQ00001959,L4,LOTO,True,True,True,Supervisor
EMP022598,EQ00001959,L5,LOTO,True,True,True,Maintenance
EMP012868,EQ00001959,L2,LOTO,False,True,False,Inspector
EMP009412,EQ00000709,L4,Electrical Isolation/LOTO,True,False,False,Supervisor
EMP029773,EQ00000709,L3,Electrical Isolation/LOTO,False,True,False,Inspector
EMP005984,EQ00000709,L2,Electrical Isolation/LOTO,False,False,False,Supervisor
EMP036969,EQ00000709,L4,Electrical Isolation/LOTO,False,False,False,Supervisor
EMP010292,EQ00000709,L2,Electrical Isolation/LOTO,False,False,False,Maintenance
EMP032500,EQ00000709,L3,Electrical Isolation/LOTO,False,True,False,Operator
EMP043277,EQ00000709,L3,Electrical Isolation/LOTO,True,True,False,Inspector
EMP005200,EQ00002076,L3,SIS/ESD,True,False,False,Maintenance
EMP026594,EQ00002076,L4,SIS/ESD,False,True,False,Maintenance
EMP039524,EQ00000871,L4,Motor Maintenance,True,True,True,Maintenance
EMP000717,EQ00000871,L5,Motor Maintenance,True,False,False,Maintenance
EMP026671,EQ00000871,L2,Motor Maintenance,False,False,False,Maintenance
EMP027040,EQ00000871,L6,Motor Maintenance,True,True,True,Supervisor
EMP029863,EQ00000871,L3,Motor Maintenance,False,False,False,Maintenance
EMP014254,EQ00000871,L5,Motor Maintenance,True,True,True,Operator
EMP011192,EQ00001689,L2,Drilling Operations,False,False,False,Maintenance
EMP003026,EQ00001689,L3,Drilling Operations,False,False,False,Inspector
EMP027408,EQ00001689,L3,Drilling Operations,False,True,False,Operator
EMP003521,EQ00001689,L3,Drilling Operations,False,False,False,Operator
EMP012860,EQ00001689,L3,Drilling Operations,False,True,False,Inspector
EMP034200,EQ00001689,L2,Drilling Operations,True,False,False,Maintenance
EMP000761,EQ00001100,L2,Gas Testing,True,False,False,Maintenance
EMP044289,EQ00001100,L5,Gas Testing,True,True,True,Inspector
EMP009275,EQ00001100,L4,Gas Testing,True,True,False,Inspector
EMP043324,EQ00001100,L2,Gas Testing,True,False,False,Supervisor
EMP003115,EQ00001100,L3,Gas Testing,False,True,False,Inspector
EMP043788,EQ00001100,L4,Gas Testing,True,False,False,Inspector
EMP019482,EQ00001100,L2,Gas Testing,False,False,False,Inspector
EMP041166,EQ00000125,L2,Welding Safety,False,False,False,Operator
EMP029665,EQ00000125,L3,Welding Safety,False,False,False,Operator
EMP043745,EQ00000125,L6,Welding Safety,True,True,True,Operator
EMP024295,EQ00000125,L3,Welding Safety,False,False,False,Supervisor
EMP033845,EQ00000157,L2,Emergency Response,True,False,False,Operator
EMP035066,EQ00000157,L5,Emergency Response,True,False,False,Maintenance
EMP043150,EQ00000157,L4,Emergency Response,True,True,True,Operator
EMP048158,EQ00000157,L3,Emergency Response,False,True,False,Supervisor
EMP044405,EQ00000157,L4,Emergency Response,True,True,True,Inspector
EMP021206,EQ00000157,L2,Emergency Response,False,True,False,Operator
EMP045546,EQ00000157,L2,Emergency Response,False,False,False,Inspector
EMP014841,EQ00000157,L3,Emergency Response,False,True,False,Operator
EMP012354,EQ00002008,L3,Vibration Monitoring,True,False,False,Operator
EMP003766,EQ00002008,L3,Vibration Monitoring,True,True,False,Operator
EMP015901,EQ00002008,L3,Vibration Monitoring,False,False,False,Operator
EMP023158,EQ00002008,L3,Vibration Monitoring,True,False,False,Operator
EMP007828,EQ00002008,L3,Vibration Monitoring,False,True,False,Inspector
EMP048879,EQ00000102,L3,Lubrication,False,False,False,Maintenance
EMP026670,EQ00000102,L2,Lubrication,False,False,False,Operator
EMP046812,EQ00000102,L2,Lubrication,False,True,False,Inspector
EMP000987,EQ00000102,L4,Lubrication,False,False,False,Supervisor
EMP026136,EQ00000102,L3,Lubrication,False,True,False,Maintenance
EMP005987,EQ00000142,L4,Defensive Driving,True,False,False,Maintenance
EMP018936,EQ00000142,L4,Defensive Driving,True,True,False,Operator
EMP029536,EQ00000706,L4,Vehicle Inspection,False,False,False,Maintenance
EMP015121,EQ00000706,L4,Vehicle Inspection,True,False,False,Maintenance
EMP007327,EQ00000706,L3,Vehicle Inspection,False,False,False,Inspector
EMP043036,EQ00000706,L3,Vehicle Inspection,False,False,False,Maintenance
EMP000701,EQ00000706,L4,Vehicle Inspection,False,True,False,Supervisor
EMP008039,EQ00000706,L3,Vehicle Inspection,False,True,False,Supervisor
EMP006694,EQ00000706,L5,Vehicle Inspection,True,True,True,Inspector
EMP027505,EQ00000706,L2,Vehicle Inspection,True,False,False,Operator
EMP026113,EQ00001771,L3,Valve Maintenance,False,True,False,Maintenance
EMP043900,EQ00001771,L4,Valve Maintenance,False,False,False,Inspector
EMP027874,EQ00000780,L6,Permit to Work,True,True,True,Supervisor
EMP019952,EQ00000780,L6,Permit to Work,True,True,True,Operator
EMP028471,EQ00002026,L3,Well Control,False,True,False,Inspector
EMP015361,EQ00002026,L5,Well Control,False,True,False,Inspector
EMP043374,EQ00002529,L4,Crane Operation,True,True,True,Maintenance
EMP010776,EQ00002529,L2,Crane Operation,True,False,False,Operator
EMP032872,EQ00002529,L6,Crane Operation,True,True,True,Operator
EMP015350,EQ00002529,L4,Crane Operation,True,True,True,Inspector
EMP047042,EQ00002529,L4,Crane Operation,True,True,True,Operator
EMP000383,EQ00002529,L4,Crane Operation,True,True,True,Operator
EMP046251,EQ00002225,L3,Well Control,False,False,False,Operator
EMP010269,EQ00002225,L3,Well Control,False,False,False,Maintenance
EMP035195,EQ00002225,L3,Well Control,False,True,False,Maintenance
EMP036039,EQ00002225,L3,Well Control,True,False,False,Maintenance
EMP026091,EQ00002225,L3,Well Control,True,False,False,Maintenance
EMP027886,EQ00002225,L3,Well Control,False,False,False,Inspector
EMP017029,EQ00002225,L4,Well Control,False,False,False,Inspector
EMP049569,EQ00002225,L5,Well Control,True,True,True,Operator
EMP027860,EQ00000836,L2,Gas Testing,False,False,False,Operator
EMP017394,EQ00000836,L4,Gas Testing,True,True,True,Maintenance
EMP015267,EQ00001781,L3,Mechanical Inspection,False,False,False,Operator
EMP020475,EQ00001781,L3,Mechanical Inspection,True,True,False,Inspector
EMP027266,EQ00000307,L2,Line of Fire Awareness,False,False,False,Operator
EMP011333,EQ00000307,L5,Line of Fire Awareness,True,False,False,Operator
EMP008928,EQ00002194,L2,Pressure Testing,False,False,False,Maintenance
EMP036361,EQ00002194,L4,Pressure Testing,True,False,False,Operator
EMP010280,EQ00002194,L3,Pressure Testing,True,False,False,Operator
EMP008789,EQ00002768,L2,Machine Tool Operation,True,False,False,Maintenance
EMP030773,EQ00002768,L3,Machine Tool Operation,True,True,True,Inspector
EMP016518,EQ00002740,L5,Machine Tool Operation,False,True,False,Operator
EMP030502,EQ00002740,L4,Machine Tool Operation,True,True,True,Supervisor
EMP029003,EQ00002740,L3,Machine Tool Operation,False,False,False,Inspector
EMP046550,EQ00002740,L3,Machine Tool Operation,False,False,False,Maintenance
EMP010584,EQ00002740,L4,Machine Tool Operation,True,True,True,Inspector
EMP000738,EQ00001465,L5,Rig Floor Safety,True,True,True,Inspector
EMP036328,EQ00001465,L6,Rig Floor Safety,True,True,True,Operator
EMP047285,EQ00001465,L3,Rig Floor Safety,False,False,False,Inspector
EMP033647,EQ00002664,L4,Fire Water Systems,True,False,False,Operator
EMP020558,EQ00002664,L4,Fire Water Systems,True,False,False,Operator
EMP016158,EQ00002664,L2,Fire Water Systems,False,False,False,Operator
EMP022265,EQ00002664,L4,Fire Water Systems,True,False,False,Maintenance
EMP006549,EQ00002664,L2,Fire Water Systems,False,False,False,Operator
EMP013259,EQ00002664,L2,Fire Water Systems,False,True,False,Inspector
EMP036214,EQ00002664,L5,Fire Water Systems,True,True,True,Maintenance
EMP024922,EQ00002664,L3,Fire Water Systems,False,False,False,Supervisor
EMP016237,EQ00001018,L2,Workshop Safety,False,True,False,Maintenance
EMP042209,EQ00001018,L4,Workshop Safety,False,True,False,Operator
EMP041114,EQ00001018,L4,Workshop Safety,False,False,False,Operator
EMP029875,EQ00001018,L4,Workshop Safety,False,True,False,Operator
EMP032087,EQ00002115,L4,Electrical Safety,False,False,False,Supervisor
EMP008588,EQ00002115,L4,Electrical Safety,False,False,False,Inspector
EMP026427,EQ00002115,L3,Electrical Safety,True,False,False,Inspector
EMP031001,EQ00002115,L3,Electrical Safety,False,True,False,Inspector
EMP012728,EQ00002115,L5,Electrical Safety,False,True,False,Inspector
EMP045376,EQ00000295,L2,Process Isolation,False,True,False,Supervisor
EMP025775,EQ00000295,L5,Process Isolation,True,True,True,Maintenance
EMP042998,EQ00000295,L3,Process Isolation,False,False,False,Maintenance
EMP014245,EQ00001293,L4,Emergency Response,False,False,False,Maintenance
EMP049679,EQ00001293,L3,Emergency Response,False,False,False,Inspector
EMP033759,EQ00001293,L3,Emergency Response,False,False,False,Supervisor
EMP006369,EQ00001293,L3,Emergency Response,False,False,False,Maintenance
EMP033209,EQ00001293,L4,Emergency Response,False,False,False,Supervisor
EMP038318,EQ00001293,L4,Emergency Response,False,False,False,Operator
EMP017795,EQ00001293,L5,Emergency Response,True,True,True,Inspector
EMP022533,EQ00000516,L6,Electrical Safety,True,True,True,Maintenance
EMP015762,EQ00000516,L3,Electrical Safety,False,False,False,Inspector
EMP030419,EQ00000516,L4,Electrical Safety,False,False,False,Inspector
EMP047609,EQ00000516,L4,Electrical Safety,True,False,False,Supervisor
EMP038850,EQ00000516,L2,Electrical Safety,True,False,False,Inspector
EMP037453,EQ00000516,L5,Electrical Safety,True,True,True,Supervisor
EMP008014,EQ00001164,L3,Hot Work,False,True,False,Inspector
EMP018147,EQ00001164,L4,Hot Work,True,False,False,Maintenance
EMP002309,EQ00001164,L2,Hot Work,True,False,False,Operator
EMP047137,EQ00001164,L3,Hot Work,False,False,False,Operator
EMP024005,EQ00001164,L6,Hot Work,True,True,True,Operator
EMP031702,EQ00002721,L2,Line of Fire Awareness,False,False,False,Operator
EMP028242,EQ00002721,L2,Line of Fire Awareness,True,False,False,Operator
EMP033821,EQ00002721,L4,Line of Fire Awareness,True,True,True,Supervisor
EMP048158,EQ00002721,L3,Line of Fire Awareness,True,False,False,Maintenance
EMP008739,EQ00002721,L2,Line of Fire Awareness,False,False,False,Maintenance
EMP011259,EQ00002721,L5,Line of Fire Awareness,True,True,True,Operator
EMP042833,EQ00002721,L4,Line of Fire Awareness,True,True,True,Operator
EMP043443,EQ00001546,L4,LOTO,True,False,False,Inspector
EMP025348,EQ00001546,L3,LOTO,False,True,False,Maintenance
EMP036419,EQ00001236,L2,Hot Work,False,False,False,Operator
EMP042808,EQ00001236,L3,Hot Work,True,False,False,Maintenance
EMP032879,EQ00000621,L2,Gas Detection,False,True,False,Operator
EMP045562,EQ00000621,L4,Gas Detection,True,True,True,Supervisor
EMP034749,EQ00000621,L5,Gas Detection,True,False,False,Inspector
EMP007830,EQ00000621,L2,Gas Detection,False,False,False,Supervisor
EMP033253,EQ00000621,L3,Gas Detection,False,False,False,Supervisor
EMP032117,EQ00000621,L3,Gas Detection,False,False,False,Inspector
EMP048079,EQ00002019,L4,Crane Operation,False,False,False,Maintenance
EMP030332,EQ00002019,L3,Crane Operation,False,False,False,Supervisor
EMP046035,EQ00002019,L6,Crane Operation,True,True,True,Inspector
EMP036181,EQ00002019,L4,Crane Operation,False,False,False,Maintenance
EMP039075,EQ00002019,L4,Crane Operation,False,True,False,Inspector
EMP008441,EQ00001737,L3,Lifting Operations,True,False,False,Maintenance
EMP014643,EQ00001737,L4,Lifting Operations,False,True,False,Supervisor
EMP024572,EQ00001737,L3,Lifting Operations,False,False,False,Operator
EMP036364,EQ00001737,L3,Lifting Operations,False,False,False,Supervisor
EMP040643,EQ00001737,L3,Lifting Operations,False,False,False,Inspector
EMP000561,EQ00001737,L4,Lifting Operations,False,False,False,Maintenance
EMP027705,EQ00000495,L4,LOTO,False,False,False,Maintenance
EMP021620,EQ00000495,L3,LOTO,True,True,False,Maintenance
EMP006251,EQ00001515,L3,Permit to Work,False,False,False,Maintenance
EMP027364,EQ00001515,L2,Permit to Work,False,False,False,Supervisor
EMP011043,EQ00001515,L5,Permit to Work,True,True,True,Operator
EMP020678,EQ00001515,L2,Permit to Work,False,True,False,Maintenance
EMP006692,EQ00001515,L3,Permit to Work,False,False,False,Inspector
EMP006254,EQ00001515,L2,Permit to Work,False,False,False,Inspector
EMP011373,EQ00000216,L4,Fire Fighting,False,False,False,Operator
EMP002287,EQ00000216,L6,Fire Fighting,True,True,True,Supervisor
EMP042649,EQ00000216,L4,Fire Fighting,False,False,False,Maintenance
EMP000917,EQ00000216,L3,Fire Fighting,True,False,False,Maintenance
EMP043630,EQ00000216,L5,Fire Fighting,True,False,False,Inspector
EMP045260,EQ00000694,L2,Welding Safety,False,False,False,Operator
EMP031199,EQ00000694,L3,Welding Safety,False,True,False,Operator
EMP018068,EQ00000694,L4,Welding Safety,False,False,False,Operator
EMP002982,EQ00002102,L3,Well Control,False,False,False,Operator
EMP048551,EQ00002102,L2,Well Control,True,False,False,Operator
EMP039090,EQ00002102,L5,Well Control,True,True,True,Operator
EMP025904,EQ00002352,L2,Rotating Equipment,False,False,False,Inspector
EMP047621,EQ00002352,L4,Rotating Equipment,True,False,False,Maintenance
EMP039208,EQ00002352,L4,Rotating Equipment,False,False,False,Inspector
EMP046140,EQ00002352,L4,Rotating Equipment,False,False,False,Supervisor
EMP049501,EQ00002352,L3,Rotating Equipment,True,False,False,Supervisor
EMP047976,EQ00002352,L3,Rotating Equipment,False,False,False,Inspector
EMP020477,EQ00002352,L4,Rotating Equipment,False,False,False,Supervisor
EMP010696,EQ00002352,L5,Rotating Equipment,True,True,True,Supervisor
EMP025914,EQ00001590,L4,Switchgear Operation,False,False,False,Inspector
EMP026177,EQ00001590,L4,Switchgear Operation,False,False,False,Inspector
EMP039290,EQ00001590,L4,Switchgear Operation,False,False,False,Supervisor
EMP042357,EQ00001590,L2,Switchgear Operation,False,False,False,Operator
EMP010752,EQ00001590,L4,Switchgear Operation,False,False,False,Operator
EMP018348,EQ00001590,L4,Switchgear Operation,False,False,False,Operator
EMP041028,EQ00001590,L3,Switchgear Operation,False,False,False,Supervisor
EMP026239,EQ00001590,L2,Switchgear Operation,False,False,False,Operator
EMP043506,EQ00002594,L5,Line of Fire Awareness,True,True,True,Operator
EMP015386,EQ00002594,L4,Line of Fire Awareness,False,True,False,Supervisor
EMP012260,EQ00002594,L5,Line of Fire Awareness,True,True,True,Operator
EMP024759,EQ00002594,L2,Line of Fire Awareness,False,False,False,Supervisor
EMP030574,EQ00002594,L2,Line of Fire Awareness,False,False,False,Maintenance
EMP012785,EQ00002594,L4,Line of Fire Awareness,True,False,False,Maintenance
EMP047710,EQ00000321,L5,Chemical Handling,True,True,True,Operator
EMP049199,EQ00000321,L4,Chemical Handling,False,False,False,Operator
EMP048755,EQ00000321,L3,Chemical Handling,False,True,False,Operator
EMP047859,EQ00000321,L2,Chemical Handling,True,False,False,Operator
EMP029510,EQ00000321,L4,Chemical Handling,False,False,False,Operator
EMP000301,EQ00000321,L2,Chemical Handling,False,False,False,Supervisor
EMP035407,EQ00000321,L3,Chemical Handling,False,False,False,Maintenance
EMP039324,EQ00000428,L4,Permit to Work,False,True,False,Inspector
EMP018029,EQ00000428,L5,Permit to Work,True,True,True,Operator
EMP042884,EQ00000428,L3,Permit to Work,False,False,False,Inspector
EMP022926,EQ00000428,L3,Permit to Work,False,False,False,Operator
EMP031412,EQ00000428,L3,Permit to Work,False,True,False,Operator
EMP024356,EQ00000394,L6,Crane Operation,False,False,False,Operator
EMP001607,EQ00000394,L2,Crane Operation,True,False,False,Supervisor
EMP016788,EQ00000394,L4,Crane Operation,False,False,False,Maintenance
EMP018764,EQ00000394,L3,Crane Operation,False,False,False,Maintenance
EMP032593,EQ00000720,L6,Alignment,True,False,False,Supervisor
EMP031557,EQ00000720,L4,Alignment,True,True,True,Inspector
EMP006315,EQ00000720,L3,Alignment,False,False,False,Supervisor
EMP001590,EQ00000720,L4,Alignment,True,False,False,Inspector
EMP013853,EQ00000720,L6,Alignment,True,True,True,Inspector
EMP028844,EQ00000720,L5,Alignment,False,True,False,Inspector
EMP021763,EQ00000720,L4,Alignment,True,True,True,Maintenance
EMP026551,EQ00000720,L4,Alignment,False,True,False,Supervisor
EMP029940,EQ00002486,L3,Rig Floor Safety,False,False,False,Maintenance
EMP033501,EQ00002486,L4,Rig Floor Safety,True,True,True,Maintenance
EMP030054,EQ00002486,L6,Rig Floor Safety,True,False,False,Supervisor
EMP034118,EQ00000466,L3,Hot Work,False,False,False,Maintenance
EMP009895,EQ00000466,L4,Hot Work,False,False,False,Operator
EMP032743,EQ00000466,L5,Hot Work,True,True,True,Supervisor
EMP038508,EQ00000466,L6,Hot Work,True,True,True,Operator
EMP013293,EQ00000466,L4,Hot Work,True,False,False,Inspector
EMP042847,EQ00000466,L4,Hot Work,True,False,False,Maintenance
EMP039799,EQ00000466,L5,Hot Work,True,False,False,Inspector
EMP026194,EQ00000385,L4,Rigging,False,False,False,Supervisor
EMP040098,EQ00000385,L2,Rigging,False,True,False,Maintenance
EMP006976,EQ00000385,L3,Rigging,True,False,False,Supervisor
EMP000510,EQ00001549,L4,LOTO,True,False,False,Inspector
EMP001742,EQ00001549,L4,LOTO,False,False,False,Supervisor
EMP002442,EQ00001549,L4,LOTO,False,False,False,Inspector
EMP044511,EQ00001549,L5,LOTO,False,True,False,Maintenance
EMP040644,EQ00001549,L5,LOTO,True,True,True,Maintenance
EMP026090,EQ00001549,L2,LOTO,True,True,False,Maintenance
EMP006593,EQ00001549,L3,LOTO,True,False,False,Inspector
EMP018346,EQ00001697,L5,Isolation/LOTO,True,True,True,Maintenance
EMP044788,EQ00001697,L3,Isolation/LOTO,True,False,False,Supervisor
EMP006230,EQ00001697,L3,Isolation/LOTO,False,False,False,Operator
EMP017532,EQ00002654,L3,Pressure Testing,False,True,False,Supervisor
EMP047953,EQ00002654,L5,Pressure Testing,True,False,False,Operator
EMP028752,EQ00002654,L3,Pressure Testing,False,False,False,Maintenance
EMP038346,EQ00001595,L6,Process Operations,True,True,True,Maintenance
EMP033476,EQ00001595,L4,Process Operations,False,False,False,Inspector
EMP005402,EQ00001595,L6,Process Operations,True,True,True,Operator
EMP038311,EQ00001595,L3,Process Operations,False,False,False,Maintenance
EMP007222,EQ00001903,L3,Process Isolation,False,False,False,Inspector
EMP022623,EQ00001903,L3,Process Isolation,False,False,False,Operator
EMP005106,EQ00001903,L2,Process Isolation,True,True,False,Inspector
EMP001181,EQ00001903,L6,Process Isolation,True,True,True,Inspector
EMP019848,EQ00001903,L2,Process Isolation,False,False,False,Operator
EMP034897,EQ00001903,L3,Process Isolation,False,False,False,Supervisor
EMP033068,EQ00001903,L4,Process Isolation,False,False,False,Maintenance
EMP022267,EQ00000875,L4,Well Control,False,False,False,Supervisor
EMP037324,EQ00000875,L5,Well Control,True,True,True,Maintenance
EMP020093,EQ00000875,L4,Well Control,False,False,False,Maintenance
EMP005522,EQ00000875,L4,Well Control,True,False,False,Maintenance
EMP037912,EQ00000875,L2,Well Control,False,False,False,Maintenance
EMP019485,EQ00000875,L3,Well Control,False,False,False,Inspector
EMP028781,EQ00002427,L4,Defensive Driving,True,False,False,Supervisor
EMP012926,EQ00002427,L3,Defensive Driving,False,False,False,Inspector
EMP008219,EQ00002032,L3,Workshop Safety,False,False,False,Operator
EMP042073,EQ00002032,L4,Workshop Safety,False,False,False,Supervisor
EMP002934,EQ00002032,L4,Workshop Safety,False,False,False,Maintenance
EMP024546,EQ00002032,L4,Workshop Safety,False,True,False,Inspector
EMP004696,EQ00002032,L5,Workshop Safety,True,True,True,Maintenance
EMP005755,EQ00002032,L5,Workshop Safety,True,True,True,Operator
EMP017992,EQ00002032,L5,Workshop Safety,True,True,True,Supervisor
EMP035243,EQ00002032,L5,Workshop Safety,True,True,True,Operator
EMP013325,EQ00001993,L4,Instrumentation,False,False,False,Inspector
EMP000365,EQ00001993,L6,Instrumentation,True,True,True,Inspector
EMP036139,EQ00001993,L3,Instrumentation,True,False,False,Maintenance
EMP027335,EQ00000712,L3,Pressure Systems Safety,False,False,False,Maintenance
EMP000009,EQ00000712,L4,Pressure Systems Safety,False,False,False,Inspector
EMP039735,EQ00000712,L4,Pressure Systems Safety,False,False,False,Maintenance
EMP029490,EQ00000287,L3,Chemical Handling,False,False,False,Supervisor
EMP038577,EQ00000287,L2,Chemical Handling,False,True,False,Supervisor
EMP042961,EQ00000287,L6,Chemical Handling,True,True,True,Inspector
EMP034913,EQ00000287,L4,Chemical Handling,False,False,False,Operator
EMP033921,EQ00002411,L4,Chemical Handling,False,False,False,Operator
EMP028330,EQ00002411,L2,Chemical Handling,True,True,False,Operator
EMP008446,EQ00001920,L4,LOTO,False,False,False,Inspector
EMP014248,EQ00001920,L4,LOTO,True,False,False,Maintenance
EMP017369,EQ00001920,L4,LOTO,False,False,False,Inspector
EMP039585,EQ00001920,L6,LOTO,True,True,True,Operator
EMP020430,EQ00001920,L2,LOTO,False,False,False,Maintenance
EMP020119,EQ00001920,L2,LOTO,False,False,False,Maintenance
EMP035437,EQ00001920,L2,LOTO,False,False,False,Maintenance
EMP046161,EQ00001920,L3,LOTO,False,False,False,Operator
EMP049672,EQ00002719,L5,LOTO,True,False,False,Maintenance
EMP038849,EQ00002719,L4,LOTO,False,True,False,Supervisor
EMP032092,EQ00002719,L5,LOTO,True,True,True,Maintenance
EMP013954,EQ00002719,L4,LOTO,False,True,False,Inspector
EMP001179,EQ00002719,L4,LOTO,False,False,False,Maintenance
EMP002317,EQ00002719,L3,LOTO,False,False,False,Maintenance
EMP004731,EQ00002719,L2,LOTO,True,False,False,Inspector
EMP037985,EQ00002009,L2,Permit to Work,False,False,False,Supervisor
EMP033970,EQ00002009,L4,Permit to Work,False,False,False,Maintenance
EMP007397,EQ00002009,L2,Permit to Work,True,False,False,Maintenance
EMP013003,EQ00002009,L6,Permit to Work,False,True,False,Maintenance
EMP037306,EQ00002009,L2,Permit to Work,False,False,False,Supervisor
EMP024465,EQ00001984,L3,Welding Safety,True,False,False,Inspector
EMP035645,EQ00001984,L4,Welding Safety,False,False,False,Inspector
EMP049160,EQ00001984,L2,Welding Safety,False,False,False,Supervisor
EMP018498,EQ00001984,L2,Welding Safety,True,True,False,Supervisor
EMP024910,EQ00001984,L3,Welding Safety,False,True,False,Inspector
EMP032299,EQ00001984,L2,Welding Safety,False,False,False,Operator
EMP049291,EQ00000392,L3,Machine Tool Operation,False,False,False,Inspector
EMP023531,EQ00000392,L2,Machine Tool Operation,False,False,False,Inspector
EMP003704,EQ00000392,L5,Machine Tool Operation,True,False,False,Maintenance
EMP045513,EQ00001015,L5,Calibration,True,True,True,Maintenance
EMP001948,EQ00001015,L2,Calibration,False,False,False,Supervisor
EMP026688,EQ00001015,L3,Calibration,False,True,False,Operator
EMP028012,EQ00000015,L4,Defensive Driving,False,False,False,Maintenance
EMP018581,EQ00000015,L3,Defensive Driving,False,True,False,Maintenance
EMP039820,EQ00000015,L2,Defensive Driving,False,False,False,Supervisor
EMP037318,EQ00000015,L2,Defensive Driving,False,False,False,Inspector
EMP039245,EQ00000015,L3,Defensive Driving,True,True,False,Operator
EMP042168,EQ00000545,L3,Mechanical Inspection,False,False,False,Supervisor
EMP027987,EQ00000545,L4,Mechanical Inspection,False,False,False,Operator
EMP043799,EQ00000545,L3,Mechanical Inspection,False,False,False,Operator
EMP008900,EQ00002231,L6,Process Operations,True,True,True,Operator
EMP023465,EQ00002231,L3,Process Operations,False,True,False,Operator
EMP006968,EQ00002231,L3,Process Operations,False,False,False,Inspector
EMP024884,EQ00002231,L3,Process Operations,False,False,False,Inspector
EMP039680,EQ00002231,L6,Process Operations,True,True,True,Inspector
EMP041860,EQ00002231,L4,Process Operations,True,True,True,Inspector
EMP012890,EQ00002231,L4,Process Operations,True,True,True,Operator
EMP012086,EQ00002748,L3,Mechanical Inspection,True,False,False,Maintenance
EMP006418,EQ00002748,L5,Mechanical Inspection,True,True,True,Operator
EMP047012,EQ00002748,L2,Mechanical Inspection,True,True,False,Inspector
EMP004276,EQ00002748,L4,Mechanical Inspection,False,False,False,Inspector
EMP029395,EQ00002748,L2,Mechanical Inspection,False,False,False,Inspector
EMP039945,EQ00002748,L3,Mechanical Inspection,False,False,False,Inspector
EMP033104,EQ00002748,L6,Mechanical Inspection,True,True,True,Maintenance
EMP033776,EQ00002748,L2,Mechanical Inspection,True,False,False,Supervisor
EMP019215,EQ00001983,L3,Hydrotest Safety,False,False,False,Operator
EMP007774,EQ00001983,L3,Hydrotest Safety,False,False,False,Maintenance
EMP014265,EQ00001983,L4,Hydrotest Safety,False,False,False,Inspector
EMP038969,EQ00001983,L2,Hydrotest Safety,False,False,False,Operator
EMP047185,EQ00001960,L2,Switchgear Operation,False,True,False,Operator
EMP033425,EQ00001960,L3,Switchgear Operation,True,False,False,Maintenance
EMP035857,EQ00001960,L6,Switchgear Operation,True,True,True,Supervisor
EMP012089,EQ00001960,L4,Switchgear Operation,False,False,False,Maintenance
EMP021907,EQ00000676,L3,Chemical Handling,False,False,False,Inspector
EMP044197,EQ00000676,L2,Chemical Handling,False,False,False,Maintenance
EMP027540,EQ00000676,L3,Chemical Handling,False,False,False,Inspector
EMP049358,EQ00000676,L3,Chemical Handling,False,False,False,Operator
EMP015670,EQ00000676,L2,Chemical Handling,False,True,False,Inspector
EMP007718,EQ00000676,L5,Chemical Handling,True,False,False,Maintenance
EMP002052,EQ00000122,L3,Environmental Monitoring,False,False,False,Maintenance
EMP036506,EQ00000122,L2,Environmental Monitoring,False,False,False,Operator
EMP042515,EQ00001912,L6,Permit to Work,True,True,True,Maintenance
EMP016636,EQ00001912,L3,Permit to Work,False,False,False,Operator
EMP001508,EQ00001193,L4,Motor Maintenance,False,False,False,Operator
EMP034286,EQ00001193,L3,Motor Maintenance,False,False,False,Operator
EMP020133,EQ00001193,L5,Motor Maintenance,True,True,True,Maintenance
EMP032915,EQ00000362,L3,Isolation/LOTO,False,True,False,Inspector
EMP036972,EQ00000362,L5,Isolation/LOTO,True,True,True,Maintenance
EMP031571,EQ00000362,L5,Isolation/LOTO,True,True,True,Supervisor
EMP016211,EQ00001201,L6,Control Systems,True,True,True,Operator
EMP022104,EQ00001201,L4,Control Systems,False,False,False,Maintenance
EMP031785,EQ00001201,L4,Control Systems,False,False,False,Operator
EMP035658,EQ00001201,L4,Control Systems,True,False,False,Supervisor
EMP035771,EQ00001201,L4,Control Systems,False,False,False,Inspector
EMP014393,EQ00001201,L2,Control Systems,False,False,False,Operator
EMP044070,EQ00001530,L4,Drilling Operations,False,False,False,Inspector
EMP040678,EQ00001530,L5,Drilling Operations,True,True,True,Inspector
EMP008021,EQ00000215,L3,Hot Work,False,False,False,Operator
EMP017113,EQ00000215,L3,Hot Work,False,False,False,Operator
EMP040157,EQ00000215,L5,Hot Work,True,True,True,Inspector
EMP004377,EQ00000215,L3,Hot Work,False,True,False,Supervisor
EMP044764,EQ00000215,L3,Hot Work,False,False,False,Operator
EMP021161,EQ00000536,L2,Permit to Work,True,False,False,Operator
EMP046090,EQ00000536,L3,Permit to Work,False,False,False,Supervisor
EMP039765,EQ00000536,L5,Permit to Work,True,True,True,Inspector
EMP035978,EQ00000536,L2,Permit to Work,False,False,False,Supervisor
EMP009560,EQ00000536,L4,Permit to Work,False,False,False,Maintenance
EMP040021,EQ00000536,L2,Permit to Work,False,False,False,Operator
EMP030056,EQ00000536,L4,Permit to Work,False,False,False,Inspector
EMP040112,EQ00002490,L2,Emergency Response,True,False,False,Maintenance
EMP044369,EQ00002490,L4,Emergency Response,False,False,False,Operator
EMP025312,EQ00002490,L2,Emergency Response,False,False,False,Inspector
EMP039587,EQ00000515,L4,Crane Operation,True,True,True,Operator
EMP049550,EQ00000515,L4,Crane Operation,True,True,True,Operator
EMP019167,EQ00000515,L2,Crane Operation,False,False,False,Supervisor
EMP039230,EQ00000515,L3,Crane Operation,False,False,False,Maintenance
EMP006457,EQ00000805,L4,Pressure Systems Safety,True,False,False,Supervisor
EMP032720,EQ00000805,L4,Pressure Systems Safety,False,False,False,Maintenance
EMP001089,EQ00000805,L6,Pressure Systems Safety,True,True,True,Operator
EMP042390,EQ00000805,L2,Pressure Systems Safety,False,False,False,Operator
EMP016170,EQ00002505,L4,Gas Detection,False,True,False,Supervisor
EMP032607,EQ00002505,L4,Gas Detection,False,False,False,Maintenance
EMP039822,EQ00002505,L2,Gas Detection,False,True,False,Inspector
EMP031140,EQ00002505,L4,Gas Detection,False,True,False,Inspector
EMP015719,EQ00002505,L3,Gas Detection,False,False,False,Maintenance
EMP040509,EQ00002505,L5,Gas Detection,True,True,True,Supervisor
EMP018971,EQ00002505,L3,Gas Detection,False,False,False,Supervisor
EMP036510,EQ00000319,L5,Crane Operation,False,True,False,Operator
EMP039810,EQ00000319,L3,Crane Operation,False,True,False,Maintenance
EMP023599,EQ00001850,L3,Permit to Work,False,False,False,Maintenance
EMP033019,EQ00001850,L3,Permit to Work,False,True,False,Operator
EMP027538,EQ00001850,L3,Permit to Work,False,True,False,Inspector
EMP000758,EQ00001850,L4,Permit to Work,False,False,False,Supervisor
EMP022179,EQ00002098,L5,Mechanical Inspection,True,True,True,Operator
EMP019758,EQ00002098,L4,Mechanical Inspection,True,True,True,Maintenance
EMP042058,EQ00002098,L2,Mechanical Inspection,False,False,False,Operator
EMP026820,EQ00002098,L4,Mechanical Inspection,True,True,True,Operator
EMP020441,EQ00002098,L3,Mechanical Inspection,True,False,False,Supervisor
EMP010001,EQ00002098,L3,Mechanical Inspection,True,True,True,Maintenance
EMP020498,EQ00002098,L2,Mechanical Inspection,False,False,False,Operator
EMP001297,EQ00002098,L2,Mechanical Inspection,False,False,False,Maintenance
EMP039141,EQ00001482,L4,Alignment,True,True,True,Inspector
EMP035177,EQ00001482,L5,Alignment,True,True,True,Operator
EMP047745,EQ00001482,L4,Alignment,True,True,True,Supervisor
EMP036696,EQ00001482,L2,Alignment,False,False,False,Supervisor
EMP040960,EQ00001482,L2,Alignment,False,False,False,Maintenance
EMP028519,EQ00001482,L3,Alignment,False,False,False,Maintenance
EMP038196,EQ00000243,L3,Pressure Systems Safety,False,True,False,Operator
EMP009360,EQ00000243,L4,Pressure Systems Safety,True,True,True,Operator
EMP049293,EQ00000243,L3,Pressure Systems Safety,False,False,False,Inspector
EMP015178,EQ00000243,L3,Pressure Systems Safety,False,False,False,Inspector
EMP049788,EQ00000243,L5,Pressure Systems Safety,True,True,True,Maintenance
EMP009073,EQ00000243,L3,Pressure Systems Safety,False,False,False,Inspector
EMP043038,EQ00001233,L2,Arc Flash Awareness,False,False,False,Supervisor
EMP012320,EQ00001233,L6,Arc Flash Awareness,False,True,False,Inspector
EMP034382,EQ00001233,L3,Arc Flash Awareness,True,False,False,Maintenance
EMP040167,EQ00001233,L4,Arc Flash Awareness,True,False,False,Maintenance
EMP047630,EQ00001233,L4,Arc Flash Awareness,False,False,False,Operator
EMP026029,EQ00001233,L3,Arc Flash Awareness,False,False,False,Inspector
EMP019768,EQ00001233,L2,Arc Flash Awareness,False,False,False,Inspector
EMP044689,EQ00002471,L4,Pressure Systems Safety,True,True,True,Maintenance
EMP048592,EQ00002471,L2,Pressure Systems Safety,False,False,False,Supervisor
EMP040604,EQ00000105,L3,Gas Detection,False,False,False,Operator
EMP014664,EQ00000105,L4,Gas Detection,False,False,False,Supervisor
EMP007522,EQ00000105,L3,Gas Detection,False,False,False,Maintenance
EMP040856,EQ00000105,L5,Gas Detection,False,False,False,Operator
EMP020154,EQ00000105,L4,Gas Detection,False,False,False,Operator
EMP024860,EQ00000105,L4,Gas Detection,False,False,False,Operator
EMP034469,EQ00000105,L3,Gas Detection,False,False,False,Maintenance
EMP046733,EQ00002651,L2,Machine Tool Operation,False,False,False,Inspector
EMP048663,EQ00002651,L4,Machine Tool Operation,True,True,True,Maintenance
EMP038977,EQ00002651,L3,Machine Tool Operation,True,True,True,Inspector
EMP025157,EQ00002651,L4,Machine Tool Operation,True,True,True,Inspector
EMP022543,EQ00002651,L3,Machine Tool Operation,True,True,True,Operator
EMP001796,EQ00002651,L2,Machine Tool Operation,False,False,False,Inspector
EMP038475,EQ00002651,L5,Machine Tool Operation,True,True,True,Inspector
EMP007669,EQ00002651,L5,Machine Tool Operation,True,True,True,Operator
EMP020315,EQ00000941,L3,Drilling Operations,False,True,False,Supervisor
EMP003360,EQ00000941,L4,Drilling Operations,False,False,False,Inspector
EMP032878,EQ00000941,L2,Drilling Operations,False,True,False,Supervisor
EMP047727,EQ00000941,L3,Drilling Operations,False,False,False,Operator
EMP007573,EQ00000941,L2,Drilling Operations,False,True,False,Maintenance
EMP042602,EQ00000941,L3,Drilling Operations,False,False,False,Supervisor
EMP028907,EQ00002016,L6,Drilling Operations,True,True,True,Maintenance
EMP020652,EQ00002016,L4,Drilling Operations,False,True,False,Supervisor
EMP039456,EQ00001915,L3,Rigging,False,False,False,Operator
EMP019954,EQ00001915,L4,Rigging,True,True,True,Supervisor
EMP025655,EQ00001915,L4,Rigging,True,True,True,Operator
EMP004697,EQ00000426,L3,Pressure Systems Safety,False,False,False,Maintenance
EMP020864,EQ00000426,L6,Pressure Systems Safety,True,True,True,Inspector
EMP039088,EQ00000426,L3,Pressure Systems Safety,False,False,False,Inspector
EMP014223,EQ00000426,L3,Pressure Systems Safety,False,False,False,Inspector
EMP047184,EQ00000426,L3,Pressure Systems Safety,False,False,False,Maintenance
EMP019796,EQ00000426,L5,Pressure Systems Safety,False,False,False,Maintenance
EMP009946,EQ00000426,L3,Pressure Systems Safety,False,False,False,Supervisor
EMP040095,EQ00000426,L2,Pressure Systems Safety,False,True,False,Operator
EMP048071,EQ00002653,L3,Vibration Monitoring,False,False,False,Supervisor
EMP014877,EQ00002653,L2,Vibration Monitoring,False,False,False,Maintenance
EMP013702,EQ00002653,L4,Vibration Monitoring,True,False,False,Maintenance
EMP041488,EQ00002653,L4,Vibration Monitoring,True,False,False,Supervisor
EMP024612,EQ00002459,L3,Pressure Systems Safety,False,False,False,Inspector
EMP049990,EQ00002459,L4,Pressure Systems Safety,False,False,False,Supervisor
EMP048506,EQ00002459,L4,Pressure Systems Safety,False,False,False,Supervisor
EMP003893,EQ00002459,L4,Pressure Systems Safety,False,False,False,Operator
EMP045688,EQ00002459,L2,Pressure Systems Safety,False,False,False,Operator
EMP037298,EQ00002459,L2,Pressure Systems Safety,False,False,False,Inspector
EMP009371,EQ00002459,L4,Pressure Systems Safety,True,False,False,Operator
EMP004727,EQ00002459,L5,Pressure Systems Safety,True,False,False,Operator
EMP041286,EQ00001406,L4,Pressure Systems Safety,True,True,True,Inspector
EMP041998,EQ00001406,L3,Pressure Systems Safety,False,False,False,Operator
EMP020086,EQ00001406,L4,Pressure Systems Safety,True,True,True,Supervisor
EMP015769,EQ00001406,L4,Pressure Systems Safety,True,True,True,Supervisor
EMP001541,EQ00001406,L4,Pressure Systems Safety,True,True,True,Supervisor
EMP030841,EQ00001406,L4,Pressure Systems Safety,False,True,False,Supervisor
EMP007189,EQ00001406,L3,Pressure Systems Safety,False,False,False,Inspector
EMP046310,EQ00000645,L4,Drilling Operations,False,True,False,Maintenance
EMP040704,EQ00000645,L5,Drilling Operations,True,True,True,Maintenance
EMP027729,EQ00000645,L2,Drilling Operations,True,True,False,Supervisor
EMP043530,EQ00000645,L2,Drilling Operations,False,True,False,Inspector
EMP041021,EQ00000645,L4,Drilling Operations,False,False,False,Supervisor
EMP026911,EQ00000645,L5,Drilling Operations,True,False,False,Supervisor
EMP025429,EQ00000457,L3,Switchgear Operation,False,False,False,Operator
EMP023884,EQ00000457,L5,Switchgear Operation,False,False,False,Inspector
EMP006723,EQ00000457,L5,Switchgear Operation,True,False,False,Supervisor
EMP025098,EQ00000457,L5,Switchgear Operation,True,True,True,Supervisor
EMP041160,EQ00000457,L2,Switchgear Operation,False,False,False,Operator
EMP028193,EQ00002384,L6,Mechanical Inspection,True,True,True,Maintenance
EMP045139,EQ00002384,L3,Mechanical Inspection,False,False,False,Inspector
EMP044206,EQ00002384,L4,Mechanical Inspection,False,False,False,Maintenance
EMP020578,EQ00002384,L4,Mechanical Inspection,True,False,False,Maintenance
EMP027096,EQ00002384,L3,Mechanical Inspection,False,False,False,Supervisor
EMP003157,EQ00002384,L5,Mechanical Inspection,False,True,False,Inspector
EMP016631,EQ00002384,L2,Mechanical Inspection,True,False,False,Supervisor
EMP043516,EQ00002384,L4,Mechanical Inspection,True,False,False,Supervisor
EMP034611,EQ00000171,L4,Process Isolation,True,True,True,Maintenance
EMP011048,EQ00000171,L3,Process Isolation,False,False,False,Operator
EMP037305,EQ00000171,L4,Process Isolation,True,True,True,Operator
EMP012210,EQ00000171,L3,Process Isolation,True,True,False,Inspector
EMP042728,EQ00000171,L2,Process Isolation,True,False,False,Maintenance
EMP028862,EQ00000171,L2,Process Isolation,False,False,False,Supervisor
EMP000521,EQ00000171,L4,Process Isolation,True,True,True,Maintenance
EMP049953,EQ00002659,L3,Well Control,True,False,False,Supervisor
EMP017507,EQ00002659,L3,Well Control,False,False,False,Operator
EMP006895,EQ00002659,L3,Well Control,False,True,False,Inspector
EMP007281,EQ00002659,L4,Well Control,True,False,False,Inspector
EMP026629,EQ00002659,L2,Well Control,True,False,False,Inspector
EMP032261,EQ00001469,L3,Process Isolation,False,False,False,Inspector
EMP013237,EQ00001469,L3,Process Isolation,False,True,False,Operator
EMP034923,EQ00001469,L4,Process Isolation,False,False,False,Inspector
EMP045406,EQ00001469,L5,Process Isolation,True,True,True,Operator
EMP043718,EQ00000723,L4,LOTO,False,False,False,Maintenance
EMP034829,EQ00000723,L5,LOTO,True,True,True,Operator
EMP008501,EQ00000723,L3,LOTO,False,True,False,Supervisor
EMP041914,EQ00000723,L4,LOTO,False,False,False,Maintenance
EMP006894,EQ00000723,L3,LOTO,False,False,False,Maintenance
EMP015120,EQ00000002,L4,Hydrotest Safety,True,True,True,Operator
EMP007370,EQ00000002,L5,Hydrotest Safety,True,False,False,Inspector
EMP021549,EQ00000002,L4,Hydrotest Safety,False,True,False,Inspector
EMP046389,EQ00000002,L5,Hydrotest Safety,True,True,True,Operator
EMP034611,EQ00000002,L4,Hydrotest Safety,True,True,True,Maintenance
EMP004478,EQ00000002,L3,Hydrotest Safety,False,False,False,Operator
EMP038456,EQ00000002,L3,Hydrotest Safety,False,True,False,Maintenance
EMP040537,EQ00002117,L2,Valve Maintenance,False,True,False,Supervisor
EMP015642,EQ00002117,L3,Valve Maintenance,False,False,False,Inspector
EMP029978,EQ00002117,L4,Valve Maintenance,True,False,False,Operator
EMP045057,EQ00002117,L3,Valve Maintenance,False,False,False,Maintenance
EMP023927,EQ00002117,L3,Valve Maintenance,True,False,False,Operator
EMP049648,EQ00002117,L5,Valve Maintenance,True,True,True,Maintenance
EMP041333,EQ00002117,L3,Valve Maintenance,False,False,False,Inspector
EMP031416,EQ00002117,L3,Valve Maintenance,False,False,False,Supervisor
EMP041060,EQ00001349,L5,Welding Safety,True,True,True,Supervisor
EMP015660,EQ00001349,L3,Welding Safety,False,False,False,Operator
EMP017253,EQ00001349,L3,Welding Safety,False,True,False,Operator
EMP006168,EQ00001349,L6,Welding Safety,True,True,True,Inspector
EMP036767,EQ00001349,L2,Welding Safety,False,True,False,Maintenance
EMP007408,EQ00001349,L6,Welding Safety,True,True,True,Inspector
EMP002149,EQ00000367,L3,Process Operations,False,True,False,Maintenance
EMP013476,EQ00000367,L2,Process Operations,False,True,False,Inspector
EMP002519,EQ00000367,L4,Process Operations,True,True,True,Inspector
EMP018565,EQ00000367,L2,Process Operations,False,False,False,Inspector
EMP015587,EQ00000915,L3,Chemical Handling,False,True,False,Maintenance
EMP033626,EQ00000915,L5,Chemical Handling,True,True,True,Supervisor
EMP006566,EQ00000915,L3,Chemical Handling,False,False,False,Operator
EMP025579,EQ00000915,L4,Chemical Handling,True,False,False,Operator
EMP017623,EQ00000915,L6,Chemical Handling,True,True,True,Inspector
EMP003609,EQ00000915,L5,Chemical Handling,True,True,True,Operator
EMP031623,EQ00001314,L4,Pressure Vessel Safety,False,False,False,Inspector
EMP037678,EQ00001314,L4,Pressure Vessel Safety,True,False,False,Supervisor
EMP043141,EQ00001053,L3,Rigging,True,False,False,Maintenance
EMP027965,EQ00001053,L3,Rigging,False,False,False,Operator
EMP030789,EQ00001053,L3,Rigging,False,True,False,Operator
EMP004019,EQ00001053,L3,Rigging,False,False,False,Inspector
EMP042619,EQ00001053,L3,Rigging,False,False,False,Inspector
EMP025977,EQ00001053,L3,Rigging,True,True,False,Supervisor
EMP001590,EQ00001053,L4,Rigging,False,True,False,Inspector
EMP016888,EQ00001427,L4,Mechanical Inspection,False,False,False,Inspector
EMP024826,EQ00001427,L3,Mechanical Inspection,False,True,False,Inspector
EMP012296,EQ00001427,L5,Mechanical Inspection,True,True,True,Inspector
EMP023098,EQ00001427,L4,Mechanical Inspection,False,False,False,Supervisor
EMP024751,EQ00001427,L4,Mechanical Inspection,False,False,False,Operator
EMP029440,EQ00001427,L3,Mechanical Inspection,False,False,False,Maintenance
EMP038509,EQ00001427,L2,Mechanical Inspection,False,False,False,Inspector
EMP017458,EQ00001992,L3,Pressure Testing,False,False,False,Supervisor
EMP027648,EQ00001992,L2,Pressure Testing,False,False,False,Maintenance
EMP035818,EQ00001992,L5,Pressure Testing,True,True,True,Operator
EMP025318,EQ00000949,L3,Drilling Operations,False,False,False,Supervisor
EMP021172,EQ00000949,L4,Drilling Operations,False,False,False,Inspector
EMP029681,EQ00000949,L2,Drilling Operations,False,False,False,Inspector
EMP040977,EQ00000949,L5,Drilling Operations,True,False,False,Operator
EMP009617,EQ00000949,L4,Drilling Operations,True,False,False,Operator
EMP003711,EQ00000949,L2,Drilling Operations,True,False,False,Inspector
EMP032155,EQ00000949,L3,Drilling Operations,False,False,False,Maintenance
EMP041777,EQ00001627,L5,Drilling Operations,False,True,False,Operator
EMP006526,EQ00001627,L6,Drilling Operations,True,False,False,Maintenance
EMP000088,EQ00001627,L4,Drilling Operations,True,True,True,Supervisor
EMP029864,EQ00001627,L3,Drilling Operations,False,False,False,Inspector
EMP036277,EQ00001627,L3,Drilling Operations,False,False,False,Inspector
EMP002954,EQ00001627,L3,Drilling Operations,False,False,False,Maintenance
EMP026696,EQ00001627,L2,Drilling Operations,False,True,False,Supervisor
EMP037729,EQ00001627,L3,Drilling Operations,False,False,False,Operator
EMP006084,EQ00000657,L3,Hazardous Material Transport,False,False,False,Maintenance
EMP033430,EQ00000657,L4,Hazardous Material Transport,False,False,False,Operator
EMP004645,EQ00000657,L4,Hazardous Material Transport,False,False,False,Inspector
EMP030292,EQ00001581,L3,Fire Fighting,False,False,False,Supervisor
EMP043437,EQ00001581,L5,Fire Fighting,True,True,True,Operator
EMP031671,EQ00001581,L2,Fire Fighting,True,False,False,Operator
EMP043756,EQ00001581,L2,Fire Fighting,True,False,False,Maintenance
EMP021039,EQ00001581,L4,Fire Fighting,False,False,False,Supervisor
EMP031122,EQ00002189,L4,Electrical Safety,False,False,False,Inspector
EMP040512,EQ00002189,L3,Electrical Safety,False,False,False,Inspector
EMP032128,EQ00002189,L2,Electrical Safety,False,True,False,Operator
EMP026607,EQ00002189,L4,Electrical Safety,False,False,False,Supervisor
EMP040416,EQ00002189,L4,Electrical Safety,False,True,False,Operator
EMP028095,EQ00000048,L2,Process Isolation,True,False,False,Maintenance
EMP042866,EQ00000048,L4,Process Isolation,True,True,True,Operator
EMP038103,EQ00001137,L2,Process Isolation,True,False,False,Supervisor
EMP017474,EQ00001137,L3,Process Isolation,False,False,False,Operator
EMP013011,EQ00001137,L4,Process Isolation,False,False,False,Supervisor
EMP016302,EQ00001070,L4,Emergency Response,False,False,False,Supervisor
EMP039257,EQ00001070,L3,Emergency Response,False,False,False,Operator
EMP010600,EQ00001070,L3,Emergency Response,False,True,False,Supervisor
EMP044938,EQ00001070,L3,Emergency Response,False,True,False,Supervisor
EMP034203,EQ00001070,L5,Emergency Response,False,True,False,Supervisor
EMP022198,EQ00001070,L3,Emergency Response,False,False,False,Inspector
EMP041387,EQ00002178,L2,Arc Flash Awareness,False,False,False,Supervisor
EMP003462,EQ00002178,L2,Arc Flash Awareness,False,False,False,Operator
EMP025503,EQ00000589,L6,Control Systems,True,True,True,Inspector
EMP016350,EQ00000589,L2,Control Systems,False,False,False,Supervisor
EMP034615,EQ00000589,L5,Control Systems,True,True,True,Operator
EMP015502,EQ00000578,L4,Motor Maintenance,True,True,True,Inspector
EMP034881,EQ00000578,L5,Motor Maintenance,True,True,True,Maintenance
EMP000325,EQ00000578,L6,Motor Maintenance,True,True,True,Maintenance
EMP039711,EQ00000126,L6,Instrumentation,True,True,True,Maintenance
EMP018601,EQ00000126,L3,Instrumentation,False,False,False,Maintenance
EMP030728,EQ00000126,L2,Instrumentation,True,True,False,Operator
EMP005170,EQ00000126,L4,Instrumentation,True,True,True,Inspector
EMP000472,EQ00002460,L6,Process Isolation,True,True,True,Operator
EMP038225,EQ00002460,L5,Process Isolation,True,True,True,Supervisor
EMP041294,EQ00002460,L3,Process Isolation,True,False,False,Maintenance
EMP019241,EQ00002460,L4,Process Isolation,True,False,False,Operator
EMP041544,EQ00002460,L3,Process Isolation,False,False,False,Maintenance
EMP040023,EQ00000198,L4,Line of Fire Awareness,True,True,True,Maintenance
EMP026371,EQ00000198,L2,Line of Fire Awareness,False,False,False,Inspector
EMP028981,EQ00000198,L3,Line of Fire Awareness,False,False,False,Inspector
EMP029878,EQ00000198,L4,Line of Fire Awareness,True,True,True,Operator
EMP015500,EQ00000244,L5,Electrical Safety,True,True,True,Inspector
EMP014669,EQ00000244,L4,Electrical Safety,True,False,False,Maintenance
EMP048751,EQ00000244,L4,Electrical Safety,False,False,False,Operator
EMP009152,EQ00000244,L3,Electrical Safety,False,False,False,Maintenance
EMP021212,EQ00002306,L4,Lifting Gear Inspection,False,False,False,Operator
EMP031584,EQ00002306,L4,Lifting Gear Inspection,False,False,False,Inspector
EMP043409,EQ00002306,L3,Lifting Gear Inspection,False,False,False,Inspector
EMP037093,EQ00002306,L3,Lifting Gear Inspection,False,False,False,Inspector
EMP045059,EQ00002306,L2,Lifting Gear Inspection,False,False,False,Supervisor
EMP027946,EQ00001929,L5,Process Isolation,False,True,False,Operator
EMP014408,EQ00001929,L4,Process Isolation,True,False,False,Operator
EMP013920,EQ00001929,L3,Process Isolation,False,False,False,Operator
EMP019781,EQ00001929,L2,Process Isolation,False,False,False,Inspector
EMP007317,EQ00001929,L2,Process Isolation,False,True,False,Operator
EMP015620,EQ00001929,L3,Process Isolation,False,False,False,Operator
EMP032434,EQ00001929,L2,Process Isolation,False,False,False,Operator
EMP041244,EQ00001624,L6,Line of Fire Awareness,True,True,True,Inspector
EMP014739,EQ00001624,L5,Line of Fire Awareness,True,True,True,Operator
EMP035143,EQ00001624,L2,Line of Fire Awareness,True,False,False,Maintenance
EMP036155,EQ00001624,L3,Line of Fire Awareness,False,False,False,Inspector
EMP031019,EQ00001624,L3,Line of Fire Awareness,False,False,False,Operator
EMP020811,EQ00002095,L3,Permit to Work,False,False,False,Maintenance
EMP037885,EQ00002095,L2,Permit to Work,False,False,False,Maintenance
EMP030306,EQ00002095,L3,Permit to Work,False,False,False,Inspector
EMP037066,EQ00002095,L5,Permit to Work,True,True,True,Operator
EMP014375,EQ00002095,L5,Permit to Work,False,False,False,Supervisor
EMP048471,EQ00002095,L6,Permit to Work,True,True,True,Operator
EMP043497,EQ00002171,L2,Process Isolation,False,False,False,Inspector
EMP017370,EQ00002171,L3,Process Isolation,False,False,False,Supervisor
EMP041647,EQ00002171,L2,Process Isolation,False,False,False,Operator
EMP046116,EQ00002171,L2,Process Isolation,False,False,False,Operator
EMP046668,EQ00002171,L2,Process Isolation,False,False,False,Supervisor
EMP002223,EQ00002171,L2,Process Isolation,False,False,False,Operator
EMP005408,EQ00002770,L3,Electrical Isolation/LOTO,False,False,False,Maintenance
EMP025184,EQ00002770,L3,Electrical Isolation/LOTO,False,True,False,Supervisor
EMP021173,EQ00002398,L2,Environmental Monitoring,True,False,False,Supervisor
EMP042967,EQ00002398,L4,Environmental Monitoring,False,False,False,Operator
EMP023981,EQ00002398,L2,Environmental Monitoring,False,False,False,Maintenance
EMP025057,EQ00002220,L5,Hot Work,True,True,True,Supervisor
EMP045530,EQ00002220,L2,Hot Work,False,False,False,Maintenance
EMP040388,EQ00002220,L3,Hot Work,True,True,True,Inspector
EMP016659,EQ00002220,L3,Hot Work,False,True,False,Operator
EMP027597,EQ00002220,L2,Hot Work,False,False,False,Inspector
EMP027039,EQ00002461,L3,Alignment,False,False,False,Maintenance
EMP045761,EQ00002461,L5,Alignment,True,True,True,Inspector
EMP006845,EQ00002461,L5,Alignment,True,True,True,Inspector
EMP010265,EQ00002461,L5,Alignment,True,True,True,Inspector
EMP009351,EQ00002461,L2,Alignment,True,True,False,Maintenance
EMP028298,EQ00002552,L3,Instrumentation,False,False,False,Operator
EMP012307,EQ00002552,L3,Instrumentation,False,False,False,Inspector
EMP005508,EQ00002552,L3,Instrumentation,True,False,False,Operator
EMP031785,EQ00002552,L4,Instrumentation,False,True,False,Maintenance
EMP027715,EQ00002552,L4,Instrumentation,True,True,False,Operator
EMP002771,EQ00002552,L2,Instrumentation,True,False,False,Maintenance
EMP022686,EQ00002552,L5,Instrumentation,True,True,True,Supervisor
EMP022698,EQ00002552,L5,Instrumentation,True,True,True,Operator
EMP029996,EQ00002386,L6,Line of Fire Awareness,True,True,True,Inspector
EMP047168,EQ00002386,L5,Line of Fire Awareness,True,True,True,Supervisor
EMP038408,EQ00002386,L4,Line of Fire Awareness,False,False,False,Supervisor
EMP047913,EQ00002386,L3,Line of Fire Awareness,False,False,False,Inspector
EMP047701,EQ00002386,L5,Line of Fire Awareness,True,True,True,Operator
EMP010067,EQ00002386,L4,Line of Fire Awareness,False,True,False,Supervisor
EMP005643,EQ00002386,L3,Line of Fire Awareness,False,False,False,Supervisor
EMP039930,EQ00002386,L3,Line of Fire Awareness,False,False,False,Maintenance
EMP041612,EQ00000239,L2,Permit to Work,False,True,False,Maintenance
EMP041709,EQ00000239,L3,Permit to Work,False,False,False,Inspector
EMP043964,EQ00000239,L3,Permit to Work,True,False,False,Supervisor
EMP038378,EQ00000239,L2,Permit to Work,False,True,False,Inspector
EMP042167,EQ00000239,L4,Permit to Work,True,False,False,Operator
EMP038702,EQ00000239,L5,Permit to Work,True,True,True,Maintenance
EMP006837,EQ00002772,L3,LOTO,False,True,False,Inspector
EMP002335,EQ00002772,L2,LOTO,True,True,False,Operator
EMP033620,EQ00002772,L3,LOTO,False,False,False,Maintenance
EMP034355,EQ00002772,L4,LOTO,False,False,False,Maintenance
EMP042490,EQ00002772,L3,LOTO,False,False,False,Operator
EMP015742,EQ00002772,L4,LOTO,False,False,False,Maintenance
EMP030473,EQ00002772,L3,LOTO,False,False,False,Maintenance
EMP025389,EQ00001707,L4,Drilling Operations,False,True,False,Supervisor
EMP008956,EQ00001707,L3,Drilling Operations,False,False,False,Maintenance
EMP040615,EQ00001707,L3,Drilling Operations,False,False,False,Operator
EMP028656,EQ00001707,L4,Drilling Operations,False,False,False,Maintenance
EMP014796,EQ00001707,L5,Drilling Operations,True,True,True,Inspector
EMP041880,EQ00001707,L4,Drilling Operations,False,False,False,Maintenance
EMP018503,EQ00000527,L4,Fire Fighting,False,True,False,Supervisor
EMP010217,EQ00000527,L4,Fire Fighting,False,False,False,Maintenance
EMP033634,EQ00000527,L5,Fire Fighting,True,True,True,Operator
EMP010458,EQ00000527,L3,Fire Fighting,False,False,False,Operator
EMP003563,EQ00000527,L2,Fire Fighting,False,False,False,Inspector
EMP024652,EQ00000527,L2,Fire Fighting,False,False,False,Operator
EMP046042,EQ00000527,L2,Fire Fighting,True,False,False,Maintenance
EMP024862,EQ00002060,L3,Lifting Operations,False,True,False,Supervisor
EMP012063,EQ00002060,L4,Lifting Operations,True,True,False,Inspector
EMP023389,EQ00002060,L3,Lifting Operations,False,True,False,Maintenance
EMP001622,EQ00002060,L2,Lifting Operations,True,False,False,Supervisor
EMP033335,EQ00002060,L6,Lifting Operations,True,True,True,Maintenance
EMP049090,EQ00002060,L3,Lifting Operations,False,False,False,Inspector
EMP027885,EQ00002060,L3,Lifting Operations,False,True,False,Maintenance
EMP006097,EQ00002522,L2,Mechanical Inspection,False,False,False,Maintenance
EMP005493,EQ00002522,L4,Mechanical Inspection,False,False,False,Supervisor
EMP005525,EQ00002522,L4,Mechanical Inspection,False,True,False,Operator
EMP005566,EQ00002522,L2,Mechanical Inspection,True,False,False,Inspector
EMP016736,EQ00002035,L5,Pump Maintenance,True,True,True,Maintenance
EMP011513,EQ00002035,L5,Pump Maintenance,True,True,True,Maintenance
EMP009301,EQ00002035,L3,Pump Maintenance,False,False,False,Supervisor
EMP005713,EQ00002035,L3,Pump Maintenance,False,False,False,Inspector
EMP019527,EQ00002035,L4,Pump Maintenance,False,False,False,Inspector
EMP030995,EQ00002035,L5,Pump Maintenance,True,True,True,Operator
EMP028859,EQ00002035,L3,Pump Maintenance,False,False,False,Inspector
EMP007643,EQ00002035,L3,Pump Maintenance,False,False,False,Operator
