equipment_id,site_id,unit_id,area_id,equipment_category,equipment_type,asset_tag,serial_number,status,installation_year,design_life_years,material,energy_source,criticality,inherent_risk,asset_class,capacity_rating,operating_hours_per_day,requires_lubrication,lubricant_type,lubrication_method
EQ00000001,SITE01,UNIT00001,AREA000002,PRODUCTION,Gas Sweetening Unit,GAS-168,SN-22243983,Active,2023,12,Cast Iron,Electrical,Critical,High,C,194670,9.0,Yes,Process/Mechanical Lubricant,Manual / automated
EQ00000002,SITE01,UNIT00001,AREA000003,STATIC,Storage Tank,STO-880,SN-47388792,Under Maintenance,2017,17,Cast Iron,Process,Critical,High,C,161844,16.2,No,N/A,N/A
EQ00000003,SITE01,UNIT00001,AREA000004,INSTRUMENTATION,Pressure Transmitter,PRE-449,SN-31127115,Active,2023,19,Alloy Steel,Process,High,High,C,23270,21.2,No,N/A,N/A
EQ00000004,SITE01,UNIT00001,AREA000002,WORKSHOP,Grinding Machine,GRI-882,SN-44295247,Active,2018,20,Carbon Steel,Electrical,Medium,High,B,196825,10.4,Yes,Machine Oil / Grease,Manual
EQ00000005,SITE01,UNIT00001,AREA000003,STATIC,Heat Exchanger,HEA-547,SN-24208709,Active,2017,23,Cast Iron,Process,High,High,A,104747,20.9,No,N/A,N/A
EQ00000006,SITE01,UNIT00001,AREA000004,INSTRUMENTATION,Emergency Shutdown System,EME-915,SN-46866075,Under Maintenance,2020,11,Alloy Steel,Process,Critical,Critical,A,82371,11.1,No,N/A,N/A
EQ00000007,SITE01,UNIT00001,AREA000004,SAFETY,Fire Alarm Panel,FIR-930,SN-56095437,Active,2017,26,Stainless Steel,Electrical,High,High,A,186498,10.6,Some,Pump Bearing Grease,Manual
EQ00000008,SITE01,UNIT00001,AREA000001,PRODUCTION,Gas Dehydration Unit,GAS-672,SN-60557040,Active,2020,14,Carbon Steel,Mixed,High,High,C,111993,12.3,Yes,Process/Mechanical Lubricant,Manual / automated
EQ00000009,SITE01,UNIT00001,AREA000004,VEHICLE,Heavy Utility Vehicle,HEA-266,SN-34272734,Under Maintenance,2018,15,Cast Iron,Electrical,Medium,Medium,B,96498,16.3,Yes,Engine / Gear Lubricant,Workshop service
EQ00000010,SITE01,UNIT00001,AREA000003,ROTARY,Positive Displacement Pump,POS-756,SN-74503785,Active,2016,27,Carbon Steel,Mixed,High,High,C,33683,6.9,Yes,Bearing Oil / Grease,Manual / auto-lube
EQ00000011,SITE01,UNIT00001,AREA000004,VEHICLE,Emergency Response Vehicle,EME-877,SN-72962895,Standby,2018,29,Carbon Steel,Electrical,High,High,A,68088,5.3,Yes,Engine / Gear Lubricant,Workshop service
EQ00000012,SITE01,UNIT00001,AREA000002,DRILLING,Blowout Preventer,BLO-539,SN-10209961,Under Maintenance,2020,21,Stainless Steel,Process,Critical,Critical,B,50103,16.0,Yes,EP Gear Oil / Grease,Grease gun / centralized
EQ00000013,SITE01,UNIT00001,AREA000003,ROTARY,Diesel Generator,DIE-145,SN-57284777,Under Maintenance,2018,20,Stainless Steel,Mixed,High,High,B,183292,11.5,Yes,Bearing Oil / Grease,Manual / auto-lube
EQ00000014,SITE01,UNIT00001,AREA000003,ELECTRICAL,Transformer,TRA-509,SN-69020451,Standby,2022,20,Stainless Steel,Pneumatic,Critical,High,C,131422,8.9,Some,Bearing Grease,Manual
EQ00000015,SITE01,UNIT00001,AREA000002,VEHICLE,Emergency Response Vehicle,EME-246,SN-91547054,Standby,2016,11,Stainless Steel,Electrical,High,High,A,170125,8.9,Yes,Engine / Gear Lubricant,Workshop service
EQ00000016,SITE01,UNIT00001,AREA000003,WORKSHOP,Grinding Machine,GRI-319,SN-92124765,Active,2023,25,Stainless Steel,Electrical,Medium,High,A,20412,10.9,Yes,Machine Oil / Grease,Manual
EQ00000017,SITE01,UNIT00001,AREA000004,PIPING,Relief Valve,REL-520,SN-64953237,Under Maintenance,2024,12,Stainless Steel,Hydraulic,Critical,Critical,C,20441,10.9,No,N/A,N/A
EQ00000018,SITE01,UNIT00001,AREA000002,WORKSHOP,Welding Machine,WEL-774,SN-93816177,Under Maintenance,2018,20,Carbon Steel,Electrical,Medium,High,A,12917,22.8,Yes,Machine Oil / Grease,Manual
EQ00000019,SITE01,UNIT00001,AREA000003,INSTRUMENTATION,Control Valve,CON-675,SN-24251766,Active,2024,17,Cast Iron,Electrical,High,High,B,118858,6.0,No,N/A,N/A
EQ00000020,SITE01,UNIT00001,AREA000004,VEHICLE,Emergency Response Vehicle,EME-320,SN-88295121,Active,2019,11,Carbon Steel,Hydraulic,High,High,B,157635,21.2,Yes,Engine / Gear Lubricant,Workshop service
EQ00000021,SITE01,UNIT00001,AREA000003,PRODUCTION,Gas Dehydration Unit,GAS-671,SN-59070856,Active,2021,16,Cast Iron,Process,High,High,A,12876,1.0,Yes,Process/Mechanical Lubricant,Manual / automated
EQ00000022,SITE01,UNIT00001,AREA000002,LIFTING,Overhead Crane,OVE-697,SN-74484744,Active,2016,26,Cast Iron,Mechanical,High,Critical,C,64490,0.9,Yes,Wire Rope / Gear Grease,Manual
EQ00000023,SITE01,UNIT00001,AREA000002,VEHICLE,Heavy Utility Vehicle,HEA-645,SN-55946354,Under Maintenance,2023,21,Alloy Steel,Process,Medium,Medium,B,51400,23.0,Yes,Engine / Gear Lubricant,Workshop service
EQ00000024,SITE01,UNIT00001,AREA000004,ROTARY,Centrifugal Pump,CEN-865,SN-74300930,Active,2020,16,Alloy Steel,Process,High,High,C,72203,3.4,Yes,Bearing Oil / Grease,Manual / auto-lube
EQ00000025,SITE01,UNIT00001,AREA000001,STATIC,Pressure Vessel,PRE-527,SN-33593960,Active,2018,22,Cast Iron,Mechanical,Critical,Critical,C,76882,21.1,No,N/A,N/A
EQ00000026,SITE01,UNIT00001,AREA000003,DRILLING,Mud Pump,MUD-681,SN-35925669,Active,2020,29,Cast Iron,Pneumatic,Critical,High,C,86964,2.2,Yes,EP Gear Oil / Grease,Grease gun / centralized
EQ00000027,SITE01,UNIT00001,AREA000003,STATIC,Storage Tank,STO-754,SN-49599276,Active,2017,29,Stainless Steel,Mechanical,Critical,High,A,126352,3.8,No,N/A,N/A
EQ00000028,SITE01,UNIT00001,AREA000004,PRODUCTION,Produced Water Pump,PRO-677,SN-17749299,Under Maintenance,2023,24,Alloy Steel,Mixed,High,Medium,A,104795,6.2,Yes,Process/Mechanical Lubricant,Manual / automated
EQ00000029,SITE01,UNIT00001,AREA000002,LIFTING,Hoist,HOI-221,SN-33954324,Under Maintenance,2021,22,Stainless Steel,Mixed,High,High,A,1910,18.2,Yes,Wire Rope / Gear Grease,Manual
EQ00000030,SITE01,UNIT00001,AREA000004,PRODUCTION,Produced Water Pump,PRO-652,SN-39161379,Active,2019,14,Alloy Steel,Mechanical,High,Medium,C,152023,7.7,Yes,Process/Mechanical Lubricant,Manual / automated
EQ00000031,SITE01,UNIT00001,AREA000002,INSTRUMENTATION,Gas Detector,GAS-159,SN-85482164,Standby,2023,23,Stainless Steel,Pneumatic,Critical,Critical,A,67845,5.0,No,N/A,N/A
EQ00000032,SITE01,UNIT00001,AREA000002,WORKSHOP,Air Receiver,AIR-820,SN-37449289,Standby,2025,17,Alloy Steel,Hydraulic,High,High,B,123224,12.9,Yes,Machine Oil / Grease,Manual
EQ00000033,SITE01,UNIT00001,AREA000002,SAFETY,Fire Alarm Panel,FIR-663,SN-97859993,Active,2023,18,Cast Iron,Mixed,High,High,C,194880,11.8,Some,Pump Bearing Grease,Manual
EQ00000034,SITE01,UNIT00001,AREA000004,WORKSHOP,Lathe Machine,LAT-161,SN-92924441,Under Maintenance,2021,25,Cast Iron,Electrical,Medium,Medium,A,140516,13.3,Yes,Machine Oil / Grease,Manual
EQ00000035,SITE01,UNIT00001,AREA000004,ENVIRONMENT,Oil Water Separator,OIL-482,SN-64496076,Standby,2017,28,Stainless Steel,Mixed,High,Medium,A,79636,16.4,Yes,Pump Bearing Grease,Manual
EQ00000036,SITE01,UNIT00001,AREA000002,PRODUCTION,Three-Phase Separator,THR-586,SN-46385762,Active,2025,12,Alloy Steel,Process,Critical,High,C,173519,0.9,Yes,Process/Mechanical Lubricant,Manual / automated
EQ00000037,SITE01,UNIT00001,AREA000004,PRODUCTION,Gas Compressor,GAS-130,SN-95110541,Active,2021,24,Cast Iron,Mechanical,Critical,Critical,B,145975,22.6,Yes,Process/Mechanical Lubricant,Manual / automated
EQ00000038,SITE01,UNIT00001,AREA000004,STATIC,Pressure Vessel,PRE-398,SN-65540647,Standby,2016,12,Stainless Steel,Process,Critical,Critical,C,45455,16.5,No,N/A,N/A
EQ00000039,SITE01,UNIT00001,AREA000004,LIFTING,Overhead Crane,OVE-961,SN-93240786,Standby,2021,20,Cast Iron,Hydraulic,High,Critical,B,171665,23.4,Yes,Wire Rope / Gear Grease,Manual
EQ00000040,SITE01,UNIT00001,AREA000004,LIFTING,Hoist,HOI-548,SN-49101812,Active,2019,23,Cast Iron,Mechanical,High,High,C,80385,5.9,Yes,Wire Rope / Gear Grease,Manual
EQ00000041,SITE01,UNIT00001,AREA000003,SAFETY,Foam System,FOA-762,SN-92232236,Active,2018,28,Cast Iron,Hydraulic,Critical,High,B,28772,0.4,Some,Pump Bearing Grease,Manual
EQ00000042,SITE01,UNIT00001,AREA000003,DRILLING,Top Drive,TOP-929,SN-25446483,Active,2016,20,Carbon Steel,Mixed,Critical,Critical,A,195114,5.9,Yes,EP Gear Oil / Grease,Grease gun / centralized
EQ00000043,SITE01,UNIT00001,AREA000002,STATIC,Pressure Vessel,PRE-433,SN-36450861,Standby,2021,13,Alloy Steel,Mixed,Critical,Critical,B,139337,23.2,No,N/A,N/A
EQ00000044,SITE01,UNIT00001,AREA000004,PRODUCTION,Gas Sweetening Unit,GAS-290,SN-75319770,Under Maintenance,2022,30,Stainless Steel,Process,Critical,High,A,129356,7.0,Yes,Process/Mechanical Lubricant,Manual / automated
EQ00000045,SITE01,UNIT00001,AREA000003,ENVIRONMENT,Oil Water Separator,OIL-650,SN-48744673,Active,2019,24,Cast Iron,Process,High,Medium,C,30677,13.8,Yes,Pump Bearing Grease,Manual
EQ00000046,SITE01,UNIT00001,AREA000002,PRODUCTION,Gas Dehydration Unit,GAS-933,SN-37775381,Active,2019,28,Alloy Steel,Process,High,High,B,157462,13.0,Yes,Process/Mechanical Lubricant,Manual / automated
EQ00000047,SITE01,UNIT00001,AREA000001,SAFETY,Fire Hydrant,FIR-512,SN-79204468,Active,2017,21,Cast Iron,Pneumatic,High,High,B,153556,0.2,Some,Pump Bearing Grease,Manual
EQ00000048,SITE01,UNIT00001,AREA000001,PRODUCTION,Produced Water Pump,PRO-116,SN-26674831,Active,2023,24,Cast Iron,Electrical,High,Medium,B,54036,23.9,Yes,Process/Mechanical Lubricant,Manual / automated
EQ00000049,SITE01,UNIT00001,AREA000002,PRODUCTION,Produced Water Pump,PRO-331,SN-79718627,Standby,2025,10,Carbon Steel,Mixed,High,Medium,B,32612,23.7,Yes,Process/Mechanical Lubricant,Manual / automated
EQ00000050,SITE01,UNIT00001,AREA000004,PRODUCTION,Produced Water Pump,PRO-910,SN-28767690,Active,2021,18,Carbon Steel,Mechanical,High,Medium,C,158548,14.4,Yes,Process/Mechanical Lubricant,Manual / automated
EQ00000051,SITE01,UNIT00001,AREA000003,STATIC,Heat Exchanger,HEA-140,SN-18115992,Standby,2019,26,Alloy Steel,Mixed,High,High,C,132346,18.4,No,N/A,N/A
EQ00000052,SITE01,UNIT00001,AREA000001,WORKSHOP,Welding Machine,WEL-782,SN-98322292,Active,2020,13,Carbon Steel,Mixed,Medium,High,A,184893,0.4,Yes,Machine Oil / Grease,Manual
EQ00000053,SITE01,UNIT00001,AREA000001,ENVIRONMENT,Oil Water Separator,OIL-979,SN-11649277,Active,2016,11,Cast Iron,Hydraulic,High,Medium,B,40343,4.4,Yes,Pump Bearing Grease,Manual
EQ00000054,SITE01,UNIT00001,AREA000004,PIPING,Pipeline Valve,PIP-892,SN-51701149,Active,2020,12,Cast Iron,Electrical,High,High,B,53604,7.1,No,N/A,N/A
EQ00000055,SITE01,UNIT00001,AREA000003,SAFETY,Foam System,FOA-144,SN-41067722,Under Maintenance,2017,23,Alloy Steel,Pneumatic,Critical,High,C,23256,14.0,Some,Pump Bearing Grease,Manual
EQ00000056,SITE01,UNIT00001,AREA000001,INSTRUMENTATION,Pressure Transmitter,PRE-208,SN-32062036,Standby,2018,24,Alloy Steel,Pneumatic,High,High,A,141489,8.7,No,N/A,N/A
EQ00000057,SITE01,UNIT00001,AREA000002,STATIC,Pressure Vessel,PRE-573,SN-23677772,Active,2017,13,Carbon Steel,Electrical,Critical,Critical,A,35266,4.8,No,N/A,N/A
EQ00000058,SITE01,UNIT00001,AREA000002,PIPING,Pig Launcher/Receiver,PIG-610,SN-65296657,Under Maintenance,2020,25,Carbon Steel,Electrical,High,High,B,101405,3.4,No,N/A,N/A
EQ00000059,SITE01,UNIT00001,AREA000003,LIFTING,Forklift,FOR-338,SN-31424479,Active,2025,17,Stainless Steel,Hydraulic,High,High,C,194215,1.4,Yes,Wire Rope / Gear Grease,Manual
EQ00000060,SITE01,UNIT00001,AREA000001,STATIC,Boiler,BOI-338,SN-90753812,Active,2016,10,Cast Iron,Electrical,Critical,High,B,161991,4.9,No,N/A,N/A
EQ00000061,SITE01,UNIT00001,AREA000003,DRILLING,Wellhead,WEL-781,SN-89047551,Active,2019,22,Alloy Steel,Mixed,Critical,Critical,C,78205,3.1,Yes,EP Gear Oil / Grease,Grease gun / centralized
EQ00000062,SITE01,UNIT00001,AREA000002,ROTARY,Air Compressor,AIR-941,SN-99929175,Active,2017,24,Carbon Steel,Hydraulic,High,High,A,66415,16.7,Yes,Bearing Oil / Grease,Manual / auto-lube
EQ00000063,SITE01,UNIT00001,AREA000004,STATIC,Boiler,BOI-849,SN-20066654,Under Maintenance,2018,12,Alloy Steel,Process,Critical,High,C,127546,16.9,No,N/A,N/A
EQ00000064,SITE01,UNIT00001,AREA000003,WORKSHOP,Lathe Machine,LAT-584,SN-25503345,Active,2017,22,Cast Iron,Pneumatic,Medium,Medium,C,70469,2.3,Yes,Machine Oil / Grease,Manual
EQ00000065,SITE01,UNIT00001,AREA000004,ELECTRICAL,Switchgear,SWI-271,SN-38439415,Active,2018,14,Carbon Steel,Pneumatic,Critical,Critical,A,180077,10.5,Some,Bearing Grease,Manual
EQ00000066,SITE01,UNIT00001,AREA000001,LIFTING,Hoist,HOI-676,SN-23554707,Active,2017,27,Alloy Steel,Pneumatic,High,High,B,101412,15.7,Yes,Wire Rope / Gear Grease,Manual
EQ00000067,SITE01,UNIT00001,AREA000004,STATIC,Pressure Vessel,PRE-761,SN-21983878,Active,2025,24,Stainless Steel,Pneumatic,Critical,Critical,C,127998,18.3,No,N/A,N/A
EQ00000068,SITE01,UNIT00001,AREA000003,WORKSHOP,Welding Machine,WEL-267,SN-44716747,Active,2021,19,Carbon Steel,Pneumatic,Medium,High,A,43705,20.5,Yes,Machine Oil / Grease,Manual
EQ00000069,SITE01,UNIT00001,AREA000003,LIFTING,Mobile Crane,MOB-944,SN-93698993,Standby,2024,28,Carbon Steel,Electrical,Critical,Critical,C,174632,23.2,Yes,Wire Rope / Gear Grease,Manual
EQ00000070,SITE01,UNIT00001,AREA000004,WORKSHOP,Air Receiver,AIR-697,SN-86778235,Active,2016,20,Stainless Steel,Mixed,High,High,C,168330,18.9,Yes,Machine Oil / Grease,Manual
EQ00000071,SITE01,UNIT00001,AREA000001,WORKSHOP,Lathe Machine,LAT-299,SN-77172936,Active,2023,22,Alloy Steel,Pneumatic,Medium,Medium,A,40525,3.4,Yes,Machine Oil / Grease,Manual
EQ00000072,SITE01,UNIT00001,AREA000004,VEHICLE,Heavy Utility Vehicle,HEA-539,SN-74075580,Standby,2022,10,Carbon Steel,Process,Medium,Medium,A,192537,9.0,Yes,Engine / Gear Lubricant,Workshop service
EQ00000073,SITE01,UNIT00002,AREA000009,WORKSHOP,Grinding Machine,GRI-636,SN-55343466,Standby,2025,14,Alloy Steel,Pneumatic,Medium,High,B,197638,4.6,Yes,Machine Oil / Grease,Manual
EQ00000074,SITE01,UNIT00002,AREA000008,PRODUCTION,Produced Water Pump,PRO-778,SN-79834723,Active,2017,29,Stainless Steel,Pneumatic,High,Medium,A,135108,17.3,Yes,Process/Mechanical Lubricant,Manual / automated
EQ00000075,SITE01,UNIT00002,AREA000009,LIFTING,Mobile Crane,MOB-252,SN-22090691,Under Maintenance,2023,12,Carbon Steel,Hydraulic,Critical,Critical,C,61597,11.0,Yes,Wire Rope / Gear Grease,Manual
EQ00000076,SITE01,UNIT00002,AREA000008,INSTRUMENTATION,Control Valve,CON-955,SN-61769856,Standby,2020,23,Stainless Steel,Electrical,High,High,A,183496,17.5,No,N/A,N/A
EQ00000077,SITE01,UNIT00002,AREA000005,DRILLING,Cementing Unit,CEM-770,SN-52176303,Active,2020,26,Stainless Steel,Mixed,High,High,B,137078,12.6,Yes,EP Gear Oil / Grease,Grease gun / centralized
EQ00000078,SITE01,UNIT00002,AREA000009,VEHICLE,Heavy Utility Vehicle,HEA-663,SN-96344588,Standby,2019,22,Stainless Steel,Electrical,Medium,Medium,B,117441,19.3,Yes,Engine / Gear Lubricant,Workshop service
EQ00000079,SITE01,UNIT00002,AREA000007,WORKSHOP,Air Receiver,AIR-216,SN-23077775,Active,2023,10,Alloy Steel,Hydraulic,High,High,C,77541,13.2,Yes,Machine Oil / Grease,Manual
EQ00000080,SITE01,UNIT00002,AREA000009,ELECTRICAL,Switchgear,SWI-620,SN-33783708,Under Maintenance,2023,15,Stainless Steel,Electrical,Critical,Critical,B,173365,14.5,Some,Bearing Grease,Manual
EQ00000081,SITE01,UNIT00002,AREA000007,INSTRUMENTATION,Emergency Shutdown System,EME-827,SN-97253117,Active,2018,26,Alloy Steel,Mixed,Critical,Critical,A,93337,13.5,No,N/A,N/A
EQ00000082,SITE01,UNIT00002,AREA000005,STATIC,Fired Heater,FIR-496,SN-65910573,Active,2022,27,Carbon Steel,Electrical,Critical,Critical,C,66887,5.0,No,N/A,N/A
EQ00000083,SITE01,UNIT00002,AREA000009,PRODUCTION,Produced Water Pump,PRO-466,SN-19781894,Active,2024,26,Stainless Steel,Mechanical,High,Medium,C,18872,18.9,Yes,Process/Mechanical Lubricant,Manual / automated
EQ00000084,SITE01,UNIT00002,AREA000005,STATIC,Boiler,BOI-362,SN-82509424,Active,2022,10,Alloy Steel,Process,Critical,High,C,117800,11.7,No,N/A,N/A
EQ00000085,SITE01,UNIT00002,AREA000007,PRODUCTION,Produced Water Pump,PRO-189,SN-19831184,Active,2016,15,Alloy Steel,Process,High,Medium,A,151722,19.7,Yes,Process/Mechanical Lubricant,Manual / automated
EQ00000086,SITE01,UNIT00002,AREA000008,DRILLING,Top Drive,TOP-585,SN-30981381,Under Maintenance,2016,17,Stainless Steel,Mixed,Critical,Critical,B,144058,7.1,Yes,EP Gear Oil / Grease,Grease gun / centralized
EQ00000087,SITE01,UNIT00002,AREA000009,WORKSHOP,Welding Machine,WEL-971,SN-83665549,Standby,2016,30,Carbon Steel,Hydraulic,Medium,High,C,18658,6.1,Yes,Machine Oil / Grease,Manual
EQ00000088,SITE01,UNIT00002,AREA000008,INSTRUMENTATION,Emergency Shutdown System,EME-960,SN-58249394,Active,2020,20,Cast Iron,Pneumatic,Critical,Critical,B,95041,18.6,No,N/A,N/A
EQ00000089,SITE01,UNIT00002,AREA000008,LIFTING,Forklift,FOR-622,SN-22153955,Standby,2024,21,Carbon Steel,Mixed,High,High,A,161965,16.5,Yes,Wire Rope / Gear Grease,Manual
EQ00000090,SITE01,UNIT00002,AREA000009,ELECTRICAL,Motor Control Centre,MOT-954,SN-45341684,Under Maintenance,2020,27,Stainless Steel,Pneumatic,Critical,High,C,100226,8.8,Some,Bearing Grease,Manual
EQ00000091,SITE01,UNIT00002,AREA000009,INSTRUMENTATION,Gas Detector,GAS-776,SN-40916561,Standby,2017,20,Carbon Steel,Pneumatic,Critical,Critical,C,126518,11.5,No,N/A,N/A
EQ00000092,SITE01,UNIT00002,AREA000008,LIFTING,Forklift,FOR-582,SN-74648438,Active,2025,17,Cast Iron,Process,High,High,A,153737,19.7,Yes,Wire Rope / Gear Grease,Manual
EQ00000093,SITE01,UNIT00002,AREA000009,LIFTING,Forklift,FOR-139,SN-81327320,Under Maintenance,2025,13,Carbon Steel,Pneumatic,High,High,C,35164,21.7,Yes,Wire Rope / Gear Grease,Manual
EQ00000094,SITE01,UNIT00002,AREA000009,PRODUCTION,Gas Compressor,GAS-518,SN-44601998,Active,2024,10,Carbon Steel,Process,Critical,Critical,C,31888,12.5,Yes,Process/Mechanical Lubricant,Manual / automated
EQ00000095,SITE01,UNIT00002,AREA000006,VEHICLE,Heavy Utility Vehicle,HEA-510,SN-55424358,Under Maintenance,2024,29,Carbon Steel,Mechanical,Medium,Medium,B,167691,0.2,Yes,Engine / Gear Lubricant,Workshop service
EQ00000096,SITE01,UNIT00002,AREA000005,LIFTING,Forklift,FOR-970,SN-98165507,Under Maintenance,2019,19,Stainless Steel,Electrical,High,High,C,134837,12.4,Yes,Wire Rope / Gear Grease,Manual
EQ00000097,SITE01,UNIT00002,AREA000009,LIFTING,Forklift,FOR-456,SN-56637316,Active,2025,17,Stainless Steel,Pneumatic,High,High,B,151708,0.2,Yes,Wire Rope / Gear Grease,Manual
EQ00000098,SITE01,UNIT00002,AREA000005,DRILLING,Blowout Preventer,BLO-748,SN-39579214,Active,2022,20,Cast Iron,Hydraulic,Critical,Critical,C,141417,0.3,Yes,EP Gear Oil / Grease,Grease gun / centralized
EQ00000099,SITE01,UNIT00002,AREA000006,STATIC,Fired Heater,FIR-464,SN-30937370,Active,2025,13,Carbon Steel,Mixed,Critical,Critical,C,130149,14.8,No,N/A,N/A
EQ00000100,SITE01,UNIT00002,AREA000009,WORKSHOP,Hydraulic Press,HYD-423,SN-11129926,Active,2023,16,Cast Iron,Process,Medium,High,A,86311,8.7,Yes,Machine Oil / Grease,Manual
EQ00000101,SITE01,UNIT00002,AREA000005,PIPING,Pig Launcher/Receiver,PIG-531,SN-77054885,Active,2018,30,Alloy Steel,Pneumatic,High,High,B,66791,13.5,No,N/A,N/A
EQ00000102,SITE01,UNIT00002,AREA000009,ROTARY,Positive Displacement Pump,POS-278,SN-48199537,Active,2024,20,Cast Iron,Mixed,High,High,B,21554,9.2,Yes,Bearing Oil / Grease,Manual / auto-lube
EQ00000103,SITE01,UNIT00002,AREA000006,ROTARY,Diesel Generator,DIE-205,SN-22825003,Active,2022,25,Carbon Steel,Electrical,High,High,B,138358,18.4,Yes,Bearing Oil / Grease,Manual / auto-lube
EQ00000104,SITE01,UNIT00002,AREA000007,WORKSHOP,Hydraulic Press,HYD-578,SN-82555977,Active,2023,27,Cast Iron,Mechanical,Medium,High,C,142371,4.3,Yes,Machine Oil / Grease,Manual
EQ00000105,SITE01,UNIT00002,AREA000006,SAFETY,Fire Alarm Panel,FIR-661,SN-60149632,Active,2016,23,Cast Iron,Pneumatic,High,High,A,43800,17.2,Some,Pump Bearing Grease,Manual
EQ00000106,SITE01,UNIT00002,AREA000007,LIFTING,Hoist,HOI-832,SN-68843284,Active,2018,17,Carbon Steel,Mechanical,High,High,A,130388,5.3,Yes,Wire Rope / Gear Grease,Manual
EQ00000107,SITE01,UNIT00002,AREA000005,WORKSHOP,Grinding Machine,GRI-781,SN-37977300,Standby,2024,22,Alloy Steel,Hydraulic,Medium,High,A,165931,17.5,Yes,Machine Oil / Grease,Manual
EQ00000108,SITE01,UNIT00002,AREA000008,STATIC,Storage Tank,STO-258,SN-59848284,Active,2025,17,Stainless Steel,Pneumatic,Critical,High,A,180816,14.9,No,N/A,N/A
EQ00000109,SITE01,UNIT00002,AREA000005,LIFTING,Forklift,FOR-823,SN-68720256,Under Maintenance,2023,19,Cast Iron,Mechanical,High,High,C,49923,13.1,Yes,Wire Rope / Gear Grease,Manual
EQ00000110,SITE01,UNIT00002,AREA000009,STATIC,Boiler,BOI-884,SN-84016756,Active,2023,29,Alloy Steel,Hydraulic,Critical,High,B,169009,7.8,No,N/A,N/A
EQ00000111,SITE01,UNIT00002,AREA000008,STATIC,Storage Tank,STO-579,SN-95753950,Active,2017,21,Cast Iron,Hydraulic,Critical,High,C,16283,19.8,No,N/A,N/A
EQ00000112,SITE01,UNIT00002,AREA000008,PRODUCTION,Three-Phase Separator,THR-206,SN-32388767,Active,2022,27,Cast Iron,Process,Critical,High,B,173368,3.9,Yes,Process/Mechanical Lubricant,Manual / automated
EQ00000113,SITE01,UNIT00002,AREA000007,DRILLING,Top Drive,TOP-407,SN-39781129,Active,2016,20,Carbon Steel,Mixed,Critical,Critical,B,146139,12.3,Yes,EP Gear Oil / Grease,Grease gun / centralized
EQ00000114,SITE01,UNIT00002,AREA000009,PRODUCTION,Gas Compressor,GAS-180,SN-17505818,Active,2022,21,Cast Iron,Pneumatic,Critical,Critical,A,60432,18.0,Yes,Process/Mechanical Lubricant,Manual / automated
EQ00000115,SITE01,UNIT00002,AREA000008,DRILLING,Mud Pump,MUD-235,SN-55119729,Active,2018,25,Carbon Steel,Process,Critical,High,B,69827,2.1,Yes,EP Gear Oil / Grease,Grease gun / centralized
EQ00000116,SITE01,UNIT00002,AREA000006,INSTRUMENTATION,Emergency Shutdown System,EME-145,SN-41338443,Active,2023,21,Stainless Steel,Mixed,Critical,Critical,A,30457,17.8,No,N/A,N/A
EQ00000117,SITE01,UNIT00002,AREA000006,VEHICLE,Oil Tanker,OIL-390,SN-36936968,Under Maintenance,2016,18,Carbon Steel,Pneumatic,High,Critical,C,3184,1.7,Yes,Engine / Gear Lubricant,Workshop service
EQ00000118,SITE01,UNIT00002,AREA000009,VEHICLE,Emergency Response Vehicle,EME-441,SN-75757673,Standby,2020,15,Carbon Steel,Hydraulic,High,High,C,93251,8.6,Yes,Engine / Gear Lubricant,Workshop service
EQ00000119,SITE01,UNIT00002,AREA000009,LIFTING,Mobile Crane,MOB-559,SN-82777382,Active,2021,16,Stainless Steel,Process,Critical,Critical,C,180319,19.2,Yes,Wire Rope / Gear Grease,Manual
EQ00000120,SITE01,UNIT00002,AREA000005,ELECTRICAL,Industrial Motor,IND-731,SN-45817693,Under Maintenance,2025,28,Stainless Steel,Process,High,High,A,61532,16.5,Some,Bearing Grease,Manual
EQ00000121,SITE01,UNIT00002,AREA000009,WORKSHOP,Welding Machine,WEL-804,SN-53606752,Standby,2023,17,Cast Iron,Pneumatic,Medium,High,A,160365,17.7,Yes,Machine Oil / Grease,Manual
EQ00000122,SITE01,UNIT00002,AREA000009,ENVIRONMENT,Effluent Treatment Unit,EFF-284,SN-88577462,Under Maintenance,2017,14,Cast Iron,Pneumatic,High,Medium,B,119197,0.7,Yes,Pump Bearing Grease,Manual
EQ00000123,SITE01,UNIT00002,AREA000007,INSTRUMENTATION,Emergency Shutdown System,EME-992,SN-98520663,Active,2025,15,Stainless Steel,Mechanical,Critical,Critical,C,14450,10.1,No,N/A,N/A
EQ00000124,SITE01,UNIT00002,AREA000006,ELECTRICAL,UPS System,UPS-156,SN-97681338,Active,2018,11,Stainless Steel,Electrical,Medium,Medium,C,152543,20.1,Some,Bearing Grease,Manual
EQ00000125,SITE01,UNIT00002,AREA000005,WORKSHOP,Welding Machine,WEL-437,SN-80739820,Standby,2020,26,Stainless Steel,Mixed,Medium,High,A,161446,1.5,Yes,Machine Oil / Grease,Manual
EQ00000126,SITE01,UNIT00002,AREA000005,INSTRUMENTATION,Pressure Transmitter,PRE-918,SN-92585240,Standby,2019,23,Carbon Steel,Hydraulic,High,High,B,147909,19.4,No,N/A,N/A
EQ00000127,SITE01,UNIT00002,AREA000005,INSTRUMENTATION,Control Valve,CON-593,SN-30855594,Standby,2018,27,Alloy Steel,Pneumatic,High,High,B,195664,1.4,No,N/A,N/A
EQ00000128,SITE01,UNIT00002,AREA000008,DRILLING,Top Drive,TOP-480,SN-70653840,Active,2019,16,Alloy Steel,Mechanical,Critical,Critical,A,99098,18.9,Yes,EP Gear Oil / Grease,Grease gun / centralized
EQ00000129,SITE01,UNIT00002,AREA000009,PRODUCTION,Produced Water Pump,PRO-104,SN-51739205,Active,2017,29,Carbon Steel,Hydraulic,High,Medium,B,13095,2.6,Yes,Process/Mechanical Lubricant,Manual / automated
EQ00000130,SITE01,UNIT00002,AREA000009,PRODUCTION,Gas Dehydration Unit,GAS-653,SN-69545378,Active,2021,14,Carbon Steel,Pneumatic,High,High,C,14226,2.6,Yes,Process/Mechanical Lubricant,Manual / automated
EQ00000131,SITE01,UNIT00002,AREA000008,WORKSHOP,Welding Machine,WEL-566,SN-51660066,Standby,2017,25,Stainless Steel,Mechanical,Medium,High,A,162727,6.3,Yes,Machine Oil / Grease,Manual
EQ00000132,SITE01,UNIT00002,AREA000009,LIFTING,Mobile Crane,MOB-344,SN-93332410,Active,2022,27,Stainless Steel,Pneumatic,Critical,Critical,B,18317,8.2,Yes,Wire Rope / Gear Grease,Manual
EQ00000133,SITE01,UNIT00002,AREA000009,DRILLING,Blowout Preventer,BLO-499,SN-92620697,Under Maintenance,2020,24,Stainless Steel,Mechanical,Critical,Critical,C,83994,7.3,Yes,EP Gear Oil / Grease,Grease gun / centralized
EQ00000134,SITE01,UNIT00002,AREA000006,WORKSHOP,Hydraulic Press,HYD-242,SN-35263378,Under Maintenance,2023,22,Alloy Steel,Pneumatic,Medium,High,A,76620,23.9,Yes,Machine Oil / Grease,Manual
EQ00000135,SITE01,UNIT00002,AREA000009,LIFTING,Overhead Crane,OVE-691,SN-76861495,Active,2016,26,Alloy Steel,Pneumatic,High,Critical,C,152087,8.9,Yes,Wire Rope / Gear Grease,Manual
EQ00000136,SITE01,UNIT00002,AREA000008,INSTRUMENTATION,Control Valve,CON-800,SN-95052118,Under Maintenance,2017,28,Alloy Steel,Process,High,High,A,91058,12.9,No,N/A,N/A
EQ00000137,SITE01,UNIT00002,AREA000005,ROTARY,Positive Displacement Pump,POS-928,SN-93794410,Active,2020,19,Cast Iron,Electrical,High,High,A,133538,1.9,Yes,Bearing Oil / Grease,Manual / auto-lube
EQ00000138,SITE01,UNIT00002,AREA000008,ENVIRONMENT,Effluent Treatment Unit,EFF-776,SN-69080631,Active,2019,16,Alloy Steel,Electrical,High,Medium,C,70309,18.2,Yes,Pump Bearing Grease,Manual
EQ00000139,SITE01,UNIT00002,AREA000008,ELECTRICAL,UPS System,UPS-767,SN-46586490,Active,2025,18,Alloy Steel,Electrical,Medium,Medium,B,172532,14.1,Some,Bearing Grease,Manual
EQ00000140,SITE01,UNIT00002,AREA000009,ROTARY,Centrifugal Pump,CEN-213,SN-34731360,Active,2018,19,Cast Iron,Mixed,High,High,A,168452,10.9,Yes,Bearing Oil / Grease,Manual / auto-lube
EQ00000141,SITE01,UNIT00002,AREA000008,DRILLING,Drilling Rig,DRI-205,SN-14678950,Active,2020,12,Alloy Steel,Pneumatic,Critical,High,A,131469,3.7,Yes,EP Gear Oil / Grease,Grease gun / centralized
EQ00000142,SITE01,UNIT00002,AREA000008,VEHICLE,Oil Tanker,OIL-224,SN-86134185,Under Maintenance,2023,21,Alloy Steel,Mixed,High,Critical,B,106018,1.4,Yes,Engine / Gear Lubricant,Workshop service
EQ00000143,SITE01,UNIT00002,AREA000009,INSTRUMENTATION,Control Valve,CON-600,SN-62179495,Active,2019,27,Alloy Steel,Pneumatic,High,High,C,118783,23.2,No,N/A,N/A
EQ00000144,SITE01,UNIT00002,AREA000005,LIFTING,Hoist,HOI-733,SN-16147399,Active,2023,30,Stainless Steel,Electrical,High,High,A,166848,1.3,Yes,Wire Rope / Gear Grease,Manual
EQ00000145,SITE01,UNIT00002,AREA000007,DRILLING,Mud Pump,MUD-875,SN-65721070,Active,2018,21,Stainless Steel,Pneumatic,Critical,High,A,153564,1.1,Yes,EP Gear Oil / Grease,Grease gun / centralized
EQ00000146,SITE01,UNIT00002,AREA000006,PRODUCTION,Gas Compressor,GAS-808,SN-15049433,Under Maintenance,2025,15,Cast Iron,Process,Critical,Critical,A,165414,19.9,Yes,Process/Mechanical Lubricant,Manual / automated
EQ00000147,SITE01,UNIT00002,AREA000006,PRODUCTION,Three-Phase Separator,THR-357,SN-54868265,Under Maintenance,2022,24,Carbon Steel,Electrical,Critical,High,C,14751,22.2,Yes,Process/Mechanical Lubricant,Manual / automated
EQ00000148,SITE01,UNIT00002,AREA000006,DRILLING,Blowout Preventer,BLO-325,SN-19868991,Standby,2022,28,Cast Iron,Electrical,Critical,Critical,B,38995,5.3,Yes,EP Gear Oil / Grease,Grease gun / centralized
EQ00000149,SITE01,UNIT00002,AREA000006,SAFETY,Fire Water Pump,FIR-584,SN-72110987,Active,2025,10,Cast Iron,Mixed,Critical,Critical,A,65967,7.9,Some,Pump Bearing Grease,Manual
EQ00000150,SITE01,UNIT00002,AREA000006,WORKSHOP,Welding Machine,WEL-116,SN-74395377,Active,2017,15,Cast Iron,Process,Medium,High,C,154002,0.7,Yes,Machine Oil / Grease,Manual
EQ00000151,SITE01,UNIT00002,AREA000005,ROTARY,Diesel Generator,DIE-492,SN-59068774,Standby,2017,29,Carbon Steel,Hydraulic,High,High,B,46945,15.6,Yes,Bearing Oil / Grease,Manual / auto-lube
EQ00000152,SITE01,UNIT00002,AREA000007,ENVIRONMENT,Effluent Treatment Unit,EFF-563,SN-75260270,Under Maintenance,2021,26,Carbon Steel,Pneumatic,High,Medium,C,140435,16.3,Yes,Pump Bearing Grease,Manual
EQ00000153,SITE01,UNIT00002,AREA000005,ELECTRICAL,Motor Control Centre,MOT-293,SN-18448940,Active,2020,17,Alloy Steel,Pneumatic,Critical,High,C,90860,15.8,Some,Bearing Grease,Manual
EQ00000154,SITE01,UNIT00002,AREA000005,DRILLING,Mud Tank,MUD-688,SN-26974987,Standby,2021,18,Alloy Steel,Mechanical,High,Medium,A,148452,17.0,Yes,EP Gear Oil / Grease,Grease gun / centralized
EQ00000155,SITE01,UNIT00002,AREA000009,INSTRUMENTATION,Gas Detector,GAS-415,SN-13328008,Standby,2017,29,Stainless Steel,Pneumatic,Critical,Critical,B,25243,7.9,No,N/A,N/A
EQ00000156,SITE01,UNIT00002,AREA000007,SAFETY,Fire Water Pump,FIR-459,SN-51350514,Standby,2021,27,Carbon Steel,Mechanical,Critical,Critical,C,117449,17.8,Some,Pump Bearing Grease,Manual
EQ00000157,SITE01,UNIT00002,AREA000008,SAFETY,Fire Alarm Panel,FIR-942,SN-50532800,Under Maintenance,2016,19,Cast Iron,Process,High,High,C,122491,5.5,Some,Pump Bearing Grease,Manual
EQ00000158,SITE01,UNIT00002,AREA000009,SAFETY,Fire Hydrant,FIR-695,SN-74489726,Under Maintenance,2021,23,Alloy Steel,Mixed,High,High,C,125791,23.4,Some,Pump Bearing Grease,Manual
EQ00000159,SITE01,UNIT00002,AREA000005,PRODUCTION,Gas Sweetening Unit,GAS-298,SN-94292753,Active,2024,13,Stainless Steel,Process,Critical,High,B,83892,19.9,Yes,Process/Mechanical Lubricant,Manual / automated
EQ00000160,SITE01,UNIT00002,AREA000005,SAFETY,Foam System,FOA-938,SN-27613681,Active,2017,25,Alloy Steel,Hydraulic,Critical,High,C,96045,3.4,Some,Pump Bearing Grease,Manual
EQ00000161,SITE01,UNIT00002,AREA000005,LIFTING,Mobile Crane,MOB-144,SN-18891570,Active,2020,10,Carbon Steel,Electrical,Critical,Critical,C,54844,14.1,Yes,Wire Rope / Gear Grease,Manual
EQ00000162,SITE01,UNIT00002,AREA000006,DRILLING,Top Drive,TOP-275,SN-82091897,Active,2020,13,Stainless Steel,Process,Critical,Critical,C,125443,8.9,Yes,EP Gear Oil / Grease,Grease gun / centralized
EQ00000163,SITE01,UNIT00002,AREA000007,SAFETY,Fire Alarm Panel,FIR-714,SN-51876858,Standby,2023,17,Cast Iron,Hydraulic,High,High,B,50488,20.6,Some,Pump Bearing Grease,Manual
EQ00000164,SITE01,UNIT00002,AREA000009,ELECTRICAL,Industrial Motor,IND-250,SN-71020042,Active,2020,13,Alloy Steel,Pneumatic,High,High,B,61508,15.1,Some,Bearing Grease,Manual
EQ00000165,SITE01,UNIT00002,AREA000009,ELECTRICAL,Transformer,TRA-118,SN-14241081,Standby,2024,13,Cast Iron,Pneumatic,Critical,High,B,99654,10.7,Some,Bearing Grease,Manual
EQ00000166,SITE01,UNIT00002,AREA000009,INSTRUMENTATION,Control Valve,CON-731,SN-57347151,Active,2022,20,Carbon Steel,Electrical,High,High,C,12827,3.2,No,N/A,N/A
EQ00000167,SITE01,UNIT00002,AREA000008,ELECTRICAL,Switchgear,SWI-681,SN-79089893,Standby,2022,18,Carbon Steel,Mixed,Critical,Critical,B,155137,0.6,Some,Bearing Grease,Manual
EQ00000168,SITE01,UNIT00002,AREA000008,LIFTING,Overhead Crane,OVE-739,SN-22342371,Under Maintenance,2019,13,Alloy Steel,Hydraulic,High,Critical,A,149485,19.2,Yes,Wire Rope / Gear Grease,Manual
EQ00000169,SITE01,UNIT00002,AREA000008,PIPING,Pig Launcher/Receiver,PIG-346,SN-30196097,Active,2018,23,Cast Iron,Hydraulic,High,High,A,167180,5.0,No,N/A,N/A
EQ00000170,SITE01,UNIT00002,AREA000005,PRODUCTION,Produced Water Pump,PRO-716,SN-49994087,Active,2021,23,Alloy Steel,Mixed,High,Medium,C,24673,9.6,Yes,Process/Mechanical Lubricant,Manual / automated
EQ00000171,SITE01,UNIT00003,AREA000014,PRODUCTION,Gas Compressor,GAS-157,SN-75814814,Under Maintenance,2025,21,Carbon Steel,Hydraulic,Critical,Critical,C,112091,11.4,Yes,Process/Mechanical Lubricant,Manual / automated
EQ00000172,SITE01,UNIT00003,AREA000014,ELECTRICAL,UPS System,UPS-192,SN-41602967,Active,2020,16,Stainless Steel,Pneumatic,Medium,Medium,C,84147,21.1,Some,Bearing Grease,Manual
EQ00000173,SITE01,UNIT00003,AREA000011,DRILLING,Top Drive,TOP-261,SN-43501223,Under Maintenance,2017,30,Stainless Steel,Process,Critical,Critical,C,108561,19.0,Yes,EP Gear Oil / Grease,Grease gun / centralized
EQ00000174,SITE01,UNIT00003,AREA000016,ELECTRICAL,Switchgear,SWI-366,SN-30032157,Active,2025,21,Stainless Steel,Process,Critical,Critical,A,4700,17.3,Some,Bearing Grease,Manual
EQ00000175,SITE01,UNIT00003,AREA000015,DRILLING,Top Drive,TOP-803,SN-38483372,Standby,2022,23,Alloy Steel,Electrical,Critical,Critical,A,147014,1.5,Yes,EP Gear Oil / Grease,Grease gun / centralized
EQ00000176,SITE01,UNIT00003,AREA000015,ELECTRICAL,Motor Control Centre,MOT-235,SN-22032348,Active,2023,26,Cast Iron,Mechanical,Critical,High,B,31629,7.6,Some,Bearing Grease,Manual
EQ00000177,SITE01,UNIT00003,AREA000012,PRODUCTION,Crude Oil Pump,CRU-546,SN-25572483,Standby,2023,11,Cast Iron,Hydraulic,High,High,C,148024,11.7,Yes,Process/Mechanical Lubricant,Manual / automated
EQ00000178,SITE01,UNIT00003,AREA000015,ELECTRICAL,Transformer,TRA-208,SN-53424580,Active,2025,10,Carbon Steel,Pneumatic,Critical,High,C,173894,11.6,Some,Bearing Grease,Manual
EQ00000179,SITE01,UNIT00003,AREA000016,WORKSHOP,Welding Machine,WEL-391,SN-96861418,Active,2022,13,Alloy Steel,Pneumatic,Medium,High,B,193908,19.4,Yes,Machine Oil / Grease,Manual
EQ00000180,SITE01,UNIT00003,AREA000017,ENVIRONMENT,Oil Water Separator,OIL-252,SN-27151649,Active,2020,17,Cast Iron,Hydraulic,High,Medium,C,13511,13.3,Yes,Pump Bearing Grease,Manual
EQ00000181,SITE01,UNIT00003,AREA000017,WORKSHOP,Lathe Machine,LAT-738,SN-45577682,Active,2023,15,Stainless Steel,Mechanical,Medium,Medium,A,196829,23.6,Yes,Machine Oil / Grease,Manual
EQ00000182,SITE01,UNIT00003,AREA000013,ELECTRICAL,UPS System,UPS-935,SN-12132081,Active,2017,10,Stainless Steel,Pneumatic,Medium,Medium,C,39051,15.6,Some,Bearing Grease,Manual
EQ00000183,SITE01,UNIT00003,AREA000017,DRILLING,Cementing Unit,CEM-831,SN-18147644,Under Maintenance,2019,10,Cast Iron,Process,High,High,B,146032,1.6,Yes,EP Gear Oil / Grease,Grease gun / centralized
EQ00000184,SITE01,UNIT00003,AREA000017,ELECTRICAL,Transformer,TRA-277,SN-36774319,Active,2018,29,Cast Iron,Electrical,Critical,High,B,130427,7.4,Some,Bearing Grease,Manual
EQ00000185,SITE01,UNIT00003,AREA000010,INSTRUMENTATION,Gas Detector,GAS-918,SN-71355706,Active,2023,13,Carbon Steel,Process,Critical,Critical,A,133987,2.6,No,N/A,N/A
EQ00000186,SITE01,UNIT00003,AREA000010,DRILLING,Drawworks,DRA-954,SN-73574016,Active,2019,19,Stainless Steel,Electrical,Critical,Critical,B,98631,17.2,Yes,EP Gear Oil / Grease,Grease gun / centralized
EQ00000187,SITE01,UNIT00003,AREA000012,PRODUCTION,Gas Compressor,GAS-159,SN-94772931,Under Maintenance,2025,19,Cast Iron,Pneumatic,Critical,Critical,C,184707,13.3,Yes,Process/Mechanical Lubricant,Manual / automated
EQ00000188,SITE01,UNIT00003,AREA000012,INSTRUMENTATION,Gas Detector,GAS-653,SN-48108152,Active,2024,12,Alloy Steel,Process,Critical,Critical,B,199455,15.3,No,N/A,N/A
EQ00000189,SITE01,UNIT00003,AREA000014,ENVIRONMENT,Effluent Treatment Unit,EFF-854,SN-10699730,Standby,2025,20,Stainless Steel,Mixed,High,Medium,C,149267,17.2,Yes,Pump Bearing Grease,Manual
EQ00000190,SITE01,UNIT00003,AREA000015,SAFETY,Fire Hydrant,FIR-512,SN-88952163,Under Maintenance,2024,26,Cast Iron,Hydraulic,High,High,C,131764,15.3,Some,Pump Bearing Grease,Manual
EQ00000191,SITE01,UNIT00003,AREA000014,PIPING,Pig Launcher/Receiver,PIG-128,SN-29175605,Active,2023,28,Cast Iron,Electrical,High,High,B,75313,5.3,No,N/A,N/A
EQ00000192,SITE01,UNIT00003,AREA000011,PRODUCTION,Three-Phase Separator,THR-824,SN-13329148,Under Maintenance,2018,30,Alloy Steel,Process,Critical,High,C,33448,15.5,Yes,Process/Mechanical Lubricant,Manual / automated
EQ00000193,SITE01,UNIT00003,AREA000010,PIPING,Process Pipeline,PRO-982,SN-13122340,Active,2023,23,Stainless Steel,Pneumatic,Critical,High,A,139386,7.7,No,N/A,N/A
EQ00000194,SITE01,UNIT00003,AREA000016,ROTARY,Centrifugal Pump,CEN-375,SN-18137886,Active,2017,24,Cast Iron,Electrical,High,High,B,8577,9.8,Yes,Bearing Oil / Grease,Manual / auto-lube
EQ00000195,SITE01,UNIT00003,AREA000010,PIPING,Process Pipeline,PRO-949,SN-93312959,Active,2023,30,Stainless Steel,Electrical,Critical,High,A,127402,6.6,No,N/A,N/A
EQ00000196,SITE01,UNIT00003,AREA000013,STATIC,Fired Heater,FIR-713,SN-54084785,Active,2023,14,Carbon Steel,Process,Critical,Critical,B,2121,21.6,No,N/A,N/A
EQ00000197,SITE01,UNIT00003,AREA000013,SAFETY,Foam System,FOA-109,SN-39732013,Active,2023,18,Alloy Steel,Mechanical,Critical,High,A,161810,15.0,Some,Pump Bearing Grease,Manual
EQ00000198,SITE01,UNIT00003,AREA000011,DRILLING,Drilling Rig,DRI-365,SN-86491124,Active,2018,26,Alloy Steel,Mechanical,Critical,High,C,7060,23.8,Yes,EP Gear Oil / Grease,Grease gun / centralized
EQ00000199,SITE01,UNIT00003,AREA000011,DRILLING,Mud Tank,MUD-927,SN-13405363,Active,2025,23,Carbon Steel,Mechanical,High,Medium,A,44117,8.0,Yes,EP Gear Oil / Grease,Grease gun / centralized
EQ00000200,SITE01,UNIT00003,AREA000011,ROTARY,Diesel Generator,DIE-162,SN-14475312,Standby,2017,20,Carbon Steel,Mechanical,High,High,A,116846,1.4,Yes,Bearing Oil / Grease,Manual / auto-lube
EQ00000201,SITE01,UNIT00003,AREA000013,ROTARY,Air Compressor,AIR-229,SN-95545512,Under Maintenance,2025,18,Alloy Steel,Pneumatic,High,High,B,190955,14.9,Yes,Bearing Oil / Grease,Manual / auto-lube
EQ00000202,SITE01,UNIT00003,AREA000015,PRODUCTION,Gas Dehydration Unit,GAS-305,SN-95973808,Active,2019,12,Alloy Steel,Mechanical,High,High,C,125708,16.7,Yes,Process/Mechanical Lubricant,Manual / automated
EQ00000203,SITE01,UNIT00003,AREA000014,SAFETY,Fire Water Pump,FIR-299,SN-94736292,Under Maintenance,2023,21,Carbon Steel,Electrical,Critical,Critical,A,52858,6.9,Some,Pump Bearing Grease,Manual
EQ00000204,SITE01,UNIT00003,AREA000011,PIPING,Pig Launcher/Receiver,PIG-247,SN-27554964,Active,2017,16,Cast Iron,Mixed,High,High,B,84349,14.4,No,N/A,N/A
EQ00000205,SITE01,UNIT00003,AREA000015,INSTRUMENTATION,Control Valve,CON-631,SN-72312899,Active,2023,20,Alloy Steel,Process,High,High,C,127693,17.2,No,N/A,N/A
EQ00000206,SITE01,UNIT00003,AREA000017,WORKSHOP,Air Receiver,AIR-542,SN-64888712,Active,2023,25,Alloy Steel,Hydraulic,High,High,B,7479,4.4,Yes,Machine Oil / Grease,Manual
EQ00000207,SITE01,UNIT00003,AREA000014,ELECTRICAL,Motor Control Centre,MOT-888,SN-50194740,Active,2016,21,Cast Iron,Pneumatic,Critical,High,C,199654,15.8,Some,Bearing Grease,Manual
EQ00000208,SITE01,UNIT00003,AREA000015,DRILLING,Drawworks,DRA-330,SN-66257000,Standby,2021,22,Alloy Steel,Hydraulic,Critical,Critical,C,7092,13.7,Yes,EP Gear Oil / Grease,Grease gun / centralized
EQ00000209,SITE01,UNIT00003,AREA000014,DRILLING,Cementing Unit,CEM-275,SN-24000677,Under Maintenance,2017,15,Carbon Steel,Mixed,High,High,C,129087,0.7,Yes,EP Gear Oil / Grease,Grease gun / centralized
EQ00000210,SITE01,UNIT00003,AREA000017,DRILLING,Cementing Unit,CEM-718,SN-87187458,Active,2018,28,Stainless Steel,Process,High,High,C,180525,11.1,Yes,EP Gear Oil / Grease,Grease gun / centralized
EQ00000211,SITE01,UNIT00003,AREA000016,DRILLING,Cementing Unit,CEM-815,SN-86318249,Active,2018,22,Carbon Steel,Mechanical,High,High,A,72768,21.2,Yes,EP Gear Oil / Grease,Grease gun / centralized
EQ00000212,SITE01,UNIT00003,AREA000012,PRODUCTION,Gas Dehydration Unit,GAS-786,SN-72309982,Standby,2021,24,Carbon Steel,Electrical,High,High,C,173234,5.9,Yes,Process/Mechanical Lubricant,Manual / automated
EQ00000213,SITE01,UNIT00003,AREA000010,SAFETY,Fire Water Pump,FIR-104,SN-16531664,Standby,2025,16,Stainless Steel,Hydraulic,Critical,Critical,A,53425,2.3,Some,Pump Bearing Grease,Manual
EQ00000214,SITE01,UNIT00003,AREA000017,PIPING,Relief Valve,REL-167,SN-98310124,Active,2019,30,Alloy Steel,Electrical,Critical,Critical,A,58294,9.9,No,N/A,N/A
EQ00000215,SITE01,UNIT00003,AREA000011,WORKSHOP,Air Receiver,AIR-342,SN-67512010,Active,2020,29,Carbon Steel,Electrical,High,High,A,99179,12.0,Yes,Machine Oil / Grease,Manual
EQ00000216,SITE01,UNIT00003,AREA000010,SAFETY,Fire Water Pump,FIR-920,SN-39855935,Under Maintenance,2019,22,Alloy Steel,Mechanical,Critical,Critical,B,166093,0.2,Some,Pump Bearing Grease,Manual
EQ00000217,SITE01,UNIT00003,AREA000016,STATIC,Storage Tank,STO-582,SN-69240493,Standby,2018,26,Cast Iron,Mechanical,Critical,High,B,6193,18.3,No,N/A,N/A
EQ00000218,SITE01,UNIT00003,AREA000011,DRILLING,Top Drive,TOP-679,SN-31791910,Active,2022,23,Alloy Steel,Mixed,Critical,Critical,B,134590,17.0,Yes,EP Gear Oil / Grease,Grease gun / centralized
EQ00000219,SITE01,UNIT00003,AREA000011,ENVIRONMENT,Oil Water Separator,OIL-293,SN-66766698,Active,2024,23,Alloy Steel,Mixed,High,Medium,B,132241,23.2,Yes,Pump Bearing Grease,Manual
EQ00000220,SITE01,UNIT00003,AREA000012,INSTRUMENTATION,Gas Detector,GAS-598,SN-34425523,Under Maintenance,2019,13,Cast Iron,Process,Critical,Critical,A,49663,4.9,No,N/A,N/A
EQ00000221,SITE01,UNIT00003,AREA000010,DRILLING,Cementing Unit,CEM-717,SN-79803166,Active,2022,25,Cast Iron,Hydraulic,High,High,C,113578,8.1,Yes,EP Gear Oil / Grease,Grease gun / centralized
EQ00000222,SITE01,UNIT00003,AREA000015,DRILLING,Top Drive,TOP-926,SN-53691252,Standby,2016,17,Cast Iron,Pneumatic,Critical,Critical,C,161587,19.1,Yes,EP Gear Oil / Grease,Grease gun / centralized
EQ00000223,SITE01,UNIT00003,AREA000013,INSTRUMENTATION,Gas Detector,GAS-871,SN-98549488,Active,2018,13,Cast Iron,Mixed,Critical,Critical,A,43004,22.3,No,N/A,N/A
EQ00000224,SITE01,UNIT00003,AREA000011,WORKSHOP,Welding Machine,WEL-858,SN-89483803,Active,2021,13,Alloy Steel,Mechanical,Medium,High,B,100665,13.9,Yes,Machine Oil / Grease,Manual
EQ00000225,SITE01,UNIT00003,AREA000014,PIPING,Pipeline Valve,PIP-864,SN-99301859,Active,2018,29,Alloy Steel,Hydraulic,High,High,C,181512,3.1,No,N/A,N/A
EQ00000226,SITE01,UNIT00003,AREA000012,PIPING,Pig Launcher/Receiver,PIG-870,SN-87897778,Active,2021,19,Cast Iron,Mixed,High,High,A,152298,3.4,No,N/A,N/A
EQ00000227,SITE01,UNIT00003,AREA000013,STATIC,Storage Tank,STO-600,SN-50626311,Under Maintenance,2022,15,Cast Iron,Mixed,Critical,High,C,173626,2.2,No,N/A,N/A
EQ00000228,SITE01,UNIT00003,AREA000010,VEHICLE,Emergency Response Vehicle,EME-669,SN-81996642,Under Maintenance,2022,25,Carbon Steel,Process,High,High,C,142290,17.2,Yes,Engine / Gear Lubricant,Workshop service
EQ00000229,SITE01,UNIT00003,AREA000014,ENVIRONMENT,Effluent Treatment Unit,EFF-555,SN-28771026,Under Maintenance,2024,25,Alloy Steel,Process,High,Medium,B,159904,13.0,Yes,Pump Bearing Grease,Manual
EQ00000230,SITE01,UNIT00003,AREA000016,DRILLING,Blowout Preventer,BLO-509,SN-71212377,Active,2018,18,Cast Iron,Mixed,Critical,Critical,A,141484,5.0,Yes,EP Gear Oil / Grease,Grease gun / centralized
EQ00000231,SITE01,UNIT00003,AREA000015,SAFETY,Fire Alarm Panel,FIR-249,SN-40301728,Active,2020,10,Carbon Steel,Pneumatic,High,High,A,100256,22.8,Some,Pump Bearing Grease,Manual
EQ00000232,SITE01,UNIT00003,AREA000016,DRILLING,Cementing Unit,CEM-706,SN-27122451,Active,2023,10,Stainless Steel,Mixed,High,High,A,38400,9.2,Yes,EP Gear Oil / Grease,Grease gun / centralized
EQ00000233,SITE01,UNIT00003,AREA000014,VEHICLE,Oil Tanker,OIL-604,SN-11435415,Standby,2024,26,Stainless Steel,Pneumatic,High,Critical,B,136007,16.5,Yes,Engine / Gear Lubricant,Workshop service
EQ00000234,SITE01,UNIT00003,AREA000010,ROTARY,Centrifugal Pump,CEN-607,SN-60881238,Active,2022,21,Carbon Steel,Hydraulic,High,High,C,66474,20.0,Yes,Bearing Oil / Grease,Manual / auto-lube
EQ00000235,SITE01,UNIT00003,AREA000011,PRODUCTION,Three-Phase Separator,THR-458,SN-34985664,Standby,2016,21,Carbon Steel,Electrical,Critical,High,B,129986,4.8,Yes,Process/Mechanical Lubricant,Manual / automated
EQ00000236,SITE01,UNIT00003,AREA000014,ELECTRICAL,Industrial Motor,IND-236,SN-62955068,Standby,2016,20,Carbon Steel,Mechanical,High,High,C,53164,22.8,Some,Bearing Grease,Manual
EQ00000237,SITE01,UNIT00003,AREA000014,INSTRUMENTATION,Gas Detector,GAS-184,SN-67572954,Active,2023,29,Stainless Steel,Mixed,Critical,Critical,C,49984,6.1,No,N/A,N/A
EQ00000238,SITE01,UNIT00003,AREA000014,SAFETY,Fire Hydrant,FIR-249,SN-67217417,Active,2019,29,Stainless Steel,Electrical,High,High,A,100707,9.8,Some,Pump Bearing Grease,Manual
EQ00000239,SITE01,UNIT00003,AREA000017,SAFETY,Foam System,FOA-442,SN-50850064,Active,2021,13,Carbon Steel,Mixed,Critical,High,C,35159,8.0,Some,Pump Bearing Grease,Manual
EQ00000240,SITE01,UNIT00003,AREA000016,STATIC,Fired Heater,FIR-828,SN-43893399,Under Maintenance,2024,21,Alloy Steel,Pneumatic,Critical,Critical,C,189042,2.9,No,N/A,N/A
EQ00000241,SITE01,UNIT00003,AREA000010,ELECTRICAL,Motor Control Centre,MOT-566,SN-77621275,Under Maintenance,2024,18,Alloy Steel,Mechanical,Critical,High,B,186664,6.5,Some,Bearing Grease,Manual
EQ00000242,SITE01,UNIT00003,AREA000015,DRILLING,Top Drive,TOP-185,SN-83722452,Active,2021,14,Cast Iron,Process,Critical,Critical,B,86101,23.6,Yes,EP Gear Oil / Grease,Grease gun / centralized
EQ00000243,SITE01,UNIT00003,AREA000017,PRODUCTION,Gas Dehydration Unit,GAS-847,SN-68237550,Active,2019,14,Cast Iron,Electrical,High,High,B,48582,11.1,Yes,Process/Mechanical Lubricant,Manual / automated
EQ00000244,SITE01,UNIT00003,AREA000011,ELECTRICAL,UPS System,UPS-881,SN-96500924,Active,2016,14,Stainless Steel,Electrical,Medium,Medium,B,38391,22.5,Some,Bearing Grease,Manual
EQ00000245,SITE01,UNIT00003,AREA000011,LIFTING,Overhead Crane,OVE-944,SN-15976158,Active,2016,27,Alloy Steel,Electrical,High,Critical,C,109864,3.5,Yes,Wire Rope / Gear Grease,Manual
EQ00000246,SITE01,UNIT00003,AREA000015,ROTARY,Centrifugal Pump,CEN-469,SN-21382241,Active,2017,29,Stainless Steel,Mechanical,High,High,B,140062,8.1,Yes,Bearing Oil / Grease,Manual / auto-lube
EQ00000247,SITE01,UNIT00003,AREA000017,ROTARY,Diesel Generator,DIE-215,SN-87556758,Standby,2017,18,Stainless Steel,Electrical,High,High,B,34432,4.4,Yes,Bearing Oil / Grease,Manual / auto-lube
EQ00000248,SITE01,UNIT00003,AREA000017,DRILLING,Top Drive,TOP-212,SN-17996341,Active,2018,21,Stainless Steel,Hydraulic,Critical,Critical,B,38785,20.1,Yes,EP Gear Oil / Grease,Grease gun / centralized
EQ00000249,SITE01,UNIT00003,AREA000012,DRILLING,Cementing Unit,CEM-861,SN-28805567,Under Maintenance,2023,19,Cast Iron,Pneumatic,High,High,C,89430,10.7,Yes,EP Gear Oil / Grease,Grease gun / centralized
EQ00000250,SITE01,UNIT00003,AREA000016,WORKSHOP,Air Receiver,AIR-860,SN-38435937,Standby,2018,29,Carbon Steel,Mechanical,High,High,B,49154,19.8,Yes,Machine Oil / Grease,Manual
EQ00000251,SITE01,UNIT00003,AREA000013,ELECTRICAL,UPS System,UPS-111,SN-51489399,Active,2025,27,Stainless Steel,Mixed,Medium,Medium,A,64002,6.5,Some,Bearing Grease,Manual
EQ00000252,SITE01,UNIT00003,AREA000012,ROTARY,Centrifugal Pump,CEN-701,SN-61286168,Standby,2016,28,Carbon Steel,Hydraulic,High,High,A,40724,16.4,Yes,Bearing Oil / Grease,Manual / auto-lube
EQ00000253,SITE01,UNIT00003,AREA000013,STATIC,Fired Heater,FIR-721,SN-20066099,Active,2025,28,Cast Iron,Electrical,Critical,Critical,A,38387,18.4,No,N/A,N/A
EQ00000254,SITE01,UNIT00003,AREA000014,VEHICLE,Oil Tanker,OIL-518,SN-93172511,Active,2022,24,Alloy Steel,Process,High,Critical,C,83220,9.0,Yes,Engine / Gear Lubricant,Workshop service
EQ00000255,SITE01,UNIT00003,AREA000011,DRILLING,Drilling Rig,DRI-886,SN-68131630,Active,2022,22,Alloy Steel,Electrical,Critical,High,B,90764,23.9,Yes,EP Gear Oil / Grease,Grease gun / centralized
EQ00000256,SITE01,UNIT00003,AREA000014,STATIC,Fired Heater,FIR-992,SN-66334114,Under Maintenance,2023,16,Alloy Steel,Mechanical,Critical,Critical,A,25232,21.5,No,N/A,N/A
EQ00000257,SITE01,UNIT00003,AREA000016,STATIC,Storage Tank,STO-633,SN-10493503,Standby,2020,14,Cast Iron,Mixed,Critical,High,C,26544,1.0,No,N/A,N/A
EQ00000258,SITE01,UNIT00003,AREA000012,STATIC,Pressure Vessel,PRE-538,SN-60079518,Active,2023,27,Stainless Steel,Process,Critical,Critical,B,101024,6.9,No,N/A,N/A
EQ00000259,SITE01,UNIT00003,AREA000014,DRILLING,Mud Pump,MUD-774,SN-45500464,Active,2020,23,Stainless Steel,Electrical,Critical,High,B,9565,0.5,Yes,EP Gear Oil / Grease,Grease gun / centralized
EQ00000260,SITE01,UNIT00003,AREA000011,STATIC,Boiler,BOI-903,SN-62614983,Active,2025,27,Stainless Steel,Hydraulic,Critical,High,A,25446,2.3,No,N/A,N/A
EQ00000261,SITE01,UNIT00003,AREA000017,STATIC,Heat Exchanger,HEA-225,SN-24371585,Active,2025,19,Alloy Steel,Mechanical,High,High,A,21285,11.9,No,N/A,N/A
EQ00000262,SITE01,UNIT00003,AREA000011,DRILLING,Top Drive,TOP-720,SN-13966837,Under Maintenance,2019,10,Stainless Steel,Mechanical,Critical,Critical,B,31091,21.6,Yes,EP Gear Oil / Grease,Grease gun / centralized
EQ00000263,SITE01,UNIT00003,AREA000014,DRILLING,Top Drive,TOP-913,SN-37626276,Standby,2018,23,Cast Iron,Pneumatic,Critical,Critical,C,196842,6.6,Yes,EP Gear Oil / Grease,Grease gun / centralized
EQ00000264,SITE01,UNIT00003,AREA000013,LIFTING,Overhead Crane,OVE-480,SN-29466895,Active,2021,13,Carbon Steel,Hydraulic,High,Critical,C,3857,17.2,Yes,Wire Rope / Gear Grease,Manual
EQ00000265,SITE01,UNIT00003,AREA000014,ROTARY,Air Compressor,AIR-222,SN-26655437,Standby,2022,15,Alloy Steel,Process,High,High,B,62976,13.9,Yes,Bearing Oil / Grease,Manual / auto-lube
EQ00000266,SITE01,UNIT00003,AREA000011,VEHICLE,Oil Tanker,OIL-732,SN-23790014,Active,2021,17,Carbon Steel,Electrical,High,Critical,A,28560,23.8,Yes,Engine / Gear Lubricant,Workshop service
EQ00000267,SITE02,UNIT00004,AREA000019,SAFETY,Fire Water Pump,FIR-970,SN-65471370,Standby,2025,13,Stainless Steel,Process,Critical,Critical,B,174347,11.8,Some,Pump Bearing Grease,Manual
EQ00000268,SITE02,UNIT00004,AREA000019,INSTRUMENTATION,Control Valve,CON-472,SN-61751100,Standby,2019,29,Stainless Steel,Pneumatic,High,High,A,18993,6.7,No,N/A,N/A
EQ00000269,SITE02,UNIT00004,AREA000020,STATIC,Pressure Vessel,PRE-551,SN-46586258,Active,2016,13,Carbon Steel,Mixed,Critical,Critical,B,192889,22.3,No,N/A,N/A
EQ00000270,SITE02,UNIT00004,AREA000022,STATIC,Fired Heater,FIR-501,SN-62732189,Active,2022,17,Alloy Steel,Pneumatic,Critical,Critical,A,45834,18.9,No,N/A,N/A
EQ00000271,SITE02,UNIT00004,AREA000020,PRODUCTION,Three-Phase Separator,THR-697,SN-10135086,Standby,2023,17,Cast Iron,Electrical,Critical,High,A,5558,13.7,Yes,Process/Mechanical Lubricant,Manual / automated
EQ00000272,SITE02,UNIT00004,AREA000021,LIFTING,Mobile Crane,MOB-350,SN-87522039,Standby,2016,21,Stainless Steel,Mixed,Critical,Critical,A,51814,22.1,Yes,Wire Rope / Gear Grease,Manual
EQ00000273,SITE02,UNIT00004,AREA000018,PRODUCTION,Gas Sweetening Unit,GAS-115,SN-70915814,Active,2020,16,Alloy Steel,Process,Critical,High,A,14944,11.8,Yes,Process/Mechanical Lubricant,Manual / automated
EQ00000274,SITE02,UNIT00004,AREA000019,STATIC,Storage Tank,STO-699,SN-20833778,Active,2022,17,Carbon Steel,Pneumatic,Critical,High,B,66202,19.5,No,N/A,N/A
EQ00000275,SITE02,UNIT00004,AREA000021,LIFTING,Overhead Crane,OVE-520,SN-71912488,Active,2022,27,Carbon Steel,Pneumatic,High,Critical,A,199143,3.5,Yes,Wire Rope / Gear Grease,Manual
EQ00000276,SITE02,UNIT00004,AREA000020,LIFTING,Overhead Crane,OVE-224,SN-88466030,Under Maintenance,2016,11,Stainless Steel,Process,High,Critical,A,148337,17.8,Yes,Wire Rope / Gear Grease,Manual
EQ00000277,SITE02,UNIT00004,AREA000022,PRODUCTION,Crude Oil Pump,CRU-979,SN-98336648,Under Maintenance,2023,13,Cast Iron,Mechanical,High,High,C,6677,4.5,Yes,Process/Mechanical Lubricant,Manual / automated
EQ00000278,SITE02,UNIT00004,AREA000022,DRILLING,Mud Pump,MUD-111,SN-87918501,Active,2022,11,Cast Iron,Electrical,Critical,High,B,37517,11.3,Yes,EP Gear Oil / Grease,Grease gun / centralized
EQ00000279,SITE02,UNIT00004,AREA000022,ELECTRICAL,Industrial Motor,IND-698,SN-92876094,Standby,2021,12,Carbon Steel,Electrical,High,High,C,42727,5.6,Some,Bearing Grease,Manual
EQ00000280,SITE02,UNIT00004,AREA000019,PIPING,Process Pipeline,PRO-210,SN-70332161,Standby,2021,14,Stainless Steel,Mechanical,Critical,High,B,129739,10.6,No,N/A,N/A
EQ00000281,SITE02,UNIT00004,AREA000018,DRILLING,Drawworks,DRA-537,SN-93949256,Standby,2023,12,Carbon Steel,Mechanical,Critical,Critical,C,79178,2.5,Yes,EP Gear Oil / Grease,Grease gun / centralized
EQ00000282,SITE02,UNIT00004,AREA000020,PRODUCTION,Produced Water Pump,PRO-442,SN-17971455,Active,2019,16,Alloy Steel,Mixed,High,Medium,A,62765,11.9,Yes,Process/Mechanical Lubricant,Manual / automated
EQ00000283,SITE02,UNIT00004,AREA000024,SAFETY,Foam System,FOA-121,SN-17429830,Active,2019,16,Cast Iron,Mixed,Critical,High,C,194442,0.5,Some,Pump Bearing Grease,Manual
EQ00000284,SITE02,UNIT00004,AREA000018,SAFETY,Fire Alarm Panel,FIR-158,SN-27007519,Standby,2017,15,Alloy Steel,Electrical,High,High,B,92663,14.5,Some,Pump Bearing Grease,Manual
EQ00000285,SITE02,UNIT00004,AREA000020,DRILLING,Drawworks,DRA-822,SN-93466217,Standby,2022,18,Carbon Steel,Mechanical,Critical,Critical,A,137575,5.6,Yes,EP Gear Oil / Grease,Grease gun / centralized
EQ00000286,SITE02,UNIT00004,AREA000018,ROTARY,Positive Displacement Pump,POS-310,SN-60912405,Active,2019,23,Carbon Steel,Mixed,High,High,B,9206,13.0,Yes,Bearing Oil / Grease,Manual / auto-lube
EQ00000287,SITE02,UNIT00004,AREA000024,ENVIRONMENT,Oil Water Separator,OIL-187,SN-43545387,Under Maintenance,2020,19,Alloy Steel,Process,High,Medium,B,11120,14.8,Yes,Pump Bearing Grease,Manual
EQ00000288,SITE02,UNIT00004,AREA000024,SAFETY,Fire Alarm Panel,FIR-323,SN-64842825,Active,2024,28,Carbon Steel,Hydraulic,High,High,C,145558,7.6,Some,Pump Bearing Grease,Manual
EQ00000289,SITE02,UNIT00004,AREA000022,INSTRUMENTATION,Control Valve,CON-693,SN-52591907,Active,2023,27,Stainless Steel,Electrical,High,High,C,68909,23.4,No,N/A,N/A
EQ00000290,SITE02,UNIT00004,AREA000018,LIFTING,Overhead Crane,OVE-721,SN-58356895,Active,2021,23,Alloy Steel,Pneumatic,High,Critical,B,164031,0.8,Yes,Wire Rope / Gear Grease,Manual
EQ00000291,SITE02,UNIT00004,AREA000023,SAFETY,Fire Water Pump,FIR-967,SN-80834264,Active,2017,29,Cast Iron,Mixed,Critical,Critical,C,137402,10.6,Some,Pump Bearing Grease,Manual
EQ00000292,SITE02,UNIT00004,AREA000021,VEHICLE,Emergency Response Vehicle,EME-781,SN-28540857,Under Maintenance,2025,18,Alloy Steel,Hydraulic,High,High,B,31923,2.0,Yes,Engine / Gear Lubricant,Workshop service
EQ00000293,SITE02,UNIT00004,AREA000019,STATIC,Fired Heater,FIR-235,SN-79108317,Under Maintenance,2017,22,Cast Iron,Hydraulic,Critical,Critical,A,106465,16.8,No,N/A,N/A
EQ00000294,SITE02,UNIT00004,AREA000023,DRILLING,Mud Tank,MUD-488,SN-53008309,Standby,2023,15,Alloy Steel,Electrical,High,Medium,A,78948,11.9,Yes,EP Gear Oil / Grease,Grease gun / centralized
EQ00000295,SITE02,UNIT00004,AREA000020,PRODUCTION,Gas Compressor,GAS-598,SN-68910408,Active,2020,15,Alloy Steel,Hydraulic,Critical,Critical,C,198517,2.6,Yes,Process/Mechanical Lubricant,Manual / automated
EQ00000296,SITE02,UNIT00004,AREA000020,DRILLING,Mud Tank,MUD-985,SN-28363405,Active,2017,13,Alloy Steel,Electrical,High,Medium,C,59311,17.5,Yes,EP Gear Oil / Grease,Grease gun / centralized
EQ00000297,SITE02,UNIT00004,AREA000021,WORKSHOP,Grinding Machine,GRI-596,SN-35112788,Standby,2018,19,Stainless Steel,Mechanical,Medium,High,C,24255,22.8,Yes,Machine Oil / Grease,Manual
EQ00000298,SITE02,UNIT00004,AREA000021,LIFTING,Hoist,HOI-198,SN-39384358,Active,2020,19,Cast Iron,Pneumatic,High,High,B,65853,15.9,Yes,Wire Rope / Gear Grease,Manual
EQ00000299,SITE02,UNIT00004,AREA000024,WORKSHOP,Lathe Machine,LAT-367,SN-52630014,Standby,2021,22,Cast Iron,Pneumatic,Medium,Medium,B,69340,21.9,Yes,Machine Oil / Grease,Manual
EQ00000300,SITE02,UNIT00004,AREA000024,LIFTING,Forklift,FOR-505,SN-40780751,Active,2024,15,Alloy Steel,Hydraulic,High,High,B,57522,13.3,Yes,Wire Rope / Gear Grease,Manual
EQ00000301,SITE02,UNIT00004,AREA000024,PRODUCTION,Gas Sweetening Unit,GAS-719,SN-30380634,Active,2024,28,Cast Iron,Mechanical,Critical,High,C,82838,18.9,Yes,Process/Mechanical Lubricant,Manual / automated
EQ00000302,SITE02,UNIT00004,AREA000018,STATIC,Storage Tank,STO-889,SN-41154021,Standby,2022,21,Cast Iron,Process,Critical,High,A,169511,7.5,No,N/A,N/A
EQ00000303,SITE02,UNIT00004,AREA000022,PIPING,Pipeline Valve,PIP-516,SN-10747830,Active,2025,16,Cast Iron,Process,High,High,B,83055,23.0,No,N/A,N/A
EQ00000304,SITE02,UNIT00004,AREA000019,WORKSHOP,Air Receiver,AIR-598,SN-28772414,Under Maintenance,2024,23,Cast Iron,Electrical,High,High,B,31823,10.5,Yes,Machine Oil / Grease,Manual
EQ00000305,SITE02,UNIT00004,AREA000023,DRILLING,Mud Pump,MUD-304,SN-22596044,Under Maintenance,2019,24,Alloy Steel,Electrical,Critical,High,A,164832,11.3,Yes,EP Gear Oil / Grease,Grease gun / centralized
EQ00000306,SITE02,UNIT00004,AREA000019,STATIC,Heat Exchanger,HEA-677,SN-23733443,Active,2020,26,Cast Iron,Hydraulic,High,High,C,156233,14.6,No,N/A,N/A
EQ00000307,SITE02,UNIT00004,AREA000023,DRILLING,Drawworks,DRA-828,SN-29177565,Standby,2020,27,Cast Iron,Pneumatic,Critical,Critical,C,66677,16.5,Yes,EP Gear Oil / Grease,Grease gun / centralized
EQ00000308,SITE02,UNIT00004,AREA000021,INSTRUMENTATION,Gas Detector,GAS-144,SN-43962179,Active,2022,30,Carbon Steel,Process,Critical,Critical,A,189227,22.3,No,N/A,N/A
EQ00000309,SITE02,UNIT00004,AREA000023,ROTARY,Air Compressor,AIR-166,SN-35895959,Under Maintenance,2016,14,Alloy Steel,Electrical,High,High,A,117234,1.2,Yes,Bearing Oil / Grease,Manual / auto-lube
EQ00000310,SITE02,UNIT00004,AREA000020,ROTARY,Centrifugal Pump,CEN-741,SN-12698765,Active,2025,10,Stainless Steel,Mixed,High,High,B,121677,2.0,Yes,Bearing Oil / Grease,Manual / auto-lube
EQ00000311,SITE02,UNIT00004,AREA000023,PRODUCTION,Gas Compressor,GAS-137,SN-88547299,Standby,2018,14,Stainless Steel,Mixed,Critical,Critical,B,91943,15.5,Yes,Process/Mechanical Lubricant,Manual / automated
EQ00000312,SITE02,UNIT00004,AREA000020,PIPING,Pig Launcher/Receiver,PIG-262,SN-66560392,Standby,2016,20,Alloy Steel,Mixed,High,High,A,50050,21.9,No,N/A,N/A
EQ00000313,SITE02,UNIT00004,AREA000020,VEHICLE,Heavy Utility Vehicle,HEA-510,SN-89601320,Active,2025,15,Stainless Steel,Hydraulic,Medium,Medium,C,183879,22.6,Yes,Engine / Gear Lubricant,Workshop service
EQ00000314,SITE02,UNIT00004,AREA000019,ENVIRONMENT,Effluent Treatment Unit,EFF-547,SN-22101995,Active,2019,14,Alloy Steel,Electrical,High,Medium,B,42767,8.3,Yes,Pump Bearing Grease,Manual
EQ00000315,SITE02,UNIT00004,AREA000019,ROTARY,Centrifugal Pump,CEN-470,SN-55614022,Under Maintenance,2021,10,Cast Iron,Electrical,High,High,C,61312,3.4,Yes,Bearing Oil / Grease,Manual / auto-lube
EQ00000316,SITE02,UNIT00004,AREA000023,PRODUCTION,Crude Oil Pump,CRU-771,SN-64287520,Active,2017,15,Alloy Steel,Mechanical,High,High,C,133899,9.3,Yes,Process/Mechanical Lubricant,Manual / automated
EQ00000317,SITE02,UNIT00004,AREA000022,PIPING,Process Pipeline,PRO-845,SN-71067638,Standby,2025,11,Cast Iron,Hydraulic,Critical,High,A,32863,20.8,No,N/A,N/A
EQ00000318,SITE02,UNIT00004,AREA000021,DRILLING,Mud Pump,MUD-381,SN-56356961,Standby,2022,29,Stainless Steel,Mixed,Critical,High,C,150177,11.1,Yes,EP Gear Oil / Grease,Grease gun / centralized
EQ00000319,SITE02,UNIT00004,AREA000022,LIFTING,Forklift,FOR-652,SN-42715893,Active,2024,21,Cast Iron,Mechanical,High,High,B,73033,18.0,Yes,Wire Rope / Gear Grease,Manual
EQ00000320,SITE02,UNIT00004,AREA000022,PRODUCTION,Gas Compressor,GAS-845,SN-91781029,Standby,2020,28,Cast Iron,Mixed,Critical,Critical,C,87180,13.0,Yes,Process/Mechanical Lubricant,Manual / automated
EQ00000321,SITE02,UNIT00004,AREA000020,ENVIRONMENT,Effluent Treatment Unit,EFF-790,SN-72730696,Active,2023,14,Stainless Steel,Process,High,Medium,B,149083,10.4,Yes,Pump Bearing Grease,Manual
EQ00000322,SITE02,UNIT00004,AREA000024,PIPING,Process Pipeline,PRO-663,SN-64830114,Active,2022,16,Cast Iron,Process,Critical,High,B,84729,18.5,No,N/A,N/A
EQ00000323,SITE02,UNIT00004,AREA000021,PRODUCTION,Crude Oil Pump,CRU-751,SN-13897816,Under Maintenance,2019,17,Stainless Steel,Process,High,High,C,132953,24.0,Yes,Process/Mechanical Lubricant,Manual / automated
EQ00000324,SITE02,UNIT00004,AREA000021,ELECTRICAL,Industrial Motor,IND-350,SN-90966708,Standby,2023,17,Stainless Steel,Pneumatic,High,High,C,169133,2.8,Some,Bearing Grease,Manual
EQ00000325,SITE02,UNIT00004,AREA000024,WORKSHOP,Hydraulic Press,HYD-206,SN-29593605,Active,2017,28,Carbon Steel,Mixed,Medium,High,A,97066,10.0,Yes,Machine Oil / Grease,Manual
EQ00000326,SITE02,UNIT00004,AREA000020,ELECTRICAL,Switchgear,SWI-471,SN-49086658,Active,2025,15,Alloy Steel,Pneumatic,Critical,Critical,C,116307,16.2,Some,Bearing Grease,Manual
EQ00000327,SITE02,UNIT00004,AREA000024,PIPING,Pig Launcher/Receiver,PIG-763,SN-32699019,Under Maintenance,2023,25,Stainless Steel,Pneumatic,High,High,B,4730,16.1,No,N/A,N/A
EQ00000328,SITE02,UNIT00004,AREA000019,LIFTING,Forklift,FOR-780,SN-14407781,Standby,2021,30,Carbon Steel,Hydraulic,High,High,C,18615,6.6,Yes,Wire Rope / Gear Grease,Manual
EQ00000329,SITE02,UNIT00004,AREA000020,VEHICLE,Emergency Response Vehicle,EME-860,SN-35503269,Active,2017,14,Alloy Steel,Electrical,High,High,A,60660,5.9,Yes,Engine / Gear Lubricant,Workshop service
EQ00000330,SITE02,UNIT00004,AREA000021,PRODUCTION,Produced Water Pump,PRO-377,SN-76116342,Active,2025,20,Cast Iron,Process,High,Medium,B,170156,7.3,Yes,Process/Mechanical Lubricant,Manual / automated
EQ00000331,SITE02,UNIT00004,AREA000023,STATIC,Fired Heater,FIR-942,SN-34515629,Active,2024,13,Stainless Steel,Mechanical,Critical,Critical,B,132538,7.4,No,N/A,N/A
EQ00000332,SITE02,UNIT00004,AREA000021,LIFTING,Mobile Crane,MOB-880,SN-64234848,Active,2016,23,Alloy Steel,Mixed,Critical,Critical,A,120770,18.4,Yes,Wire Rope / Gear Grease,Manual
EQ00000333,SITE02,UNIT00004,AREA000018,ELECTRICAL,Motor Control Centre,MOT-804,SN-75369583,Active,2022,18,Cast Iron,Electrical,Critical,High,A,15710,15.4,Some,Bearing Grease,Manual
EQ00000334,SITE02,UNIT00004,AREA000020,SAFETY,Fire Alarm Panel,FIR-865,SN-38831688,Active,2023,20,Cast Iron,Mechanical,High,High,B,95949,8.1,Some,Pump Bearing Grease,Manual
EQ00000335,SITE02,UNIT00004,AREA000019,ROTARY,Centrifugal Pump,CEN-966,SN-21774955,Under Maintenance,2024,24,Stainless Steel,Electrical,High,High,C,113970,19.6,Yes,Bearing Oil / Grease,Manual / auto-lube
EQ00000336,SITE02,UNIT00004,AREA000018,VEHICLE,Emergency Response Vehicle,EME-646,SN-90788531,Active,2016,14,Alloy Steel,Electrical,High,High,B,83663,22.3,Yes,Engine / Gear Lubricant,Workshop service
EQ00000337,SITE02,UNIT00004,AREA000019,WORKSHOP,Grinding Machine,GRI-889,SN-61070501,Under Maintenance,2019,13,Carbon Steel,Mechanical,Medium,High,C,152598,17.4,Yes,Machine Oil / Grease,Manual
EQ00000338,SITE02,UNIT00004,AREA000018,VEHICLE,Emergency Response Vehicle,EME-469,SN-51605042,Active,2021,23,Alloy Steel,Mechanical,High,High,C,23138,15.6,Yes,Engine / Gear Lubricant,Workshop service
EQ00000339,SITE02,UNIT00004,AREA000019,DRILLING,Blowout Preventer,BLO-276,SN-33439445,Under Maintenance,2022,14,Stainless Steel,Hydraulic,Critical,Critical,A,43565,0.8,Yes,EP Gear Oil / Grease,Grease gun / centralized
EQ00000340,SITE02,UNIT00004,AREA000021,WORKSHOP,Grinding Machine,GRI-215,SN-73845946,Standby,2017,23,Cast Iron,Mechanical,Medium,High,C,167947,0.1,Yes,Machine Oil / Grease,Manual
EQ00000341,SITE02,UNIT00004,AREA000021,INSTRUMENTATION,Pressure Transmitter,PRE-632,SN-79377728,Under Maintenance,2025,18,Stainless Steel,Hydraulic,High,High,B,99243,15.9,No,N/A,N/A
EQ00000342,SITE02,UNIT00004,AREA000022,WORKSHOP,Lathe Machine,LAT-658,SN-69037412,Active,2020,18,Alloy Steel,Hydraulic,Medium,Medium,A,67921,8.2,Yes,Machine Oil / Grease,Manual
EQ00000343,SITE02,UNIT00004,AREA000024,DRILLING,Drawworks,DRA-637,SN-16307591,Under Maintenance,2024,21,Stainless Steel,Mixed,Critical,Critical,C,44713,9.0,Yes,EP Gear Oil / Grease,Grease gun / centralized
EQ00000344,SITE02,UNIT00004,AREA000022,VEHICLE,Heavy Utility Vehicle,HEA-587,SN-72814453,Active,2022,14,Alloy Steel,Electrical,Medium,Medium,A,66884,17.0,Yes,Engine / Gear Lubricant,Workshop service
EQ00000345,SITE02,UNIT00004,AREA000018,LIFTING,Forklift,FOR-418,SN-80362430,Active,2024,30,Cast Iron,Mechanical,High,High,C,115890,7.2,Yes,Wire Rope / Gear Grease,Manual
EQ00000346,SITE02,UNIT00004,AREA000023,PIPING,Process Pipeline,PRO-713,SN-58660554,Active,2025,25,Cast Iron,Pneumatic,Critical,High,A,168263,2.6,No,N/A,N/A
EQ00000347,SITE02,UNIT00005,AREA000026,STATIC,Fired Heater,FIR-694,SN-91041439,Standby,2021,22,Carbon Steel,Hydraulic,Critical,Critical,C,116407,20.5,No,N/A,N/A
EQ00000348,SITE02,UNIT00005,AREA000028,LIFTING,Forklift,FOR-887,SN-31554308,Active,2020,27,Alloy Steel,Mixed,High,High,B,198478,8.4,Yes,Wire Rope / Gear Grease,Manual
EQ00000349,SITE02,UNIT00005,AREA000028,PRODUCTION,Three-Phase Separator,THR-872,SN-31369793,Active,2021,20,Carbon Steel,Electrical,Critical,High,A,153527,7.5,Yes,Process/Mechanical Lubricant,Manual / automated
EQ00000350,SITE02,UNIT00005,AREA000025,PRODUCTION,Gas Sweetening Unit,GAS-661,SN-30805333,Active,2019,10,Cast Iron,Mechanical,Critical,High,C,58403,6.0,Yes,Process/Mechanical Lubricant,Manual / automated
EQ00000351,SITE02,UNIT00005,AREA000027,WORKSHOP,Lathe Machine,LAT-809,SN-28051318,Active,2017,17,Stainless Steel,Electrical,Medium,Medium,C,186690,11.5,Yes,Machine Oil / Grease,Manual
EQ00000352,SITE02,UNIT00005,AREA000027,ELECTRICAL,UPS System,UPS-830,SN-90227105,Standby,2016,23,Stainless Steel,Pneumatic,Medium,Medium,A,174487,10.9,Some,Bearing Grease,Manual
EQ00000353,SITE02,UNIT00005,AREA000025,PRODUCTION,Gas Dehydration Unit,GAS-513,SN-87041363,Standby,2017,23,Cast Iron,Mixed,High,High,B,37309,20.3,Yes,Process/Mechanical Lubricant,Manual / automated
EQ00000354,SITE02,UNIT00005,AREA000025,PRODUCTION,Gas Sweetening Unit,GAS-112,SN-10625592,Active,2024,22,Alloy Steel,Electrical,Critical,High,C,148682,9.1,Yes,Process/Mechanical Lubricant,Manual / automated
EQ00000355,SITE02,UNIT00005,AREA000028,DRILLING,Wellhead,WEL-737,SN-15204195,Under Maintenance,2016,13,Alloy Steel,Hydraulic,Critical,Critical,A,92502,16.4,Yes,EP Gear Oil / Grease,Grease gun / centralized
EQ00000356,SITE02,UNIT00005,AREA000027,DRILLING,Wellhead,WEL-591,SN-98538069,Under Maintenance,2016,13,Carbon Steel,Mixed,Critical,Critical,C,85031,21.9,Yes,EP Gear Oil / Grease,Grease gun / centralized
EQ00000357,SITE02,UNIT00005,AREA000029,WORKSHOP,Air Receiver,AIR-655,SN-33267818,Active,2025,11,Carbon Steel,Electrical,High,High,B,101899,4.6,Yes,Machine Oil / Grease,Manual
EQ00000358,SITE02,UNIT00005,AREA000028,PIPING,Relief Valve,REL-805,SN-25613685,Active,2019,10,Stainless Steel,Mixed,Critical,Critical,B,47414,23.7,No,N/A,N/A
EQ00000359,SITE02,UNIT00005,AREA000027,DRILLING,Blowout Preventer,BLO-936,SN-75527308,Active,2019,29,Carbon Steel,Mixed,Critical,Critical,C,104669,1.1,Yes,EP Gear Oil / Grease,Grease gun / centralized
EQ00000360,SITE02,UNIT00005,AREA000025,VEHICLE,Oil Tanker,OIL-590,SN-24675889,Active,2023,17,Carbon Steel,Pneumatic,High,Critical,A,22917,18.3,Yes,Engine / Gear Lubricant,Workshop service
EQ00000361,SITE02,UNIT00005,AREA000026,ELECTRICAL,Industrial Motor,IND-980,SN-43662096,Active,2021,21,Cast Iron,Mechanical,High,High,C,15792,9.5,Some,Bearing Grease,Manual
EQ00000362,SITE02,UNIT00005,AREA000029,STATIC,Heat Exchanger,HEA-117,SN-93025237,Active,2024,20,Alloy Steel,Electrical,High,High,A,28208,16.5,No,N/A,N/A
EQ00000363,SITE02,UNIT00005,AREA000026,PIPING,Pipeline Valve,PIP-649,SN-58336521,Active,2023,14,Alloy Steel,Mixed,High,High,C,46705,23.1,No,N/A,N/A
EQ00000364,SITE02,UNIT00005,AREA000026,DRILLING,Wellhead,WEL-299,SN-98493234,Under Maintenance,2025,21,Cast Iron,Process,Critical,Critical,B,99255,15.5,Yes,EP Gear Oil / Grease,Grease gun / centralized
EQ00000365,SITE02,UNIT00005,AREA000030,STATIC,Storage Tank,STO-379,SN-85613436,Active,2018,30,Cast Iron,Process,Critical,High,A,40500,9.9,No,N/A,N/A
EQ00000366,SITE02,UNIT00005,AREA000026,LIFTING,Overhead Crane,OVE-525,SN-25896810,Under Maintenance,2018,29,Cast Iron,Mechanical,High,Critical,C,145787,15.1,Yes,Wire Rope / Gear Grease,Manual
EQ00000367,SITE02,UNIT00005,AREA000027,PRODUCTION,Gas Sweetening Unit,GAS-253,SN-24894384,Active,2022,30,Alloy Steel,Hydraulic,Critical,High,C,22777,8.6,Yes,Process/Mechanical Lubricant,Manual / automated
EQ00000368,SITE02,UNIT00005,AREA000029,ROTARY,Diesel Generator,DIE-409,SN-61092812,Active,2016,25,Cast Iron,Pneumatic,High,High,A,183265,16.2,Yes,Bearing Oil / Grease,Manual / auto-lube
EQ00000369,SITE02,UNIT00005,AREA000025,DRILLING,Drilling Rig,DRI-109,SN-11804855,Active,2017,29,Carbon Steel,Mechanical,Critical,High,C,165135,23.2,Yes,EP Gear Oil / Grease,Grease gun / centralized
EQ00000370,SITE02,UNIT00005,AREA000025,DRILLING,Drilling Rig,DRI-280,SN-36537596,Active,2017,14,Stainless Steel,Mixed,Critical,High,A,185252,18.3,Yes,EP Gear Oil / Grease,Grease gun / centralized
EQ00000371,SITE02,UNIT00005,AREA000030,SAFETY,Fire Alarm Panel,FIR-734,SN-67726344,Active,2016,24,Carbon Steel,Mixed,High,High,C,24129,7.7,Some,Pump Bearing Grease,Manual
EQ00000372,SITE02,UNIT00005,AREA000028,PIPING,Process Pipeline,PRO-125,SN-28714249,Active,2022,22,Stainless Steel,Pneumatic,Critical,High,B,4656,10.5,No,N/A,N/A
EQ00000373,SITE02,UNIT00005,AREA000025,SAFETY,Fire Hydrant,FIR-822,SN-73981624,Under Maintenance,2021,19,Stainless Steel,Mechanical,High,High,C,130559,19.3,Some,Pump Bearing Grease,Manual
EQ00000374,SITE02,UNIT00005,AREA000027,WORKSHOP,Air Receiver,AIR-230,SN-53195660,Under Maintenance,2019,17,Stainless Steel,Mechanical,High,High,B,148665,11.3,Yes,Machine Oil / Grease,Manual
EQ00000375,SITE02,UNIT00005,AREA000030,ENVIRONMENT,Effluent Treatment Unit,EFF-435,SN-57804163,Under Maintenance,2016,25,Stainless Steel,Hydraulic,High,Medium,B,128060,23.6,Yes,Pump Bearing Grease,Manual
EQ00000376,SITE02,UNIT00005,AREA000026,LIFTING,Overhead Crane,OVE-740,SN-61273783,Under Maintenance,2023,15,Cast Iron,Hydraulic,High,Critical,A,72710,11.0,Yes,Wire Rope / Gear Grease,Manual
EQ00000377,SITE02,UNIT00005,AREA000029,VEHICLE,Oil Tanker,OIL-840,SN-27698856,Standby,2016,12,Carbon Steel,Mechanical,High,Critical,A,27805,12.6,Yes,Engine / Gear Lubricant,Workshop service
EQ00000378,SITE02,UNIT00005,AREA000030,PIPING,Relief Valve,REL-590,SN-15690138,Active,2019,17,Stainless Steel,Mechanical,Critical,Critical,A,132225,7.7,No,N/A,N/A
EQ00000379,SITE02,UNIT00005,AREA000029,WORKSHOP,Air Receiver,AIR-623,SN-62132821,Active,2021,16,Alloy Steel,Hydraulic,High,High,A,86736,21.6,Yes,Machine Oil / Grease,Manual
EQ00000380,SITE02,UNIT00005,AREA000026,ROTARY,Air Compressor,AIR-311,SN-77054198,Standby,2021,20,Cast Iron,Pneumatic,High,High,C,198619,4.0,Yes,Bearing Oil / Grease,Manual / auto-lube
EQ00000381,SITE02,UNIT00005,AREA000027,ROTARY,Air Compressor,AIR-919,SN-37469800,Active,2023,30,Carbon Steel,Pneumatic,High,High,A,4760,2.8,Yes,Bearing Oil / Grease,Manual / auto-lube
EQ00000382,SITE02,UNIT00005,AREA000027,WORKSHOP,Welding Machine,WEL-307,SN-45874310,Active,2023,18,Stainless Steel,Mechanical,Medium,High,C,118437,19.5,Yes,Machine Oil / Grease,Manual
EQ00000383,SITE02,UNIT00005,AREA000030,WORKSHOP,Welding Machine,WEL-516,SN-33348882,Under Maintenance,2021,22,Alloy Steel,Pneumatic,Medium,High,B,77663,3.6,Yes,Machine Oil / Grease,Manual
EQ00000384,SITE02,UNIT00005,AREA000029,ENVIRONMENT,Effluent Treatment Unit,EFF-632,SN-23933855,Under Maintenance,2016,10,Alloy Steel,Process,High,Medium,C,44175,17.8,Yes,Pump Bearing Grease,Manual
EQ00000385,SITE02,UNIT00005,AREA000025,LIFTING,Hoist,HOI-347,SN-64508486,Active,2020,16,Carbon Steel,Mechanical,High,High,A,5251,0.8,Yes,Wire Rope / Gear Grease,Manual
EQ00000386,SITE02,UNIT00005,AREA000028,PIPING,Pig Launcher/Receiver,PIG-611,SN-52900260,Active,2016,10,Alloy Steel,Mixed,High,High,B,101599,18.1,No,N/A,N/A
EQ00000387,SITE02,UNIT00005,AREA000029,INSTRUMENTATION,Control Valve,CON-135,SN-53335214,Active,2023,27,Cast Iron,Mechanical,High,High,C,108638,2.4,No,N/A,N/A
EQ00000388,SITE02,UNIT00005,AREA000029,ELECTRICAL,Motor Control Centre,MOT-536,SN-24720271,Active,2021,12,Stainless Steel,Pneumatic,Critical,High,B,66285,0.2,Some,Bearing Grease,Manual
EQ00000389,SITE02,UNIT00005,AREA000030,INSTRUMENTATION,Gas Detector,GAS-121,SN-80487824,Active,2022,30,Carbon Steel,Pneumatic,Critical,Critical,B,9791,6.8,No,N/A,N/A
EQ00000390,SITE02,UNIT00005,AREA000027,STATIC,Storage Tank,STO-864,SN-62440176,Active,2018,21,Carbon Steel,Process,Critical,High,A,30557,12.6,No,N/A,N/A
EQ00000391,SITE02,UNIT00005,AREA000026,DRILLING,Mud Tank,MUD-741,SN-65500187,Active,2019,17,Alloy Steel,Pneumatic,High,Medium,A,198229,10.4,Yes,EP Gear Oil / Grease,Grease gun / centralized
EQ00000392,SITE02,UNIT00005,AREA000025,WORKSHOP,Air Receiver,AIR-891,SN-96087267,Active,2018,21,Alloy Steel,Pneumatic,High,High,B,122767,15.6,Yes,Machine Oil / Grease,Manual
EQ00000393,SITE02,UNIT00005,AREA000026,INSTRUMENTATION,Control Valve,CON-295,SN-56776651,Active,2025,16,Alloy Steel,Process,High,High,C,108882,6.8,No,N/A,N/A
EQ00000394,SITE02,UNIT00005,AREA000027,LIFTING,Hoist,HOI-360,SN-91333763,Active,2018,18,Carbon Steel,Pneumatic,High,High,C,104043,0.2,Yes,Wire Rope / Gear Grease,Manual
EQ00000395,SITE02,UNIT00005,AREA000025,STATIC,Boiler,BOI-210,SN-83617175,Under Maintenance,2020,18,Stainless Steel,Electrical,Critical,High,C,181020,10.2,No,N/A,N/A
EQ00000396,SITE02,UNIT00005,AREA000028,INSTRUMENTATION,Gas Detector,GAS-654,SN-92717934,Active,2019,15,Carbon Steel,Process,Critical,Critical,C,161991,23.5,No,N/A,N/A
EQ00000397,SITE02,UNIT00005,AREA000028,PRODUCTION,Gas Compressor,GAS-253,SN-61603430,Under Maintenance,2023,22,Carbon Steel,Process,Critical,Critical,B,54773,21.2,Yes,Process/Mechanical Lubricant,Manual / automated
EQ00000398,SITE02,UNIT00005,AREA000028,PIPING,Pipeline Valve,PIP-602,SN-68558100,Standby,2016,23,Carbon Steel,Pneumatic,High,High,B,92286,5.6,No,N/A,N/A
EQ00000399,SITE02,UNIT00005,AREA000028,PRODUCTION,Produced Water Pump,PRO-991,SN-34967191,Active,2020,23,Alloy Steel,Mechanical,High,Medium,C,18505,5.6,Yes,Process/Mechanical Lubricant,Manual / automated
EQ00000400,SITE02,UNIT00005,AREA000026,INSTRUMENTATION,Pressure Transmitter,PRE-227,SN-72080682,Under Maintenance,2024,21,Stainless Steel,Mechanical,High,High,C,49970,6.0,No,N/A,N/A
EQ00000401,SITE02,UNIT00005,AREA000025,PRODUCTION,Produced Water Pump,PRO-265,SN-95917615,Under Maintenance,2019,11,Carbon Steel,Pneumatic,High,Medium,A,1150,7.0,Yes,Process/Mechanical Lubricant,Manual / automated
EQ00000402,SITE02,UNIT00006,AREA000033,WORKSHOP,Grinding Machine,GRI-985,SN-89246161,Active,2023,30,Alloy Steel,Pneumatic,Medium,High,A,38307,0.5,Yes,Machine Oil / Grease,Manual
EQ00000403,SITE02,UNIT00006,AREA000035,WORKSHOP,Grinding Machine,GRI-940,SN-78794840,Under Maintenance,2021,25,Carbon Steel,Pneumatic,Medium,High,A,93401,8.0,Yes,Machine Oil / Grease,Manual
EQ00000404,SITE02,UNIT00006,AREA000038,PIPING,Process Pipeline,PRO-543,SN-78984106,Active,2023,27,Carbon Steel,Mechanical,Critical,High,B,87547,15.9,No,N/A,N/A
EQ00000405,SITE02,UNIT00006,AREA000032,PRODUCTION,Crude Oil Pump,CRU-579,SN-32226983,Standby,2019,13,Carbon Steel,Mixed,High,High,B,90846,14.8,Yes,Process/Mechanical Lubricant,Manual / automated
EQ00000406,SITE02,UNIT00006,AREA000033,ELECTRICAL,Motor Control Centre,MOT-328,SN-39387314,Active,2024,24,Stainless Steel,Electrical,Critical,High,C,143136,12.2,Some,Bearing Grease,Manual
EQ00000407,SITE02,UNIT00006,AREA000033,PIPING,Pipeline Valve,PIP-434,SN-89650979,Standby,2025,12,Carbon Steel,Electrical,High,High,A,194312,0.3,No,N/A,N/A
EQ00000408,SITE02,UNIT00006,AREA000037,INSTRUMENTATION,Emergency Shutdown System,EME-210,SN-45880464,Under Maintenance,2023,19,Carbon Steel,Process,Critical,Critical,B,37337,1.7,No,N/A,N/A
EQ00000409,SITE02,UNIT00006,AREA000031,VEHICLE,Heavy Utility Vehicle,HEA-996,SN-25799861,Active,2025,13,Cast Iron,Mechanical,Medium,Medium,A,190469,1.9,Yes,Engine / Gear Lubricant,Workshop service
EQ00000410,SITE02,UNIT00006,AREA000031,ENVIRONMENT,Oil Water Separator,OIL-498,SN-35039993,Standby,2020,24,Cast Iron,Mixed,High,Medium,B,118863,3.3,Yes,Pump Bearing Grease,Manual
EQ00000411,SITE02,UNIT00006,AREA000036,SAFETY,Fire Water Pump,FIR-102,SN-24038805,Standby,2021,26,Stainless Steel,Mechanical,Critical,Critical,A,88167,16.4,Some,Pump Bearing Grease,Manual
EQ00000412,SITE02,UNIT00006,AREA000034,PRODUCTION,Produced Water Pump,PRO-360,SN-62990847,Active,2025,10,Stainless Steel,Electrical,High,Medium,A,118768,5.8,Yes,Process/Mechanical Lubricant,Manual / automated
EQ00000413,SITE02,UNIT00006,AREA000035,VEHICLE,Emergency Response Vehicle,EME-975,SN-41518806,Standby,2017,27,Alloy Steel,Mechanical,High,High,C,172993,4.9,Yes,Engine / Gear Lubricant,Workshop service
EQ00000414,SITE02,UNIT00006,AREA000032,DRILLING,Top Drive,TOP-345,SN-18855990,Active,2016,15,Carbon Steel,Pneumatic,Critical,Critical,B,32834,12.1,Yes,EP Gear Oil / Grease,Grease gun / centralized
EQ00000415,SITE02,UNIT00006,AREA000033,WORKSHOP,Air Receiver,AIR-735,SN-95562356,Standby,2019,28,Carbon Steel,Mixed,High,High,A,173235,22.4,Yes,Machine Oil / Grease,Manual
EQ00000416,SITE02,UNIT00006,AREA000038,ELECTRICAL,Industrial Motor,IND-664,SN-55728427,Active,2024,29,Carbon Steel,Mixed,High,High,B,65497,7.6,Some,Bearing Grease,Manual
EQ00000417,SITE02,UNIT00006,AREA000032,PIPING,Process Pipeline,PRO-370,SN-54799885,Active,2017,13,Stainless Steel,Process,Critical,High,A,153627,19.2,No,N/A,N/A
EQ00000418,SITE02,UNIT00006,AREA000038,WORKSHOP,Air Receiver,AIR-580,SN-58469806,Standby,2016,27,Carbon Steel,Hydraulic,High,High,A,155888,22.6,Yes,Machine Oil / Grease,Manual
EQ00000419,SITE02,UNIT00006,AREA000037,WORKSHOP,Lathe Machine,LAT-944,SN-80837586,Active,2019,21,Stainless Steel,Pneumatic,Medium,Medium,C,108883,21.9,Yes,Machine Oil / Grease,Manual
EQ00000420,SITE02,UNIT00006,AREA000031,DRILLING,Top Drive,TOP-800,SN-62978256,Active,2017,16,Alloy Steel,Electrical,Critical,Critical,C,1738,15.7,Yes,EP Gear Oil / Grease,Grease gun / centralized
EQ00000421,SITE02,UNIT00006,AREA000034,STATIC,Storage Tank,STO-600,SN-46761893,Standby,2023,11,Alloy Steel,Electrical,Critical,High,B,122525,3.9,No,N/A,N/A
EQ00000422,SITE02,UNIT00006,AREA000033,LIFTING,Forklift,FOR-325,SN-68804717,Active,2023,10,Stainless Steel,Mixed,High,High,B,101815,5.3,Yes,Wire Rope / Gear Grease,Manual
EQ00000423,SITE02,UNIT00006,AREA000031,DRILLING,Wellhead,WEL-886,SN-84339493,Standby,2021,28,Alloy Steel,Electrical,Critical,Critical,B,51703,4.6,Yes,EP Gear Oil / Grease,Grease gun / centralized
EQ00000424,SITE02,UNIT00006,AREA000031,INSTRUMENTATION,Control Valve,CON-205,SN-85854351,Active,2017,17,Cast Iron,Electrical,High,High,A,123442,10.0,No,N/A,N/A
EQ00000425,SITE02,UNIT00006,AREA000034,LIFTING,Forklift,FOR-587,SN-47189249,Under Maintenance,2016,15,Carbon Steel,Pneumatic,High,High,A,108953,21.3,Yes,Wire Rope / Gear Grease,Manual
EQ00000426,SITE02,UNIT00006,AREA000033,PRODUCTION,Gas Sweetening Unit,GAS-855,SN-16067200,Active,2019,16,Stainless Steel,Mechanical,Critical,High,A,78332,11.1,Yes,Process/Mechanical Lubricant,Manual / automated
EQ00000427,SITE02,UNIT00006,AREA000037,VEHICLE,Oil Tanker,OIL-816,SN-32305534,Active,2019,26,Alloy Steel,Pneumatic,High,Critical,A,156784,12.8,Yes,Engine / Gear Lubricant,Workshop service
EQ00000428,SITE02,UNIT00006,AREA000038,DRILLING,Drawworks,DRA-765,SN-87935179,Active,2022,11,Stainless Steel,Process,Critical,Critical,A,34142,5.8,Yes,EP Gear Oil / Grease,Grease gun / centralized
EQ00000429,SITE02,UNIT00006,AREA000034,WORKSHOP,Welding Machine,WEL-630,SN-29840362,Under Maintenance,2017,24,Carbon Steel,Pneumatic,Medium,High,C,167161,13.2,Yes,Machine Oil / Grease,Manual
EQ00000430,SITE02,UNIT00006,AREA000037,INSTRUMENTATION,Gas Detector,GAS-913,SN-77648431,Active,2017,19,Alloy Steel,Mechanical,Critical,Critical,A,144071,19.5,No,N/A,N/A
EQ00000431,SITE02,UNIT00006,AREA000032,ELECTRICAL,Motor Control Centre,MOT-522,SN-30035090,Active,2019,26,Stainless Steel,Hydraulic,Critical,High,B,174362,1.3,Some,Bearing Grease,Manual
EQ00000432,SITE02,UNIT00006,AREA000032,DRILLING,Top Drive,TOP-358,SN-80944243,Active,2022,27,Carbon Steel,Hydraulic,Critical,Critical,C,193226,6.3,Yes,EP Gear Oil / Grease,Grease gun / centralized
EQ00000433,SITE02,UNIT00006,AREA000037,STATIC,Pressure Vessel,PRE-477,SN-80910050,Standby,2018,16,Carbon Steel,Hydraulic,Critical,Critical,B,22539,11.1,No,N/A,N/A
EQ00000434,SITE02,UNIT00006,AREA000037,PRODUCTION,Gas Dehydration Unit,GAS-521,SN-47552461,Active,2020,26,Carbon Steel,Mechanical,High,High,C,29564,8.9,Yes,Process/Mechanical Lubricant,Manual / automated
EQ00000435,SITE02,UNIT00006,AREA000034,STATIC,Fired Heater,FIR-925,SN-23713785,Active,2018,13,Cast Iron,Process,Critical,Critical,B,190071,21.1,No,N/A,N/A
EQ00000436,SITE02,UNIT00006,AREA000032,ROTARY,Positive Displacement Pump,POS-868,SN-92124494,Under Maintenance,2017,25,Alloy Steel,Pneumatic,High,High,A,122035,23.1,Yes,Bearing Oil / Grease,Manual / auto-lube
EQ00000437,SITE02,UNIT00006,AREA000036,PRODUCTION,Crude Oil Pump,CRU-911,SN-56411493,Active,2025,11,Carbon Steel,Hydraulic,High,High,C,19589,19.4,Yes,Process/Mechanical Lubricant,Manual / automated
EQ00000438,SITE02,UNIT00006,AREA000037,WORKSHOP,Lathe Machine,LAT-949,SN-59235889,Active,2016,20,Stainless Steel,Pneumatic,Medium,Medium,B,113373,10.5,Yes,Machine Oil / Grease,Manual
EQ00000439,SITE02,UNIT00006,AREA000034,WORKSHOP,Air Receiver,AIR-279,SN-39340542,Active,2017,20,Alloy Steel,Electrical,High,High,B,134451,13.3,Yes,Machine Oil / Grease,Manual
EQ00000440,SITE02,UNIT00006,AREA000036,PRODUCTION,Crude Oil Pump,CRU-841,SN-26661403,Active,2025,13,Alloy Steel,Pneumatic,High,High,C,182919,0.5,Yes,Process/Mechanical Lubricant,Manual / automated
EQ00000441,SITE02,UNIT00006,AREA000035,PIPING,Relief Valve,REL-757,SN-91156098,Under Maintenance,2024,24,Carbon Steel,Process,Critical,Critical,B,39058,12.9,No,N/A,N/A
EQ00000442,SITE02,UNIT00006,AREA000032,PRODUCTION,Crude Oil Pump,CRU-882,SN-66063235,Active,2023,30,Cast Iron,Mechanical,High,High,C,57598,7.5,Yes,Process/Mechanical Lubricant,Manual / automated
EQ00000443,SITE02,UNIT00006,AREA000036,ROTARY,Centrifugal Pump,CEN-792,SN-29677965,Standby,2024,18,Carbon Steel,Process,High,High,B,151185,9.1,Yes,Bearing Oil / Grease,Manual / auto-lube
EQ00000444,SITE02,UNIT00006,AREA000034,PIPING,Pipeline Valve,PIP-106,SN-99619369,Under Maintenance,2016,23,Cast Iron,Pneumatic,High,High,A,15457,2.9,No,N/A,N/A
EQ00000445,SITE02,UNIT00006,AREA000038,STATIC,Pressure Vessel,PRE-553,SN-90374368,Active,2023,22,Stainless Steel,Electrical,Critical,Critical,C,118709,21.3,No,N/A,N/A
EQ00000446,SITE02,UNIT00006,AREA000033,STATIC,Fired Heater,FIR-466,SN-32984583,Active,2021,21,Cast Iron,Electrical,Critical,Critical,B,143786,22.3,No,N/A,N/A
EQ00000447,SITE02,UNIT00006,AREA000037,LIFTING,Overhead Crane,OVE-622,SN-15771530,Active,2020,23,Alloy Steel,Hydraulic,High,Critical,A,62999,10.9,Yes,Wire Rope / Gear Grease,Manual
EQ00000448,SITE02,UNIT00006,AREA000037,ENVIRONMENT,Oil Water Separator,OIL-995,SN-82391660,Active,2019,13,Stainless Steel,Process,High,Medium,C,84477,9.9,Yes,Pump Bearing Grease,Manual
EQ00000449,SITE02,UNIT00006,AREA000033,PIPING,Pig Launcher/Receiver,PIG-329,SN-94446429,Active,2018,20,Stainless Steel,Electrical,High,High,B,178929,21.0,No,N/A,N/A
EQ00000450,SITE02,UNIT00006,AREA000033,DRILLING,Top Drive,TOP-138,SN-54410181,Active,2018,29,Stainless Steel,Mixed,Critical,Critical,C,114547,23.4,Yes,EP Gear Oil / Grease,Grease gun / centralized
EQ00000451,SITE02,UNIT00006,AREA000034,VEHICLE,Heavy Utility Vehicle,HEA-887,SN-98144370,Active,2024,10,Cast Iron,Hydraulic,Medium,Medium,B,21445,23.1,Yes,Engine / Gear Lubricant,Workshop service
EQ00000452,SITE02,UNIT00006,AREA000031,DRILLING,Top Drive,TOP-758,SN-34996331,Active,2022,21,Carbon Steel,Mixed,Critical,Critical,B,8837,16.0,Yes,EP Gear Oil / Grease,Grease gun / centralized
EQ00000453,SITE02,UNIT00006,AREA000033,ENVIRONMENT,Oil Water Separator,OIL-857,SN-87316551,Active,2024,22,Stainless Steel,Mechanical,High,Medium,C,151102,22.4,Yes,Pump Bearing Grease,Manual
EQ00000454,SITE02,UNIT00006,AREA000034,ROTARY,Centrifugal Pump,CEN-208,SN-85153004,Standby,2024,21,Alloy Steel,Electrical,High,High,C,129354,12.5,Yes,Bearing Oil / Grease,Manual / auto-lube
EQ00000455,SITE02,UNIT00006,AREA000037,ELECTRICAL,Industrial Motor,IND-190,SN-53653777,Active,2020,24,Carbon Steel,Hydraulic,High,High,B,54030,2.7,Some,Bearing Grease,Manual
EQ00000456,SITE02,UNIT00006,AREA000032,ELECTRICAL,Switchgear,SWI-636,SN-73469914,Under Maintenance,2025,11,Stainless Steel,Pneumatic,Critical,Critical,A,72219,8.7,Some,Bearing Grease,Manual
EQ00000457,SITE02,UNIT00006,AREA000035,ELECTRICAL,Switchgear,SWI-747,SN-55571777,Under Maintenance,2024,23,Alloy Steel,Hydraulic,Critical,Critical,C,161864,7.0,Some,Bearing Grease,Manual
EQ00000458,SITE02,UNIT00006,AREA000034,VEHICLE,Emergency Response Vehicle,EME-431,SN-55624601,Standby,2016,11,Stainless Steel,Mixed,High,High,C,112590,13.4,Yes,Engine / Gear Lubricant,Workshop service
EQ00000459,SITE02,UNIT00006,AREA000033,DRILLING,Top Drive,TOP-394,SN-38071746,Active,2021,26,Stainless Steel,Mechanical,Critical,Critical,C,143439,19.4,Yes,EP Gear Oil / Grease,Grease gun / centralized
EQ00000460,SITE02,UNIT00006,AREA000035,ROTARY,Centrifugal Pump,CEN-263,SN-37374649,Under Maintenance,2023,24,Alloy Steel,Electrical,High,High,C,44269,18.4,Yes,Bearing Oil / Grease,Manual / auto-lube
EQ00000461,SITE02,UNIT00006,AREA000038,ROTARY,Positive Displacement Pump,POS-760,SN-72917577,Active,2017,12,Cast Iron,Mixed,High,High,A,52988,10.7,Yes,Bearing Oil / Grease,Manual / auto-lube
EQ00000462,SITE02,UNIT00006,AREA000033,SAFETY,Fire Water Pump,FIR-270,SN-53634520,Active,2019,17,Stainless Steel,Hydraulic,Critical,Critical,C,81756,6.5,Some,Pump Bearing Grease,Manual
EQ00000463,SITE02,UNIT00006,AREA000033,PRODUCTION,Gas Dehydration Unit,GAS-171,SN-31755294,Active,2023,20,Stainless Steel,Mixed,High,High,C,123817,18.3,Yes,Process/Mechanical Lubricant,Manual / automated
EQ00000464,SITE02,UNIT00006,AREA000034,INSTRUMENTATION,Emergency Shutdown System,EME-503,SN-18171310,Active,2024,16,Carbon Steel,Hydraulic,Critical,Critical,B,62941,22.1,No,N/A,N/A
EQ00000465,SITE02,UNIT00006,AREA000034,PRODUCTION,Gas Compressor,GAS-383,SN-97745470,Under Maintenance,2023,16,Carbon Steel,Process,Critical,Critical,A,2287,13.9,Yes,Process/Mechanical Lubricant,Manual / automated
EQ00000466,SITE02,UNIT00006,AREA000033,WORKSHOP,Air Receiver,AIR-142,SN-26234545,Under Maintenance,2018,11,Cast Iron,Mechanical,High,High,C,90899,15.9,Yes,Machine Oil / Grease,Manual
EQ00000467,SITE02,UNIT00006,AREA000033,ROTARY,Centrifugal Pump,CEN-393,SN-60409083,Active,2025,10,Stainless Steel,Mixed,High,High,B,92743,17.3,Yes,Bearing Oil / Grease,Manual / auto-lube
EQ00000468,SITE02,UNIT00006,AREA000037,INSTRUMENTATION,Control Valve,CON-662,SN-53840736,Under Maintenance,2021,21,Cast Iron,Hydraulic,High,High,A,56577,20.3,No,N/A,N/A
EQ00000469,SITE03,UNIT00007,AREA000043,ELECTRICAL,Transformer,TRA-947,SN-94790000,Active,2018,17,Alloy Steel,Electrical,Critical,High,A,16374,3.1,Some,Bearing Grease,Manual
EQ00000470,SITE03,UNIT00007,AREA000042,VEHICLE,Oil Tanker,OIL-925,SN-65374574,Under Maintenance,2016,17,Carbon Steel,Pneumatic,High,Critical,B,73396,18.3,Yes,Engine / Gear Lubricant,Workshop service
EQ00000471,SITE03,UNIT00007,AREA000046,LIFTING,Mobile Crane,MOB-352,SN-17232064,Standby,2017,17,Alloy Steel,Electrical,Critical,Critical,A,76425,8.7,Yes,Wire Rope / Gear Grease,Manual
EQ00000472,SITE03,UNIT00007,AREA000042,PRODUCTION,Gas Compressor,GAS-512,SN-31016411,Standby,2025,18,Cast Iron,Pneumatic,Critical,Critical,B,40036,2.0,Yes,Process/Mechanical Lubricant,Manual / automated
EQ00000473,SITE03,UNIT00007,AREA000046,DRILLING,Blowout Preventer,BLO-597,SN-99461018,Standby,2025,13,Alloy Steel,Electrical,Critical,Critical,A,197351,15.8,Yes,EP Gear Oil / Grease,Grease gun / centralized
EQ00000474,SITE03,UNIT00007,AREA000045,ELECTRICAL,Motor Control Centre,MOT-641,SN-76145774,Active,2025,30,Carbon Steel,Mechanical,Critical,High,B,155748,10.6,Some,Bearing Grease,Manual
EQ00000475,SITE03,UNIT00007,AREA000043,ROTARY,Air Compressor,AIR-682,SN-25292558,Under Maintenance,2025,24,Carbon Steel,Electrical,High,High,C,70235,4.0,Yes,Bearing Oil / Grease,Manual / auto-lube
EQ00000476,SITE03,UNIT00007,AREA000043,INSTRUMENTATION,Pressure Transmitter,PRE-131,SN-19477031,Under Maintenance,2024,22,Alloy Steel,Hydraulic,High,High,C,37238,3.9,No,N/A,N/A
EQ00000477,SITE03,UNIT00007,AREA000040,LIFTING,Forklift,FOR-962,SN-35355653,Standby,2018,28,Carbon Steel,Hydraulic,High,High,C,106704,2.3,Yes,Wire Rope / Gear Grease,Manual
EQ00000478,SITE03,UNIT00007,AREA000045,DRILLING,Mud Pump,MUD-463,SN-67331056,Active,2017,25,Stainless Steel,Mechanical,Critical,High,B,75479,16.2,Yes,EP Gear Oil / Grease,Grease gun / centralized
EQ00000479,SITE03,UNIT00007,AREA000043,INSTRUMENTATION,Gas Detector,GAS-623,SN-51928769,Active,2023,12,Cast Iron,Electrical,Critical,Critical,A,148019,8.2,No,N/A,N/A
EQ00000480,SITE03,UNIT00007,AREA000040,ELECTRICAL,Motor Control Centre,MOT-407,SN-19912388,Active,2017,13,Stainless Steel,Hydraulic,Critical,High,C,199047,23.7,Some,Bearing Grease,Manual
EQ00000481,SITE03,UNIT00007,AREA000043,STATIC,Storage Tank,STO-607,SN-29413864,Active,2020,13,Carbon Steel,Pneumatic,Critical,High,B,171468,0.9,No,N/A,N/A
EQ00000482,SITE03,UNIT00007,AREA000045,ELECTRICAL,UPS System,UPS-953,SN-83974497,Active,2023,13,Alloy Steel,Electrical,Medium,Medium,B,72006,10.0,Some,Bearing Grease,Manual
EQ00000483,SITE03,UNIT00007,AREA000039,INSTRUMENTATION,Emergency Shutdown System,EME-227,SN-92369031,Active,2017,29,Stainless Steel,Electrical,Critical,Critical,C,126241,23.9,No,N/A,N/A
EQ00000484,SITE03,UNIT00007,AREA000044,INSTRUMENTATION,Control Valve,CON-157,SN-60866227,Standby,2025,10,Carbon Steel,Electrical,High,High,C,172983,15.7,No,N/A,N/A
EQ00000485,SITE03,UNIT00007,AREA000046,DRILLING,Mud Pump,MUD-886,SN-52806362,Active,2020,16,Carbon Steel,Pneumatic,Critical,High,A,64574,20.6,Yes,EP Gear Oil / Grease,Grease gun / centralized
EQ00000486,SITE03,UNIT00007,AREA000046,INSTRUMENTATION,Pressure Transmitter,PRE-589,SN-98133285,Standby,2022,19,Cast Iron,Mechanical,High,High,B,161765,1.7,No,N/A,N/A
EQ00000487,SITE03,UNIT00007,AREA000046,LIFTING,Forklift,FOR-628,SN-63161086,Standby,2025,25,Stainless Steel,Mechanical,High,High,A,46321,13.9,Yes,Wire Rope / Gear Grease,Manual
EQ00000488,SITE03,UNIT00007,AREA000039,STATIC,Fired Heater,FIR-667,SN-57023772,Active,2023,21,Alloy Steel,Process,Critical,Critical,A,82202,3.2,No,N/A,N/A
EQ00000489,SITE03,UNIT00007,AREA000046,LIFTING,Overhead Crane,OVE-888,SN-82110743,Under Maintenance,2020,25,Carbon Steel,Pneumatic,High,Critical,B,105371,18.4,Yes,Wire Rope / Gear Grease,Manual
EQ00000490,SITE03,UNIT00007,AREA000041,INSTRUMENTATION,Control Valve,CON-739,SN-40794547,Active,2020,17,Alloy Steel,Electrical,High,High,A,184502,18.9,No,N/A,N/A
EQ00000491,SITE03,UNIT00007,AREA000042,INSTRUMENTATION,Pressure Transmitter,PRE-470,SN-18852650,Standby,2024,29,Stainless Steel,Pneumatic,High,High,C,145826,2.7,No,N/A,N/A
EQ00000492,SITE03,UNIT00007,AREA000042,ENVIRONMENT,Oil Water Separator,OIL-929,SN-22018085,Under Maintenance,2016,27,Cast Iron,Mixed,High,Medium,B,46882,6.5,Yes,Pump Bearing Grease,Manual
EQ00000493,SITE03,UNIT00007,AREA000042,WORKSHOP,Grinding Machine,GRI-629,SN-79079708,Active,2018,28,Stainless Steel,Mechanical,Medium,High,A,32752,1.2,Yes,Machine Oil / Grease,Manual
EQ00000494,SITE03,UNIT00007,AREA000040,ELECTRICAL,Switchgear,SWI-163,SN-41572277,Under Maintenance,2020,19,Alloy Steel,Mixed,Critical,Critical,A,169074,22.6,Some,Bearing Grease,Manual
EQ00000495,SITE03,UNIT00007,AREA000045,DRILLING,Mud Pump,MUD-103,SN-59668381,Active,2018,20,Cast Iron,Pneumatic,Critical,High,A,87876,0.6,Yes,EP Gear Oil / Grease,Grease gun / centralized
EQ00000496,SITE03,UNIT00007,AREA000045,SAFETY,Fire Hydrant,FIR-937,SN-89387274,Active,2025,29,Cast Iron,Electrical,High,High,C,162264,0.5,Some,Pump Bearing Grease,Manual
EQ00000497,SITE03,UNIT00007,AREA000045,STATIC,Fired Heater,FIR-471,SN-70872342,Active,2018,28,Cast Iron,Pneumatic,Critical,Critical,A,182721,14.3,No,N/A,N/A
EQ00000498,SITE03,UNIT00007,AREA000046,PIPING,Pig Launcher/Receiver,PIG-567,SN-49028814,Active,2023,14,Cast Iron,Hydraulic,High,High,B,158842,4.5,No,N/A,N/A
EQ00000499,SITE03,UNIT00007,AREA000043,PIPING,Process Pipeline,PRO-372,SN-27702023,Active,2021,27,Alloy Steel,Mixed,Critical,High,B,98739,11.7,No,N/A,N/A
EQ00000500,SITE03,UNIT00007,AREA000041,ELECTRICAL,Motor Control Centre,MOT-967,SN-73082694,Active,2020,26,Stainless Steel,Process,Critical,High,C,87009,21.3,Some,Bearing Grease,Manual
EQ00000501,SITE03,UNIT00007,AREA000041,PRODUCTION,Gas Compressor,GAS-926,SN-24657555,Active,2023,20,Stainless Steel,Pneumatic,Critical,Critical,A,196960,21.1,Yes,Process/Mechanical Lubricant,Manual / automated
EQ00000502,SITE03,UNIT00007,AREA000045,STATIC,Pressure Vessel,PRE-234,SN-89883430,Active,2021,18,Cast Iron,Electrical,Critical,Critical,B,193073,2.2,No,N/A,N/A
EQ00000503,SITE03,UNIT00007,AREA000041,DRILLING,Wellhead,WEL-642,SN-18116882,Standby,2022,18,Cast Iron,Electrical,Critical,Critical,C,113529,10.8,Yes,EP Gear Oil / Grease,Grease gun / centralized
EQ00000504,SITE03,UNIT00007,AREA000044,ENVIRONMENT,Effluent Treatment Unit,EFF-734,SN-55038576,Active,2023,12,Alloy Steel,Pneumatic,High,Medium,A,54999,13.6,Yes,Pump Bearing Grease,Manual
EQ00000505,SITE03,UNIT00007,AREA000044,ROTARY,Air Compressor,AIR-821,SN-69751747,Standby,2020,11,Stainless Steel,Mechanical,High,High,C,7237,9.8,Yes,Bearing Oil / Grease,Manual / auto-lube
EQ00000506,SITE03,UNIT00007,AREA000044,ELECTRICAL,Motor Control Centre,MOT-548,SN-47919132,Active,2016,25,Carbon Steel,Pneumatic,Critical,High,C,51138,20.3,Some,Bearing Grease,Manual
EQ00000507,SITE03,UNIT00007,AREA000044,PRODUCTION,Gas Compressor,GAS-731,SN-33389105,Under Maintenance,2025,21,Alloy Steel,Mechanical,Critical,Critical,B,180837,13.7,Yes,Process/Mechanical Lubricant,Manual / automated
EQ00000508,SITE03,UNIT00007,AREA000046,WORKSHOP,Hydraulic Press,HYD-369,SN-15917502,Active,2023,25,Alloy Steel,Mixed,Medium,High,C,33848,17.2,Yes,Machine Oil / Grease,Manual
EQ00000509,SITE03,UNIT00007,AREA000044,STATIC,Storage Tank,STO-233,SN-62501008,Active,2020,19,Carbon Steel,Pneumatic,Critical,High,C,67786,4.5,No,N/A,N/A
EQ00000510,SITE03,UNIT00007,AREA000045,DRILLING,Blowout Preventer,BLO-359,SN-42611649,Active,2024,14,Carbon Steel,Electrical,Critical,Critical,B,103913,10.7,Yes,EP Gear Oil / Grease,Grease gun / centralized
EQ00000511,SITE03,UNIT00007,AREA000039,PRODUCTION,Crude Oil Pump,CRU-568,SN-59666464,Active,2018,26,Stainless Steel,Electrical,High,High,B,122095,23.6,Yes,Process/Mechanical Lubricant,Manual / automated
EQ00000512,SITE03,UNIT00007,AREA000040,ENVIRONMENT,Oil Water Separator,OIL-686,SN-75610054,Active,2024,21,Carbon Steel,Pneumatic,High,Medium,A,30377,12.1,Yes,Pump Bearing Grease,Manual
EQ00000513,SITE03,UNIT00007,AREA000042,SAFETY,Fire Alarm Panel,FIR-647,SN-91050580,Active,2023,12,Cast Iron,Process,High,High,A,134305,21.8,Some,Pump Bearing Grease,Manual
EQ00000514,SITE03,UNIT00007,AREA000045,INSTRUMENTATION,Control Valve,CON-691,SN-90858593,Active,2021,10,Stainless Steel,Mixed,High,High,C,193619,0.4,No,N/A,N/A
EQ00000515,SITE03,UNIT00007,AREA000040,LIFTING,Overhead Crane,OVE-443,SN-16312908,Standby,2022,18,Cast Iron,Mechanical,High,Critical,A,179829,23.6,Yes,Wire Rope / Gear Grease,Manual
EQ00000516,SITE03,UNIT00007,AREA000043,ELECTRICAL,Industrial Motor,IND-985,SN-91620278,Active,2022,15,Stainless Steel,Electrical,High,High,A,70119,6.0,Some,Bearing Grease,Manual
EQ00000517,SITE03,UNIT00007,AREA000044,ELECTRICAL,Industrial Motor,IND-410,SN-88009158,Active,2016,18,Alloy Steel,Mixed,High,High,A,116599,23.2,Some,Bearing Grease,Manual
EQ00000518,SITE03,UNIT00007,AREA000040,STATIC,Storage Tank,STO-517,SN-29799652,Active,2025,19,Carbon Steel,Mixed,Critical,High,C,150656,16.4,No,N/A,N/A
EQ00000519,SITE03,UNIT00007,AREA000039,ENVIRONMENT,Effluent Treatment Unit,EFF-836,SN-45846358,Active,2021,24,Cast Iron,Mixed,High,Medium,C,177983,6.5,Yes,Pump Bearing Grease,Manual
EQ00000520,SITE03,UNIT00007,AREA000043,LIFTING,Overhead Crane,OVE-180,SN-33767704,Active,2018,19,Alloy Steel,Electrical,High,Critical,C,183908,21.8,Yes,Wire Rope / Gear Grease,Manual
EQ00000521,SITE03,UNIT00007,AREA000040,VEHICLE,Oil Tanker,OIL-153,SN-99616888,Active,2020,30,Stainless Steel,Mechanical,High,Critical,A,109909,19.6,Yes,Engine / Gear Lubricant,Workshop service
EQ00000522,SITE03,UNIT00007,AREA000043,LIFTING,Hoist,HOI-260,SN-38066975,Active,2021,18,Stainless Steel,Pneumatic,High,High,C,121757,6.3,Yes,Wire Rope / Gear Grease,Manual
EQ00000523,SITE03,UNIT00007,AREA000039,ROTARY,Centrifugal Pump,CEN-934,SN-30468290,Standby,2021,27,Carbon Steel,Electrical,High,High,B,86323,15.6,Yes,Bearing Oil / Grease,Manual / auto-lube
EQ00000524,SITE03,UNIT00007,AREA000041,STATIC,Boiler,BOI-303,SN-26323980,Active,2016,22,Alloy Steel,Hydraulic,Critical,High,C,41415,12.5,No,N/A,N/A
EQ00000525,SITE03,UNIT00007,AREA000045,PIPING,Process Pipeline,PRO-189,SN-78085419,Active,2022,11,Cast Iron,Pneumatic,Critical,High,A,13833,13.3,No,N/A,N/A
EQ00000526,SITE03,UNIT00007,AREA000041,PIPING,Process Pipeline,PRO-321,SN-30503941,Active,2019,15,Carbon Steel,Mixed,Critical,High,A,198756,14.6,No,N/A,N/A
EQ00000527,SITE03,UNIT00007,AREA000039,SAFETY,Foam System,FOA-506,SN-76005098,Active,2020,13,Stainless Steel,Electrical,Critical,High,B,176374,7.6,Some,Pump Bearing Grease,Manual
EQ00000528,SITE03,UNIT00007,AREA000040,WORKSHOP,Grinding Machine,GRI-741,SN-98541856,Active,2018,21,Carbon Steel,Pneumatic,Medium,High,C,71167,1.8,Yes,Machine Oil / Grease,Manual
EQ00000529,SITE03,UNIT00007,AREA000046,ELECTRICAL,Switchgear,SWI-239,SN-98802796,Active,2017,14,Alloy Steel,Electrical,Critical,Critical,A,150834,5.9,Some,Bearing Grease,Manual
EQ00000530,SITE03,UNIT00007,AREA000040,ROTARY,Centrifugal Pump,CEN-436,SN-51441964,Active,2022,10,Alloy Steel,Mechanical,High,High,A,33686,3.6,Yes,Bearing Oil / Grease,Manual / auto-lube
EQ00000531,SITE03,UNIT00007,AREA000045,LIFTING,Mobile Crane,MOB-510,SN-49962506,Under Maintenance,2023,24,Cast Iron,Hydraulic,Critical,Critical,A,111045,19.6,Yes,Wire Rope / Gear Grease,Manual
EQ00000532,SITE03,UNIT00007,AREA000044,INSTRUMENTATION,Gas Detector,GAS-265,SN-81003352,Active,2017,24,Cast Iron,Mixed,Critical,Critical,A,112821,7.3,No,N/A,N/A
EQ00000533,SITE03,UNIT00007,AREA000040,PRODUCTION,Three-Phase Separator,THR-726,SN-26282257,Standby,2020,28,Stainless Steel,Process,Critical,High,A,185991,22.7,Yes,Process/Mechanical Lubricant,Manual / automated
EQ00000534,SITE03,UNIT00007,AREA000040,PRODUCTION,Gas Sweetening Unit,GAS-878,SN-86639255,Standby,2016,14,Carbon Steel,Mixed,Critical,High,A,31184,20.7,Yes,Process/Mechanical Lubricant,Manual / automated
EQ00000535,SITE03,UNIT00007,AREA000043,ELECTRICAL,Switchgear,SWI-680,SN-68094439,Active,2020,22,Carbon Steel,Mechanical,Critical,Critical,C,161153,5.4,Some,Bearing Grease,Manual
EQ00000536,SITE03,UNIT00007,AREA000040,PRODUCTION,Crude Oil Pump,CRU-724,SN-39313269,Active,2025,18,Alloy Steel,Process,High,High,B,50585,6.3,Yes,Process/Mechanical Lubricant,Manual / automated
EQ00000537,SITE03,UNIT00007,AREA000042,INSTRUMENTATION,Emergency Shutdown System,EME-831,SN-87771867,Standby,2023,26,Cast Iron,Process,Critical,Critical,A,9564,13.3,No,N/A,N/A
EQ00000538,SITE03,UNIT00007,AREA000041,PRODUCTION,Gas Dehydration Unit,GAS-869,SN-55201053,Active,2023,16,Stainless Steel,Mechanical,High,High,C,41191,15.0,Yes,Process/Mechanical Lubricant,Manual / automated
EQ00000539,SITE03,UNIT00007,AREA000044,INSTRUMENTATION,Gas Detector,GAS-866,SN-17605519,Active,2019,18,Alloy Steel,Mechanical,Critical,Critical,A,21510,22.6,No,N/A,N/A
EQ00000540,SITE03,UNIT00007,AREA000045,LIFTING,Hoist,HOI-776,SN-83345228,Standby,2020,13,Cast Iron,Mixed,High,High,C,182137,11.9,Yes,Wire Rope / Gear Grease,Manual
EQ00000541,SITE03,UNIT00007,AREA000045,DRILLING,Wellhead,WEL-388,SN-44188269,Under Maintenance,2024,14,Stainless Steel,Pneumatic,Critical,Critical,A,165416,4.6,Yes,EP Gear Oil / Grease,Grease gun / centralized
EQ00000542,SITE03,UNIT00007,AREA000039,DRILLING,Blowout Preventer,BLO-398,SN-14839040,Active,2023,29,Stainless Steel,Hydraulic,Critical,Critical,A,155076,23.3,Yes,EP Gear Oil / Grease,Grease gun / centralized
EQ00000543,SITE03,UNIT00007,AREA000044,DRILLING,Wellhead,WEL-705,SN-96711226,Standby,2020,16,Stainless Steel,Mixed,Critical,Critical,C,1395,16.6,Yes,EP Gear Oil / Grease,Grease gun / centralized
EQ00000544,SITE03,UNIT00007,AREA000046,INSTRUMENTATION,Gas Detector,GAS-363,SN-93740325,Active,2023,22,Cast Iron,Mixed,Critical,Critical,C,55841,3.9,No,N/A,N/A
EQ00000545,SITE03,UNIT00007,AREA000045,STATIC,Boiler,BOI-143,SN-30352073,Under Maintenance,2019,20,Alloy Steel,Mixed,Critical,High,C,153453,9.7,No,N/A,N/A
EQ00000546,SITE03,UNIT00007,AREA000042,PIPING,Process Pipeline,PRO-165,SN-96216933,Active,2018,15,Stainless Steel,Electrical,Critical,High,A,20993,9.0,No,N/A,N/A
EQ00000547,SITE03,UNIT00007,AREA000046,SAFETY,Fire Water Pump,FIR-951,SN-52101199,Under Maintenance,2019,20,Cast Iron,Mixed,Critical,Critical,B,74864,22.7,Some,Pump Bearing Grease,Manual
EQ00000548,SITE03,UNIT00007,AREA000043,ROTARY,Positive Displacement Pump,POS-807,SN-80712066,Active,2025,30,Stainless Steel,Process,High,High,C,53209,2.8,Yes,Bearing Oil / Grease,Manual / auto-lube
EQ00000549,SITE03,UNIT00007,AREA000039,INSTRUMENTATION,Pressure Transmitter,PRE-929,SN-34086771,Active,2021,17,Stainless Steel,Process,High,High,C,1500,22.5,No,N/A,N/A
EQ00000550,SITE03,UNIT00007,AREA000046,STATIC,Boiler,BOI-864,SN-21180576,Under Maintenance,2022,20,Carbon Steel,Mixed,Critical,High,C,197619,19.9,No,N/A,N/A
EQ00000551,SITE03,UNIT00007,AREA000045,ENVIRONMENT,Effluent Treatment Unit,EFF-766,SN-15831593,Standby,2017,30,Alloy Steel,Process,High,Medium,A,2644,15.3,Yes,Pump Bearing Grease,Manual
EQ00000552,SITE03,UNIT00008,AREA000050,SAFETY,Foam System,FOA-493,SN-32926391,Under Maintenance,2024,21,Carbon Steel,Mechanical,Critical,High,B,118497,5.0,Some,Pump Bearing Grease,Manual
EQ00000553,SITE03,UNIT00008,AREA000047,WORKSHOP,Hydraulic Press,HYD-900,SN-89898336,Standby,2024,19,Cast Iron,Hydraulic,Medium,High,C,93259,16.5,Yes,Machine Oil / Grease,Manual
EQ00000554,SITE03,UNIT00008,AREA000047,SAFETY,Fire Water Pump,FIR-270,SN-98970427,Under Maintenance,2025,22,Carbon Steel,Hydraulic,Critical,Critical,A,32003,20.1,Some,Pump Bearing Grease,Manual
EQ00000555,SITE03,UNIT00008,AREA000047,SAFETY,Foam System,FOA-594,SN-50952683,Under Maintenance,2021,27,Stainless Steel,Process,Critical,High,C,194172,11.4,Some,Pump Bearing Grease,Manual
EQ00000556,SITE03,UNIT00008,AREA000049,ENVIRONMENT,Effluent Treatment Unit,EFF-399,SN-23031387,Under Maintenance,2022,18,Stainless Steel,Pneumatic,High,Medium,C,175316,20.3,Yes,Pump Bearing Grease,Manual
EQ00000557,SITE03,UNIT00008,AREA000049,DRILLING,Top Drive,TOP-715,SN-89900619,Active,2018,22,Cast Iron,Hydraulic,Critical,Critical,C,90900,22.9,Yes,EP Gear Oil / Grease,Grease gun / centralized
EQ00000558,SITE03,UNIT00008,AREA000050,DRILLING,Top Drive,TOP-410,SN-82636467,Active,2022,20,Alloy Steel,Process,Critical,Critical,A,158491,10.5,Yes,EP Gear Oil / Grease,Grease gun / centralized
EQ00000559,SITE03,UNIT00008,AREA000047,PIPING,Pipeline Valve,PIP-342,SN-95911762,Active,2023,30,Cast Iron,Pneumatic,High,High,A,112568,18.6,No,N/A,N/A
EQ00000560,SITE03,UNIT00008,AREA000049,ELECTRICAL,Industrial Motor,IND-641,SN-95460732,Active,2016,21,Alloy Steel,Process,High,High,A,68718,10.8,Some,Bearing Grease,Manual
EQ00000561,SITE03,UNIT00008,AREA000047,PRODUCTION,Produced Water Pump,PRO-299,SN-26751951,Under Maintenance,2019,16,Cast Iron,Electrical,High,Medium,A,181454,4.9,Yes,Process/Mechanical Lubricant,Manual / automated
EQ00000562,SITE03,UNIT00008,AREA000048,LIFTING,Hoist,HOI-846,SN-40390409,Standby,2021,26,Carbon Steel,Electrical,High,High,C,148986,20.7,Yes,Wire Rope / Gear Grease,Manual
EQ00000563,SITE03,UNIT00008,AREA000047,ELECTRICAL,UPS System,UPS-149,SN-81439530,Under Maintenance,2017,27,Alloy Steel,Pneumatic,Medium,Medium,A,152372,0.5,Some,Bearing Grease,Manual
EQ00000564,SITE03,UNIT00008,AREA000049,ROTARY,Centrifugal Pump,CEN-229,SN-79566756,Active,2024,28,Carbon Steel,Mechanical,High,High,A,19732,10.6,Yes,Bearing Oil / Grease,Manual / auto-lube
EQ00000565,SITE03,UNIT00008,AREA000050,ELECTRICAL,UPS System,UPS-216,SN-20994583,Under Maintenance,2024,17,Cast Iron,Process,Medium,Medium,A,73116,22.7,Some,Bearing Grease,Manual
EQ00000566,SITE03,UNIT00008,AREA000048,PIPING,Relief Valve,REL-181,SN-11400593,Active,2025,27,Stainless Steel,Process,Critical,Critical,B,81576,3.3,No,N/A,N/A
EQ00000567,SITE03,UNIT00008,AREA000050,STATIC,Pressure Vessel,PRE-322,SN-56798897,Under Maintenance,2017,29,Cast Iron,Process,Critical,Critical,A,55784,8.5,No,N/A,N/A
EQ00000568,SITE03,UNIT00008,AREA000049,ENVIRONMENT,Effluent Treatment Unit,EFF-203,SN-60980034,Active,2017,17,Cast Iron,Mixed,High,Medium,C,12164,15.9,Yes,Pump Bearing Grease,Manual
EQ00000569,SITE03,UNIT00008,AREA000049,LIFTING,Forklift,FOR-442,SN-81861944,Active,2019,23,Alloy Steel,Electrical,High,High,B,33621,1.0,Yes,Wire Rope / Gear Grease,Manual
EQ00000570,SITE03,UNIT00008,AREA000048,ELECTRICAL,Switchgear,SWI-689,SN-65265685,Under Maintenance,2016,11,Cast Iron,Pneumatic,Critical,Critical,B,69190,16.7,Some,Bearing Grease,Manual
EQ00000571,SITE03,UNIT00008,AREA000047,DRILLING,Wellhead,WEL-875,SN-61505711,Active,2017,11,Stainless Steel,Hydraulic,Critical,Critical,A,155834,12.1,Yes,EP Gear Oil / Grease,Grease gun / centralized
EQ00000572,SITE03,UNIT00008,AREA000047,INSTRUMENTATION,Emergency Shutdown System,EME-112,SN-93575856,Active,2025,21,Stainless Steel,Process,Critical,Critical,C,110872,23.3,No,N/A,N/A
EQ00000573,SITE03,UNIT00008,AREA000049,LIFTING,Forklift,FOR-678,SN-38869089,Active,2017,18,Alloy Steel,Mechanical,High,High,C,169623,1.9,Yes,Wire Rope / Gear Grease,Manual
EQ00000574,SITE03,UNIT00008,AREA000047,DRILLING,Mud Pump,MUD-297,SN-51000665,Standby,2016,26,Cast Iron,Electrical,Critical,High,C,101003,5.2,Yes,EP Gear Oil / Grease,Grease gun / centralized
EQ00000575,SITE03,UNIT00008,AREA000048,WORKSHOP,Air Receiver,AIR-917,SN-85576096,Active,2021,10,Cast Iron,Mechanical,High,High,C,121973,2.2,Yes,Machine Oil / Grease,Manual
EQ00000576,SITE03,UNIT00008,AREA000049,DRILLING,Mud Tank,MUD-911,SN-25015562,Standby,2022,13,Stainless Steel,Process,High,Medium,A,125246,20.0,Yes,EP Gear Oil / Grease,Grease gun / centralized
EQ00000577,SITE03,UNIT00008,AREA000048,LIFTING,Mobile Crane,MOB-756,SN-93954520,Active,2022,20,Carbon Steel,Mechanical,Critical,Critical,A,124292,9.9,Yes,Wire Rope / Gear Grease,Manual
EQ00000578,SITE03,UNIT00008,AREA000048,ELECTRICAL,UPS System,UPS-488,SN-17890314,Active,2023,26,Alloy Steel,Hydraulic,Medium,Medium,B,68847,0.7,Some,Bearing Grease,Manual
EQ00000579,SITE03,UNIT00008,AREA000050,DRILLING,Drawworks,DRA-559,SN-15244248,Under Maintenance,2020,15,Carbon Steel,Mechanical,Critical,Critical,C,139355,9.9,Yes,EP Gear Oil / Grease,Grease gun / centralized
EQ00000580,SITE03,UNIT00008,AREA000049,DRILLING,Blowout Preventer,BLO-564,SN-42114637,Under Maintenance,2022,13,Carbon Steel,Electrical,Critical,Critical,C,137601,13.8,Yes,EP Gear Oil / Grease,Grease gun / centralized
EQ00000581,SITE03,UNIT00008,AREA000049,LIFTING,Hoist,HOI-656,SN-21032763,Under Maintenance,2020,23,Cast Iron,Hydraulic,High,High,B,65210,1.1,Yes,Wire Rope / Gear Grease,Manual
EQ00000582,SITE03,UNIT00008,AREA000049,ROTARY,Diesel Generator,DIE-437,SN-77276435,Active,2020,28,Alloy Steel,Mechanical,High,High,A,50574,15.3,Yes,Bearing Oil / Grease,Manual / auto-lube
EQ00000583,SITE03,UNIT00008,AREA000048,LIFTING,Hoist,HOI-759,SN-12151775,Active,2020,27,Carbon Steel,Mixed,High,High,C,40900,22.1,Yes,Wire Rope / Gear Grease,Manual
EQ00000584,SITE03,UNIT00008,AREA000047,LIFTING,Mobile Crane,MOB-401,SN-21702433,Active,2016,29,Carbon Steel,Process,Critical,Critical,A,145614,16.9,Yes,Wire Rope / Gear Grease,Manual
EQ00000585,SITE03,UNIT00008,AREA000048,DRILLING,Cementing Unit,CEM-156,SN-45500881,Standby,2019,23,Carbon Steel,Electrical,High,High,A,34498,13.5,Yes,EP Gear Oil / Grease,Grease gun / centralized
EQ00000586,SITE03,UNIT00008,AREA000049,LIFTING,Hoist,HOI-490,SN-16174484,Active,2020,30,Stainless Steel,Mechanical,High,High,B,110828,23.7,Yes,Wire Rope / Gear Grease,Manual
EQ00000587,SITE03,UNIT00008,AREA000050,PRODUCTION,Gas Dehydration Unit,GAS-503,SN-70809112,Active,2018,26,Cast Iron,Pneumatic,High,High,C,102561,22.4,Yes,Process/Mechanical Lubricant,Manual / automated
EQ00000588,SITE03,UNIT00008,AREA000049,PRODUCTION,Gas Sweetening Unit,GAS-999,SN-60788484,Under Maintenance,2022,14,Carbon Steel,Mechanical,Critical,High,A,89153,19.0,Yes,Process/Mechanical Lubricant,Manual / automated
EQ00000589,SITE03,UNIT00008,AREA000047,INSTRUMENTATION,Pressure Transmitter,PRE-629,SN-47208837,Under Maintenance,2024,23,Carbon Steel,Pneumatic,High,High,B,69071,20.8,No,N/A,N/A
EQ00000590,SITE03,UNIT00008,AREA000049,ELECTRICAL,Transformer,TRA-861,SN-80852543,Standby,2025,10,Stainless Steel,Pneumatic,Critical,High,A,27340,17.2,Some,Bearing Grease,Manual
EQ00000591,SITE03,UNIT00008,AREA000049,DRILLING,Blowout Preventer,BLO-869,SN-16835512,Under Maintenance,2025,18,Carbon Steel,Process,Critical,Critical,C,75683,20.3,Yes,EP Gear Oil / Grease,Grease gun / centralized
EQ00000592,SITE03,UNIT00008,AREA000050,LIFTING,Forklift,FOR-536,SN-13689695,Under Maintenance,2017,26,Carbon Steel,Process,High,High,B,41534,3.2,Yes,Wire Rope / Gear Grease,Manual
EQ00000593,SITE03,UNIT00008,AREA000049,ELECTRICAL,Motor Control Centre,MOT-987,SN-77176147,Active,2023,10,Stainless Steel,Mixed,Critical,High,B,176408,20.8,Some,Bearing Grease,Manual
EQ00000594,SITE03,UNIT00008,AREA000048,DRILLING,Drilling Rig,DRI-429,SN-17371064,Active,2017,23,Alloy Steel,Mechanical,Critical,High,B,20057,0.2,Yes,EP Gear Oil / Grease,Grease gun / centralized
EQ00000595,SITE03,UNIT00008,AREA000047,DRILLING,Drilling Rig,DRI-124,SN-11371557,Active,2019,13,Cast Iron,Process,Critical,High,A,5055,7.7,Yes,EP Gear Oil / Grease,Grease gun / centralized
EQ00000596,SITE03,UNIT00008,AREA000047,STATIC,Boiler,BOI-610,SN-66453468,Active,2020,14,Cast Iron,Process,Critical,High,C,112276,20.5,No,N/A,N/A
EQ00000597,SITE03,UNIT00008,AREA000049,STATIC,Storage Tank,STO-609,SN-78006734,Active,2025,20,Alloy Steel,Hydraulic,Critical,High,A,99665,20.5,No,N/A,N/A
EQ00000598,SITE03,UNIT00008,AREA000048,PRODUCTION,Crude Oil Pump,CRU-946,SN-77114266,Standby,2016,13,Alloy Steel,Pneumatic,High,High,B,198839,15.7,Yes,Process/Mechanical Lubricant,Manual / automated
EQ00000599,SITE03,UNIT00008,AREA000050,SAFETY,Fire Hydrant,FIR-668,SN-79282441,Active,2018,11,Cast Iron,Pneumatic,High,High,B,66712,3.4,Some,Pump Bearing Grease,Manual
EQ00000600,SITE03,UNIT00008,AREA000049,ELECTRICAL,Motor Control Centre,MOT-803,SN-80440993,Under Maintenance,2016,14,Cast Iron,Mechanical,Critical,High,C,110607,17.8,Some,Bearing Grease,Manual
EQ00000601,SITE03,UNIT00008,AREA000048,DRILLING,Top Drive,TOP-315,SN-64014743,Active,2023,24,Stainless Steel,Mechanical,Critical,Critical,A,186117,4.3,Yes,EP Gear Oil / Grease,Grease gun / centralized
EQ00000602,SITE03,UNIT00008,AREA000049,ELECTRICAL,Transformer,TRA-206,SN-67019882,Under Maintenance,2018,10,Stainless Steel,Process,Critical,High,A,50068,0.8,Some,Bearing Grease,Manual
EQ00000603,SITE03,UNIT00008,AREA000047,DRILLING,Wellhead,WEL-801,SN-11446908,Active,2021,19,Stainless Steel,Mechanical,Critical,Critical,A,109335,20.1,Yes,EP Gear Oil / Grease,Grease gun / centralized
EQ00000604,SITE03,UNIT00008,AREA000048,INSTRUMENTATION,Emergency Shutdown System,EME-573,SN-31206894,Standby,2018,15,Carbon Steel,Mechanical,Critical,Critical,C,31899,19.8,No,N/A,N/A
EQ00000605,SITE03,UNIT00008,AREA000050,ELECTRICAL,UPS System,UPS-617,SN-83300539,Standby,2016,19,Carbon Steel,Pneumatic,Medium,Medium,C,130803,23.8,Some,Bearing Grease,Manual
EQ00000606,SITE03,UNIT00008,AREA000047,ELECTRICAL,Switchgear,SWI-257,SN-60229580,Active,2016,21,Carbon Steel,Electrical,Critical,Critical,C,192204,5.5,Some,Bearing Grease,Manual
EQ00000607,SITE03,UNIT00008,AREA000049,LIFTING,Overhead Crane,OVE-192,SN-31701972,Under Maintenance,2020,11,Cast Iron,Hydraulic,High,Critical,C,103975,7.6,Yes,Wire Rope / Gear Grease,Manual
EQ00000608,SITE03,UNIT00008,AREA000048,VEHICLE,Oil Tanker,OIL-505,SN-69906546,Active,2018,17,Carbon Steel,Pneumatic,High,Critical,B,61848,17.4,Yes,Engine / Gear Lubricant,Workshop service
EQ00000609,SITE03,UNIT00008,AREA000048,ELECTRICAL,Transformer,TRA-162,SN-35642547,Active,2020,13,Carbon Steel,Hydraulic,Critical,High,C,61364,20.7,Some,Bearing Grease,Manual
EQ00000610,SITE03,UNIT00008,AREA000048,STATIC,Fired Heater,FIR-743,SN-53128998,Under Maintenance,2020,13,Stainless Steel,Mixed,Critical,Critical,A,80301,18.5,No,N/A,N/A
EQ00000611,SITE03,UNIT00008,AREA000049,VEHICLE,Heavy Utility Vehicle,HEA-827,SN-74132712,Active,2022,22,Stainless Steel,Electrical,Medium,Medium,C,134146,6.5,Yes,Engine / Gear Lubricant,Workshop service
EQ00000612,SITE03,UNIT00008,AREA000050,STATIC,Heat Exchanger,HEA-875,SN-50248639,Standby,2018,15,Cast Iron,Mechanical,High,High,C,67047,21.2,No,N/A,N/A
EQ00000613,SITE03,UNIT00008,AREA000047,WORKSHOP,Air Receiver,AIR-950,SN-55995226,Active,2020,28,Alloy Steel,Pneumatic,High,High,A,49525,1.7,Yes,Machine Oil / Grease,Manual
EQ00000614,SITE03,UNIT00008,AREA000048,WORKSHOP,Grinding Machine,GRI-597,SN-98459661,Active,2023,20,Cast Iron,Hydraulic,Medium,High,B,30071,22.2,Yes,Machine Oil / Grease,Manual
EQ00000615,SITE03,UNIT00008,AREA000048,DRILLING,Blowout Preventer,BLO-498,SN-56837430,Active,2017,19,Carbon Steel,Mixed,Critical,Critical,A,121525,4.4,Yes,EP Gear Oil / Grease,Grease gun / centralized
EQ00000616,SITE03,UNIT00008,AREA000048,STATIC,Storage Tank,STO-673,SN-39419543,Standby,2020,19,Alloy Steel,Hydraulic,Critical,High,A,131078,4.1,No,N/A,N/A
EQ00000617,SITE03,UNIT00008,AREA000049,ROTARY,Air Compressor,AIR-612,SN-55260386,Active,2019,25,Alloy Steel,Mechanical,High,High,A,103449,17.5,Yes,Bearing Oil / Grease,Manual / auto-lube
EQ00000618,SITE03,UNIT00008,AREA000047,DRILLING,Drilling Rig,DRI-845,SN-60355335,Active,2022,27,Cast Iron,Mixed,Critical,High,B,109956,6.2,Yes,EP Gear Oil / Grease,Grease gun / centralized
EQ00000619,SITE03,UNIT00008,AREA000049,PIPING,Pig Launcher/Receiver,PIG-870,SN-67499502,Active,2022,20,Carbon Steel,Mechanical,High,High,C,66006,10.7,No,N/A,N/A
EQ00000620,SITE03,UNIT00008,AREA000050,DRILLING,Mud Pump,MUD-323,SN-77428484,Active,2021,29,Carbon Steel,Pneumatic,Critical,High,B,197982,5.0,Yes,EP Gear Oil / Grease,Grease gun / centralized
EQ00000621,SITE03,UNIT00008,AREA000048,SAFETY,Fire Water Pump,FIR-792,SN-11990453,Standby,2025,16,Stainless Steel,Process,Critical,Critical,C,21995,16.2,Some,Pump Bearing Grease,Manual
EQ00000622,SITE03,UNIT00008,AREA000048,PRODUCTION,Three-Phase Separator,THR-790,SN-41864002,Active,2017,19,Carbon Steel,Electrical,Critical,High,B,95055,18.6,Yes,Process/Mechanical Lubricant,Manual / automated
EQ00000623,SITE03,UNIT00008,AREA000050,WORKSHOP,Welding Machine,WEL-980,SN-10748986,Standby,2024,30,Cast Iron,Mixed,Medium,High,B,174886,5.4,Yes,Machine Oil / Grease,Manual
EQ00000624,SITE03,UNIT00008,AREA000048,ROTARY,Positive Displacement Pump,POS-745,SN-50043028,Active,2022,24,Carbon Steel,Mechanical,High,High,A,135526,15.1,Yes,Bearing Oil / Grease,Manual / auto-lube
EQ00000625,SITE03,UNIT00008,AREA000048,DRILLING,Drilling Rig,DRI-746,SN-46991759,Active,2023,12,Cast Iron,Process,Critical,High,A,111882,22.5,Yes,EP Gear Oil / Grease,Grease gun / centralized
EQ00000626,SITE03,UNIT00008,AREA000048,PIPING,Pipeline Valve,PIP-299,SN-45508991,Active,2022,18,Stainless Steel,Hydraulic,High,High,C,101004,15.2,No,N/A,N/A
EQ00000627,SITE03,UNIT00008,AREA000047,WORKSHOP,Hydraulic Press,HYD-664,SN-45736829,Under Maintenance,2018,24,Cast Iron,Mixed,Medium,High,A,66516,14.7,Yes,Machine Oil / Grease,Manual
EQ00000628,SITE03,UNIT00008,AREA000049,PRODUCTION,Produced Water Pump,PRO-829,SN-63695915,Standby,2020,14,Stainless Steel,Mechanical,High,Medium,A,113168,1.0,Yes,Process/Mechanical Lubricant,Manual / automated
EQ00000629,SITE03,UNIT00008,AREA000048,ELECTRICAL,Transformer,TRA-428,SN-84201737,Standby,2019,22,Cast Iron,Mixed,Critical,High,B,119211,14.7,Some,Bearing Grease,Manual
EQ00000630,SITE03,UNIT00008,AREA000050,ELECTRICAL,Switchgear,SWI-960,SN-92804244,Active,2018,19,Stainless Steel,Electrical,Critical,Critical,B,192650,22.5,Some,Bearing Grease,Manual
EQ00000631,SITE03,UNIT00008,AREA000048,ELECTRICAL,Transformer,TRA-631,SN-34515063,Active,2016,20,Stainless Steel,Electrical,Critical,High,C,128003,23.8,Some,Bearing Grease,Manual
EQ00000632,SITE03,UNIT00008,AREA000049,ROTARY,Air Compressor,AIR-256,SN-97461289,Active,2023,10,Alloy Steel,Mechanical,High,High,B,129647,6.3,Yes,Bearing Oil / Grease,Manual / auto-lube
EQ00000633,SITE03,UNIT00008,AREA000048,ELECTRICAL,Industrial Motor,IND-250,SN-54765093,Under Maintenance,2016,28,Carbon Steel,Process,High,High,A,136170,11.7,Some,Bearing Grease,Manual
EQ00000634,SITE03,UNIT00008,AREA000050,WORKSHOP,Grinding Machine,GRI-429,SN-20229583,Under Maintenance,2022,12,Cast Iron,Mixed,Medium,High,A,181371,13.4,Yes,Machine Oil / Grease,Manual
EQ00000635,SITE03,UNIT00008,AREA000049,STATIC,Pressure Vessel,PRE-501,SN-99801979,Active,2025,17,Carbon Steel,Pneumatic,Critical,Critical,A,170505,11.9,No,N/A,N/A
EQ00000636,SITE03,UNIT00008,AREA000050,ELECTRICAL,Motor Control Centre,MOT-743,SN-12824176,Standby,2020,27,Carbon Steel,Mechanical,Critical,High,B,85330,3.9,Some,Bearing Grease,Manual
EQ00000637,SITE03,UNIT00008,AREA000047,PRODUCTION,Crude Oil Pump,CRU-959,SN-94449992,Active,2024,17,Carbon Steel,Electrical,High,High,A,179454,20.6,Yes,Process/Mechanical Lubricant,Manual / automated
EQ00000638,SITE03,UNIT00008,AREA000050,SAFETY,Fire Water Pump,FIR-587,SN-74076489,Active,2016,21,Alloy Steel,Hydraulic,Critical,Critical,B,191423,16.8,Some,Pump Bearing Grease,Manual
EQ00000639,SITE03,UNIT00009,AREA000053,ELECTRICAL,Switchgear,SWI-284,SN-43312461,Active,2022,28,Cast Iron,Electrical,Critical,Critical,B,61840,23.4,Some,Bearing Grease,Manual
EQ00000640,SITE03,UNIT00009,AREA000051,WORKSHOP,Welding Machine,WEL-145,SN-27349748,Under Maintenance,2021,30,Carbon Steel,Mixed,Medium,High,C,113442,6.5,Yes,Machine Oil / Grease,Manual
EQ00000641,SITE03,UNIT00009,AREA000054,PIPING,Pipeline Valve,PIP-875,SN-59798459,Under Maintenance,2023,24,Alloy Steel,Mechanical,High,High,A,151595,15.6,No,N/A,N/A
EQ00000642,SITE03,UNIT00009,AREA000055,PIPING,Process Pipeline,PRO-330,SN-78960359,Active,2021,13,Carbon Steel,Mixed,Critical,High,C,32660,17.3,No,N/A,N/A
EQ00000643,SITE03,UNIT00009,AREA000053,ROTARY,Diesel Generator,DIE-515,SN-12152239,Active,2022,16,Alloy Steel,Electrical,High,High,B,133112,8.8,Yes,Bearing Oil / Grease,Manual / auto-lube
EQ00000644,SITE03,UNIT00009,AREA000051,DRILLING,Drawworks,DRA-232,SN-34057553,Active,2021,19,Carbon Steel,Mechanical,Critical,Critical,A,155856,7.9,Yes,EP Gear Oil / Grease,Grease gun / centralized
EQ00000645,SITE03,UNIT00009,AREA000054,DRILLING,Mud Tank,MUD-430,SN-91506831,Standby,2019,18,Cast Iron,Pneumatic,High,Medium,C,2812,9.0,Yes,EP Gear Oil / Grease,Grease gun / centralized
EQ00000646,SITE03,UNIT00009,AREA000053,WORKSHOP,Hydraulic Press,HYD-236,SN-53239585,Active,2024,15,Cast Iron,Pneumatic,Medium,High,B,162824,20.6,Yes,Machine Oil / Grease,Manual
EQ00000647,SITE03,UNIT00009,AREA000055,STATIC,Storage Tank,STO-241,SN-38510236,Active,2020,25,Carbon Steel,Process,Critical,High,C,138696,3.7,No,N/A,N/A
EQ00000648,SITE03,UNIT00009,AREA000051,VEHICLE,Oil Tanker,OIL-833,SN-62794229,Active,2016,17,Stainless Steel,Mixed,High,Critical,A,49314,18.6,Yes,Engine / Gear Lubricant,Workshop service
EQ00000649,SITE03,UNIT00009,AREA000056,ELECTRICAL,Industrial Motor,IND-738,SN-77568339,Active,2018,14,Alloy Steel,Electrical,High,High,C,10854,15.4,Some,Bearing Grease,Manual
EQ00000650,SITE03,UNIT00009,AREA000056,DRILLING,Top Drive,TOP-914,SN-45214993,Standby,2022,12,Alloy Steel,Process,Critical,Critical,B,71062,7.6,Yes,EP Gear Oil / Grease,Grease gun / centralized
EQ00000651,SITE03,UNIT00009,AREA000053,WORKSHOP,Lathe Machine,LAT-863,SN-39854281,Under Maintenance,2018,18,Cast Iron,Electrical,Medium,Medium,A,27435,3.9,Yes,Machine Oil / Grease,Manual
EQ00000652,SITE03,UNIT00009,AREA000053,WORKSHOP,Lathe Machine,LAT-507,SN-71887143,Under Maintenance,2021,25,Carbon Steel,Process,Medium,Medium,C,138980,3.5,Yes,Machine Oil / Grease,Manual
EQ00000653,SITE03,UNIT00009,AREA000056,LIFTING,Mobile Crane,MOB-538,SN-69568885,Under Maintenance,2024,18,Cast Iron,Mechanical,Critical,Critical,C,142971,5.9,Yes,Wire Rope / Gear Grease,Manual
EQ00000654,SITE03,UNIT00009,AREA000056,ROTARY,Diesel Generator,DIE-850,SN-70346785,Under Maintenance,2021,23,Alloy Steel,Hydraulic,High,High,B,175459,22.3,Yes,Bearing Oil / Grease,Manual / auto-lube
EQ00000655,SITE03,UNIT00009,AREA000052,ROTARY,Diesel Generator,DIE-702,SN-92090561,Standby,2024,19,Carbon Steel,Mechanical,High,High,A,53845,12.7,Yes,Bearing Oil / Grease,Manual / auto-lube
EQ00000656,SITE03,UNIT00009,AREA000051,LIFTING,Forklift,FOR-888,SN-68150952,Active,2025,29,Cast Iron,Process,High,High,B,151957,21.1,Yes,Wire Rope / Gear Grease,Manual
EQ00000657,SITE03,UNIT00009,AREA000055,VEHICLE,Heavy Utility Vehicle,HEA-444,SN-88447306,Under Maintenance,2016,11,Stainless Steel,Mixed,Medium,Medium,B,1285,4.1,Yes,Engine / Gear Lubricant,Workshop service
EQ00000658,SITE03,UNIT00009,AREA000057,ELECTRICAL,UPS System,UPS-803,SN-80153033,Active,2020,16,Carbon Steel,Process,Medium,Medium,C,198817,17.4,Some,Bearing Grease,Manual
EQ00000659,SITE03,UNIT00009,AREA000057,PRODUCTION,Crude Oil Pump,CRU-963,SN-89236172,Active,2018,30,Carbon Steel,Hydraulic,High,High,A,139839,22.2,Yes,Process/Mechanical Lubricant,Manual / automated
EQ00000660,SITE03,UNIT00009,AREA000058,VEHICLE,Heavy Utility Vehicle,HEA-561,SN-93842298,Under Maintenance,2017,28,Carbon Steel,Mechanical,Medium,Medium,A,60768,11.4,Yes,Engine / Gear Lubricant,Workshop service
EQ00000661,SITE03,UNIT00009,AREA000052,ROTARY,Air Compressor,AIR-697,SN-18697572,Active,2021,25,Carbon Steel,Process,High,High,C,80298,8.9,Yes,Bearing Oil / Grease,Manual / auto-lube
EQ00000662,SITE03,UNIT00009,AREA000057,ENVIRONMENT,Oil Water Separator,OIL-623,SN-27960358,Active,2017,30,Cast Iron,Electrical,High,Medium,B,102718,17.2,Yes,Pump Bearing Grease,Manual
EQ00000663,SITE03,UNIT00009,AREA000057,PIPING,Pipeline Valve,PIP-901,SN-40237434,Active,2024,20,Alloy Steel,Mixed,High,High,B,4478,19.2,No,N/A,N/A
EQ00000664,SITE03,UNIT00009,AREA000054,ROTARY,Centrifugal Pump,CEN-178,SN-51790477,Active,2017,19,Cast Iron,Electrical,High,High,C,184909,2.5,Yes,Bearing Oil / Grease,Manual / auto-lube
EQ00000665,SITE03,UNIT00009,AREA000055,PRODUCTION,Gas Compressor,GAS-521,SN-73488839,Under Maintenance,2020,19,Carbon Steel,Mechanical,Critical,Critical,B,191219,20.6,Yes,Process/Mechanical Lubricant,Manual / automated
EQ00000666,SITE03,UNIT00009,AREA000052,ELECTRICAL,UPS System,UPS-672,SN-59430880,Active,2021,30,Stainless Steel,Mechanical,Medium,Medium,A,46888,7.3,Some,Bearing Grease,Manual
EQ00000667,SITE03,UNIT00009,AREA000051,ELECTRICAL,Motor Control Centre,MOT-269,SN-20324372,Under Maintenance,2018,13,Cast Iron,Process,Critical,High,C,19823,15.5,Some,Bearing Grease,Manual
EQ00000668,SITE03,UNIT00009,AREA000057,ROTARY,Air Compressor,AIR-219,SN-84870708,Active,2018,23,Cast Iron,Pneumatic,High,High,B,33273,14.4,Yes,Bearing Oil / Grease,Manual / auto-lube
EQ00000669,SITE03,UNIT00009,AREA000058,LIFTING,Forklift,FOR-173,SN-53942593,Active,2025,30,Alloy Steel,Hydraulic,High,High,B,32535,6.7,Yes,Wire Rope / Gear Grease,Manual
EQ00000670,SITE03,UNIT00009,AREA000058,SAFETY,Foam System,FOA-488,SN-39284333,Active,2018,28,Alloy Steel,Mixed,Critical,High,C,100979,21.5,Some,Pump Bearing Grease,Manual
EQ00000671,SITE03,UNIT00009,AREA000051,WORKSHOP,Welding Machine,WEL-580,SN-42373360,Active,2020,12,Alloy Steel,Hydraulic,Medium,High,B,100082,17.6,Yes,Machine Oil / Grease,Manual
EQ00000672,SITE03,UNIT00009,AREA000056,SAFETY,Fire Water Pump,FIR-349,SN-69164819,Standby,2020,30,Cast Iron,Pneumatic,Critical,Critical,A,135698,4.7,Some,Pump Bearing Grease,Manual
EQ00000673,SITE03,UNIT00009,AREA000051,STATIC,Pressure Vessel,PRE-787,SN-64410410,Under Maintenance,2025,20,Cast Iron,Hydraulic,Critical,Critical,A,87682,18.3,No,N/A,N/A
EQ00000674,SITE03,UNIT00009,AREA000056,LIFTING,Forklift,FOR-812,SN-12532270,Active,2021,14,Stainless Steel,Hydraulic,High,High,C,26054,2.4,Yes,Wire Rope / Gear Grease,Manual
EQ00000675,SITE03,UNIT00009,AREA000051,DRILLING,Mud Tank,MUD-337,SN-88800061,Active,2021,15,Stainless Steel,Electrical,High,Medium,B,100032,3.4,Yes,EP Gear Oil / Grease,Grease gun / centralized
EQ00000676,SITE03,UNIT00009,AREA000054,ENVIRONMENT,Oil Water Separator,OIL-360,SN-55034753,Standby,2025,19,Alloy Steel,Mechanical,High,Medium,A,80764,4.5,Yes,Pump Bearing Grease,Manual
EQ00000677,SITE03,UNIT00009,AREA000054,PIPING,Pig Launcher/Receiver,PIG-514,SN-22363487,Active,2021,15,Cast Iron,Pneumatic,High,High,B,88166,13.5,No,N/A,N/A
EQ00000678,SITE03,UNIT00009,AREA000058,PRODUCTION,Produced Water Pump,PRO-883,SN-62855838,Standby,2020,20,Stainless Steel,Hydraulic,High,Medium,A,148113,14.0,Yes,Process/Mechanical Lubricant,Manual / automated
EQ00000679,SITE03,UNIT00009,AREA000057,PRODUCTION,Three-Phase Separator,THR-784,SN-87544447,Active,2019,23,Carbon Steel,Pneumatic,Critical,High,C,142138,3.6,Yes,Process/Mechanical Lubricant,Manual / automated
EQ00000680,SITE03,UNIT00009,AREA000058,DRILLING,Mud Pump,MUD-828,SN-12563422,Under Maintenance,2024,14,Cast Iron,Mixed,Critical,High,B,151428,5.1,Yes,EP Gear Oil / Grease,Grease gun / centralized
EQ00000681,SITE03,UNIT00009,AREA000053,ELECTRICAL,Industrial Motor,IND-981,SN-89004738,Active,2025,10,Stainless Steel,Pneumatic,High,High,C,69751,12.2,Some,Bearing Grease,Manual
EQ00000682,SITE03,UNIT00009,AREA000052,DRILLING,Wellhead,WEL-210,SN-32791279,Active,2022,28,Carbon Steel,Electrical,Critical,Critical,B,189328,6.0,Yes,EP Gear Oil / Grease,Grease gun / centralized
EQ00000683,SITE03,UNIT00009,AREA000052,PRODUCTION,Crude Oil Pump,CRU-657,SN-22232724,Active,2020,22,Carbon Steel,Hydraulic,High,High,C,172560,17.1,Yes,Process/Mechanical Lubricant,Manual / automated
EQ00000684,SITE03,UNIT00009,AREA000055,ELECTRICAL,Switchgear,SWI-224,SN-36920343,Active,2018,26,Alloy Steel,Hydraulic,Critical,Critical,C,69454,21.3,Some,Bearing Grease,Manual
EQ00000685,SITE03,UNIT00009,AREA000053,LIFTING,Hoist,HOI-696,SN-51531940,Active,2017,14,Alloy Steel,Pneumatic,High,High,C,2129,4.0,Yes,Wire Rope / Gear Grease,Manual
EQ00000686,SITE03,UNIT00009,AREA000057,DRILLING,Top Drive,TOP-980,SN-67539581,Active,2020,29,Carbon Steel,Mechanical,Critical,Critical,C,21890,1.0,Yes,EP Gear Oil / Grease,Grease gun / centralized
EQ00000687,SITE03,UNIT00009,AREA000056,LIFTING,Hoist,HOI-271,SN-53375811,Active,2021,30,Cast Iron,Mixed,High,High,B,20674,0.1,Yes,Wire Rope / Gear Grease,Manual
EQ00000688,SITE03,UNIT00009,AREA000056,PRODUCTION,Gas Sweetening Unit,GAS-896,SN-77761937,Active,2021,14,Stainless Steel,Pneumatic,Critical,High,C,190899,2.2,Yes,Process/Mechanical Lubricant,Manual / automated
EQ00000689,SITE03,UNIT00009,AREA000053,WORKSHOP,Lathe Machine,LAT-141,SN-78712941,Standby,2020,13,Carbon Steel,Electrical,Medium,Medium,C,108964,9.9,Yes,Machine Oil / Grease,Manual
EQ00000690,SITE03,UNIT00009,AREA000053,DRILLING,Drilling Rig,DRI-113,SN-81947418,Active,2020,25,Alloy Steel,Mechanical,Critical,High,C,51490,8.7,Yes,EP Gear Oil / Grease,Grease gun / centralized
EQ00000691,SITE03,UNIT00009,AREA000052,DRILLING,Drilling Rig,DRI-601,SN-84695459,Active,2021,29,Cast Iron,Process,Critical,High,A,8657,3.2,Yes,EP Gear Oil / Grease,Grease gun / centralized
EQ00000692,SITE03,UNIT00009,AREA000057,ELECTRICAL,Transformer,TRA-394,SN-94397189,Active,2023,27,Carbon Steel,Mechanical,Critical,High,A,169180,12.3,Some,Bearing Grease,Manual
EQ00000693,SITE03,UNIT00009,AREA000058,DRILLING,Blowout Preventer,BLO-706,SN-86794695,Active,2021,10,Alloy Steel,Mechanical,Critical,Critical,C,194087,0.1,Yes,EP Gear Oil / Grease,Grease gun / centralized
EQ00000694,SITE03,UNIT00009,AREA000052,WORKSHOP,Lathe Machine,LAT-701,SN-84066316,Active,2020,14,Alloy Steel,Mechanical,Medium,Medium,C,6372,12.3,Yes,Machine Oil / Grease,Manual
EQ00000695,SITE03,UNIT00009,AREA000055,LIFTING,Hoist,HOI-104,SN-14282852,Active,2024,12,Cast Iron,Mixed,High,High,A,81691,2.7,Yes,Wire Rope / Gear Grease,Manual
EQ00000696,SITE03,UNIT00009,AREA000053,PRODUCTION,Gas Sweetening Unit,GAS-968,SN-21081940,Active,2019,30,Stainless Steel,Process,Critical,High,B,60338,1.2,Yes,Process/Mechanical Lubricant,Manual / automated
EQ00000697,SITE03,UNIT00009,AREA000058,SAFETY,Foam System,FOA-887,SN-33734184,Active,2024,21,Stainless Steel,Process,Critical,High,A,107461,9.2,Some,Pump Bearing Grease,Manual
EQ00000698,SITE03,UNIT00009,AREA000051,INSTRUMENTATION,Pressure Transmitter,PRE-690,SN-42126291,Active,2017,16,Alloy Steel,Process,High,High,A,129295,14.5,No,N/A,N/A
EQ00000699,SITE03,UNIT00009,AREA000058,SAFETY,Foam System,FOA-736,SN-29143006,Active,2025,10,Alloy Steel,Hydraulic,Critical,High,C,57936,3.4,Some,Pump Bearing Grease,Manual
EQ00000700,SITE03,UNIT00009,AREA000057,STATIC,Heat Exchanger,HEA-828,SN-67446677,Active,2022,11,Alloy Steel,Mechanical,High,High,C,124451,15.6,No,N/A,N/A
EQ00000701,SITE03,UNIT00009,AREA000056,DRILLING,Drilling Rig,DRI-259,SN-19611642,Active,2025,22,Alloy Steel,Mixed,Critical,High,C,97373,10.0,Yes,EP Gear Oil / Grease,Grease gun / centralized
EQ00000702,SITE03,UNIT00009,AREA000054,PRODUCTION,Gas Dehydration Unit,GAS-522,SN-55969372,Under Maintenance,2023,12,Alloy Steel,Mechanical,High,High,C,37558,1.1,Yes,Process/Mechanical Lubricant,Manual / automated
EQ00000703,SITE03,UNIT00009,AREA000055,ROTARY,Positive Displacement Pump,POS-453,SN-39609418,Active,2021,25,Alloy Steel,Mixed,High,High,B,83317,22.3,Yes,Bearing Oil / Grease,Manual / auto-lube
EQ00000704,SITE03,UNIT00009,AREA000057,PIPING,Pig Launcher/Receiver,PIG-283,SN-90165167,Active,2023,20,Carbon Steel,Process,High,High,B,154172,18.7,No,N/A,N/A
EQ00000705,SITE03,UNIT00009,AREA000051,STATIC,Fired Heater,FIR-124,SN-37328312,Active,2023,30,Stainless Steel,Electrical,Critical,Critical,B,119694,13.4,No,N/A,N/A
EQ00000706,SITE03,UNIT00009,AREA000052,VEHICLE,Oil Tanker,OIL-912,SN-30340520,Active,2018,11,Alloy Steel,Process,High,Critical,B,34161,9.4,Yes,Engine / Gear Lubricant,Workshop service
EQ00000707,SITE03,UNIT00009,AREA000057,DRILLING,Blowout Preventer,BLO-681,SN-16979130,Active,2020,16,Stainless Steel,Hydraulic,Critical,Critical,C,97886,18.3,Yes,EP Gear Oil / Grease,Grease gun / centralized
EQ00000708,SITE03,UNIT00009,AREA000051,ENVIRONMENT,Oil Water Separator,OIL-361,SN-95638611,Active,2020,11,Alloy Steel,Electrical,High,Medium,B,64436,1.6,Yes,Pump Bearing Grease,Manual
EQ00000709,SITE03,UNIT00009,AREA000056,ELECTRICAL,Switchgear,SWI-388,SN-70046150,Active,2022,25,Cast Iron,Process,Critical,Critical,B,10461,2.3,Some,Bearing Grease,Manual
EQ00000710,SITE03,UNIT00009,AREA000058,ROTARY,Centrifugal Pump,CEN-549,SN-57814776,Under Maintenance,2022,26,Stainless Steel,Mixed,High,High,A,42898,10.0,Yes,Bearing Oil / Grease,Manual / auto-lube
EQ00000711,SITE03,UNIT00009,AREA000058,PIPING,Process Pipeline,PRO-672,SN-15813554,Active,2021,20,Alloy Steel,Pneumatic,Critical,High,B,144668,11.7,No,N/A,N/A
EQ00000712,SITE03,UNIT00009,AREA000056,PRODUCTION,Gas Dehydration Unit,GAS-995,SN-79505854,Active,2018,19,Cast Iron,Electrical,High,High,A,2158,19.3,Yes,Process/Mechanical Lubricant,Manual / automated
EQ00000713,SITE03,UNIT00009,AREA000052,DRILLING,Wellhead,WEL-174,SN-16449155,Active,2018,18,Stainless Steel,Mechanical,Critical,Critical,B,177982,7.0,Yes,EP Gear Oil / Grease,Grease gun / centralized
EQ00000714,SITE03,UNIT00009,AREA000057,ENVIRONMENT,Effluent Treatment Unit,EFF-975,SN-41477910,Active,2024,19,Alloy Steel,Electrical,High,Medium,A,162216,17.2,Yes,Pump Bearing Grease,Manual
EQ00000715,SITE03,UNIT00009,AREA000055,ROTARY,Positive Displacement Pump,POS-738,SN-11783108,Standby,2019,10,Alloy Steel,Mixed,High,High,B,126367,16.2,Yes,Bearing Oil / Grease,Manual / auto-lube
EQ00000716,SITE03,UNIT00009,AREA000054,WORKSHOP,Grinding Machine,GRI-603,SN-21980116,Under Maintenance,2021,15,Carbon Steel,Hydraulic,Medium,High,C,106622,11.4,Yes,Machine Oil / Grease,Manual
EQ00000717,SITE03,UNIT00009,AREA000056,DRILLING,Drilling Rig,DRI-897,SN-79584869,Active,2018,19,Cast Iron,Process,Critical,High,B,70171,20.6,Yes,EP Gear Oil / Grease,Grease gun / centralized
EQ00000718,SITE03,UNIT00009,AREA000053,VEHICLE,Oil Tanker,OIL-998,SN-25373513,Standby,2023,30,Stainless Steel,Mixed,High,Critical,A,170073,16.7,Yes,Engine / Gear Lubricant,Workshop service
EQ00000719,SITE03,UNIT00009,AREA000058,SAFETY,Fire Water Pump,FIR-216,SN-10476674,Active,2024,27,Carbon Steel,Mechanical,Critical,Critical,C,169741,23.6,Some,Pump Bearing Grease,Manual
EQ00000720,SITE03,UNIT00009,AREA000053,ROTARY,Positive Displacement Pump,POS-758,SN-13319545,Under Maintenance,2024,12,Stainless Steel,Mechanical,High,High,C,167511,10.4,Yes,Bearing Oil / Grease,Manual / auto-lube
EQ00000721,SITE03,UNIT00009,AREA000054,INSTRUMENTATION,Emergency Shutdown System,EME-558,SN-93045054,Under Maintenance,2025,19,Stainless Steel,Electrical,Critical,Critical,C,154230,23.7,No,N/A,N/A
EQ00000722,SITE03,UNIT00009,AREA000052,SAFETY,Fire Hydrant,FIR-894,SN-95883279,Active,2022,24,Cast Iron,Mechanical,High,High,C,42658,4.5,Some,Pump Bearing Grease,Manual
EQ00000723,SITE03,UNIT00009,AREA000058,INSTRUMENTATION,Emergency Shutdown System,EME-576,SN-30440544,Standby,2023,20,Cast Iron,Pneumatic,Critical,Critical,B,7537,13.2,No,N/A,N/A
EQ00000724,SITE03,UNIT00009,AREA000057,WORKSHOP,Grinding Machine,GRI-920,SN-22457090,Under Maintenance,2021,27,Cast Iron,Electrical,Medium,High,C,30923,20.2,Yes,Machine Oil / Grease,Manual
EQ00000725,SITE03,UNIT00009,AREA000052,INSTRUMENTATION,Emergency Shutdown System,EME-848,SN-30122658,Active,2017,30,Carbon Steel,Electrical,Critical,Critical,C,133953,9.5,No,N/A,N/A
EQ00000726,SITE03,UNIT00009,AREA000051,DRILLING,Blowout Preventer,BLO-901,SN-76904158,Active,2016,10,Stainless Steel,Hydraulic,Critical,Critical,A,101897,15.7,Yes,EP Gear Oil / Grease,Grease gun / centralized
EQ00000727,SITE03,UNIT00009,AREA000054,LIFTING,Mobile Crane,MOB-761,SN-50792644,Active,2021,21,Stainless Steel,Hydraulic,Critical,Critical,B,190937,1.7,Yes,Wire Rope / Gear Grease,Manual
EQ00000728,SITE04,UNIT00010,AREA000059,VEHICLE,Oil Tanker,OIL-723,SN-49020810,Active,2024,15,Cast Iron,Process,High,Critical,C,58263,15.8,Yes,Engine / Gear Lubricant,Workshop service
EQ00000729,SITE04,UNIT00010,AREA000060,SAFETY,Foam System,FOA-876,SN-36326944,Under Maintenance,2025,11,Cast Iron,Pneumatic,Critical,High,A,194541,11.8,Some,Pump Bearing Grease,Manual
EQ00000730,SITE04,UNIT00010,AREA000060,DRILLING,Top Drive,TOP-196,SN-51829207,Active,2024,20,Stainless Steel,Electrical,Critical,Critical,A,122633,14.4,Yes,EP Gear Oil / Grease,Grease gun / centralized
EQ00000731,SITE04,UNIT00010,AREA000064,VEHICLE,Heavy Utility Vehicle,HEA-287,SN-99635689,Active,2022,13,Carbon Steel,Process,Medium,Medium,B,130999,5.4,Yes,Engine / Gear Lubricant,Workshop service
EQ00000732,SITE04,UNIT00010,AREA000064,INSTRUMENTATION,Emergency Shutdown System,EME-805,SN-70902028,Active,2019,23,Stainless Steel,Pneumatic,Critical,Critical,A,143558,20.3,No,N/A,N/A
EQ00000733,SITE04,UNIT00010,AREA000060,LIFTING,Hoist,HOI-703,SN-93407761,Active,2016,23,Stainless Steel,Electrical,High,High,C,114111,5.8,Yes,Wire Rope / Gear Grease,Manual
EQ00000734,SITE04,UNIT00010,AREA000060,INSTRUMENTATION,Control Valve,CON-669,SN-81214939,Active,2024,19,Alloy Steel,Electrical,High,High,C,77481,15.6,No,N/A,N/A
EQ00000735,SITE04,UNIT00010,AREA000060,LIFTING,Forklift,FOR-724,SN-18579650,Active,2025,20,Alloy Steel,Process,High,High,A,197211,6.9,Yes,Wire Rope / Gear Grease,Manual
EQ00000736,SITE04,UNIT00010,AREA000061,INSTRUMENTATION,Gas Detector,GAS-562,SN-38672861,Active,2017,26,Carbon Steel,Pneumatic,Critical,Critical,A,180649,14.8,No,N/A,N/A
EQ00000737,SITE04,UNIT00010,AREA000059,SAFETY,Fire Alarm Panel,FIR-240,SN-85816916,Under Maintenance,2021,24,Cast Iron,Electrical,High,High,B,169681,7.1,Some,Pump Bearing Grease,Manual
EQ00000738,SITE04,UNIT00010,AREA000062,ELECTRICAL,Industrial Motor,IND-879,SN-63230861,Active,2023,17,Carbon Steel,Hydraulic,High,High,A,159488,18.8,Some,Bearing Grease,Manual
EQ00000739,SITE04,UNIT00010,AREA000061,PIPING,Process Pipeline,PRO-349,SN-42825252,Active,2017,22,Carbon Steel,Electrical,Critical,High,C,82396,3.9,No,N/A,N/A
EQ00000740,SITE04,UNIT00010,AREA000064,DRILLING,Mud Pump,MUD-351,SN-61053150,Under Maintenance,2023,10,Cast Iron,Mixed,Critical,High,C,156323,17.0,Yes,EP Gear Oil / Grease,Grease gun / centralized
EQ00000741,SITE04,UNIT00010,AREA000059,DRILLING,Drilling Rig,DRI-871,SN-20804971,Under Maintenance,2025,18,Alloy Steel,Hydraulic,Critical,High,B,96254,10.1,Yes,EP Gear Oil / Grease,Grease gun / centralized
EQ00000742,SITE04,UNIT00010,AREA000060,INSTRUMENTATION,Emergency Shutdown System,EME-481,SN-58782294,Standby,2016,16,Cast Iron,Electrical,Critical,Critical,A,143729,20.3,No,N/A,N/A
EQ00000743,SITE04,UNIT00010,AREA000064,DRILLING,Cementing Unit,CEM-483,SN-34906626,Active,2017,26,Stainless Steel,Electrical,High,High,C,105014,23.8,Yes,EP Gear Oil / Grease,Grease gun / centralized
EQ00000744,SITE04,UNIT00010,AREA000060,ELECTRICAL,Motor Control Centre,MOT-216,SN-98760953,Active,2025,25,Carbon Steel,Pneumatic,Critical,High,B,157843,5.4,Some,Bearing Grease,Manual
EQ00000745,SITE04,UNIT00010,AREA000059,INSTRUMENTATION,Emergency Shutdown System,EME-216,SN-69908086,Under Maintenance,2024,22,Carbon Steel,Pneumatic,Critical,Critical,B,178509,10.8,No,N/A,N/A
EQ00000746,SITE04,UNIT00010,AREA000062,WORKSHOP,Air Receiver,AIR-747,SN-52061564,Standby,2019,17,Carbon Steel,Pneumatic,High,High,A,25672,4.1,Yes,Machine Oil / Grease,Manual
EQ00000747,SITE04,UNIT00010,AREA000059,SAFETY,Fire Hydrant,FIR-605,SN-56715690,Active,2022,15,Carbon Steel,Pneumatic,High,High,A,182155,4.7,Some,Pump Bearing Grease,Manual
EQ00000748,SITE04,UNIT00010,AREA000064,PRODUCTION,Crude Oil Pump,CRU-940,SN-41463321,Under Maintenance,2022,28,Carbon Steel,Mechanical,High,High,B,73994,24.0,Yes,Process/Mechanical Lubricant,Manual / automated
EQ00000749,SITE04,UNIT00010,AREA000063,PRODUCTION,Three-Phase Separator,THR-338,SN-86698495,Under Maintenance,2022,18,Alloy Steel,Hydraulic,Critical,High,A,55502,17.4,Yes,Process/Mechanical Lubricant,Manual / automated
EQ00000750,SITE04,UNIT00010,AREA000064,SAFETY,Fire Hydrant,FIR-528,SN-63748842,Under Maintenance,2017,12,Carbon Steel,Mechanical,High,High,A,163974,11.3,Some,Pump Bearing Grease,Manual
EQ00000751,SITE04,UNIT00010,AREA000059,WORKSHOP,Hydraulic Press,HYD-657,SN-23405403,Active,2017,19,Alloy Steel,Mechanical,Medium,High,B,145899,21.0,Yes,Machine Oil / Grease,Manual
EQ00000752,SITE04,UNIT00010,AREA000061,PIPING,Process Pipeline,PRO-459,SN-35824230,Under Maintenance,2023,27,Carbon Steel,Mechanical,Critical,High,B,11205,7.7,No,N/A,N/A
EQ00000753,SITE04,UNIT00010,AREA000064,ENVIRONMENT,Oil Water Separator,OIL-543,SN-88260480,Standby,2022,29,Stainless Steel,Mechanical,High,Medium,C,91957,5.7,Yes,Pump Bearing Grease,Manual
EQ00000754,SITE04,UNIT00010,AREA000061,STATIC,Pressure Vessel,PRE-651,SN-91135680,Active,2024,17,Alloy Steel,Mechanical,Critical,Critical,B,98236,2.6,No,N/A,N/A
EQ00000755,SITE04,UNIT00010,AREA000063,LIFTING,Mobile Crane,MOB-390,SN-53856872,Active,2022,20,Carbon Steel,Pneumatic,Critical,Critical,B,87019,1.2,Yes,Wire Rope / Gear Grease,Manual
EQ00000756,SITE04,UNIT00010,AREA000062,STATIC,Boiler,BOI-182,SN-13532190,Active,2017,26,Alloy Steel,Mixed,Critical,High,B,27903,8.1,No,N/A,N/A
EQ00000757,SITE04,UNIT00010,AREA000064,INSTRUMENTATION,Gas Detector,GAS-909,SN-40779634,Standby,2025,20,Alloy Steel,Electrical,Critical,Critical,A,187628,18.0,No,N/A,N/A
EQ00000758,SITE04,UNIT00010,AREA000062,ENVIRONMENT,Oil Water Separator,OIL-629,SN-96815386,Active,2019,28,Stainless Steel,Mixed,High,Medium,B,147613,20.8,Yes,Pump Bearing Grease,Manual
EQ00000759,SITE04,UNIT00010,AREA000062,ELECTRICAL,Switchgear,SWI-321,SN-61981352,Active,2016,23,Stainless Steel,Electrical,Critical,Critical,A,196915,10.2,Some,Bearing Grease,Manual
EQ00000760,SITE04,UNIT00010,AREA000059,SAFETY,Fire Alarm Panel,FIR-408,SN-47572968,Active,2023,24,Cast Iron,Pneumatic,High,High,A,178000,10.0,Some,Pump Bearing Grease,Manual
EQ00000761,SITE04,UNIT00010,AREA000060,PRODUCTION,Gas Sweetening Unit,GAS-867,SN-71699325,Active,2023,10,Stainless Steel,Pneumatic,Critical,High,B,123088,10.1,Yes,Process/Mechanical Lubricant,Manual / automated
EQ00000762,SITE04,UNIT00010,AREA000064,LIFTING,Mobile Crane,MOB-839,SN-45351816,Active,2020,17,Alloy Steel,Mixed,Critical,Critical,C,111799,8.8,Yes,Wire Rope / Gear Grease,Manual
EQ00000763,SITE04,UNIT00010,AREA000063,STATIC,Pressure Vessel,PRE-799,SN-52719028,Under Maintenance,2017,16,Cast Iron,Hydraulic,Critical,Critical,B,112774,1.9,No,N/A,N/A
EQ00000764,SITE04,UNIT00010,AREA000062,PIPING,Relief Valve,REL-714,SN-88673989,Active,2021,10,Carbon Steel,Hydraulic,Critical,Critical,C,44010,16.9,No,N/A,N/A
EQ00000765,SITE04,UNIT00010,AREA000059,INSTRUMENTATION,Control Valve,CON-596,SN-51275753,Standby,2020,17,Stainless Steel,Process,High,High,C,24668,6.2,No,N/A,N/A
EQ00000766,SITE04,UNIT00010,AREA000061,ROTARY,Positive Displacement Pump,POS-617,SN-35219309,Active,2017,14,Alloy Steel,Process,High,High,B,52274,6.5,Yes,Bearing Oil / Grease,Manual / auto-lube
EQ00000767,SITE04,UNIT00010,AREA000063,VEHICLE,Emergency Response Vehicle,EME-974,SN-23032659,Under Maintenance,2019,17,Alloy Steel,Process,High,High,C,25038,13.2,Yes,Engine / Gear Lubricant,Workshop service
EQ00000768,SITE04,UNIT00010,AREA000061,INSTRUMENTATION,Control Valve,CON-583,SN-35929785,Active,2018,12,Carbon Steel,Hydraulic,High,High,C,106271,2.2,No,N/A,N/A
EQ00000769,SITE04,UNIT00010,AREA000061,WORKSHOP,Air Receiver,AIR-410,SN-26063090,Under Maintenance,2021,15,Carbon Steel,Mechanical,High,High,B,161923,20.6,Yes,Machine Oil / Grease,Manual
EQ00000770,SITE04,UNIT00010,AREA000060,INSTRUMENTATION,Emergency Shutdown System,EME-944,SN-77572962,Active,2022,14,Carbon Steel,Mixed,Critical,Critical,B,94281,22.3,No,N/A,N/A
EQ00000771,SITE04,UNIT00010,AREA000061,LIFTING,Mobile Crane,MOB-605,SN-27289643,Active,2025,16,Cast Iron,Electrical,Critical,Critical,A,160923,8.5,Yes,Wire Rope / Gear Grease,Manual
EQ00000772,SITE04,UNIT00010,AREA000061,PIPING,Pig Launcher/Receiver,PIG-369,SN-70553023,Standby,2023,29,Alloy Steel,Electrical,High,High,C,152931,0.7,No,N/A,N/A
EQ00000773,SITE04,UNIT00010,AREA000062,DRILLING,Mud Pump,MUD-535,SN-92321426,Under Maintenance,2021,17,Carbon Steel,Mechanical,Critical,High,B,173753,23.0,Yes,EP Gear Oil / Grease,Grease gun / centralized
EQ00000774,SITE04,UNIT00010,AREA000059,PRODUCTION,Crude Oil Pump,CRU-828,SN-26379293,Active,2025,24,Carbon Steel,Hydraulic,High,High,A,81642,10.6,Yes,Process/Mechanical Lubricant,Manual / automated
EQ00000775,SITE04,UNIT00010,AREA000060,INSTRUMENTATION,Emergency Shutdown System,EME-268,SN-82010674,Active,2024,13,Stainless Steel,Mechanical,Critical,Critical,A,98915,5.1,No,N/A,N/A
EQ00000776,SITE04,UNIT00010,AREA000064,ELECTRICAL,Switchgear,SWI-714,SN-94356947,Active,2021,26,Cast Iron,Hydraulic,Critical,Critical,C,186738,11.0,Some,Bearing Grease,Manual
EQ00000777,SITE04,UNIT00010,AREA000064,WORKSHOP,Grinding Machine,GRI-928,SN-16686777,Under Maintenance,2016,16,Alloy Steel,Mixed,Medium,High,C,49152,1.6,Yes,Machine Oil / Grease,Manual
EQ00000778,SITE04,UNIT00010,AREA000063,ELECTRICAL,Transformer,TRA-681,SN-94346382,Under Maintenance,2016,18,Cast Iron,Mixed,Critical,High,C,13927,22.9,Some,Bearing Grease,Manual
EQ00000779,SITE04,UNIT00010,AREA000060,SAFETY,Fire Hydrant,FIR-257,SN-62740982,Active,2025,29,Cast Iron,Pneumatic,High,High,B,197015,19.8,Some,Pump Bearing Grease,Manual
EQ00000780,SITE04,UNIT00010,AREA000064,PRODUCTION,Gas Dehydration Unit,GAS-670,SN-43004158,Active,2019,25,Cast Iron,Hydraulic,High,High,B,144922,3.4,Yes,Process/Mechanical Lubricant,Manual / automated
EQ00000781,SITE04,UNIT00010,AREA000061,DRILLING,Cementing Unit,CEM-256,SN-86851275,Active,2017,19,Carbon Steel,Hydraulic,High,High,C,44309,8.2,Yes,EP Gear Oil / Grease,Grease gun / centralized
EQ00000782,SITE04,UNIT00010,AREA000061,PRODUCTION,Gas Dehydration Unit,GAS-842,SN-92242860,Active,2020,30,Stainless Steel,Mixed,High,High,B,59367,23.6,Yes,Process/Mechanical Lubricant,Manual / automated
EQ00000783,SITE04,UNIT00010,AREA000062,PRODUCTION,Gas Compressor,GAS-884,SN-48619326,Under Maintenance,2019,18,Stainless Steel,Mixed,Critical,Critical,A,173821,6.4,Yes,Process/Mechanical Lubricant,Manual / automated
EQ00000784,SITE04,UNIT00010,AREA000059,ELECTRICAL,Switchgear,SWI-904,SN-56172299,Standby,2025,29,Alloy Steel,Pneumatic,Critical,Critical,B,132487,2.4,Some,Bearing Grease,Manual
EQ00000785,SITE04,UNIT00010,AREA000063,ENVIRONMENT,Oil Water Separator,OIL-611,SN-48037456,Active,2019,22,Carbon Steel,Electrical,High,Medium,B,7658,4.7,Yes,Pump Bearing Grease,Manual
EQ00000786,SITE04,UNIT00010,AREA000063,PRODUCTION,Gas Compressor,GAS-641,SN-51956607,Active,2018,13,Cast Iron,Mixed,Critical,Critical,A,29794,18.0,Yes,Process/Mechanical Lubricant,Manual / automated
EQ00000787,SITE04,UNIT00010,AREA000060,LIFTING,Forklift,FOR-939,SN-24290225,Active,2021,29,Carbon Steel,Electrical,High,High,B,50692,1.2,Yes,Wire Rope / Gear Grease,Manual
EQ00000788,SITE04,UNIT00010,AREA000060,WORKSHOP,Grinding Machine,GRI-285,SN-99843797,Standby,2021,17,Cast Iron,Process,Medium,High,B,186477,18.7,Yes,Machine Oil / Grease,Manual
EQ00000789,SITE04,UNIT00010,AREA000059,ROTARY,Centrifugal Pump,CEN-600,SN-96155859,Under Maintenance,2025,28,Stainless Steel,Hydraulic,High,High,C,81251,9.5,Yes,Bearing Oil / Grease,Manual / auto-lube
EQ00000790,SITE04,UNIT00010,AREA000061,DRILLING,Drawworks,DRA-159,SN-37659258,Under Maintenance,2018,30,Carbon Steel,Mixed,Critical,Critical,C,57724,10.7,Yes,EP Gear Oil / Grease,Grease gun / centralized
EQ00000791,SITE04,UNIT00010,AREA000064,DRILLING,Drilling Rig,DRI-110,SN-66611409,Standby,2025,23,Carbon Steel,Process,Critical,High,A,122905,9.1,Yes,EP Gear Oil / Grease,Grease gun / centralized
EQ00000792,SITE04,UNIT00010,AREA000061,PRODUCTION,Gas Dehydration Unit,GAS-914,SN-63768384,Active,2021,29,Cast Iron,Pneumatic,High,High,B,29623,14.2,Yes,Process/Mechanical Lubricant,Manual / automated
EQ00000793,SITE04,UNIT00010,AREA000059,ROTARY,Diesel Generator,DIE-665,SN-19281333,Active,2017,27,Carbon Steel,Mechanical,High,High,B,143823,3.5,Yes,Bearing Oil / Grease,Manual / auto-lube
EQ00000794,SITE04,UNIT00010,AREA000060,DRILLING,Top Drive,TOP-947,SN-50002590,Active,2024,29,Carbon Steel,Electrical,Critical,Critical,B,95919,10.8,Yes,EP Gear Oil / Grease,Grease gun / centralized
EQ00000795,SITE04,UNIT00010,AREA000062,PRODUCTION,Gas Compressor,GAS-977,SN-75220748,Active,2017,16,Carbon Steel,Hydraulic,Critical,Critical,B,132155,10.9,Yes,Process/Mechanical Lubricant,Manual / automated
EQ00000796,SITE04,UNIT00010,AREA000063,ROTARY,Diesel Generator,DIE-882,SN-64185284,Standby,2023,24,Cast Iron,Electrical,High,High,A,102652,6.8,Yes,Bearing Oil / Grease,Manual / auto-lube
EQ00000797,SITE04,UNIT00010,AREA000061,STATIC,Heat Exchanger,HEA-842,SN-39154312,Active,2023,27,Carbon Steel,Hydraulic,High,High,B,6120,20.6,No,N/A,N/A
EQ00000798,SITE04,UNIT00010,AREA000063,ELECTRICAL,Motor Control Centre,MOT-255,SN-32336433,Standby,2023,28,Stainless Steel,Hydraulic,Critical,High,C,89566,6.5,Some,Bearing Grease,Manual
EQ00000799,SITE04,UNIT00010,AREA000062,STATIC,Fired Heater,FIR-549,SN-90013011,Active,2023,24,Carbon Steel,Mixed,Critical,Critical,A,150291,13.6,No,N/A,N/A
EQ00000800,SITE04,UNIT00010,AREA000060,DRILLING,Drawworks,DRA-731,SN-89106133,Active,2019,18,Alloy Steel,Pneumatic,Critical,Critical,A,106155,19.6,Yes,EP Gear Oil / Grease,Grease gun / centralized
EQ00000801,SITE04,UNIT00010,AREA000061,PIPING,Relief Valve,REL-593,SN-16517633,Active,2019,22,Alloy Steel,Hydraulic,Critical,Critical,C,146669,8.1,No,N/A,N/A
EQ00000802,SITE04,UNIT00010,AREA000059,INSTRUMENTATION,Control Valve,CON-176,SN-74496425,Active,2019,12,Alloy Steel,Process,High,High,B,109712,22.1,No,N/A,N/A
EQ00000803,SITE04,UNIT00010,AREA000061,PRODUCTION,Three-Phase Separator,THR-537,SN-11119640,Active,2017,16,Stainless Steel,Process,Critical,High,C,133791,0.3,Yes,Process/Mechanical Lubricant,Manual / automated
EQ00000804,SITE04,UNIT00010,AREA000061,PRODUCTION,Gas Sweetening Unit,GAS-378,SN-18968863,Standby,2021,18,Cast Iron,Process,Critical,High,A,173634,20.8,Yes,Process/Mechanical Lubricant,Manual / automated
EQ00000805,SITE04,UNIT00010,AREA000061,PRODUCTION,Gas Dehydration Unit,GAS-852,SN-82860484,Active,2020,16,Carbon Steel,Process,High,High,B,134087,22.9,Yes,Process/Mechanical Lubricant,Manual / automated
EQ00000806,SITE04,UNIT00010,AREA000059,DRILLING,Blowout Preventer,BLO-679,SN-68020373,Standby,2017,29,Cast Iron,Mixed,Critical,Critical,A,8263,14.9,Yes,EP Gear Oil / Grease,Grease gun / centralized
EQ00000807,SITE04,UNIT00010,AREA000061,PRODUCTION,Three-Phase Separator,THR-179,SN-67627228,Active,2017,29,Cast Iron,Electrical,Critical,High,B,158690,4.0,Yes,Process/Mechanical Lubricant,Manual / automated
EQ00000808,SITE04,UNIT00010,AREA000064,PIPING,Process Pipeline,PRO-910,SN-73059095,Standby,2025,17,Cast Iron,Mixed,Critical,High,B,126833,4.2,No,N/A,N/A
EQ00000809,SITE04,UNIT00010,AREA000060,ROTARY,Centrifugal Pump,CEN-646,SN-96875656,Active,2020,30,Alloy Steel,Mechanical,High,High,B,124443,14.0,Yes,Bearing Oil / Grease,Manual / auto-lube
EQ00000810,SITE04,UNIT00010,AREA000059,PIPING,Process Pipeline,PRO-251,SN-72647598,Active,2021,13,Carbon Steel,Pneumatic,Critical,High,A,48783,9.6,No,N/A,N/A
EQ00000811,SITE04,UNIT00010,AREA000064,ELECTRICAL,Switchgear,SWI-731,SN-66003192,Standby,2021,25,Cast Iron,Electrical,Critical,Critical,B,66325,20.7,Some,Bearing Grease,Manual
EQ00000812,SITE04,UNIT00010,AREA000064,STATIC,Boiler,BOI-542,SN-50347727,Standby,2016,23,Carbon Steel,Mixed,Critical,High,B,79933,3.6,No,N/A,N/A
EQ00000813,SITE04,UNIT00010,AREA000061,ELECTRICAL,Industrial Motor,IND-857,SN-89183626,Active,2019,21,Stainless Steel,Process,High,High,B,147259,16.7,Some,Bearing Grease,Manual
EQ00000814,SITE04,UNIT00010,AREA000060,VEHICLE,Oil Tanker,OIL-145,SN-53512939,Active,2021,22,Carbon Steel,Mechanical,High,Critical,A,35621,7.9,Yes,Engine / Gear Lubricant,Workshop service
EQ00000815,SITE04,UNIT00010,AREA000059,PRODUCTION,Crude Oil Pump,CRU-707,SN-93302209,Active,2017,21,Alloy Steel,Electrical,High,High,A,85080,5.7,Yes,Process/Mechanical Lubricant,Manual / automated
EQ00000816,SITE04,UNIT00010,AREA000062,WORKSHOP,Grinding Machine,GRI-501,SN-68014632,Active,2017,15,Stainless Steel,Hydraulic,Medium,High,B,65495,0.5,Yes,Machine Oil / Grease,Manual
EQ00000817,SITE04,UNIT00010,AREA000063,PIPING,Pipeline Valve,PIP-211,SN-15923206,Active,2016,19,Cast Iron,Mixed,High,High,A,14121,17.6,No,N/A,N/A
EQ00000818,SITE04,UNIT00010,AREA000062,DRILLING,Mud Tank,MUD-649,SN-31516732,Standby,2024,25,Stainless Steel,Process,High,Medium,A,4153,11.6,Yes,EP Gear Oil / Grease,Grease gun / centralized
EQ00000819,SITE04,UNIT00010,AREA000062,STATIC,Pressure Vessel,PRE-878,SN-90317906,Under Maintenance,2024,30,Alloy Steel,Electrical,Critical,Critical,C,67926,8.4,No,N/A,N/A
EQ00000820,SITE04,UNIT00010,AREA000060,DRILLING,Mud Pump,MUD-615,SN-16551774,Standby,2017,16,Stainless Steel,Electrical,Critical,High,C,9486,3.3,Yes,EP Gear Oil / Grease,Grease gun / centralized
EQ00000821,SITE04,UNIT00010,AREA000061,INSTRUMENTATION,Control Valve,CON-428,SN-13191037,Active,2021,20,Alloy Steel,Process,High,High,A,133980,23.8,No,N/A,N/A
EQ00000822,SITE04,UNIT00010,AREA000063,INSTRUMENTATION,Emergency Shutdown System,EME-890,SN-17977764,Active,2019,10,Carbon Steel,Hydraulic,Critical,Critical,A,83017,3.9,No,N/A,N/A
EQ00000823,SITE04,UNIT00010,AREA000060,ELECTRICAL,Industrial Motor,IND-258,SN-70712265,Active,2021,30,Cast Iron,Electrical,High,High,A,44498,3.1,Some,Bearing Grease,Manual
EQ00000824,SITE04,UNIT00010,AREA000063,PIPING,Process Pipeline,PRO-444,SN-19321385,Standby,2016,22,Cast Iron,Electrical,Critical,High,C,143151,19.2,No,N/A,N/A
EQ00000825,SITE04,UNIT00010,AREA000061,LIFTING,Hoist,HOI-252,SN-43696985,Under Maintenance,2024,27,Cast Iron,Mechanical,High,High,C,19480,5.9,Yes,Wire Rope / Gear Grease,Manual
EQ00000826,SITE04,UNIT00010,AREA000059,ENVIRONMENT,Effluent Treatment Unit,EFF-681,SN-26661843,Active,2024,28,Stainless Steel,Mixed,High,Medium,B,100186,23.0,Yes,Pump Bearing Grease,Manual
EQ00000827,SITE04,UNIT00010,AREA000059,ELECTRICAL,Transformer,TRA-994,SN-88818874,Active,2023,19,Alloy Steel,Pneumatic,Critical,High,A,132682,8.7,Some,Bearing Grease,Manual
EQ00000828,SITE04,UNIT00010,AREA000062,WORKSHOP,Hydraulic Press,HYD-422,SN-73592528,Active,2020,14,Cast Iron,Hydraulic,Medium,High,C,124835,14.4,Yes,Machine Oil / Grease,Manual
EQ00000829,SITE04,UNIT00010,AREA000063,PRODUCTION,Gas Sweetening Unit,GAS-191,SN-34940623,Standby,2020,19,Carbon Steel,Electrical,Critical,High,B,5435,5.5,Yes,Process/Mechanical Lubricant,Manual / automated
EQ00000830,SITE04,UNIT00010,AREA000063,LIFTING,Mobile Crane,MOB-575,SN-90456428,Active,2022,27,Cast Iron,Mixed,Critical,Critical,C,154060,19.6,Yes,Wire Rope / Gear Grease,Manual
EQ00000831,SITE04,UNIT00010,AREA000059,PIPING,Pipeline Valve,PIP-209,SN-87005329,Standby,2023,11,Carbon Steel,Hydraulic,High,High,C,7193,4.2,No,N/A,N/A
EQ00000832,SITE04,UNIT00010,AREA000060,INSTRUMENTATION,Control Valve,CON-468,SN-42722697,Active,2019,11,Alloy Steel,Process,High,High,C,154528,14.0,No,N/A,N/A
EQ00000833,SITE04,UNIT00010,AREA000059,ROTARY,Centrifugal Pump,CEN-818,SN-20501313,Active,2020,18,Stainless Steel,Electrical,High,High,B,160634,9.4,Yes,Bearing Oil / Grease,Manual / auto-lube
EQ00000834,SITE04,UNIT00010,AREA000061,DRILLING,Mud Pump,MUD-502,SN-50568604,Standby,2020,16,Cast Iron,Electrical,Critical,High,A,78586,15.9,Yes,EP Gear Oil / Grease,Grease gun / centralized
EQ00000835,SITE04,UNIT00011,AREA000065,PIPING,Relief Valve,REL-782,SN-20764846,Active,2016,11,Carbon Steel,Hydraulic,Critical,Critical,B,20346,10.0,No,N/A,N/A
EQ00000836,SITE04,UNIT00011,AREA000068,PRODUCTION,Crude Oil Pump,CRU-743,SN-65390574,Active,2019,20,Cast Iron,Electrical,High,High,C,37307,3.1,Yes,Process/Mechanical Lubricant,Manual / automated
EQ00000837,SITE04,UNIT00011,AREA000068,INSTRUMENTATION,Emergency Shutdown System,EME-344,SN-66849336,Under Maintenance,2025,16,Alloy Steel,Mixed,Critical,Critical,C,155941,1.7,No,N/A,N/A
EQ00000838,SITE04,UNIT00011,AREA000066,ELECTRICAL,Motor Control Centre,MOT-420,SN-34831499,Under Maintenance,2018,23,Alloy Steel,Hydraulic,Critical,High,B,180252,12.5,Some,Bearing Grease,Manual
EQ00000839,SITE04,UNIT00011,AREA000068,INSTRUMENTATION,Emergency Shutdown System,EME-590,SN-91839237,Active,2024,15,Alloy Steel,Process,Critical,Critical,A,181380,3.7,No,N/A,N/A
EQ00000840,SITE04,UNIT00011,AREA000069,ELECTRICAL,Transformer,TRA-881,SN-56473789,Active,2021,28,Stainless Steel,Hydraulic,Critical,High,C,119342,6.5,Some,Bearing Grease,Manual
EQ00000841,SITE04,UNIT00011,AREA000069,DRILLING,Drawworks,DRA-847,SN-31524191,Active,2020,16,Carbon Steel,Electrical,Critical,Critical,C,12262,8.7,Yes,EP Gear Oil / Grease,Grease gun / centralized
EQ00000842,SITE04,UNIT00011,AREA000067,SAFETY,Fire Hydrant,FIR-457,SN-30044867,Active,2024,10,Cast Iron,Mechanical,High,High,A,17791,14.9,Some,Pump Bearing Grease,Manual
EQ00000843,SITE04,UNIT00011,AREA000065,PRODUCTION,Gas Sweetening Unit,GAS-472,SN-20839968,Active,2016,26,Carbon Steel,Process,Critical,High,B,181521,13.0,Yes,Process/Mechanical Lubricant,Manual / automated
EQ00000844,SITE04,UNIT00011,AREA000066,PRODUCTION,Gas Compressor,GAS-217,SN-68349682,Under Maintenance,2025,14,Carbon Steel,Process,Critical,Critical,A,109932,17.1,Yes,Process/Mechanical Lubricant,Manual / automated
EQ00000845,SITE04,UNIT00011,AREA000069,ROTARY,Air Compressor,AIR-104,SN-14110771,Under Maintenance,2023,19,Alloy Steel,Mixed,High,High,B,145787,0.8,Yes,Bearing Oil / Grease,Manual / auto-lube
EQ00000846,SITE04,UNIT00011,AREA000066,STATIC,Pressure Vessel,PRE-236,SN-98672138,Under Maintenance,2018,11,Alloy Steel,Process,Critical,Critical,C,51621,23.6,No,N/A,N/A
EQ00000847,SITE04,UNIT00011,AREA000069,ELECTRICAL,UPS System,UPS-343,SN-12667181,Active,2016,21,Carbon Steel,Mixed,Medium,Medium,C,124440,2.9,Some,Bearing Grease,Manual
EQ00000848,SITE04,UNIT00011,AREA000067,ELECTRICAL,UPS System,UPS-521,SN-29165758,Standby,2023,18,Alloy Steel,Mixed,Medium,Medium,A,24006,23.9,Some,Bearing Grease,Manual
EQ00000849,SITE04,UNIT00011,AREA000065,LIFTING,Hoist,HOI-787,SN-78127214,Under Maintenance,2018,26,Stainless Steel,Electrical,High,High,C,130982,6.8,Yes,Wire Rope / Gear Grease,Manual
EQ00000850,SITE04,UNIT00011,AREA000068,ELECTRICAL,Transformer,TRA-631,SN-57347429,Active,2024,26,Alloy Steel,Mixed,Critical,High,C,148015,20.7,Some,Bearing Grease,Manual
EQ00000851,SITE04,UNIT00011,AREA000068,ELECTRICAL,Switchgear,SWI-948,SN-32864847,Standby,2025,14,Cast Iron,Mixed,Critical,Critical,B,75661,15.7,Some,Bearing Grease,Manual
EQ00000852,SITE04,UNIT00011,AREA000068,SAFETY,Fire Water Pump,FIR-416,SN-39270317,Active,2024,11,Cast Iron,Mixed,Critical,Critical,A,15886,23.9,Some,Pump Bearing Grease,Manual
EQ00000853,SITE04,UNIT00011,AREA000069,SAFETY,Fire Alarm Panel,FIR-389,SN-11832614,Active,2021,16,Cast Iron,Process,High,High,C,159338,8.2,Some,Pump Bearing Grease,Manual
EQ00000854,SITE04,UNIT00011,AREA000065,PIPING,Process Pipeline,PRO-534,SN-92191476,Active,2020,11,Stainless Steel,Mixed,Critical,High,B,83303,8.9,No,N/A,N/A
EQ00000855,SITE04,UNIT00011,AREA000068,PIPING,Pig Launcher/Receiver,PIG-205,SN-30645556,Active,2022,14,Stainless Steel,Mixed,High,High,C,166759,0.7,No,N/A,N/A
EQ00000856,SITE04,UNIT00011,AREA000069,PRODUCTION,Gas Dehydration Unit,GAS-369,SN-65171529,Active,2016,10,Stainless Steel,Mixed,High,High,C,65014,9.7,Yes,Process/Mechanical Lubricant,Manual / automated
EQ00000857,SITE04,UNIT00011,AREA000066,PRODUCTION,Crude Oil Pump,CRU-416,SN-92087751,Active,2020,24,Cast Iron,Process,High,High,B,43884,21.9,Yes,Process/Mechanical Lubricant,Manual / automated
EQ00000858,SITE04,UNIT00011,AREA000066,LIFTING,Overhead Crane,OVE-338,SN-97559319,Standby,2024,24,Alloy Steel,Mechanical,High,Critical,B,15192,7.6,Yes,Wire Rope / Gear Grease,Manual
EQ00000859,SITE04,UNIT00011,AREA000069,PRODUCTION,Gas Sweetening Unit,GAS-938,SN-12610868,Standby,2022,18,Cast Iron,Mechanical,Critical,High,C,165528,6.2,Yes,Process/Mechanical Lubricant,Manual / automated
EQ00000860,SITE04,UNIT00011,AREA000065,STATIC,Storage Tank,STO-239,SN-78806653,Active,2025,22,Carbon Steel,Mixed,Critical,High,C,199151,9.1,No,N/A,N/A
EQ00000861,SITE04,UNIT00011,AREA000068,LIFTING,Mobile Crane,MOB-412,SN-73344062,Under Maintenance,2022,21,Carbon Steel,Mechanical,Critical,Critical,B,153733,12.6,Yes,Wire Rope / Gear Grease,Manual
EQ00000862,SITE04,UNIT00011,AREA000065,WORKSHOP,Hydraulic Press,HYD-550,SN-10370853,Active,2024,25,Carbon Steel,Mixed,Medium,High,C,190774,16.5,Yes,Machine Oil / Grease,Manual
EQ00000863,SITE04,UNIT00011,AREA000065,STATIC,Boiler,BOI-948,SN-86591334,Active,2016,11,Cast Iron,Electrical,Critical,High,A,131118,13.4,No,N/A,N/A
EQ00000864,SITE04,UNIT00011,AREA000069,INSTRUMENTATION,Control Valve,CON-866,SN-51504428,Active,2023,15,Alloy Steel,Mechanical,High,High,B,174829,16.3,No,N/A,N/A
EQ00000865,SITE04,UNIT00011,AREA000068,VEHICLE,Heavy Utility Vehicle,HEA-927,SN-71445558,Active,2017,29,Carbon Steel,Hydraulic,Medium,Medium,C,79190,14.8,Yes,Engine / Gear Lubricant,Workshop service
EQ00000866,SITE04,UNIT00011,AREA000066,STATIC,Heat Exchanger,HEA-482,SN-42680207,Active,2020,14,Cast Iron,Mixed,High,High,C,29647,2.4,No,N/A,N/A
EQ00000867,SITE04,UNIT00011,AREA000069,ENVIRONMENT,Oil Water Separator,OIL-220,SN-77119614,Active,2022,11,Cast Iron,Mixed,High,Medium,C,53051,15.7,Yes,Pump Bearing Grease,Manual
EQ00000868,SITE04,UNIT00011,AREA000067,ENVIRONMENT,Oil Water Separator,OIL-799,SN-44277166,Under Maintenance,2023,27,Alloy Steel,Pneumatic,High,Medium,B,102343,0.2,Yes,Pump Bearing Grease,Manual
EQ00000869,SITE04,UNIT00011,AREA000066,DRILLING,Cementing Unit,CEM-952,SN-34283905,Standby,2025,24,Cast Iron,Process,High,High,C,136913,15.6,Yes,EP Gear Oil / Grease,Grease gun / centralized
EQ00000870,SITE04,UNIT00011,AREA000066,STATIC,Pressure Vessel,PRE-717,SN-13652784,Active,2024,14,Alloy Steel,Process,Critical,Critical,B,78229,11.5,No,N/A,N/A
EQ00000871,SITE04,UNIT00011,AREA000066,ELECTRICAL,Motor Control Centre,MOT-560,SN-95317597,Active,2018,17,Stainless Steel,Electrical,Critical,High,A,116341,23.0,Some,Bearing Grease,Manual
EQ00000872,SITE04,UNIT00011,AREA000068,PIPING,Pipeline Valve,PIP-876,SN-16373472,Standby,2024,23,Carbon Steel,Hydraulic,High,High,C,79330,8.4,No,N/A,N/A
EQ00000873,SITE04,UNIT00011,AREA000069,DRILLING,Drilling Rig,DRI-559,SN-14832287,Active,2020,14,Carbon Steel,Mechanical,Critical,High,A,176596,5.4,Yes,EP Gear Oil / Grease,Grease gun / centralized
EQ00000874,SITE04,UNIT00011,AREA000069,DRILLING,Wellhead,WEL-856,SN-60830809,Active,2023,17,Stainless Steel,Electrical,Critical,Critical,C,127646,10.8,Yes,EP Gear Oil / Grease,Grease gun / centralized
EQ00000875,SITE04,UNIT00011,AREA000066,DRILLING,Cementing Unit,CEM-611,SN-96478719,Active,2023,11,Alloy Steel,Hydraulic,High,High,A,90039,12.8,Yes,EP Gear Oil / Grease,Grease gun / centralized
EQ00000876,SITE04,UNIT00011,AREA000069,PRODUCTION,Gas Dehydration Unit,GAS-752,SN-48317707,Standby,2022,30,Cast Iron,Mechanical,High,High,C,103491,20.2,Yes,Process/Mechanical Lubricant,Manual / automated
EQ00000877,SITE04,UNIT00011,AREA000067,ROTARY,Centrifugal Pump,CEN-960,SN-89567575,Active,2025,15,Cast Iron,Hydraulic,High,High,A,128976,10.0,Yes,Bearing Oil / Grease,Manual / auto-lube
EQ00000878,SITE04,UNIT00011,AREA000069,PRODUCTION,Gas Compressor,GAS-219,SN-59120375,Active,2016,16,Cast Iron,Hydraulic,Critical,Critical,A,86479,9.7,Yes,Process/Mechanical Lubricant,Manual / automated
EQ00000879,SITE04,UNIT00011,AREA000065,PIPING,Pig Launcher/Receiver,PIG-431,SN-97045335,Active,2021,30,Cast Iron,Mechanical,High,High,C,187141,15.2,No,N/A,N/A
EQ00000880,SITE04,UNIT00011,AREA000067,INSTRUMENTATION,Gas Detector,GAS-402,SN-49708520,Active,2023,14,Carbon Steel,Mechanical,Critical,Critical,A,175276,3.3,No,N/A,N/A
EQ00000881,SITE04,UNIT00011,AREA000065,ENVIRONMENT,Oil Water Separator,OIL-356,SN-22113711,Active,2025,12,Carbon Steel,Hydraulic,High,Medium,C,174024,4.0,Yes,Pump Bearing Grease,Manual
EQ00000882,SITE04,UNIT00011,AREA000067,ELECTRICAL,Switchgear,SWI-368,SN-77422867,Active,2019,25,Carbon Steel,Mechanical,Critical,Critical,A,158503,18.4,Some,Bearing Grease,Manual
EQ00000883,SITE04,UNIT00011,AREA000069,VEHICLE,Oil Tanker,OIL-828,SN-19426874,Under Maintenance,2024,22,Cast Iron,Hydraulic,High,Critical,B,42361,4.6,Yes,Engine / Gear Lubricant,Workshop service
EQ00000884,SITE04,UNIT00011,AREA000068,DRILLING,Cementing Unit,CEM-111,SN-97938735,Active,2017,27,Carbon Steel,Process,High,High,A,133691,19.1,Yes,EP Gear Oil / Grease,Grease gun / centralized
EQ00000885,SITE04,UNIT00011,AREA000068,ROTARY,Centrifugal Pump,CEN-220,SN-62931974,Active,2019,16,Cast Iron,Mixed,High,High,C,191864,1.9,Yes,Bearing Oil / Grease,Manual / auto-lube
EQ00000886,SITE04,UNIT00011,AREA000068,ELECTRICAL,Transformer,TRA-129,SN-76189777,Active,2016,20,Carbon Steel,Electrical,Critical,High,C,130886,20.8,Some,Bearing Grease,Manual
EQ00000887,SITE04,UNIT00011,AREA000069,SAFETY,Fire Alarm Panel,FIR-960,SN-87546952,Standby,2016,15,Stainless Steel,Process,High,High,B,143013,20.1,Some,Pump Bearing Grease,Manual
EQ00000888,SITE04,UNIT00011,AREA000066,LIFTING,Forklift,FOR-117,SN-14367654,Active,2024,17,Cast Iron,Hydraulic,High,High,B,96444,12.5,Yes,Wire Rope / Gear Grease,Manual
EQ00000889,SITE04,UNIT00011,AREA000065,ROTARY,Air Compressor,AIR-549,SN-33926002,Under Maintenance,2021,13,Alloy Steel,Mixed,High,High,A,185299,9.2,Yes,Bearing Oil / Grease,Manual / auto-lube
EQ00000890,SITE04,UNIT00011,AREA000067,STATIC,Pressure Vessel,PRE-459,SN-44655604,Active,2022,22,Stainless Steel,Pneumatic,Critical,Critical,C,198410,6.2,No,N/A,N/A
EQ00000891,SITE04,UNIT00011,AREA000065,STATIC,Boiler,BOI-715,SN-65520823,Active,2017,14,Cast Iron,Mechanical,Critical,High,A,138012,9.1,No,N/A,N/A
EQ00000892,SITE04,UNIT00011,AREA000065,VEHICLE,Emergency Response Vehicle,EME-381,SN-80825374,Active,2019,27,Alloy Steel,Mechanical,High,High,C,125219,19.5,Yes,Engine / Gear Lubricant,Workshop service
EQ00000893,SITE04,UNIT00011,AREA000066,LIFTING,Mobile Crane,MOB-859,SN-73884837,Active,2017,23,Stainless Steel,Pneumatic,Critical,Critical,B,45185,12.1,Yes,Wire Rope / Gear Grease,Manual
EQ00000894,SITE04,UNIT00011,AREA000066,STATIC,Fired Heater,FIR-333,SN-31784368,Standby,2024,18,Cast Iron,Mixed,Critical,Critical,A,181054,22.9,No,N/A,N/A
EQ00000895,SITE04,UNIT00011,AREA000067,ELECTRICAL,Industrial Motor,IND-815,SN-48711031,Active,2017,30,Stainless Steel,Hydraulic,High,High,C,92908,18.6,Some,Bearing Grease,Manual
EQ00000896,SITE04,UNIT00011,AREA000065,WORKSHOP,Lathe Machine,LAT-986,SN-72913729,Active,2024,26,Alloy Steel,Electrical,Medium,Medium,C,1531,11.8,Yes,Machine Oil / Grease,Manual
EQ00000897,SITE04,UNIT00011,AREA000067,DRILLING,Cementing Unit,CEM-849,SN-50530217,Standby,2018,16,Alloy Steel,Mixed,High,High,A,64222,12.0,Yes,EP Gear Oil / Grease,Grease gun / centralized
EQ00000898,SITE04,UNIT00011,AREA000068,PIPING,Pig Launcher/Receiver,PIG-845,SN-12621097,Active,2022,27,Cast Iron,Hydraulic,High,High,C,54285,13.2,No,N/A,N/A
EQ00000899,SITE04,UNIT00011,AREA000065,DRILLING,Top Drive,TOP-746,SN-78735032,Standby,2024,23,Stainless Steel,Mechanical,Critical,Critical,A,131733,19.2,Yes,EP Gear Oil / Grease,Grease gun / centralized
EQ00000900,SITE04,UNIT00011,AREA000068,PRODUCTION,Three-Phase Separator,THR-789,SN-46107447,Active,2020,22,Alloy Steel,Pneumatic,Critical,High,A,112953,11.4,Yes,Process/Mechanical Lubricant,Manual / automated
EQ00000901,SITE04,UNIT00011,AREA000067,PIPING,Pipeline Valve,PIP-275,SN-59823902,Standby,2021,17,Stainless Steel,Electrical,High,High,C,188628,18.2,No,N/A,N/A
EQ00000902,SITE04,UNIT00011,AREA000068,VEHICLE,Heavy Utility Vehicle,HEA-322,SN-44610990,Active,2019,14,Alloy Steel,Mixed,Medium,Medium,B,42770,18.6,Yes,Engine / Gear Lubricant,Workshop service
EQ00000903,SITE04,UNIT00011,AREA000067,DRILLING,Mud Pump,MUD-295,SN-41302468,Active,2019,13,Stainless Steel,Process,Critical,High,B,97242,9.6,Yes,EP Gear Oil / Grease,Grease gun / centralized
EQ00000904,SITE04,UNIT00011,AREA000068,ELECTRICAL,Switchgear,SWI-116,SN-97583530,Standby,2024,19,Alloy Steel,Mixed,Critical,Critical,B,81520,7.3,Some,Bearing Grease,Manual
EQ00000905,SITE04,UNIT00011,AREA000069,ELECTRICAL,Switchgear,SWI-326,SN-90964194,Standby,2016,29,Cast Iron,Mixed,Critical,Critical,C,136759,20.7,Some,Bearing Grease,Manual
EQ00000906,SITE04,UNIT00011,AREA000065,SAFETY,Fire Hydrant,FIR-761,SN-71437178,Active,2022,19,Cast Iron,Pneumatic,High,High,B,25542,20.9,Some,Pump Bearing Grease,Manual
EQ00000907,SITE04,UNIT00011,AREA000069,WORKSHOP,Air Receiver,AIR-428,SN-48385817,Standby,2021,21,Cast Iron,Mixed,High,High,C,97469,4.8,Yes,Machine Oil / Grease,Manual
EQ00000908,SITE04,UNIT00011,AREA000065,WORKSHOP,Welding Machine,WEL-783,SN-62537781,Active,2022,13,Carbon Steel,Electrical,Medium,High,C,3720,7.3,Yes,Machine Oil / Grease,Manual
EQ00000909,SITE04,UNIT00011,AREA000065,WORKSHOP,Lathe Machine,LAT-399,SN-98172022,Active,2022,30,Carbon Steel,Electrical,Medium,Medium,B,92768,18.1,Yes,Machine Oil / Grease,Manual
EQ00000910,SITE04,UNIT00011,AREA000067,ROTARY,Positive Displacement Pump,POS-666,SN-35686922,Standby,2017,27,Alloy Steel,Mixed,High,High,B,117009,2.3,Yes,Bearing Oil / Grease,Manual / auto-lube
EQ00000911,SITE04,UNIT00011,AREA000067,WORKSHOP,Lathe Machine,LAT-515,SN-89841379,Active,2024,15,Carbon Steel,Mechanical,Medium,Medium,A,180838,8.6,Yes,Machine Oil / Grease,Manual
EQ00000912,SITE04,UNIT00011,AREA000068,SAFETY,Fire Alarm Panel,FIR-852,SN-88227315,Active,2022,12,Cast Iron,Electrical,High,High,A,47509,2.9,Some,Pump Bearing Grease,Manual
EQ00000913,SITE04,UNIT00011,AREA000069,PRODUCTION,Three-Phase Separator,THR-831,SN-98786055,Standby,2022,10,Carbon Steel,Mechanical,Critical,High,C,83259,7.6,Yes,Process/Mechanical Lubricant,Manual / automated
EQ00000914,SITE04,UNIT00011,AREA000065,DRILLING,Cementing Unit,CEM-402,SN-91548742,Under Maintenance,2025,28,Carbon Steel,Mechanical,High,High,B,164963,18.8,Yes,EP Gear Oil / Grease,Grease gun / centralized
EQ00000915,SITE04,UNIT00011,AREA000068,ENVIRONMENT,Oil Water Separator,OIL-714,SN-66715640,Active,2017,14,Stainless Steel,Mechanical,High,Medium,A,20457,18.3,Yes,Pump Bearing Grease,Manual
EQ00000916,SITE04,UNIT00011,AREA000066,PRODUCTION,Produced Water Pump,PRO-907,SN-27623889,Active,2022,30,Stainless Steel,Electrical,High,Medium,B,156165,23.9,Yes,Process/Mechanical Lubricant,Manual / automated
EQ00000917,SITE04,UNIT00011,AREA000069,PIPING,Pipeline Valve,PIP-887,SN-76480906,Under Maintenance,2024,14,Carbon Steel,Pneumatic,High,High,A,58976,2.8,No,N/A,N/A
EQ00000918,SITE04,UNIT00011,AREA000067,DRILLING,Cementing Unit,CEM-805,SN-84732090,Active,2017,18,Alloy Steel,Mixed,High,High,B,12141,21.0,Yes,EP Gear Oil / Grease,Grease gun / centralized
EQ00000919,SITE04,UNIT00011,AREA000066,ENVIRONMENT,Oil Water Separator,OIL-368,SN-55698489,Standby,2023,23,Stainless Steel,Mixed,High,Medium,C,168163,13.2,Yes,Pump Bearing Grease,Manual
EQ00000920,SITE04,UNIT00011,AREA000068,INSTRUMENTATION,Control Valve,CON-719,SN-21485722,Under Maintenance,2022,21,Stainless Steel,Electrical,High,High,A,103431,22.5,No,N/A,N/A
EQ00000921,SITE04,UNIT00011,AREA000069,SAFETY,Foam System,FOA-545,SN-11057366,Active,2022,19,Stainless Steel,Hydraulic,Critical,High,B,144757,14.3,Some,Pump Bearing Grease,Manual
EQ00000922,SITE04,UNIT00011,AREA000067,VEHICLE,Heavy Utility Vehicle,HEA-957,SN-93121196,Active,2024,29,Cast Iron,Electrical,Medium,Medium,B,48121,2.7,Yes,Engine / Gear Lubricant,Workshop service
EQ00000923,SITE04,UNIT00011,AREA000065,ELECTRICAL,Industrial Motor,IND-719,SN-21435000,Active,2016,28,Alloy Steel,Hydraulic,High,High,C,60302,17.4,Some,Bearing Grease,Manual
EQ00000924,SITE04,UNIT00012,AREA000070,PRODUCTION,Crude Oil Pump,CRU-923,SN-86082940,Standby,2016,14,Alloy Steel,Mechanical,High,High,B,91126,23.8,Yes,Process/Mechanical Lubricant,Manual / automated
EQ00000925,SITE04,UNIT00012,AREA000072,STATIC,Boiler,BOI-125,SN-54442000,Active,2024,17,Alloy Steel,Hydraulic,Critical,High,B,61398,13.3,No,N/A,N/A
EQ00000926,SITE04,UNIT00012,AREA000076,PRODUCTION,Crude Oil Pump,CRU-468,SN-91091297,Active,2024,13,Alloy Steel,Mixed,High,High,A,104843,3.2,Yes,Process/Mechanical Lubricant,Manual / automated
EQ00000927,SITE04,UNIT00012,AREA000077,WORKSHOP,Grinding Machine,GRI-377,SN-37479964,Active,2020,12,Cast Iron,Electrical,Medium,High,A,180182,20.4,Yes,Machine Oil / Grease,Manual
EQ00000928,SITE04,UNIT00012,AREA000071,INSTRUMENTATION,Gas Detector,GAS-636,SN-77993135,Active,2024,25,Cast Iron,Electrical,Critical,Critical,C,35297,2.9,No,N/A,N/A
EQ00000929,SITE04,UNIT00012,AREA000077,INSTRUMENTATION,Emergency Shutdown System,EME-802,SN-25791975,Active,2019,26,Stainless Steel,Pneumatic,Critical,Critical,C,122457,7.5,No,N/A,N/A
EQ00000930,SITE04,UNIT00012,AREA000073,DRILLING,Mud Tank,MUD-310,SN-36516237,Active,2025,19,Alloy Steel,Mixed,High,Medium,C,113954,13.7,Yes,EP Gear Oil / Grease,Grease gun / centralized
EQ00000931,SITE04,UNIT00012,AREA000076,PIPING,Process Pipeline,PRO-200,SN-30672246,Active,2021,15,Carbon Steel,Electrical,Critical,High,B,197440,5.7,No,N/A,N/A
EQ00000932,SITE04,UNIT00012,AREA000071,STATIC,Pressure Vessel,PRE-352,SN-77060632,Under Maintenance,2025,16,Carbon Steel,Mechanical,Critical,Critical,B,51704,21.8,No,N/A,N/A
EQ00000933,SITE04,UNIT00012,AREA000070,INSTRUMENTATION,Pressure Transmitter,PRE-969,SN-64498076,Active,2023,21,Carbon Steel,Electrical,High,High,A,20659,2.1,No,N/A,N/A
EQ00000934,SITE04,UNIT00012,AREA000076,ELECTRICAL,UPS System,UPS-919,SN-61603147,Active,2017,24,Carbon Steel,Hydraulic,Medium,Medium,C,173667,14.5,Some,Bearing Grease,Manual
EQ00000935,SITE04,UNIT00012,AREA000072,PRODUCTION,Gas Compressor,GAS-472,SN-78305711,Standby,2016,28,Cast Iron,Mechanical,Critical,Critical,B,96177,14.9,Yes,Process/Mechanical Lubricant,Manual / automated
EQ00000936,SITE04,UNIT00012,AREA000077,PIPING,Pipeline Valve,PIP-455,SN-77236970,Standby,2019,25,Alloy Steel,Mechanical,High,High,C,51999,23.8,No,N/A,N/A
EQ00000937,SITE04,UNIT00012,AREA000073,PIPING,Relief Valve,REL-974,SN-69505755,Active,2020,20,Carbon Steel,Mixed,Critical,Critical,C,35002,6.2,No,N/A,N/A
EQ00000938,SITE04,UNIT00012,AREA000073,PRODUCTION,Gas Compressor,GAS-321,SN-36671969,Under Maintenance,2024,21,Cast Iron,Process,Critical,Critical,A,49897,17.3,Yes,Process/Mechanical Lubricant,Manual / automated
EQ00000939,SITE04,UNIT00012,AREA000074,LIFTING,Forklift,FOR-421,SN-23872713,Active,2016,14,Cast Iron,Hydraulic,High,High,C,61413,20.9,Yes,Wire Rope / Gear Grease,Manual
EQ00000940,SITE04,UNIT00012,AREA000070,PRODUCTION,Gas Sweetening Unit,GAS-923,SN-81580988,Active,2023,29,Alloy Steel,Electrical,Critical,High,B,79388,23.4,Yes,Process/Mechanical Lubricant,Manual / automated
EQ00000941,SITE04,UNIT00012,AREA000070,DRILLING,Drawworks,DRA-878,SN-72725605,Active,2018,22,Cast Iron,Hydraulic,Critical,Critical,B,199237,11.3,Yes,EP Gear Oil / Grease,Grease gun / centralized
EQ00000942,SITE04,UNIT00012,AREA000070,WORKSHOP,Grinding Machine,GRI-965,SN-96057708,Active,2022,13,Carbon Steel,Pneumatic,Medium,High,B,11703,12.0,Yes,Machine Oil / Grease,Manual
EQ00000943,SITE04,UNIT00012,AREA000071,SAFETY,Fire Alarm Panel,FIR-667,SN-77920891,Active,2023,22,Alloy Steel,Mechanical,High,High,C,22681,10.3,Some,Pump Bearing Grease,Manual
EQ00000944,SITE04,UNIT00012,AREA000076,LIFTING,Overhead Crane,OVE-300,SN-39386282,Active,2022,29,Stainless Steel,Mechanical,High,Critical,B,105739,8.5,Yes,Wire Rope / Gear Grease,Manual
EQ00000945,SITE04,UNIT00012,AREA000071,DRILLING,Mud Pump,MUD-434,SN-10587760,Active,2024,19,Stainless Steel,Mechanical,Critical,High,A,175142,22.7,Yes,EP Gear Oil / Grease,Grease gun / centralized
EQ00000946,SITE04,UNIT00012,AREA000077,VEHICLE,Oil Tanker,OIL-700,SN-80522721,Active,2019,18,Alloy Steel,Mixed,High,Critical,C,86830,5.8,Yes,Engine / Gear Lubricant,Workshop service
EQ00000947,SITE04,UNIT00012,AREA000076,VEHICLE,Oil Tanker,OIL-902,SN-80591618,Active,2024,20,Alloy Steel,Process,High,Critical,A,64878,1.4,Yes,Engine / Gear Lubricant,Workshop service
EQ00000948,SITE04,UNIT00012,AREA000073,DRILLING,Mud Pump,MUD-127,SN-69541630,Standby,2021,29,Alloy Steel,Hydraulic,Critical,High,B,158636,16.8,Yes,EP Gear Oil / Grease,Grease gun / centralized
EQ00000949,SITE04,UNIT00012,AREA000077,DRILLING,Blowout Preventer,BLO-971,SN-48716185,Under Maintenance,2018,17,Cast Iron,Process,Critical,Critical,B,162400,1.0,Yes,EP Gear Oil / Grease,Grease gun / centralized
EQ00000950,SITE04,UNIT00012,AREA000077,PIPING,Pig Launcher/Receiver,PIG-739,SN-12794625,Standby,2020,19,Carbon Steel,Mechanical,High,High,A,129665,3.6,No,N/A,N/A
EQ00000951,SITE04,UNIT00012,AREA000070,WORKSHOP,Air Receiver,AIR-940,SN-92243450,Active,2024,10,Alloy Steel,Mixed,High,High,C,25027,0.8,Yes,Machine Oil / Grease,Manual
EQ00000952,SITE04,UNIT00012,AREA000071,LIFTING,Mobile Crane,MOB-210,SN-59583256,Active,2017,15,Carbon Steel,Mechanical,Critical,Critical,B,75720,1.3,Yes,Wire Rope / Gear Grease,Manual
EQ00000953,SITE04,UNIT00012,AREA000071,VEHICLE,Emergency Response Vehicle,EME-891,SN-70774562,Standby,2022,22,Stainless Steel,Mixed,High,High,B,36419,17.8,Yes,Engine / Gear Lubricant,Workshop service
EQ00000954,SITE04,UNIT00012,AREA000074,STATIC,Boiler,BOI-724,SN-86031434,Active,2020,19,Cast Iron,Process,Critical,High,B,174998,2.2,No,N/A,N/A
EQ00000955,SITE04,UNIT00012,AREA000072,PRODUCTION,Gas Dehydration Unit,GAS-900,SN-29581571,Active,2025,30,Stainless Steel,Hydraulic,High,High,B,147849,11.8,Yes,Process/Mechanical Lubricant,Manual / automated
EQ00000956,SITE04,UNIT00012,AREA000075,ELECTRICAL,UPS System,UPS-778,SN-63605819,Active,2023,24,Cast Iron,Process,Medium,Medium,C,1558,1.4,Some,Bearing Grease,Manual
EQ00000957,SITE04,UNIT00012,AREA000072,VEHICLE,Heavy Utility Vehicle,HEA-801,SN-78464673,Standby,2017,24,Alloy Steel,Pneumatic,Medium,Medium,C,27149,20.8,Yes,Engine / Gear Lubricant,Workshop service
EQ00000958,SITE04,UNIT00012,AREA000071,ROTARY,Diesel Generator,DIE-292,SN-34914792,Active,2020,28,Cast Iron,Pneumatic,High,High,B,187179,23.9,Yes,Bearing Oil / Grease,Manual / auto-lube
EQ00000959,SITE04,UNIT00012,AREA000071,STATIC,Boiler,BOI-373,SN-56918723,Standby,2024,30,Alloy Steel,Process,Critical,High,B,95856,14.9,No,N/A,N/A
EQ00000960,SITE04,UNIT00012,AREA000075,WORKSHOP,Grinding Machine,GRI-326,SN-15388639,Standby,2017,12,Carbon Steel,Process,Medium,High,A,37682,2.7,Yes,Machine Oil / Grease,Manual
EQ00000961,SITE04,UNIT00012,AREA000070,DRILLING,Mud Tank,MUD-881,SN-29534824,Active,2022,24,Alloy Steel,Hydraulic,High,Medium,B,40266,10.2,Yes,EP Gear Oil / Grease,Grease gun / centralized
EQ00000962,SITE04,UNIT00012,AREA000071,LIFTING,Mobile Crane,MOB-193,SN-61414988,Standby,2024,29,Stainless Steel,Mechanical,Critical,Critical,A,96676,19.2,Yes,Wire Rope / Gear Grease,Manual
EQ00000963,SITE04,UNIT00012,AREA000072,PIPING,Pig Launcher/Receiver,PIG-799,SN-45576654,Standby,2022,26,Alloy Steel,Mixed,High,High,C,87748,17.8,No,N/A,N/A
EQ00000964,SITE04,UNIT00012,AREA000073,LIFTING,Hoist,HOI-526,SN-37257300,Active,2019,10,Alloy Steel,Pneumatic,High,High,C,97548,16.8,Yes,Wire Rope / Gear Grease,Manual
EQ00000965,SITE04,UNIT00012,AREA000073,ROTARY,Positive Displacement Pump,POS-742,SN-85886368,Standby,2019,12,Cast Iron,Mixed,High,High,C,99071,9.2,Yes,Bearing Oil / Grease,Manual / auto-lube
EQ00000966,SITE04,UNIT00012,AREA000075,STATIC,Boiler,BOI-185,SN-60791205,Under Maintenance,2025,27,Stainless Steel,Mechanical,Critical,High,C,171514,1.9,No,N/A,N/A
EQ00000967,SITE04,UNIT00012,AREA000076,ELECTRICAL,Switchgear,SWI-106,SN-87383138,Active,2021,22,Stainless Steel,Electrical,Critical,Critical,B,142029,21.1,Some,Bearing Grease,Manual
EQ00000968,SITE04,UNIT00012,AREA000074,VEHICLE,Oil Tanker,OIL-103,SN-84591120,Active,2025,30,Cast Iron,Electrical,High,Critical,A,52460,23.9,Yes,Engine / Gear Lubricant,Workshop service
EQ00000969,SITE04,UNIT00012,AREA000076,LIFTING,Overhead Crane,OVE-602,SN-70344041,Active,2016,30,Alloy Steel,Process,High,Critical,B,103326,16.7,Yes,Wire Rope / Gear Grease,Manual
EQ00000970,SITE04,UNIT00012,AREA000071,ELECTRICAL,UPS System,UPS-578,SN-45659479,Under Maintenance,2022,23,Cast Iron,Mechanical,Medium,Medium,B,142909,3.0,Some,Bearing Grease,Manual
EQ00000971,SITE04,UNIT00012,AREA000077,VEHICLE,Oil Tanker,OIL-281,SN-57065854,Active,2017,11,Carbon Steel,Process,High,Critical,A,17143,16.8,Yes,Engine / Gear Lubricant,Workshop service
EQ00000972,SITE04,UNIT00012,AREA000075,INSTRUMENTATION,Emergency Shutdown System,EME-643,SN-27797899,Under Maintenance,2022,25,Alloy Steel,Mechanical,Critical,Critical,A,87356,20.3,No,N/A,N/A
EQ00000973,SITE04,UNIT00012,AREA000073,INSTRUMENTATION,Pressure Transmitter,PRE-551,SN-96542130,Standby,2017,26,Cast Iron,Hydraulic,High,High,A,65040,13.7,No,N/A,N/A
EQ00000974,SITE04,UNIT00012,AREA000075,SAFETY,Fire Alarm Panel,FIR-460,SN-14249010,Under Maintenance,2023,14,Cast Iron,Mechanical,High,High,A,163241,6.6,Some,Pump Bearing Grease,Manual
EQ00000975,SITE04,UNIT00012,AREA000074,DRILLING,Wellhead,WEL-921,SN-24247900,Active,2020,12,Carbon Steel,Hydraulic,Critical,Critical,A,128607,18.7,Yes,EP Gear Oil / Grease,Grease gun / centralized
EQ00000976,SITE04,UNIT00012,AREA000077,INSTRUMENTATION,Gas Detector,GAS-975,SN-35320464,Active,2016,24,Alloy Steel,Pneumatic,Critical,Critical,A,169565,2.3,No,N/A,N/A
EQ00000977,SITE04,UNIT00012,AREA000074,PRODUCTION,Gas Compressor,GAS-801,SN-16655503,Active,2023,23,Carbon Steel,Mechanical,Critical,Critical,C,138753,20.5,Yes,Process/Mechanical Lubricant,Manual / automated
EQ00000978,SITE04,UNIT00012,AREA000071,INSTRUMENTATION,Control Valve,CON-446,SN-63601195,Active,2023,22,Carbon Steel,Process,High,High,B,115326,6.1,No,N/A,N/A
EQ00000979,SITE04,UNIT00012,AREA000075,PIPING,Pig Launcher/Receiver,PIG-219,SN-68954438,Under Maintenance,2024,13,Alloy Steel,Mixed,High,High,B,144865,4.2,No,N/A,N/A
EQ00000980,SITE04,UNIT00012,AREA000071,ELECTRICAL,UPS System,UPS-935,SN-78884484,Active,2019,22,Stainless Steel,Process,Medium,Medium,A,75582,20.5,Some,Bearing Grease,Manual
EQ00000981,SITE04,UNIT00012,AREA000076,PIPING,Process Pipeline,PRO-784,SN-53882319,Under Maintenance,2023,13,Cast Iron,Hydraulic,Critical,High,B,182888,15.4,No,N/A,N/A
EQ00000982,SITE04,UNIT00012,AREA000072,DRILLING,Drilling Rig,DRI-396,SN-34565972,Under Maintenance,2019,18,Carbon Steel,Mixed,Critical,High,A,39679,21.2,Yes,EP Gear Oil / Grease,Grease gun / centralized
EQ00000983,SITE04,UNIT00012,AREA000077,ROTARY,Centrifugal Pump,CEN-153,SN-82354182,Standby,2020,25,Stainless Steel,Electrical,High,High,A,118655,15.6,Yes,Bearing Oil / Grease,Manual / auto-lube
EQ00000984,SITE04,UNIT00012,AREA000074,ELECTRICAL,Motor Control Centre,MOT-547,SN-99446245,Under Maintenance,2017,28,Stainless Steel,Process,Critical,High,A,128243,24.0,Some,Bearing Grease,Manual
EQ00000985,SITE04,UNIT00012,AREA000075,PIPING,Pipeline Valve,PIP-340,SN-19499463,Active,2025,23,Stainless Steel,Mixed,High,High,A,171603,4.7,No,N/A,N/A
EQ00000986,SITE04,UNIT00012,AREA000071,PIPING,Relief Valve,REL-659,SN-11541456,Active,2019,28,Alloy Steel,Electrical,Critical,Critical,C,68424,13.3,No,N/A,N/A
EQ00000987,SITE04,UNIT00012,AREA000074,VEHICLE,Emergency Response Vehicle,EME-209,SN-40922759,Standby,2021,17,Cast Iron,Hydraulic,High,High,C,159703,0.3,Yes,Engine / Gear Lubricant,Workshop service
EQ00000988,SITE04,UNIT00012,AREA000071,DRILLING,Mud Tank,MUD-935,SN-93495185,Under Maintenance,2024,17,Alloy Steel,Hydraulic,High,Medium,C,117161,17.8,Yes,EP Gear Oil / Grease,Grease gun / centralized
EQ00000989,SITE04,UNIT00012,AREA000071,VEHICLE,Oil Tanker,OIL-920,SN-12511542,Active,2024,23,Alloy Steel,Process,High,Critical,B,188501,2.3,Yes,Engine / Gear Lubricant,Workshop service
EQ00000990,SITE04,UNIT00012,AREA000077,VEHICLE,Emergency Response Vehicle,EME-288,SN-18620921,Active,2019,28,Cast Iron,Electrical,High,High,A,175257,3.2,Yes,Engine / Gear Lubricant,Workshop service
EQ00000991,SITE04,UNIT00012,AREA000076,PRODUCTION,Gas Sweetening Unit,GAS-167,SN-11608857,Active,2016,13,Stainless Steel,Electrical,Critical,High,A,89140,8.9,Yes,Process/Mechanical Lubricant,Manual / automated
EQ00000992,SITE04,UNIT00012,AREA000077,DRILLING,Blowout Preventer,BLO-772,SN-20261827,Active,2023,16,Carbon Steel,Process,Critical,Critical,C,59512,14.8,Yes,EP Gear Oil / Grease,Grease gun / centralized
EQ00000993,SITE04,UNIT00012,AREA000076,DRILLING,Wellhead,WEL-845,SN-15375433,Active,2020,30,Carbon Steel,Hydraulic,Critical,Critical,B,84623,12.3,Yes,EP Gear Oil / Grease,Grease gun / centralized
EQ00000994,SITE04,UNIT00012,AREA000075,DRILLING,Wellhead,WEL-567,SN-11131880,Active,2022,11,Cast Iron,Mixed,Critical,Critical,A,94091,4.8,Yes,EP Gear Oil / Grease,Grease gun / centralized
EQ00000995,SITE04,UNIT00012,AREA000072,SAFETY,Foam System,FOA-383,SN-12907711,Under Maintenance,2016,19,Cast Iron,Electrical,Critical,High,A,46557,7.2,Some,Pump Bearing Grease,Manual
EQ00000996,SITE04,UNIT00012,AREA000074,ENVIRONMENT,Oil Water Separator,OIL-943,SN-76782059,Active,2020,18,Cast Iron,Pneumatic,High,Medium,A,31141,19.3,Yes,Pump Bearing Grease,Manual
EQ00000997,SITE04,UNIT00012,AREA000077,LIFTING,Overhead Crane,OVE-715,SN-18031842,Active,2020,30,Carbon Steel,Hydraulic,High,Critical,A,135591,23.6,Yes,Wire Rope / Gear Grease,Manual
EQ00000998,SITE04,UNIT00012,AREA000071,WORKSHOP,Grinding Machine,GRI-158,SN-12895606,Active,2023,18,Stainless Steel,Pneumatic,Medium,High,B,52854,17.5,Yes,Machine Oil / Grease,Manual
EQ00000999,SITE04,UNIT00012,AREA000070,PRODUCTION,Three-Phase Separator,THR-128,SN-60892785,Active,2018,25,Carbon Steel,Mechanical,Critical,High,C,106384,15.6,Yes,Process/Mechanical Lubricant,Manual / automated
EQ00001000,SITE04,UNIT00012,AREA000075,ROTARY,Air Compressor,AIR-684,SN-92021749,Active,2025,18,Stainless Steel,Pneumatic,High,High,C,23353,12.9,Yes,Bearing Oil / Grease,Manual / auto-lube
EQ00001001,SITE04,UNIT00012,AREA000073,VEHICLE,Emergency Response Vehicle,EME-623,SN-17511289,Active,2021,30,Alloy Steel,Mixed,High,High,A,134164,12.5,Yes,Engine / Gear Lubricant,Workshop service
EQ00001002,SITE04,UNIT00012,AREA000074,LIFTING,Hoist,HOI-679,SN-62414485,Active,2020,28,Stainless Steel,Electrical,High,High,B,112971,6.8,Yes,Wire Rope / Gear Grease,Manual
EQ00001003,SITE04,UNIT00012,AREA000074,DRILLING,Top Drive,TOP-121,SN-88223377,Active,2022,14,Carbon Steel,Electrical,Critical,Critical,B,7385,11.3,Yes,EP Gear Oil / Grease,Grease gun / centralized
EQ00001004,SITE04,UNIT00012,AREA000071,ELECTRICAL,Motor Control Centre,MOT-892,SN-17619768,Active,2022,14,Alloy Steel,Electrical,Critical,High,C,61591,18.0,Some,Bearing Grease,Manual
EQ00001005,SITE04,UNIT00012,AREA000073,PRODUCTION,Produced Water Pump,PRO-604,SN-48640863,Active,2017,24,Carbon Steel,Process,High,Medium,A,35792,20.4,Yes,Process/Mechanical Lubricant,Manual / automated
EQ00001006,SITE04,UNIT00012,AREA000070,DRILLING,Mud Tank,MUD-106,SN-28234455,Active,2021,27,Stainless Steel,Electrical,High,Medium,B,171354,7.1,Yes,EP Gear Oil / Grease,Grease gun / centralized
EQ00001007,SITE04,UNIT00012,AREA000072,ELECTRICAL,Transformer,TRA-944,SN-56266539,Active,2017,11,Carbon Steel,Mechanical,Critical,High,B,1370,11.8,Some,Bearing Grease,Manual
EQ00001008,SITE04,UNIT00012,AREA000073,WORKSHOP,Lathe Machine,LAT-669,SN-70824254,Active,2017,10,Alloy Steel,Electrical,Medium,Medium,B,164236,5.1,Yes,Machine Oil / Grease,Manual
EQ00001009,SITE04,UNIT00012,AREA000070,PRODUCTION,Crude Oil Pump,CRU-722,SN-17890949,Standby,2016,14,Stainless Steel,Electrical,High,High,C,172759,15.1,Yes,Process/Mechanical Lubricant,Manual / automated
EQ00001010,SITE04,UNIT00012,AREA000075,STATIC,Boiler,BOI-571,SN-58422861,Standby,2017,29,Carbon Steel,Mechanical,Critical,High,A,52540,0.4,No,N/A,N/A
EQ00001011,SITE04,UNIT00012,AREA000075,PRODUCTION,Crude Oil Pump,CRU-817,SN-75041138,Active,2024,20,Alloy Steel,Electrical,High,High,C,89809,13.8,Yes,Process/Mechanical Lubricant,Manual / automated
EQ00001012,SITE04,UNIT00012,AREA000073,PRODUCTION,Produced Water Pump,PRO-376,SN-98869581,Active,2024,11,Alloy Steel,Pneumatic,High,Medium,A,28799,11.7,Yes,Process/Mechanical Lubricant,Manual / automated
EQ00001013,SITE04,UNIT00012,AREA000076,PIPING,Pipeline Valve,PIP-756,SN-30298578,Standby,2023,19,Carbon Steel,Process,High,High,B,164791,5.7,No,N/A,N/A
EQ00001014,SITE04,UNIT00012,AREA000077,ENVIRONMENT,Oil Water Separator,OIL-503,SN-87833530,Active,2021,23,Stainless Steel,Electrical,High,Medium,A,176172,23.3,Yes,Pump Bearing Grease,Manual
EQ00001015,SITE04,UNIT00012,AREA000076,INSTRUMENTATION,Emergency Shutdown System,EME-120,SN-10927070,Under Maintenance,2022,27,Carbon Steel,Hydraulic,Critical,Critical,B,141952,5.2,No,N/A,N/A
EQ00001016,SITE04,UNIT00012,AREA000077,PIPING,Pig Launcher/Receiver,PIG-536,SN-15902440,Active,2016,25,Alloy Steel,Pneumatic,High,High,A,73875,18.9,No,N/A,N/A
EQ00001017,SITE04,UNIT00012,AREA000075,PRODUCTION,Produced Water Pump,PRO-483,SN-77322690,Standby,2020,23,Carbon Steel,Process,High,Medium,A,77144,18.3,Yes,Process/Mechanical Lubricant,Manual / automated
EQ00001018,SITE04,UNIT00012,AREA000077,WORKSHOP,Air Receiver,AIR-316,SN-28604214,Active,2017,19,Alloy Steel,Process,High,High,B,93040,10.1,Yes,Machine Oil / Grease,Manual
EQ00001019,SITE04,UNIT00012,AREA000070,STATIC,Boiler,BOI-461,SN-26874157,Active,2024,26,Alloy Steel,Mixed,Critical,High,A,154646,10.5,No,N/A,N/A
EQ00001020,SITE04,UNIT00012,AREA000073,DRILLING,Mud Pump,MUD-542,SN-46994334,Active,2024,11,Cast Iron,Pneumatic,Critical,High,A,81029,10.0,Yes,EP Gear Oil / Grease,Grease gun / centralized
EQ00001021,SITE04,UNIT00012,AREA000072,ROTARY,Positive Displacement Pump,POS-502,SN-24004543,Active,2025,12,Alloy Steel,Mechanical,High,High,B,160544,11.0,Yes,Bearing Oil / Grease,Manual / auto-lube
EQ00001022,SITE04,UNIT00012,AREA000074,ROTARY,Diesel Generator,DIE-575,SN-97687975,Under Maintenance,2017,14,Alloy Steel,Mixed,High,High,B,13035,16.7,Yes,Bearing Oil / Grease,Manual / auto-lube
EQ00001023,SITE04,UNIT00012,AREA000077,VEHICLE,Oil Tanker,OIL-544,SN-74610599,Under Maintenance,2019,29,Carbon Steel,Electrical,High,Critical,A,35371,15.8,Yes,Engine / Gear Lubricant,Workshop service
EQ00001024,SITE04,UNIT00012,AREA000070,WORKSHOP,Grinding Machine,GRI-460,SN-61363891,Active,2020,19,Alloy Steel,Pneumatic,Medium,High,C,48938,3.7,Yes,Machine Oil / Grease,Manual
EQ00001025,SITE04,UNIT00012,AREA000070,INSTRUMENTATION,Emergency Shutdown System,EME-154,SN-96329513,Standby,2019,20,Alloy Steel,Process,Critical,Critical,C,75401,1.7,No,N/A,N/A
EQ00001026,SITE04,UNIT00012,AREA000073,VEHICLE,Oil Tanker,OIL-124,SN-93179518,Active,2017,24,Cast Iron,Electrical,High,Critical,C,147082,4.3,Yes,Engine / Gear Lubricant,Workshop service
EQ00001027,SITE04,UNIT00012,AREA000071,STATIC,Heat Exchanger,HEA-498,SN-64530866,Standby,2018,13,Alloy Steel,Mixed,High,High,A,153069,5.3,No,N/A,N/A
EQ00001028,SITE05,UNIT00013,AREA000085,INSTRUMENTATION,Pressure Transmitter,PRE-293,SN-38886122,Under Maintenance,2023,12,Stainless Steel,Process,High,High,C,12377,5.4,No,N/A,N/A
EQ00001029,SITE05,UNIT00013,AREA000078,INSTRUMENTATION,Pressure Transmitter,PRE-976,SN-97703852,Active,2022,29,Carbon Steel,Electrical,High,High,A,188994,6.7,No,N/A,N/A
EQ00001030,SITE05,UNIT00013,AREA000078,STATIC,Storage Tank,STO-556,SN-83197932,Active,2024,25,Carbon Steel,Electrical,Critical,High,C,58225,4.6,No,N/A,N/A
EQ00001031,SITE05,UNIT00013,AREA000084,INSTRUMENTATION,Pressure Transmitter,PRE-325,SN-34670627,Active,2019,22,Alloy Steel,Mixed,High,High,C,109294,20.6,No,N/A,N/A
EQ00001032,SITE05,UNIT00013,AREA000081,SAFETY,Foam System,FOA-558,SN-52248617,Active,2019,15,Cast Iron,Mixed,Critical,High,B,136223,6.2,Some,Pump Bearing Grease,Manual
EQ00001033,SITE05,UNIT00013,AREA000081,INSTRUMENTATION,Pressure Transmitter,PRE-289,SN-93057632,Standby,2016,11,Carbon Steel,Mechanical,High,High,B,41699,4.4,No,N/A,N/A
EQ00001034,SITE05,UNIT00013,AREA000085,LIFTING,Mobile Crane,MOB-317,SN-98480466,Active,2024,25,Cast Iron,Pneumatic,Critical,Critical,C,164499,0.7,Yes,Wire Rope / Gear Grease,Manual
EQ00001035,SITE05,UNIT00013,AREA000080,INSTRUMENTATION,Emergency Shutdown System,EME-906,SN-94988229,Standby,2021,15,Cast Iron,Mechanical,Critical,Critical,B,100699,13.6,No,N/A,N/A
EQ00001036,SITE05,UNIT00013,AREA000081,STATIC,Pressure Vessel,PRE-359,SN-95635415,Active,2019,23,Cast Iron,Pneumatic,Critical,Critical,A,13051,8.5,No,N/A,N/A
EQ00001037,SITE05,UNIT00013,AREA000083,PRODUCTION,Crude Oil Pump,CRU-919,SN-21633669,Active,2022,19,Alloy Steel,Electrical,High,High,C,142618,5.5,Yes,Process/Mechanical Lubricant,Manual / automated
EQ00001038,SITE05,UNIT00013,AREA000078,WORKSHOP,Lathe Machine,LAT-494,SN-38865037,Active,2017,26,Alloy Steel,Mechanical,Medium,Medium,A,2547,15.1,Yes,Machine Oil / Grease,Manual
EQ00001039,SITE05,UNIT00013,AREA000080,LIFTING,Hoist,HOI-225,SN-83720984,Under Maintenance,2019,23,Cast Iron,Mechanical,High,High,A,30464,4.5,Yes,Wire Rope / Gear Grease,Manual
EQ00001040,SITE05,UNIT00013,AREA000085,WORKSHOP,Welding Machine,WEL-481,SN-19761723,Active,2017,19,Cast Iron,Hydraulic,Medium,High,B,163216,2.9,Yes,Machine Oil / Grease,Manual
EQ00001041,SITE05,UNIT00013,AREA000081,PIPING,Pipeline Valve,PIP-371,SN-20211263,Under Maintenance,2018,17,Stainless Steel,Mixed,High,High,C,198690,8.5,No,N/A,N/A
EQ00001042,SITE05,UNIT00013,AREA000083,PRODUCTION,Produced Water Pump,PRO-441,SN-35340580,Under Maintenance,2017,22,Alloy Steel,Mechanical,High,Medium,B,116978,5.7,Yes,Process/Mechanical Lubricant,Manual / automated
EQ00001043,SITE05,UNIT00013,AREA000083,DRILLING,Drilling Rig,DRI-558,SN-53265342,Active,2016,10,Alloy Steel,Process,Critical,High,B,43943,13.2,Yes,EP Gear Oil / Grease,Grease gun / centralized
EQ00001044,SITE05,UNIT00013,AREA000085,PIPING,Pig Launcher/Receiver,PIG-842,SN-28461026,Under Maintenance,2019,15,Carbon Steel,Electrical,High,High,C,144430,21.8,No,N/A,N/A
EQ00001045,SITE05,UNIT00013,AREA000079,ELECTRICAL,Transformer,TRA-753,SN-46663600,Standby,2023,12,Carbon Steel,Pneumatic,Critical,High,A,176189,9.5,Some,Bearing Grease,Manual
EQ00001046,SITE05,UNIT00013,AREA000079,STATIC,Storage Tank,STO-871,SN-46825952,Active,2017,23,Cast Iron,Mixed,Critical,High,B,122824,10.6,No,N/A,N/A
EQ00001047,SITE05,UNIT00013,AREA000081,PRODUCTION,Crude Oil Pump,CRU-104,SN-43766839,Active,2024,17,Alloy Steel,Pneumatic,High,High,C,43510,10.6,Yes,Process/Mechanical Lubricant,Manual / automated
EQ00001048,SITE05,UNIT00013,AREA000083,ELECTRICAL,Motor Control Centre,MOT-800,SN-94156648,Active,2023,15,Alloy Steel,Electrical,Critical,High,C,64616,13.9,Some,Bearing Grease,Manual
EQ00001049,SITE05,UNIT00013,AREA000081,DRILLING,Mud Tank,MUD-977,SN-51840744,Active,2019,22,Stainless Steel,Electrical,High,Medium,A,108744,10.2,Yes,EP Gear Oil / Grease,Grease gun / centralized
EQ00001050,SITE05,UNIT00013,AREA000083,WORKSHOP,Air Receiver,AIR-132,SN-48025542,Active,2023,18,Alloy Steel,Hydraulic,High,High,C,31721,17.8,Yes,Machine Oil / Grease,Manual
EQ00001051,SITE05,UNIT00013,AREA000083,LIFTING,Overhead Crane,OVE-265,SN-93757290,Active,2017,13,Cast Iron,Hydraulic,High,Critical,B,169212,14.7,Yes,Wire Rope / Gear Grease,Manual
EQ00001052,SITE05,UNIT00013,AREA000082,WORKSHOP,Lathe Machine,LAT-682,SN-33813199,Active,2023,11,Alloy Steel,Pneumatic,Medium,Medium,C,45961,6.3,Yes,Machine Oil / Grease,Manual
EQ00001053,SITE05,UNIT00013,AREA000084,LIFTING,Overhead Crane,OVE-535,SN-66467862,Under Maintenance,2016,22,Carbon Steel,Mixed,High,Critical,A,99990,19.4,Yes,Wire Rope / Gear Grease,Manual
EQ00001054,SITE05,UNIT00013,AREA000082,PRODUCTION,Gas Dehydration Unit,GAS-291,SN-74504742,Active,2016,27,Cast Iron,Process,High,High,A,168476,3.3,Yes,Process/Mechanical Lubricant,Manual / automated
EQ00001055,SITE05,UNIT00013,AREA000082,LIFTING,Hoist,HOI-363,SN-62647788,Active,2018,30,Cast Iron,Mechanical,High,High,B,45454,6.0,Yes,Wire Rope / Gear Grease,Manual
EQ00001056,SITE05,UNIT00013,AREA000085,SAFETY,Foam System,FOA-116,SN-72954347,Active,2022,30,Carbon Steel,Electrical,Critical,High,B,154781,5.3,Some,Pump Bearing Grease,Manual
EQ00001057,SITE05,UNIT00013,AREA000083,WORKSHOP,Grinding Machine,GRI-792,SN-72814294,Standby,2020,10,Cast Iron,Hydraulic,Medium,High,A,45934,2.2,Yes,Machine Oil / Grease,Manual
EQ00001058,SITE05,UNIT00013,AREA000084,SAFETY,Fire Hydrant,FIR-346,SN-55146299,Active,2021,18,Stainless Steel,Pneumatic,High,High,B,192337,22.7,Some,Pump Bearing Grease,Manual
EQ00001059,SITE05,UNIT00013,AREA000083,STATIC,Boiler,BOI-972,SN-31179349,Standby,2018,28,Stainless Steel,Process,Critical,High,B,148484,16.5,No,N/A,N/A
EQ00001060,SITE05,UNIT00013,AREA000083,INSTRUMENTATION,Emergency Shutdown System,EME-824,SN-37073908,Under Maintenance,2017,25,Cast Iron,Mixed,Critical,Critical,A,88479,3.9,No,N/A,N/A
EQ00001061,SITE05,UNIT00013,AREA000079,PRODUCTION,Produced Water Pump,PRO-167,SN-74553778,Active,2025,22,Carbon Steel,Mechanical,High,Medium,A,194458,19.3,Yes,Process/Mechanical Lubricant,Manual / automated
EQ00001062,SITE05,UNIT00013,AREA000084,SAFETY,Fire Hydrant,FIR-568,SN-72247131,Standby,2023,17,Cast Iron,Hydraulic,High,High,B,99952,7.5,Some,Pump Bearing Grease,Manual
EQ00001063,SITE05,UNIT00013,AREA000079,DRILLING,Wellhead,WEL-473,SN-19372830,Active,2019,30,Alloy Steel,Hydraulic,Critical,Critical,C,8468,11.2,Yes,EP Gear Oil / Grease,Grease gun / centralized
EQ00001064,SITE05,UNIT00013,AREA000085,ROTARY,Positive Displacement Pump,POS-155,SN-33389437,Under Maintenance,2019,19,Carbon Steel,Pneumatic,High,High,C,86771,19.8,Yes,Bearing Oil / Grease,Manual / auto-lube
EQ00001065,SITE05,UNIT00013,AREA000083,DRILLING,Wellhead,WEL-493,SN-54803688,Under Maintenance,2017,28,Carbon Steel,Mixed,Critical,Critical,C,184603,14.1,Yes,EP Gear Oil / Grease,Grease gun / centralized
EQ00001066,SITE05,UNIT00013,AREA000085,ROTARY,Centrifugal Pump,CEN-803,SN-56526560,Active,2025,13,Alloy Steel,Pneumatic,High,High,B,12400,18.0,Yes,Bearing Oil / Grease,Manual / auto-lube
EQ00001067,SITE05,UNIT00013,AREA000084,DRILLING,Drilling Rig,DRI-326,SN-99069920,Active,2017,10,Cast Iron,Process,Critical,High,C,34424,19.3,Yes,EP Gear Oil / Grease,Grease gun / centralized
EQ00001068,SITE05,UNIT00013,AREA000083,ENVIRONMENT,Oil Water Separator,OIL-212,SN-53634347,Active,2023,23,Cast Iron,Electrical,High,Medium,B,109680,13.5,Yes,Pump Bearing Grease,Manual
EQ00001069,SITE05,UNIT00013,AREA000079,WORKSHOP,Welding Machine,WEL-252,SN-60089087,Standby,2024,29,Cast Iron,Electrical,Medium,High,C,34727,2.0,Yes,Machine Oil / Grease,Manual
EQ00001070,SITE05,UNIT00013,AREA000081,SAFETY,Foam System,FOA-455,SN-31748148,Standby,2016,30,Carbon Steel,Hydraulic,Critical,High,C,54704,9.4,Some,Pump Bearing Grease,Manual
EQ00001071,SITE05,UNIT00013,AREA000085,INSTRUMENTATION,Emergency Shutdown System,EME-956,SN-80352288,Active,2016,21,Stainless Steel,Pneumatic,Critical,Critical,A,111116,18.9,No,N/A,N/A
EQ00001072,SITE05,UNIT00013,AREA000078,DRILLING,Mud Pump,MUD-322,SN-31387227,Standby,2016,16,Carbon Steel,Mechanical,Critical,High,A,81881,18.4,Yes,EP Gear Oil / Grease,Grease gun / centralized
EQ00001073,SITE05,UNIT00013,AREA000084,PRODUCTION,Crude Oil Pump,CRU-777,SN-19006996,Under Maintenance,2018,20,Stainless Steel,Mixed,High,High,C,17796,17.1,Yes,Process/Mechanical Lubricant,Manual / automated
EQ00001074,SITE05,UNIT00013,AREA000083,PRODUCTION,Gas Sweetening Unit,GAS-627,SN-47565003,Active,2025,10,Stainless Steel,Mechanical,Critical,High,C,129800,14.7,Yes,Process/Mechanical Lubricant,Manual / automated
EQ00001075,SITE05,UNIT00013,AREA000083,LIFTING,Overhead Crane,OVE-613,SN-71038841,Under Maintenance,2022,11,Cast Iron,Electrical,High,Critical,A,184765,20.6,Yes,Wire Rope / Gear Grease,Manual
EQ00001076,SITE05,UNIT00013,AREA000084,SAFETY,Fire Water Pump,FIR-959,SN-86168135,Active,2017,18,Carbon Steel,Mechanical,Critical,Critical,C,80933,13.5,Some,Pump Bearing Grease,Manual
EQ00001077,SITE05,UNIT00013,AREA000084,ENVIRONMENT,Effluent Treatment Unit,EFF-627,SN-35166910,Active,2023,16,Alloy Steel,Process,High,Medium,A,101564,19.4,Yes,Pump Bearing Grease,Manual
EQ00001078,SITE05,UNIT00013,AREA000080,ELECTRICAL,Transformer,TRA-978,SN-39996945,Active,2016,27,Carbon Steel,Electrical,Critical,High,A,3990,18.2,Some,Bearing Grease,Manual
EQ00001079,SITE05,UNIT00013,AREA000084,VEHICLE,Oil Tanker,OIL-306,SN-90669773,Active,2023,12,Cast Iron,Hydraulic,High,Critical,C,157497,0.2,Yes,Engine / Gear Lubricant,Workshop service
EQ00001080,SITE05,UNIT00013,AREA000078,ROTARY,Positive Displacement Pump,POS-114,SN-22163283,Active,2020,22,Carbon Steel,Hydraulic,High,High,C,123380,18.5,Yes,Bearing Oil / Grease,Manual / auto-lube
EQ00001081,SITE05,UNIT00013,AREA000078,PRODUCTION,Produced Water Pump,PRO-718,SN-47083607,Active,2024,16,Carbon Steel,Process,High,Medium,C,84350,22.7,Yes,Process/Mechanical Lubricant,Manual / automated
EQ00001082,SITE05,UNIT00013,AREA000078,ELECTRICAL,Industrial Motor,IND-878,SN-28726341,Active,2019,27,Cast Iron,Mixed,High,High,B,123751,9.4,Some,Bearing Grease,Manual
EQ00001083,SITE05,UNIT00013,AREA000078,ENVIRONMENT,Oil Water Separator,OIL-494,SN-61254963,Active,2018,26,Stainless Steel,Electrical,High,Medium,B,33088,8.4,Yes,Pump Bearing Grease,Manual
EQ00001084,SITE05,UNIT00013,AREA000080,ENVIRONMENT,Oil Water Separator,OIL-554,SN-52894610,Standby,2024,18,Carbon Steel,Hydraulic,High,Medium,C,164642,18.1,Yes,Pump Bearing Grease,Manual
EQ00001085,SITE05,UNIT00013,AREA000084,INSTRUMENTATION,Pressure Transmitter,PRE-364,SN-58786580,Active,2023,19,Alloy Steel,Mechanical,High,High,B,94427,18.4,No,N/A,N/A
EQ00001086,SITE05,UNIT00013,AREA000084,DRILLING,Mud Tank,MUD-137,SN-97108568,Active,2023,11,Cast Iron,Process,High,Medium,A,160519,13.1,Yes,EP Gear Oil / Grease,Grease gun / centralized
EQ00001087,SITE05,UNIT00013,AREA000082,WORKSHOP,Welding Machine,WEL-468,SN-28576633,Active,2025,20,Cast Iron,Electrical,Medium,High,B,21219,7.7,Yes,Machine Oil / Grease,Manual
EQ00001088,SITE05,UNIT00013,AREA000083,INSTRUMENTATION,Pressure Transmitter,PRE-580,SN-85197680,Standby,2020,15,Cast Iron,Process,High,High,A,150631,23.8,No,N/A,N/A
EQ00001089,SITE05,UNIT00013,AREA000082,STATIC,Boiler,BOI-963,SN-82364331,Under Maintenance,2017,15,Alloy Steel,Process,Critical,High,C,63661,2.1,No,N/A,N/A
EQ00001090,SITE05,UNIT00013,AREA000084,LIFTING,Forklift,FOR-553,SN-23456901,Standby,2021,26,Cast Iron,Mixed,High,High,A,25216,4.8,Yes,Wire Rope / Gear Grease,Manual
EQ00001091,SITE05,UNIT00013,AREA000081,PRODUCTION,Gas Sweetening Unit,GAS-116,SN-84371273,Active,2019,22,Carbon Steel,Electrical,Critical,High,B,42339,17.9,Yes,Process/Mechanical Lubricant,Manual / automated
EQ00001092,SITE05,UNIT00013,AREA000084,PIPING,Process Pipeline,PRO-887,SN-60378012,Standby,2019,15,Stainless Steel,Process,Critical,High,B,96114,20.1,No,N/A,N/A
EQ00001093,SITE05,UNIT00013,AREA000084,ROTARY,Centrifugal Pump,CEN-403,SN-66215620,Under Maintenance,2016,10,Carbon Steel,Pneumatic,High,High,B,161558,15.9,Yes,Bearing Oil / Grease,Manual / auto-lube
EQ00001094,SITE05,UNIT00013,AREA000080,INSTRUMENTATION,Pressure Transmitter,PRE-256,SN-38381593,Under Maintenance,2020,28,Stainless Steel,Hydraulic,High,High,B,195651,6.2,No,N/A,N/A
EQ00001095,SITE05,UNIT00013,AREA000079,ELECTRICAL,Industrial Motor,IND-653,SN-55609614,Active,2020,17,Stainless Steel,Electrical,High,High,B,22123,6.2,Some,Bearing Grease,Manual
EQ00001096,SITE05,UNIT00013,AREA000080,ELECTRICAL,Switchgear,SWI-721,SN-67728553,Active,2022,20,Carbon Steel,Hydraulic,Critical,Critical,A,126102,17.7,Some,Bearing Grease,Manual
EQ00001097,SITE05,UNIT00013,AREA000081,ROTARY,Positive Displacement Pump,POS-757,SN-62745503,Active,2023,18,Stainless Steel,Process,High,High,C,156155,6.5,Yes,Bearing Oil / Grease,Manual / auto-lube
EQ00001098,SITE05,UNIT00013,AREA000083,WORKSHOP,Lathe Machine,LAT-670,SN-26811753,Active,2017,24,Cast Iron,Mechanical,Medium,Medium,A,16559,14.8,Yes,Machine Oil / Grease,Manual
EQ00001099,SITE05,UNIT00013,AREA000084,VEHICLE,Emergency Response Vehicle,EME-553,SN-28132884,Active,2016,22,Cast Iron,Mixed,High,High,A,77594,20.4,Yes,Engine / Gear Lubricant,Workshop service
EQ00001100,SITE05,UNIT00013,AREA000078,PRODUCTION,Gas Compressor,GAS-505,SN-91564168,Active,2018,25,Cast Iron,Hydraulic,Critical,Critical,A,181863,22.0,Yes,Process/Mechanical Lubricant,Manual / automated
EQ00001101,SITE05,UNIT00013,AREA000083,INSTRUMENTATION,Pressure Transmitter,PRE-858,SN-63302094,Active,2018,26,Alloy Steel,Mechanical,High,High,A,158309,19.4,No,N/A,N/A
EQ00001102,SITE05,UNIT00013,AREA000085,DRILLING,Wellhead,WEL-724,SN-61666583,Active,2019,11,Stainless Steel,Mixed,Critical,Critical,B,6567,8.3,Yes,EP Gear Oil / Grease,Grease gun / centralized
EQ00001103,SITE05,UNIT00013,AREA000084,ELECTRICAL,Industrial Motor,IND-702,SN-23538227,Standby,2025,20,Cast Iron,Mechanical,High,High,A,108526,6.0,Some,Bearing Grease,Manual
EQ00001104,SITE05,UNIT00014,AREA000089,STATIC,Pressure Vessel,PRE-738,SN-96078953,Under Maintenance,2024,26,Alloy Steel,Mixed,Critical,Critical,A,68699,13.9,No,N/A,N/A
EQ00001105,SITE05,UNIT00014,AREA000088,PRODUCTION,Gas Sweetening Unit,GAS-679,SN-64164841,Standby,2021,10,Cast Iron,Electrical,Critical,High,B,197968,15.0,Yes,Process/Mechanical Lubricant,Manual / automated
EQ00001106,SITE05,UNIT00014,AREA000087,PRODUCTION,Crude Oil Pump,CRU-364,SN-89012683,Standby,2020,28,Stainless Steel,Hydraulic,High,High,A,169316,22.1,Yes,Process/Mechanical Lubricant,Manual / automated
EQ00001107,SITE05,UNIT00014,AREA000086,STATIC,Pressure Vessel,PRE-431,SN-36177761,Standby,2024,10,Carbon Steel,Pneumatic,Critical,Critical,B,59824,16.8,No,N/A,N/A
EQ00001108,SITE05,UNIT00014,AREA000089,WORKSHOP,Grinding Machine,GRI-683,SN-91535859,Active,2018,19,Stainless Steel,Process,Medium,High,C,165908,2.5,Yes,Machine Oil / Grease,Manual
EQ00001109,SITE05,UNIT00014,AREA000088,DRILLING,Drawworks,DRA-779,SN-34801184,Standby,2016,12,Stainless Steel,Hydraulic,Critical,Critical,A,184912,15.0,Yes,EP Gear Oil / Grease,Grease gun / centralized
EQ00001110,SITE05,UNIT00014,AREA000086,LIFTING,Hoist,HOI-667,SN-19097538,Active,2021,26,Carbon Steel,Hydraulic,High,High,B,59812,4.6,Yes,Wire Rope / Gear Grease,Manual
EQ00001111,SITE05,UNIT00014,AREA000088,ROTARY,Air Compressor,AIR-194,SN-27006374,Active,2020,20,Cast Iron,Mixed,High,High,A,84352,13.5,Yes,Bearing Oil / Grease,Manual / auto-lube
EQ00001112,SITE05,UNIT00014,AREA000090,ROTARY,Air Compressor,AIR-702,SN-54905960,Active,2020,12,Stainless Steel,Pneumatic,High,High,A,71023,18.4,Yes,Bearing Oil / Grease,Manual / auto-lube
EQ00001113,SITE05,UNIT00014,AREA000089,DRILLING,Cementing Unit,CEM-859,SN-78458821,Active,2016,10,Carbon Steel,Hydraulic,High,High,C,182138,2.7,Yes,EP Gear Oil / Grease,Grease gun / centralized
EQ00001114,SITE05,UNIT00014,AREA000086,PRODUCTION,Gas Compressor,GAS-116,SN-35849020,Active,2020,19,Carbon Steel,Hydraulic,Critical,Critical,A,145930,20.1,Yes,Process/Mechanical Lubricant,Manual / automated
EQ00001115,SITE05,UNIT00014,AREA000089,DRILLING,Drilling Rig,DRI-410,SN-66105652,Active,2025,14,Carbon Steel,Mechanical,Critical,High,B,113765,23.1,Yes,EP Gear Oil / Grease,Grease gun / centralized
EQ00001116,SITE05,UNIT00014,AREA000088,PRODUCTION,Gas Sweetening Unit,GAS-478,SN-66002753,Active,2022,25,Carbon Steel,Pneumatic,Critical,High,B,93909,11.8,Yes,Process/Mechanical Lubricant,Manual / automated
EQ00001117,SITE05,UNIT00014,AREA000086,STATIC,Heat Exchanger,HEA-494,SN-29349898,Under Maintenance,2024,20,Stainless Steel,Mechanical,High,High,A,60273,0.6,No,N/A,N/A
EQ00001118,SITE05,UNIT00014,AREA000087,STATIC,Pressure Vessel,PRE-377,SN-95025488,Active,2021,14,Cast Iron,Process,Critical,Critical,C,93502,13.6,No,N/A,N/A
EQ00001119,SITE05,UNIT00014,AREA000088,ENVIRONMENT,Effluent Treatment Unit,EFF-360,SN-26477353,Under Maintenance,2019,16,Alloy Steel,Hydraulic,High,Medium,C,124286,20.1,Yes,Pump Bearing Grease,Manual
EQ00001120,SITE05,UNIT00014,AREA000087,LIFTING,Hoist,HOI-344,SN-26602232,Under Maintenance,2018,23,Cast Iron,Pneumatic,High,High,C,168024,1.3,Yes,Wire Rope / Gear Grease,Manual
EQ00001121,SITE05,UNIT00014,AREA000088,WORKSHOP,Welding Machine,WEL-705,SN-40330094,Under Maintenance,2019,14,Stainless Steel,Hydraulic,Medium,High,A,95393,21.3,Yes,Machine Oil / Grease,Manual
EQ00001122,SITE05,UNIT00014,AREA000090,LIFTING,Mobile Crane,MOB-352,SN-59460066,Under Maintenance,2024,29,Alloy Steel,Pneumatic,Critical,Critical,B,15674,21.1,Yes,Wire Rope / Gear Grease,Manual
EQ00001123,SITE05,UNIT00014,AREA000090,STATIC,Fired Heater,FIR-733,SN-49000496,Active,2021,28,Stainless Steel,Mixed,Critical,Critical,A,31085,17.1,No,N/A,N/A
EQ00001124,SITE05,UNIT00014,AREA000086,ROTARY,Positive Displacement Pump,POS-860,SN-44295656,Active,2017,26,Cast Iron,Mixed,High,High,B,157277,1.5,Yes,Bearing Oil / Grease,Manual / auto-lube
EQ00001125,SITE05,UNIT00014,AREA000088,ELECTRICAL,Motor Control Centre,MOT-811,SN-74927485,Active,2024,18,Stainless Steel,Mixed,Critical,High,A,127817,20.6,Some,Bearing Grease,Manual
EQ00001126,SITE05,UNIT00014,AREA000088,PIPING,Pig Launcher/Receiver,PIG-796,SN-74969653,Standby,2023,24,Stainless Steel,Hydraulic,High,High,C,35099,9.4,No,N/A,N/A
EQ00001127,SITE05,UNIT00014,AREA000088,ELECTRICAL,Transformer,TRA-255,SN-22093343,Standby,2023,13,Stainless Steel,Hydraulic,Critical,High,A,97535,9.4,Some,Bearing Grease,Manual
EQ00001128,SITE05,UNIT00014,AREA000086,PIPING,Relief Valve,REL-280,SN-80141098,Active,2023,30,Alloy Steel,Pneumatic,Critical,Critical,B,71262,22.7,No,N/A,N/A
EQ00001129,SITE05,UNIT00014,AREA000089,DRILLING,Mud Pump,MUD-828,SN-25853828,Active,2018,21,Carbon Steel,Pneumatic,Critical,High,B,15807,10.7,Yes,EP Gear Oil / Grease,Grease gun / centralized
EQ00001130,SITE05,UNIT00014,AREA000088,INSTRUMENTATION,Control Valve,CON-629,SN-89554114,Under Maintenance,2020,11,Cast Iron,Electrical,High,High,A,182769,14.1,No,N/A,N/A
EQ00001131,SITE05,UNIT00014,AREA000090,PIPING,Relief Valve,REL-638,SN-45690208,Active,2017,30,Alloy Steel,Electrical,Critical,Critical,C,155779,8.5,No,N/A,N/A
EQ00001132,SITE05,UNIT00014,AREA000090,DRILLING,Mud Tank,MUD-206,SN-60273168,Active,2023,21,Cast Iron,Hydraulic,High,Medium,B,42064,9.9,Yes,EP Gear Oil / Grease,Grease gun / centralized
EQ00001133,SITE05,UNIT00014,AREA000086,ROTARY,Diesel Generator,DIE-642,SN-11414309,Active,2021,10,Cast Iron,Pneumatic,High,High,C,129928,19.3,Yes,Bearing Oil / Grease,Manual / auto-lube
EQ00001134,SITE05,UNIT00014,AREA000089,ROTARY,Diesel Generator,DIE-614,SN-25360324,Under Maintenance,2018,12,Alloy Steel,Electrical,High,High,A,58298,11.7,Yes,Bearing Oil / Grease,Manual / auto-lube
EQ00001135,SITE05,UNIT00014,AREA000087,LIFTING,Overhead Crane,OVE-486,SN-12157512,Under Maintenance,2022,27,Alloy Steel,Process,High,Critical,A,159989,13.4,Yes,Wire Rope / Gear Grease,Manual
EQ00001136,SITE05,UNIT00014,AREA000088,VEHICLE,Oil Tanker,OIL-356,SN-74085159,Standby,2023,25,Alloy Steel,Mechanical,High,Critical,B,168827,3.9,Yes,Engine / Gear Lubricant,Workshop service
EQ00001137,SITE05,UNIT00014,AREA000086,PRODUCTION,Gas Compressor,GAS-431,SN-89080339,Active,2016,20,Alloy Steel,Hydraulic,Critical,Critical,C,30703,10.6,Yes,Process/Mechanical Lubricant,Manual / automated
EQ00001138,SITE05,UNIT00014,AREA000089,ENVIRONMENT,Oil Water Separator,OIL-940,SN-88560144,Under Maintenance,2021,10,Cast Iron,Mechanical,High,Medium,C,49733,17.6,Yes,Pump Bearing Grease,Manual
EQ00001139,SITE05,UNIT00014,AREA000089,INSTRUMENTATION,Control Valve,CON-521,SN-13654116,Under Maintenance,2022,25,Cast Iron,Process,High,High,B,88812,23.4,No,N/A,N/A
EQ00001140,SITE05,UNIT00014,AREA000087,ELECTRICAL,UPS System,UPS-514,SN-57740226,Active,2018,24,Stainless Steel,Hydraulic,Medium,Medium,B,102138,5.8,Some,Bearing Grease,Manual
EQ00001141,SITE05,UNIT00014,AREA000089,PIPING,Pig Launcher/Receiver,PIG-828,SN-52335410,Active,2021,27,Carbon Steel,Hydraulic,High,High,A,195420,9.5,No,N/A,N/A
EQ00001142,SITE05,UNIT00014,AREA000090,ELECTRICAL,Switchgear,SWI-329,SN-70370538,Under Maintenance,2021,27,Stainless Steel,Electrical,Critical,Critical,B,191066,13.8,Some,Bearing Grease,Manual
EQ00001143,SITE05,UNIT00014,AREA000087,PIPING,Pig Launcher/Receiver,PIG-504,SN-67118609,Active,2024,23,Carbon Steel,Pneumatic,High,High,B,127025,9.0,No,N/A,N/A
EQ00001144,SITE05,UNIT00014,AREA000088,ROTARY,Centrifugal Pump,CEN-558,SN-30300250,Active,2024,20,Cast Iron,Process,High,High,B,199199,8.7,Yes,Bearing Oil / Grease,Manual / auto-lube
EQ00001145,SITE05,UNIT00014,AREA000088,LIFTING,Overhead Crane,OVE-779,SN-97832728,Active,2023,11,Carbon Steel,Electrical,High,Critical,B,89005,13.3,Yes,Wire Rope / Gear Grease,Manual
EQ00001146,SITE05,UNIT00014,AREA000087,ROTARY,Positive Displacement Pump,POS-316,SN-85487077,Active,2022,22,Alloy Steel,Pneumatic,High,High,A,44186,7.4,Yes,Bearing Oil / Grease,Manual / auto-lube
EQ00001147,SITE05,UNIT00014,AREA000088,LIFTING,Overhead Crane,OVE-705,SN-83655063,Active,2019,18,Cast Iron,Pneumatic,High,Critical,C,44441,20.2,Yes,Wire Rope / Gear Grease,Manual
EQ00001148,SITE05,UNIT00014,AREA000090,VEHICLE,Oil Tanker,OIL-328,SN-12391523,Active,2017,30,Alloy Steel,Pneumatic,High,Critical,C,29464,16.3,Yes,Engine / Gear Lubricant,Workshop service
EQ00001149,SITE05,UNIT00014,AREA000086,DRILLING,Drawworks,DRA-161,SN-94673941,Under Maintenance,2024,30,Cast Iron,Electrical,Critical,Critical,B,61696,15.7,Yes,EP Gear Oil / Grease,Grease gun / centralized
EQ00001150,SITE05,UNIT00014,AREA000088,VEHICLE,Oil Tanker,OIL-453,SN-98529735,Under Maintenance,2020,30,Stainless Steel,Process,High,Critical,B,194603,14.3,Yes,Engine / Gear Lubricant,Workshop service
EQ00001151,SITE05,UNIT00014,AREA000089,ELECTRICAL,UPS System,UPS-775,SN-26249096,Active,2020,23,Alloy Steel,Hydraulic,Medium,Medium,A,45658,10.5,Some,Bearing Grease,Manual
EQ00001152,SITE05,UNIT00014,AREA000086,PIPING,Pig Launcher/Receiver,PIG-689,SN-99525002,Active,2016,18,Stainless Steel,Mixed,High,High,B,38057,20.8,No,N/A,N/A
EQ00001153,SITE05,UNIT00014,AREA000089,ELECTRICAL,Switchgear,SWI-562,SN-43213278,Active,2018,14,Cast Iron,Mechanical,Critical,Critical,B,118219,22.0,Some,Bearing Grease,Manual
EQ00001154,SITE05,UNIT00014,AREA000089,LIFTING,Hoist,HOI-761,SN-77296227,Active,2023,15,Carbon Steel,Mechanical,High,High,A,105027,3.1,Yes,Wire Rope / Gear Grease,Manual
EQ00001155,SITE05,UNIT00014,AREA000088,STATIC,Boiler,BOI-937,SN-11520884,Active,2024,17,Cast Iron,Mechanical,Critical,High,C,16288,20.9,No,N/A,N/A
EQ00001156,SITE05,UNIT00014,AREA000089,SAFETY,Foam System,FOA-612,SN-66403530,Active,2016,17,Cast Iron,Hydraulic,Critical,High,A,76944,9.6,Some,Pump Bearing Grease,Manual
EQ00001157,SITE05,UNIT00014,AREA000089,ROTARY,Diesel Generator,DIE-166,SN-18099435,Under Maintenance,2018,19,Carbon Steel,Electrical,High,High,B,126846,20.3,Yes,Bearing Oil / Grease,Manual / auto-lube
EQ00001158,SITE05,UNIT00014,AREA000089,ELECTRICAL,Industrial Motor,IND-387,SN-36532585,Under Maintenance,2017,10,Stainless Steel,Process,High,High,A,159013,21.5,Some,Bearing Grease,Manual
EQ00001159,SITE05,UNIT00015,AREA000091,SAFETY,Fire Alarm Panel,FIR-278,SN-30491843,Under Maintenance,2021,16,Stainless Steel,Mechanical,High,High,C,119885,16.1,Some,Pump Bearing Grease,Manual
EQ00001160,SITE05,UNIT00015,AREA000096,PRODUCTION,Crude Oil Pump,CRU-277,SN-46184608,Standby,2025,16,Cast Iron,Pneumatic,High,High,C,138164,5.9,Yes,Process/Mechanical Lubricant,Manual / automated
EQ00001161,SITE05,UNIT00015,AREA000093,ELECTRICAL,Transformer,TRA-823,SN-77152368,Active,2025,19,Stainless Steel,Mechanical,Critical,High,A,29833,19.4,Some,Bearing Grease,Manual
EQ00001162,SITE05,UNIT00015,AREA000094,PRODUCTION,Three-Phase Separator,THR-957,SN-40429248,Active,2022,13,Cast Iron,Electrical,Critical,High,B,14758,21.7,Yes,Process/Mechanical Lubricant,Manual / automated
EQ00001163,SITE05,UNIT00015,AREA000097,STATIC,Fired Heater,FIR-522,SN-69186807,Active,2021,30,Alloy Steel,Mechanical,Critical,Critical,B,60200,8.8,No,N/A,N/A
EQ00001164,SITE05,UNIT00015,AREA000093,WORKSHOP,Hydraulic Press,HYD-780,SN-50401421,Under Maintenance,2017,11,Alloy Steel,Pneumatic,Medium,High,A,131646,8.2,Yes,Machine Oil / Grease,Manual
EQ00001165,SITE05,UNIT00015,AREA000093,WORKSHOP,Hydraulic Press,HYD-840,SN-45311929,Active,2018,15,Alloy Steel,Mixed,Medium,High,C,82724,23.9,Yes,Machine Oil / Grease,Manual
EQ00001166,SITE05,UNIT00015,AREA000091,ENVIRONMENT,Effluent Treatment Unit,EFF-129,SN-61935886,Active,2023,16,Carbon Steel,Electrical,High,Medium,A,177187,3.1,Yes,Pump Bearing Grease,Manual
EQ00001167,SITE05,UNIT00015,AREA000092,SAFETY,Fire Hydrant,FIR-840,SN-17684065,Standby,2022,27,Stainless Steel,Hydraulic,High,High,A,33236,10.2,Some,Pump Bearing Grease,Manual
EQ00001168,SITE05,UNIT00015,AREA000096,VEHICLE,Heavy Utility Vehicle,HEA-915,SN-20634627,Standby,2017,26,Alloy Steel,Pneumatic,Medium,Medium,A,59803,12.5,Yes,Engine / Gear Lubricant,Workshop service
EQ00001169,SITE05,UNIT00015,AREA000096,WORKSHOP,Welding Machine,WEL-587,SN-97679658,Active,2019,17,Alloy Steel,Mixed,Medium,High,B,195728,21.2,Yes,Machine Oil / Grease,Manual
EQ00001170,SITE05,UNIT00015,AREA000096,SAFETY,Fire Hydrant,FIR-749,SN-47354141,Active,2021,25,Alloy Steel,Pneumatic,High,High,A,63421,6.5,Some,Pump Bearing Grease,Manual
EQ00001171,SITE05,UNIT00015,AREA000095,PRODUCTION,Produced Water Pump,PRO-585,SN-12488563,Active,2019,13,Alloy Steel,Process,High,Medium,B,147016,13.8,Yes,Process/Mechanical Lubricant,Manual / automated
EQ00001172,SITE05,UNIT00015,AREA000095,VEHICLE,Emergency Response Vehicle,EME-982,SN-46159392,Active,2021,30,Cast Iron,Mechanical,High,High,C,128917,12.4,Yes,Engine / Gear Lubricant,Workshop service
EQ00001173,SITE05,UNIT00015,AREA000093,DRILLING,Drilling Rig,DRI-944,SN-38748039,Under Maintenance,2016,21,Cast Iron,Electrical,Critical,High,B,46839,16.6,Yes,EP Gear Oil / Grease,Grease gun / centralized
EQ00001174,SITE05,UNIT00015,AREA000091,STATIC,Fired Heater,FIR-708,SN-42005542,Standby,2023,18,Carbon Steel,Hydraulic,Critical,Critical,C,134217,11.0,No,N/A,N/A
EQ00001175,SITE05,UNIT00015,AREA000092,WORKSHOP,Lathe Machine,LAT-633,SN-94132759,Active,2019,23,Carbon Steel,Mechanical,Medium,Medium,C,39951,2.1,Yes,Machine Oil / Grease,Manual
EQ00001176,SITE05,UNIT00015,AREA000097,WORKSHOP,Lathe Machine,LAT-134,SN-84855360,Standby,2018,17,Alloy Steel,Mixed,Medium,Medium,B,16527,22.6,Yes,Machine Oil / Grease,Manual
EQ00001177,SITE05,UNIT00015,AREA000097,ROTARY,Positive Displacement Pump,POS-314,SN-69911205,Active,2025,21,Carbon Steel,Process,High,High,A,20533,22.2,Yes,Bearing Oil / Grease,Manual / auto-lube
EQ00001178,SITE05,UNIT00015,AREA000091,ENVIRONMENT,Effluent Treatment Unit,EFF-428,SN-41224116,Active,2016,20,Stainless Steel,Mechanical,High,Medium,B,145643,17.4,Yes,Pump Bearing Grease,Manual
EQ00001179,SITE05,UNIT00015,AREA000093,WORKSHOP,Lathe Machine,LAT-321,SN-14472238,Standby,2019,10,Cast Iron,Pneumatic,Medium,Medium,B,179536,21.4,Yes,Machine Oil / Grease,Manual
EQ00001180,SITE05,UNIT00015,AREA000091,LIFTING,Overhead Crane,OVE-361,SN-17660115,Active,2019,25,Cast Iron,Process,High,Critical,A,123293,0.3,Yes,Wire Rope / Gear Grease,Manual
EQ00001181,SITE05,UNIT00015,AREA000094,STATIC,Pressure Vessel,PRE-376,SN-74180472,Active,2024,14,Alloy Steel,Hydraulic,Critical,Critical,A,112306,22.7,No,N/A,N/A
EQ00001182,SITE05,UNIT00015,AREA000095,ENVIRONMENT,Oil Water Separator,OIL-682,SN-91133340,Standby,2017,27,Alloy Steel,Hydraulic,High,Medium,B,115146,7.9,Yes,Pump Bearing Grease,Manual
EQ00001183,SITE05,UNIT00015,AREA000093,ELECTRICAL,UPS System,UPS-853,SN-90094777,Active,2025,11,Carbon Steel,Electrical,Medium,Medium,A,68500,20.8,Some,Bearing Grease,Manual
EQ00001184,SITE05,UNIT00015,AREA000093,INSTRUMENTATION,Pressure Transmitter,PRE-123,SN-49310861,Standby,2016,18,Alloy Steel,Hydraulic,High,High,C,122100,9.3,No,N/A,N/A
EQ00001185,SITE05,UNIT00015,AREA000091,ELECTRICAL,UPS System,UPS-619,SN-25046526,Active,2017,13,Cast Iron,Hydraulic,Medium,Medium,A,179589,15.8,Some,Bearing Grease,Manual
EQ00001186,SITE05,UNIT00015,AREA000092,DRILLING,Drilling Rig,DRI-740,SN-15351193,Active,2017,15,Stainless Steel,Electrical,Critical,High,C,121210,9.7,Yes,EP Gear Oil / Grease,Grease gun / centralized
EQ00001187,SITE05,UNIT00015,AREA000095,STATIC,Fired Heater,FIR-987,SN-21813615,Active,2017,24,Stainless Steel,Hydraulic,Critical,Critical,C,180004,16.4,No,N/A,N/A
EQ00001188,SITE05,UNIT00015,AREA000094,WORKSHOP,Welding Machine,WEL-528,SN-44177652,Under Maintenance,2023,25,Stainless Steel,Pneumatic,Medium,High,C,12871,7.8,Yes,Machine Oil / Grease,Manual
EQ00001189,SITE05,UNIT00015,AREA000093,ELECTRICAL,Industrial Motor,IND-773,SN-97059424,Under Maintenance,2025,16,Carbon Steel,Pneumatic,High,High,B,152878,12.0,Some,Bearing Grease,Manual
EQ00001190,SITE05,UNIT00015,AREA000091,DRILLING,Top Drive,TOP-924,SN-70435749,Standby,2021,11,Stainless Steel,Hydraulic,Critical,Critical,C,5789,16.8,Yes,EP Gear Oil / Grease,Grease gun / centralized
EQ00001191,SITE05,UNIT00015,AREA000097,INSTRUMENTATION,Pressure Transmitter,PRE-806,SN-46438376,Active,2021,10,Alloy Steel,Electrical,High,High,C,90512,22.9,No,N/A,N/A
EQ00001192,SITE05,UNIT00015,AREA000094,SAFETY,Fire Hydrant,FIR-653,SN-14175876,Active,2025,24,Cast Iron,Mixed,High,High,B,70259,13.0,Some,Pump Bearing Grease,Manual
EQ00001193,SITE05,UNIT00015,AREA000096,ELECTRICAL,Motor Control Centre,MOT-695,SN-54784817,Active,2022,25,Stainless Steel,Hydraulic,Critical,High,C,47119,8.3,Some,Bearing Grease,Manual
EQ00001194,SITE05,UNIT00015,AREA000097,SAFETY,Fire Alarm Panel,FIR-944,SN-87781486,Active,2020,14,Stainless Steel,Pneumatic,High,High,B,61738,4.4,Some,Pump Bearing Grease,Manual
EQ00001195,SITE05,UNIT00015,AREA000094,ROTARY,Positive Displacement Pump,POS-704,SN-56825671,Active,2021,12,Stainless Steel,Electrical,High,High,A,61421,13.6,Yes,Bearing Oil / Grease,Manual / auto-lube
EQ00001196,SITE05,UNIT00015,AREA000095,SAFETY,Foam System,FOA-494,SN-42525853,Standby,2020,25,Stainless Steel,Hydraulic,Critical,High,C,145151,15.2,Some,Pump Bearing Grease,Manual
EQ00001197,SITE05,UNIT00015,AREA000094,INSTRUMENTATION,Gas Detector,GAS-504,SN-84940593,Standby,2018,25,Stainless Steel,Mixed,Critical,Critical,C,175590,12.7,No,N/A,N/A
EQ00001198,SITE05,UNIT00015,AREA000095,LIFTING,Overhead Crane,OVE-244,SN-12449416,Active,2016,10,Alloy Steel,Electrical,High,Critical,C,3084,11.1,Yes,Wire Rope / Gear Grease,Manual
EQ00001199,SITE05,UNIT00015,AREA000097,PIPING,Process Pipeline,PRO-425,SN-14021727,Active,2021,28,Stainless Steel,Hydraulic,Critical,High,A,17541,15.9,No,N/A,N/A
EQ00001200,SITE05,UNIT00015,AREA000091,PRODUCTION,Gas Dehydration Unit,GAS-206,SN-69767807,Active,2018,24,Stainless Steel,Mechanical,High,High,C,127110,19.5,Yes,Process/Mechanical Lubricant,Manual / automated
EQ00001201,SITE05,UNIT00015,AREA000093,INSTRUMENTATION,Control Valve,CON-536,SN-64070952,Active,2025,15,Alloy Steel,Electrical,High,High,B,66418,8.3,No,N/A,N/A
EQ00001202,SITE05,UNIT00015,AREA000097,LIFTING,Mobile Crane,MOB-159,SN-30280595,Standby,2022,22,Stainless Steel,Mixed,Critical,Critical,B,199336,11.9,Yes,Wire Rope / Gear Grease,Manual
EQ00001203,SITE05,UNIT00015,AREA000093,DRILLING,Mud Tank,MUD-856,SN-79554685,Active,2017,25,Cast Iron,Electrical,High,Medium,A,79671,13.5,Yes,EP Gear Oil / Grease,Grease gun / centralized
EQ00001204,SITE05,UNIT00015,AREA000093,STATIC,Heat Exchanger,HEA-368,SN-46350421,Active,2016,12,Alloy Steel,Hydraulic,High,High,C,37018,15.0,No,N/A,N/A
EQ00001205,SITE05,UNIT00015,AREA000092,PRODUCTION,Three-Phase Separator,THR-555,SN-61291537,Under Maintenance,2016,12,Cast Iron,Mixed,Critical,High,A,12558,10.4,Yes,Process/Mechanical Lubricant,Manual / automated
EQ00001206,SITE05,UNIT00015,AREA000091,WORKSHOP,Air Receiver,AIR-902,SN-21212610,Active,2023,11,Carbon Steel,Pneumatic,High,High,B,4644,2.0,Yes,Machine Oil / Grease,Manual
EQ00001207,SITE05,UNIT00015,AREA000096,PRODUCTION,Gas Dehydration Unit,GAS-914,SN-30272906,Active,2025,21,Stainless Steel,Pneumatic,High,High,A,196381,8.8,Yes,Process/Mechanical Lubricant,Manual / automated
EQ00001208,SITE05,UNIT00015,AREA000097,PRODUCTION,Crude Oil Pump,CRU-450,SN-64358801,Active,2018,11,Stainless Steel,Pneumatic,High,High,A,195769,0.4,Yes,Process/Mechanical Lubricant,Manual / automated
EQ00001209,SITE05,UNIT00015,AREA000093,PIPING,Pig Launcher/Receiver,PIG-460,SN-93583837,Active,2025,20,Carbon Steel,Pneumatic,High,High,B,100296,18.1,No,N/A,N/A
EQ00001210,SITE05,UNIT00015,AREA000095,ELECTRICAL,Industrial Motor,IND-672,SN-72154431,Active,2023,30,Cast Iron,Electrical,High,High,C,53452,15.3,Some,Bearing Grease,Manual
EQ00001211,SITE05,UNIT00015,AREA000091,WORKSHOP,Hydraulic Press,HYD-382,SN-85864214,Active,2022,25,Alloy Steel,Process,Medium,High,A,75613,6.9,Yes,Machine Oil / Grease,Manual
EQ00001212,SITE05,UNIT00015,AREA000097,INSTRUMENTATION,Control Valve,CON-428,SN-94634650,Active,2016,13,Alloy Steel,Pneumatic,High,High,B,79323,11.6,No,N/A,N/A
EQ00001213,SITE05,UNIT00015,AREA000093,STATIC,Pressure Vessel,PRE-427,SN-59632915,Active,2017,13,Stainless Steel,Hydraulic,Critical,Critical,A,67294,11.3,No,N/A,N/A
EQ00001214,SITE05,UNIT00015,AREA000091,WORKSHOP,Hydraulic Press,HYD-604,SN-44667265,Active,2016,18,Alloy Steel,Electrical,Medium,High,B,113150,14.0,Yes,Machine Oil / Grease,Manual
EQ00001215,SITE05,UNIT00015,AREA000094,ROTARY,Air Compressor,AIR-521,SN-16089039,Standby,2019,12,Stainless Steel,Hydraulic,High,High,A,54368,11.5,Yes,Bearing Oil / Grease,Manual / auto-lube
EQ00001216,SITE05,UNIT00015,AREA000095,DRILLING,Wellhead,WEL-427,SN-24611331,Active,2025,22,Stainless Steel,Mixed,Critical,Critical,A,141013,10.8,Yes,EP Gear Oil / Grease,Grease gun / centralized
EQ00001217,SITE05,UNIT00015,AREA000097,WORKSHOP,Lathe Machine,LAT-351,SN-83319050,Standby,2020,22,Cast Iron,Process,Medium,Medium,B,123500,1.1,Yes,Machine Oil / Grease,Manual
EQ00001218,SITE05,UNIT00015,AREA000096,WORKSHOP,Hydraulic Press,HYD-470,SN-23324545,Under Maintenance,2023,22,Stainless Steel,Electrical,Medium,High,A,148703,12.2,Yes,Machine Oil / Grease,Manual
EQ00001219,SITE05,UNIT00015,AREA000096,ELECTRICAL,Transformer,TRA-724,SN-71249004,Under Maintenance,2025,24,Carbon Steel,Mechanical,Critical,High,A,11823,13.4,Some,Bearing Grease,Manual
EQ00001220,SITE05,UNIT00015,AREA000096,LIFTING,Hoist,HOI-853,SN-95147938,Active,2023,22,Carbon Steel,Mechanical,High,High,A,57767,1.8,Yes,Wire Rope / Gear Grease,Manual
EQ00001221,SITE05,UNIT00015,AREA000095,INSTRUMENTATION,Gas Detector,GAS-962,SN-38406823,Standby,2016,26,Stainless Steel,Mixed,Critical,Critical,B,186083,22.1,No,N/A,N/A
EQ00001222,SITE05,UNIT00015,AREA000097,LIFTING,Forklift,FOR-784,SN-55395215,Standby,2023,14,Alloy Steel,Pneumatic,High,High,C,158886,6.7,Yes,Wire Rope / Gear Grease,Manual
EQ00001223,SITE05,UNIT00015,AREA000093,DRILLING,Drilling Rig,DRI-495,SN-28644786,Active,2022,29,Cast Iron,Process,Critical,High,C,83997,20.2,Yes,EP Gear Oil / Grease,Grease gun / centralized
EQ00001224,SITE05,UNIT00015,AREA000092,ELECTRICAL,Motor Control Centre,MOT-267,SN-68826692,Active,2024,27,Cast Iron,Mixed,Critical,High,C,138786,5.3,Some,Bearing Grease,Manual
EQ00001225,SITE05,UNIT00015,AREA000094,ELECTRICAL,Motor Control Centre,MOT-609,SN-46062312,Under Maintenance,2021,11,Alloy Steel,Mechanical,Critical,High,B,171871,22.2,Some,Bearing Grease,Manual
EQ00001226,SITE05,UNIT00015,AREA000091,SAFETY,Fire Hydrant,FIR-501,SN-57730234,Under Maintenance,2022,20,Alloy Steel,Hydraulic,High,High,B,189811,6.0,Some,Pump Bearing Grease,Manual
EQ00001227,SITE05,UNIT00015,AREA000097,PRODUCTION,Gas Dehydration Unit,GAS-261,SN-24630685,Standby,2019,22,Alloy Steel,Pneumatic,High,High,C,28784,1.2,Yes,Process/Mechanical Lubricant,Manual / automated
EQ00001228,SITE06,UNIT00016,AREA000101,STATIC,Fired Heater,FIR-788,SN-45350739,Active,2023,12,Cast Iron,Electrical,Critical,Critical,A,134259,9.0,No,N/A,N/A
EQ00001229,SITE06,UNIT00016,AREA000100,INSTRUMENTATION,Pressure Transmitter,PRE-120,SN-98431812,Active,2019,30,Stainless Steel,Process,High,High,B,121057,16.9,No,N/A,N/A
EQ00001230,SITE06,UNIT00016,AREA000104,ENVIRONMENT,Effluent Treatment Unit,EFF-205,SN-85553901,Active,2020,23,Cast Iron,Mixed,High,Medium,C,20523,0.6,Yes,Pump Bearing Grease,Manual
EQ00001231,SITE06,UNIT00016,AREA000100,PIPING,Pipeline Valve,PIP-677,SN-86903572,Under Maintenance,2023,12,Alloy Steel,Process,High,High,C,69430,5.6,No,N/A,N/A
EQ00001232,SITE06,UNIT00016,AREA000103,INSTRUMENTATION,Control Valve,CON-259,SN-80202195,Active,2017,12,Carbon Steel,Electrical,High,High,A,104140,7.5,No,N/A,N/A
EQ00001233,SITE06,UNIT00016,AREA000101,ELECTRICAL,Industrial Motor,IND-361,SN-98150417,Active,2018,14,Cast Iron,Hydraulic,High,High,B,41087,0.2,Some,Bearing Grease,Manual
EQ00001234,SITE06,UNIT00016,AREA000100,DRILLING,Drilling Rig,DRI-835,SN-86329609,Active,2023,26,Stainless Steel,Pneumatic,Critical,High,A,195606,14.6,Yes,EP Gear Oil / Grease,Grease gun / centralized
EQ00001235,SITE06,UNIT00016,AREA000104,DRILLING,Mud Pump,MUD-172,SN-99273858,Active,2019,30,Alloy Steel,Pneumatic,Critical,High,B,101380,21.1,Yes,EP Gear Oil / Grease,Grease gun / centralized
EQ00001236,SITE06,UNIT00016,AREA000103,WORKSHOP,Lathe Machine,LAT-297,SN-22825011,Under Maintenance,2022,10,Alloy Steel,Mechanical,Medium,Medium,B,101421,23.7,Yes,Machine Oil / Grease,Manual
EQ00001237,SITE06,UNIT00016,AREA000100,DRILLING,Wellhead,WEL-651,SN-76035050,Active,2019,10,Cast Iron,Hydraulic,Critical,Critical,B,158965,4.7,Yes,EP Gear Oil / Grease,Grease gun / centralized
EQ00001238,SITE06,UNIT00016,AREA000103,INSTRUMENTATION,Gas Detector,GAS-964,SN-57613415,Standby,2017,17,Cast Iron,Process,Critical,Critical,B,2452,15.6,No,N/A,N/A
EQ00001239,SITE06,UNIT00016,AREA000098,WORKSHOP,Air Receiver,AIR-384,SN-60101486,Standby,2020,23,Carbon Steel,Process,High,High,B,106492,17.5,Yes,Machine Oil / Grease,Manual
EQ00001240,SITE06,UNIT00016,AREA000098,SAFETY,Fire Hydrant,FIR-632,SN-53543706,Under Maintenance,2022,10,Stainless Steel,Mechanical,High,High,A,15290,14.7,Some,Pump Bearing Grease,Manual
EQ00001241,SITE06,UNIT00016,AREA000104,SAFETY,Fire Alarm Panel,FIR-252,SN-87682709,Active,2022,11,Cast Iron,Electrical,High,High,B,15723,11.5,Some,Pump Bearing Grease,Manual
EQ00001242,SITE06,UNIT00016,AREA000102,SAFETY,Fire Alarm Panel,FIR-496,SN-16535119,Under Maintenance,2025,24,Alloy Steel,Process,High,High,B,19147,20.7,Some,Pump Bearing Grease,Manual
EQ00001243,SITE06,UNIT00016,AREA000101,PRODUCTION,Produced Water Pump,PRO-614,SN-35151872,Active,2020,10,Carbon Steel,Process,High,Medium,C,116415,1.6,Yes,Process/Mechanical Lubricant,Manual / automated
EQ00001244,SITE06,UNIT00016,AREA000099,WORKSHOP,Air Receiver,AIR-181,SN-66390287,Active,2023,11,Alloy Steel,Mixed,High,High,C,44953,16.0,Yes,Machine Oil / Grease,Manual
EQ00001245,SITE06,UNIT00016,AREA000101,ENVIRONMENT,Oil Water Separator,OIL-149,SN-50783910,Standby,2025,19,Alloy Steel,Process,High,Medium,B,16724,18.5,Yes,Pump Bearing Grease,Manual
EQ00001246,SITE06,UNIT00016,AREA000103,LIFTING,Hoist,HOI-991,SN-62175696,Active,2022,13,Cast Iron,Pneumatic,High,High,C,40875,20.1,Yes,Wire Rope / Gear Grease,Manual
EQ00001247,SITE06,UNIT00016,AREA000099,WORKSHOP,Air Receiver,AIR-474,SN-18657052,Under Maintenance,2017,23,Carbon Steel,Pneumatic,High,High,B,155528,13.4,Yes,Machine Oil / Grease,Manual
EQ00001248,SITE06,UNIT00016,AREA000104,PRODUCTION,Gas Dehydration Unit,GAS-814,SN-73548749,Active,2023,27,Alloy Steel,Process,High,High,B,178994,4.1,Yes,Process/Mechanical Lubricant,Manual / automated
EQ00001249,SITE06,UNIT00016,AREA000104,PRODUCTION,Crude Oil Pump,CRU-260,SN-37485434,Standby,2019,21,Carbon Steel,Process,High,High,A,160853,11.9,Yes,Process/Mechanical Lubricant,Manual / automated
EQ00001250,SITE06,UNIT00016,AREA000099,DRILLING,Mud Pump,MUD-482,SN-12550813,Active,2019,23,Alloy Steel,Mixed,Critical,High,B,86477,17.3,Yes,EP Gear Oil / Grease,Grease gun / centralized
EQ00001251,SITE06,UNIT00016,AREA000099,ELECTRICAL,Industrial Motor,IND-119,SN-80273261,Active,2022,21,Alloy Steel,Process,High,High,A,178324,3.3,Some,Bearing Grease,Manual
EQ00001252,SITE06,UNIT00016,AREA000103,STATIC,Heat Exchanger,HEA-191,SN-41725009,Standby,2023,28,Cast Iron,Electrical,High,High,C,9132,20.7,No,N/A,N/A
EQ00001253,SITE06,UNIT00016,AREA000099,ENVIRONMENT,Effluent Treatment Unit,EFF-112,SN-82699332,Active,2018,18,Cast Iron,Hydraulic,High,Medium,C,71471,19.2,Yes,Pump Bearing Grease,Manual
EQ00001254,SITE06,UNIT00016,AREA000103,ELECTRICAL,Motor Control Centre,MOT-731,SN-28909872,Active,2018,22,Stainless Steel,Process,Critical,High,C,192531,9.1,Some,Bearing Grease,Manual
EQ00001255,SITE06,UNIT00016,AREA000100,ROTARY,Centrifugal Pump,CEN-243,SN-38757141,Active,2017,15,Carbon Steel,Mixed,High,High,C,135852,18.3,Yes,Bearing Oil / Grease,Manual / auto-lube
EQ00001256,SITE06,UNIT00016,AREA000104,DRILLING,Top Drive,TOP-900,SN-40018132,Active,2024,28,Carbon Steel,Mixed,Critical,Critical,C,15371,19.2,Yes,EP Gear Oil / Grease,Grease gun / centralized
EQ00001257,SITE06,UNIT00016,AREA000100,PRODUCTION,Produced Water Pump,PRO-808,SN-69158496,Active,2025,22,Carbon Steel,Mechanical,High,Medium,A,35378,16.5,Yes,Process/Mechanical Lubricant,Manual / automated
EQ00001258,SITE06,UNIT00016,AREA000104,STATIC,Pressure Vessel,PRE-124,SN-65633923,Active,2018,10,Alloy Steel,Electrical,Critical,Critical,B,91195,3.2,No,N/A,N/A
EQ00001259,SITE06,UNIT00016,AREA000098,STATIC,Fired Heater,FIR-497,SN-92695662,Standby,2020,12,Stainless Steel,Pneumatic,Critical,Critical,A,123008,11.9,No,N/A,N/A
EQ00001260,SITE06,UNIT00016,AREA000100,VEHICLE,Heavy Utility Vehicle,HEA-929,SN-55355718,Active,2017,16,Stainless Steel,Mixed,Medium,Medium,A,8685,14.2,Yes,Engine / Gear Lubricant,Workshop service
EQ00001261,SITE06,UNIT00016,AREA000100,WORKSHOP,Grinding Machine,GRI-119,SN-11565505,Active,2024,27,Alloy Steel,Electrical,Medium,High,B,38122,16.4,Yes,Machine Oil / Grease,Manual
EQ00001262,SITE06,UNIT00016,AREA000103,DRILLING,Top Drive,TOP-121,SN-28850158,Active,2025,15,Carbon Steel,Electrical,Critical,Critical,B,92241,2.6,Yes,EP Gear Oil / Grease,Grease gun / centralized
EQ00001263,SITE06,UNIT00016,AREA000099,DRILLING,Wellhead,WEL-742,SN-48087525,Active,2024,29,Cast Iron,Hydraulic,Critical,Critical,B,142015,21.1,Yes,EP Gear Oil / Grease,Grease gun / centralized
EQ00001264,SITE06,UNIT00016,AREA000098,VEHICLE,Emergency Response Vehicle,EME-152,SN-16676058,Active,2024,30,Carbon Steel,Pneumatic,High,High,C,153760,8.5,Yes,Engine / Gear Lubricant,Workshop service
EQ00001265,SITE06,UNIT00016,AREA000100,PIPING,Pipeline Valve,PIP-142,SN-30249236,Active,2023,23,Carbon Steel,Pneumatic,High,High,B,30450,11.9,No,N/A,N/A
EQ00001266,SITE06,UNIT00016,AREA000102,ELECTRICAL,Industrial Motor,IND-459,SN-83734495,Active,2016,27,Stainless Steel,Process,High,High,A,117814,4.6,Some,Bearing Grease,Manual
EQ00001267,SITE06,UNIT00016,AREA000099,LIFTING,Hoist,HOI-148,SN-84501656,Active,2021,21,Carbon Steel,Mixed,High,High,C,21383,15.6,Yes,Wire Rope / Gear Grease,Manual
EQ00001268,SITE06,UNIT00016,AREA000104,LIFTING,Mobile Crane,MOB-220,SN-82037685,Active,2025,28,Carbon Steel,Hydraulic,Critical,Critical,A,139958,20.6,Yes,Wire Rope / Gear Grease,Manual
EQ00001269,SITE06,UNIT00016,AREA000099,LIFTING,Overhead Crane,OVE-695,SN-96797358,Active,2017,10,Alloy Steel,Electrical,High,Critical,B,27620,13.9,Yes,Wire Rope / Gear Grease,Manual
EQ00001270,SITE06,UNIT00016,AREA000102,WORKSHOP,Welding Machine,WEL-351,SN-25629156,Active,2020,21,Cast Iron,Pneumatic,Medium,High,B,160457,7.6,Yes,Machine Oil / Grease,Manual
EQ00001271,SITE06,UNIT00016,AREA000102,DRILLING,Drawworks,DRA-253,SN-87483835,Under Maintenance,2019,24,Cast Iron,Mixed,Critical,Critical,C,23504,15.4,Yes,EP Gear Oil / Grease,Grease gun / centralized
EQ00001272,SITE06,UNIT00016,AREA000102,WORKSHOP,Welding Machine,WEL-523,SN-26687988,Active,2018,13,Alloy Steel,Pneumatic,Medium,High,B,45715,0.7,Yes,Machine Oil / Grease,Manual
EQ00001273,SITE06,UNIT00016,AREA000099,ROTARY,Centrifugal Pump,CEN-512,SN-41057204,Standby,2022,30,Carbon Steel,Electrical,High,High,C,170639,12.6,Yes,Bearing Oil / Grease,Manual / auto-lube
EQ00001274,SITE06,UNIT00016,AREA000101,WORKSHOP,Air Receiver,AIR-669,SN-80713738,Active,2018,23,Carbon Steel,Pneumatic,High,High,A,69761,16.7,Yes,Machine Oil / Grease,Manual
EQ00001275,SITE06,UNIT00016,AREA000100,ELECTRICAL,UPS System,UPS-765,SN-40763894,Active,2016,30,Stainless Steel,Hydraulic,Medium,Medium,C,30345,15.7,Some,Bearing Grease,Manual
EQ00001276,SITE06,UNIT00016,AREA000099,DRILLING,Blowout Preventer,BLO-598,SN-18517411,Standby,2022,11,Stainless Steel,Mechanical,Critical,Critical,C,82502,1.8,Yes,EP Gear Oil / Grease,Grease gun / centralized
EQ00001277,SITE06,UNIT00016,AREA000103,PRODUCTION,Produced Water Pump,PRO-328,SN-17766277,Under Maintenance,2025,14,Stainless Steel,Pneumatic,High,Medium,C,136500,2.4,Yes,Process/Mechanical Lubricant,Manual / automated
EQ00001278,SITE06,UNIT00016,AREA000098,WORKSHOP,Air Receiver,AIR-795,SN-87309897,Active,2017,22,Cast Iron,Electrical,High,High,A,73600,16.9,Yes,Machine Oil / Grease,Manual
EQ00001279,SITE06,UNIT00016,AREA000098,STATIC,Storage Tank,STO-326,SN-27439443,Standby,2023,24,Cast Iron,Electrical,Critical,High,C,110055,23.4,No,N/A,N/A
EQ00001280,SITE06,UNIT00016,AREA000103,PIPING,Process Pipeline,PRO-526,SN-21492085,Under Maintenance,2021,18,Alloy Steel,Mechanical,Critical,High,B,127314,10.9,No,N/A,N/A
EQ00001281,SITE06,UNIT00016,AREA000103,ELECTRICAL,Switchgear,SWI-259,SN-26178913,Standby,2016,26,Stainless Steel,Process,Critical,Critical,B,155065,13.4,Some,Bearing Grease,Manual
EQ00001282,SITE06,UNIT00016,AREA000100,WORKSHOP,Hydraulic Press,HYD-740,SN-31040512,Standby,2017,29,Carbon Steel,Process,Medium,High,C,99388,7.7,Yes,Machine Oil / Grease,Manual
EQ00001283,SITE06,UNIT00016,AREA000100,INSTRUMENTATION,Pressure Transmitter,PRE-270,SN-73209641,Active,2016,28,Alloy Steel,Mechanical,High,High,B,12221,1.7,No,N/A,N/A
EQ00001284,SITE06,UNIT00016,AREA000101,ROTARY,Air Compressor,AIR-947,SN-25627814,Standby,2022,12,Alloy Steel,Mechanical,High,High,A,116475,9.1,Yes,Bearing Oil / Grease,Manual / auto-lube
EQ00001285,SITE06,UNIT00016,AREA000099,ROTARY,Positive Displacement Pump,POS-893,SN-34247553,Standby,2020,10,Alloy Steel,Mechanical,High,High,A,138596,13.2,Yes,Bearing Oil / Grease,Manual / auto-lube
EQ00001286,SITE06,UNIT00016,AREA000103,PRODUCTION,Gas Sweetening Unit,GAS-223,SN-85666029,Active,2022,24,Carbon Steel,Mechanical,Critical,High,A,172692,17.8,Yes,Process/Mechanical Lubricant,Manual / automated
EQ00001287,SITE06,UNIT00016,AREA000101,INSTRUMENTATION,Emergency Shutdown System,EME-529,SN-56769246,Standby,2019,26,Stainless Steel,Pneumatic,Critical,Critical,C,20320,15.6,No,N/A,N/A
EQ00001288,SITE06,UNIT00016,AREA000100,DRILLING,Top Drive,TOP-898,SN-70606217,Under Maintenance,2021,13,Stainless Steel,Electrical,Critical,Critical,C,81147,8.1,Yes,EP Gear Oil / Grease,Grease gun / centralized
EQ00001289,SITE06,UNIT00016,AREA000102,PRODUCTION,Three-Phase Separator,THR-536,SN-77942112,Under Maintenance,2024,28,Cast Iron,Process,Critical,High,A,137147,18.4,Yes,Process/Mechanical Lubricant,Manual / automated
EQ00001290,SITE06,UNIT00016,AREA000098,PRODUCTION,Gas Compressor,GAS-425,SN-22128884,Under Maintenance,2023,17,Carbon Steel,Hydraulic,Critical,Critical,B,2911,5.8,Yes,Process/Mechanical Lubricant,Manual / automated
EQ00001291,SITE06,UNIT00016,AREA000103,LIFTING,Overhead Crane,OVE-320,SN-90615241,Active,2025,20,Cast Iron,Pneumatic,High,Critical,C,126342,16.6,Yes,Wire Rope / Gear Grease,Manual
EQ00001292,SITE06,UNIT00017,AREA000111,PRODUCTION,Produced Water Pump,PRO-127,SN-91878418,Active,2020,22,Cast Iron,Hydraulic,High,Medium,B,149641,11.7,Yes,Process/Mechanical Lubricant,Manual / automated
EQ00001293,SITE06,UNIT00017,AREA000108,SAFETY,Fire Hydrant,FIR-619,SN-31947291,Under Maintenance,2020,10,Carbon Steel,Mixed,High,High,C,43703,19.8,Some,Pump Bearing Grease,Manual
EQ00001294,SITE06,UNIT00017,AREA000107,SAFETY,Foam System,FOA-533,SN-79426749,Standby,2023,12,Stainless Steel,Pneumatic,Critical,High,B,191901,22.9,Some,Pump Bearing Grease,Manual
EQ00001295,SITE06,UNIT00017,AREA000106,ROTARY,Diesel Generator,DIE-318,SN-20443908,Under Maintenance,2016,19,Carbon Steel,Mixed,High,High,C,128621,21.3,Yes,Bearing Oil / Grease,Manual / auto-lube
EQ00001296,SITE06,UNIT00017,AREA000106,WORKSHOP,Lathe Machine,LAT-795,SN-38206748,Active,2020,16,Alloy Steel,Mixed,Medium,Medium,B,48229,8.3,Yes,Machine Oil / Grease,Manual
EQ00001297,SITE06,UNIT00017,AREA000109,PRODUCTION,Produced Water Pump,PRO-829,SN-57153554,Active,2022,14,Carbon Steel,Pneumatic,High,Medium,C,7051,15.9,Yes,Process/Mechanical Lubricant,Manual / automated
EQ00001298,SITE06,UNIT00017,AREA000108,DRILLING,Drawworks,DRA-688,SN-57636644,Active,2017,25,Cast Iron,Mechanical,Critical,Critical,A,90723,16.5,Yes,EP Gear Oil / Grease,Grease gun / centralized
EQ00001299,SITE06,UNIT00017,AREA000112,INSTRUMENTATION,Control Valve,CON-493,SN-56318544,Standby,2021,27,Stainless Steel,Mechanical,High,High,C,64687,14.5,No,N/A,N/A
EQ00001300,SITE06,UNIT00017,AREA000105,STATIC,Boiler,BOI-871,SN-49236250,Active,2023,23,Stainless Steel,Mixed,Critical,High,B,178973,17.9,No,N/A,N/A
EQ00001301,SITE06,UNIT00017,AREA000105,STATIC,Fired Heater,FIR-945,SN-44856590,Under Maintenance,2022,18,Cast Iron,Pneumatic,Critical,Critical,A,161924,4.1,No,N/A,N/A
EQ00001302,SITE06,UNIT00017,AREA000111,DRILLING,Mud Tank,MUD-924,SN-94583783,Active,2025,14,Cast Iron,Electrical,High,Medium,C,103840,10.0,Yes,EP Gear Oil / Grease,Grease gun / centralized
EQ00001303,SITE06,UNIT00017,AREA000105,INSTRUMENTATION,Control Valve,CON-959,SN-76074301,Active,2016,12,Cast Iron,Pneumatic,High,High,C,183382,6.5,No,N/A,N/A
EQ00001304,SITE06,UNIT00017,AREA000111,PRODUCTION,Gas Sweetening Unit,GAS-540,SN-70964539,Active,2016,25,Cast Iron,Process,Critical,High,C,163151,4.0,Yes,Process/Mechanical Lubricant,Manual / automated
EQ00001305,SITE06,UNIT00017,AREA000108,STATIC,Fired Heater,FIR-508,SN-94346710,Standby,2019,20,Alloy Steel,Pneumatic,Critical,Critical,C,22788,20.0,No,N/A,N/A
EQ00001306,SITE06,UNIT00017,AREA000108,LIFTING,Hoist,HOI-370,SN-38458652,Active,2019,18,Stainless Steel,Electrical,High,High,B,9461,0.2,Yes,Wire Rope / Gear Grease,Manual
EQ00001307,SITE06,UNIT00017,AREA000108,INSTRUMENTATION,Gas Detector,GAS-297,SN-56836354,Under Maintenance,2016,15,Carbon Steel,Pneumatic,Critical,Critical,A,102787,23.0,No,N/A,N/A
EQ00001308,SITE06,UNIT00017,AREA000106,PIPING,Process Pipeline,PRO-236,SN-69756704,Active,2017,22,Carbon Steel,Electrical,Critical,High,C,140146,21.6,No,N/A,N/A
EQ00001309,SITE06,UNIT00017,AREA000112,SAFETY,Fire Alarm Panel,FIR-290,SN-56008784,Active,2020,20,Cast Iron,Pneumatic,High,High,B,142130,14.0,Some,Pump Bearing Grease,Manual
EQ00001310,SITE06,UNIT00017,AREA000111,LIFTING,Overhead Crane,OVE-244,SN-40010643,Active,2019,30,Alloy Steel,Pneumatic,High,Critical,B,40569,8.1,Yes,Wire Rope / Gear Grease,Manual
EQ00001311,SITE06,UNIT00017,AREA000106,LIFTING,Forklift,FOR-320,SN-45307128,Active,2024,18,Stainless Steel,Pneumatic,High,High,A,85340,10.5,Yes,Wire Rope / Gear Grease,Manual
EQ00001312,SITE06,UNIT00017,AREA000111,ELECTRICAL,Switchgear,SWI-611,SN-50456082,Active,2020,29,Stainless Steel,Mechanical,Critical,Critical,B,139482,5.7,Some,Bearing Grease,Manual
EQ00001313,SITE06,UNIT00017,AREA000106,SAFETY,Foam System,FOA-786,SN-85215620,Standby,2018,22,Cast Iron,Mechanical,Critical,High,B,2840,6.2,Some,Pump Bearing Grease,Manual
EQ00001314,SITE06,UNIT00017,AREA000106,STATIC,Pressure Vessel,PRE-206,SN-43223828,Active,2023,14,Alloy Steel,Hydraulic,Critical,Critical,B,169400,11.0,No,N/A,N/A
EQ00001315,SITE06,UNIT00017,AREA000110,PIPING,Relief Valve,REL-393,SN-82565925,Active,2025,30,Stainless Steel,Hydraulic,Critical,Critical,B,34239,7.0,No,N/A,N/A
EQ00001316,SITE06,UNIT00017,AREA000106,SAFETY,Fire Alarm Panel,FIR-789,SN-72072484,Active,2020,28,Carbon Steel,Mixed,High,High,A,152250,12.2,Some,Pump Bearing Grease,Manual
EQ00001317,SITE06,UNIT00017,AREA000112,INSTRUMENTATION,Control Valve,CON-358,SN-11880272,Under Maintenance,2025,10,Stainless Steel,Electrical,High,High,C,157002,17.6,No,N/A,N/A
EQ00001318,SITE06,UNIT00017,AREA000105,STATIC,Heat Exchanger,HEA-343,SN-83838054,Standby,2018,20,Cast Iron,Mechanical,High,High,B,12468,23.7,No,N/A,N/A
EQ00001319,SITE06,UNIT00017,AREA000107,STATIC,Boiler,BOI-152,SN-35586356,Active,2018,24,Carbon Steel,Electrical,Critical,High,C,17389,21.6,No,N/A,N/A
EQ00001320,SITE06,UNIT00017,AREA000107,SAFETY,Foam System,FOA-305,SN-85087539,Under Maintenance,2022,30,Cast Iron,Mixed,Critical,High,C,71603,14.8,Some,Pump Bearing Grease,Manual
EQ00001321,SITE06,UNIT00017,AREA000110,ROTARY,Air Compressor,AIR-599,SN-59080539,Active,2024,10,Stainless Steel,Process,High,High,B,23621,6.6,Yes,Bearing Oil / Grease,Manual / auto-lube
EQ00001322,SITE06,UNIT00017,AREA000109,STATIC,Pressure Vessel,PRE-182,SN-19533894,Under Maintenance,2024,29,Carbon Steel,Pneumatic,Critical,Critical,C,43398,12.4,No,N/A,N/A
EQ00001323,SITE06,UNIT00017,AREA000112,STATIC,Heat Exchanger,HEA-182,SN-86483314,Standby,2016,19,Stainless Steel,Mixed,High,High,C,85358,10.8,No,N/A,N/A
EQ00001324,SITE06,UNIT00017,AREA000108,ELECTRICAL,Industrial Motor,IND-977,SN-30447435,Active,2022,15,Alloy Steel,Process,High,High,C,180193,6.9,Some,Bearing Grease,Manual
EQ00001325,SITE06,UNIT00017,AREA000105,DRILLING,Drawworks,DRA-196,SN-17621753,Active,2025,23,Stainless Steel,Hydraulic,Critical,Critical,C,121639,7.4,Yes,EP Gear Oil / Grease,Grease gun / centralized
EQ00001326,SITE06,UNIT00017,AREA000110,INSTRUMENTATION,Pressure Transmitter,PRE-455,SN-28627052,Active,2021,26,Cast Iron,Process,High,High,B,101708,21.1,No,N/A,N/A
EQ00001327,SITE06,UNIT00017,AREA000112,STATIC,Heat Exchanger,HEA-393,SN-25873286,Active,2016,21,Carbon Steel,Hydraulic,High,High,C,196346,9.3,No,N/A,N/A
EQ00001328,SITE06,UNIT00017,AREA000108,WORKSHOP,Grinding Machine,GRI-763,SN-30368890,Active,2019,12,Cast Iron,Pneumatic,Medium,High,C,23838,2.0,Yes,Machine Oil / Grease,Manual
EQ00001329,SITE06,UNIT00017,AREA000111,STATIC,Storage Tank,STO-888,SN-46413818,Standby,2025,18,Stainless Steel,Mixed,Critical,High,B,126819,9.4,No,N/A,N/A
EQ00001330,SITE06,UNIT00017,AREA000106,SAFETY,Fire Water Pump,FIR-957,SN-85750483,Active,2023,30,Carbon Steel,Hydraulic,Critical,Critical,A,174867,1.6,Some,Pump Bearing Grease,Manual
EQ00001331,SITE06,UNIT00017,AREA000109,ROTARY,Diesel Generator,DIE-275,SN-41667669,Active,2017,20,Stainless Steel,Mechanical,High,High,A,97935,16.7,Yes,Bearing Oil / Grease,Manual / auto-lube
EQ00001332,SITE06,UNIT00017,AREA000111,PIPING,Pipeline Valve,PIP-237,SN-76547214,Active,2019,14,Stainless Steel,Electrical,High,High,B,68222,15.3,No,N/A,N/A
EQ00001333,SITE06,UNIT00017,AREA000108,DRILLING,Drilling Rig,DRI-507,SN-47276573,Active,2021,22,Stainless Steel,Process,Critical,High,C,175055,22.6,Yes,EP Gear Oil / Grease,Grease gun / centralized
EQ00001334,SITE06,UNIT00017,AREA000111,SAFETY,Fire Hydrant,FIR-748,SN-29020211,Active,2016,20,Alloy Steel,Mixed,High,High,B,41308,21.1,Some,Pump Bearing Grease,Manual
EQ00001335,SITE06,UNIT00017,AREA000110,VEHICLE,Oil Tanker,OIL-675,SN-99204909,Active,2022,17,Alloy Steel,Hydraulic,High,Critical,B,106341,5.8,Yes,Engine / Gear Lubricant,Workshop service
EQ00001336,SITE06,UNIT00017,AREA000111,ENVIRONMENT,Effluent Treatment Unit,EFF-691,SN-48780927,Active,2016,19,Alloy Steel,Pneumatic,High,Medium,B,7875,2.6,Yes,Pump Bearing Grease,Manual
EQ00001337,SITE06,UNIT00017,AREA000109,LIFTING,Hoist,HOI-118,SN-18221972,Standby,2019,17,Carbon Steel,Process,High,High,A,10746,19.9,Yes,Wire Rope / Gear Grease,Manual
EQ00001338,SITE06,UNIT00017,AREA000110,ROTARY,Diesel Generator,DIE-239,SN-29547822,Active,2020,29,Stainless Steel,Mechanical,High,High,B,63877,0.6,Yes,Bearing Oil / Grease,Manual / auto-lube
EQ00001339,SITE06,UNIT00017,AREA000107,ELECTRICAL,Motor Control Centre,MOT-430,SN-61087617,Active,2025,30,Cast Iron,Pneumatic,Critical,High,A,155241,6.8,Some,Bearing Grease,Manual
EQ00001340,SITE06,UNIT00017,AREA000108,STATIC,Boiler,BOI-156,SN-27295330,Standby,2022,16,Carbon Steel,Mixed,Critical,High,B,111905,11.3,No,N/A,N/A
EQ00001341,SITE06,UNIT00017,AREA000109,PRODUCTION,Three-Phase Separator,THR-270,SN-89726391,Active,2022,15,Stainless Steel,Mechanical,Critical,High,C,59481,4.8,Yes,Process/Mechanical Lubricant,Manual / automated
EQ00001342,SITE06,UNIT00017,AREA000107,DRILLING,Drilling Rig,DRI-446,SN-31528854,Active,2020,28,Stainless Steel,Hydraulic,Critical,High,B,102677,10.7,Yes,EP Gear Oil / Grease,Grease gun / centralized
EQ00001343,SITE06,UNIT00017,AREA000110,LIFTING,Forklift,FOR-181,SN-91793575,Active,2025,20,Stainless Steel,Electrical,High,High,C,168512,17.9,Yes,Wire Rope / Gear Grease,Manual
EQ00001344,SITE06,UNIT00017,AREA000110,PIPING,Pipeline Valve,PIP-860,SN-93184327,Active,2018,18,Stainless Steel,Mixed,High,High,B,170429,9.2,No,N/A,N/A
EQ00001345,SITE06,UNIT00017,AREA000111,ROTARY,Diesel Generator,DIE-530,SN-96550707,Under Maintenance,2023,10,Alloy Steel,Electrical,High,High,C,83070,13.7,Yes,Bearing Oil / Grease,Manual / auto-lube
EQ00001346,SITE06,UNIT00017,AREA000107,INSTRUMENTATION,Gas Detector,GAS-294,SN-26074284,Active,2020,29,Carbon Steel,Hydraulic,Critical,Critical,C,108809,12.9,No,N/A,N/A
EQ00001347,SITE06,UNIT00017,AREA000109,ELECTRICAL,UPS System,UPS-618,SN-65509402,Active,2018,11,Cast Iron,Mixed,Medium,Medium,C,8841,11.1,Some,Bearing Grease,Manual
EQ00001348,SITE06,UNIT00018,AREA000113,VEHICLE,Emergency Response Vehicle,EME-386,SN-44383498,Under Maintenance,2016,12,Carbon Steel,Mixed,High,High,C,17182,10.6,Yes,Engine / Gear Lubricant,Workshop service
EQ00001349,SITE06,UNIT00018,AREA000113,WORKSHOP,Air Receiver,AIR-190,SN-58913280,Under Maintenance,2019,26,Cast Iron,Process,High,High,B,11196,9.4,Yes,Machine Oil / Grease,Manual
EQ00001350,SITE06,UNIT00018,AREA000114,STATIC,Pressure Vessel,PRE-497,SN-25416017,Active,2024,20,Carbon Steel,Electrical,Critical,Critical,A,186952,10.5,No,N/A,N/A
EQ00001351,SITE06,UNIT00018,AREA000113,ELECTRICAL,Transformer,TRA-763,SN-51095092,Active,2024,15,Alloy Steel,Electrical,Critical,High,C,136675,10.5,Some,Bearing Grease,Manual
EQ00001352,SITE06,UNIT00018,AREA000113,INSTRUMENTATION,Pressure Transmitter,PRE-954,SN-93796495,Standby,2018,13,Stainless Steel,Mixed,High,High,C,169529,4.5,No,N/A,N/A
EQ00001353,SITE06,UNIT00018,AREA000113,ROTARY,Diesel Generator,DIE-679,SN-95972214,Active,2018,24,Stainless Steel,Hydraulic,High,High,A,6041,17.7,Yes,Bearing Oil / Grease,Manual / auto-lube
EQ00001354,SITE06,UNIT00018,AREA000116,ENVIRONMENT,Oil Water Separator,OIL-116,SN-21052201,Standby,2018,14,Alloy Steel,Mixed,High,Medium,A,179050,3.5,Yes,Pump Bearing Grease,Manual
EQ00001355,SITE06,UNIT00018,AREA000116,ENVIRONMENT,Oil Water Separator,OIL-538,SN-11152572,Active,2023,21,Carbon Steel,Process,High,Medium,C,7949,15.6,Yes,Pump Bearing Grease,Manual
EQ00001356,SITE06,UNIT00018,AREA000114,WORKSHOP,Hydraulic Press,HYD-167,SN-62672150,Active,2022,21,Carbon Steel,Mixed,Medium,High,A,157297,15.3,Yes,Machine Oil / Grease,Manual
EQ00001357,SITE06,UNIT00018,AREA000113,DRILLING,Mud Tank,MUD-553,SN-47457917,Under Maintenance,2023,12,Carbon Steel,Pneumatic,High,Medium,B,116051,8.1,Yes,EP Gear Oil / Grease,Grease gun / centralized
EQ00001358,SITE06,UNIT00018,AREA000116,SAFETY,Fire Hydrant,FIR-302,SN-88280734,Active,2016,16,Cast Iron,Pneumatic,High,High,B,146546,10.4,Some,Pump Bearing Grease,Manual
EQ00001359,SITE06,UNIT00018,AREA000114,WORKSHOP,Welding Machine,WEL-363,SN-22997235,Standby,2019,10,Carbon Steel,Process,Medium,High,B,92094,11.8,Yes,Machine Oil / Grease,Manual
EQ00001360,SITE06,UNIT00018,AREA000113,STATIC,Heat Exchanger,HEA-375,SN-96997420,Active,2021,15,Cast Iron,Electrical,High,High,C,48206,12.6,No,N/A,N/A
EQ00001361,SITE06,UNIT00018,AREA000115,WORKSHOP,Grinding Machine,GRI-551,SN-65112422,Active,2024,30,Alloy Steel,Hydraulic,Medium,High,B,59682,17.6,Yes,Machine Oil / Grease,Manual
EQ00001362,SITE06,UNIT00018,AREA000114,WORKSHOP,Welding Machine,WEL-707,SN-32272100,Standby,2020,27,Alloy Steel,Mechanical,Medium,High,A,78438,9.6,Yes,Machine Oil / Grease,Manual
EQ00001363,SITE06,UNIT00018,AREA000115,PRODUCTION,Crude Oil Pump,CRU-469,SN-84137090,Active,2022,28,Stainless Steel,Process,High,High,B,66678,16.9,Yes,Process/Mechanical Lubricant,Manual / automated
EQ00001364,SITE06,UNIT00018,AREA000114,ELECTRICAL,UPS System,UPS-828,SN-64281244,Active,2025,17,Stainless Steel,Mixed,Medium,Medium,C,187037,21.4,Some,Bearing Grease,Manual
EQ00001365,SITE06,UNIT00018,AREA000114,WORKSHOP,Welding Machine,WEL-383,SN-52779053,Active,2019,15,Stainless Steel,Process,Medium,High,C,196000,6.1,Yes,Machine Oil / Grease,Manual
EQ00001366,SITE06,UNIT00018,AREA000116,VEHICLE,Emergency Response Vehicle,EME-557,SN-54686784,Active,2023,10,Carbon Steel,Hydraulic,High,High,A,197582,7.7,Yes,Engine / Gear Lubricant,Workshop service
EQ00001367,SITE06,UNIT00018,AREA000115,PRODUCTION,Gas Compressor,GAS-526,SN-50498040,Under Maintenance,2019,20,Carbon Steel,Pneumatic,Critical,Critical,C,43457,16.7,Yes,Process/Mechanical Lubricant,Manual / automated
EQ00001368,SITE06,UNIT00018,AREA000114,WORKSHOP,Grinding Machine,GRI-585,SN-74099554,Standby,2024,22,Alloy Steel,Hydraulic,Medium,High,A,36144,5.5,Yes,Machine Oil / Grease,Manual
EQ00001369,SITE06,UNIT00018,AREA000116,INSTRUMENTATION,Control Valve,CON-735,SN-58054090,Active,2021,17,Cast Iron,Mixed,High,High,B,165726,22.5,No,N/A,N/A
EQ00001370,SITE06,UNIT00018,AREA000114,STATIC,Heat Exchanger,HEA-561,SN-18425871,Active,2024,26,Stainless Steel,Hydraulic,High,High,C,171027,18.7,No,N/A,N/A
EQ00001371,SITE06,UNIT00018,AREA000116,LIFTING,Mobile Crane,MOB-828,SN-84889410,Under Maintenance,2025,11,Cast Iron,Pneumatic,Critical,Critical,A,67831,22.5,Yes,Wire Rope / Gear Grease,Manual
EQ00001372,SITE06,UNIT00018,AREA000116,VEHICLE,Oil Tanker,OIL-340,SN-80805306,Standby,2017,16,Carbon Steel,Hydraulic,High,Critical,A,184159,15.4,Yes,Engine / Gear Lubricant,Workshop service
EQ00001373,SITE06,UNIT00018,AREA000114,STATIC,Heat Exchanger,HEA-363,SN-76308283,Standby,2018,30,Cast Iron,Pneumatic,High,High,A,181079,11.0,No,N/A,N/A
EQ00001374,SITE06,UNIT00018,AREA000115,DRILLING,Top Drive,TOP-290,SN-34257479,Active,2024,27,Carbon Steel,Process,Critical,Critical,B,23084,10.7,Yes,EP Gear Oil / Grease,Grease gun / centralized
EQ00001375,SITE06,UNIT00018,AREA000115,DRILLING,Mud Pump,MUD-975,SN-39917631,Active,2016,17,Stainless Steel,Mixed,Critical,High,C,196912,17.4,Yes,EP Gear Oil / Grease,Grease gun / centralized
EQ00001376,SITE06,UNIT00018,AREA000116,STATIC,Heat Exchanger,HEA-469,SN-67525093,Under Maintenance,2016,14,Alloy Steel,Process,High,High,A,49918,1.1,No,N/A,N/A
EQ00001377,SITE06,UNIT00018,AREA000114,PRODUCTION,Produced Water Pump,PRO-902,SN-65366215,Standby,2018,16,Stainless Steel,Mixed,High,Medium,A,99830,19.7,Yes,Process/Mechanical Lubricant,Manual / automated
EQ00001378,SITE06,UNIT00018,AREA000114,PRODUCTION,Produced Water Pump,PRO-591,SN-28037538,Active,2024,13,Stainless Steel,Electrical,High,Medium,A,135113,3.7,Yes,Process/Mechanical Lubricant,Manual / automated
EQ00001379,SITE06,UNIT00018,AREA000113,DRILLING,Drawworks,DRA-985,SN-53853017,Active,2016,23,Carbon Steel,Electrical,Critical,Critical,C,53577,2.9,Yes,EP Gear Oil / Grease,Grease gun / centralized
EQ00001380,SITE06,UNIT00018,AREA000116,SAFETY,Fire Water Pump,FIR-167,SN-75780775,Standby,2020,20,Stainless Steel,Electrical,Critical,Critical,B,151456,7.3,Some,Pump Bearing Grease,Manual
EQ00001381,SITE06,UNIT00018,AREA000114,INSTRUMENTATION,Emergency Shutdown System,EME-103,SN-88301374,Standby,2016,11,Carbon Steel,Hydraulic,Critical,Critical,A,88757,4.9,No,N/A,N/A
EQ00001382,SITE06,UNIT00018,AREA000115,PIPING,Pipeline Valve,PIP-382,SN-84003335,Active,2022,20,Alloy Steel,Electrical,High,High,C,107043,13.7,No,N/A,N/A
EQ00001383,SITE06,UNIT00018,AREA000116,DRILLING,Blowout Preventer,BLO-739,SN-58354708,Active,2016,12,Alloy Steel,Mixed,Critical,Critical,C,100282,12.8,Yes,EP Gear Oil / Grease,Grease gun / centralized
EQ00001384,SITE06,UNIT00018,AREA000114,INSTRUMENTATION,Pressure Transmitter,PRE-582,SN-37669016,Active,2023,14,Carbon Steel,Hydraulic,High,High,C,146481,9.9,No,N/A,N/A
EQ00001385,SITE06,UNIT00018,AREA000116,INSTRUMENTATION,Gas Detector,GAS-102,SN-14993441,Active,2016,26,Alloy Steel,Hydraulic,Critical,Critical,C,173273,2.7,No,N/A,N/A
EQ00001386,SITE06,UNIT00018,AREA000114,PIPING,Process Pipeline,PRO-655,SN-69787261,Active,2025,12,Carbon Steel,Process,Critical,High,A,174366,3.2,No,N/A,N/A
EQ00001387,SITE06,UNIT00018,AREA000113,WORKSHOP,Lathe Machine,LAT-101,SN-20336951,Active,2016,15,Stainless Steel,Mechanical,Medium,Medium,C,7011,3.0,Yes,Machine Oil / Grease,Manual
EQ00001388,SITE06,UNIT00018,AREA000115,ROTARY,Positive Displacement Pump,POS-729,SN-46282662,Active,2016,26,Carbon Steel,Pneumatic,High,High,C,61668,9.6,Yes,Bearing Oil / Grease,Manual / auto-lube
EQ00001389,SITE06,UNIT00018,AREA000115,LIFTING,Mobile Crane,MOB-737,SN-66931900,Active,2018,17,Alloy Steel,Mechanical,Critical,Critical,A,26173,11.7,Yes,Wire Rope / Gear Grease,Manual
EQ00001390,SITE06,UNIT00018,AREA000116,PIPING,Process Pipeline,PRO-871,SN-24926906,Active,2024,13,Alloy Steel,Hydraulic,Critical,High,B,36962,17.3,No,N/A,N/A
EQ00001391,SITE06,UNIT00018,AREA000113,ELECTRICAL,UPS System,UPS-537,SN-17123469,Active,2018,28,Cast Iron,Pneumatic,Medium,Medium,C,171525,11.4,Some,Bearing Grease,Manual
EQ00001392,SITE06,UNIT00018,AREA000115,SAFETY,Foam System,FOA-773,SN-57805774,Active,2016,14,Carbon Steel,Electrical,Critical,High,A,38757,21.2,Some,Pump Bearing Grease,Manual
EQ00001393,SITE06,UNIT00018,AREA000115,ROTARY,Positive Displacement Pump,POS-910,SN-24756256,Active,2017,21,Cast Iron,Process,High,High,B,34654,5.8,Yes,Bearing Oil / Grease,Manual / auto-lube
EQ00001394,SITE06,UNIT00018,AREA000115,LIFTING,Hoist,HOI-762,SN-84010703,Standby,2023,21,Carbon Steel,Process,High,High,C,7045,8.6,Yes,Wire Rope / Gear Grease,Manual
EQ00001395,SITE06,UNIT00018,AREA000116,ROTARY,Air Compressor,AIR-760,SN-39562811,Active,2023,24,Cast Iron,Hydraulic,High,High,C,110476,10.6,Yes,Bearing Oil / Grease,Manual / auto-lube
EQ00001396,SITE06,UNIT00018,AREA000113,DRILLING,Wellhead,WEL-552,SN-96159135,Active,2023,19,Alloy Steel,Hydraulic,Critical,Critical,A,8025,23.8,Yes,EP Gear Oil / Grease,Grease gun / centralized
EQ00001397,SITE06,UNIT00018,AREA000115,SAFETY,Fire Hydrant,FIR-434,SN-24039920,Standby,2018,25,Alloy Steel,Mixed,High,High,C,94118,10.4,Some,Pump Bearing Grease,Manual
EQ00001398,SITE06,UNIT00018,AREA000115,WORKSHOP,Air Receiver,AIR-572,SN-66287324,Active,2024,29,Cast Iron,Pneumatic,High,High,A,116112,4.2,Yes,Machine Oil / Grease,Manual
EQ00001399,SITE06,UNIT00018,AREA000116,PRODUCTION,Gas Compressor,GAS-497,SN-94337897,Active,2025,20,Alloy Steel,Hydraulic,Critical,Critical,C,93074,3.1,Yes,Process/Mechanical Lubricant,Manual / automated
EQ00001400,SITE06,UNIT00018,AREA000114,PRODUCTION,Gas Compressor,GAS-517,SN-13685975,Active,2025,26,Cast Iron,Hydraulic,Critical,Critical,A,22132,22.8,Yes,Process/Mechanical Lubricant,Manual / automated
EQ00001401,SITE06,UNIT00018,AREA000116,ELECTRICAL,UPS System,UPS-184,SN-75249390,Standby,2016,30,Cast Iron,Mixed,Medium,Medium,C,119021,22.9,Some,Bearing Grease,Manual
EQ00001402,SITE06,UNIT00018,AREA000113,PIPING,Pig Launcher/Receiver,PIG-393,SN-80367553,Active,2020,22,Stainless Steel,Mixed,High,High,A,70191,6.8,No,N/A,N/A
EQ00001403,SITE06,UNIT00018,AREA000116,DRILLING,Wellhead,WEL-174,SN-16772165,Active,2022,29,Cast Iron,Mixed,Critical,Critical,C,171182,23.7,Yes,EP Gear Oil / Grease,Grease gun / centralized
EQ00001404,SITE06,UNIT00018,AREA000115,INSTRUMENTATION,Control Valve,CON-187,SN-88537259,Under Maintenance,2017,11,Cast Iron,Hydraulic,High,High,B,192902,5.7,No,N/A,N/A
EQ00001405,SITE06,UNIT00018,AREA000115,PRODUCTION,Produced Water Pump,PRO-665,SN-69469196,Active,2017,25,Cast Iron,Electrical,High,Medium,B,107224,9.0,Yes,Process/Mechanical Lubricant,Manual / automated
EQ00001406,SITE06,UNIT00018,AREA000113,PRODUCTION,Produced Water Pump,PRO-122,SN-74602958,Under Maintenance,2024,21,Cast Iron,Hydraulic,High,Medium,A,14330,0.7,Yes,Process/Mechanical Lubricant,Manual / automated
EQ00001407,SITE06,UNIT00018,AREA000113,LIFTING,Overhead Crane,OVE-923,SN-73387208,Active,2019,24,Stainless Steel,Pneumatic,High,Critical,C,60682,13.9,Yes,Wire Rope / Gear Grease,Manual
EQ00001408,SITE06,UNIT00018,AREA000113,VEHICLE,Oil Tanker,OIL-948,SN-56388935,Under Maintenance,2025,26,Carbon Steel,Mixed,High,Critical,C,110169,22.1,Yes,Engine / Gear Lubricant,Workshop service
EQ00001409,SITE06,UNIT00018,AREA000114,STATIC,Storage Tank,STO-919,SN-52328756,Active,2017,17,Stainless Steel,Hydraulic,Critical,High,A,26253,9.5,No,N/A,N/A
EQ00001410,SITE06,UNIT00018,AREA000115,INSTRUMENTATION,Gas Detector,GAS-431,SN-29990503,Under Maintenance,2023,22,Cast Iron,Mixed,Critical,Critical,B,126541,1.7,No,N/A,N/A
EQ00001411,SITE06,UNIT00018,AREA000115,VEHICLE,Emergency Response Vehicle,EME-487,SN-71488707,Standby,2017,30,Alloy Steel,Hydraulic,High,High,C,163178,22.5,Yes,Engine / Gear Lubricant,Workshop service
EQ00001412,SITE06,UNIT00018,AREA000116,ELECTRICAL,Industrial Motor,IND-540,SN-36512289,Active,2018,25,Cast Iron,Pneumatic,High,High,B,186651,21.6,Some,Bearing Grease,Manual
EQ00001413,SITE06,UNIT00018,AREA000114,PIPING,Relief Valve,REL-474,SN-82537851,Active,2025,27,Alloy Steel,Electrical,Critical,Critical,C,193817,5.0,No,N/A,N/A
EQ00001414,SITE06,UNIT00018,AREA000113,PRODUCTION,Three-Phase Separator,THR-992,SN-44959499,Active,2021,17,Stainless Steel,Hydraulic,Critical,High,B,29246,11.7,Yes,Process/Mechanical Lubricant,Manual / automated
EQ00001415,SITE06,UNIT00018,AREA000115,VEHICLE,Heavy Utility Vehicle,HEA-719,SN-36236086,Active,2025,19,Alloy Steel,Mechanical,Medium,Medium,C,110636,8.2,Yes,Engine / Gear Lubricant,Workshop service
EQ00001416,SITE06,UNIT00018,AREA000116,SAFETY,Foam System,FOA-230,SN-76861330,Active,2017,25,Carbon Steel,Pneumatic,Critical,High,C,198365,22.0,Some,Pump Bearing Grease,Manual
EQ00001417,SITE06,UNIT00018,AREA000116,ELECTRICAL,Motor Control Centre,MOT-603,SN-44693564,Active,2020,13,Stainless Steel,Mixed,Critical,High,B,91313,6.0,Some,Bearing Grease,Manual
EQ00001418,SITE06,UNIT00018,AREA000115,INSTRUMENTATION,Emergency Shutdown System,EME-453,SN-69056761,Standby,2020,28,Carbon Steel,Process,Critical,Critical,B,24334,6.3,No,N/A,N/A
EQ00001419,SITE06,UNIT00018,AREA000116,WORKSHOP,Lathe Machine,LAT-519,SN-43183174,Under Maintenance,2023,21,Cast Iron,Mixed,Medium,Medium,C,151883,3.6,Yes,Machine Oil / Grease,Manual
EQ00001420,SITE06,UNIT00018,AREA000115,STATIC,Storage Tank,STO-522,SN-41604487,Active,2024,29,Cast Iron,Mixed,Critical,High,A,137448,8.1,No,N/A,N/A
EQ00001421,SITE06,UNIT00018,AREA000115,ELECTRICAL,Switchgear,SWI-896,SN-59668050,Active,2016,25,Cast Iron,Electrical,Critical,Critical,A,97516,6.1,Some,Bearing Grease,Manual
EQ00001422,SITE06,UNIT00018,AREA000114,WORKSHOP,Lathe Machine,LAT-255,SN-28677504,Active,2025,28,Stainless Steel,Hydraulic,Medium,Medium,A,199459,16.8,Yes,Machine Oil / Grease,Manual
EQ00001423,SITE06,UNIT00018,AREA000114,VEHICLE,Emergency Response Vehicle,EME-593,SN-77648175,Active,2019,29,Carbon Steel,Hydraulic,High,High,C,130639,8.3,Yes,Engine / Gear Lubricant,Workshop service
EQ00001424,SITE06,UNIT00018,AREA000113,LIFTING,Forklift,FOR-532,SN-16581403,Standby,2017,18,Alloy Steel,Process,High,High,A,53781,8.9,Yes,Wire Rope / Gear Grease,Manual
EQ00001425,SITE06,UNIT00018,AREA000113,LIFTING,Overhead Crane,OVE-781,SN-35279893,Under Maintenance,2022,15,Stainless Steel,Electrical,High,Critical,C,99620,11.1,Yes,Wire Rope / Gear Grease,Manual
EQ00001426,SITE06,UNIT00018,AREA000115,ROTARY,Centrifugal Pump,CEN-417,SN-46296752,Active,2022,12,Stainless Steel,Hydraulic,High,High,B,119320,16.7,Yes,Bearing Oil / Grease,Manual / auto-lube
EQ00001427,SITE07,UNIT00019,AREA000117,STATIC,Heat Exchanger,HEA-492,SN-74535895,Active,2016,17,Stainless Steel,Process,High,High,A,117560,9.3,No,N/A,N/A
EQ00001428,SITE07,UNIT00019,AREA000120,ROTARY,Centrifugal Pump,CEN-158,SN-59182457,Active,2020,27,Cast Iron,Electrical,High,High,A,178870,3.3,Yes,Bearing Oil / Grease,Manual / auto-lube
EQ00001429,SITE07,UNIT00019,AREA000117,INSTRUMENTATION,Control Valve,CON-208,SN-17011163,Active,2020,30,Cast Iron,Mechanical,High,High,C,18712,1.4,No,N/A,N/A
EQ00001430,SITE07,UNIT00019,AREA000120,PIPING,Process Pipeline,PRO-539,SN-68640402,Under Maintenance,2022,29,Stainless Steel,Electrical,Critical,High,A,129215,6.9,No,N/A,N/A
EQ00001431,SITE07,UNIT00019,AREA000119,PRODUCTION,Three-Phase Separator,THR-473,SN-37922737,Standby,2023,23,Stainless Steel,Pneumatic,Critical,High,C,187114,23.5,Yes,Process/Mechanical Lubricant,Manual / automated
EQ00001432,SITE07,UNIT00019,AREA000117,INSTRUMENTATION,Control Valve,CON-699,SN-96055379,Active,2021,20,Stainless Steel,Hydraulic,High,High,B,132879,11.0,No,N/A,N/A
EQ00001433,SITE07,UNIT00019,AREA000117,ELECTRICAL,UPS System,UPS-128,SN-95818566,Under Maintenance,2018,15,Stainless Steel,Hydraulic,Medium,Medium,A,29810,4.5,Some,Bearing Grease,Manual
EQ00001434,SITE07,UNIT00019,AREA000119,STATIC,Pressure Vessel,PRE-478,SN-85202936,Under Maintenance,2020,17,Alloy Steel,Mechanical,Critical,Critical,C,60519,8.0,No,N/A,N/A
EQ00001435,SITE07,UNIT00019,AREA000120,WORKSHOP,Hydraulic Press,HYD-884,SN-18491998,Active,2019,12,Alloy Steel,Process,Medium,High,B,63604,5.1,Yes,Machine Oil / Grease,Manual
EQ00001436,SITE07,UNIT00019,AREA000120,PRODUCTION,Gas Sweetening Unit,GAS-895,SN-79769395,Active,2021,18,Alloy Steel,Hydraulic,Critical,High,C,193780,6.6,Yes,Process/Mechanical Lubricant,Manual / automated
EQ00001437,SITE07,UNIT00019,AREA000119,PRODUCTION,Produced Water Pump,PRO-135,SN-60098801,Active,2021,13,Alloy Steel,Electrical,High,Medium,C,13623,13.8,Yes,Process/Mechanical Lubricant,Manual / automated
EQ00001438,SITE07,UNIT00019,AREA000117,INSTRUMENTATION,Gas Detector,GAS-697,SN-93131998,Active,2022,14,Cast Iron,Process,Critical,Critical,C,29945,19.7,No,N/A,N/A
EQ00001439,SITE07,UNIT00019,AREA000119,PIPING,Pig Launcher/Receiver,PIG-367,SN-36128522,Under Maintenance,2025,21,Cast Iron,Mechanical,High,High,A,125952,8.7,No,N/A,N/A
EQ00001440,SITE07,UNIT00019,AREA000119,DRILLING,Wellhead,WEL-744,SN-69347339,Active,2017,24,Carbon Steel,Mechanical,Critical,Critical,B,132917,11.7,Yes,EP Gear Oil / Grease,Grease gun / centralized
EQ00001441,SITE07,UNIT00019,AREA000117,DRILLING,Blowout Preventer,BLO-244,SN-99740114,Active,2020,29,Carbon Steel,Electrical,Critical,Critical,C,166674,4.6,Yes,EP Gear Oil / Grease,Grease gun / centralized
EQ00001442,SITE07,UNIT00019,AREA000119,INSTRUMENTATION,Control Valve,CON-217,SN-41224713,Standby,2024,26,Stainless Steel,Mechanical,High,High,A,22416,15.1,No,N/A,N/A
EQ00001443,SITE07,UNIT00019,AREA000119,INSTRUMENTATION,Emergency Shutdown System,EME-783,SN-38599722,Standby,2021,14,Stainless Steel,Electrical,Critical,Critical,C,65287,21.3,No,N/A,N/A
EQ00001444,SITE07,UNIT00019,AREA000120,DRILLING,Mud Pump,MUD-774,SN-17390568,Active,2018,25,Alloy Steel,Hydraulic,Critical,High,A,178966,2.7,Yes,EP Gear Oil / Grease,Grease gun / centralized
EQ00001445,SITE07,UNIT00019,AREA000118,PRODUCTION,Three-Phase Separator,THR-356,SN-41974726,Active,2016,25,Alloy Steel,Mechanical,Critical,High,A,63284,22.5,Yes,Process/Mechanical Lubricant,Manual / automated
EQ00001446,SITE07,UNIT00019,AREA000117,DRILLING,Cementing Unit,CEM-972,SN-80740167,Active,2019,18,Carbon Steel,Mechanical,High,High,B,125467,3.4,Yes,EP Gear Oil / Grease,Grease gun / centralized
EQ00001447,SITE07,UNIT00019,AREA000118,ELECTRICAL,Transformer,TRA-474,SN-57832229,Under Maintenance,2023,15,Cast Iron,Mechanical,Critical,High,A,23966,12.7,Some,Bearing Grease,Manual
EQ00001448,SITE07,UNIT00019,AREA000119,ROTARY,Centrifugal Pump,CEN-292,SN-51432920,Active,2021,16,Alloy Steel,Process,High,High,C,119946,17.1,Yes,Bearing Oil / Grease,Manual / auto-lube
EQ00001449,SITE07,UNIT00019,AREA000117,PIPING,Pig Launcher/Receiver,PIG-221,SN-28168327,Active,2023,15,Alloy Steel,Pneumatic,High,High,C,142476,22.6,No,N/A,N/A
EQ00001450,SITE07,UNIT00019,AREA000119,ROTARY,Air Compressor,AIR-536,SN-64450784,Active,2017,11,Carbon Steel,Process,High,High,A,14799,9.0,Yes,Bearing Oil / Grease,Manual / auto-lube
EQ00001451,SITE07,UNIT00019,AREA000119,STATIC,Fired Heater,FIR-614,SN-20003477,Standby,2021,17,Carbon Steel,Mechanical,Critical,Critical,A,46622,14.3,No,N/A,N/A
EQ00001452,SITE07,UNIT00019,AREA000118,WORKSHOP,Air Receiver,AIR-125,SN-58711476,Active,2023,22,Cast Iron,Mixed,High,High,B,147012,17.4,Yes,Machine Oil / Grease,Manual
EQ00001453,SITE07,UNIT00019,AREA000119,ELECTRICAL,UPS System,UPS-953,SN-37383592,Standby,2018,15,Alloy Steel,Pneumatic,Medium,Medium,B,119461,20.8,Some,Bearing Grease,Manual
EQ00001454,SITE07,UNIT00019,AREA000118,PRODUCTION,Gas Dehydration Unit,GAS-395,SN-91106214,Standby,2021,27,Carbon Steel,Pneumatic,High,High,B,61138,11.6,Yes,Process/Mechanical Lubricant,Manual / automated
EQ00001455,SITE07,UNIT00019,AREA000119,WORKSHOP,Lathe Machine,LAT-960,SN-95808694,Standby,2019,29,Carbon Steel,Mixed,Medium,Medium,C,110023,20.1,Yes,Machine Oil / Grease,Manual
EQ00001456,SITE07,UNIT00019,AREA000118,INSTRUMENTATION,Emergency Shutdown System,EME-763,SN-17761314,Active,2025,16,Cast Iron,Process,Critical,Critical,A,126156,7.9,No,N/A,N/A
EQ00001457,SITE07,UNIT00019,AREA000120,LIFTING,Mobile Crane,MOB-761,SN-96236284,Under Maintenance,2017,29,Stainless Steel,Pneumatic,Critical,Critical,B,45847,5.3,Yes,Wire Rope / Gear Grease,Manual
EQ00001458,SITE07,UNIT00019,AREA000118,DRILLING,Cementing Unit,CEM-178,SN-39696922,Active,2022,12,Alloy Steel,Hydraulic,High,High,B,72720,19.0,Yes,EP Gear Oil / Grease,Grease gun / centralized
EQ00001459,SITE07,UNIT00019,AREA000120,DRILLING,Mud Pump,MUD-952,SN-35447447,Active,2017,17,Cast Iron,Electrical,Critical,High,C,121561,2.5,Yes,EP Gear Oil / Grease,Grease gun / centralized
EQ00001460,SITE07,UNIT00019,AREA000119,WORKSHOP,Lathe Machine,LAT-101,SN-89779542,Standby,2016,11,Carbon Steel,Process,Medium,Medium,A,35672,9.0,Yes,Machine Oil / Grease,Manual
EQ00001461,SITE07,UNIT00019,AREA000117,DRILLING,Blowout Preventer,BLO-169,SN-60842106,Under Maintenance,2024,16,Alloy Steel,Mixed,Critical,Critical,C,30334,0.2,Yes,EP Gear Oil / Grease,Grease gun / centralized
EQ00001462,SITE07,UNIT00019,AREA000118,WORKSHOP,Grinding Machine,GRI-359,SN-50456249,Under Maintenance,2021,22,Alloy Steel,Hydraulic,Medium,High,A,42169,17.0,Yes,Machine Oil / Grease,Manual
EQ00001463,SITE07,UNIT00019,AREA000120,WORKSHOP,Hydraulic Press,HYD-227,SN-36077827,Active,2023,10,Stainless Steel,Electrical,Medium,High,B,24618,16.6,Yes,Machine Oil / Grease,Manual
EQ00001464,SITE07,UNIT00019,AREA000120,DRILLING,Wellhead,WEL-132,SN-87659710,Standby,2019,23,Cast Iron,Pneumatic,Critical,Critical,B,46779,13.7,Yes,EP Gear Oil / Grease,Grease gun / centralized
EQ00001465,SITE07,UNIT00019,AREA000119,DRILLING,Drilling Rig,DRI-452,SN-72783592,Standby,2022,13,Stainless Steel,Mixed,Critical,High,C,119018,2.8,Yes,EP Gear Oil / Grease,Grease gun / centralized
EQ00001466,SITE07,UNIT00019,AREA000119,VEHICLE,Emergency Response Vehicle,EME-743,SN-46928276,Active,2021,16,Carbon Steel,Mixed,High,High,A,41717,15.5,Yes,Engine / Gear Lubricant,Workshop service
EQ00001467,SITE07,UNIT00019,AREA000118,LIFTING,Forklift,FOR-892,SN-80310710,Under Maintenance,2018,23,Alloy Steel,Pneumatic,High,High,C,97623,7.3,Yes,Wire Rope / Gear Grease,Manual
EQ00001468,SITE07,UNIT00019,AREA000117,INSTRUMENTATION,Control Valve,CON-180,SN-57799697,Under Maintenance,2017,13,Cast Iron,Mechanical,High,High,A,19122,8.6,No,N/A,N/A
EQ00001469,SITE07,UNIT00019,AREA000119,PRODUCTION,Gas Sweetening Unit,GAS-326,SN-12030782,Active,2020,14,Cast Iron,Pneumatic,Critical,High,A,37261,18.0,Yes,Process/Mechanical Lubricant,Manual / automated
EQ00001470,SITE07,UNIT00019,AREA000118,INSTRUMENTATION,Emergency Shutdown System,EME-838,SN-49169939,Active,2022,28,Stainless Steel,Electrical,Critical,Critical,B,176705,23.9,No,N/A,N/A
EQ00001471,SITE07,UNIT00019,AREA000120,PRODUCTION,Gas Compressor,GAS-767,SN-50961251,Active,2018,29,Cast Iron,Process,Critical,Critical,C,155560,13.1,Yes,Process/Mechanical Lubricant,Manual / automated
EQ00001472,SITE07,UNIT00019,AREA000120,ROTARY,Positive Displacement Pump,POS-231,SN-67863466,Under Maintenance,2022,15,Stainless Steel,Mechanical,High,High,C,89710,19.2,Yes,Bearing Oil / Grease,Manual / auto-lube
EQ00001473,SITE07,UNIT00019,AREA000117,WORKSHOP,Air Receiver,AIR-326,SN-22746798,Active,2017,12,Cast Iron,Hydraulic,High,High,A,129590,5.8,Yes,Machine Oil / Grease,Manual
EQ00001474,SITE07,UNIT00019,AREA000119,ELECTRICAL,Transformer,TRA-320,SN-56780269,Under Maintenance,2025,28,Carbon Steel,Electrical,Critical,High,B,74034,13.0,Some,Bearing Grease,Manual
EQ00001475,SITE07,UNIT00019,AREA000119,DRILLING,Cementing Unit,CEM-782,SN-73366381,Standby,2018,20,Carbon Steel,Hydraulic,High,High,A,105075,15.8,Yes,EP Gear Oil / Grease,Grease gun / centralized
EQ00001476,SITE07,UNIT00019,AREA000118,PRODUCTION,Gas Dehydration Unit,GAS-201,SN-21246723,Active,2019,20,Cast Iron,Mixed,High,High,C,143063,7.7,Yes,Process/Mechanical Lubricant,Manual / automated
EQ00001477,SITE07,UNIT00019,AREA000118,PRODUCTION,Gas Dehydration Unit,GAS-708,SN-98472964,Active,2018,23,Alloy Steel,Pneumatic,High,High,A,53237,16.7,Yes,Process/Mechanical Lubricant,Manual / automated
EQ00001478,SITE07,UNIT00019,AREA000119,WORKSHOP,Grinding Machine,GRI-934,SN-70495804,Standby,2021,25,Alloy Steel,Electrical,Medium,High,C,77939,21.6,Yes,Machine Oil / Grease,Manual
EQ00001479,SITE07,UNIT00019,AREA000120,DRILLING,Wellhead,WEL-537,SN-67278338,Active,2022,22,Alloy Steel,Electrical,Critical,Critical,C,95640,17.1,Yes,EP Gear Oil / Grease,Grease gun / centralized
EQ00001480,SITE07,UNIT00019,AREA000117,LIFTING,Forklift,FOR-775,SN-30854963,Active,2024,26,Cast Iron,Electrical,High,High,B,166721,5.3,Yes,Wire Rope / Gear Grease,Manual
EQ00001481,SITE07,UNIT00019,AREA000118,PIPING,Pig Launcher/Receiver,PIG-523,SN-54623627,Active,2017,13,Carbon Steel,Pneumatic,High,High,C,95906,11.0,No,N/A,N/A
EQ00001482,SITE07,UNIT00019,AREA000120,ROTARY,Positive Displacement Pump,POS-445,SN-20794452,Standby,2022,25,Stainless Steel,Electrical,High,High,A,22874,20.3,Yes,Bearing Oil / Grease,Manual / auto-lube
EQ00001483,SITE07,UNIT00019,AREA000117,DRILLING,Mud Tank,MUD-357,SN-81779869,Active,2021,23,Stainless Steel,Process,High,Medium,A,194479,23.7,Yes,EP Gear Oil / Grease,Grease gun / centralized
EQ00001484,SITE07,UNIT00019,AREA000120,INSTRUMENTATION,Gas Detector,GAS-729,SN-84856558,Active,2019,13,Stainless Steel,Hydraulic,Critical,Critical,B,134720,13.1,No,N/A,N/A
EQ00001485,SITE07,UNIT00019,AREA000119,PIPING,Relief Valve,REL-756,SN-79609867,Active,2019,18,Carbon Steel,Electrical,Critical,Critical,B,97637,18.7,No,N/A,N/A
EQ00001486,SITE07,UNIT00019,AREA000117,DRILLING,Mud Tank,MUD-632,SN-34965850,Active,2017,10,Stainless Steel,Mixed,High,Medium,B,10220,15.0,Yes,EP Gear Oil / Grease,Grease gun / centralized
EQ00001487,SITE07,UNIT00019,AREA000119,PRODUCTION,Gas Dehydration Unit,GAS-974,SN-77185417,Standby,2021,29,Alloy Steel,Pneumatic,High,High,C,153299,11.5,Yes,Process/Mechanical Lubricant,Manual / automated
EQ00001488,SITE07,UNIT00019,AREA000120,PRODUCTION,Produced Water Pump,PRO-632,SN-67130920,Under Maintenance,2022,29,Alloy Steel,Mechanical,High,Medium,A,6472,5.6,Yes,Process/Mechanical Lubricant,Manual / automated
EQ00001489,SITE07,UNIT00019,AREA000119,STATIC,Storage Tank,STO-310,SN-79995659,Standby,2021,27,Cast Iron,Pneumatic,Critical,High,A,38611,16.7,No,N/A,N/A
EQ00001490,SITE07,UNIT00019,AREA000117,DRILLING,Blowout Preventer,BLO-148,SN-13964401,Active,2020,18,Carbon Steel,Mixed,Critical,Critical,B,9391,5.2,Yes,EP Gear Oil / Grease,Grease gun / centralized
EQ00001491,SITE07,UNIT00019,AREA000120,DRILLING,Drilling Rig,DRI-654,SN-27902117,Active,2020,20,Carbon Steel,Pneumatic,Critical,High,B,6186,17.6,Yes,EP Gear Oil / Grease,Grease gun / centralized
EQ00001492,SITE07,UNIT00019,AREA000120,ELECTRICAL,Transformer,TRA-955,SN-38746640,Standby,2018,26,Alloy Steel,Mixed,Critical,High,B,122238,2.4,Some,Bearing Grease,Manual
EQ00001493,SITE07,UNIT00019,AREA000120,SAFETY,Foam System,FOA-752,SN-15367043,Standby,2024,19,Cast Iron,Hydraulic,Critical,High,C,81613,17.7,Some,Pump Bearing Grease,Manual
EQ00001494,SITE07,UNIT00019,AREA000120,LIFTING,Hoist,HOI-582,SN-13440507,Active,2024,25,Alloy Steel,Hydraulic,High,High,C,129743,12.8,Yes,Wire Rope / Gear Grease,Manual
EQ00001495,SITE07,UNIT00019,AREA000118,ELECTRICAL,Motor Control Centre,MOT-848,SN-10405792,Under Maintenance,2021,18,Alloy Steel,Hydraulic,Critical,High,C,170572,15.5,Some,Bearing Grease,Manual
EQ00001496,SITE07,UNIT00019,AREA000117,PIPING,Pig Launcher/Receiver,PIG-770,SN-88857859,Active,2023,29,Cast Iron,Process,High,High,B,159084,5.9,No,N/A,N/A
EQ00001497,SITE07,UNIT00019,AREA000117,WORKSHOP,Air Receiver,AIR-456,SN-34231364,Active,2022,17,Alloy Steel,Electrical,High,High,B,167456,14.5,Yes,Machine Oil / Grease,Manual
EQ00001498,SITE07,UNIT00019,AREA000118,VEHICLE,Heavy Utility Vehicle,HEA-778,SN-94715249,Standby,2022,15,Carbon Steel,Electrical,Medium,Medium,B,106947,10.6,Yes,Engine / Gear Lubricant,Workshop service
EQ00001499,SITE07,UNIT00019,AREA000120,DRILLING,Blowout Preventer,BLO-143,SN-99742428,Standby,2020,15,Alloy Steel,Mechanical,Critical,Critical,B,31762,1.4,Yes,EP Gear Oil / Grease,Grease gun / centralized
EQ00001500,SITE07,UNIT00019,AREA000119,ELECTRICAL,Transformer,TRA-286,SN-45488331,Standby,2023,22,Stainless Steel,Process,Critical,High,C,92289,11.5,Some,Bearing Grease,Manual
EQ00001501,SITE07,UNIT00019,AREA000117,ROTARY,Centrifugal Pump,CEN-615,SN-72701968,Active,2020,21,Cast Iron,Hydraulic,High,High,B,60160,20.1,Yes,Bearing Oil / Grease,Manual / auto-lube
EQ00001502,SITE07,UNIT00019,AREA000118,LIFTING,Forklift,FOR-893,SN-58763851,Active,2023,25,Cast Iron,Process,High,High,B,182632,10.5,Yes,Wire Rope / Gear Grease,Manual
EQ00001503,SITE07,UNIT00019,AREA000119,INSTRUMENTATION,Control Valve,CON-642,SN-56491855,Under Maintenance,2021,17,Stainless Steel,Mechanical,High,High,B,68144,7.7,No,N/A,N/A
EQ00001504,SITE07,UNIT00019,AREA000119,SAFETY,Fire Alarm Panel,FIR-113,SN-67899095,Active,2017,23,Carbon Steel,Mixed,High,High,A,37747,12.5,Some,Pump Bearing Grease,Manual
EQ00001505,SITE07,UNIT00019,AREA000119,ROTARY,Centrifugal Pump,CEN-176,SN-77438831,Active,2018,11,Alloy Steel,Pneumatic,High,High,A,147704,22.5,Yes,Bearing Oil / Grease,Manual / auto-lube
EQ00001506,SITE07,UNIT00019,AREA000117,STATIC,Heat Exchanger,HEA-994,SN-42455491,Under Maintenance,2025,23,Alloy Steel,Hydraulic,High,High,B,19188,15.0,No,N/A,N/A
EQ00001507,SITE07,UNIT00019,AREA000118,ENVIRONMENT,Oil Water Separator,OIL-153,SN-65975485,Standby,2021,30,Alloy Steel,Pneumatic,High,Medium,B,15495,20.3,Yes,Pump Bearing Grease,Manual
EQ00001508,SITE07,UNIT00019,AREA000119,ELECTRICAL,Switchgear,SWI-572,SN-30396352,Under Maintenance,2019,28,Carbon Steel,Mixed,Critical,Critical,A,86355,20.9,Some,Bearing Grease,Manual
EQ00001509,SITE07,UNIT00019,AREA000120,DRILLING,Drilling Rig,DRI-880,SN-27939317,Active,2022,25,Cast Iron,Mechanical,Critical,High,C,145759,2.7,Yes,EP Gear Oil / Grease,Grease gun / centralized
EQ00001510,SITE07,UNIT00020,AREA000125,STATIC,Pressure Vessel,PRE-865,SN-98368595,Active,2016,27,Carbon Steel,Electrical,Critical,Critical,A,188571,8.7,No,N/A,N/A
EQ00001511,SITE07,UNIT00020,AREA000123,PIPING,Relief Valve,REL-516,SN-22436179,Under Maintenance,2022,29,Alloy Steel,Hydraulic,Critical,Critical,A,120051,2.3,No,N/A,N/A
EQ00001512,SITE07,UNIT00020,AREA000125,VEHICLE,Oil Tanker,OIL-272,SN-98946961,Active,2016,18,Alloy Steel,Mechanical,High,Critical,A,148074,2.5,Yes,Engine / Gear Lubricant,Workshop service
EQ00001513,SITE07,UNIT00020,AREA000121,STATIC,Pressure Vessel,PRE-184,SN-94550220,Active,2021,12,Stainless Steel,Hydraulic,Critical,Critical,B,30801,19.6,No,N/A,N/A
EQ00001514,SITE07,UNIT00020,AREA000122,VEHICLE,Emergency Response Vehicle,EME-320,SN-95173192,Active,2017,25,Alloy Steel,Electrical,High,High,C,118290,7.4,Yes,Engine / Gear Lubricant,Workshop service
EQ00001515,SITE07,UNIT00020,AREA000123,PIPING,Pig Launcher/Receiver,PIG-252,SN-54131165,Active,2020,12,Carbon Steel,Process,High,High,B,69341,8.1,No,N/A,N/A
EQ00001516,SITE07,UNIT00020,AREA000124,STATIC,Fired Heater,FIR-963,SN-34054008,Active,2021,13,Alloy Steel,Pneumatic,Critical,Critical,C,26068,6.7,No,N/A,N/A
EQ00001517,SITE07,UNIT00020,AREA000121,WORKSHOP,Air Receiver,AIR-483,SN-74682531,Active,2025,19,Alloy Steel,Electrical,High,High,B,153797,8.7,Yes,Machine Oil / Grease,Manual
EQ00001518,SITE07,UNIT00020,AREA000125,PRODUCTION,Produced Water Pump,PRO-132,SN-71159640,Active,2025,19,Cast Iron,Hydraulic,High,Medium,B,90229,0.2,Yes,Process/Mechanical Lubricant,Manual / automated
EQ00001519,SITE07,UNIT00020,AREA000126,WORKSHOP,Lathe Machine,LAT-344,SN-28617262,Standby,2022,15,Stainless Steel,Mechanical,Medium,Medium,B,59191,20.0,Yes,Machine Oil / Grease,Manual
EQ00001520,SITE07,UNIT00020,AREA000124,SAFETY,Fire Hydrant,FIR-887,SN-50967020,Active,2019,13,Stainless Steel,Mixed,High,High,C,91890,19.4,Some,Pump Bearing Grease,Manual
EQ00001521,SITE07,UNIT00020,AREA000124,ENVIRONMENT,Effluent Treatment Unit,EFF-834,SN-16627938,Active,2020,21,Alloy Steel,Mechanical,High,Medium,B,11675,1.1,Yes,Pump Bearing Grease,Manual
EQ00001522,SITE07,UNIT00020,AREA000124,STATIC,Storage Tank,STO-280,SN-90059115,Active,2021,29,Cast Iron,Pneumatic,Critical,High,B,105372,8.9,No,N/A,N/A
EQ00001523,SITE07,UNIT00020,AREA000126,PIPING,Pipeline Valve,PIP-604,SN-57840211,Active,2024,30,Alloy Steel,Mechanical,High,High,A,79985,7.0,No,N/A,N/A
EQ00001524,SITE07,UNIT00020,AREA000122,PRODUCTION,Gas Sweetening Unit,GAS-805,SN-43406178,Active,2021,15,Carbon Steel,Hydraulic,Critical,High,A,129499,4.8,Yes,Process/Mechanical Lubricant,Manual / automated
EQ00001525,SITE07,UNIT00020,AREA000122,DRILLING,Mud Tank,MUD-266,SN-34093510,Active,2016,14,Stainless Steel,Process,High,Medium,B,96260,2.6,Yes,EP Gear Oil / Grease,Grease gun / centralized
EQ00001526,SITE07,UNIT00020,AREA000123,PRODUCTION,Gas Sweetening Unit,GAS-586,SN-24281161,Active,2019,30,Carbon Steel,Hydraulic,Critical,High,B,33672,20.1,Yes,Process/Mechanical Lubricant,Manual / automated
EQ00001527,SITE07,UNIT00020,AREA000123,SAFETY,Fire Water Pump,FIR-184,SN-86178241,Standby,2023,17,Stainless Steel,Mechanical,Critical,Critical,C,144705,2.5,Some,Pump Bearing Grease,Manual
EQ00001528,SITE07,UNIT00020,AREA000124,DRILLING,Mud Pump,MUD-547,SN-76497284,Under Maintenance,2024,22,Stainless Steel,Mixed,Critical,High,C,29373,24.0,Yes,EP Gear Oil / Grease,Grease gun / centralized
EQ00001529,SITE07,UNIT00020,AREA000124,WORKSHOP,Lathe Machine,LAT-632,SN-63211049,Active,2021,24,Stainless Steel,Hydraulic,Medium,Medium,A,54136,4.1,Yes,Machine Oil / Grease,Manual
EQ00001530,SITE07,UNIT00020,AREA000124,DRILLING,Mud Tank,MUD-167,SN-98988209,Active,2023,16,Carbon Steel,Mixed,High,Medium,A,121834,8.0,Yes,EP Gear Oil / Grease,Grease gun / centralized
EQ00001531,SITE07,UNIT00020,AREA000121,ELECTRICAL,Switchgear,SWI-624,SN-24426568,Under Maintenance,2025,11,Alloy Steel,Electrical,Critical,Critical,C,151535,21.0,Some,Bearing Grease,Manual
EQ00001532,SITE07,UNIT00020,AREA000121,ROTARY,Air Compressor,AIR-275,SN-65288510,Active,2018,24,Stainless Steel,Hydraulic,High,High,C,70977,16.6,Yes,Bearing Oil / Grease,Manual / auto-lube
EQ00001533,SITE07,UNIT00020,AREA000126,INSTRUMENTATION,Emergency Shutdown System,EME-204,SN-32208057,Active,2024,19,Cast Iron,Pneumatic,Critical,Critical,A,69068,21.2,No,N/A,N/A
EQ00001534,SITE07,UNIT00020,AREA000121,PIPING,Process Pipeline,PRO-156,SN-28156328,Active,2023,16,Stainless Steel,Pneumatic,Critical,High,C,125245,0.1,No,N/A,N/A
EQ00001535,SITE07,UNIT00020,AREA000121,PIPING,Relief Valve,REL-524,SN-77531996,Active,2025,29,Alloy Steel,Process,Critical,Critical,C,79940,3.9,No,N/A,N/A
EQ00001536,SITE07,UNIT00020,AREA000124,STATIC,Heat Exchanger,HEA-436,SN-21203078,Active,2019,20,Stainless Steel,Mechanical,High,High,C,198883,15.4,No,N/A,N/A
EQ00001537,SITE07,UNIT00020,AREA000125,SAFETY,Fire Hydrant,FIR-100,SN-62017716,Active,2023,10,Cast Iron,Hydraulic,High,High,A,38661,4.8,Some,Pump Bearing Grease,Manual
EQ00001538,SITE07,UNIT00020,AREA000123,STATIC,Storage Tank,STO-217,SN-43915764,Active,2025,10,Alloy Steel,Mechanical,Critical,High,B,159651,15.1,No,N/A,N/A
EQ00001539,SITE07,UNIT00020,AREA000122,STATIC,Pressure Vessel,PRE-906,SN-21944895,Active,2016,16,Stainless Steel,Mechanical,Critical,Critical,B,162231,18.6,No,N/A,N/A
EQ00001540,SITE07,UNIT00020,AREA000124,SAFETY,Foam System,FOA-525,SN-15585654,Active,2017,27,Alloy Steel,Process,Critical,High,B,182154,3.7,Some,Pump Bearing Grease,Manual
EQ00001541,SITE07,UNIT00020,AREA000122,WORKSHOP,Welding Machine,WEL-849,SN-55278000,Standby,2018,26,Carbon Steel,Process,Medium,High,C,88815,19.1,Yes,Machine Oil / Grease,Manual
EQ00001542,SITE07,UNIT00020,AREA000126,DRILLING,Wellhead,WEL-339,SN-80888889,Active,2018,30,Alloy Steel,Mixed,Critical,Critical,A,182988,16.5,Yes,EP Gear Oil / Grease,Grease gun / centralized
EQ00001543,SITE07,UNIT00020,AREA000124,STATIC,Pressure Vessel,PRE-941,SN-30987933,Active,2024,22,Carbon Steel,Mixed,Critical,Critical,C,188243,7.1,No,N/A,N/A
EQ00001544,SITE07,UNIT00020,AREA000125,LIFTING,Overhead Crane,OVE-741,SN-26557264,Under Maintenance,2025,26,Cast Iron,Mechanical,High,Critical,A,46397,20.2,Yes,Wire Rope / Gear Grease,Manual
EQ00001545,SITE07,UNIT00020,AREA000124,PRODUCTION,Crude Oil Pump,CRU-299,SN-12837935,Active,2019,10,Cast Iron,Hydraulic,High,High,C,90067,1.4,Yes,Process/Mechanical Lubricant,Manual / automated
EQ00001546,SITE07,UNIT00020,AREA000121,DRILLING,Top Drive,TOP-338,SN-27812687,Active,2022,26,Carbon Steel,Mechanical,Critical,Critical,B,4656,23.5,Yes,EP Gear Oil / Grease,Grease gun / centralized
EQ00001547,SITE07,UNIT00020,AREA000124,DRILLING,Drawworks,DRA-942,SN-77166844,Active,2022,25,Carbon Steel,Mechanical,Critical,Critical,A,180471,21.9,Yes,EP Gear Oil / Grease,Grease gun / centralized
EQ00001548,SITE07,UNIT00020,AREA000121,SAFETY,Fire Alarm Panel,FIR-946,SN-17137684,Active,2017,19,Cast Iron,Electrical,High,High,A,51153,18.4,Some,Pump Bearing Grease,Manual
EQ00001549,SITE07,UNIT00020,AREA000124,WORKSHOP,Air Receiver,AIR-697,SN-34168972,Standby,2024,26,Alloy Steel,Pneumatic,High,High,C,180938,19.0,Yes,Machine Oil / Grease,Manual
EQ00001550,SITE07,UNIT00020,AREA000121,PIPING,Pipeline Valve,PIP-216,SN-20553199,Active,2019,26,Stainless Steel,Hydraulic,High,High,C,25210,20.0,No,N/A,N/A
EQ00001551,SITE07,UNIT00020,AREA000125,INSTRUMENTATION,Emergency Shutdown System,EME-191,SN-99472244,Active,2021,16,Carbon Steel,Mechanical,Critical,Critical,A,117206,18.6,No,N/A,N/A
EQ00001552,SITE07,UNIT00020,AREA000124,ROTARY,Air Compressor,AIR-243,SN-40376732,Active,2025,18,Alloy Steel,Electrical,High,High,B,97962,10.6,Yes,Bearing Oil / Grease,Manual / auto-lube
EQ00001553,SITE07,UNIT00020,AREA000124,WORKSHOP,Grinding Machine,GRI-815,SN-62394388,Standby,2016,26,Cast Iron,Mechanical,Medium,High,B,36173,2.5,Yes,Machine Oil / Grease,Manual
EQ00001554,SITE07,UNIT00020,AREA000124,ELECTRICAL,Motor Control Centre,MOT-568,SN-22767789,Active,2022,24,Carbon Steel,Electrical,Critical,High,A,37791,1.0,Some,Bearing Grease,Manual
EQ00001555,SITE07,UNIT00020,AREA000121,ENVIRONMENT,Oil Water Separator,OIL-527,SN-18802076,Under Maintenance,2024,23,Stainless Steel,Electrical,High,Medium,B,54517,6.8,Yes,Pump Bearing Grease,Manual
EQ00001556,SITE07,UNIT00020,AREA000121,STATIC,Boiler,BOI-353,SN-75765083,Standby,2016,21,Alloy Steel,Mixed,Critical,High,C,149700,15.9,No,N/A,N/A
EQ00001557,SITE07,UNIT00020,AREA000124,LIFTING,Mobile Crane,MOB-504,SN-91152709,Active,2019,29,Carbon Steel,Process,Critical,Critical,A,137756,10.1,Yes,Wire Rope / Gear Grease,Manual
EQ00001558,SITE07,UNIT00020,AREA000125,DRILLING,Drawworks,DRA-573,SN-82459953,Under Maintenance,2025,12,Alloy Steel,Electrical,Critical,Critical,C,37243,6.3,Yes,EP Gear Oil / Grease,Grease gun / centralized
EQ00001559,SITE07,UNIT00020,AREA000124,DRILLING,Wellhead,WEL-548,SN-47363542,Active,2016,19,Stainless Steel,Electrical,Critical,Critical,A,64113,6.7,Yes,EP Gear Oil / Grease,Grease gun / centralized
EQ00001560,SITE07,UNIT00020,AREA000123,ELECTRICAL,UPS System,UPS-506,SN-97953235,Under Maintenance,2020,19,Stainless Steel,Mechanical,Medium,Medium,A,196915,22.6,Some,Bearing Grease,Manual
EQ00001561,SITE07,UNIT00020,AREA000124,DRILLING,Blowout Preventer,BLO-169,SN-72461112,Active,2022,29,Alloy Steel,Electrical,Critical,Critical,A,198225,1.0,Yes,EP Gear Oil / Grease,Grease gun / centralized
EQ00001562,SITE07,UNIT00020,AREA000123,VEHICLE,Emergency Response Vehicle,EME-380,SN-19891694,Active,2020,23,Cast Iron,Mixed,High,High,A,11816,22.7,Yes,Engine / Gear Lubricant,Workshop service
EQ00001563,SITE07,UNIT00020,AREA000124,PRODUCTION,Crude Oil Pump,CRU-819,SN-13875107,Standby,2022,15,Carbon Steel,Mixed,High,High,A,41018,21.4,Yes,Process/Mechanical Lubricant,Manual / automated
EQ00001564,SITE07,UNIT00020,AREA000124,PRODUCTION,Produced Water Pump,PRO-547,SN-56240068,Under Maintenance,2020,20,Cast Iron,Process,High,Medium,B,104409,19.7,Yes,Process/Mechanical Lubricant,Manual / automated
EQ00001565,SITE07,UNIT00020,AREA000125,PRODUCTION,Produced Water Pump,PRO-346,SN-44841267,Active,2022,18,Alloy Steel,Process,High,Medium,B,175362,11.7,Yes,Process/Mechanical Lubricant,Manual / automated
EQ00001566,SITE07,UNIT00020,AREA000123,ENVIRONMENT,Effluent Treatment Unit,EFF-279,SN-29359754,Active,2022,22,Stainless Steel,Hydraulic,High,Medium,B,87627,2.3,Yes,Pump Bearing Grease,Manual
EQ00001567,SITE07,UNIT00020,AREA000126,SAFETY,Foam System,FOA-680,SN-41799848,Under Maintenance,2021,23,Cast Iron,Electrical,Critical,High,A,181280,8.1,Some,Pump Bearing Grease,Manual
EQ00001568,SITE07,UNIT00020,AREA000121,DRILLING,Top Drive,TOP-262,SN-72159614,Active,2018,12,Stainless Steel,Mixed,Critical,Critical,A,132199,1.3,Yes,EP Gear Oil / Grease,Grease gun / centralized
EQ00001569,SITE07,UNIT00020,AREA000126,ROTARY,Centrifugal Pump,CEN-662,SN-95171884,Active,2017,23,Cast Iron,Process,High,High,C,69848,15.0,Yes,Bearing Oil / Grease,Manual / auto-lube
EQ00001570,SITE07,UNIT00020,AREA000125,PIPING,Pig Launcher/Receiver,PIG-383,SN-56666498,Under Maintenance,2024,27,Carbon Steel,Process,High,High,A,100510,9.6,No,N/A,N/A
EQ00001571,SITE07,UNIT00020,AREA000125,LIFTING,Hoist,HOI-915,SN-28762438,Active,2020,28,Stainless Steel,Pneumatic,High,High,B,154592,6.0,Yes,Wire Rope / Gear Grease,Manual
EQ00001572,SITE07,UNIT00020,AREA000123,DRILLING,Mud Tank,MUD-432,SN-49011107,Active,2016,22,Alloy Steel,Mechanical,High,Medium,A,129071,0.3,Yes,EP Gear Oil / Grease,Grease gun / centralized
EQ00001573,SITE07,UNIT00020,AREA000122,SAFETY,Fire Hydrant,FIR-779,SN-57510825,Active,2024,17,Cast Iron,Mixed,High,High,B,127118,5.7,Some,Pump Bearing Grease,Manual
EQ00001574,SITE07,UNIT00020,AREA000125,ELECTRICAL,Motor Control Centre,MOT-373,SN-24907270,Active,2017,20,Cast Iron,Electrical,Critical,High,C,109150,10.9,Some,Bearing Grease,Manual
EQ00001575,SITE07,UNIT00020,AREA000125,VEHICLE,Oil Tanker,OIL-315,SN-25719084,Active,2023,14,Alloy Steel,Mechanical,High,Critical,B,78509,7.7,Yes,Engine / Gear Lubricant,Workshop service
EQ00001576,SITE07,UNIT00020,AREA000123,PIPING,Relief Valve,REL-213,SN-10898691,Active,2018,17,Cast Iron,Mechanical,Critical,Critical,C,144484,0.8,No,N/A,N/A
EQ00001577,SITE07,UNIT00020,AREA000121,ROTARY,Centrifugal Pump,CEN-174,SN-20375992,Active,2018,26,Cast Iron,Electrical,High,High,C,12574,23.1,Yes,Bearing Oil / Grease,Manual / auto-lube
EQ00001578,SITE07,UNIT00020,AREA000124,DRILLING,Drawworks,DRA-172,SN-69993255,Active,2022,10,Carbon Steel,Hydraulic,Critical,Critical,B,141650,4.4,Yes,EP Gear Oil / Grease,Grease gun / centralized
EQ00001579,SITE07,UNIT00020,AREA000123,PRODUCTION,Gas Dehydration Unit,GAS-503,SN-36742008,Active,2016,24,Carbon Steel,Mixed,High,High,C,177242,8.5,Yes,Process/Mechanical Lubricant,Manual / automated
EQ00001580,SITE07,UNIT00020,AREA000124,ROTARY,Centrifugal Pump,CEN-295,SN-70041824,Under Maintenance,2020,18,Cast Iron,Mixed,High,High,A,5519,18.2,Yes,Bearing Oil / Grease,Manual / auto-lube
EQ00001581,SITE07,UNIT00020,AREA000123,SAFETY,Fire Hydrant,FIR-582,SN-76278265,Standby,2017,21,Cast Iron,Process,High,High,B,115580,2.0,Some,Pump Bearing Grease,Manual
EQ00001582,SITE07,UNIT00020,AREA000121,STATIC,Fired Heater,FIR-504,SN-89032950,Standby,2018,17,Carbon Steel,Hydraulic,Critical,Critical,C,92132,15.2,No,N/A,N/A
EQ00001583,SITE07,UNIT00020,AREA000123,ELECTRICAL,Motor Control Centre,MOT-648,SN-95658278,Active,2022,10,Carbon Steel,Mixed,Critical,High,A,166416,13.0,Some,Bearing Grease,Manual
EQ00001584,SITE07,UNIT00020,AREA000124,PRODUCTION,Gas Sweetening Unit,GAS-454,SN-49529473,Under Maintenance,2016,25,Carbon Steel,Mechanical,Critical,High,B,152415,5.7,Yes,Process/Mechanical Lubricant,Manual / automated
EQ00001585,SITE07,UNIT00020,AREA000124,DRILLING,Drawworks,DRA-940,SN-62104433,Active,2025,29,Alloy Steel,Pneumatic,Critical,Critical,B,27300,2.1,Yes,EP Gear Oil / Grease,Grease gun / centralized
EQ00001586,SITE07,UNIT00020,AREA000126,ELECTRICAL,UPS System,UPS-222,SN-98485120,Standby,2022,20,Cast Iron,Process,Medium,Medium,B,58133,6.1,Some,Bearing Grease,Manual
EQ00001587,SITE07,UNIT00020,AREA000125,DRILLING,Top Drive,TOP-187,SN-91600575,Active,2019,24,Stainless Steel,Pneumatic,Critical,Critical,B,133664,18.8,Yes,EP Gear Oil / Grease,Grease gun / centralized
EQ00001588,SITE07,UNIT00020,AREA000125,VEHICLE,Emergency Response Vehicle,EME-614,SN-46506519,Under Maintenance,2017,10,Carbon Steel,Electrical,High,High,A,198044,0.5,Yes,Engine / Gear Lubricant,Workshop service
EQ00001589,SITE07,UNIT00020,AREA000123,INSTRUMENTATION,Control Valve,CON-985,SN-20470754,Under Maintenance,2024,14,Cast Iron,Pneumatic,High,High,A,70878,7.0,No,N/A,N/A
EQ00001590,SITE07,UNIT00020,AREA000126,ELECTRICAL,Switchgear,SWI-717,SN-34846737,Under Maintenance,2017,10,Stainless Steel,Mechanical,Critical,Critical,C,35420,20.2,Some,Bearing Grease,Manual
EQ00001591,SITE07,UNIT00020,AREA000126,PRODUCTION,Gas Compressor,GAS-714,SN-72274156,Standby,2021,23,Cast Iron,Mechanical,Critical,Critical,C,175424,19.0,Yes,Process/Mechanical Lubricant,Manual / automated
EQ00001592,SITE07,UNIT00020,AREA000126,DRILLING,Drawworks,DRA-544,SN-76942163,Under Maintenance,2018,26,Cast Iron,Hydraulic,Critical,Critical,B,14683,10.8,Yes,EP Gear Oil / Grease,Grease gun / centralized
EQ00001593,SITE07,UNIT00020,AREA000126,PRODUCTION,Gas Compressor,GAS-441,SN-77098790,Standby,2021,29,Stainless Steel,Electrical,Critical,Critical,C,138002,12.9,Yes,Process/Mechanical Lubricant,Manual / automated
EQ00001594,SITE07,UNIT00020,AREA000125,DRILLING,Top Drive,TOP-345,SN-44373077,Active,2022,23,Alloy Steel,Mixed,Critical,Critical,A,162739,6.1,Yes,EP Gear Oil / Grease,Grease gun / centralized
EQ00001595,SITE07,UNIT00020,AREA000121,PRODUCTION,Three-Phase Separator,THR-929,SN-20537429,Under Maintenance,2023,29,Carbon Steel,Mechanical,Critical,High,A,21649,5.9,Yes,Process/Mechanical Lubricant,Manual / automated
EQ00001596,SITE07,UNIT00020,AREA000123,PIPING,Process Pipeline,PRO-189,SN-56834100,Standby,2025,22,Stainless Steel,Electrical,Critical,High,C,52484,9.2,No,N/A,N/A
EQ00001597,SITE07,UNIT00020,AREA000124,ELECTRICAL,Switchgear,SWI-572,SN-12641443,Standby,2020,30,Cast Iron,Process,Critical,Critical,B,164923,18.7,Some,Bearing Grease,Manual
EQ00001598,SITE07,UNIT00020,AREA000124,WORKSHOP,Air Receiver,AIR-712,SN-30591209,Under Maintenance,2019,18,Cast Iron,Hydraulic,High,High,A,54596,3.6,Yes,Machine Oil / Grease,Manual
EQ00001599,SITE07,UNIT00020,AREA000122,ROTARY,Air Compressor,AIR-992,SN-84143186,Standby,2018,21,Cast Iron,Mixed,High,High,A,30130,23.6,Yes,Bearing Oil / Grease,Manual / auto-lube
EQ00001600,SITE07,UNIT00020,AREA000121,PIPING,Process Pipeline,PRO-547,SN-11056294,Standby,2025,29,Carbon Steel,Electrical,Critical,High,B,37869,14.7,No,N/A,N/A
EQ00001601,SITE07,UNIT00020,AREA000126,DRILLING,Wellhead,WEL-688,SN-44049138,Active,2016,18,Cast Iron,Mixed,Critical,Critical,B,24608,18.2,Yes,EP Gear Oil / Grease,Grease gun / centralized
EQ00001602,SITE07,UNIT00021,AREA000133,ELECTRICAL,Motor Control Centre,MOT-563,SN-84653674,Active,2019,22,Carbon Steel,Mechanical,Critical,High,B,66896,2.6,Some,Bearing Grease,Manual
EQ00001603,SITE07,UNIT00021,AREA000129,VEHICLE,Oil Tanker,OIL-406,SN-46053552,Under Maintenance,2020,17,Alloy Steel,Mixed,High,Critical,B,32116,13.9,Yes,Engine / Gear Lubricant,Workshop service
EQ00001604,SITE07,UNIT00021,AREA000134,DRILLING,Top Drive,TOP-227,SN-44768879,Under Maintenance,2023,19,Cast Iron,Mechanical,Critical,Critical,B,136788,6.1,Yes,EP Gear Oil / Grease,Grease gun / centralized
EQ00001605,SITE07,UNIT00021,AREA000129,WORKSHOP,Air Receiver,AIR-136,SN-87882838,Active,2018,21,Stainless Steel,Mixed,High,High,A,2025,15.6,Yes,Machine Oil / Grease,Manual
EQ00001606,SITE07,UNIT00021,AREA000130,PRODUCTION,Produced Water Pump,PRO-541,SN-14556401,Active,2018,15,Stainless Steel,Hydraulic,High,Medium,A,145428,0.2,Yes,Process/Mechanical Lubricant,Manual / automated
EQ00001607,SITE07,UNIT00021,AREA000129,ROTARY,Positive Displacement Pump,POS-761,SN-78481316,Standby,2018,22,Carbon Steel,Electrical,High,High,C,153929,15.0,Yes,Bearing Oil / Grease,Manual / auto-lube
EQ00001608,SITE07,UNIT00021,AREA000133,WORKSHOP,Grinding Machine,GRI-176,SN-54991176,Active,2023,15,Alloy Steel,Mixed,Medium,High,C,156954,18.2,Yes,Machine Oil / Grease,Manual
EQ00001609,SITE07,UNIT00021,AREA000127,STATIC,Fired Heater,FIR-871,SN-94736341,Active,2021,21,Alloy Steel,Process,Critical,Critical,C,143421,15.5,No,N/A,N/A
EQ00001610,SITE07,UNIT00021,AREA000134,ELECTRICAL,Industrial Motor,IND-338,SN-62870475,Standby,2019,23,Alloy Steel,Process,High,High,A,74032,5.4,Some,Bearing Grease,Manual
EQ00001611,SITE07,UNIT00021,AREA000128,WORKSHOP,Welding Machine,WEL-598,SN-77187412,Active,2025,20,Carbon Steel,Pneumatic,Medium,High,C,30567,8.4,Yes,Machine Oil / Grease,Manual
EQ00001612,SITE07,UNIT00021,AREA000128,VEHICLE,Heavy Utility Vehicle,HEA-648,SN-38983728,Active,2025,16,Carbon Steel,Pneumatic,Medium,Medium,B,155429,23.0,Yes,Engine / Gear Lubricant,Workshop service
EQ00001613,SITE07,UNIT00021,AREA000128,ELECTRICAL,Industrial Motor,IND-738,SN-60445291,Active,2023,13,Carbon Steel,Hydraulic,High,High,C,43524,19.9,Some,Bearing Grease,Manual
EQ00001614,SITE07,UNIT00021,AREA000134,LIFTING,Overhead Crane,OVE-208,SN-29833202,Standby,2024,26,Carbon Steel,Electrical,High,Critical,B,165554,22.1,Yes,Wire Rope / Gear Grease,Manual
EQ00001615,SITE07,UNIT00021,AREA000129,PRODUCTION,Crude Oil Pump,CRU-498,SN-72853699,Standby,2020,10,Carbon Steel,Hydraulic,High,High,C,37422,19.3,Yes,Process/Mechanical Lubricant,Manual / automated
EQ00001616,SITE07,UNIT00021,AREA000133,INSTRUMENTATION,Emergency Shutdown System,EME-764,SN-60216928,Active,2018,13,Cast Iron,Hydraulic,Critical,Critical,A,145613,21.7,No,N/A,N/A
EQ00001617,SITE07,UNIT00021,AREA000127,DRILLING,Drilling Rig,DRI-548,SN-83908711,Active,2023,23,Stainless Steel,Hydraulic,Critical,High,A,178106,19.2,Yes,EP Gear Oil / Grease,Grease gun / centralized
EQ00001618,SITE07,UNIT00021,AREA000129,VEHICLE,Oil Tanker,OIL-307,SN-96719643,Active,2019,30,Carbon Steel,Electrical,High,Critical,A,86012,20.7,Yes,Engine / Gear Lubricant,Workshop service
EQ00001619,SITE07,UNIT00021,AREA000129,STATIC,Heat Exchanger,HEA-452,SN-30147706,Under Maintenance,2017,23,Alloy Steel,Hydraulic,High,High,C,123373,18.1,No,N/A,N/A
EQ00001620,SITE07,UNIT00021,AREA000130,PIPING,Process Pipeline,PRO-115,SN-97431715,Active,2020,25,Carbon Steel,Process,Critical,High,B,70770,23.9,No,N/A,N/A
EQ00001621,SITE07,UNIT00021,AREA000127,LIFTING,Overhead Crane,OVE-233,SN-34818947,Active,2016,15,Stainless Steel,Mechanical,High,Critical,B,25002,9.7,Yes,Wire Rope / Gear Grease,Manual
EQ00001622,SITE07,UNIT00021,AREA000130,SAFETY,Fire Alarm Panel,FIR-141,SN-20441208,Active,2017,29,Carbon Steel,Electrical,High,High,C,69789,9.5,Some,Pump Bearing Grease,Manual
EQ00001623,SITE07,UNIT00021,AREA000134,INSTRUMENTATION,Pressure Transmitter,PRE-238,SN-71656254,Under Maintenance,2018,17,Stainless Steel,Mixed,High,High,C,3139,4.1,No,N/A,N/A
EQ00001624,SITE07,UNIT00021,AREA000128,LIFTING,Mobile Crane,MOB-533,SN-41679812,Active,2020,15,Alloy Steel,Hydraulic,Critical,Critical,C,62986,6.3,Yes,Wire Rope / Gear Grease,Manual
EQ00001625,SITE07,UNIT00021,AREA000131,STATIC,Fired Heater,FIR-220,SN-94466056,Active,2018,24,Stainless Steel,Process,Critical,Critical,C,154727,2.3,No,N/A,N/A
EQ00001626,SITE07,UNIT00021,AREA000130,DRILLING,Top Drive,TOP-276,SN-11408574,Standby,2023,24,Cast Iron,Mixed,Critical,Critical,C,58079,1.5,Yes,EP Gear Oil / Grease,Grease gun / centralized
EQ00001627,SITE07,UNIT00021,AREA000132,DRILLING,Blowout Preventer,BLO-553,SN-41706277,Under Maintenance,2016,26,Alloy Steel,Process,Critical,Critical,C,85369,8.2,Yes,EP Gear Oil / Grease,Grease gun / centralized
EQ00001628,SITE07,UNIT00021,AREA000132,SAFETY,Foam System,FOA-826,SN-46043870,Under Maintenance,2017,29,Cast Iron,Hydraulic,Critical,High,A,171444,0.9,Some,Pump Bearing Grease,Manual
EQ00001629,SITE07,UNIT00021,AREA000127,ENVIRONMENT,Effluent Treatment Unit,EFF-997,SN-91421648,Active,2021,11,Stainless Steel,Electrical,High,Medium,C,184868,3.7,Yes,Pump Bearing Grease,Manual
EQ00001630,SITE07,UNIT00021,AREA000133,WORKSHOP,Hydraulic Press,HYD-396,SN-18102068,Active,2023,10,Cast Iron,Pneumatic,Medium,High,A,86915,16.6,Yes,Machine Oil / Grease,Manual
EQ00001631,SITE07,UNIT00021,AREA000134,SAFETY,Fire Water Pump,FIR-545,SN-50056255,Active,2021,10,Stainless Steel,Mixed,Critical,Critical,A,71221,12.4,Some,Pump Bearing Grease,Manual
EQ00001632,SITE07,UNIT00021,AREA000132,SAFETY,Fire Hydrant,FIR-461,SN-80176615,Active,2016,22,Carbon Steel,Pneumatic,High,High,A,40005,23.6,Some,Pump Bearing Grease,Manual
EQ00001633,SITE07,UNIT00021,AREA000130,DRILLING,Blowout Preventer,BLO-205,SN-44169957,Active,2022,23,Stainless Steel,Mixed,Critical,Critical,B,5682,11.1,Yes,EP Gear Oil / Grease,Grease gun / centralized
EQ00001634,SITE07,UNIT00021,AREA000132,LIFTING,Forklift,FOR-125,SN-58154632,Active,2025,15,Alloy Steel,Process,High,High,B,138026,6.9,Yes,Wire Rope / Gear Grease,Manual
EQ00001635,SITE07,UNIT00021,AREA000130,WORKSHOP,Hydraulic Press,HYD-747,SN-88157636,Active,2023,30,Carbon Steel,Pneumatic,Medium,High,C,138232,6.8,Yes,Machine Oil / Grease,Manual
EQ00001636,SITE07,UNIT00021,AREA000131,ELECTRICAL,Transformer,TRA-578,SN-61009759,Standby,2018,24,Alloy Steel,Electrical,Critical,High,B,89113,5.9,Some,Bearing Grease,Manual
EQ00001637,SITE07,UNIT00021,AREA000134,PIPING,Process Pipeline,PRO-602,SN-83502837,Active,2020,20,Cast Iron,Mixed,Critical,High,A,72534,17.6,No,N/A,N/A
EQ00001638,SITE07,UNIT00021,AREA000129,PIPING,Pig Launcher/Receiver,PIG-925,SN-20960998,Standby,2016,19,Cast Iron,Hydraulic,High,High,C,147826,2.3,No,N/A,N/A
EQ00001639,SITE07,UNIT00021,AREA000130,WORKSHOP,Air Receiver,AIR-810,SN-48668446,Active,2022,20,Alloy Steel,Mechanical,High,High,C,82157,16.3,Yes,Machine Oil / Grease,Manual
EQ00001640,SITE07,UNIT00021,AREA000133,LIFTING,Hoist,HOI-313,SN-50610637,Active,2019,21,Stainless Steel,Process,High,High,B,95345,21.0,Yes,Wire Rope / Gear Grease,Manual
EQ00001641,SITE07,UNIT00021,AREA000129,VEHICLE,Emergency Response Vehicle,EME-629,SN-36865668,Standby,2023,14,Cast Iron,Process,High,High,C,73331,14.9,Yes,Engine / Gear Lubricant,Workshop service
EQ00001642,SITE07,UNIT00021,AREA000129,DRILLING,Cementing Unit,CEM-799,SN-12185096,Active,2016,30,Stainless Steel,Process,High,High,B,141596,0.3,Yes,EP Gear Oil / Grease,Grease gun / centralized
EQ00001643,SITE07,UNIT00021,AREA000131,DRILLING,Drilling Rig,DRI-241,SN-45959971,Active,2020,22,Carbon Steel,Process,Critical,High,A,146803,12.6,Yes,EP Gear Oil / Grease,Grease gun / centralized
EQ00001644,SITE07,UNIT00021,AREA000134,ELECTRICAL,Switchgear,SWI-146,SN-78225045,Active,2017,26,Cast Iron,Mechanical,Critical,Critical,A,30078,5.8,Some,Bearing Grease,Manual
EQ00001645,SITE07,UNIT00021,AREA000134,INSTRUMENTATION,Control Valve,CON-627,SN-58954686,Active,2020,26,Stainless Steel,Pneumatic,High,High,B,59279,3.6,No,N/A,N/A
EQ00001646,SITE07,UNIT00021,AREA000132,ROTARY,Diesel Generator,DIE-960,SN-41456685,Active,2023,17,Alloy Steel,Mechanical,High,High,C,56540,12.0,Yes,Bearing Oil / Grease,Manual / auto-lube
EQ00001647,SITE07,UNIT00021,AREA000131,WORKSHOP,Hydraulic Press,HYD-136,SN-87098674,Under Maintenance,2024,21,Stainless Steel,Mechanical,Medium,High,B,173234,3.3,Yes,Machine Oil / Grease,Manual
EQ00001648,SITE07,UNIT00021,AREA000134,PRODUCTION,Gas Dehydration Unit,GAS-963,SN-79155032,Active,2024,17,Carbon Steel,Mechanical,High,High,B,197936,13.9,Yes,Process/Mechanical Lubricant,Manual / automated
EQ00001649,SITE07,UNIT00021,AREA000132,DRILLING,Drawworks,DRA-310,SN-24150695,Active,2020,24,Stainless Steel,Electrical,Critical,Critical,A,187438,13.8,Yes,EP Gear Oil / Grease,Grease gun / centralized
EQ00001650,SITE07,UNIT00021,AREA000129,WORKSHOP,Grinding Machine,GRI-340,SN-98961549,Under Maintenance,2024,27,Cast Iron,Mechanical,Medium,High,C,25679,15.1,Yes,Machine Oil / Grease,Manual
EQ00001651,SITE07,UNIT00021,AREA000127,ROTARY,Positive Displacement Pump,POS-451,SN-45262118,Active,2017,24,Stainless Steel,Hydraulic,High,High,B,121422,5.6,Yes,Bearing Oil / Grease,Manual / auto-lube
EQ00001652,SITE07,UNIT00021,AREA000128,PIPING,Pipeline Valve,PIP-817,SN-45756404,Active,2017,19,Carbon Steel,Mixed,High,High,B,101586,23.0,No,N/A,N/A
EQ00001653,SITE07,UNIT00021,AREA000130,WORKSHOP,Grinding Machine,GRI-807,SN-96803251,Under Maintenance,2020,23,Cast Iron,Electrical,Medium,High,B,183199,7.0,Yes,Machine Oil / Grease,Manual
EQ00001654,SITE07,UNIT00021,AREA000129,STATIC,Boiler,BOI-425,SN-17590039,Under Maintenance,2018,12,Stainless Steel,Mechanical,Critical,High,C,177699,3.7,No,N/A,N/A
EQ00001655,SITE07,UNIT00021,AREA000133,PRODUCTION,Gas Sweetening Unit,GAS-682,SN-87558683,Active,2023,14,Carbon Steel,Mixed,Critical,High,B,32616,5.3,Yes,Process/Mechanical Lubricant,Manual / automated
EQ00001656,SITE07,UNIT00021,AREA000129,ENVIRONMENT,Effluent Treatment Unit,EFF-275,SN-32880061,Active,2022,13,Stainless Steel,Mechanical,High,Medium,B,110914,3.2,Yes,Pump Bearing Grease,Manual
EQ00001657,SITE07,UNIT00021,AREA000128,PRODUCTION,Gas Compressor,GAS-398,SN-74622174,Under Maintenance,2018,22,Cast Iron,Pneumatic,Critical,Critical,C,123287,12.4,Yes,Process/Mechanical Lubricant,Manual / automated
EQ00001658,SITE07,UNIT00021,AREA000128,ENVIRONMENT,Effluent Treatment Unit,EFF-397,SN-53800558,Active,2024,29,Stainless Steel,Electrical,High,Medium,C,190198,23.5,Yes,Pump Bearing Grease,Manual
EQ00001659,SITE07,UNIT00021,AREA000132,INSTRUMENTATION,Gas Detector,GAS-904,SN-98383537,Active,2023,11,Stainless Steel,Mechanical,Critical,Critical,B,162742,6.0,No,N/A,N/A
EQ00001660,SITE07,UNIT00021,AREA000129,ROTARY,Positive Displacement Pump,POS-357,SN-67437930,Standby,2021,24,Stainless Steel,Mechanical,High,High,C,99346,10.7,Yes,Bearing Oil / Grease,Manual / auto-lube
EQ00001661,SITE07,UNIT00021,AREA000127,VEHICLE,Heavy Utility Vehicle,HEA-709,SN-20715673,Under Maintenance,2018,21,Cast Iron,Hydraulic,Medium,Medium,A,175402,19.9,Yes,Engine / Gear Lubricant,Workshop service
EQ00001662,SITE07,UNIT00021,AREA000127,PRODUCTION,Three-Phase Separator,THR-106,SN-98733287,Active,2023,17,Alloy Steel,Mixed,Critical,High,C,28501,11.7,Yes,Process/Mechanical Lubricant,Manual / automated
EQ00001663,SITE07,UNIT00021,AREA000132,LIFTING,Mobile Crane,MOB-933,SN-52953597,Active,2024,25,Cast Iron,Process,Critical,Critical,C,22317,10.3,Yes,Wire Rope / Gear Grease,Manual
EQ00001664,SITE07,UNIT00021,AREA000133,ROTARY,Positive Displacement Pump,POS-870,SN-41090468,Active,2020,24,Alloy Steel,Hydraulic,High,High,A,19594,17.5,Yes,Bearing Oil / Grease,Manual / auto-lube
EQ00001665,SITE07,UNIT00021,AREA000133,PIPING,Pipeline Valve,PIP-936,SN-23681900,Standby,2019,18,Cast Iron,Electrical,High,High,B,180890,9.7,No,N/A,N/A
EQ00001666,SITE07,UNIT00021,AREA000133,DRILLING,Drawworks,DRA-312,SN-44720660,Standby,2021,29,Cast Iron,Mixed,Critical,Critical,A,10165,13.7,Yes,EP Gear Oil / Grease,Grease gun / centralized
EQ00001667,SITE07,UNIT00021,AREA000133,PRODUCTION,Gas Compressor,GAS-103,SN-29826403,Under Maintenance,2021,19,Stainless Steel,Hydraulic,Critical,Critical,A,199701,2.1,Yes,Process/Mechanical Lubricant,Manual / automated
EQ00001668,SITE07,UNIT00021,AREA000127,WORKSHOP,Hydraulic Press,HYD-939,SN-99793462,Active,2017,25,Carbon Steel,Electrical,Medium,High,B,121839,18.1,Yes,Machine Oil / Grease,Manual
EQ00001669,SITE07,UNIT00021,AREA000134,SAFETY,Fire Alarm Panel,FIR-173,SN-95687907,Active,2020,30,Stainless Steel,Pneumatic,High,High,B,28417,7.2,Some,Pump Bearing Grease,Manual
EQ00001670,SITE07,UNIT00021,AREA000132,PRODUCTION,Three-Phase Separator,THR-444,SN-87402240,Active,2019,17,Carbon Steel,Electrical,Critical,High,C,102616,8.8,Yes,Process/Mechanical Lubricant,Manual / automated
EQ00001671,SITE07,UNIT00021,AREA000133,LIFTING,Forklift,FOR-596,SN-91705256,Standby,2024,21,Stainless Steel,Electrical,High,High,A,16851,12.7,Yes,Wire Rope / Gear Grease,Manual
EQ00001672,SITE07,UNIT00021,AREA000127,ROTARY,Positive Displacement Pump,POS-357,SN-79303511,Standby,2022,14,Stainless Steel,Hydraulic,High,High,C,199767,17.5,Yes,Bearing Oil / Grease,Manual / auto-lube
EQ00001673,SITE07,UNIT00021,AREA000130,ELECTRICAL,Switchgear,SWI-813,SN-62970101,Active,2018,14,Alloy Steel,Electrical,Critical,Critical,B,55591,7.4,Some,Bearing Grease,Manual
EQ00001674,SITE08,UNIT00022,AREA000138,DRILLING,Wellhead,WEL-965,SN-15854035,Active,2017,10,Alloy Steel,Hydraulic,Critical,Critical,A,58098,1.0,Yes,EP Gear Oil / Grease,Grease gun / centralized
EQ00001675,SITE08,UNIT00022,AREA000136,STATIC,Pressure Vessel,PRE-289,SN-72329293,Standby,2021,22,Alloy Steel,Pneumatic,Critical,Critical,B,97000,16.7,No,N/A,N/A
EQ00001676,SITE08,UNIT00022,AREA000140,PRODUCTION,Produced Water Pump,PRO-285,SN-12920166,Active,2020,20,Cast Iron,Pneumatic,High,Medium,B,164268,5.4,Yes,Process/Mechanical Lubricant,Manual / automated
EQ00001677,SITE08,UNIT00022,AREA000135,LIFTING,Forklift,FOR-427,SN-81982346,Active,2022,26,Stainless Steel,Pneumatic,High,High,B,94373,7.3,Yes,Wire Rope / Gear Grease,Manual
EQ00001678,SITE08,UNIT00022,AREA000135,DRILLING,Drilling Rig,DRI-833,SN-56592409,Active,2017,21,Carbon Steel,Electrical,Critical,High,B,79384,19.4,Yes,EP Gear Oil / Grease,Grease gun / centralized
EQ00001679,SITE08,UNIT00022,AREA000135,LIFTING,Forklift,FOR-876,SN-64486779,Active,2021,30,Alloy Steel,Mechanical,High,High,A,103327,1.3,Yes,Wire Rope / Gear Grease,Manual
EQ00001680,SITE08,UNIT00022,AREA000140,WORKSHOP,Hydraulic Press,HYD-809,SN-27581819,Active,2016,15,Cast Iron,Mixed,Medium,High,A,9432,22.6,Yes,Machine Oil / Grease,Manual
EQ00001681,SITE08,UNIT00022,AREA000135,ROTARY,Air Compressor,AIR-637,SN-61845773,Standby,2017,10,Carbon Steel,Process,High,High,C,130744,12.9,Yes,Bearing Oil / Grease,Manual / auto-lube
EQ00001682,SITE08,UNIT00022,AREA000135,LIFTING,Mobile Crane,MOB-974,SN-65266445,Active,2023,25,Carbon Steel,Mixed,Critical,Critical,C,179710,9.3,Yes,Wire Rope / Gear Grease,Manual
EQ00001683,SITE08,UNIT00022,AREA000136,WORKSHOP,Grinding Machine,GRI-837,SN-74889809,Standby,2023,10,Stainless Steel,Electrical,Medium,High,C,15254,10.2,Yes,Machine Oil / Grease,Manual
EQ00001684,SITE08,UNIT00022,AREA000137,SAFETY,Fire Water Pump,FIR-304,SN-75760463,Active,2020,10,Alloy Steel,Mechanical,Critical,Critical,B,117486,21.0,Some,Pump Bearing Grease,Manual
EQ00001685,SITE08,UNIT00022,AREA000136,WORKSHOP,Grinding Machine,GRI-556,SN-45105675,Standby,2023,30,Carbon Steel,Mechanical,Medium,High,A,136744,6.2,Yes,Machine Oil / Grease,Manual
EQ00001686,SITE08,UNIT00022,AREA000136,PIPING,Pipeline Valve,PIP-777,SN-47745908,Active,2019,11,Stainless Steel,Mechanical,High,High,C,143867,11.5,No,N/A,N/A
EQ00001687,SITE08,UNIT00022,AREA000140,WORKSHOP,Hydraulic Press,HYD-972,SN-25329393,Active,2021,30,Alloy Steel,Hydraulic,Medium,High,B,191251,7.8,Yes,Machine Oil / Grease,Manual
EQ00001688,SITE08,UNIT00022,AREA000137,PIPING,Process Pipeline,PRO-849,SN-25087157,Standby,2020,26,Stainless Steel,Hydraulic,Critical,High,C,122735,11.0,No,N/A,N/A
EQ00001689,SITE08,UNIT00022,AREA000137,DRILLING,Drilling Rig,DRI-268,SN-85869214,Active,2022,17,Alloy Steel,Mixed,Critical,High,C,86250,10.2,Yes,EP Gear Oil / Grease,Grease gun / centralized
EQ00001690,SITE08,UNIT00022,AREA000135,STATIC,Fired Heater,FIR-491,SN-75197401,Under Maintenance,2020,22,Stainless Steel,Process,Critical,Critical,C,40250,9.0,No,N/A,N/A
EQ00001691,SITE08,UNIT00022,AREA000139,DRILLING,Mud Pump,MUD-304,SN-27603371,Active,2023,24,Carbon Steel,Process,Critical,High,A,26461,9.8,Yes,EP Gear Oil / Grease,Grease gun / centralized
EQ00001692,SITE08,UNIT00022,AREA000135,STATIC,Fired Heater,FIR-592,SN-48742975,Active,2017,22,Carbon Steel,Hydraulic,Critical,Critical,A,38187,21.5,No,N/A,N/A
EQ00001693,SITE08,UNIT00022,AREA000135,VEHICLE,Emergency Response Vehicle,EME-761,SN-88167457,Active,2020,18,Cast Iron,Electrical,High,High,A,40504,13.1,Yes,Engine / Gear Lubricant,Workshop service
EQ00001694,SITE08,UNIT00022,AREA000138,ELECTRICAL,Motor Control Centre,MOT-253,SN-97661360,Under Maintenance,2020,15,Stainless Steel,Hydraulic,Critical,High,C,132295,6.8,Some,Bearing Grease,Manual
EQ00001695,SITE08,UNIT00022,AREA000135,ELECTRICAL,Motor Control Centre,MOT-966,SN-79561185,Under Maintenance,2019,25,Carbon Steel,Mixed,Critical,High,B,124021,2.6,Some,Bearing Grease,Manual
EQ00001696,SITE08,UNIT00022,AREA000140,LIFTING,Forklift,FOR-414,SN-92961145,Standby,2018,20,Stainless Steel,Process,High,High,A,11800,5.5,Yes,Wire Rope / Gear Grease,Manual
EQ00001697,SITE08,UNIT00022,AREA000138,PIPING,Relief Valve,REL-651,SN-83081315,Active,2021,24,Alloy Steel,Pneumatic,Critical,Critical,A,181950,3.6,No,N/A,N/A
EQ00001698,SITE08,UNIT00022,AREA000136,SAFETY,Fire Hydrant,FIR-708,SN-86602417,Under Maintenance,2023,15,Carbon Steel,Hydraulic,High,High,C,141800,10.8,Some,Pump Bearing Grease,Manual
EQ00001699,SITE08,UNIT00022,AREA000136,ROTARY,Diesel Generator,DIE-169,SN-41456892,Active,2016,24,Carbon Steel,Mixed,High,High,B,85174,21.2,Yes,Bearing Oil / Grease,Manual / auto-lube
EQ00001700,SITE08,UNIT00022,AREA000136,VEHICLE,Emergency Response Vehicle,EME-114,SN-12586803,Active,2024,17,Stainless Steel,Mechanical,High,High,B,197491,11.0,Yes,Engine / Gear Lubricant,Workshop service
EQ00001701,SITE08,UNIT00022,AREA000140,ROTARY,Positive Displacement Pump,POS-716,SN-48716063,Active,2025,28,Stainless Steel,Mechanical,High,High,A,17644,17.8,Yes,Bearing Oil / Grease,Manual / auto-lube
EQ00001702,SITE08,UNIT00022,AREA000139,LIFTING,Overhead Crane,OVE-308,SN-51210371,Active,2024,18,Stainless Steel,Hydraulic,High,Critical,A,128338,7.1,Yes,Wire Rope / Gear Grease,Manual
EQ00001703,SITE08,UNIT00022,AREA000136,SAFETY,Foam System,FOA-555,SN-87591997,Active,2025,17,Alloy Steel,Electrical,Critical,High,A,176507,18.0,Some,Pump Bearing Grease,Manual
EQ00001704,SITE08,UNIT00022,AREA000140,WORKSHOP,Air Receiver,AIR-408,SN-32836043,Under Maintenance,2016,25,Alloy Steel,Mixed,High,High,C,165729,2.2,Yes,Machine Oil / Grease,Manual
EQ00001705,SITE08,UNIT00022,AREA000139,DRILLING,Drilling Rig,DRI-965,SN-53622284,Active,2018,20,Stainless Steel,Process,Critical,High,C,7853,23.6,Yes,EP Gear Oil / Grease,Grease gun / centralized
EQ00001706,SITE08,UNIT00022,AREA000136,ROTARY,Positive Displacement Pump,POS-329,SN-31617624,Active,2022,26,Alloy Steel,Hydraulic,High,High,A,62061,5.6,Yes,Bearing Oil / Grease,Manual / auto-lube
EQ00001707,SITE08,UNIT00022,AREA000137,DRILLING,Cementing Unit,CEM-859,SN-59662306,Standby,2017,11,Stainless Steel,Mechanical,High,High,C,104063,20.5,Yes,EP Gear Oil / Grease,Grease gun / centralized
EQ00001708,SITE08,UNIT00022,AREA000135,PRODUCTION,Gas Sweetening Unit,GAS-145,SN-99439308,Active,2019,27,Carbon Steel,Process,Critical,High,A,95456,15.9,Yes,Process/Mechanical Lubricant,Manual / automated
EQ00001709,SITE08,UNIT00022,AREA000139,WORKSHOP,Welding Machine,WEL-858,SN-57358541,Active,2022,22,Alloy Steel,Mixed,Medium,High,A,41981,21.4,Yes,Machine Oil / Grease,Manual
EQ00001710,SITE08,UNIT00022,AREA000139,SAFETY,Foam System,FOA-799,SN-59621887,Under Maintenance,2019,13,Alloy Steel,Pneumatic,Critical,High,A,165999,4.1,Some,Pump Bearing Grease,Manual
EQ00001711,SITE08,UNIT00022,AREA000140,INSTRUMENTATION,Control Valve,CON-894,SN-24734545,Standby,2019,17,Alloy Steel,Process,High,High,C,149078,10.4,No,N/A,N/A
EQ00001712,SITE08,UNIT00022,AREA000136,WORKSHOP,Lathe Machine,LAT-687,SN-36484198,Standby,2021,20,Carbon Steel,Process,Medium,Medium,A,91087,1.0,Yes,Machine Oil / Grease,Manual
EQ00001713,SITE08,UNIT00022,AREA000136,STATIC,Heat Exchanger,HEA-418,SN-34326496,Active,2022,30,Alloy Steel,Process,High,High,A,140586,17.0,No,N/A,N/A
EQ00001714,SITE08,UNIT00022,AREA000137,ROTARY,Positive Displacement Pump,POS-854,SN-41009602,Active,2019,19,Stainless Steel,Hydraulic,High,High,C,72421,13.4,Yes,Bearing Oil / Grease,Manual / auto-lube
EQ00001715,SITE08,UNIT00022,AREA000135,DRILLING,Blowout Preventer,BLO-218,SN-96287548,Active,2017,10,Cast Iron,Hydraulic,Critical,Critical,B,150699,11.3,Yes,EP Gear Oil / Grease,Grease gun / centralized
EQ00001716,SITE08,UNIT00022,AREA000138,PRODUCTION,Gas Dehydration Unit,GAS-695,SN-53901264,Under Maintenance,2017,27,Carbon Steel,Pneumatic,High,High,A,38624,21.8,Yes,Process/Mechanical Lubricant,Manual / automated
EQ00001717,SITE08,UNIT00022,AREA000136,VEHICLE,Emergency Response Vehicle,EME-870,SN-27020627,Standby,2018,11,Alloy Steel,Process,High,High,B,63669,21.1,Yes,Engine / Gear Lubricant,Workshop service
EQ00001718,SITE08,UNIT00022,AREA000137,VEHICLE,Oil Tanker,OIL-838,SN-81987448,Active,2020,20,Carbon Steel,Hydraulic,High,Critical,A,173856,12.4,Yes,Engine / Gear Lubricant,Workshop service
EQ00001719,SITE08,UNIT00022,AREA000136,PRODUCTION,Gas Dehydration Unit,GAS-459,SN-44981588,Standby,2019,16,Stainless Steel,Pneumatic,High,High,A,45243,20.7,Yes,Process/Mechanical Lubricant,Manual / automated
EQ00001720,SITE08,UNIT00022,AREA000139,WORKSHOP,Air Receiver,AIR-819,SN-24103655,Active,2021,13,Carbon Steel,Process,High,High,A,118386,6.7,Yes,Machine Oil / Grease,Manual
EQ00001721,SITE08,UNIT00022,AREA000139,ENVIRONMENT,Effluent Treatment Unit,EFF-322,SN-30026032,Active,2022,12,Carbon Steel,Mechanical,High,Medium,B,95103,16.5,Yes,Pump Bearing Grease,Manual
EQ00001722,SITE08,UNIT00022,AREA000138,LIFTING,Mobile Crane,MOB-301,SN-58834397,Active,2025,29,Alloy Steel,Pneumatic,Critical,Critical,A,28576,17.8,Yes,Wire Rope / Gear Grease,Manual
EQ00001723,SITE08,UNIT00022,AREA000139,ROTARY,Air Compressor,AIR-930,SN-18992837,Active,2020,18,Cast Iron,Pneumatic,High,High,C,47739,0.7,Yes,Bearing Oil / Grease,Manual / auto-lube
EQ00001724,SITE08,UNIT00022,AREA000139,WORKSHOP,Lathe Machine,LAT-312,SN-39010260,Under Maintenance,2018,28,Carbon Steel,Pneumatic,Medium,Medium,C,129619,18.1,Yes,Machine Oil / Grease,Manual
EQ00001725,SITE08,UNIT00022,AREA000137,LIFTING,Hoist,HOI-137,SN-93244104,Active,2016,24,Alloy Steel,Pneumatic,High,High,C,156289,4.0,Yes,Wire Rope / Gear Grease,Manual
EQ00001726,SITE08,UNIT00022,AREA000136,WORKSHOP,Welding Machine,WEL-111,SN-12478762,Standby,2022,21,Alloy Steel,Electrical,Medium,High,B,3372,15.7,Yes,Machine Oil / Grease,Manual
EQ00001727,SITE08,UNIT00022,AREA000138,ELECTRICAL,Motor Control Centre,MOT-524,SN-67229387,Active,2017,11,Stainless Steel,Process,Critical,High,C,1960,3.2,Some,Bearing Grease,Manual
EQ00001728,SITE08,UNIT00022,AREA000136,INSTRUMENTATION,Emergency Shutdown System,EME-931,SN-81125624,Active,2024,16,Stainless Steel,Mechanical,Critical,Critical,C,192380,12.6,No,N/A,N/A
EQ00001729,SITE08,UNIT00022,AREA000138,SAFETY,Fire Alarm Panel,FIR-149,SN-93257223,Active,2018,23,Alloy Steel,Pneumatic,High,High,C,86821,19.4,Some,Pump Bearing Grease,Manual
EQ00001730,SITE08,UNIT00022,AREA000136,DRILLING,Drawworks,DRA-623,SN-32381194,Active,2019,17,Alloy Steel,Hydraulic,Critical,Critical,A,37964,0.8,Yes,EP Gear Oil / Grease,Grease gun / centralized
EQ00001731,SITE08,UNIT00022,AREA000138,STATIC,Boiler,BOI-525,SN-92335651,Under Maintenance,2021,17,Cast Iron,Hydraulic,Critical,High,C,85823,0.7,No,N/A,N/A
EQ00001732,SITE08,UNIT00022,AREA000135,ROTARY,Diesel Generator,DIE-774,SN-88246501,Active,2025,23,Carbon Steel,Process,High,High,C,34710,5.4,Yes,Bearing Oil / Grease,Manual / auto-lube
EQ00001733,SITE08,UNIT00022,AREA000138,PRODUCTION,Crude Oil Pump,CRU-906,SN-14990530,Active,2025,16,Cast Iron,Hydraulic,High,High,A,189461,16.7,Yes,Process/Mechanical Lubricant,Manual / automated
EQ00001734,SITE08,UNIT00022,AREA000135,WORKSHOP,Hydraulic Press,HYD-884,SN-27891612,Active,2020,14,Carbon Steel,Electrical,Medium,High,C,180052,13.3,Yes,Machine Oil / Grease,Manual
EQ00001735,SITE08,UNIT00022,AREA000136,LIFTING,Mobile Crane,MOB-218,SN-88006858,Standby,2018,28,Stainless Steel,Hydraulic,Critical,Critical,B,183344,16.8,Yes,Wire Rope / Gear Grease,Manual
EQ00001736,SITE08,UNIT00022,AREA000137,PIPING,Pipeline Valve,PIP-219,SN-40491229,Active,2020,22,Stainless Steel,Mixed,High,High,C,2464,21.9,No,N/A,N/A
EQ00001737,SITE08,UNIT00022,AREA000139,LIFTING,Mobile Crane,MOB-298,SN-14681359,Standby,2020,14,Cast Iron,Mechanical,Critical,Critical,B,88812,3.1,Yes,Wire Rope / Gear Grease,Manual
EQ00001738,SITE08,UNIT00022,AREA000137,DRILLING,Mud Pump,MUD-227,SN-24147762,Active,2018,29,Alloy Steel,Mechanical,Critical,High,A,105257,20.6,Yes,EP Gear Oil / Grease,Grease gun / centralized
EQ00001739,SITE08,UNIT00022,AREA000137,PIPING,Pipeline Valve,PIP-925,SN-77274426,Active,2016,20,Alloy Steel,Process,High,High,C,89055,14.5,No,N/A,N/A
EQ00001740,SITE08,UNIT00022,AREA000140,PIPING,Process Pipeline,PRO-710,SN-51268329,Active,2021,21,Stainless Steel,Electrical,Critical,High,C,138986,13.8,No,N/A,N/A
EQ00001741,SITE08,UNIT00023,AREA000148,PIPING,Pipeline Valve,PIP-239,SN-57435084,Active,2025,27,Alloy Steel,Electrical,High,High,C,38803,22.5,No,N/A,N/A
EQ00001742,SITE08,UNIT00023,AREA000145,VEHICLE,Oil Tanker,OIL-814,SN-19822716,Active,2022,12,Cast Iron,Process,High,Critical,A,1925,11.9,Yes,Engine / Gear Lubricant,Workshop service
EQ00001743,SITE08,UNIT00023,AREA000148,INSTRUMENTATION,Gas Detector,GAS-158,SN-51292907,Active,2018,17,Stainless Steel,Mixed,Critical,Critical,B,3369,6.9,No,N/A,N/A
EQ00001744,SITE08,UNIT00023,AREA000144,PRODUCTION,Gas Compressor,GAS-263,SN-80986728,Standby,2017,27,Cast Iron,Pneumatic,Critical,Critical,B,115984,8.4,Yes,Process/Mechanical Lubricant,Manual / automated
EQ00001745,SITE08,UNIT00023,AREA000142,STATIC,Boiler,BOI-580,SN-17629542,Active,2024,25,Stainless Steel,Process,Critical,High,A,70871,19.2,No,N/A,N/A
EQ00001746,SITE08,UNIT00023,AREA000143,SAFETY,Foam System,FOA-269,SN-97142095,Active,2025,17,Stainless Steel,Mechanical,Critical,High,B,2393,22.2,Some,Pump Bearing Grease,Manual
EQ00001747,SITE08,UNIT00023,AREA000146,WORKSHOP,Lathe Machine,LAT-271,SN-61319004,Active,2024,23,Carbon Steel,Mechanical,Medium,Medium,B,59313,15.1,Yes,Machine Oil / Grease,Manual
EQ00001748,SITE08,UNIT00023,AREA000147,STATIC,Pressure Vessel,PRE-484,SN-30800125,Standby,2021,12,Cast Iron,Electrical,Critical,Critical,B,106874,7.2,No,N/A,N/A
EQ00001749,SITE08,UNIT00023,AREA000148,STATIC,Pressure Vessel,PRE-907,SN-34888857,Active,2023,15,Alloy Steel,Mechanical,Critical,Critical,B,134681,7.6,No,N/A,N/A
EQ00001750,SITE08,UNIT00023,AREA000142,STATIC,Heat Exchanger,HEA-967,SN-71485721,Active,2018,22,Carbon Steel,Mixed,High,High,A,78148,21.9,No,N/A,N/A
EQ00001751,SITE08,UNIT00023,AREA000143,PIPING,Pig Launcher/Receiver,PIG-126,SN-74894333,Under Maintenance,2024,23,Alloy Steel,Pneumatic,High,High,B,3032,2.8,No,N/A,N/A
EQ00001752,SITE08,UNIT00023,AREA000147,INSTRUMENTATION,Gas Detector,GAS-824,SN-83996748,Active,2019,29,Alloy Steel,Mechanical,Critical,Critical,B,13589,8.2,No,N/A,N/A
EQ00001753,SITE08,UNIT00023,AREA000144,DRILLING,Drawworks,DRA-258,SN-60285177,Standby,2018,11,Stainless Steel,Electrical,Critical,Critical,A,108926,13.1,Yes,EP Gear Oil / Grease,Grease gun / centralized
EQ00001754,SITE08,UNIT00023,AREA000144,WORKSHOP,Hydraulic Press,HYD-486,SN-62159818,Active,2019,19,Stainless Steel,Hydraulic,Medium,High,B,184743,6.8,Yes,Machine Oil / Grease,Manual
EQ00001755,SITE08,UNIT00023,AREA000147,PRODUCTION,Gas Dehydration Unit,GAS-787,SN-17722334,Active,2020,24,Cast Iron,Pneumatic,High,High,B,8199,18.3,Yes,Process/Mechanical Lubricant,Manual / automated
EQ00001756,SITE08,UNIT00023,AREA000148,STATIC,Fired Heater,FIR-608,SN-37154001,Active,2018,13,Cast Iron,Process,Critical,Critical,C,80896,9.5,No,N/A,N/A
EQ00001757,SITE08,UNIT00023,AREA000148,STATIC,Storage Tank,STO-666,SN-18808405,Active,2019,30,Cast Iron,Mixed,Critical,High,B,152549,22.5,No,N/A,N/A
EQ00001758,SITE08,UNIT00023,AREA000148,INSTRUMENTATION,Control Valve,CON-332,SN-45729728,Active,2021,28,Cast Iron,Electrical,High,High,C,151540,21.7,No,N/A,N/A
EQ00001759,SITE08,UNIT00023,AREA000144,PRODUCTION,Produced Water Pump,PRO-304,SN-18741724,Under Maintenance,2023,23,Stainless Steel,Hydraulic,High,Medium,A,111208,14.0,Yes,Process/Mechanical Lubricant,Manual / automated
EQ00001760,SITE08,UNIT00023,AREA000141,ELECTRICAL,Industrial Motor,IND-261,SN-93034235,Under Maintenance,2017,16,Alloy Steel,Mixed,High,High,B,77722,2.0,Some,Bearing Grease,Manual
EQ00001761,SITE08,UNIT00023,AREA000147,PIPING,Pipeline Valve,PIP-838,SN-93747482,Standby,2021,30,Cast Iron,Hydraulic,High,High,C,31236,7.2,No,N/A,N/A
EQ00001762,SITE08,UNIT00023,AREA000148,SAFETY,Fire Hydrant,FIR-777,SN-99999952,Under Maintenance,2016,13,Cast Iron,Process,High,High,B,38134,3.1,Some,Pump Bearing Grease,Manual
EQ00001763,SITE08,UNIT00023,AREA000142,ENVIRONMENT,Oil Water Separator,OIL-978,SN-12807175,Active,2019,10,Cast Iron,Mechanical,High,Medium,C,151371,6.3,Yes,Pump Bearing Grease,Manual
EQ00001764,SITE08,UNIT00023,AREA000142,ELECTRICAL,Motor Control Centre,MOT-274,SN-41652339,Under Maintenance,2019,15,Alloy Steel,Electrical,Critical,High,A,178131,22.8,Some,Bearing Grease,Manual
EQ00001765,SITE08,UNIT00023,AREA000146,ELECTRICAL,Transformer,TRA-189,SN-62969681,Standby,2024,15,Carbon Steel,Process,Critical,High,A,3571,6.6,Some,Bearing Grease,Manual
EQ00001766,SITE08,UNIT00023,AREA000144,INSTRUMENTATION,Emergency Shutdown System,EME-419,SN-26758376,Active,2024,13,Alloy Steel,Process,Critical,Critical,C,165732,17.1,No,N/A,N/A
EQ00001767,SITE08,UNIT00023,AREA000147,STATIC,Storage Tank,STO-938,SN-82529082,Standby,2020,12,Stainless Steel,Mixed,Critical,High,C,45044,8.4,No,N/A,N/A
EQ00001768,SITE08,UNIT00023,AREA000142,VEHICLE,Oil Tanker,OIL-448,SN-40059423,Under Maintenance,2019,19,Cast Iron,Mechanical,High,Critical,A,70504,3.8,Yes,Engine / Gear Lubricant,Workshop service
EQ00001769,SITE08,UNIT00023,AREA000142,ENVIRONMENT,Oil Water Separator,OIL-845,SN-68722361,Active,2017,12,Stainless Steel,Pneumatic,High,Medium,A,48466,16.9,Yes,Pump Bearing Grease,Manual
EQ00001770,SITE08,UNIT00023,AREA000144,PRODUCTION,Gas Sweetening Unit,GAS-957,SN-87466875,Active,2017,27,Alloy Steel,Electrical,Critical,High,B,65988,23.7,Yes,Process/Mechanical Lubricant,Manual / automated
EQ00001771,SITE08,UNIT00023,AREA000147,PIPING,Relief Valve,REL-123,SN-88853513,Active,2024,10,Cast Iron,Mixed,Critical,Critical,C,121297,14.8,No,N/A,N/A
EQ00001772,SITE08,UNIT00023,AREA000143,DRILLING,Mud Tank,MUD-310,SN-44923152,Active,2019,11,Stainless Steel,Hydraulic,High,Medium,C,146859,15.7,Yes,EP Gear Oil / Grease,Grease gun / centralized
EQ00001773,SITE08,UNIT00023,AREA000144,INSTRUMENTATION,Pressure Transmitter,PRE-876,SN-83417599,Active,2024,24,Cast Iron,Process,High,High,A,97619,4.6,No,N/A,N/A
EQ00001774,SITE08,UNIT00023,AREA000141,DRILLING,Drawworks,DRA-148,SN-94868390,Active,2023,18,Alloy Steel,Electrical,Critical,Critical,C,182146,9.1,Yes,EP Gear Oil / Grease,Grease gun / centralized
EQ00001775,SITE08,UNIT00023,AREA000145,ROTARY,Air Compressor,AIR-303,SN-87850646,Active,2023,26,Cast Iron,Hydraulic,High,High,A,90176,12.8,Yes,Bearing Oil / Grease,Manual / auto-lube
EQ00001776,SITE08,UNIT00023,AREA000144,ELECTRICAL,Switchgear,SWI-464,SN-26549740,Standby,2021,29,Cast Iron,Process,Critical,Critical,C,52153,15.8,Some,Bearing Grease,Manual
EQ00001777,SITE08,UNIT00023,AREA000146,DRILLING,Cementing Unit,CEM-963,SN-51100087,Active,2020,23,Cast Iron,Process,High,High,C,156086,17.5,Yes,EP Gear Oil / Grease,Grease gun / centralized
EQ00001778,SITE08,UNIT00023,AREA000146,STATIC,Pressure Vessel,PRE-742,SN-96806362,Active,2022,24,Stainless Steel,Mixed,Critical,Critical,A,141749,10.3,No,N/A,N/A
EQ00001779,SITE08,UNIT00023,AREA000146,STATIC,Heat Exchanger,HEA-624,SN-51663590,Active,2017,19,Cast Iron,Pneumatic,High,High,A,93846,1.0,No,N/A,N/A
EQ00001780,SITE08,UNIT00023,AREA000143,INSTRUMENTATION,Control Valve,CON-220,SN-84911165,Active,2017,27,Carbon Steel,Mechanical,High,High,A,184626,7.8,No,N/A,N/A
EQ00001781,SITE08,UNIT00023,AREA000146,STATIC,Pressure Vessel,PRE-302,SN-45044883,Standby,2020,18,Alloy Steel,Process,Critical,Critical,A,161036,7.8,No,N/A,N/A
EQ00001782,SITE08,UNIT00023,AREA000141,VEHICLE,Oil Tanker,OIL-191,SN-28261305,Under Maintenance,2017,21,Stainless Steel,Electrical,High,Critical,B,175006,17.4,Yes,Engine / Gear Lubricant,Workshop service
EQ00001783,SITE08,UNIT00023,AREA000146,ELECTRICAL,Industrial Motor,IND-859,SN-45264562,Standby,2021,15,Stainless Steel,Mechanical,High,High,C,141358,21.2,Some,Bearing Grease,Manual
EQ00001784,SITE08,UNIT00023,AREA000145,PRODUCTION,Produced Water Pump,PRO-676,SN-59519453,Active,2022,18,Alloy Steel,Pneumatic,High,Medium,C,184776,21.7,Yes,Process/Mechanical Lubricant,Manual / automated
EQ00001785,SITE08,UNIT00023,AREA000142,ELECTRICAL,Motor Control Centre,MOT-239,SN-34891480,Active,2023,28,Alloy Steel,Mechanical,Critical,High,B,46628,4.6,Some,Bearing Grease,Manual
EQ00001786,SITE08,UNIT00023,AREA000145,WORKSHOP,Lathe Machine,LAT-609,SN-78989031,Under Maintenance,2025,21,Stainless Steel,Mixed,Medium,Medium,C,96288,21.8,Yes,Machine Oil / Grease,Manual
EQ00001787,SITE08,UNIT00023,AREA000147,INSTRUMENTATION,Gas Detector,GAS-536,SN-45318545,Active,2016,19,Alloy Steel,Mixed,Critical,Critical,A,96103,17.9,No,N/A,N/A
EQ00001788,SITE08,UNIT00023,AREA000146,LIFTING,Mobile Crane,MOB-395,SN-54603109,Active,2024,21,Carbon Steel,Mixed,Critical,Critical,B,186204,15.9,Yes,Wire Rope / Gear Grease,Manual
EQ00001789,SITE08,UNIT00023,AREA000146,STATIC,Boiler,BOI-368,SN-95156556,Standby,2021,11,Carbon Steel,Hydraulic,Critical,High,A,155528,8.2,No,N/A,N/A
EQ00001790,SITE08,UNIT00023,AREA000145,WORKSHOP,Welding Machine,WEL-318,SN-12764273,Under Maintenance,2025,23,Cast Iron,Pneumatic,Medium,High,A,82238,14.5,Yes,Machine Oil / Grease,Manual
EQ00001791,SITE08,UNIT00023,AREA000148,LIFTING,Overhead Crane,OVE-295,SN-83568190,Active,2023,11,Cast Iron,Mixed,High,Critical,B,147546,14.5,Yes,Wire Rope / Gear Grease,Manual
EQ00001792,SITE08,UNIT00023,AREA000144,INSTRUMENTATION,Pressure Transmitter,PRE-645,SN-18861973,Active,2019,25,Stainless Steel,Hydraulic,High,High,C,196593,1.2,No,N/A,N/A
EQ00001793,SITE08,UNIT00023,AREA000144,LIFTING,Forklift,FOR-633,SN-47758228,Under Maintenance,2021,23,Stainless Steel,Electrical,High,High,A,54600,4.5,Yes,Wire Rope / Gear Grease,Manual
EQ00001794,SITE08,UNIT00023,AREA000142,VEHICLE,Heavy Utility Vehicle,HEA-263,SN-61834063,Standby,2020,14,Alloy Steel,Hydraulic,Medium,Medium,A,108976,11.9,Yes,Engine / Gear Lubricant,Workshop service
EQ00001795,SITE08,UNIT00023,AREA000148,INSTRUMENTATION,Emergency Shutdown System,EME-171,SN-10897001,Active,2025,17,Cast Iron,Mechanical,Critical,Critical,B,108501,8.3,No,N/A,N/A
EQ00001796,SITE08,UNIT00023,AREA000148,STATIC,Fired Heater,FIR-583,SN-49707710,Active,2024,13,Carbon Steel,Mechanical,Critical,Critical,C,132842,7.5,No,N/A,N/A
EQ00001797,SITE08,UNIT00023,AREA000143,PIPING,Pig Launcher/Receiver,PIG-993,SN-41611096,Under Maintenance,2022,14,Cast Iron,Process,High,High,B,23703,7.4,No,N/A,N/A
EQ00001798,SITE08,UNIT00023,AREA000148,PIPING,Relief Valve,REL-682,SN-68187641,Active,2020,28,Carbon Steel,Mechanical,Critical,Critical,A,22777,0.4,No,N/A,N/A
EQ00001799,SITE08,UNIT00023,AREA000144,INSTRUMENTATION,Emergency Shutdown System,EME-436,SN-32152203,Active,2025,20,Alloy Steel,Process,Critical,Critical,C,76017,8.7,No,N/A,N/A
EQ00001800,SITE08,UNIT00023,AREA000142,DRILLING,Drawworks,DRA-180,SN-47231829,Active,2020,17,Cast Iron,Hydraulic,Critical,Critical,B,73273,17.0,Yes,EP Gear Oil / Grease,Grease gun / centralized
EQ00001801,SITE08,UNIT00023,AREA000147,PIPING,Pig Launcher/Receiver,PIG-257,SN-20273058,Active,2020,23,Carbon Steel,Electrical,High,High,B,25391,7.4,No,N/A,N/A
EQ00001802,SITE08,UNIT00023,AREA000148,WORKSHOP,Air Receiver,AIR-654,SN-89397645,Standby,2025,20,Carbon Steel,Mechanical,High,High,A,28603,13.4,Yes,Machine Oil / Grease,Manual
EQ00001803,SITE08,UNIT00023,AREA000146,PRODUCTION,Gas Sweetening Unit,GAS-770,SN-79240626,Active,2018,24,Alloy Steel,Electrical,Critical,High,A,89386,22.8,Yes,Process/Mechanical Lubricant,Manual / automated
EQ00001804,SITE08,UNIT00023,AREA000148,ELECTRICAL,Switchgear,SWI-812,SN-61089121,Under Maintenance,2017,20,Alloy Steel,Electrical,Critical,Critical,A,51335,2.3,Some,Bearing Grease,Manual
EQ00001805,SITE08,UNIT00023,AREA000145,SAFETY,Fire Water Pump,FIR-167,SN-93972506,Active,2021,15,Alloy Steel,Mixed,Critical,Critical,A,46651,5.4,Some,Pump Bearing Grease,Manual
EQ00001806,SITE08,UNIT00023,AREA000148,STATIC,Pressure Vessel,PRE-549,SN-28227467,Active,2018,23,Cast Iron,Pneumatic,Critical,Critical,B,72877,21.1,No,N/A,N/A
EQ00001807,SITE08,UNIT00023,AREA000145,PRODUCTION,Gas Dehydration Unit,GAS-225,SN-69342241,Active,2024,18,Cast Iron,Pneumatic,High,High,A,154048,7.2,Yes,Process/Mechanical Lubricant,Manual / automated
EQ00001808,SITE08,UNIT00023,AREA000143,DRILLING,Drawworks,DRA-390,SN-43382065,Active,2020,11,Stainless Steel,Process,Critical,Critical,C,57919,19.5,Yes,EP Gear Oil / Grease,Grease gun / centralized
EQ00001809,SITE08,UNIT00023,AREA000141,ELECTRICAL,Motor Control Centre,MOT-207,SN-50502639,Under Maintenance,2023,27,Stainless Steel,Electrical,Critical,High,B,196750,23.8,Some,Bearing Grease,Manual
EQ00001810,SITE08,UNIT00023,AREA000143,DRILLING,Mud Pump,MUD-108,SN-50637004,Standby,2021,18,Cast Iron,Electrical,Critical,High,C,194531,16.8,Yes,EP Gear Oil / Grease,Grease gun / centralized
EQ00001811,SITE08,UNIT00023,AREA000147,VEHICLE,Heavy Utility Vehicle,HEA-857,SN-23586383,Active,2018,28,Cast Iron,Process,Medium,Medium,C,189842,4.0,Yes,Engine / Gear Lubricant,Workshop service
EQ00001812,SITE08,UNIT00023,AREA000142,STATIC,Fired Heater,FIR-277,SN-47188821,Standby,2023,14,Cast Iron,Mixed,Critical,Critical,A,18901,12.6,No,N/A,N/A
EQ00001813,SITE08,UNIT00023,AREA000148,PRODUCTION,Gas Dehydration Unit,GAS-891,SN-20417436,Active,2024,23,Cast Iron,Hydraulic,High,High,C,35570,19.8,Yes,Process/Mechanical Lubricant,Manual / automated
EQ00001814,SITE08,UNIT00023,AREA000142,DRILLING,Mud Pump,MUD-841,SN-49028426,Active,2022,10,Alloy Steel,Process,Critical,High,C,150785,8.7,Yes,EP Gear Oil / Grease,Grease gun / centralized
EQ00001815,SITE08,UNIT00023,AREA000148,ELECTRICAL,Industrial Motor,IND-751,SN-87613593,Under Maintenance,2021,25,Alloy Steel,Process,High,High,B,83692,21.5,Some,Bearing Grease,Manual
EQ00001816,SITE08,UNIT00023,AREA000145,INSTRUMENTATION,Gas Detector,GAS-197,SN-11771411,Active,2022,19,Stainless Steel,Hydraulic,Critical,Critical,C,12246,20.1,No,N/A,N/A
EQ00001817,SITE08,UNIT00023,AREA000146,DRILLING,Cementing Unit,CEM-773,SN-38409148,Active,2016,18,Alloy Steel,Electrical,High,High,A,113671,23.5,Yes,EP Gear Oil / Grease,Grease gun / centralized
EQ00001818,SITE08,UNIT00023,AREA000146,ELECTRICAL,Industrial Motor,IND-465,SN-87132447,Under Maintenance,2025,21,Stainless Steel,Hydraulic,High,High,A,160275,16.7,Some,Bearing Grease,Manual
EQ00001819,SITE08,UNIT00023,AREA000146,SAFETY,Foam System,FOA-650,SN-36812540,Standby,2019,12,Alloy Steel,Hydraulic,Critical,High,C,186793,15.0,Some,Pump Bearing Grease,Manual
EQ00001820,SITE08,UNIT00023,AREA000148,LIFTING,Overhead Crane,OVE-190,SN-36686842,Active,2019,14,Carbon Steel,Mechanical,High,Critical,A,190379,21.6,Yes,Wire Rope / Gear Grease,Manual
EQ00001821,SITE08,UNIT00023,AREA000142,STATIC,Storage Tank,STO-109,SN-56064822,Under Maintenance,2018,18,Alloy Steel,Hydraulic,Critical,High,B,98589,5.4,No,N/A,N/A
EQ00001822,SITE08,UNIT00023,AREA000143,INSTRUMENTATION,Control Valve,CON-435,SN-45018755,Under Maintenance,2021,17,Cast Iron,Process,High,High,C,99489,2.2,No,N/A,N/A
EQ00001823,SITE08,UNIT00023,AREA000147,DRILLING,Cementing Unit,CEM-806,SN-79667871,Standby,2018,17,Stainless Steel,Process,High,High,C,121294,8.1,Yes,EP Gear Oil / Grease,Grease gun / centralized
EQ00001824,SITE08,UNIT00023,AREA000143,DRILLING,Drilling Rig,DRI-773,SN-72365162,Active,2024,19,Cast Iron,Pneumatic,Critical,High,A,101820,6.8,Yes,EP Gear Oil / Grease,Grease gun / centralized
EQ00001825,SITE08,UNIT00024,AREA000153,SAFETY,Fire Hydrant,FIR-704,SN-39918647,Under Maintenance,2019,22,Carbon Steel,Pneumatic,High,High,C,39002,20.9,Some,Pump Bearing Grease,Manual
EQ00001826,SITE08,UNIT00024,AREA000154,PRODUCTION,Produced Water Pump,PRO-521,SN-77698056,Standby,2024,21,Stainless Steel,Pneumatic,High,Medium,C,157532,21.1,Yes,Process/Mechanical Lubricant,Manual / automated
EQ00001827,SITE08,UNIT00024,AREA000155,PRODUCTION,Produced Water Pump,PRO-508,SN-49929252,Active,2019,24,Cast Iron,Mechanical,High,Medium,C,26287,3.0,Yes,Process/Mechanical Lubricant,Manual / automated
EQ00001828,SITE08,UNIT00024,AREA000153,ROTARY,Diesel Generator,DIE-279,SN-82841153,Under Maintenance,2017,28,Alloy Steel,Electrical,High,High,A,29624,15.3,Yes,Bearing Oil / Grease,Manual / auto-lube
EQ00001829,SITE08,UNIT00024,AREA000151,PRODUCTION,Gas Sweetening Unit,GAS-222,SN-42244328,Under Maintenance,2024,30,Cast Iron,Process,Critical,High,C,87782,2.1,Yes,Process/Mechanical Lubricant,Manual / automated
EQ00001830,SITE08,UNIT00024,AREA000153,DRILLING,Drawworks,DRA-390,SN-57665338,Under Maintenance,2024,20,Alloy Steel,Hydraulic,Critical,Critical,A,42352,20.2,Yes,EP Gear Oil / Grease,Grease gun / centralized
EQ00001831,SITE08,UNIT00024,AREA000149,DRILLING,Wellhead,WEL-187,SN-91660278,Active,2023,21,Cast Iron,Pneumatic,Critical,Critical,A,35752,14.3,Yes,EP Gear Oil / Grease,Grease gun / centralized
EQ00001832,SITE08,UNIT00024,AREA000153,ENVIRONMENT,Effluent Treatment Unit,EFF-120,SN-54785374,Active,2020,12,Cast Iron,Hydraulic,High,Medium,C,86397,4.5,Yes,Pump Bearing Grease,Manual
EQ00001833,SITE08,UNIT00024,AREA000153,ELECTRICAL,Motor Control Centre,MOT-787,SN-85934342,Standby,2020,18,Alloy Steel,Electrical,Critical,High,A,159288,11.5,Some,Bearing Grease,Manual
EQ00001834,SITE08,UNIT00024,AREA000150,VEHICLE,Heavy Utility Vehicle,HEA-626,SN-97517871,Active,2016,29,Alloy Steel,Mechanical,Medium,Medium,A,20546,18.5,Yes,Engine / Gear Lubricant,Workshop service
EQ00001835,SITE08,UNIT00024,AREA000151,ELECTRICAL,Switchgear,SWI-828,SN-66341471,Active,2016,10,Alloy Steel,Electrical,Critical,Critical,A,142661,5.6,Some,Bearing Grease,Manual
EQ00001836,SITE08,UNIT00024,AREA000151,PIPING,Process Pipeline,PRO-400,SN-84115658,Active,2017,14,Cast Iron,Mixed,Critical,High,C,149458,3.3,No,N/A,N/A
EQ00001837,SITE08,UNIT00024,AREA000154,PRODUCTION,Three-Phase Separator,THR-991,SN-44463316,Under Maintenance,2020,18,Stainless Steel,Electrical,Critical,High,B,171963,16.7,Yes,Process/Mechanical Lubricant,Manual / automated
EQ00001838,SITE08,UNIT00024,AREA000153,DRILLING,Drawworks,DRA-555,SN-64839756,Under Maintenance,2019,12,Carbon Steel,Process,Critical,Critical,A,144348,17.1,Yes,EP Gear Oil / Grease,Grease gun / centralized
EQ00001839,SITE08,UNIT00024,AREA000155,DRILLING,Drilling Rig,DRI-676,SN-54535755,Active,2017,12,Carbon Steel,Process,Critical,High,B,95965,17.5,Yes,EP Gear Oil / Grease,Grease gun / centralized
EQ00001840,SITE08,UNIT00024,AREA000150,INSTRUMENTATION,Gas Detector,GAS-477,SN-53745984,Standby,2024,28,Stainless Steel,Electrical,Critical,Critical,B,148768,5.6,No,N/A,N/A
EQ00001841,SITE08,UNIT00024,AREA000153,DRILLING,Top Drive,TOP-217,SN-56566973,Active,2021,30,Alloy Steel,Process,Critical,Critical,B,11309,16.0,Yes,EP Gear Oil / Grease,Grease gun / centralized
EQ00001842,SITE08,UNIT00024,AREA000154,PIPING,Process Pipeline,PRO-589,SN-43497431,Active,2022,21,Alloy Steel,Process,Critical,High,B,101163,0.8,No,N/A,N/A
EQ00001843,SITE08,UNIT00024,AREA000155,ELECTRICAL,Motor Control Centre,MOT-274,SN-63286803,Under Maintenance,2020,20,Alloy Steel,Hydraulic,Critical,High,B,1783,15.2,Some,Bearing Grease,Manual
EQ00001844,SITE08,UNIT00024,AREA000150,STATIC,Storage Tank,STO-125,SN-51503886,Active,2020,13,Cast Iron,Mechanical,Critical,High,A,112356,17.4,No,N/A,N/A
EQ00001845,SITE08,UNIT00024,AREA000153,VEHICLE,Oil Tanker,OIL-111,SN-68913234,Active,2024,18,Stainless Steel,Electrical,High,Critical,B,87377,5.7,Yes,Engine / Gear Lubricant,Workshop service
EQ00001846,SITE08,UNIT00024,AREA000149,PIPING,Process Pipeline,PRO-608,SN-88456889,Active,2022,13,Stainless Steel,Pneumatic,Critical,High,A,189612,14.5,No,N/A,N/A
EQ00001847,SITE08,UNIT00024,AREA000151,ROTARY,Diesel Generator,DIE-193,SN-88520352,Standby,2024,16,Alloy Steel,Process,High,High,A,60799,0.5,Yes,Bearing Oil / Grease,Manual / auto-lube
EQ00001848,SITE08,UNIT00024,AREA000151,DRILLING,Drawworks,DRA-387,SN-67516013,Standby,2016,12,Carbon Steel,Electrical,Critical,Critical,A,114969,23.3,Yes,EP Gear Oil / Grease,Grease gun / centralized
EQ00001849,SITE08,UNIT00024,AREA000149,STATIC,Fired Heater,FIR-666,SN-19626337,Under Maintenance,2017,25,Alloy Steel,Electrical,Critical,Critical,A,122605,7.3,No,N/A,N/A
EQ00001850,SITE08,UNIT00024,AREA000155,SAFETY,Fire Water Pump,FIR-659,SN-71023809,Active,2019,10,Carbon Steel,Mixed,Critical,Critical,B,11202,19.1,Some,Pump Bearing Grease,Manual
EQ00001851,SITE08,UNIT00024,AREA000151,DRILLING,Wellhead,WEL-297,SN-76475313,Standby,2016,18,Alloy Steel,Mixed,Critical,Critical,A,51679,23.5,Yes,EP Gear Oil / Grease,Grease gun / centralized
EQ00001852,SITE08,UNIT00024,AREA000150,ENVIRONMENT,Effluent Treatment Unit,EFF-854,SN-37198890,Active,2022,21,Alloy Steel,Process,High,Medium,B,29454,5.7,Yes,Pump Bearing Grease,Manual
EQ00001853,SITE08,UNIT00024,AREA000150,ROTARY,Centrifugal Pump,CEN-933,SN-25729330,Active,2017,13,Carbon Steel,Process,High,High,C,57633,15.9,Yes,Bearing Oil / Grease,Manual / auto-lube
EQ00001854,SITE08,UNIT00024,AREA000149,ROTARY,Centrifugal Pump,CEN-341,SN-37370772,Active,2020,30,Cast Iron,Mechanical,High,High,C,66049,21.2,Yes,Bearing Oil / Grease,Manual / auto-lube
EQ00001855,SITE08,UNIT00024,AREA000154,ELECTRICAL,UPS System,UPS-290,SN-73323698,Active,2025,14,Carbon Steel,Pneumatic,Medium,Medium,B,68016,23.6,Some,Bearing Grease,Manual
EQ00001856,SITE08,UNIT00024,AREA000151,INSTRUMENTATION,Gas Detector,GAS-432,SN-42436633,Standby,2020,24,Stainless Steel,Mixed,Critical,Critical,A,110207,4.6,No,N/A,N/A
EQ00001857,SITE08,UNIT00024,AREA000152,INSTRUMENTATION,Gas Detector,GAS-198,SN-44471921,Active,2017,15,Stainless Steel,Mixed,Critical,Critical,A,168893,8.2,No,N/A,N/A
EQ00001858,SITE08,UNIT00024,AREA000152,LIFTING,Overhead Crane,OVE-551,SN-64043528,Under Maintenance,2021,14,Cast Iron,Mixed,High,Critical,A,114673,14.4,Yes,Wire Rope / Gear Grease,Manual
EQ00001859,SITE08,UNIT00024,AREA000151,PIPING,Pipeline Valve,PIP-212,SN-36776172,Active,2016,16,Alloy Steel,Mechanical,High,High,C,24391,23.6,No,N/A,N/A
EQ00001860,SITE08,UNIT00024,AREA000155,DRILLING,Blowout Preventer,BLO-968,SN-94149004,Active,2024,25,Cast Iron,Process,Critical,Critical,C,144658,6.8,Yes,EP Gear Oil / Grease,Grease gun / centralized
EQ00001861,SITE08,UNIT00024,AREA000154,STATIC,Boiler,BOI-840,SN-44376943,Active,2023,27,Carbon Steel,Process,Critical,High,C,34119,11.2,No,N/A,N/A
EQ00001862,SITE08,UNIT00024,AREA000152,INSTRUMENTATION,Gas Detector,GAS-418,SN-70015849,Active,2017,24,Alloy Steel,Mixed,Critical,Critical,C,120357,14.3,No,N/A,N/A
EQ00001863,SITE08,UNIT00024,AREA000153,SAFETY,Fire Hydrant,FIR-523,SN-21246542,Active,2024,22,Alloy Steel,Mechanical,High,High,A,64844,8.9,Some,Pump Bearing Grease,Manual
EQ00001864,SITE08,UNIT00024,AREA000152,ROTARY,Positive Displacement Pump,POS-170,SN-86681252,Standby,2016,23,Cast Iron,Mixed,High,High,B,151026,5.0,Yes,Bearing Oil / Grease,Manual / auto-lube
EQ00001865,SITE08,UNIT00024,AREA000154,PRODUCTION,Three-Phase Separator,THR-632,SN-19439758,Active,2019,13,Stainless Steel,Pneumatic,Critical,High,A,74524,0.2,Yes,Process/Mechanical Lubricant,Manual / automated
EQ00001866,SITE08,UNIT00024,AREA000155,STATIC,Boiler,BOI-962,SN-11545022,Active,2024,28,Alloy Steel,Hydraulic,Critical,High,B,76193,4.4,No,N/A,N/A
EQ00001867,SITE08,UNIT00024,AREA000154,ENVIRONMENT,Oil Water Separator,OIL-986,SN-33906584,Active,2023,29,Stainless Steel,Process,High,Medium,C,78664,19.9,Yes,Pump Bearing Grease,Manual
EQ00001868,SITE08,UNIT00024,AREA000154,DRILLING,Mud Pump,MUD-336,SN-32650180,Active,2016,17,Stainless Steel,Pneumatic,Critical,High,C,5419,1.5,Yes,EP Gear Oil / Grease,Grease gun / centralized
EQ00001869,SITE08,UNIT00024,AREA000149,PRODUCTION,Crude Oil Pump,CRU-963,SN-23557998,Active,2022,26,Alloy Steel,Hydraulic,High,High,C,128371,1.4,Yes,Process/Mechanical Lubricant,Manual / automated
EQ00001870,SITE08,UNIT00024,AREA000154,LIFTING,Overhead Crane,OVE-481,SN-18285739,Active,2025,10,Stainless Steel,Mechanical,High,Critical,A,52039,21.1,Yes,Wire Rope / Gear Grease,Manual
EQ00001871,SITE08,UNIT00024,AREA000154,VEHICLE,Emergency Response Vehicle,EME-714,SN-87944340,Active,2017,17,Stainless Steel,Electrical,High,High,A,87147,14.7,Yes,Engine / Gear Lubricant,Workshop service
EQ00001872,SITE08,UNIT00024,AREA000155,INSTRUMENTATION,Gas Detector,GAS-849,SN-25296787,Standby,2019,24,Carbon Steel,Electrical,Critical,Critical,C,77644,2.7,No,N/A,N/A
EQ00001873,SITE08,UNIT00024,AREA000154,WORKSHOP,Air Receiver,AIR-309,SN-91859575,Standby,2025,14,Alloy Steel,Mixed,High,High,C,185275,3.1,Yes,Machine Oil / Grease,Manual
EQ00001874,SITE08,UNIT00024,AREA000149,LIFTING,Hoist,HOI-783,SN-36525879,Active,2023,22,Cast Iron,Process,High,High,C,124893,23.1,Yes,Wire Rope / Gear Grease,Manual
EQ00001875,SITE08,UNIT00024,AREA000149,PRODUCTION,Gas Compressor,GAS-440,SN-96554784,Under Maintenance,2020,27,Stainless Steel,Mixed,Critical,Critical,B,144992,1.7,Yes,Process/Mechanical Lubricant,Manual / automated
EQ00001876,SITE08,UNIT00024,AREA000149,SAFETY,Foam System,FOA-829,SN-33662733,Active,2016,26,Alloy Steel,Mixed,Critical,High,A,12347,15.5,Some,Pump Bearing Grease,Manual
EQ00001877,SITE08,UNIT00024,AREA000151,DRILLING,Mud Tank,MUD-188,SN-34505080,Under Maintenance,2025,16,Carbon Steel,Electrical,High,Medium,B,183677,13.7,Yes,EP Gear Oil / Grease,Grease gun / centralized
EQ00001878,SITE08,UNIT00024,AREA000151,PRODUCTION,Crude Oil Pump,CRU-544,SN-36472650,Under Maintenance,2017,27,Stainless Steel,Process,High,High,C,17644,0.4,Yes,Process/Mechanical Lubricant,Manual / automated
EQ00001879,SITE08,UNIT00024,AREA000151,LIFTING,Mobile Crane,MOB-973,SN-15440719,Active,2025,21,Cast Iron,Hydraulic,Critical,Critical,A,121180,16.0,Yes,Wire Rope / Gear Grease,Manual
EQ00001880,SITE08,UNIT00024,AREA000151,INSTRUMENTATION,Control Valve,CON-511,SN-51599287,Active,2023,22,Stainless Steel,Mechanical,High,High,B,94733,8.2,No,N/A,N/A
EQ00001881,SITE08,UNIT00024,AREA000153,STATIC,Boiler,BOI-554,SN-70040694,Active,2020,12,Cast Iron,Mixed,Critical,High,A,59559,16.8,No,N/A,N/A
EQ00001882,SITE08,UNIT00024,AREA000155,DRILLING,Mud Pump,MUD-491,SN-50468797,Under Maintenance,2020,25,Cast Iron,Electrical,Critical,High,C,176242,23.0,Yes,EP Gear Oil / Grease,Grease gun / centralized
EQ00001883,SITE08,UNIT00024,AREA000154,PRODUCTION,Gas Sweetening Unit,GAS-875,SN-31889608,Active,2023,23,Alloy Steel,Mixed,Critical,High,B,109038,1.9,Yes,Process/Mechanical Lubricant,Manual / automated
EQ00001884,SITE08,UNIT00024,AREA000152,ELECTRICAL,Transformer,TRA-650,SN-34678331,Standby,2020,13,Alloy Steel,Process,Critical,High,C,20161,0.7,Some,Bearing Grease,Manual
EQ00001885,SITE08,UNIT00024,AREA000153,ROTARY,Positive Displacement Pump,POS-304,SN-82892074,Standby,2024,11,Cast Iron,Process,High,High,B,181805,4.5,Yes,Bearing Oil / Grease,Manual / auto-lube
EQ00001886,SITE08,UNIT00024,AREA000152,WORKSHOP,Welding Machine,WEL-306,SN-10479535,Standby,2017,16,Alloy Steel,Hydraulic,Medium,High,C,92605,4.7,Yes,Machine Oil / Grease,Manual
EQ00001887,SITE08,UNIT00024,AREA000154,DRILLING,Drawworks,DRA-874,SN-45318014,Active,2020,20,Carbon Steel,Hydraulic,Critical,Critical,C,115728,21.8,Yes,EP Gear Oil / Grease,Grease gun / centralized
EQ00001888,SITE08,UNIT00024,AREA000149,STATIC,Storage Tank,STO-300,SN-68768724,Under Maintenance,2022,28,Cast Iron,Mechanical,Critical,High,A,121755,5.9,No,N/A,N/A
EQ00001889,SITE08,UNIT00024,AREA000153,WORKSHOP,Hydraulic Press,HYD-305,SN-53182011,Standby,2018,15,Carbon Steel,Mechanical,Medium,High,B,51948,5.8,Yes,Machine Oil / Grease,Manual
EQ00001890,SITE08,UNIT00024,AREA000153,ENVIRONMENT,Oil Water Separator,OIL-589,SN-13987060,Active,2016,28,Cast Iron,Electrical,High,Medium,C,151480,10.5,Yes,Pump Bearing Grease,Manual
EQ00001891,SITE08,UNIT00024,AREA000155,DRILLING,Drilling Rig,DRI-964,SN-42558253,Active,2017,16,Carbon Steel,Mechanical,Critical,High,A,6644,5.5,Yes,EP Gear Oil / Grease,Grease gun / centralized
EQ00001892,SITE09,UNIT00025,AREA000159,PRODUCTION,Three-Phase Separator,THR-263,SN-19792420,Active,2025,19,Stainless Steel,Mixed,Critical,High,B,130908,13.3,Yes,Process/Mechanical Lubricant,Manual / automated
EQ00001893,SITE09,UNIT00025,AREA000160,WORKSHOP,Hydraulic Press,HYD-852,SN-55239487,Active,2020,18,Stainless Steel,Process,Medium,High,A,97265,15.2,Yes,Machine Oil / Grease,Manual
EQ00001894,SITE09,UNIT00025,AREA000159,ELECTRICAL,Industrial Motor,IND-334,SN-98532691,Under Maintenance,2025,27,Alloy Steel,Pneumatic,High,High,B,112064,18.8,Some,Bearing Grease,Manual
EQ00001895,SITE09,UNIT00025,AREA000162,PIPING,Process Pipeline,PRO-357,SN-69554698,Active,2019,22,Cast Iron,Process,Critical,High,A,68549,18.8,No,N/A,N/A
EQ00001896,SITE09,UNIT00025,AREA000157,ROTARY,Positive Displacement Pump,POS-430,SN-76857608,Active,2022,18,Carbon Steel,Mixed,High,High,B,145614,16.2,Yes,Bearing Oil / Grease,Manual / auto-lube
EQ00001897,SITE09,UNIT00025,AREA000159,DRILLING,Top Drive,TOP-958,SN-13774211,Active,2022,14,Carbon Steel,Electrical,Critical,Critical,C,178298,17.2,Yes,EP Gear Oil / Grease,Grease gun / centralized
EQ00001898,SITE09,UNIT00025,AREA000158,ENVIRONMENT,Oil Water Separator,OIL-596,SN-24710485,Active,2019,21,Cast Iron,Electrical,High,Medium,A,52729,5.5,Yes,Pump Bearing Grease,Manual
EQ00001899,SITE09,UNIT00025,AREA000157,DRILLING,Blowout Preventer,BLO-307,SN-25609688,Active,2022,29,Stainless Steel,Process,Critical,Critical,A,156692,19.1,Yes,EP Gear Oil / Grease,Grease gun / centralized
EQ00001900,SITE09,UNIT00025,AREA000163,INSTRUMENTATION,Control Valve,CON-749,SN-95898839,Active,2020,21,Alloy Steel,Electrical,High,High,C,83587,18.6,No,N/A,N/A
EQ00001901,SITE09,UNIT00025,AREA000159,ELECTRICAL,Transformer,TRA-922,SN-33246404,Standby,2019,19,Carbon Steel,Process,Critical,High,A,158471,15.3,Some,Bearing Grease,Manual
EQ00001902,SITE09,UNIT00025,AREA000161,WORKSHOP,Air Receiver,AIR-791,SN-78521780,Standby,2018,10,Carbon Steel,Electrical,High,High,C,13495,9.1,Yes,Machine Oil / Grease,Manual
EQ00001903,SITE09,UNIT00025,AREA000159,PRODUCTION,Gas Sweetening Unit,GAS-149,SN-69035140,Active,2023,12,Carbon Steel,Process,Critical,High,B,188657,21.1,Yes,Process/Mechanical Lubricant,Manual / automated
EQ00001904,SITE09,UNIT00025,AREA000161,STATIC,Heat Exchanger,HEA-879,SN-21867242,Active,2024,27,Carbon Steel,Process,High,High,C,113548,3.4,No,N/A,N/A
EQ00001905,SITE09,UNIT00025,AREA000156,SAFETY,Fire Alarm Panel,FIR-298,SN-69619737,Active,2016,27,Cast Iron,Electrical,High,High,B,111892,20.3,Some,Pump Bearing Grease,Manual
EQ00001906,SITE09,UNIT00025,AREA000161,ROTARY,Positive Displacement Pump,POS-822,SN-31058693,Under Maintenance,2022,14,Cast Iron,Pneumatic,High,High,C,43564,21.5,Yes,Bearing Oil / Grease,Manual / auto-lube
EQ00001907,SITE09,UNIT00025,AREA000158,VEHICLE,Oil Tanker,OIL-355,SN-76823072,Active,2022,24,Stainless Steel,Hydraulic,High,Critical,B,180710,14.9,Yes,Engine / Gear Lubricant,Workshop service
EQ00001908,SITE09,UNIT00025,AREA000159,WORKSHOP,Lathe Machine,LAT-583,SN-16650352,Active,2024,20,Alloy Steel,Hydraulic,Medium,Medium,A,88939,16.6,Yes,Machine Oil / Grease,Manual
EQ00001909,SITE09,UNIT00025,AREA000161,ELECTRICAL,Motor Control Centre,MOT-450,SN-76854710,Under Maintenance,2020,19,Stainless Steel,Pneumatic,Critical,High,B,61355,11.2,Some,Bearing Grease,Manual
EQ00001910,SITE09,UNIT00025,AREA000158,PIPING,Process Pipeline,PRO-835,SN-78578209,Active,2021,17,Alloy Steel,Mixed,Critical,High,A,36237,14.5,No,N/A,N/A
EQ00001911,SITE09,UNIT00025,AREA000162,SAFETY,Fire Hydrant,FIR-106,SN-54416740,Under Maintenance,2017,30,Stainless Steel,Electrical,High,High,C,7031,7.1,Some,Pump Bearing Grease,Manual
EQ00001912,SITE09,UNIT00025,AREA000161,SAFETY,Fire Hydrant,FIR-159,SN-90424369,Active,2016,25,Carbon Steel,Process,High,High,C,96245,5.9,Some,Pump Bearing Grease,Manual
EQ00001913,SITE09,UNIT00025,AREA000158,STATIC,Heat Exchanger,HEA-647,SN-41527688,Standby,2024,24,Carbon Steel,Electrical,High,High,C,120306,6.1,No,N/A,N/A
EQ00001914,SITE09,UNIT00025,AREA000157,SAFETY,Fire Alarm Panel,FIR-424,SN-84388220,Active,2022,13,Stainless Steel,Electrical,High,High,A,192995,20.3,Some,Pump Bearing Grease,Manual
EQ00001915,SITE09,UNIT00025,AREA000162,LIFTING,Hoist,HOI-839,SN-78575242,Active,2019,15,Cast Iron,Hydraulic,High,High,C,172579,17.7,Yes,Wire Rope / Gear Grease,Manual
EQ00001916,SITE09,UNIT00025,AREA000159,PIPING,Relief Valve,REL-339,SN-65753484,Under Maintenance,2022,13,Stainless Steel,Mechanical,Critical,Critical,A,86298,16.6,No,N/A,N/A
EQ00001917,SITE09,UNIT00025,AREA000157,ROTARY,Diesel Generator,DIE-370,SN-93959277,Active,2018,23,Alloy Steel,Mechanical,High,High,A,16776,2.0,Yes,Bearing Oil / Grease,Manual / auto-lube
EQ00001918,SITE09,UNIT00025,AREA000158,SAFETY,Fire Water Pump,FIR-566,SN-54493493,Active,2024,26,Stainless Steel,Pneumatic,Critical,Critical,B,11891,4.8,Some,Pump Bearing Grease,Manual
EQ00001919,SITE09,UNIT00025,AREA000157,INSTRUMENTATION,Control Valve,CON-225,SN-44335670,Standby,2020,27,Carbon Steel,Pneumatic,High,High,B,198093,9.9,No,N/A,N/A
EQ00001920,SITE09,UNIT00025,AREA000160,ROTARY,Diesel Generator,DIE-445,SN-11812899,Under Maintenance,2023,12,Cast Iron,Process,High,High,A,94336,17.6,Yes,Bearing Oil / Grease,Manual / auto-lube
EQ00001921,SITE09,UNIT00025,AREA000162,DRILLING,Mud Pump,MUD-134,SN-48260107,Active,2017,11,Stainless Steel,Electrical,Critical,High,B,55199,22.1,Yes,EP Gear Oil / Grease,Grease gun / centralized
EQ00001922,SITE09,UNIT00025,AREA000160,SAFETY,Fire Alarm Panel,FIR-435,SN-52235050,Active,2023,24,Alloy Steel,Process,High,High,A,68769,7.2,Some,Pump Bearing Grease,Manual
EQ00001923,SITE09,UNIT00025,AREA000158,ROTARY,Positive Displacement Pump,POS-572,SN-73215081,Standby,2023,12,Stainless Steel,Hydraulic,High,High,C,162860,14.6,Yes,Bearing Oil / Grease,Manual / auto-lube
EQ00001924,SITE09,UNIT00025,AREA000161,PIPING,Pig Launcher/Receiver,PIG-405,SN-16528781,Active,2024,29,Carbon Steel,Pneumatic,High,High,A,167040,8.0,No,N/A,N/A
EQ00001925,SITE09,UNIT00025,AREA000160,PRODUCTION,Gas Compressor,GAS-520,SN-23977621,Standby,2017,24,Stainless Steel,Mechanical,Critical,Critical,B,150444,15.2,Yes,Process/Mechanical Lubricant,Manual / automated
EQ00001926,SITE09,UNIT00025,AREA000160,INSTRUMENTATION,Pressure Transmitter,PRE-958,SN-75564687,Active,2020,21,Cast Iron,Hydraulic,High,High,A,58211,19.7,No,N/A,N/A
EQ00001927,SITE09,UNIT00025,AREA000161,ELECTRICAL,UPS System,UPS-514,SN-33291268,Active,2018,25,Cast Iron,Mixed,Medium,Medium,B,151094,8.8,Some,Bearing Grease,Manual
EQ00001928,SITE09,UNIT00025,AREA000157,ELECTRICAL,Motor Control Centre,MOT-624,SN-36569812,Active,2023,17,Alloy Steel,Pneumatic,Critical,High,A,163210,1.5,Some,Bearing Grease,Manual
EQ00001929,SITE09,UNIT00025,AREA000160,PRODUCTION,Three-Phase Separator,THR-300,SN-91795916,Active,2025,25,Stainless Steel,Pneumatic,Critical,High,B,16283,18.8,Yes,Process/Mechanical Lubricant,Manual / automated
EQ00001930,SITE09,UNIT00025,AREA000159,INSTRUMENTATION,Gas Detector,GAS-162,SN-11280494,Standby,2018,16,Cast Iron,Hydraulic,Critical,Critical,B,62167,10.7,No,N/A,N/A
EQ00001931,SITE09,UNIT00025,AREA000163,WORKSHOP,Hydraulic Press,HYD-759,SN-61213887,Active,2023,13,Stainless Steel,Electrical,Medium,High,A,188076,15.0,Yes,Machine Oil / Grease,Manual
EQ00001932,SITE09,UNIT00025,AREA000163,SAFETY,Fire Alarm Panel,FIR-697,SN-70563827,Active,2020,23,Alloy Steel,Hydraulic,High,High,B,130950,23.4,Some,Pump Bearing Grease,Manual
EQ00001933,SITE09,UNIT00025,AREA000159,STATIC,Storage Tank,STO-992,SN-16422475,Active,2025,26,Stainless Steel,Process,Critical,High,B,114513,11.7,No,N/A,N/A
EQ00001934,SITE09,UNIT00025,AREA000160,INSTRUMENTATION,Emergency Shutdown System,EME-602,SN-35169855,Active,2020,19,Alloy Steel,Pneumatic,Critical,Critical,A,151022,21.8,No,N/A,N/A
EQ00001935,SITE09,UNIT00025,AREA000163,ROTARY,Air Compressor,AIR-111,SN-51644856,Active,2016,28,Alloy Steel,Hydraulic,High,High,C,187115,6.6,Yes,Bearing Oil / Grease,Manual / auto-lube
EQ00001936,SITE09,UNIT00025,AREA000163,VEHICLE,Heavy Utility Vehicle,HEA-721,SN-86994578,Active,2021,21,Alloy Steel,Electrical,Medium,Medium,C,170804,18.2,Yes,Engine / Gear Lubricant,Workshop service
EQ00001937,SITE09,UNIT00025,AREA000162,ELECTRICAL,UPS System,UPS-610,SN-10605180,Standby,2019,15,Carbon Steel,Process,Medium,Medium,B,10599,13.5,Some,Bearing Grease,Manual
EQ00001938,SITE09,UNIT00025,AREA000161,WORKSHOP,Hydraulic Press,HYD-125,SN-49311987,Under Maintenance,2021,17,Alloy Steel,Pneumatic,Medium,High,C,31179,7.0,Yes,Machine Oil / Grease,Manual
EQ00001939,SITE09,UNIT00025,AREA000156,LIFTING,Forklift,FOR-901,SN-76537401,Active,2016,17,Stainless Steel,Pneumatic,High,High,A,141665,21.7,Yes,Wire Rope / Gear Grease,Manual
EQ00001940,SITE09,UNIT00025,AREA000159,ELECTRICAL,Motor Control Centre,MOT-747,SN-60837910,Active,2018,16,Stainless Steel,Mechanical,Critical,High,A,173627,10.7,Some,Bearing Grease,Manual
EQ00001941,SITE09,UNIT00025,AREA000161,DRILLING,Drilling Rig,DRI-604,SN-59727946,Active,2025,14,Stainless Steel,Mechanical,Critical,High,A,163420,5.4,Yes,EP Gear Oil / Grease,Grease gun / centralized
EQ00001942,SITE09,UNIT00025,AREA000159,VEHICLE,Emergency Response Vehicle,EME-596,SN-57377808,Active,2019,24,Stainless Steel,Pneumatic,High,High,C,90201,2.3,Yes,Engine / Gear Lubricant,Workshop service
EQ00001943,SITE09,UNIT00025,AREA000161,WORKSHOP,Welding Machine,WEL-270,SN-94865270,Active,2022,20,Carbon Steel,Electrical,Medium,High,A,88878,18.3,Yes,Machine Oil / Grease,Manual
EQ00001944,SITE09,UNIT00025,AREA000162,PRODUCTION,Gas Dehydration Unit,GAS-335,SN-10098442,Standby,2022,10,Cast Iron,Hydraulic,High,High,C,142527,9.8,Yes,Process/Mechanical Lubricant,Manual / automated
EQ00001945,SITE09,UNIT00025,AREA000159,PRODUCTION,Three-Phase Separator,THR-553,SN-59540012,Active,2018,14,Cast Iron,Process,Critical,High,B,132239,17.9,Yes,Process/Mechanical Lubricant,Manual / automated
EQ00001946,SITE09,UNIT00025,AREA000160,PIPING,Process Pipeline,PRO-916,SN-54724986,Under Maintenance,2022,14,Stainless Steel,Process,Critical,High,B,99267,22.3,No,N/A,N/A
EQ00001947,SITE09,UNIT00025,AREA000156,INSTRUMENTATION,Emergency Shutdown System,EME-994,SN-46559868,Active,2020,26,Stainless Steel,Mechanical,Critical,Critical,C,111343,3.1,No,N/A,N/A
EQ00001948,SITE09,UNIT00025,AREA000157,PRODUCTION,Gas Sweetening Unit,GAS-524,SN-16322837,Under Maintenance,2016,25,Alloy Steel,Process,Critical,High,B,178287,0.7,Yes,Process/Mechanical Lubricant,Manual / automated
EQ00001949,SITE09,UNIT00025,AREA000163,STATIC,Fired Heater,FIR-364,SN-74638619,Active,2017,30,Alloy Steel,Electrical,Critical,Critical,B,100095,19.5,No,N/A,N/A
EQ00001950,SITE09,UNIT00025,AREA000162,DRILLING,Drawworks,DRA-585,SN-61468527,Active,2024,10,Cast Iron,Mechanical,Critical,Critical,B,43633,3.7,Yes,EP Gear Oil / Grease,Grease gun / centralized
EQ00001951,SITE09,UNIT00025,AREA000162,DRILLING,Top Drive,TOP-319,SN-46717563,Active,2018,14,Stainless Steel,Hydraulic,Critical,Critical,A,38792,10.1,Yes,EP Gear Oil / Grease,Grease gun / centralized
EQ00001952,SITE09,UNIT00025,AREA000160,WORKSHOP,Hydraulic Press,HYD-227,SN-13763008,Under Maintenance,2018,19,Stainless Steel,Process,Medium,High,C,135207,22.4,Yes,Machine Oil / Grease,Manual
EQ00001953,SITE09,UNIT00025,AREA000162,LIFTING,Hoist,HOI-250,SN-47625284,Standby,2017,22,Alloy Steel,Mixed,High,High,C,120575,9.1,Yes,Wire Rope / Gear Grease,Manual
EQ00001954,SITE09,UNIT00025,AREA000163,PIPING,Pipeline Valve,PIP-275,SN-15480966,Active,2024,13,Stainless Steel,Pneumatic,High,High,C,102286,12.3,No,N/A,N/A
EQ00001955,SITE09,UNIT00025,AREA000156,LIFTING,Forklift,FOR-295,SN-36947169,Active,2020,25,Cast Iron,Process,High,High,A,190341,0.8,Yes,Wire Rope / Gear Grease,Manual
EQ00001956,SITE09,UNIT00025,AREA000161,PRODUCTION,Three-Phase Separator,THR-382,SN-82915643,Active,2020,23,Cast Iron,Pneumatic,Critical,High,C,100976,6.6,Yes,Process/Mechanical Lubricant,Manual / automated
EQ00001957,SITE09,UNIT00025,AREA000159,STATIC,Storage Tank,STO-740,SN-73728470,Standby,2021,17,Stainless Steel,Process,Critical,High,C,31708,4.5,No,N/A,N/A
EQ00001958,SITE09,UNIT00025,AREA000163,STATIC,Fired Heater,FIR-116,SN-70242232,Under Maintenance,2022,10,Alloy Steel,Pneumatic,Critical,Critical,C,114132,0.6,No,N/A,N/A
EQ00001959,SITE09,UNIT00025,AREA000161,DRILLING,Blowout Preventer,BLO-411,SN-24401797,Under Maintenance,2023,18,Alloy Steel,Mixed,Critical,Critical,A,137666,15.2,Yes,EP Gear Oil / Grease,Grease gun / centralized
EQ00001960,SITE09,UNIT00025,AREA000159,ELECTRICAL,UPS System,UPS-430,SN-33162139,Under Maintenance,2020,10,Alloy Steel,Mixed,Medium,Medium,A,50509,4.4,Some,Bearing Grease,Manual
EQ00001961,SITE09,UNIT00025,AREA000156,PIPING,Process Pipeline,PRO-131,SN-30845462,Under Maintenance,2022,26,Stainless Steel,Mechanical,Critical,High,B,145178,14.1,No,N/A,N/A
EQ00001962,SITE09,UNIT00025,AREA000162,DRILLING,Mud Tank,MUD-440,SN-65327385,Under Maintenance,2018,21,Carbon Steel,Mechanical,High,Medium,B,18421,10.2,Yes,EP Gear Oil / Grease,Grease gun / centralized
EQ00001963,SITE09,UNIT00025,AREA000162,SAFETY,Fire Hydrant,FIR-444,SN-83846845,Active,2019,11,Stainless Steel,Pneumatic,High,High,A,161020,2.3,Some,Pump Bearing Grease,Manual
EQ00001964,SITE09,UNIT00025,AREA000159,SAFETY,Fire Alarm Panel,FIR-699,SN-44257189,Standby,2020,10,Cast Iron,Process,High,High,A,189639,12.3,Some,Pump Bearing Grease,Manual
EQ00001965,SITE09,UNIT00025,AREA000156,ELECTRICAL,Switchgear,SWI-945,SN-40869296,Under Maintenance,2021,20,Alloy Steel,Mechanical,Critical,Critical,C,44758,21.7,Some,Bearing Grease,Manual
EQ00001966,SITE09,UNIT00025,AREA000157,WORKSHOP,Welding Machine,WEL-674,SN-75234996,Active,2024,23,Stainless Steel,Mechanical,Medium,High,C,39736,19.5,Yes,Machine Oil / Grease,Manual
EQ00001967,SITE09,UNIT00025,AREA000161,INSTRUMENTATION,Control Valve,CON-565,SN-75870534,Active,2016,12,Carbon Steel,Pneumatic,High,High,B,92804,15.5,No,N/A,N/A
EQ00001968,SITE09,UNIT00025,AREA000162,INSTRUMENTATION,Pressure Transmitter,PRE-629,SN-24891673,Active,2025,15,Carbon Steel,Process,High,High,B,152135,4.4,No,N/A,N/A
EQ00001969,SITE09,UNIT00025,AREA000156,ELECTRICAL,UPS System,UPS-195,SN-12729621,Under Maintenance,2016,15,Carbon Steel,Pneumatic,Medium,Medium,A,117158,13.3,Some,Bearing Grease,Manual
EQ00001970,SITE09,UNIT00025,AREA000159,ROTARY,Centrifugal Pump,CEN-727,SN-39398223,Active,2021,15,Carbon Steel,Mixed,High,High,B,20474,15.9,Yes,Bearing Oil / Grease,Manual / auto-lube
EQ00001971,SITE09,UNIT00025,AREA000156,WORKSHOP,Grinding Machine,GRI-434,SN-79774530,Active,2019,24,Cast Iron,Mixed,Medium,High,A,15855,21.5,Yes,Machine Oil / Grease,Manual
EQ00001972,SITE09,UNIT00025,AREA000162,DRILLING,Drawworks,DRA-277,SN-35793646,Active,2022,10,Stainless Steel,Pneumatic,Critical,Critical,A,103485,4.8,Yes,EP Gear Oil / Grease,Grease gun / centralized
EQ00001973,SITE09,UNIT00025,AREA000156,VEHICLE,Heavy Utility Vehicle,HEA-520,SN-67432418,Under Maintenance,2018,29,Cast Iron,Hydraulic,Medium,Medium,A,125360,7.7,Yes,Engine / Gear Lubricant,Workshop service
EQ00001974,SITE09,UNIT00025,AREA000162,ROTARY,Diesel Generator,DIE-982,SN-47922969,Under Maintenance,2024,15,Cast Iron,Mechanical,High,High,B,68140,8.0,Yes,Bearing Oil / Grease,Manual / auto-lube
EQ00001975,SITE09,UNIT00025,AREA000160,ROTARY,Diesel Generator,DIE-788,SN-89103611,Active,2018,11,Alloy Steel,Electrical,High,High,A,116826,19.9,Yes,Bearing Oil / Grease,Manual / auto-lube
EQ00001976,SITE09,UNIT00025,AREA000163,ROTARY,Diesel Generator,DIE-863,SN-62246492,Standby,2020,29,Stainless Steel,Electrical,High,High,C,122060,3.6,Yes,Bearing Oil / Grease,Manual / auto-lube
EQ00001977,SITE09,UNIT00025,AREA000162,PRODUCTION,Three-Phase Separator,THR-380,SN-52912379,Standby,2023,19,Alloy Steel,Mechanical,Critical,High,A,54872,4.0,Yes,Process/Mechanical Lubricant,Manual / automated
EQ00001978,SITE09,UNIT00025,AREA000156,ELECTRICAL,Industrial Motor,IND-236,SN-48625195,Under Maintenance,2023,11,Carbon Steel,Process,High,High,B,164592,15.0,Some,Bearing Grease,Manual
EQ00001979,SITE09,UNIT00025,AREA000162,WORKSHOP,Air Receiver,AIR-893,SN-31855238,Active,2019,16,Cast Iron,Mechanical,High,High,C,133750,23.6,Yes,Machine Oil / Grease,Manual
EQ00001980,SITE09,UNIT00025,AREA000159,DRILLING,Top Drive,TOP-213,SN-28528338,Standby,2018,12,Stainless Steel,Electrical,Critical,Critical,B,33330,18.6,Yes,EP Gear Oil / Grease,Grease gun / centralized
EQ00001981,SITE09,UNIT00025,AREA000162,DRILLING,Mud Pump,MUD-936,SN-73914714,Active,2024,25,Carbon Steel,Electrical,Critical,High,B,70785,14.9,Yes,EP Gear Oil / Grease,Grease gun / centralized
EQ00001982,SITE09,UNIT00025,AREA000162,WORKSHOP,Air Receiver,AIR-107,SN-88881206,Active,2017,14,Stainless Steel,Pneumatic,High,High,B,83643,9.1,Yes,Machine Oil / Grease,Manual
EQ00001983,SITE09,UNIT00025,AREA000160,STATIC,Boiler,BOI-568,SN-19717833,Standby,2016,14,Cast Iron,Pneumatic,Critical,High,B,69003,11.6,No,N/A,N/A
EQ00001984,SITE09,UNIT00025,AREA000156,WORKSHOP,Air Receiver,AIR-667,SN-19627235,Active,2022,23,Alloy Steel,Process,High,High,C,96540,16.5,Yes,Machine Oil / Grease,Manual
EQ00001985,SITE09,UNIT00025,AREA000163,LIFTING,Forklift,FOR-709,SN-44744942,Active,2021,26,Cast Iron,Mixed,High,High,A,38810,5.2,Yes,Wire Rope / Gear Grease,Manual
EQ00001986,SITE09,UNIT00025,AREA000161,DRILLING,Mud Pump,MUD-564,SN-54558562,Standby,2016,23,Alloy Steel,Hydraulic,Critical,High,C,99621,15.1,Yes,EP Gear Oil / Grease,Grease gun / centralized
EQ00001987,SITE09,UNIT00026,AREA000165,LIFTING,Overhead Crane,OVE-484,SN-28041103,Active,2022,17,Alloy Steel,Mixed,High,Critical,C,196636,2.4,Yes,Wire Rope / Gear Grease,Manual
EQ00001988,SITE09,UNIT00026,AREA000166,LIFTING,Forklift,FOR-415,SN-73653787,Active,2020,27,Cast Iron,Process,High,High,B,173863,1.6,Yes,Wire Rope / Gear Grease,Manual
EQ00001989,SITE09,UNIT00026,AREA000164,ELECTRICAL,Motor Control Centre,MOT-323,SN-21254440,Under Maintenance,2025,12,Stainless Steel,Mixed,Critical,High,A,40480,8.1,Some,Bearing Grease,Manual
EQ00001990,SITE09,UNIT00026,AREA000166,PRODUCTION,Gas Sweetening Unit,GAS-171,SN-20353782,Active,2017,30,Stainless Steel,Electrical,Critical,High,A,95046,0.9,Yes,Process/Mechanical Lubricant,Manual / automated
EQ00001991,SITE09,UNIT00026,AREA000167,WORKSHOP,Grinding Machine,GRI-443,SN-24667184,Under Maintenance,2016,21,Alloy Steel,Mixed,Medium,High,C,101791,6.7,Yes,Machine Oil / Grease,Manual
EQ00001992,SITE09,UNIT00026,AREA000167,PIPING,Process Pipeline,PRO-941,SN-34724658,Standby,2021,21,Cast Iron,Electrical,Critical,High,A,91793,9.9,No,N/A,N/A
EQ00001993,SITE09,UNIT00026,AREA000164,INSTRUMENTATION,Gas Detector,GAS-607,SN-44615013,Under Maintenance,2019,14,Carbon Steel,Mechanical,Critical,Critical,A,163411,10.1,No,N/A,N/A
EQ00001994,SITE09,UNIT00026,AREA000166,DRILLING,Wellhead,WEL-733,SN-18202963,Active,2025,22,Carbon Steel,Mechanical,Critical,Critical,A,103170,20.2,Yes,EP Gear Oil / Grease,Grease gun / centralized
EQ00001995,SITE09,UNIT00026,AREA000164,LIFTING,Mobile Crane,MOB-154,SN-93590642,Active,2024,10,Cast Iron,Mixed,Critical,Critical,A,148669,14.8,Yes,Wire Rope / Gear Grease,Manual
EQ00001996,SITE09,UNIT00026,AREA000167,STATIC,Fired Heater,FIR-602,SN-60314997,Active,2020,23,Stainless Steel,Pneumatic,Critical,Critical,C,89383,5.1,No,N/A,N/A
EQ00001997,SITE09,UNIT00026,AREA000164,ROTARY,Positive Displacement Pump,POS-962,SN-49843418,Active,2022,17,Carbon Steel,Hydraulic,High,High,B,16986,18.1,Yes,Bearing Oil / Grease,Manual / auto-lube
EQ00001998,SITE09,UNIT00026,AREA000167,VEHICLE,Heavy Utility Vehicle,HEA-260,SN-18857492,Active,2020,20,Stainless Steel,Electrical,Medium,Medium,C,153112,22.1,Yes,Engine / Gear Lubricant,Workshop service
EQ00001999,SITE09,UNIT00026,AREA000165,ENVIRONMENT,Oil Water Separator,OIL-651,SN-67498522,Under Maintenance,2025,26,Cast Iron,Mechanical,High,Medium,B,156994,7.1,Yes,Pump Bearing Grease,Manual
EQ00002000,SITE09,UNIT00026,AREA000167,PRODUCTION,Gas Compressor,GAS-303,SN-24694757,Active,2016,12,Carbon Steel,Hydraulic,Critical,Critical,B,35693,17.7,Yes,Process/Mechanical Lubricant,Manual / automated
EQ00002001,SITE09,UNIT00026,AREA000164,VEHICLE,Oil Tanker,OIL-409,SN-46886643,Active,2023,13,Alloy Steel,Mixed,High,Critical,C,101894,4.0,Yes,Engine / Gear Lubricant,Workshop service
EQ00002002,SITE09,UNIT00026,AREA000165,STATIC,Heat Exchanger,HEA-476,SN-21651637,Under Maintenance,2017,18,Cast Iron,Hydraulic,High,High,B,11931,1.6,No,N/A,N/A
EQ00002003,SITE09,UNIT00026,AREA000166,DRILLING,Wellhead,WEL-698,SN-53034150,Active,2025,16,Stainless Steel,Hydraulic,Critical,Critical,A,191853,11.4,Yes,EP Gear Oil / Grease,Grease gun / centralized
EQ00002004,SITE09,UNIT00026,AREA000166,DRILLING,Drawworks,DRA-570,SN-43829450,Active,2023,29,Alloy Steel,Process,Critical,Critical,B,56463,16.9,Yes,EP Gear Oil / Grease,Grease gun / centralized
EQ00002005,SITE09,UNIT00026,AREA000164,STATIC,Pressure Vessel,PRE-912,SN-95611563,Under Maintenance,2018,26,Stainless Steel,Mechanical,Critical,Critical,A,38612,10.5,No,N/A,N/A
EQ00002006,SITE09,UNIT00026,AREA000167,PRODUCTION,Three-Phase Separator,THR-631,SN-98004110,Active,2021,20,Stainless Steel,Process,Critical,High,A,100096,3.8,Yes,Process/Mechanical Lubricant,Manual / automated
EQ00002007,SITE09,UNIT00026,AREA000167,WORKSHOP,Grinding Machine,GRI-189,SN-64860983,Active,2025,30,Carbon Steel,Pneumatic,Medium,High,B,44419,10.0,Yes,Machine Oil / Grease,Manual
EQ00002008,SITE09,UNIT00026,AREA000167,ROTARY,Positive Displacement Pump,POS-631,SN-78690775,Active,2021,14,Stainless Steel,Pneumatic,High,High,A,179069,7.6,Yes,Bearing Oil / Grease,Manual / auto-lube
EQ00002009,SITE09,UNIT00026,AREA000167,PRODUCTION,Produced Water Pump,PRO-668,SN-15255140,Active,2018,23,Cast Iron,Electrical,High,Medium,C,151742,22.2,Yes,Process/Mechanical Lubricant,Manual / automated
EQ00002010,SITE09,UNIT00026,AREA000166,WORKSHOP,Air Receiver,AIR-377,SN-82315877,Standby,2017,25,Cast Iron,Mixed,High,High,B,89803,13.7,Yes,Machine Oil / Grease,Manual
EQ00002011,SITE09,UNIT00026,AREA000165,ROTARY,Diesel Generator,DIE-429,SN-28601209,Active,2021,10,Carbon Steel,Mechanical,High,High,A,143631,13.9,Yes,Bearing Oil / Grease,Manual / auto-lube
EQ00002012,SITE09,UNIT00026,AREA000167,ROTARY,Air Compressor,AIR-853,SN-83626846,Active,2018,24,Alloy Steel,Electrical,High,High,B,11417,16.5,Yes,Bearing Oil / Grease,Manual / auto-lube
EQ00002013,SITE09,UNIT00026,AREA000167,INSTRUMENTATION,Gas Detector,GAS-651,SN-60666291,Active,2019,22,Carbon Steel,Electrical,Critical,Critical,C,120471,13.2,No,N/A,N/A
EQ00002014,SITE09,UNIT00026,AREA000164,ELECTRICAL,Switchgear,SWI-739,SN-23524201,Active,2020,30,Carbon Steel,Process,Critical,Critical,B,110090,20.3,Some,Bearing Grease,Manual
EQ00002015,SITE09,UNIT00026,AREA000166,WORKSHOP,Lathe Machine,LAT-250,SN-90449025,Active,2021,30,Carbon Steel,Mechanical,Medium,Medium,B,161967,20.8,Yes,Machine Oil / Grease,Manual
EQ00002016,SITE09,UNIT00026,AREA000167,DRILLING,Blowout Preventer,BLO-960,SN-96171631,Standby,2017,18,Stainless Steel,Mixed,Critical,Critical,C,73203,18.7,Yes,EP Gear Oil / Grease,Grease gun / centralized
EQ00002017,SITE09,UNIT00026,AREA000165,PRODUCTION,Produced Water Pump,PRO-458,SN-38165279,Active,2017,26,Carbon Steel,Hydraulic,High,Medium,A,43083,11.1,Yes,Process/Mechanical Lubricant,Manual / automated
EQ00002018,SITE09,UNIT00026,AREA000167,DRILLING,Mud Tank,MUD-767,SN-67953922,Active,2021,24,Carbon Steel,Pneumatic,High,Medium,B,40549,1.7,Yes,EP Gear Oil / Grease,Grease gun / centralized
EQ00002019,SITE09,UNIT00026,AREA000164,LIFTING,Mobile Crane,MOB-905,SN-46298587,Active,2018,21,Carbon Steel,Pneumatic,Critical,Critical,A,157354,7.4,Yes,Wire Rope / Gear Grease,Manual
EQ00002020,SITE09,UNIT00026,AREA000166,SAFETY,Fire Alarm Panel,FIR-646,SN-22248212,Active,2024,13,Alloy Steel,Hydraulic,High,High,B,36315,6.4,Some,Pump Bearing Grease,Manual
EQ00002021,SITE09,UNIT00026,AREA000164,ELECTRICAL,Industrial Motor,IND-824,SN-28366332,Under Maintenance,2016,22,Cast Iron,Hydraulic,High,High,B,185664,14.3,Some,Bearing Grease,Manual
EQ00002022,SITE09,UNIT00026,AREA000165,PIPING,Pig Launcher/Receiver,PIG-897,SN-62631260,Under Maintenance,2020,22,Stainless Steel,Electrical,High,High,C,167288,2.5,No,N/A,N/A
EQ00002023,SITE09,UNIT00026,AREA000167,SAFETY,Foam System,FOA-946,SN-41402816,Under Maintenance,2023,11,Stainless Steel,Electrical,Critical,High,B,150150,10.7,Some,Pump Bearing Grease,Manual
EQ00002024,SITE09,UNIT00026,AREA000164,VEHICLE,Heavy Utility Vehicle,HEA-832,SN-48494274,Active,2021,14,Cast Iron,Electrical,Medium,Medium,C,190338,20.6,Yes,Engine / Gear Lubricant,Workshop service
EQ00002025,SITE09,UNIT00026,AREA000164,INSTRUMENTATION,Emergency Shutdown System,EME-580,SN-75641541,Standby,2024,24,Carbon Steel,Mechanical,Critical,Critical,C,71480,22.2,No,N/A,N/A
EQ00002026,SITE09,UNIT00026,AREA000167,DRILLING,Mud Tank,MUD-366,SN-58944907,Active,2023,24,Carbon Steel,Pneumatic,High,Medium,A,62048,14.2,Yes,EP Gear Oil / Grease,Grease gun / centralized
EQ00002027,SITE09,UNIT00026,AREA000166,VEHICLE,Oil Tanker,OIL-742,SN-89936836,Active,2019,26,Cast Iron,Mechanical,High,Critical,C,118803,20.6,Yes,Engine / Gear Lubricant,Workshop service
EQ00002028,SITE09,UNIT00026,AREA000164,SAFETY,Fire Alarm Panel,FIR-306,SN-75335482,Under Maintenance,2022,12,Carbon Steel,Process,High,High,B,137880,19.5,Some,Pump Bearing Grease,Manual
EQ00002029,SITE09,UNIT00026,AREA000167,DRILLING,Mud Pump,MUD-357,SN-92318350,Active,2016,28,Stainless Steel,Electrical,Critical,High,C,171879,11.1,Yes,EP Gear Oil / Grease,Grease gun / centralized
EQ00002030,SITE09,UNIT00026,AREA000167,PRODUCTION,Produced Water Pump,PRO-784,SN-98355467,Active,2019,20,Carbon Steel,Hydraulic,High,Medium,C,43361,14.7,Yes,Process/Mechanical Lubricant,Manual / automated
EQ00002031,SITE09,UNIT00026,AREA000164,WORKSHOP,Hydraulic Press,HYD-244,SN-93286733,Active,2025,30,Alloy Steel,Pneumatic,Medium,High,B,57224,4.8,Yes,Machine Oil / Grease,Manual
EQ00002032,SITE09,UNIT00026,AREA000165,WORKSHOP,Hydraulic Press,HYD-861,SN-19344516,Active,2023,23,Stainless Steel,Mechanical,Medium,High,B,97334,11.7,Yes,Machine Oil / Grease,Manual
EQ00002033,SITE09,UNIT00026,AREA000166,SAFETY,Foam System,FOA-814,SN-38002215,Standby,2021,28,Carbon Steel,Mixed,Critical,High,A,92565,4.9,Some,Pump Bearing Grease,Manual
EQ00002034,SITE09,UNIT00026,AREA000167,PRODUCTION,Gas Sweetening Unit,GAS-497,SN-71031928,Active,2018,20,Stainless Steel,Mixed,Critical,High,A,162178,9.1,Yes,Process/Mechanical Lubricant,Manual / automated
EQ00002035,SITE09,UNIT00026,AREA000164,ROTARY,Centrifugal Pump,CEN-874,SN-83613673,Active,2019,20,Carbon Steel,Pneumatic,High,High,C,25835,0.8,Yes,Bearing Oil / Grease,Manual / auto-lube
EQ00002036,SITE09,UNIT00026,AREA000167,PRODUCTION,Crude Oil Pump,CRU-661,SN-50650574,Active,2025,12,Alloy Steel,Mechanical,High,High,A,128210,17.1,Yes,Process/Mechanical Lubricant,Manual / automated
EQ00002037,SITE09,UNIT00026,AREA000166,ROTARY,Air Compressor,AIR-293,SN-31001675,Active,2018,19,Stainless Steel,Electrical,High,High,C,76772,3.9,Yes,Bearing Oil / Grease,Manual / auto-lube
EQ00002038,SITE09,UNIT00026,AREA000167,PRODUCTION,Gas Dehydration Unit,GAS-404,SN-47142552,Standby,2025,19,Stainless Steel,Electrical,High,High,A,34009,14.2,Yes,Process/Mechanical Lubricant,Manual / automated
EQ00002039,SITE09,UNIT00026,AREA000165,STATIC,Heat Exchanger,HEA-683,SN-43856409,Under Maintenance,2018,10,Cast Iron,Hydraulic,High,High,A,106405,12.1,No,N/A,N/A
EQ00002040,SITE09,UNIT00026,AREA000167,WORKSHOP,Air Receiver,AIR-418,SN-11881191,Under Maintenance,2022,23,Carbon Steel,Electrical,High,High,A,7800,0.6,Yes,Machine Oil / Grease,Manual
EQ00002041,SITE09,UNIT00026,AREA000166,DRILLING,Blowout Preventer,BLO-668,SN-12287882,Under Maintenance,2017,30,Alloy Steel,Process,Critical,Critical,A,154657,18.5,Yes,EP Gear Oil / Grease,Grease gun / centralized
EQ00002042,SITE09,UNIT00026,AREA000165,INSTRUMENTATION,Gas Detector,GAS-197,SN-56029222,Active,2024,25,Alloy Steel,Mechanical,Critical,Critical,C,45824,19.0,No,N/A,N/A
EQ00002043,SITE09,UNIT00026,AREA000164,VEHICLE,Oil Tanker,OIL-871,SN-28350658,Active,2018,13,Stainless Steel,Mechanical,High,Critical,C,196205,10.9,Yes,Engine / Gear Lubricant,Workshop service
EQ00002044,SITE09,UNIT00026,AREA000167,SAFETY,Fire Water Pump,FIR-292,SN-28723009,Active,2021,27,Cast Iron,Mechanical,Critical,Critical,C,168733,11.7,Some,Pump Bearing Grease,Manual
EQ00002045,SITE09,UNIT00026,AREA000165,WORKSHOP,Lathe Machine,LAT-667,SN-17115719,Under Maintenance,2019,23,Carbon Steel,Process,Medium,Medium,A,137970,1.4,Yes,Machine Oil / Grease,Manual
EQ00002046,SITE09,UNIT00026,AREA000165,PRODUCTION,Crude Oil Pump,CRU-966,SN-61890458,Active,2019,27,Cast Iron,Hydraulic,High,High,A,19005,9.5,Yes,Process/Mechanical Lubricant,Manual / automated
EQ00002047,SITE09,UNIT00026,AREA000164,DRILLING,Drilling Rig,DRI-139,SN-21181808,Under Maintenance,2017,21,Alloy Steel,Hydraulic,Critical,High,A,99270,18.2,Yes,EP Gear Oil / Grease,Grease gun / centralized
EQ00002048,SITE09,UNIT00026,AREA000164,PIPING,Process Pipeline,PRO-877,SN-69686509,Standby,2021,14,Carbon Steel,Mixed,Critical,High,B,44675,9.3,No,N/A,N/A
EQ00002049,SITE09,UNIT00026,AREA000165,WORKSHOP,Air Receiver,AIR-326,SN-51217322,Active,2022,19,Stainless Steel,Electrical,High,High,B,30229,21.8,Yes,Machine Oil / Grease,Manual
EQ00002050,SITE09,UNIT00026,AREA000164,STATIC,Boiler,BOI-460,SN-53446826,Active,2022,15,Cast Iron,Hydraulic,Critical,High,B,36170,3.3,No,N/A,N/A
EQ00002051,SITE09,UNIT00026,AREA000166,STATIC,Fired Heater,FIR-977,SN-69302102,Standby,2023,15,Stainless Steel,Pneumatic,Critical,Critical,C,183913,13.7,No,N/A,N/A
EQ00002052,SITE09,UNIT00026,AREA000166,PIPING,Pipeline Valve,PIP-539,SN-56086866,Active,2021,29,Stainless Steel,Pneumatic,High,High,C,146526,3.1,No,N/A,N/A
EQ00002053,SITE09,UNIT00026,AREA000166,PRODUCTION,Gas Dehydration Unit,GAS-297,SN-91282687,Standby,2016,26,Alloy Steel,Electrical,High,High,B,19589,4.3,Yes,Process/Mechanical Lubricant,Manual / automated
EQ00002054,SITE09,UNIT00026,AREA000165,ELECTRICAL,Switchgear,SWI-994,SN-50725933,Active,2024,10,Carbon Steel,Electrical,Critical,Critical,A,94447,20.4,Some,Bearing Grease,Manual
EQ00002055,SITE09,UNIT00026,AREA000164,DRILLING,Drilling Rig,DRI-924,SN-68916617,Active,2016,24,Cast Iron,Electrical,Critical,High,A,23605,1.1,Yes,EP Gear Oil / Grease,Grease gun / centralized
EQ00002056,SITE09,UNIT00026,AREA000167,STATIC,Pressure Vessel,PRE-448,SN-51904128,Standby,2021,25,Carbon Steel,Electrical,Critical,Critical,B,125422,8.6,No,N/A,N/A
EQ00002057,SITE09,UNIT00026,AREA000164,ELECTRICAL,UPS System,UPS-645,SN-64739920,Active,2024,27,Alloy Steel,Electrical,Medium,Medium,C,101815,3.5,Some,Bearing Grease,Manual
EQ00002058,SITE09,UNIT00026,AREA000165,STATIC,Heat Exchanger,HEA-215,SN-91640944,Active,2020,12,Cast Iron,Process,High,High,B,62538,2.5,No,N/A,N/A
EQ00002059,SITE09,UNIT00026,AREA000167,PRODUCTION,Crude Oil Pump,CRU-457,SN-29199838,Active,2022,22,Stainless Steel,Mixed,High,High,C,166319,7.4,Yes,Process/Mechanical Lubricant,Manual / automated
EQ00002060,SITE09,UNIT00026,AREA000165,LIFTING,Hoist,HOI-977,SN-33227179,Standby,2022,17,Stainless Steel,Pneumatic,High,High,B,5254,10.5,Yes,Wire Rope / Gear Grease,Manual
EQ00002061,SITE09,UNIT00026,AREA000167,PRODUCTION,Crude Oil Pump,CRU-509,SN-55648735,Active,2019,11,Carbon Steel,Process,High,High,C,125940,5.2,Yes,Process/Mechanical Lubricant,Manual / automated
EQ00002062,SITE09,UNIT00026,AREA000166,PIPING,Pig Launcher/Receiver,PIG-720,SN-55028530,Under Maintenance,2016,22,Stainless Steel,Hydraulic,High,High,B,115437,14.1,No,N/A,N/A
EQ00002063,SITE09,UNIT00026,AREA000164,PRODUCTION,Gas Dehydration Unit,GAS-251,SN-80832139,Active,2018,10,Stainless Steel,Mechanical,High,High,C,124841,1.4,Yes,Process/Mechanical Lubricant,Manual / automated
EQ00002064,SITE09,UNIT00026,AREA000166,ELECTRICAL,Switchgear,SWI-688,SN-68974121,Active,2024,21,Carbon Steel,Pneumatic,Critical,Critical,B,187505,1.9,Some,Bearing Grease,Manual
EQ00002065,SITE09,UNIT00026,AREA000165,DRILLING,Wellhead,WEL-932,SN-99144888,Standby,2018,21,Carbon Steel,Process,Critical,Critical,A,31963,4.3,Yes,EP Gear Oil / Grease,Grease gun / centralized
EQ00002066,SITE09,UNIT00026,AREA000166,SAFETY,Fire Water Pump,FIR-166,SN-29426004,Active,2022,25,Alloy Steel,Pneumatic,Critical,Critical,A,109161,11.7,Some,Pump Bearing Grease,Manual
EQ00002067,SITE09,UNIT00026,AREA000166,ELECTRICAL,UPS System,UPS-204,SN-82130134,Active,2018,26,Stainless Steel,Electrical,Medium,Medium,B,159623,12.2,Some,Bearing Grease,Manual
EQ00002068,SITE09,UNIT00026,AREA000164,STATIC,Pressure Vessel,PRE-506,SN-25899607,Active,2019,10,Alloy Steel,Mixed,Critical,Critical,B,166872,22.4,No,N/A,N/A
EQ00002069,SITE09,UNIT00026,AREA000167,SAFETY,Foam System,FOA-340,SN-87729002,Standby,2018,18,Stainless Steel,Hydraulic,Critical,High,B,75207,3.7,Some,Pump Bearing Grease,Manual
EQ00002070,SITE09,UNIT00026,AREA000166,LIFTING,Hoist,HOI-810,SN-76282560,Active,2017,23,Stainless Steel,Mixed,High,High,C,94396,3.3,Yes,Wire Rope / Gear Grease,Manual
EQ00002071,SITE09,UNIT00026,AREA000167,DRILLING,Mud Pump,MUD-811,SN-83465365,Active,2025,27,Cast Iron,Process,Critical,High,A,83820,5.8,Yes,EP Gear Oil / Grease,Grease gun / centralized
EQ00002072,SITE09,UNIT00026,AREA000165,WORKSHOP,Hydraulic Press,HYD-342,SN-40551751,Under Maintenance,2018,19,Alloy Steel,Hydraulic,Medium,High,B,18934,2.3,Yes,Machine Oil / Grease,Manual
EQ00002073,SITE09,UNIT00026,AREA000164,INSTRUMENTATION,Gas Detector,GAS-922,SN-73516986,Active,2022,19,Carbon Steel,Hydraulic,Critical,Critical,B,29424,0.4,No,N/A,N/A
EQ00002074,SITE09,UNIT00026,AREA000165,ROTARY,Centrifugal Pump,CEN-997,SN-32996594,Standby,2024,14,Alloy Steel,Mechanical,High,High,C,163808,13.1,Yes,Bearing Oil / Grease,Manual / auto-lube
EQ00002075,SITE09,UNIT00026,AREA000167,VEHICLE,Heavy Utility Vehicle,HEA-694,SN-87658662,Active,2021,17,Alloy Steel,Hydraulic,Medium,Medium,C,50028,18.7,Yes,Engine / Gear Lubricant,Workshop service
EQ00002076,SITE09,UNIT00026,AREA000167,INSTRUMENTATION,Pressure Transmitter,PRE-553,SN-57842189,Active,2025,16,Carbon Steel,Hydraulic,High,High,C,74022,10.1,No,N/A,N/A
EQ00002077,SITE09,UNIT00026,AREA000165,PRODUCTION,Produced Water Pump,PRO-507,SN-38121288,Under Maintenance,2019,28,Cast Iron,Electrical,High,Medium,A,82762,22.6,Yes,Process/Mechanical Lubricant,Manual / automated
EQ00002078,SITE09,UNIT00026,AREA000165,ELECTRICAL,UPS System,UPS-238,SN-90254004,Active,2021,15,Stainless Steel,Pneumatic,Medium,Medium,B,154876,16.8,Some,Bearing Grease,Manual
EQ00002079,SITE09,UNIT00026,AREA000164,INSTRUMENTATION,Gas Detector,GAS-421,SN-45437962,Standby,2021,11,Carbon Steel,Mixed,Critical,Critical,B,199119,13.5,No,N/A,N/A
EQ00002080,SITE09,UNIT00026,AREA000167,WORKSHOP,Welding Machine,WEL-566,SN-33141106,Active,2024,19,Carbon Steel,Pneumatic,Medium,High,B,193556,6.1,Yes,Machine Oil / Grease,Manual
EQ00002081,SITE09,UNIT00026,AREA000167,ELECTRICAL,Switchgear,SWI-376,SN-28598177,Standby,2018,21,Carbon Steel,Hydraulic,Critical,Critical,A,182815,9.2,Some,Bearing Grease,Manual
EQ00002082,SITE09,UNIT00026,AREA000167,WORKSHOP,Grinding Machine,GRI-623,SN-87034202,Active,2024,14,Stainless Steel,Process,Medium,High,A,168099,21.8,Yes,Machine Oil / Grease,Manual
EQ00002083,SITE09,UNIT00026,AREA000166,INSTRUMENTATION,Control Valve,CON-380,SN-88001609,Active,2021,27,Cast Iron,Pneumatic,High,High,C,138611,2.4,No,N/A,N/A
EQ00002084,SITE09,UNIT00026,AREA000167,PRODUCTION,Produced Water Pump,PRO-508,SN-94687154,Under Maintenance,2016,25,Cast Iron,Pneumatic,High,Medium,B,62912,0.9,Yes,Process/Mechanical Lubricant,Manual / automated
EQ00002085,SITE09,UNIT00026,AREA000165,PRODUCTION,Gas Sweetening Unit,GAS-649,SN-97639495,Standby,2018,24,Stainless Steel,Electrical,Critical,High,C,155646,6.3,Yes,Process/Mechanical Lubricant,Manual / automated
EQ00002086,SITE09,UNIT00026,AREA000165,DRILLING,Mud Tank,MUD-783,SN-96466392,Under Maintenance,2017,10,Cast Iron,Electrical,High,Medium,A,82389,22.2,Yes,EP Gear Oil / Grease,Grease gun / centralized
EQ00002087,SITE09,UNIT00026,AREA000166,ENVIRONMENT,Oil Water Separator,OIL-414,SN-58510985,Standby,2024,16,Stainless Steel,Mixed,High,Medium,B,91717,7.0,Yes,Pump Bearing Grease,Manual
EQ00002088,SITE09,UNIT00026,AREA000167,VEHICLE,Oil Tanker,OIL-252,SN-87620375,Active,2018,17,Alloy Steel,Mixed,High,Critical,B,126997,2.7,Yes,Engine / Gear Lubricant,Workshop service
EQ00002089,SITE09,UNIT00026,AREA000167,ENVIRONMENT,Effluent Treatment Unit,EFF-699,SN-90293670,Active,2022,16,Alloy Steel,Process,High,Medium,B,7155,10.7,Yes,Pump Bearing Grease,Manual
EQ00002090,SITE09,UNIT00027,AREA000169,DRILLING,Drilling Rig,DRI-640,SN-19440089,Active,2024,30,Stainless Steel,Pneumatic,Critical,High,A,16771,21.7,Yes,EP Gear Oil / Grease,Grease gun / centralized
EQ00002091,SITE09,UNIT00027,AREA000172,ELECTRICAL,UPS System,UPS-111,SN-94064316,Active,2019,22,Stainless Steel,Mixed,Medium,Medium,C,113932,12.1,Some,Bearing Grease,Manual
EQ00002092,SITE09,UNIT00027,AREA000169,WORKSHOP,Lathe Machine,LAT-621,SN-14945236,Active,2019,22,Cast Iron,Electrical,Medium,Medium,C,76866,9.8,Yes,Machine Oil / Grease,Manual
EQ00002093,SITE09,UNIT00027,AREA000170,DRILLING,Wellhead,WEL-254,SN-15682902,Under Maintenance,2023,23,Cast Iron,Mechanical,Critical,Critical,C,191401,22.2,Yes,EP Gear Oil / Grease,Grease gun / centralized
EQ00002094,SITE09,UNIT00027,AREA000174,ROTARY,Diesel Generator,DIE-205,SN-49327309,Standby,2016,25,Carbon Steel,Hydraulic,High,High,A,22723,23.0,Yes,Bearing Oil / Grease,Manual / auto-lube
EQ00002095,SITE09,UNIT00027,AREA000170,DRILLING,Top Drive,TOP-905,SN-46785375,Under Maintenance,2024,15,Cast Iron,Pneumatic,Critical,Critical,B,156414,7.3,Yes,EP Gear Oil / Grease,Grease gun / centralized
EQ00002096,SITE09,UNIT00027,AREA000174,DRILLING,Drilling Rig,DRI-504,SN-19165283,Active,2023,20,Stainless Steel,Hydraulic,Critical,High,A,145457,23.2,Yes,EP Gear Oil / Grease,Grease gun / centralized
EQ00002097,SITE09,UNIT00027,AREA000172,LIFTING,Mobile Crane,MOB-726,SN-32537709,Active,2018,25,Stainless Steel,Hydraulic,Critical,Critical,C,151128,17.6,Yes,Wire Rope / Gear Grease,Manual
EQ00002098,SITE09,UNIT00027,AREA000168,STATIC,Heat Exchanger,HEA-533,SN-74902874,Standby,2021,15,Carbon Steel,Mechanical,High,High,B,5643,1.1,No,N/A,N/A
EQ00002099,SITE09,UNIT00027,AREA000171,SAFETY,Fire Hydrant,FIR-785,SN-10890511,Under Maintenance,2019,13,Cast Iron,Hydraulic,High,High,A,110836,13.1,Some,Pump Bearing Grease,Manual
EQ00002100,SITE09,UNIT00027,AREA000168,SAFETY,Fire Water Pump,FIR-561,SN-81001011,Under Maintenance,2024,10,Carbon Steel,Mixed,Critical,Critical,B,50084,14.2,Some,Pump Bearing Grease,Manual
EQ00002101,SITE09,UNIT00027,AREA000168,DRILLING,Mud Pump,MUD-238,SN-28744629,Standby,2019,23,Carbon Steel,Hydraulic,Critical,High,C,177615,16.8,Yes,EP Gear Oil / Grease,Grease gun / centralized
EQ00002102,SITE09,UNIT00027,AREA000173,DRILLING,Wellhead,WEL-624,SN-49885797,Active,2023,24,Carbon Steel,Electrical,Critical,Critical,C,20280,12.2,Yes,EP Gear Oil / Grease,Grease gun / centralized
EQ00002103,SITE09,UNIT00027,AREA000169,STATIC,Fired Heater,FIR-669,SN-48606832,Active,2023,24,Stainless Steel,Pneumatic,Critical,Critical,A,93062,21.3,No,N/A,N/A
EQ00002104,SITE09,UNIT00027,AREA000168,DRILLING,Mud Pump,MUD-103,SN-35020506,Under Maintenance,2017,17,Alloy Steel,Electrical,Critical,High,C,151818,10.0,Yes,EP Gear Oil / Grease,Grease gun / centralized
EQ00002105,SITE09,UNIT00027,AREA000168,STATIC,Pressure Vessel,PRE-999,SN-40913566,Active,2019,11,Carbon Steel,Hydraulic,Critical,Critical,C,44417,14.9,No,N/A,N/A
EQ00002106,SITE09,UNIT00027,AREA000171,LIFTING,Overhead Crane,OVE-107,SN-57053346,Active,2019,21,Cast Iron,Mechanical,High,Critical,B,109434,5.7,Yes,Wire Rope / Gear Grease,Manual
EQ00002107,SITE09,UNIT00027,AREA000169,WORKSHOP,Hydraulic Press,HYD-336,SN-76965645,Active,2016,22,Alloy Steel,Electrical,Medium,High,B,66067,1.8,Yes,Machine Oil / Grease,Manual
EQ00002108,SITE09,UNIT00027,AREA000168,LIFTING,Forklift,FOR-877,SN-16855358,Active,2018,19,Carbon Steel,Pneumatic,High,High,B,146284,21.4,Yes,Wire Rope / Gear Grease,Manual
EQ00002109,SITE09,UNIT00027,AREA000174,ELECTRICAL,Motor Control Centre,MOT-521,SN-87208872,Under Maintenance,2017,11,Cast Iron,Process,Critical,High,A,60636,8.3,Some,Bearing Grease,Manual
EQ00002110,SITE09,UNIT00027,AREA000171,STATIC,Boiler,BOI-422,SN-40405690,Standby,2019,11,Cast Iron,Mixed,Critical,High,C,76226,22.7,No,N/A,N/A
EQ00002111,SITE09,UNIT00027,AREA000174,VEHICLE,Heavy Utility Vehicle,HEA-648,SN-23247996,Active,2024,26,Alloy Steel,Process,Medium,Medium,C,159360,7.5,Yes,Engine / Gear Lubricant,Workshop service
EQ00002112,SITE09,UNIT00027,AREA000171,VEHICLE,Oil Tanker,OIL-554,SN-79408764,Active,2022,16,Cast Iron,Pneumatic,High,Critical,B,113717,17.3,Yes,Engine / Gear Lubricant,Workshop service
EQ00002113,SITE09,UNIT00027,AREA000169,ELECTRICAL,Industrial Motor,IND-744,SN-82110341,Standby,2023,18,Cast Iron,Mechanical,High,High,C,108941,18.4,Some,Bearing Grease,Manual
EQ00002114,SITE09,UNIT00027,AREA000174,WORKSHOP,Air Receiver,AIR-386,SN-56111111,Under Maintenance,2018,13,Stainless Steel,Mechanical,High,High,C,20111,6.9,Yes,Machine Oil / Grease,Manual
EQ00002115,SITE09,UNIT00027,AREA000168,ELECTRICAL,Switchgear,SWI-639,SN-61306624,Under Maintenance,2016,28,Stainless Steel,Electrical,Critical,Critical,B,19138,1.5,Some,Bearing Grease,Manual
EQ00002116,SITE09,UNIT00027,AREA000169,DRILLING,Mud Tank,MUD-727,SN-24337619,Standby,2022,30,Carbon Steel,Mechanical,High,Medium,A,82915,4.2,Yes,EP Gear Oil / Grease,Grease gun / centralized
EQ00002117,SITE09,UNIT00027,AREA000168,PIPING,Process Pipeline,PRO-788,SN-82212874,Active,2025,10,Stainless Steel,Pneumatic,Critical,High,A,169558,21.6,No,N/A,N/A
EQ00002118,SITE09,UNIT00027,AREA000172,WORKSHOP,Welding Machine,WEL-105,SN-65656091,Active,2022,26,Alloy Steel,Mechanical,Medium,High,B,199377,15.2,Yes,Machine Oil / Grease,Manual
EQ00002119,SITE09,UNIT00027,AREA000174,DRILLING,Drilling Rig,DRI-585,SN-91481284,Active,2025,10,Stainless Steel,Electrical,Critical,High,C,55976,5.5,Yes,EP Gear Oil / Grease,Grease gun / centralized
EQ00002120,SITE09,UNIT00027,AREA000168,LIFTING,Overhead Crane,OVE-452,SN-48146082,Active,2016,27,Cast Iron,Mechanical,High,Critical,B,129057,6.8,Yes,Wire Rope / Gear Grease,Manual
EQ00002121,SITE09,UNIT00027,AREA000172,WORKSHOP,Welding Machine,WEL-677,SN-16013712,Active,2024,16,Carbon Steel,Electrical,Medium,High,A,104978,5.3,Yes,Machine Oil / Grease,Manual
EQ00002122,SITE09,UNIT00027,AREA000168,STATIC,Heat Exchanger,HEA-210,SN-25645931,Active,2025,29,Stainless Steel,Electrical,High,High,C,101096,13.4,No,N/A,N/A
EQ00002123,SITE09,UNIT00027,AREA000172,DRILLING,Drawworks,DRA-136,SN-39650980,Active,2022,26,Stainless Steel,Mechanical,Critical,Critical,C,55932,13.3,Yes,EP Gear Oil / Grease,Grease gun / centralized
EQ00002124,SITE09,UNIT00027,AREA000173,STATIC,Boiler,BOI-659,SN-77699806,Standby,2023,13,Stainless Steel,Electrical,Critical,High,C,165227,6.2,No,N/A,N/A
EQ00002125,SITE09,UNIT00027,AREA000168,LIFTING,Mobile Crane,MOB-817,SN-76339248,Active,2025,10,Carbon Steel,Mechanical,Critical,Critical,C,21147,19.5,Yes,Wire Rope / Gear Grease,Manual
EQ00002126,SITE09,UNIT00027,AREA000168,INSTRUMENTATION,Gas Detector,GAS-633,SN-50482337,Active,2023,24,Cast Iron,Electrical,Critical,Critical,A,137763,17.9,No,N/A,N/A
EQ00002127,SITE09,UNIT00027,AREA000172,ROTARY,Positive Displacement Pump,POS-121,SN-44646315,Active,2025,12,Stainless Steel,Process,High,High,B,191528,19.4,Yes,Bearing Oil / Grease,Manual / auto-lube
EQ00002128,SITE09,UNIT00027,AREA000169,ELECTRICAL,Industrial Motor,IND-512,SN-88210253,Active,2024,14,Stainless Steel,Mixed,High,High,C,166147,12.1,Some,Bearing Grease,Manual
EQ00002129,SITE09,UNIT00027,AREA000174,DRILLING,Blowout Preventer,BLO-393,SN-21351152,Active,2020,26,Stainless Steel,Mechanical,Critical,Critical,B,199065,5.1,Yes,EP Gear Oil / Grease,Grease gun / centralized
EQ00002130,SITE09,UNIT00027,AREA000168,ROTARY,Positive Displacement Pump,POS-779,SN-62785351,Active,2018,21,Carbon Steel,Hydraulic,High,High,C,63287,20.2,Yes,Bearing Oil / Grease,Manual / auto-lube
EQ00002131,SITE09,UNIT00027,AREA000170,STATIC,Heat Exchanger,HEA-911,SN-22485410,Active,2024,27,Alloy Steel,Hydraulic,High,High,C,130627,12.9,No,N/A,N/A
EQ00002132,SITE09,UNIT00027,AREA000169,VEHICLE,Oil Tanker,OIL-337,SN-70764502,Active,2016,30,Alloy Steel,Hydraulic,High,Critical,A,96802,15.4,Yes,Engine / Gear Lubricant,Workshop service
EQ00002133,SITE09,UNIT00027,AREA000172,DRILLING,Drilling Rig,DRI-172,SN-12837364,Active,2021,12,Alloy Steel,Pneumatic,Critical,High,B,69201,12.9,Yes,EP Gear Oil / Grease,Grease gun / centralized
EQ00002134,SITE09,UNIT00027,AREA000171,ROTARY,Air Compressor,AIR-622,SN-69363161,Under Maintenance,2025,20,Carbon Steel,Hydraulic,High,High,B,168723,16.9,Yes,Bearing Oil / Grease,Manual / auto-lube
EQ00002135,SITE09,UNIT00027,AREA000174,PIPING,Pig Launcher/Receiver,PIG-904,SN-39669095,Standby,2025,10,Alloy Steel,Mixed,High,High,B,128088,0.5,No,N/A,N/A
EQ00002136,SITE09,UNIT00027,AREA000174,PIPING,Relief Valve,REL-706,SN-77582579,Active,2021,14,Carbon Steel,Process,Critical,Critical,C,157705,12.9,No,N/A,N/A
EQ00002137,SITE09,UNIT00027,AREA000171,PRODUCTION,Gas Sweetening Unit,GAS-430,SN-40164323,Active,2024,20,Carbon Steel,Mechanical,Critical,High,C,120387,15.3,Yes,Process/Mechanical Lubricant,Manual / automated
EQ00002138,SITE09,UNIT00027,AREA000171,DRILLING,Drilling Rig,DRI-462,SN-18152372,Under Maintenance,2018,16,Stainless Steel,Mixed,Critical,High,C,187714,5.3,Yes,EP Gear Oil / Grease,Grease gun / centralized
EQ00002139,SITE09,UNIT00027,AREA000171,LIFTING,Hoist,HOI-424,SN-69988134,Active,2024,14,Stainless Steel,Mechanical,High,High,B,99708,2.2,Yes,Wire Rope / Gear Grease,Manual
EQ00002140,SITE09,UNIT00027,AREA000174,DRILLING,Drilling Rig,DRI-397,SN-96288211,Under Maintenance,2022,25,Cast Iron,Electrical,Critical,High,B,6350,5.3,Yes,EP Gear Oil / Grease,Grease gun / centralized
EQ00002141,SITE09,UNIT00027,AREA000174,STATIC,Fired Heater,FIR-150,SN-68353816,Active,2025,19,Cast Iron,Process,Critical,Critical,C,39402,14.7,No,N/A,N/A
EQ00002142,SITE09,UNIT00027,AREA000171,DRILLING,Blowout Preventer,BLO-572,SN-52544083,Active,2023,13,Cast Iron,Mechanical,Critical,Critical,B,163373,19.2,Yes,EP Gear Oil / Grease,Grease gun / centralized
EQ00002143,SITE09,UNIT00027,AREA000173,LIFTING,Forklift,FOR-248,SN-31295918,Active,2020,15,Carbon Steel,Mechanical,High,High,B,195859,5.2,Yes,Wire Rope / Gear Grease,Manual
EQ00002144,SITE09,UNIT00027,AREA000173,DRILLING,Blowout Preventer,BLO-711,SN-16817905,Active,2020,16,Stainless Steel,Electrical,Critical,Critical,A,150209,4.8,Yes,EP Gear Oil / Grease,Grease gun / centralized
EQ00002145,SITE09,UNIT00027,AREA000168,SAFETY,Fire Alarm Panel,FIR-157,SN-35356278,Active,2024,16,Cast Iron,Process,High,High,B,42325,9.6,Some,Pump Bearing Grease,Manual
EQ00002146,SITE09,UNIT00027,AREA000172,WORKSHOP,Lathe Machine,LAT-579,SN-73060592,Active,2017,12,Stainless Steel,Pneumatic,Medium,Medium,B,170442,23.1,Yes,Machine Oil / Grease,Manual
EQ00002147,SITE09,UNIT00027,AREA000169,ROTARY,Diesel Generator,DIE-443,SN-90531851,Under Maintenance,2023,15,Alloy Steel,Process,High,High,A,57534,3.6,Yes,Bearing Oil / Grease,Manual / auto-lube
EQ00002148,SITE09,UNIT00027,AREA000173,DRILLING,Drawworks,DRA-971,SN-94181170,Under Maintenance,2020,12,Stainless Steel,Electrical,Critical,Critical,A,70388,10.4,Yes,EP Gear Oil / Grease,Grease gun / centralized
EQ00002149,SITE09,UNIT00027,AREA000171,STATIC,Heat Exchanger,HEA-770,SN-14496149,Under Maintenance,2016,21,Carbon Steel,Electrical,High,High,A,179995,14.6,No,N/A,N/A
EQ00002150,SITE09,UNIT00027,AREA000169,DRILLING,Mud Pump,MUD-815,SN-39122722,Active,2017,29,Cast Iron,Hydraulic,Critical,High,B,7880,4.9,Yes,EP Gear Oil / Grease,Grease gun / centralized
EQ00002151,SITE09,UNIT00027,AREA000173,WORKSHOP,Lathe Machine,LAT-995,SN-52184838,Active,2024,28,Cast Iron,Pneumatic,Medium,Medium,B,43540,19.6,Yes,Machine Oil / Grease,Manual
EQ00002152,SITE09,UNIT00027,AREA000169,DRILLING,Cementing Unit,CEM-183,SN-24534348,Active,2024,13,Cast Iron,Electrical,High,High,B,6357,7.0,Yes,EP Gear Oil / Grease,Grease gun / centralized
EQ00002153,SITE09,UNIT00027,AREA000168,STATIC,Boiler,BOI-590,SN-25015525,Under Maintenance,2023,22,Cast Iron,Pneumatic,Critical,High,B,196929,22.8,No,N/A,N/A
EQ00002154,SITE09,UNIT00027,AREA000172,ROTARY,Air Compressor,AIR-623,SN-64228636,Active,2024,21,Stainless Steel,Process,High,High,B,147540,23.7,Yes,Bearing Oil / Grease,Manual / auto-lube
EQ00002155,SITE09,UNIT00027,AREA000172,PRODUCTION,Three-Phase Separator,THR-666,SN-65345234,Under Maintenance,2017,21,Carbon Steel,Pneumatic,Critical,High,A,79176,7.9,Yes,Process/Mechanical Lubricant,Manual / automated
EQ00002156,SITE09,UNIT00027,AREA000171,ELECTRICAL,Switchgear,SWI-435,SN-81694489,Standby,2018,13,Stainless Steel,Electrical,Critical,Critical,A,165383,6.2,Some,Bearing Grease,Manual
EQ00002157,SITE09,UNIT00027,AREA000170,VEHICLE,Heavy Utility Vehicle,HEA-110,SN-32653379,Active,2024,17,Alloy Steel,Mechanical,Medium,Medium,A,84633,20.8,Yes,Engine / Gear Lubricant,Workshop service
EQ00002158,SITE09,UNIT00027,AREA000173,PIPING,Relief Valve,REL-883,SN-25628807,Active,2021,19,Stainless Steel,Hydraulic,Critical,Critical,A,84996,23.1,No,N/A,N/A
EQ00002159,SITE09,UNIT00027,AREA000171,DRILLING,Blowout Preventer,BLO-404,SN-10057646,Active,2017,19,Cast Iron,Hydraulic,Critical,Critical,A,139339,12.0,Yes,EP Gear Oil / Grease,Grease gun / centralized
EQ00002160,SITE09,UNIT00027,AREA000169,WORKSHOP,Lathe Machine,LAT-433,SN-43822042,Under Maintenance,2025,30,Alloy Steel,Mechanical,Medium,Medium,A,192865,22.6,Yes,Machine Oil / Grease,Manual
EQ00002161,SITE09,UNIT00027,AREA000171,ELECTRICAL,Motor Control Centre,MOT-126,SN-60389071,Under Maintenance,2023,30,Carbon Steel,Mixed,Critical,High,B,61027,21.8,Some,Bearing Grease,Manual
EQ00002162,SITE09,UNIT00027,AREA000171,STATIC,Heat Exchanger,HEA-291,SN-52819870,Under Maintenance,2017,18,Carbon Steel,Hydraulic,High,High,B,109721,19.5,No,N/A,N/A
EQ00002163,SITE09,UNIT00027,AREA000169,ELECTRICAL,Motor Control Centre,MOT-359,SN-81459574,Under Maintenance,2019,22,Alloy Steel,Hydraulic,Critical,High,B,144271,1.5,Some,Bearing Grease,Manual
EQ00002164,SITE09,UNIT00027,AREA000174,PRODUCTION,Produced Water Pump,PRO-752,SN-73165799,Active,2019,17,Cast Iron,Hydraulic,High,Medium,A,103878,20.8,Yes,Process/Mechanical Lubricant,Manual / automated
EQ00002165,SITE09,UNIT00027,AREA000174,INSTRUMENTATION,Pressure Transmitter,PRE-446,SN-25762422,Active,2018,20,Cast Iron,Hydraulic,High,High,C,31998,20.7,No,N/A,N/A
EQ00002166,SITE09,UNIT00027,AREA000171,PRODUCTION,Produced Water Pump,PRO-686,SN-44631478,Under Maintenance,2024,16,Alloy Steel,Electrical,High,Medium,B,26691,21.3,Yes,Process/Mechanical Lubricant,Manual / automated
EQ00002167,SITE09,UNIT00027,AREA000173,SAFETY,Fire Hydrant,FIR-314,SN-18658897,Active,2020,18,Cast Iron,Pneumatic,High,High,B,3474,16.8,Some,Pump Bearing Grease,Manual
EQ00002168,SITE09,UNIT00027,AREA000169,PRODUCTION,Produced Water Pump,PRO-482,SN-37655806,Active,2025,24,Carbon Steel,Process,High,Medium,A,60445,5.4,Yes,Process/Mechanical Lubricant,Manual / automated
EQ00002169,SITE09,UNIT00027,AREA000170,PIPING,Process Pipeline,PRO-782,SN-23235481,Active,2018,22,Carbon Steel,Mechanical,Critical,High,A,176990,15.2,No,N/A,N/A
EQ00002170,SITE09,UNIT00027,AREA000171,PIPING,Pig Launcher/Receiver,PIG-749,SN-48904477,Active,2024,24,Cast Iron,Pneumatic,High,High,C,171266,18.8,No,N/A,N/A
EQ00002171,SITE09,UNIT00027,AREA000171,PRODUCTION,Gas Sweetening Unit,GAS-747,SN-21950020,Active,2024,27,Stainless Steel,Mechanical,Critical,High,A,56483,12.6,Yes,Process/Mechanical Lubricant,Manual / automated
EQ00002172,SITE09,UNIT00027,AREA000174,ENVIRONMENT,Effluent Treatment Unit,EFF-856,SN-45878126,Active,2016,17,Cast Iron,Mixed,High,Medium,B,34920,2.9,Yes,Pump Bearing Grease,Manual
EQ00002173,SITE09,UNIT00027,AREA000168,DRILLING,Wellhead,WEL-784,SN-65926212,Standby,2017,19,Carbon Steel,Hydraulic,Critical,Critical,A,159661,14.7,Yes,EP Gear Oil / Grease,Grease gun / centralized
EQ00002174,SITE09,UNIT00027,AREA000172,ELECTRICAL,Industrial Motor,IND-685,SN-22689010,Standby,2019,20,Stainless Steel,Pneumatic,High,High,C,116913,20.6,Some,Bearing Grease,Manual
EQ00002175,SITE09,UNIT00027,AREA000173,WORKSHOP,Hydraulic Press,HYD-824,SN-52064596,Active,2023,15,Carbon Steel,Mechanical,Medium,High,A,167762,9.3,Yes,Machine Oil / Grease,Manual
EQ00002176,SITE09,UNIT00027,AREA000169,ELECTRICAL,Motor Control Centre,MOT-707,SN-97244012,Active,2016,22,Cast Iron,Process,Critical,High,B,145018,1.4,Some,Bearing Grease,Manual
EQ00002177,SITE09,UNIT00027,AREA000170,DRILLING,Mud Pump,MUD-435,SN-15542679,Standby,2021,19,Stainless Steel,Process,Critical,High,C,136022,3.5,Yes,EP Gear Oil / Grease,Grease gun / centralized
EQ00002178,SITE09,UNIT00027,AREA000173,ELECTRICAL,Industrial Motor,IND-955,SN-25434970,Standby,2018,28,Cast Iron,Mixed,High,High,C,160099,19.1,Some,Bearing Grease,Manual
EQ00002179,SITE09,UNIT00027,AREA000172,PIPING,Relief Valve,REL-124,SN-14784223,Active,2017,21,Alloy Steel,Hydraulic,Critical,Critical,B,95312,1.6,No,N/A,N/A
EQ00002180,SITE09,UNIT00027,AREA000173,WORKSHOP,Welding Machine,WEL-905,SN-59430681,Active,2017,24,Stainless Steel,Mechanical,Medium,High,A,39137,4.5,Yes,Machine Oil / Grease,Manual
EQ00002181,SITE09,UNIT00027,AREA000171,STATIC,Boiler,BOI-820,SN-79373771,Active,2017,20,Cast Iron,Mixed,Critical,High,C,127824,3.5,No,N/A,N/A
EQ00002182,SITE09,UNIT00027,AREA000172,WORKSHOP,Hydraulic Press,HYD-946,SN-30980089,Standby,2019,18,Carbon Steel,Mechanical,Medium,High,A,115552,14.2,Yes,Machine Oil / Grease,Manual
EQ00002183,SITE09,UNIT00027,AREA000169,DRILLING,Wellhead,WEL-518,SN-21862890,Under Maintenance,2024,30,Carbon Steel,Process,Critical,Critical,B,79933,22.1,Yes,EP Gear Oil / Grease,Grease gun / centralized
EQ00002184,SITE09,UNIT00027,AREA000174,SAFETY,Fire Hydrant,FIR-970,SN-28791400,Active,2020,29,Stainless Steel,Mechanical,High,High,B,149859,11.9,Some,Pump Bearing Grease,Manual
EQ00002185,SITE09,UNIT00027,AREA000169,STATIC,Pressure Vessel,PRE-838,SN-44822075,Active,2023,16,Cast Iron,Mixed,Critical,Critical,B,105624,1.0,No,N/A,N/A
EQ00002186,SITE09,UNIT00027,AREA000168,STATIC,Pressure Vessel,PRE-696,SN-35536200,Under Maintenance,2023,12,Carbon Steel,Hydraulic,Critical,Critical,A,93588,15.2,No,N/A,N/A
EQ00002187,SITE09,UNIT00027,AREA000169,ELECTRICAL,Switchgear,SWI-114,SN-17090053,Standby,2024,18,Cast Iron,Electrical,Critical,Critical,C,83237,10.8,Some,Bearing Grease,Manual
EQ00002188,SITE09,UNIT00027,AREA000171,ROTARY,Air Compressor,AIR-909,SN-32652020,Active,2020,29,Alloy Steel,Hydraulic,High,High,A,195501,13.5,Yes,Bearing Oil / Grease,Manual / auto-lube
EQ00002189,SITE09,UNIT00027,AREA000171,ELECTRICAL,Industrial Motor,IND-807,SN-12980225,Under Maintenance,2025,22,Cast Iron,Electrical,High,High,A,34851,14.1,Some,Bearing Grease,Manual
EQ00002190,SITE09,UNIT00027,AREA000169,VEHICLE,Oil Tanker,OIL-588,SN-74469719,Under Maintenance,2023,16,Cast Iron,Hydraulic,High,Critical,A,69618,11.2,Yes,Engine / Gear Lubricant,Workshop service
EQ00002191,SITE09,UNIT00027,AREA000171,LIFTING,Overhead Crane,OVE-408,SN-25819563,Active,2025,17,Alloy Steel,Hydraulic,High,Critical,A,32907,12.2,Yes,Wire Rope / Gear Grease,Manual
EQ00002192,SITE09,UNIT00027,AREA000168,STATIC,Boiler,BOI-401,SN-87067553,Active,2023,26,Stainless Steel,Hydraulic,Critical,High,A,107714,3.4,No,N/A,N/A
EQ00002193,SITE09,UNIT00027,AREA000174,WORKSHOP,Hydraulic Press,HYD-497,SN-44626634,Active,2016,30,Alloy Steel,Hydraulic,Medium,High,C,17531,3.4,Yes,Machine Oil / Grease,Manual
EQ00002194,SITE09,UNIT00027,AREA000173,PIPING,Relief Valve,REL-937,SN-35937165,Active,2019,30,Alloy Steel,Mixed,Critical,Critical,C,194767,6.0,No,N/A,N/A
EQ00002195,SITE09,UNIT00027,AREA000174,PIPING,Relief Valve,REL-665,SN-58982283,Standby,2020,25,Cast Iron,Process,Critical,Critical,C,45736,9.6,No,N/A,N/A
EQ00002196,SITE09,UNIT00027,AREA000169,ENVIRONMENT,Effluent Treatment Unit,EFF-528,SN-20198784,Active,2024,20,Carbon Steel,Process,High,Medium,B,33755,5.5,Yes,Pump Bearing Grease,Manual
EQ00002197,SITE09,UNIT00027,AREA000169,LIFTING,Mobile Crane,MOB-465,SN-23563310,Under Maintenance,2021,25,Stainless Steel,Pneumatic,Critical,Critical,A,77465,17.0,Yes,Wire Rope / Gear Grease,Manual
EQ00002198,SITE10,UNIT00028,AREA000180,SAFETY,Foam System,FOA-546,SN-73850697,Standby,2025,25,Cast Iron,Mixed,Critical,High,A,154116,4.3,Some,Pump Bearing Grease,Manual
EQ00002199,SITE10,UNIT00028,AREA000176,ELECTRICAL,UPS System,UPS-940,SN-40480680,Under Maintenance,2025,22,Stainless Steel,Process,Medium,Medium,C,22343,12.9,Some,Bearing Grease,Manual
EQ00002200,SITE10,UNIT00028,AREA000179,DRILLING,Mud Tank,MUD-406,SN-95432493,Active,2021,24,Alloy Steel,Hydraulic,High,Medium,A,162264,5.2,Yes,EP Gear Oil / Grease,Grease gun / centralized
EQ00002201,SITE10,UNIT00028,AREA000175,ELECTRICAL,UPS System,UPS-479,SN-12166141,Active,2021,25,Alloy Steel,Electrical,Medium,Medium,A,193977,9.9,Some,Bearing Grease,Manual
EQ00002202,SITE10,UNIT00028,AREA000177,DRILLING,Drilling Rig,DRI-582,SN-20955072,Standby,2020,24,Alloy Steel,Mixed,Critical,High,A,111811,12.7,Yes,EP Gear Oil / Grease,Grease gun / centralized
EQ00002203,SITE10,UNIT00028,AREA000181,ELECTRICAL,UPS System,UPS-751,SN-35407342,Active,2023,12,Alloy Steel,Mechanical,Medium,Medium,B,73417,18.2,Some,Bearing Grease,Manual
EQ00002204,SITE10,UNIT00028,AREA000181,ELECTRICAL,Motor Control Centre,MOT-372,SN-55970427,Under Maintenance,2023,22,Carbon Steel,Process,Critical,High,C,167528,15.9,Some,Bearing Grease,Manual
EQ00002205,SITE10,UNIT00028,AREA000179,STATIC,Heat Exchanger,HEA-966,SN-80303508,Active,2020,17,Carbon Steel,Mechanical,High,High,B,27844,8.3,No,N/A,N/A
EQ00002206,SITE10,UNIT00028,AREA000180,ROTARY,Centrifugal Pump,CEN-168,SN-44929016,Standby,2021,17,Alloy Steel,Hydraulic,High,High,B,105781,8.9,Yes,Bearing Oil / Grease,Manual / auto-lube
EQ00002207,SITE10,UNIT00028,AREA000175,STATIC,Pressure Vessel,PRE-263,SN-34868062,Active,2023,21,Carbon Steel,Hydraulic,Critical,Critical,B,146092,19.4,No,N/A,N/A
EQ00002208,SITE10,UNIT00028,AREA000175,WORKSHOP,Air Receiver,AIR-715,SN-14887387,Standby,2019,10,Cast Iron,Mixed,High,High,B,18204,21.7,Yes,Machine Oil / Grease,Manual
EQ00002209,SITE10,UNIT00028,AREA000180,PIPING,Pig Launcher/Receiver,PIG-326,SN-11284560,Active,2024,30,Stainless Steel,Electrical,High,High,B,85214,5.0,No,N/A,N/A
EQ00002210,SITE10,UNIT00028,AREA000177,INSTRUMENTATION,Pressure Transmitter,PRE-933,SN-53967930,Standby,2023,14,Cast Iron,Process,High,High,C,40259,6.0,No,N/A,N/A
EQ00002211,SITE10,UNIT00028,AREA000175,SAFETY,Foam System,FOA-854,SN-67980701,Under Maintenance,2024,22,Alloy Steel,Hydraulic,Critical,High,A,104704,8.8,Some,Pump Bearing Grease,Manual
EQ00002212,SITE10,UNIT00028,AREA000176,VEHICLE,Oil Tanker,OIL-861,SN-21521212,Active,2021,24,Carbon Steel,Process,High,Critical,A,187007,6.3,Yes,Engine / Gear Lubricant,Workshop service
EQ00002213,SITE10,UNIT00028,AREA000175,STATIC,Pressure Vessel,PRE-644,SN-41653113,Active,2019,25,Cast Iron,Mechanical,Critical,Critical,B,72937,10.2,No,N/A,N/A
EQ00002214,SITE10,UNIT00028,AREA000175,STATIC,Storage Tank,STO-408,SN-98107447,Standby,2019,10,Carbon Steel,Process,Critical,High,A,104669,23.7,No,N/A,N/A
EQ00002215,SITE10,UNIT00028,AREA000178,ROTARY,Air Compressor,AIR-552,SN-18865021,Under Maintenance,2016,28,Stainless Steel,Hydraulic,High,High,B,86741,3.0,Yes,Bearing Oil / Grease,Manual / auto-lube
EQ00002216,SITE10,UNIT00028,AREA000176,WORKSHOP,Air Receiver,AIR-306,SN-50032605,Under Maintenance,2025,13,Carbon Steel,Electrical,High,High,A,51164,7.6,Yes,Machine Oil / Grease,Manual
EQ00002217,SITE10,UNIT00028,AREA000176,PRODUCTION,Three-Phase Separator,THR-491,SN-99876156,Under Maintenance,2025,14,Alloy Steel,Process,Critical,High,A,130025,19.5,Yes,Process/Mechanical Lubricant,Manual / automated
EQ00002218,SITE10,UNIT00028,AREA000179,DRILLING,Blowout Preventer,BLO-701,SN-22684099,Active,2018,21,Alloy Steel,Pneumatic,Critical,Critical,A,170107,15.9,Yes,EP Gear Oil / Grease,Grease gun / centralized
EQ00002219,SITE10,UNIT00028,AREA000175,PIPING,Process Pipeline,PRO-697,SN-84795788,Under Maintenance,2024,18,Carbon Steel,Mixed,Critical,High,C,181335,17.8,No,N/A,N/A
EQ00002220,SITE10,UNIT00028,AREA000177,WORKSHOP,Air Receiver,AIR-300,SN-75591949,Under Maintenance,2022,11,Carbon Steel,Process,High,High,B,26500,17.3,Yes,Machine Oil / Grease,Manual
EQ00002221,SITE10,UNIT00028,AREA000178,ELECTRICAL,Industrial Motor,IND-577,SN-69436540,Standby,2025,19,Stainless Steel,Mechanical,High,High,B,140076,17.2,Some,Bearing Grease,Manual
EQ00002222,SITE10,UNIT00028,AREA000175,LIFTING,Forklift,FOR-926,SN-45762455,Under Maintenance,2018,17,Alloy Steel,Electrical,High,High,C,93966,16.5,Yes,Wire Rope / Gear Grease,Manual
EQ00002223,SITE10,UNIT00028,AREA000180,WORKSHOP,Grinding Machine,GRI-408,SN-57010074,Active,2017,30,Cast Iron,Electrical,Medium,High,B,141450,14.3,Yes,Machine Oil / Grease,Manual
EQ00002224,SITE10,UNIT00028,AREA000180,PRODUCTION,Gas Compressor,GAS-433,SN-84896754,Standby,2022,10,Carbon Steel,Hydraulic,Critical,Critical,A,163660,8.4,Yes,Process/Mechanical Lubricant,Manual / automated
EQ00002225,SITE10,UNIT00028,AREA000181,DRILLING,Top Drive,TOP-230,SN-72371341,Active,2017,26,Carbon Steel,Pneumatic,Critical,Critical,A,111215,17.9,Yes,EP Gear Oil / Grease,Grease gun / centralized
EQ00002226,SITE10,UNIT00028,AREA000181,DRILLING,Top Drive,TOP-554,SN-95597531,Standby,2024,12,Cast Iron,Mixed,Critical,Critical,B,141813,2.3,Yes,EP Gear Oil / Grease,Grease gun / centralized
EQ00002227,SITE10,UNIT00028,AREA000179,PIPING,Pipeline Valve,PIP-644,SN-52422857,Standby,2016,27,Stainless Steel,Hydraulic,High,High,C,72061,20.8,No,N/A,N/A
EQ00002228,SITE10,UNIT00028,AREA000179,STATIC,Pressure Vessel,PRE-252,SN-69279326,Active,2023,15,Alloy Steel,Hydraulic,Critical,Critical,B,198879,11.1,No,N/A,N/A
EQ00002229,SITE10,UNIT00028,AREA000180,DRILLING,Top Drive,TOP-572,SN-77291728,Standby,2025,26,Carbon Steel,Hydraulic,Critical,Critical,A,139099,13.0,Yes,EP Gear Oil / Grease,Grease gun / centralized
EQ00002230,SITE10,UNIT00028,AREA000181,ELECTRICAL,Switchgear,SWI-167,SN-45340116,Standby,2021,21,Stainless Steel,Electrical,Critical,Critical,B,53429,23.7,Some,Bearing Grease,Manual
EQ00002231,SITE10,UNIT00028,AREA000177,PRODUCTION,Gas Sweetening Unit,GAS-472,SN-21058438,Under Maintenance,2018,23,Cast Iron,Mixed,Critical,High,B,175726,9.9,Yes,Process/Mechanical Lubricant,Manual / automated
EQ00002232,SITE10,UNIT00028,AREA000181,PIPING,Relief Valve,REL-137,SN-35990963,Active,2022,25,Alloy Steel,Mechanical,Critical,Critical,B,61975,20.2,No,N/A,N/A
EQ00002233,SITE10,UNIT00028,AREA000176,STATIC,Heat Exchanger,HEA-746,SN-17580345,Standby,2022,11,Cast Iron,Process,High,High,A,187561,17.5,No,N/A,N/A
EQ00002234,SITE10,UNIT00028,AREA000178,DRILLING,Wellhead,WEL-671,SN-74431084,Active,2024,29,Carbon Steel,Process,Critical,Critical,A,81708,4.0,Yes,EP Gear Oil / Grease,Grease gun / centralized
EQ00002235,SITE10,UNIT00028,AREA000179,PRODUCTION,Three-Phase Separator,THR-902,SN-27479054,Active,2021,25,Cast Iron,Hydraulic,Critical,High,C,66112,8.3,Yes,Process/Mechanical Lubricant,Manual / automated
EQ00002236,SITE10,UNIT00028,AREA000180,LIFTING,Mobile Crane,MOB-536,SN-95972162,Under Maintenance,2017,17,Cast Iron,Mixed,Critical,Critical,A,130446,16.3,Yes,Wire Rope / Gear Grease,Manual
EQ00002237,SITE10,UNIT00028,AREA000181,ELECTRICAL,Industrial Motor,IND-628,SN-38206398,Under Maintenance,2024,20,Alloy Steel,Pneumatic,High,High,A,24709,10.1,Some,Bearing Grease,Manual
EQ00002238,SITE10,UNIT00028,AREA000180,DRILLING,Drawworks,DRA-466,SN-93704201,Under Maintenance,2022,28,Alloy Steel,Mixed,Critical,Critical,C,74483,23.0,Yes,EP Gear Oil / Grease,Grease gun / centralized
EQ00002239,SITE10,UNIT00028,AREA000181,STATIC,Fired Heater,FIR-216,SN-82716100,Under Maintenance,2021,17,Stainless Steel,Process,Critical,Critical,C,155652,8.1,No,N/A,N/A
EQ00002240,SITE10,UNIT00028,AREA000175,PIPING,Pipeline Valve,PIP-134,SN-77427612,Under Maintenance,2023,20,Cast Iron,Hydraulic,High,High,A,138934,3.5,No,N/A,N/A
EQ00002241,SITE10,UNIT00028,AREA000178,DRILLING,Mud Tank,MUD-637,SN-54439930,Under Maintenance,2018,19,Carbon Steel,Electrical,High,Medium,C,68631,20.3,Yes,EP Gear Oil / Grease,Grease gun / centralized
EQ00002242,SITE10,UNIT00028,AREA000180,SAFETY,Fire Water Pump,FIR-978,SN-98452210,Standby,2018,20,Carbon Steel,Pneumatic,Critical,Critical,C,46292,12.8,Some,Pump Bearing Grease,Manual
EQ00002243,SITE10,UNIT00028,AREA000181,WORKSHOP,Welding Machine,WEL-744,SN-23501377,Standby,2022,15,Cast Iron,Electrical,Medium,High,A,146651,13.7,Yes,Machine Oil / Grease,Manual
EQ00002244,SITE10,UNIT00028,AREA000176,LIFTING,Forklift,FOR-129,SN-64748910,Active,2018,18,Carbon Steel,Pneumatic,High,High,A,120660,6.9,Yes,Wire Rope / Gear Grease,Manual
EQ00002245,SITE10,UNIT00028,AREA000180,VEHICLE,Heavy Utility Vehicle,HEA-827,SN-48271336,Active,2019,11,Stainless Steel,Pneumatic,Medium,Medium,A,98789,0.4,Yes,Engine / Gear Lubricant,Workshop service
EQ00002246,SITE10,UNIT00028,AREA000175,LIFTING,Overhead Crane,OVE-539,SN-97407775,Active,2019,16,Stainless Steel,Mechanical,High,Critical,A,57708,14.1,Yes,Wire Rope / Gear Grease,Manual
EQ00002247,SITE10,UNIT00028,AREA000179,PIPING,Pig Launcher/Receiver,PIG-259,SN-41498267,Active,2025,12,Stainless Steel,Process,High,High,C,153949,12.1,No,N/A,N/A
EQ00002248,SITE10,UNIT00028,AREA000178,PRODUCTION,Produced Water Pump,PRO-495,SN-53680391,Active,2020,10,Alloy Steel,Pneumatic,High,Medium,B,173191,1.6,Yes,Process/Mechanical Lubricant,Manual / automated
EQ00002249,SITE10,UNIT00028,AREA000180,INSTRUMENTATION,Control Valve,CON-254,SN-77256486,Under Maintenance,2018,10,Stainless Steel,Mixed,High,High,A,111431,0.2,No,N/A,N/A
EQ00002250,SITE10,UNIT00028,AREA000181,LIFTING,Overhead Crane,OVE-349,SN-58949359,Under Maintenance,2021,12,Alloy Steel,Pneumatic,High,Critical,C,28996,15.8,Yes,Wire Rope / Gear Grease,Manual
EQ00002251,SITE10,UNIT00028,AREA000175,ENVIRONMENT,Oil Water Separator,OIL-848,SN-75022192,Active,2018,25,Alloy Steel,Pneumatic,High,Medium,A,11753,2.0,Yes,Pump Bearing Grease,Manual
EQ00002252,SITE10,UNIT00028,AREA000181,LIFTING,Hoist,HOI-203,SN-29917428,Active,2024,10,Carbon Steel,Hydraulic,High,High,B,107400,9.3,Yes,Wire Rope / Gear Grease,Manual
EQ00002253,SITE10,UNIT00028,AREA000176,WORKSHOP,Lathe Machine,LAT-819,SN-56332525,Under Maintenance,2021,29,Cast Iron,Electrical,Medium,Medium,B,126111,10.7,Yes,Machine Oil / Grease,Manual
EQ00002254,SITE10,UNIT00028,AREA000178,PRODUCTION,Three-Phase Separator,THR-501,SN-81804033,Under Maintenance,2017,27,Stainless Steel,Pneumatic,Critical,High,C,83778,0.5,Yes,Process/Mechanical Lubricant,Manual / automated
EQ00002255,SITE10,UNIT00028,AREA000177,STATIC,Fired Heater,FIR-583,SN-74717772,Under Maintenance,2020,11,Carbon Steel,Hydraulic,Critical,Critical,A,114000,19.6,No,N/A,N/A
EQ00002256,SITE10,UNIT00028,AREA000177,SAFETY,Fire Water Pump,FIR-977,SN-40391223,Active,2016,16,Carbon Steel,Mechanical,Critical,Critical,B,167322,12.3,Some,Pump Bearing Grease,Manual
EQ00002257,SITE10,UNIT00028,AREA000177,DRILLING,Mud Tank,MUD-546,SN-78127476,Under Maintenance,2017,16,Alloy Steel,Mechanical,High,Medium,B,32232,12.6,Yes,EP Gear Oil / Grease,Grease gun / centralized
EQ00002258,SITE10,UNIT00028,AREA000179,PRODUCTION,Produced Water Pump,PRO-960,SN-33919296,Active,2025,25,Carbon Steel,Mechanical,High,Medium,C,105915,16.3,Yes,Process/Mechanical Lubricant,Manual / automated
EQ00002259,SITE10,UNIT00028,AREA000176,WORKSHOP,Lathe Machine,LAT-923,SN-88509838,Under Maintenance,2018,30,Stainless Steel,Mechanical,Medium,Medium,B,153917,1.9,Yes,Machine Oil / Grease,Manual
EQ00002260,SITE10,UNIT00028,AREA000180,PRODUCTION,Crude Oil Pump,CRU-969,SN-21634871,Active,2018,25,Stainless Steel,Mixed,High,High,A,2668,12.9,Yes,Process/Mechanical Lubricant,Manual / automated
EQ00002261,SITE10,UNIT00028,AREA000178,PRODUCTION,Three-Phase Separator,THR-670,SN-83727894,Active,2018,25,Carbon Steel,Electrical,Critical,High,B,143515,18.0,Yes,Process/Mechanical Lubricant,Manual / automated
EQ00002262,SITE10,UNIT00028,AREA000176,PIPING,Process Pipeline,PRO-912,SN-38049990,Under Maintenance,2024,12,Cast Iron,Hydraulic,Critical,High,C,100085,11.7,No,N/A,N/A
EQ00002263,SITE10,UNIT00028,AREA000175,SAFETY,Fire Alarm Panel,FIR-795,SN-18465252,Under Maintenance,2023,10,Carbon Steel,Hydraulic,High,High,C,127818,5.4,Some,Pump Bearing Grease,Manual
EQ00002264,SITE10,UNIT00028,AREA000176,SAFETY,Fire Hydrant,FIR-381,SN-42031903,Under Maintenance,2022,29,Alloy Steel,Electrical,High,High,B,43790,6.0,Some,Pump Bearing Grease,Manual
EQ00002265,SITE10,UNIT00028,AREA000179,PIPING,Pig Launcher/Receiver,PIG-747,SN-67876861,Active,2020,30,Carbon Steel,Mechanical,High,High,A,94889,0.6,No,N/A,N/A
EQ00002266,SITE10,UNIT00028,AREA000180,STATIC,Fired Heater,FIR-808,SN-75096846,Standby,2021,17,Alloy Steel,Mechanical,Critical,Critical,A,157819,14.0,No,N/A,N/A
EQ00002267,SITE10,UNIT00028,AREA000177,LIFTING,Mobile Crane,MOB-599,SN-32098190,Active,2022,14,Cast Iron,Hydraulic,Critical,Critical,A,10118,22.5,Yes,Wire Rope / Gear Grease,Manual
EQ00002268,SITE10,UNIT00028,AREA000179,VEHICLE,Heavy Utility Vehicle,HEA-612,SN-78848148,Standby,2016,10,Carbon Steel,Mechanical,Medium,Medium,B,29242,22.2,Yes,Engine / Gear Lubricant,Workshop service
EQ00002269,SITE10,UNIT00028,AREA000179,STATIC,Pressure Vessel,PRE-992,SN-75359739,Active,2025,23,Stainless Steel,Mechanical,Critical,Critical,A,149054,4.8,No,N/A,N/A
EQ00002270,SITE10,UNIT00028,AREA000178,SAFETY,Fire Water Pump,FIR-125,SN-95379554,Active,2025,28,Carbon Steel,Mixed,Critical,Critical,A,122530,9.7,Some,Pump Bearing Grease,Manual
EQ00002271,SITE10,UNIT00028,AREA000179,WORKSHOP,Lathe Machine,LAT-293,SN-75733077,Active,2024,20,Stainless Steel,Pneumatic,Medium,Medium,B,14722,1.9,Yes,Machine Oil / Grease,Manual
EQ00002272,SITE10,UNIT00028,AREA000179,STATIC,Pressure Vessel,PRE-499,SN-94611216,Active,2016,19,Alloy Steel,Pneumatic,Critical,Critical,A,70084,16.1,No,N/A,N/A
EQ00002273,SITE10,UNIT00028,AREA000176,PRODUCTION,Crude Oil Pump,CRU-462,SN-32327671,Standby,2016,25,Stainless Steel,Process,High,High,C,134831,14.7,Yes,Process/Mechanical Lubricant,Manual / automated
EQ00002274,SITE10,UNIT00028,AREA000176,PRODUCTION,Three-Phase Separator,THR-823,SN-31292388,Standby,2016,24,Cast Iron,Process,Critical,High,B,27889,3.9,Yes,Process/Mechanical Lubricant,Manual / automated
EQ00002275,SITE10,UNIT00028,AREA000175,ROTARY,Diesel Generator,DIE-212,SN-18196654,Under Maintenance,2017,11,Carbon Steel,Process,High,High,A,147562,21.3,Yes,Bearing Oil / Grease,Manual / auto-lube
EQ00002276,SITE10,UNIT00028,AREA000176,WORKSHOP,Hydraulic Press,HYD-463,SN-59201507,Active,2025,17,Cast Iron,Electrical,Medium,High,C,126368,22.8,Yes,Machine Oil / Grease,Manual
EQ00002277,SITE10,UNIT00028,AREA000176,PRODUCTION,Gas Sweetening Unit,GAS-964,SN-30205452,Active,2020,22,Cast Iron,Electrical,Critical,High,B,128229,4.4,Yes,Process/Mechanical Lubricant,Manual / automated
EQ00002278,SITE10,UNIT00028,AREA000176,DRILLING,Mud Pump,MUD-211,SN-92678087,Active,2020,21,Carbon Steel,Process,Critical,High,C,4494,9.0,Yes,EP Gear Oil / Grease,Grease gun / centralized
EQ00002279,SITE10,UNIT00028,AREA000181,DRILLING,Top Drive,TOP-680,SN-87209050,Active,2019,20,Stainless Steel,Pneumatic,Critical,Critical,C,172169,17.2,Yes,EP Gear Oil / Grease,Grease gun / centralized
EQ00002280,SITE10,UNIT00028,AREA000180,WORKSHOP,Hydraulic Press,HYD-779,SN-25903679,Under Maintenance,2020,12,Cast Iron,Mixed,Medium,High,C,53195,16.9,Yes,Machine Oil / Grease,Manual
EQ00002281,SITE10,UNIT00028,AREA000175,PIPING,Relief Valve,REL-604,SN-90699573,Under Maintenance,2023,28,Cast Iron,Mixed,Critical,Critical,A,137476,10.0,No,N/A,N/A
EQ00002282,SITE10,UNIT00028,AREA000176,ELECTRICAL,UPS System,UPS-317,SN-57791551,Active,2017,12,Alloy Steel,Mixed,Medium,Medium,C,88549,15.9,Some,Bearing Grease,Manual
EQ00002283,SITE10,UNIT00028,AREA000179,ROTARY,Centrifugal Pump,CEN-934,SN-12469701,Standby,2017,19,Alloy Steel,Mechanical,High,High,B,80772,15.4,Yes,Bearing Oil / Grease,Manual / auto-lube
EQ00002284,SITE10,UNIT00028,AREA000175,PIPING,Relief Valve,REL-302,SN-66207943,Standby,2016,23,Carbon Steel,Pneumatic,Critical,Critical,A,40828,13.4,No,N/A,N/A
EQ00002285,SITE10,UNIT00028,AREA000176,WORKSHOP,Lathe Machine,LAT-115,SN-13502491,Active,2019,10,Carbon Steel,Hydraulic,Medium,Medium,C,92983,18.6,Yes,Machine Oil / Grease,Manual
EQ00002286,SITE10,UNIT00028,AREA000177,DRILLING,Blowout Preventer,BLO-380,SN-18845964,Active,2020,13,Carbon Steel,Pneumatic,Critical,Critical,A,101160,3.6,Yes,EP Gear Oil / Grease,Grease gun / centralized
EQ00002287,SITE10,UNIT00028,AREA000177,INSTRUMENTATION,Pressure Transmitter,PRE-418,SN-30460456,Under Maintenance,2025,17,Carbon Steel,Electrical,High,High,A,31164,0.9,No,N/A,N/A
EQ00002288,SITE10,UNIT00028,AREA000175,PRODUCTION,Gas Sweetening Unit,GAS-663,SN-17436369,Active,2020,10,Cast Iron,Pneumatic,Critical,High,B,104945,16.5,Yes,Process/Mechanical Lubricant,Manual / automated
EQ00002289,SITE10,UNIT00028,AREA000175,PIPING,Pig Launcher/Receiver,PIG-586,SN-22095539,Active,2020,15,Cast Iron,Mechanical,High,High,C,4007,8.4,No,N/A,N/A
EQ00002290,SITE10,UNIT00028,AREA000181,PIPING,Process Pipeline,PRO-579,SN-74006664,Active,2019,25,Cast Iron,Mixed,Critical,High,C,2138,8.6,No,N/A,N/A
EQ00002291,SITE10,UNIT00028,AREA000178,PRODUCTION,Produced Water Pump,PRO-678,SN-57399112,Active,2025,29,Carbon Steel,Pneumatic,High,Medium,A,159954,18.2,Yes,Process/Mechanical Lubricant,Manual / automated
EQ00002292,SITE10,UNIT00028,AREA000181,LIFTING,Hoist,HOI-938,SN-51407649,Under Maintenance,2016,19,Cast Iron,Hydraulic,High,High,C,34931,3.0,Yes,Wire Rope / Gear Grease,Manual
EQ00002293,SITE10,UNIT00028,AREA000178,SAFETY,Fire Hydrant,FIR-933,SN-89800148,Under Maintenance,2022,28,Alloy Steel,Process,High,High,A,93189,5.5,Some,Pump Bearing Grease,Manual
EQ00002294,SITE10,UNIT00028,AREA000176,STATIC,Pressure Vessel,PRE-633,SN-66018076,Under Maintenance,2017,17,Alloy Steel,Process,Critical,Critical,A,67909,16.6,No,N/A,N/A
EQ00002295,SITE10,UNIT00028,AREA000181,ELECTRICAL,Transformer,TRA-501,SN-14314794,Standby,2024,12,Cast Iron,Mixed,Critical,High,B,82997,7.0,Some,Bearing Grease,Manual
EQ00002296,SITE10,UNIT00028,AREA000181,INSTRUMENTATION,Control Valve,CON-471,SN-87358822,Standby,2024,27,Cast Iron,Electrical,High,High,C,24703,6.1,No,N/A,N/A
EQ00002297,SITE10,UNIT00028,AREA000180,VEHICLE,Oil Tanker,OIL-849,SN-60183771,Active,2019,28,Alloy Steel,Mixed,High,Critical,B,166516,1.5,Yes,Engine / Gear Lubricant,Workshop service
EQ00002298,SITE10,UNIT00028,AREA000179,DRILLING,Wellhead,WEL-543,SN-77928050,Standby,2017,27,Stainless Steel,Mechanical,Critical,Critical,A,100532,3.9,Yes,EP Gear Oil / Grease,Grease gun / centralized
EQ00002299,SITE10,UNIT00028,AREA000180,ROTARY,Positive Displacement Pump,POS-648,SN-20797527,Standby,2016,14,Cast Iron,Electrical,High,High,B,113732,2.2,Yes,Bearing Oil / Grease,Manual / auto-lube
EQ00002300,SITE10,UNIT00028,AREA000178,PRODUCTION,Three-Phase Separator,THR-885,SN-87326081,Active,2018,30,Cast Iron,Pneumatic,Critical,High,B,15729,12.2,Yes,Process/Mechanical Lubricant,Manual / automated
EQ00002301,SITE10,UNIT00028,AREA000181,SAFETY,Fire Water Pump,FIR-415,SN-60495863,Active,2024,19,Cast Iron,Pneumatic,Critical,Critical,B,68500,2.6,Some,Pump Bearing Grease,Manual
EQ00002302,SITE10,UNIT00028,AREA000175,PIPING,Pig Launcher/Receiver,PIG-494,SN-52201725,Active,2021,15,Cast Iron,Electrical,High,High,C,37232,18.0,No,N/A,N/A
EQ00002303,SITE10,UNIT00028,AREA000180,SAFETY,Fire Water Pump,FIR-753,SN-93345444,Active,2025,24,Stainless Steel,Mechanical,Critical,Critical,B,48703,13.4,Some,Pump Bearing Grease,Manual
EQ00002304,SITE10,UNIT00029,AREA000184,DRILLING,Drilling Rig,DRI-903,SN-59792685,Active,2021,23,Stainless Steel,Process,Critical,High,C,133311,18.1,Yes,EP Gear Oil / Grease,Grease gun / centralized
EQ00002305,SITE10,UNIT00029,AREA000182,WORKSHOP,Air Receiver,AIR-683,SN-83897216,Under Maintenance,2024,13,Carbon Steel,Mechanical,High,High,C,30196,7.3,Yes,Machine Oil / Grease,Manual
EQ00002306,SITE10,UNIT00029,AREA000183,LIFTING,Overhead Crane,OVE-557,SN-21108557,Under Maintenance,2023,23,Cast Iron,Process,High,Critical,A,16599,2.8,Yes,Wire Rope / Gear Grease,Manual
EQ00002307,SITE10,UNIT00029,AREA000183,STATIC,Fired Heater,FIR-342,SN-40142637,Active,2016,11,Carbon Steel,Mechanical,Critical,Critical,B,101717,9.5,No,N/A,N/A
EQ00002308,SITE10,UNIT00029,AREA000185,PRODUCTION,Three-Phase Separator,THR-355,SN-20576385,Active,2018,13,Carbon Steel,Process,Critical,High,B,93627,20.1,Yes,Process/Mechanical Lubricant,Manual / automated
EQ00002309,SITE10,UNIT00029,AREA000183,ENVIRONMENT,Oil Water Separator,OIL-215,SN-31779930,Standby,2022,16,Alloy Steel,Process,High,Medium,B,143780,15.8,Yes,Pump Bearing Grease,Manual
EQ00002310,SITE10,UNIT00029,AREA000185,LIFTING,Forklift,FOR-556,SN-94216801,Active,2024,26,Carbon Steel,Pneumatic,High,High,C,55146,8.5,Yes,Wire Rope / Gear Grease,Manual
EQ00002311,SITE10,UNIT00029,AREA000182,ELECTRICAL,Motor Control Centre,MOT-248,SN-24268770,Active,2018,21,Alloy Steel,Pneumatic,Critical,High,A,62975,12.6,Some,Bearing Grease,Manual
EQ00002312,SITE10,UNIT00029,AREA000184,PRODUCTION,Gas Dehydration Unit,GAS-983,SN-26437650,Active,2018,18,Cast Iron,Electrical,High,High,B,163835,12.9,Yes,Process/Mechanical Lubricant,Manual / automated
EQ00002313,SITE10,UNIT00029,AREA000182,PRODUCTION,Gas Compressor,GAS-413,SN-98772268,Active,2025,24,Alloy Steel,Hydraulic,Critical,Critical,C,183319,8.8,Yes,Process/Mechanical Lubricant,Manual / automated
EQ00002314,SITE10,UNIT00029,AREA000183,PIPING,Process Pipeline,PRO-561,SN-31419092,Active,2025,19,Stainless Steel,Hydraulic,Critical,High,B,98192,17.2,No,N/A,N/A
EQ00002315,SITE10,UNIT00029,AREA000183,DRILLING,Wellhead,WEL-435,SN-93731457,Active,2024,18,Carbon Steel,Pneumatic,Critical,Critical,A,14950,13.7,Yes,EP Gear Oil / Grease,Grease gun / centralized
EQ00002316,SITE10,UNIT00029,AREA000183,WORKSHOP,Grinding Machine,GRI-852,SN-78737408,Active,2020,21,Stainless Steel,Process,Medium,High,A,48939,4.1,Yes,Machine Oil / Grease,Manual
EQ00002317,SITE10,UNIT00029,AREA000182,DRILLING,Mud Tank,MUD-114,SN-65063576,Standby,2017,10,Carbon Steel,Hydraulic,High,Medium,A,166997,20.7,Yes,EP Gear Oil / Grease,Grease gun / centralized
EQ00002318,SITE10,UNIT00029,AREA000184,ELECTRICAL,Switchgear,SWI-855,SN-94514773,Under Maintenance,2020,25,Carbon Steel,Mixed,Critical,Critical,C,173533,8.2,Some,Bearing Grease,Manual
EQ00002319,SITE10,UNIT00029,AREA000182,DRILLING,Drilling Rig,DRI-826,SN-74902961,Active,2022,26,Carbon Steel,Pneumatic,Critical,High,C,198811,12.9,Yes,EP Gear Oil / Grease,Grease gun / centralized
EQ00002320,SITE10,UNIT00029,AREA000185,INSTRUMENTATION,Pressure Transmitter,PRE-725,SN-88602182,Active,2016,19,Alloy Steel,Pneumatic,High,High,A,142311,1.7,No,N/A,N/A
EQ00002321,SITE10,UNIT00029,AREA000182,DRILLING,Drilling Rig,DRI-592,SN-42566933,Active,2023,22,Alloy Steel,Mixed,Critical,High,C,130586,12.9,Yes,EP Gear Oil / Grease,Grease gun / centralized
EQ00002322,SITE10,UNIT00029,AREA000185,DRILLING,Drawworks,DRA-549,SN-91911549,Active,2024,20,Alloy Steel,Electrical,Critical,Critical,A,111992,16.0,Yes,EP Gear Oil / Grease,Grease gun / centralized
EQ00002323,SITE10,UNIT00029,AREA000183,ENVIRONMENT,Effluent Treatment Unit,EFF-704,SN-96240292,Standby,2023,18,Carbon Steel,Hydraulic,High,Medium,C,127130,1.1,Yes,Pump Bearing Grease,Manual
EQ00002324,SITE10,UNIT00029,AREA000184,STATIC,Fired Heater,FIR-255,SN-13296238,Active,2019,16,Carbon Steel,Mechanical,Critical,Critical,A,52574,13.7,No,N/A,N/A
EQ00002325,SITE10,UNIT00029,AREA000185,DRILLING,Mud Tank,MUD-163,SN-70085368,Standby,2022,23,Alloy Steel,Pneumatic,High,Medium,A,39541,6.6,Yes,EP Gear Oil / Grease,Grease gun / centralized
EQ00002326,SITE10,UNIT00029,AREA000182,DRILLING,Blowout Preventer,BLO-729,SN-55178656,Under Maintenance,2016,15,Cast Iron,Process,Critical,Critical,A,188836,17.7,Yes,EP Gear Oil / Grease,Grease gun / centralized
EQ00002327,SITE10,UNIT00029,AREA000183,PIPING,Process Pipeline,PRO-268,SN-65735542,Active,2018,29,Stainless Steel,Pneumatic,Critical,High,B,134939,13.2,No,N/A,N/A
EQ00002328,SITE10,UNIT00029,AREA000182,INSTRUMENTATION,Pressure Transmitter,PRE-646,SN-10796969,Standby,2023,22,Cast Iron,Electrical,High,High,B,67629,8.6,No,N/A,N/A
EQ00002329,SITE10,UNIT00029,AREA000185,PIPING,Process Pipeline,PRO-973,SN-54556726,Under Maintenance,2018,27,Alloy Steel,Pneumatic,Critical,High,C,71787,4.3,No,N/A,N/A
EQ00002330,SITE10,UNIT00029,AREA000183,WORKSHOP,Welding Machine,WEL-923,SN-24318841,Active,2021,17,Carbon Steel,Electrical,Medium,High,C,69923,15.6,Yes,Machine Oil / Grease,Manual
EQ00002331,SITE10,UNIT00029,AREA000184,DRILLING,Drawworks,DRA-944,SN-87890247,Active,2022,25,Stainless Steel,Process,Critical,Critical,B,125003,19.8,Yes,EP Gear Oil / Grease,Grease gun / centralized
EQ00002332,SITE10,UNIT00029,AREA000183,ROTARY,Centrifugal Pump,CEN-960,SN-69544633,Under Maintenance,2018,23,Carbon Steel,Mixed,High,High,B,120796,22.8,Yes,Bearing Oil / Grease,Manual / auto-lube
EQ00002333,SITE10,UNIT00029,AREA000183,ELECTRICAL,Industrial Motor,IND-409,SN-14523081,Active,2021,14,Alloy Steel,Mixed,High,High,B,67603,0.6,Some,Bearing Grease,Manual
EQ00002334,SITE10,UNIT00029,AREA000184,INSTRUMENTATION,Gas Detector,GAS-621,SN-62494770,Active,2019,16,Carbon Steel,Mechanical,Critical,Critical,A,83869,13.5,No,N/A,N/A
EQ00002335,SITE10,UNIT00029,AREA000183,VEHICLE,Oil Tanker,OIL-327,SN-82840580,Active,2025,24,Alloy Steel,Mechanical,High,Critical,C,91003,18.4,Yes,Engine / Gear Lubricant,Workshop service
EQ00002336,SITE10,UNIT00029,AREA000185,PIPING,Pig Launcher/Receiver,PIG-757,SN-91366079,Standby,2021,17,Stainless Steel,Hydraulic,High,High,B,8048,8.9,No,N/A,N/A
EQ00002337,SITE10,UNIT00029,AREA000183,INSTRUMENTATION,Pressure Transmitter,PRE-411,SN-35455954,Active,2020,14,Stainless Steel,Process,High,High,A,117759,20.0,No,N/A,N/A
EQ00002338,SITE10,UNIT00029,AREA000183,PIPING,Pig Launcher/Receiver,PIG-611,SN-91120632,Active,2018,26,Carbon Steel,Pneumatic,High,High,A,127911,4.3,No,N/A,N/A
EQ00002339,SITE10,UNIT00029,AREA000184,DRILLING,Mud Pump,MUD-266,SN-76596672,Active,2024,28,Cast Iron,Hydraulic,Critical,High,B,157071,13.3,Yes,EP Gear Oil / Grease,Grease gun / centralized
EQ00002340,SITE10,UNIT00029,AREA000185,DRILLING,Mud Pump,MUD-288,SN-99155786,Active,2016,25,Cast Iron,Mixed,Critical,High,A,74322,19.2,Yes,EP Gear Oil / Grease,Grease gun / centralized
EQ00002341,SITE10,UNIT00029,AREA000185,WORKSHOP,Lathe Machine,LAT-476,SN-73253682,Active,2016,18,Alloy Steel,Electrical,Medium,Medium,B,135281,11.1,Yes,Machine Oil / Grease,Manual
EQ00002342,SITE10,UNIT00029,AREA000185,INSTRUMENTATION,Control Valve,CON-719,SN-85733376,Active,2022,21,Cast Iron,Hydraulic,High,High,C,198946,22.6,No,N/A,N/A
EQ00002343,SITE10,UNIT00029,AREA000183,STATIC,Storage Tank,STO-375,SN-90807675,Standby,2023,26,Alloy Steel,Pneumatic,Critical,High,B,45736,4.0,No,N/A,N/A
EQ00002344,SITE10,UNIT00029,AREA000185,LIFTING,Overhead Crane,OVE-395,SN-28686986,Standby,2016,17,Cast Iron,Hydraulic,High,Critical,C,158237,15.4,Yes,Wire Rope / Gear Grease,Manual
EQ00002345,SITE10,UNIT00029,AREA000183,VEHICLE,Heavy Utility Vehicle,HEA-183,SN-81711624,Under Maintenance,2025,16,Alloy Steel,Process,Medium,Medium,A,96760,13.2,Yes,Engine / Gear Lubricant,Workshop service
EQ00002346,SITE10,UNIT00029,AREA000184,STATIC,Heat Exchanger,HEA-494,SN-30669534,Standby,2025,18,Stainless Steel,Mixed,High,High,C,108783,13.5,No,N/A,N/A
EQ00002347,SITE10,UNIT00029,AREA000182,ENVIRONMENT,Effluent Treatment Unit,EFF-190,SN-29343673,Active,2020,26,Cast Iron,Mixed,High,Medium,A,77528,14.4,Yes,Pump Bearing Grease,Manual
EQ00002348,SITE10,UNIT00029,AREA000185,LIFTING,Hoist,HOI-603,SN-64464387,Active,2025,18,Carbon Steel,Mechanical,High,High,B,29760,12.8,Yes,Wire Rope / Gear Grease,Manual
EQ00002349,SITE10,UNIT00029,AREA000184,PRODUCTION,Crude Oil Pump,CRU-406,SN-69405953,Under Maintenance,2025,28,Cast Iron,Process,High,High,A,102315,16.8,Yes,Process/Mechanical Lubricant,Manual / automated
EQ00002350,SITE10,UNIT00029,AREA000183,ROTARY,Air Compressor,AIR-479,SN-79747547,Active,2020,26,Alloy Steel,Electrical,High,High,B,113787,21.3,Yes,Bearing Oil / Grease,Manual / auto-lube
EQ00002351,SITE10,UNIT00029,AREA000182,ELECTRICAL,UPS System,UPS-440,SN-50108805,Active,2021,10,Stainless Steel,Pneumatic,Medium,Medium,B,25487,21.7,Some,Bearing Grease,Manual
EQ00002352,SITE10,UNIT00030,AREA000190,ROTARY,Diesel Generator,DIE-800,SN-29646962,Under Maintenance,2021,20,Carbon Steel,Mechanical,High,High,C,180492,2.4,Yes,Bearing Oil / Grease,Manual / auto-lube
EQ00002353,SITE10,UNIT00030,AREA000187,STATIC,Fired Heater,FIR-121,SN-43012790,Active,2025,22,Alloy Steel,Mixed,Critical,Critical,A,99715,12.0,No,N/A,N/A
EQ00002354,SITE10,UNIT00030,AREA000187,ROTARY,Positive Displacement Pump,POS-748,SN-67735149,Active,2016,26,Alloy Steel,Mechanical,High,High,C,167440,3.6,Yes,Bearing Oil / Grease,Manual / auto-lube
EQ00002355,SITE10,UNIT00030,AREA000188,WORKSHOP,Lathe Machine,LAT-934,SN-19407365,Active,2022,23,Stainless Steel,Electrical,Medium,Medium,A,96194,14.3,Yes,Machine Oil / Grease,Manual
EQ00002356,SITE10,UNIT00030,AREA000186,ELECTRICAL,Switchgear,SWI-476,SN-72077495,Active,2020,13,Stainless Steel,Process,Critical,Critical,C,113341,0.6,Some,Bearing Grease,Manual
EQ00002357,SITE10,UNIT00030,AREA000186,WORKSHOP,Air Receiver,AIR-180,SN-32967393,Active,2019,21,Alloy Steel,Process,High,High,C,61450,10.5,Yes,Machine Oil / Grease,Manual
EQ00002358,SITE10,UNIT00030,AREA000186,STATIC,Fired Heater,FIR-465,SN-22523273,Under Maintenance,2016,20,Carbon Steel,Mixed,Critical,Critical,B,149627,11.6,No,N/A,N/A
EQ00002359,SITE10,UNIT00030,AREA000186,DRILLING,Mud Tank,MUD-508,SN-12939838,Under Maintenance,2019,22,Carbon Steel,Mechanical,High,Medium,A,130290,6.7,Yes,EP Gear Oil / Grease,Grease gun / centralized
EQ00002360,SITE10,UNIT00030,AREA000189,ELECTRICAL,Industrial Motor,IND-105,SN-76286457,Under Maintenance,2016,12,Alloy Steel,Process,High,High,A,57541,8.0,Some,Bearing Grease,Manual
EQ00002361,SITE10,UNIT00030,AREA000186,LIFTING,Mobile Crane,MOB-598,SN-13730159,Active,2022,13,Stainless Steel,Mixed,Critical,Critical,A,15992,11.4,Yes,Wire Rope / Gear Grease,Manual
EQ00002362,SITE10,UNIT00030,AREA000186,DRILLING,Top Drive,TOP-899,SN-79267644,Active,2020,29,Cast Iron,Electrical,Critical,Critical,C,162341,7.1,Yes,EP Gear Oil / Grease,Grease gun / centralized
EQ00002363,SITE10,UNIT00030,AREA000186,VEHICLE,Heavy Utility Vehicle,HEA-487,SN-72336890,Active,2020,16,Carbon Steel,Electrical,Medium,Medium,B,128603,1.5,Yes,Engine / Gear Lubricant,Workshop service
EQ00002364,SITE10,UNIT00030,AREA000188,PIPING,Pig Launcher/Receiver,PIG-126,SN-15534691,Under Maintenance,2018,20,Alloy Steel,Electrical,High,High,A,134171,19.3,No,N/A,N/A
EQ00002365,SITE10,UNIT00030,AREA000188,PIPING,Process Pipeline,PRO-203,SN-68257744,Active,2021,29,Cast Iron,Pneumatic,Critical,High,A,161660,1.7,No,N/A,N/A
EQ00002366,SITE10,UNIT00030,AREA000187,PRODUCTION,Gas Dehydration Unit,GAS-610,SN-55417442,Standby,2016,10,Alloy Steel,Mixed,High,High,B,73096,12.8,Yes,Process/Mechanical Lubricant,Manual / automated
EQ00002367,SITE10,UNIT00030,AREA000187,VEHICLE,Heavy Utility Vehicle,HEA-677,SN-66144449,Standby,2021,17,Alloy Steel,Mixed,Medium,Medium,B,84168,20.8,Yes,Engine / Gear Lubricant,Workshop service
EQ00002368,SITE10,UNIT00030,AREA000187,VEHICLE,Oil Tanker,OIL-381,SN-28458099,Under Maintenance,2019,15,Carbon Steel,Process,High,Critical,B,139079,12.1,Yes,Engine / Gear Lubricant,Workshop service
EQ00002369,SITE10,UNIT00030,AREA000190,PIPING,Relief Valve,REL-606,SN-57888387,Under Maintenance,2020,21,Stainless Steel,Hydraulic,Critical,Critical,B,63574,3.7,No,N/A,N/A
EQ00002370,SITE10,UNIT00030,AREA000187,WORKSHOP,Grinding Machine,GRI-786,SN-11853232,Standby,2022,23,Stainless Steel,Pneumatic,Medium,High,A,117732,6.9,Yes,Machine Oil / Grease,Manual
EQ00002371,SITE10,UNIT00030,AREA000190,WORKSHOP,Grinding Machine,GRI-104,SN-69232050,Active,2019,10,Alloy Steel,Pneumatic,Medium,High,B,110373,1.5,Yes,Machine Oil / Grease,Manual
EQ00002372,SITE10,UNIT00030,AREA000187,WORKSHOP,Welding Machine,WEL-403,SN-78451659,Under Maintenance,2021,13,Carbon Steel,Mechanical,Medium,High,C,23883,20.4,Yes,Machine Oil / Grease,Manual
EQ00002373,SITE10,UNIT00030,AREA000187,VEHICLE,Oil Tanker,OIL-579,SN-67330758,Under Maintenance,2021,25,Alloy Steel,Mixed,High,Critical,A,107375,6.5,Yes,Engine / Gear Lubricant,Workshop service
EQ00002374,SITE10,UNIT00030,AREA000188,ROTARY,Centrifugal Pump,CEN-143,SN-53726141,Active,2025,24,Alloy Steel,Mixed,High,High,C,170676,6.6,Yes,Bearing Oil / Grease,Manual / auto-lube
EQ00002375,SITE10,UNIT00030,AREA000186,LIFTING,Overhead Crane,OVE-605,SN-35828468,Under Maintenance,2019,14,Cast Iron,Mixed,High,Critical,B,112579,23.2,Yes,Wire Rope / Gear Grease,Manual
EQ00002376,SITE10,UNIT00030,AREA000188,PIPING,Pipeline Valve,PIP-525,SN-14004318,Standby,2017,17,Carbon Steel,Process,High,High,C,95323,1.2,No,N/A,N/A
EQ00002377,SITE10,UNIT00030,AREA000188,STATIC,Storage Tank,STO-686,SN-20960438,Standby,2020,10,Cast Iron,Mixed,Critical,High,A,5557,19.5,No,N/A,N/A
EQ00002378,SITE10,UNIT00030,AREA000189,STATIC,Heat Exchanger,HEA-356,SN-35838443,Active,2025,24,Stainless Steel,Process,High,High,C,112922,13.9,No,N/A,N/A
EQ00002379,SITE10,UNIT00030,AREA000188,WORKSHOP,Air Receiver,AIR-919,SN-98729548,Active,2025,28,Alloy Steel,Electrical,High,High,C,49110,9.0,Yes,Machine Oil / Grease,Manual
EQ00002380,SITE10,UNIT00030,AREA000190,WORKSHOP,Welding Machine,WEL-508,SN-25814227,Active,2025,11,Cast Iron,Process,Medium,High,B,127046,16.7,Yes,Machine Oil / Grease,Manual
EQ00002381,SITE10,UNIT00030,AREA000187,PIPING,Pig Launcher/Receiver,PIG-484,SN-19431173,Active,2019,14,Carbon Steel,Electrical,High,High,A,28495,14.4,No,N/A,N/A
EQ00002382,SITE10,UNIT00030,AREA000189,WORKSHOP,Air Receiver,AIR-887,SN-84817291,Active,2017,14,Stainless Steel,Mechanical,High,High,C,132545,13.0,Yes,Machine Oil / Grease,Manual
EQ00002383,SITE10,UNIT00030,AREA000190,STATIC,Pressure Vessel,PRE-661,SN-29924774,Active,2017,18,Carbon Steel,Mechanical,Critical,Critical,C,193949,19.9,No,N/A,N/A
EQ00002384,SITE10,UNIT00030,AREA000189,STATIC,Heat Exchanger,HEA-446,SN-52100332,Active,2025,29,Stainless Steel,Electrical,High,High,C,26860,20.3,No,N/A,N/A
EQ00002385,SITE10,UNIT00030,AREA000186,INSTRUMENTATION,Gas Detector,GAS-675,SN-41898462,Under Maintenance,2025,15,Stainless Steel,Mechanical,Critical,Critical,C,39133,3.0,No,N/A,N/A
EQ00002386,SITE10,UNIT00030,AREA000189,DRILLING,Wellhead,WEL-714,SN-22458136,Under Maintenance,2023,21,Carbon Steel,Pneumatic,Critical,Critical,B,29653,14.3,Yes,EP Gear Oil / Grease,Grease gun / centralized
EQ00002387,SITE10,UNIT00030,AREA000190,DRILLING,Wellhead,WEL-290,SN-33825094,Active,2019,28,Alloy Steel,Mixed,Critical,Critical,B,175561,12.9,Yes,EP Gear Oil / Grease,Grease gun / centralized
EQ00002388,SITE10,UNIT00030,AREA000190,LIFTING,Mobile Crane,MOB-603,SN-37542784,Active,2025,27,Stainless Steel,Process,Critical,Critical,A,73648,8.7,Yes,Wire Rope / Gear Grease,Manual
EQ00002389,SITE10,UNIT00030,AREA000189,ELECTRICAL,Switchgear,SWI-395,SN-90391077,Standby,2016,11,Carbon Steel,Mechanical,Critical,Critical,A,3196,21.3,Some,Bearing Grease,Manual
EQ00002390,SITE10,UNIT00030,AREA000186,WORKSHOP,Welding Machine,WEL-712,SN-66499891,Standby,2024,19,Carbon Steel,Pneumatic,Medium,High,A,144209,16.8,Yes,Machine Oil / Grease,Manual
EQ00002391,SITE10,UNIT00030,AREA000187,INSTRUMENTATION,Control Valve,CON-206,SN-43004733,Active,2020,19,Stainless Steel,Pneumatic,High,High,C,44059,12.2,No,N/A,N/A
EQ00002392,SITE10,UNIT00030,AREA000190,WORKSHOP,Grinding Machine,GRI-695,SN-22932519,Active,2020,10,Carbon Steel,Mechanical,Medium,High,A,97428,21.3,Yes,Machine Oil / Grease,Manual
EQ00002393,SITE10,UNIT00030,AREA000188,WORKSHOP,Hydraulic Press,HYD-321,SN-39242882,Active,2017,23,Carbon Steel,Electrical,Medium,High,C,129194,22.1,Yes,Machine Oil / Grease,Manual
EQ00002394,SITE10,UNIT00030,AREA000187,STATIC,Fired Heater,FIR-558,SN-94364922,Active,2017,27,Alloy Steel,Mixed,Critical,Critical,C,124371,17.3,No,N/A,N/A
EQ00002395,SITE10,UNIT00030,AREA000186,ENVIRONMENT,Oil Water Separator,OIL-927,SN-38085853,Active,2024,18,Alloy Steel,Pneumatic,High,Medium,B,122526,3.8,Yes,Pump Bearing Grease,Manual
EQ00002396,SITE10,UNIT00030,AREA000187,LIFTING,Forklift,FOR-526,SN-82803364,Active,2016,13,Stainless Steel,Process,High,High,A,138587,8.3,Yes,Wire Rope / Gear Grease,Manual
EQ00002397,SITE10,UNIT00030,AREA000189,PRODUCTION,Crude Oil Pump,CRU-169,SN-36060171,Active,2024,29,Carbon Steel,Electrical,High,High,A,30598,18.7,Yes,Process/Mechanical Lubricant,Manual / automated
EQ00002398,SITE10,UNIT00030,AREA000188,ENVIRONMENT,Oil Water Separator,OIL-910,SN-11936933,Active,2021,30,Carbon Steel,Pneumatic,High,Medium,A,12619,11.7,Yes,Pump Bearing Grease,Manual
EQ00002399,SITE10,UNIT00030,AREA000186,ELECTRICAL,Motor Control Centre,MOT-865,SN-94080187,Active,2017,23,Stainless Steel,Mechanical,Critical,High,C,26858,12.6,Some,Bearing Grease,Manual
EQ00002400,SITE10,UNIT00030,AREA000187,DRILLING,Wellhead,WEL-662,SN-91155313,Active,2018,12,Carbon Steel,Hydraulic,Critical,Critical,C,148074,13.0,Yes,EP Gear Oil / Grease,Grease gun / centralized
EQ00002401,SITE10,UNIT00030,AREA000189,DRILLING,Drilling Rig,DRI-720,SN-20551055,Standby,2025,20,Alloy Steel,Mixed,Critical,High,B,24517,5.9,Yes,EP Gear Oil / Grease,Grease gun / centralized
EQ00002402,SITE10,UNIT00030,AREA000188,ENVIRONMENT,Oil Water Separator,OIL-226,SN-35938952,Active,2022,19,Cast Iron,Pneumatic,High,Medium,A,148472,0.5,Yes,Pump Bearing Grease,Manual
EQ00002403,SITE10,UNIT00030,AREA000187,PRODUCTION,Gas Compressor,GAS-240,SN-51049700,Active,2023,29,Cast Iron,Hydraulic,Critical,Critical,A,40771,12.3,Yes,Process/Mechanical Lubricant,Manual / automated
EQ00002404,SITE10,UNIT00030,AREA000189,ROTARY,Air Compressor,AIR-305,SN-70619823,Active,2024,11,Carbon Steel,Hydraulic,High,High,B,18035,19.3,Yes,Bearing Oil / Grease,Manual / auto-lube
EQ00002405,SITE10,UNIT00030,AREA000187,ENVIRONMENT,Oil Water Separator,OIL-245,SN-36385499,Active,2024,18,Stainless Steel,Process,High,Medium,C,15943,21.8,Yes,Pump Bearing Grease,Manual
EQ00002406,SITE10,UNIT00030,AREA000186,PRODUCTION,Three-Phase Separator,THR-203,SN-36554905,Standby,2021,19,Cast Iron,Electrical,Critical,High,B,89517,6.2,Yes,Process/Mechanical Lubricant,Manual / automated
EQ00002407,SITE10,UNIT00030,AREA000187,INSTRUMENTATION,Gas Detector,GAS-630,SN-34556055,Active,2018,17,Stainless Steel,Electrical,Critical,Critical,A,133474,10.0,No,N/A,N/A
EQ00002408,SITE11,UNIT00031,AREA000192,LIFTING,Overhead Crane,OVE-599,SN-45140215,Under Maintenance,2018,16,Carbon Steel,Mixed,High,Critical,A,197323,16.6,Yes,Wire Rope / Gear Grease,Manual
EQ00002409,SITE11,UNIT00031,AREA000191,PIPING,Process Pipeline,PRO-298,SN-56278904,Under Maintenance,2022,28,Carbon Steel,Pneumatic,Critical,High,B,168534,20.6,No,N/A,N/A
EQ00002410,SITE11,UNIT00031,AREA000193,PIPING,Pipeline Valve,PIP-185,SN-35954034,Active,2023,18,Carbon Steel,Process,High,High,A,42745,14.4,No,N/A,N/A
EQ00002411,SITE11,UNIT00031,AREA000194,ENVIRONMENT,Oil Water Separator,OIL-472,SN-74618924,Active,2018,12,Cast Iron,Process,High,Medium,B,113688,22.4,Yes,Pump Bearing Grease,Manual
EQ00002412,SITE11,UNIT00031,AREA000191,WORKSHOP,Welding Machine,WEL-285,SN-74138216,Active,2024,17,Cast Iron,Pneumatic,Medium,High,C,161057,18.6,Yes,Machine Oil / Grease,Manual
EQ00002413,SITE11,UNIT00031,AREA000192,INSTRUMENTATION,Gas Detector,GAS-728,SN-99906807,Active,2025,12,Cast Iron,Mixed,Critical,Critical,C,188362,10.1,No,N/A,N/A
EQ00002414,SITE11,UNIT00031,AREA000192,DRILLING,Top Drive,TOP-801,SN-89124175,Active,2022,19,Carbon Steel,Electrical,Critical,Critical,A,195429,0.8,Yes,EP Gear Oil / Grease,Grease gun / centralized
EQ00002415,SITE11,UNIT00031,AREA000192,STATIC,Fired Heater,FIR-338,SN-30337180,Under Maintenance,2017,16,Carbon Steel,Pneumatic,Critical,Critical,C,195939,19.1,No,N/A,N/A
EQ00002416,SITE11,UNIT00031,AREA000192,LIFTING,Hoist,HOI-687,SN-87175817,Active,2024,13,Stainless Steel,Hydraulic,High,High,A,34009,8.9,Yes,Wire Rope / Gear Grease,Manual
EQ00002417,SITE11,UNIT00031,AREA000194,ROTARY,Positive Displacement Pump,POS-384,SN-42270913,Active,2016,11,Cast Iron,Electrical,High,High,A,41289,3.0,Yes,Bearing Oil / Grease,Manual / auto-lube
EQ00002418,SITE11,UNIT00031,AREA000194,ELECTRICAL,Switchgear,SWI-331,SN-72881530,Active,2020,12,Cast Iron,Pneumatic,Critical,Critical,B,134530,23.5,Some,Bearing Grease,Manual
EQ00002419,SITE11,UNIT00031,AREA000194,LIFTING,Mobile Crane,MOB-977,SN-86486457,Under Maintenance,2022,29,Alloy Steel,Hydraulic,Critical,Critical,A,89368,18.9,Yes,Wire Rope / Gear Grease,Manual
EQ00002420,SITE11,UNIT00031,AREA000191,LIFTING,Forklift,FOR-931,SN-59190360,Active,2020,18,Alloy Steel,Electrical,High,High,A,193353,11.7,Yes,Wire Rope / Gear Grease,Manual
EQ00002421,SITE11,UNIT00031,AREA000193,STATIC,Storage Tank,STO-325,SN-65244180,Active,2020,18,Stainless Steel,Pneumatic,Critical,High,B,127955,13.9,No,N/A,N/A
EQ00002422,SITE11,UNIT00031,AREA000194,LIFTING,Hoist,HOI-491,SN-66095615,Active,2023,24,Cast Iron,Mechanical,High,High,A,165938,15.3,Yes,Wire Rope / Gear Grease,Manual
EQ00002423,SITE11,UNIT00031,AREA000194,SAFETY,Foam System,FOA-998,SN-27447998,Active,2018,24,Stainless Steel,Hydraulic,Critical,High,A,80557,5.5,Some,Pump Bearing Grease,Manual
EQ00002424,SITE11,UNIT00031,AREA000191,PRODUCTION,Crude Oil Pump,CRU-927,SN-59793144,Under Maintenance,2023,24,Carbon Steel,Electrical,High,High,C,25134,22.8,Yes,Process/Mechanical Lubricant,Manual / automated
EQ00002425,SITE11,UNIT00031,AREA000192,ELECTRICAL,UPS System,UPS-267,SN-53898146,Under Maintenance,2023,13,Carbon Steel,Hydraulic,Medium,Medium,A,113669,12.4,Some,Bearing Grease,Manual
EQ00002426,SITE11,UNIT00031,AREA000194,DRILLING,Drilling Rig,DRI-849,SN-18313853,Under Maintenance,2024,28,Cast Iron,Electrical,Critical,High,B,167931,14.0,Yes,EP Gear Oil / Grease,Grease gun / centralized
EQ00002427,SITE11,UNIT00031,AREA000193,VEHICLE,Heavy Utility Vehicle,HEA-119,SN-48121737,Active,2023,13,Alloy Steel,Mechanical,Medium,Medium,B,112094,6.1,Yes,Engine / Gear Lubricant,Workshop service
EQ00002428,SITE11,UNIT00031,AREA000192,INSTRUMENTATION,Emergency Shutdown System,EME-925,SN-21435414,Active,2024,19,Carbon Steel,Hydraulic,Critical,Critical,B,187948,18.4,No,N/A,N/A
EQ00002429,SITE11,UNIT00031,AREA000192,ENVIRONMENT,Oil Water Separator,OIL-100,SN-93021682,Standby,2016,19,Cast Iron,Hydraulic,High,Medium,A,74065,12.5,Yes,Pump Bearing Grease,Manual
EQ00002430,SITE11,UNIT00031,AREA000193,ROTARY,Diesel Generator,DIE-952,SN-85076862,Standby,2025,18,Cast Iron,Process,High,High,B,137553,21.2,Yes,Bearing Oil / Grease,Manual / auto-lube
EQ00002431,SITE11,UNIT00031,AREA000193,INSTRUMENTATION,Gas Detector,GAS-186,SN-22934091,Active,2021,11,Cast Iron,Process,Critical,Critical,C,72497,18.1,No,N/A,N/A
EQ00002432,SITE11,UNIT00031,AREA000194,STATIC,Pressure Vessel,PRE-948,SN-80083385,Active,2018,11,Alloy Steel,Hydraulic,Critical,Critical,C,103559,6.8,No,N/A,N/A
EQ00002433,SITE11,UNIT00031,AREA000191,SAFETY,Fire Water Pump,FIR-646,SN-82568847,Active,2023,21,Alloy Steel,Hydraulic,Critical,Critical,B,34473,16.0,Some,Pump Bearing Grease,Manual
EQ00002434,SITE11,UNIT00031,AREA000191,SAFETY,Fire Hydrant,FIR-743,SN-82829254,Active,2021,24,Carbon Steel,Pneumatic,High,High,A,73733,6.3,Some,Pump Bearing Grease,Manual
EQ00002435,SITE11,UNIT00031,AREA000193,ROTARY,Diesel Generator,DIE-662,SN-82974688,Standby,2022,28,Alloy Steel,Hydraulic,High,High,A,151526,14.1,Yes,Bearing Oil / Grease,Manual / auto-lube
EQ00002436,SITE11,UNIT00031,AREA000191,PRODUCTION,Gas Compressor,GAS-968,SN-72942812,Active,2017,19,Cast Iron,Pneumatic,Critical,Critical,B,12016,0.4,Yes,Process/Mechanical Lubricant,Manual / automated
EQ00002437,SITE11,UNIT00031,AREA000194,STATIC,Fired Heater,FIR-554,SN-28696741,Active,2016,23,Stainless Steel,Hydraulic,Critical,Critical,C,158759,14.0,No,N/A,N/A
EQ00002438,SITE11,UNIT00031,AREA000194,DRILLING,Mud Tank,MUD-661,SN-88565094,Active,2020,27,Stainless Steel,Mechanical,High,Medium,A,51049,2.0,Yes,EP Gear Oil / Grease,Grease gun / centralized
EQ00002439,SITE11,UNIT00031,AREA000193,DRILLING,Wellhead,WEL-775,SN-66005853,Active,2017,30,Cast Iron,Mechanical,Critical,Critical,B,2163,7.7,Yes,EP Gear Oil / Grease,Grease gun / centralized
EQ00002440,SITE11,UNIT00031,AREA000193,INSTRUMENTATION,Pressure Transmitter,PRE-330,SN-11921711,Active,2023,16,Alloy Steel,Electrical,High,High,B,3985,7.3,No,N/A,N/A
EQ00002441,SITE11,UNIT00031,AREA000193,PIPING,Process Pipeline,PRO-534,SN-65204733,Under Maintenance,2025,29,Carbon Steel,Hydraulic,Critical,High,C,144945,3.3,No,N/A,N/A
EQ00002442,SITE11,UNIT00031,AREA000192,PIPING,Pig Launcher/Receiver,PIG-529,SN-85511186,Active,2016,23,Cast Iron,Mixed,High,High,A,52042,2.4,No,N/A,N/A
EQ00002443,SITE11,UNIT00031,AREA000191,PIPING,Process Pipeline,PRO-769,SN-56624300,Under Maintenance,2022,30,Stainless Steel,Mechanical,Critical,High,C,61135,20.6,No,N/A,N/A
EQ00002444,SITE11,UNIT00031,AREA000192,PIPING,Process Pipeline,PRO-275,SN-13643952,Active,2017,30,Carbon Steel,Process,Critical,High,C,46727,16.5,No,N/A,N/A
EQ00002445,SITE11,UNIT00031,AREA000194,DRILLING,Drawworks,DRA-915,SN-61124591,Standby,2021,11,Carbon Steel,Mixed,Critical,Critical,B,38837,16.1,Yes,EP Gear Oil / Grease,Grease gun / centralized
EQ00002446,SITE11,UNIT00031,AREA000193,STATIC,Heat Exchanger,HEA-856,SN-17930533,Active,2025,29,Carbon Steel,Hydraulic,High,High,C,68144,3.8,No,N/A,N/A
EQ00002447,SITE11,UNIT00031,AREA000194,DRILLING,Cementing Unit,CEM-682,SN-94489730,Active,2020,14,Alloy Steel,Pneumatic,High,High,A,183346,15.9,Yes,EP Gear Oil / Grease,Grease gun / centralized
EQ00002448,SITE11,UNIT00031,AREA000194,VEHICLE,Heavy Utility Vehicle,HEA-465,SN-52853987,Active,2022,18,Alloy Steel,Mechanical,Medium,Medium,A,65512,6.9,Yes,Engine / Gear Lubricant,Workshop service
EQ00002449,SITE11,UNIT00031,AREA000192,INSTRUMENTATION,Pressure Transmitter,PRE-530,SN-12475458,Active,2019,27,Cast Iron,Process,High,High,A,189292,13.4,No,N/A,N/A
EQ00002450,SITE11,UNIT00031,AREA000193,DRILLING,Mud Tank,MUD-642,SN-85843065,Under Maintenance,2018,11,Carbon Steel,Electrical,High,Medium,B,186541,9.7,Yes,EP Gear Oil / Grease,Grease gun / centralized
EQ00002451,SITE11,UNIT00031,AREA000192,PRODUCTION,Three-Phase Separator,THR-344,SN-72428280,Active,2017,23,Alloy Steel,Electrical,Critical,High,A,85983,7.6,Yes,Process/Mechanical Lubricant,Manual / automated
EQ00002452,SITE11,UNIT00031,AREA000191,INSTRUMENTATION,Emergency Shutdown System,EME-139,SN-38727127,Active,2021,27,Stainless Steel,Pneumatic,Critical,Critical,A,99931,13.9,No,N/A,N/A
EQ00002453,SITE11,UNIT00031,AREA000192,ENVIRONMENT,Effluent Treatment Unit,EFF-953,SN-82957881,Active,2023,25,Alloy Steel,Mixed,High,Medium,A,124732,18.2,Yes,Pump Bearing Grease,Manual
EQ00002454,SITE11,UNIT00031,AREA000194,PRODUCTION,Three-Phase Separator,THR-967,SN-57171610,Active,2019,15,Cast Iron,Process,Critical,High,B,97291,17.1,Yes,Process/Mechanical Lubricant,Manual / automated
EQ00002455,SITE11,UNIT00031,AREA000191,ENVIRONMENT,Oil Water Separator,OIL-544,SN-83609010,Active,2024,24,Cast Iron,Mechanical,High,Medium,B,183516,17.6,Yes,Pump Bearing Grease,Manual
EQ00002456,SITE11,UNIT00031,AREA000193,SAFETY,Fire Hydrant,FIR-179,SN-71434474,Under Maintenance,2023,28,Stainless Steel,Process,High,High,C,106605,12.4,Some,Pump Bearing Grease,Manual
EQ00002457,SITE11,UNIT00031,AREA000192,STATIC,Storage Tank,STO-949,SN-24093900,Active,2025,13,Cast Iron,Mechanical,Critical,High,C,184953,7.0,No,N/A,N/A
EQ00002458,SITE11,UNIT00031,AREA000192,WORKSHOP,Lathe Machine,LAT-340,SN-17152902,Standby,2020,25,Alloy Steel,Electrical,Medium,Medium,B,129158,2.9,Yes,Machine Oil / Grease,Manual
EQ00002459,SITE11,UNIT00031,AREA000193,PRODUCTION,Gas Compressor,GAS-347,SN-72655658,Active,2022,10,Cast Iron,Mechanical,Critical,Critical,A,90661,17.8,Yes,Process/Mechanical Lubricant,Manual / automated
EQ00002460,SITE11,UNIT00031,AREA000192,PRODUCTION,Gas Dehydration Unit,GAS-420,SN-96761873,Standby,2020,26,Alloy Steel,Process,High,High,A,149918,13.7,Yes,Process/Mechanical Lubricant,Manual / automated
EQ00002461,SITE11,UNIT00031,AREA000192,ROTARY,Air Compressor,AIR-325,SN-21216972,Active,2019,15,Cast Iron,Process,High,High,B,170273,6.2,Yes,Bearing Oil / Grease,Manual / auto-lube
EQ00002462,SITE11,UNIT00031,AREA000191,DRILLING,Blowout Preventer,BLO-748,SN-37337397,Standby,2018,27,Cast Iron,Process,Critical,Critical,C,66669,21.1,Yes,EP Gear Oil / Grease,Grease gun / centralized
EQ00002463,SITE11,UNIT00031,AREA000193,DRILLING,Wellhead,WEL-631,SN-73884512,Active,2025,10,Stainless Steel,Mixed,Critical,Critical,C,114561,12.2,Yes,EP Gear Oil / Grease,Grease gun / centralized
EQ00002464,SITE11,UNIT00031,AREA000191,SAFETY,Fire Hydrant,FIR-773,SN-48751549,Active,2018,14,Stainless Steel,Process,High,High,A,66581,0.6,Some,Pump Bearing Grease,Manual
EQ00002465,SITE11,UNIT00031,AREA000194,DRILLING,Mud Tank,MUD-583,SN-78406760,Active,2018,16,Cast Iron,Hydraulic,High,Medium,C,89532,16.7,Yes,EP Gear Oil / Grease,Grease gun / centralized
EQ00002466,SITE11,UNIT00031,AREA000192,DRILLING,Cementing Unit,CEM-851,SN-80942219,Active,2018,13,Stainless Steel,Mixed,High,High,B,35991,13.5,Yes,EP Gear Oil / Grease,Grease gun / centralized
EQ00002467,SITE11,UNIT00031,AREA000191,DRILLING,Cementing Unit,CEM-105,SN-12584875,Active,2016,22,Stainless Steel,Hydraulic,High,High,A,187205,7.4,Yes,EP Gear Oil / Grease,Grease gun / centralized
EQ00002468,SITE11,UNIT00031,AREA000193,STATIC,Pressure Vessel,PRE-676,SN-28404071,Under Maintenance,2016,26,Carbon Steel,Pneumatic,Critical,Critical,C,92254,22.4,No,N/A,N/A
EQ00002469,SITE11,UNIT00031,AREA000194,WORKSHOP,Air Receiver,AIR-698,SN-30282626,Active,2017,19,Cast Iron,Process,High,High,A,44411,2.9,Yes,Machine Oil / Grease,Manual
EQ00002470,SITE11,UNIT00031,AREA000191,PRODUCTION,Gas Compressor,GAS-805,SN-80133072,Active,2020,14,Stainless Steel,Process,Critical,Critical,C,52608,17.3,Yes,Process/Mechanical Lubricant,Manual / automated
EQ00002471,SITE11,UNIT00031,AREA000192,PRODUCTION,Produced Water Pump,PRO-861,SN-11172339,Active,2023,18,Alloy Steel,Mechanical,High,Medium,C,97688,13.6,Yes,Process/Mechanical Lubricant,Manual / automated
EQ00002472,SITE11,UNIT00031,AREA000191,VEHICLE,Heavy Utility Vehicle,HEA-811,SN-95602360,Active,2017,24,Cast Iron,Mechanical,Medium,Medium,A,129913,21.5,Yes,Engine / Gear Lubricant,Workshop service
EQ00002473,SITE11,UNIT00031,AREA000193,ENVIRONMENT,Effluent Treatment Unit,EFF-350,SN-30653882,Under Maintenance,2024,22,Alloy Steel,Mixed,High,Medium,B,71962,3.1,Yes,Pump Bearing Grease,Manual
EQ00002474,SITE11,UNIT00031,AREA000191,DRILLING,Blowout Preventer,BLO-758,SN-56070037,Active,2023,25,Alloy Steel,Process,Critical,Critical,B,171322,13.2,Yes,EP Gear Oil / Grease,Grease gun / centralized
EQ00002475,SITE11,UNIT00031,AREA000191,DRILLING,Mud Tank,MUD-720,SN-59625887,Standby,2020,23,Carbon Steel,Mechanical,High,Medium,B,112805,16.9,Yes,EP Gear Oil / Grease,Grease gun / centralized
EQ00002476,SITE11,UNIT00031,AREA000194,ENVIRONMENT,Oil Water Separator,OIL-511,SN-24438724,Under Maintenance,2021,11,Alloy Steel,Mechanical,High,Medium,B,69448,15.3,Yes,Pump Bearing Grease,Manual
EQ00002477,SITE11,UNIT00031,AREA000191,PRODUCTION,Gas Sweetening Unit,GAS-630,SN-60038244,Active,2020,23,Carbon Steel,Process,Critical,High,B,152748,14.1,Yes,Process/Mechanical Lubricant,Manual / automated
EQ00002478,SITE11,UNIT00031,AREA000192,SAFETY,Fire Water Pump,FIR-833,SN-92204551,Active,2018,28,Carbon Steel,Mixed,Critical,Critical,C,93249,19.0,Some,Pump Bearing Grease,Manual
EQ00002479,SITE11,UNIT00031,AREA000193,SAFETY,Fire Alarm Panel,FIR-178,SN-17371050,Active,2021,30,Alloy Steel,Process,High,High,C,66914,8.2,Some,Pump Bearing Grease,Manual
EQ00002480,SITE11,UNIT00031,AREA000192,INSTRUMENTATION,Pressure Transmitter,PRE-961,SN-27942276,Under Maintenance,2016,18,Alloy Steel,Hydraulic,High,High,C,76589,10.5,No,N/A,N/A
EQ00002481,SITE11,UNIT00031,AREA000192,LIFTING,Forklift,FOR-619,SN-29745527,Active,2019,27,Stainless Steel,Hydraulic,High,High,B,90462,13.3,Yes,Wire Rope / Gear Grease,Manual
EQ00002482,SITE11,UNIT00031,AREA000192,ROTARY,Diesel Generator,DIE-576,SN-27552208,Active,2024,27,Cast Iron,Mechanical,High,High,B,175947,20.5,Yes,Bearing Oil / Grease,Manual / auto-lube
EQ00002483,SITE11,UNIT00031,AREA000191,LIFTING,Overhead Crane,OVE-960,SN-45658636,Active,2025,15,Stainless Steel,Process,High,Critical,B,195591,7.0,Yes,Wire Rope / Gear Grease,Manual
EQ00002484,SITE11,UNIT00031,AREA000191,STATIC,Pressure Vessel,PRE-500,SN-19001033,Under Maintenance,2025,24,Stainless Steel,Mixed,Critical,Critical,A,16664,1.8,No,N/A,N/A
EQ00002485,SITE11,UNIT00031,AREA000191,DRILLING,Cementing Unit,CEM-790,SN-26835197,Active,2018,25,Carbon Steel,Hydraulic,High,High,A,21458,9.7,Yes,EP Gear Oil / Grease,Grease gun / centralized
EQ00002486,SITE11,UNIT00031,AREA000192,DRILLING,Drilling Rig,DRI-975,SN-70908167,Active,2025,28,Alloy Steel,Mechanical,Critical,High,B,58045,17.8,Yes,EP Gear Oil / Grease,Grease gun / centralized
EQ00002487,SITE11,UNIT00032,AREA000197,INSTRUMENTATION,Control Valve,CON-719,SN-68544312,Under Maintenance,2020,18,Alloy Steel,Pneumatic,High,High,A,1799,11.4,No,N/A,N/A
EQ00002488,SITE11,UNIT00032,AREA000198,VEHICLE,Oil Tanker,OIL-262,SN-79507130,Under Maintenance,2018,26,Stainless Steel,Mixed,High,Critical,B,46614,13.4,Yes,Engine / Gear Lubricant,Workshop service
EQ00002489,SITE11,UNIT00032,AREA000199,ROTARY,Positive Displacement Pump,POS-659,SN-25942171,Under Maintenance,2018,27,Cast Iron,Pneumatic,High,High,B,40325,21.3,Yes,Bearing Oil / Grease,Manual / auto-lube
EQ00002490,SITE11,UNIT00032,AREA000195,SAFETY,Fire Hydrant,FIR-310,SN-41981346,Under Maintenance,2022,15,Stainless Steel,Process,High,High,C,25109,1.9,Some,Pump Bearing Grease,Manual
EQ00002491,SITE11,UNIT00032,AREA000199,PIPING,Pipeline Valve,PIP-114,SN-64037883,Standby,2016,23,Stainless Steel,Mixed,High,High,A,35128,8.9,No,N/A,N/A
EQ00002492,SITE11,UNIT00032,AREA000199,PIPING,Pipeline Valve,PIP-263,SN-28987134,Active,2020,21,Alloy Steel,Process,High,High,A,129887,11.3,No,N/A,N/A
EQ00002493,SITE11,UNIT00032,AREA000198,DRILLING,Cementing Unit,CEM-429,SN-54281326,Active,2019,22,Cast Iron,Pneumatic,High,High,C,167937,7.7,Yes,EP Gear Oil / Grease,Grease gun / centralized
EQ00002494,SITE11,UNIT00032,AREA000196,ELECTRICAL,Transformer,TRA-855,SN-19115360,Standby,2018,26,Alloy Steel,Hydraulic,Critical,High,B,103859,7.9,Some,Bearing Grease,Manual
EQ00002495,SITE11,UNIT00032,AREA000198,INSTRUMENTATION,Gas Detector,GAS-608,SN-25468541,Under Maintenance,2023,12,Carbon Steel,Electrical,Critical,Critical,B,67435,15.7,No,N/A,N/A
EQ00002496,SITE11,UNIT00032,AREA000196,PIPING,Pig Launcher/Receiver,PIG-267,SN-33588828,Under Maintenance,2016,16,Carbon Steel,Process,High,High,B,142771,19.3,No,N/A,N/A
EQ00002497,SITE11,UNIT00032,AREA000200,STATIC,Heat Exchanger,HEA-291,SN-53572663,Active,2019,19,Alloy Steel,Process,High,High,B,54343,23.3,No,N/A,N/A
EQ00002498,SITE11,UNIT00032,AREA000200,DRILLING,Wellhead,WEL-294,SN-19017971,Active,2024,14,Stainless Steel,Hydraulic,Critical,Critical,C,157030,19.9,Yes,EP Gear Oil / Grease,Grease gun / centralized
EQ00002499,SITE11,UNIT00032,AREA000199,ENVIRONMENT,Effluent Treatment Unit,EFF-874,SN-94404113,Standby,2018,22,Alloy Steel,Mechanical,High,Medium,A,173070,4.7,Yes,Pump Bearing Grease,Manual
EQ00002500,SITE11,UNIT00032,AREA000196,INSTRUMENTATION,Gas Detector,GAS-521,SN-73204223,Active,2021,20,Alloy Steel,Mechanical,Critical,Critical,B,51864,7.6,No,N/A,N/A
EQ00002501,SITE11,UNIT00032,AREA000200,INSTRUMENTATION,Emergency Shutdown System,EME-138,SN-45282095,Active,2024,26,Cast Iron,Hydraulic,Critical,Critical,B,121144,4.9,No,N/A,N/A
EQ00002502,SITE11,UNIT00032,AREA000195,ELECTRICAL,Transformer,TRA-186,SN-89517913,Active,2023,28,Alloy Steel,Hydraulic,Critical,High,A,132605,21.1,Some,Bearing Grease,Manual
EQ00002503,SITE11,UNIT00032,AREA000198,WORKSHOP,Hydraulic Press,HYD-987,SN-51456068,Active,2023,30,Stainless Steel,Pneumatic,Medium,High,A,42205,21.8,Yes,Machine Oil / Grease,Manual
EQ00002504,SITE11,UNIT00032,AREA000197,PRODUCTION,Gas Compressor,GAS-566,SN-72530769,Under Maintenance,2023,19,Stainless Steel,Pneumatic,Critical,Critical,B,153081,11.1,Yes,Process/Mechanical Lubricant,Manual / automated
EQ00002505,SITE11,UNIT00032,AREA000196,SAFETY,Fire Hydrant,FIR-962,SN-75863429,Active,2022,30,Cast Iron,Mechanical,High,High,B,152843,13.9,Some,Pump Bearing Grease,Manual
EQ00002506,SITE11,UNIT00032,AREA000195,WORKSHOP,Lathe Machine,LAT-460,SN-86877702,Active,2019,12,Carbon Steel,Process,Medium,Medium,A,5123,3.9,Yes,Machine Oil / Grease,Manual
EQ00002507,SITE11,UNIT00032,AREA000197,PIPING,Process Pipeline,PRO-898,SN-32421326,Active,2021,26,Carbon Steel,Process,Critical,High,C,83418,21.3,No,N/A,N/A
EQ00002508,SITE11,UNIT00032,AREA000197,SAFETY,Fire Hydrant,FIR-594,SN-45796288,Active,2018,18,Carbon Steel,Mixed,High,High,C,70525,3.1,Some,Pump Bearing Grease,Manual
EQ00002509,SITE11,UNIT00032,AREA000196,SAFETY,Foam System,FOA-482,SN-58746559,Standby,2024,12,Carbon Steel,Process,Critical,High,A,102379,5.7,Some,Pump Bearing Grease,Manual
EQ00002510,SITE11,UNIT00032,AREA000198,VEHICLE,Oil Tanker,OIL-387,SN-30664416,Active,2018,11,Stainless Steel,Mixed,High,Critical,C,157879,14.4,Yes,Engine / Gear Lubricant,Workshop service
EQ00002511,SITE11,UNIT00032,AREA000197,ELECTRICAL,UPS System,UPS-296,SN-45211354,Under Maintenance,2020,23,Cast Iron,Electrical,Medium,Medium,C,174419,11.8,Some,Bearing Grease,Manual
EQ00002512,SITE11,UNIT00032,AREA000200,DRILLING,Drawworks,DRA-353,SN-49409477,Active,2020,11,Alloy Steel,Mixed,Critical,Critical,C,148467,0.8,Yes,EP Gear Oil / Grease,Grease gun / centralized
EQ00002513,SITE11,UNIT00032,AREA000196,DRILLING,Blowout Preventer,BLO-337,SN-69847218,Active,2024,13,Stainless Steel,Mixed,Critical,Critical,C,168540,12.3,Yes,EP Gear Oil / Grease,Grease gun / centralized
EQ00002514,SITE11,UNIT00032,AREA000199,PRODUCTION,Produced Water Pump,PRO-771,SN-44786870,Under Maintenance,2023,18,Cast Iron,Mixed,High,Medium,C,25352,9.8,Yes,Process/Mechanical Lubricant,Manual / automated
EQ00002515,SITE11,UNIT00032,AREA000195,VEHICLE,Oil Tanker,OIL-202,SN-36971737,Active,2025,16,Cast Iron,Hydraulic,High,Critical,B,77010,9.9,Yes,Engine / Gear Lubricant,Workshop service
EQ00002516,SITE11,UNIT00032,AREA000200,SAFETY,Fire Alarm Panel,FIR-745,SN-22098597,Standby,2016,25,Alloy Steel,Hydraulic,High,High,A,100788,16.8,Some,Pump Bearing Grease,Manual
EQ00002517,SITE11,UNIT00032,AREA000200,WORKSHOP,Air Receiver,AIR-550,SN-15477835,Active,2020,12,Cast Iron,Pneumatic,High,High,A,34679,8.0,Yes,Machine Oil / Grease,Manual
EQ00002518,SITE11,UNIT00032,AREA000195,WORKSHOP,Air Receiver,AIR-478,SN-59078596,Under Maintenance,2020,15,Alloy Steel,Mechanical,High,High,C,79171,10.1,Yes,Machine Oil / Grease,Manual
EQ00002519,SITE11,UNIT00032,AREA000197,ROTARY,Centrifugal Pump,CEN-910,SN-91082703,Active,2021,28,Stainless Steel,Mixed,High,High,C,16241,18.4,Yes,Bearing Oil / Grease,Manual / auto-lube
EQ00002520,SITE11,UNIT00032,AREA000197,LIFTING,Forklift,FOR-598,SN-62118916,Standby,2016,25,Stainless Steel,Mixed,High,High,C,9280,7.1,Yes,Wire Rope / Gear Grease,Manual
EQ00002521,SITE11,UNIT00032,AREA000197,DRILLING,Mud Pump,MUD-495,SN-38158249,Under Maintenance,2016,30,Stainless Steel,Hydraulic,Critical,High,C,114836,23.2,Yes,EP Gear Oil / Grease,Grease gun / centralized
EQ00002522,SITE11,UNIT00032,AREA000200,STATIC,Boiler,BOI-489,SN-12391540,Under Maintenance,2021,10,Carbon Steel,Pneumatic,Critical,High,C,59840,16.4,No,N/A,N/A
EQ00002523,SITE11,UNIT00032,AREA000198,LIFTING,Overhead Crane,OVE-486,SN-72999582,Active,2023,19,Stainless Steel,Process,High,Critical,B,81554,23.4,Yes,Wire Rope / Gear Grease,Manual
EQ00002524,SITE11,UNIT00032,AREA000199,ELECTRICAL,Switchgear,SWI-158,SN-89684155,Active,2025,13,Stainless Steel,Electrical,Critical,Critical,C,49339,22.5,Some,Bearing Grease,Manual
EQ00002525,SITE11,UNIT00032,AREA000196,INSTRUMENTATION,Gas Detector,GAS-285,SN-78748080,Active,2021,17,Cast Iron,Mechanical,Critical,Critical,A,38406,21.8,No,N/A,N/A
EQ00002526,SITE11,UNIT00032,AREA000198,INSTRUMENTATION,Control Valve,CON-476,SN-41661621,Active,2016,23,Cast Iron,Pneumatic,High,High,B,157536,1.6,No,N/A,N/A
EQ00002527,SITE11,UNIT00032,AREA000200,SAFETY,Fire Water Pump,FIR-435,SN-44840303,Active,2018,24,Cast Iron,Electrical,Critical,Critical,C,88579,15.7,Some,Pump Bearing Grease,Manual
EQ00002528,SITE11,UNIT00032,AREA000198,DRILLING,Mud Tank,MUD-218,SN-19923459,Active,2022,23,Alloy Steel,Electrical,High,Medium,B,142024,11.9,Yes,EP Gear Oil / Grease,Grease gun / centralized
EQ00002529,SITE11,UNIT00032,AREA000199,LIFTING,Hoist,HOI-912,SN-23364968,Active,2023,25,Stainless Steel,Process,High,High,C,196407,11.8,Yes,Wire Rope / Gear Grease,Manual
EQ00002530,SITE11,UNIT00032,AREA000198,ELECTRICAL,Motor Control Centre,MOT-577,SN-96192274,Active,2025,18,Carbon Steel,Pneumatic,Critical,High,B,48886,22.6,Some,Bearing Grease,Manual
EQ00002531,SITE11,UNIT00032,AREA000196,SAFETY,Fire Hydrant,FIR-779,SN-56044661,Under Maintenance,2021,25,Cast Iron,Mixed,High,High,C,192342,14.0,Some,Pump Bearing Grease,Manual
EQ00002532,SITE11,UNIT00032,AREA000200,DRILLING,Mud Tank,MUD-664,SN-18470397,Active,2021,24,Carbon Steel,Mechanical,High,Medium,B,127997,20.7,Yes,EP Gear Oil / Grease,Grease gun / centralized
EQ00002533,SITE11,UNIT00032,AREA000195,SAFETY,Fire Water Pump,FIR-607,SN-84592763,Active,2022,22,Cast Iron,Pneumatic,Critical,Critical,A,179440,9.5,Some,Pump Bearing Grease,Manual
EQ00002534,SITE11,UNIT00032,AREA000200,SAFETY,Fire Water Pump,FIR-965,SN-68361406,Standby,2022,10,Cast Iron,Hydraulic,Critical,Critical,A,99640,6.4,Some,Pump Bearing Grease,Manual
EQ00002535,SITE11,UNIT00032,AREA000198,ELECTRICAL,Motor Control Centre,MOT-470,SN-55074143,Active,2024,28,Cast Iron,Hydraulic,Critical,High,C,175887,14.8,Some,Bearing Grease,Manual
EQ00002536,SITE11,UNIT00032,AREA000198,INSTRUMENTATION,Gas Detector,GAS-791,SN-30031795,Under Maintenance,2023,27,Cast Iron,Mechanical,Critical,Critical,B,8252,8.8,No,N/A,N/A
EQ00002537,SITE11,UNIT00032,AREA000195,STATIC,Boiler,BOI-142,SN-14253979,Under Maintenance,2024,27,Cast Iron,Mechanical,Critical,High,A,192127,1.9,No,N/A,N/A
EQ00002538,SITE11,UNIT00032,AREA000196,ROTARY,Positive Displacement Pump,POS-572,SN-21253187,Active,2020,30,Alloy Steel,Mixed,High,High,A,84554,2.3,Yes,Bearing Oil / Grease,Manual / auto-lube
EQ00002539,SITE11,UNIT00032,AREA000195,ENVIRONMENT,Oil Water Separator,OIL-842,SN-82896238,Active,2017,28,Alloy Steel,Mixed,High,Medium,C,131999,18.7,Yes,Pump Bearing Grease,Manual
EQ00002540,SITE11,UNIT00032,AREA000196,PIPING,Pipeline Valve,PIP-754,SN-73584992,Active,2019,10,Carbon Steel,Electrical,High,High,C,9415,9.7,No,N/A,N/A
EQ00002541,SITE11,UNIT00032,AREA000197,WORKSHOP,Lathe Machine,LAT-176,SN-92787965,Active,2022,20,Alloy Steel,Mechanical,Medium,Medium,A,137116,15.0,Yes,Machine Oil / Grease,Manual
EQ00002542,SITE11,UNIT00032,AREA000200,DRILLING,Top Drive,TOP-309,SN-46153153,Active,2022,28,Cast Iron,Mechanical,Critical,Critical,B,54613,21.5,Yes,EP Gear Oil / Grease,Grease gun / centralized
EQ00002543,SITE11,UNIT00032,AREA000195,ELECTRICAL,Industrial Motor,IND-541,SN-49862422,Active,2023,19,Stainless Steel,Mechanical,High,High,B,63859,13.3,Some,Bearing Grease,Manual
EQ00002544,SITE11,UNIT00032,AREA000196,SAFETY,Foam System,FOA-889,SN-98505958,Standby,2016,19,Cast Iron,Electrical,Critical,High,A,139211,21.6,Some,Pump Bearing Grease,Manual
EQ00002545,SITE11,UNIT00032,AREA000199,ELECTRICAL,Switchgear,SWI-581,SN-54820166,Active,2022,19,Alloy Steel,Pneumatic,Critical,Critical,B,166830,16.5,Some,Bearing Grease,Manual
EQ00002546,SITE11,UNIT00032,AREA000198,PRODUCTION,Three-Phase Separator,THR-416,SN-69944805,Standby,2023,29,Stainless Steel,Electrical,Critical,High,B,186577,8.2,Yes,Process/Mechanical Lubricant,Manual / automated
EQ00002547,SITE11,UNIT00032,AREA000200,STATIC,Heat Exchanger,HEA-459,SN-12359055,Standby,2021,25,Alloy Steel,Mechanical,High,High,C,151010,23.8,No,N/A,N/A
EQ00002548,SITE11,UNIT00032,AREA000195,DRILLING,Drilling Rig,DRI-549,SN-55702853,Active,2021,13,Carbon Steel,Electrical,Critical,High,A,26667,10.0,Yes,EP Gear Oil / Grease,Grease gun / centralized
EQ00002549,SITE11,UNIT00032,AREA000198,WORKSHOP,Grinding Machine,GRI-879,SN-92082368,Active,2025,13,Cast Iron,Mechanical,Medium,High,B,117870,2.7,Yes,Machine Oil / Grease,Manual
EQ00002550,SITE11,UNIT00032,AREA000198,VEHICLE,Heavy Utility Vehicle,HEA-374,SN-39052495,Active,2017,22,Stainless Steel,Electrical,Medium,Medium,A,141868,3.8,Yes,Engine / Gear Lubricant,Workshop service
EQ00002551,SITE11,UNIT00032,AREA000199,STATIC,Fired Heater,FIR-378,SN-21673009,Active,2024,21,Cast Iron,Hydraulic,Critical,Critical,B,64416,8.3,No,N/A,N/A
EQ00002552,SITE11,UNIT00032,AREA000200,INSTRUMENTATION,Gas Detector,GAS-994,SN-23173769,Active,2023,12,Alloy Steel,Mechanical,Critical,Critical,C,108917,13.7,No,N/A,N/A
EQ00002553,SITE11,UNIT00032,AREA000199,PRODUCTION,Gas Dehydration Unit,GAS-173,SN-83747078,Active,2019,25,Carbon Steel,Process,High,High,C,117306,7.7,Yes,Process/Mechanical Lubricant,Manual / automated
EQ00002554,SITE11,UNIT00032,AREA000197,VEHICLE,Heavy Utility Vehicle,HEA-886,SN-57657844,Active,2024,15,Carbon Steel,Process,Medium,Medium,C,79113,23.5,Yes,Engine / Gear Lubricant,Workshop service
EQ00002555,SITE11,UNIT00032,AREA000197,ELECTRICAL,Industrial Motor,IND-185,SN-72119399,Active,2016,29,Cast Iron,Electrical,High,High,A,168195,16.9,Some,Bearing Grease,Manual
EQ00002556,SITE11,UNIT00032,AREA000199,STATIC,Storage Tank,STO-994,SN-28651384,Active,2021,14,Cast Iron,Hydraulic,Critical,High,C,119757,0.4,No,N/A,N/A
EQ00002557,SITE11,UNIT00032,AREA000199,PRODUCTION,Produced Water Pump,PRO-617,SN-32677690,Under Maintenance,2019,23,Stainless Steel,Hydraulic,High,Medium,B,199328,16.9,Yes,Process/Mechanical Lubricant,Manual / automated
EQ00002558,SITE11,UNIT00032,AREA000198,STATIC,Pressure Vessel,PRE-734,SN-98022499,Active,2022,20,Alloy Steel,Process,Critical,Critical,A,199630,17.5,No,N/A,N/A
EQ00002559,SITE11,UNIT00032,AREA000199,DRILLING,Mud Pump,MUD-230,SN-19178588,Standby,2025,23,Stainless Steel,Mixed,Critical,High,C,34918,17.2,Yes,EP Gear Oil / Grease,Grease gun / centralized
EQ00002560,SITE11,UNIT00032,AREA000197,PIPING,Process Pipeline,PRO-846,SN-74854834,Standby,2022,25,Cast Iron,Mixed,Critical,High,A,115847,13.9,No,N/A,N/A
EQ00002561,SITE11,UNIT00032,AREA000199,PIPING,Pig Launcher/Receiver,PIG-380,SN-36170819,Active,2021,28,Carbon Steel,Mechanical,High,High,A,88556,5.2,No,N/A,N/A
EQ00002562,SITE11,UNIT00032,AREA000197,DRILLING,Top Drive,TOP-944,SN-98037429,Active,2022,26,Stainless Steel,Mixed,Critical,Critical,C,47603,5.6,Yes,EP Gear Oil / Grease,Grease gun / centralized
EQ00002563,SITE11,UNIT00032,AREA000197,WORKSHOP,Air Receiver,AIR-151,SN-44288722,Standby,2016,29,Cast Iron,Mechanical,High,High,B,35978,8.8,Yes,Machine Oil / Grease,Manual
EQ00002564,SITE11,UNIT00032,AREA000198,ROTARY,Diesel Generator,DIE-380,SN-98363840,Active,2017,12,Stainless Steel,Pneumatic,High,High,A,21884,16.2,Yes,Bearing Oil / Grease,Manual / auto-lube
EQ00002565,SITE11,UNIT00032,AREA000198,LIFTING,Hoist,HOI-505,SN-44167146,Active,2022,20,Alloy Steel,Pneumatic,High,High,A,198492,14.3,Yes,Wire Rope / Gear Grease,Manual
EQ00002566,SITE11,UNIT00032,AREA000200,WORKSHOP,Hydraulic Press,HYD-904,SN-11678283,Under Maintenance,2016,20,Cast Iron,Mechanical,Medium,High,C,165355,13.6,Yes,Machine Oil / Grease,Manual
EQ00002567,SITE11,UNIT00032,AREA000197,PRODUCTION,Three-Phase Separator,THR-811,SN-98167089,Under Maintenance,2019,22,Stainless Steel,Electrical,Critical,High,C,159920,22.3,Yes,Process/Mechanical Lubricant,Manual / automated
EQ00002568,SITE11,UNIT00032,AREA000198,PRODUCTION,Produced Water Pump,PRO-688,SN-46157787,Active,2022,12,Cast Iron,Electrical,High,Medium,A,176781,1.3,Yes,Process/Mechanical Lubricant,Manual / automated
EQ00002569,SITE11,UNIT00033,AREA000208,ENVIRONMENT,Effluent Treatment Unit,EFF-957,SN-70515394,Active,2021,23,Carbon Steel,Process,High,Medium,B,26323,9.1,Yes,Pump Bearing Grease,Manual
EQ00002570,SITE11,UNIT00033,AREA000205,PRODUCTION,Gas Sweetening Unit,GAS-835,SN-81163781,Active,2020,30,Alloy Steel,Process,Critical,High,B,56513,6.6,Yes,Process/Mechanical Lubricant,Manual / automated
EQ00002571,SITE11,UNIT00033,AREA000207,INSTRUMENTATION,Emergency Shutdown System,EME-647,SN-21110741,Standby,2018,24,Stainless Steel,Mixed,Critical,Critical,C,117635,14.9,No,N/A,N/A
EQ00002572,SITE11,UNIT00033,AREA000207,WORKSHOP,Grinding Machine,GRI-256,SN-82474554,Active,2021,19,Alloy Steel,Hydraulic,Medium,High,A,101225,6.6,Yes,Machine Oil / Grease,Manual
EQ00002573,SITE11,UNIT00033,AREA000201,WORKSHOP,Air Receiver,AIR-670,SN-87482943,Under Maintenance,2025,17,Cast Iron,Hydraulic,High,High,C,86849,7.6,Yes,Machine Oil / Grease,Manual
EQ00002574,SITE11,UNIT00033,AREA000202,SAFETY,Fire Hydrant,FIR-616,SN-79831033,Active,2023,29,Stainless Steel,Mixed,High,High,C,20599,19.3,Some,Pump Bearing Grease,Manual
EQ00002575,SITE11,UNIT00033,AREA000201,WORKSHOP,Welding Machine,WEL-450,SN-96630488,Active,2018,21,Stainless Steel,Mechanical,Medium,High,B,145944,19.7,Yes,Machine Oil / Grease,Manual
EQ00002576,SITE11,UNIT00033,AREA000203,ROTARY,Air Compressor,AIR-333,SN-92193936,Active,2016,27,Carbon Steel,Hydraulic,High,High,A,192869,6.0,Yes,Bearing Oil / Grease,Manual / auto-lube
EQ00002577,SITE11,UNIT00033,AREA000206,LIFTING,Forklift,FOR-975,SN-62759586,Standby,2023,22,Carbon Steel,Mechanical,High,High,B,74822,1.3,Yes,Wire Rope / Gear Grease,Manual
EQ00002578,SITE11,UNIT00033,AREA000205,STATIC,Heat Exchanger,HEA-178,SN-57103932,Active,2020,21,Cast Iron,Process,High,High,C,37222,13.4,No,N/A,N/A
EQ00002579,SITE11,UNIT00033,AREA000206,PIPING,Pipeline Valve,PIP-495,SN-34542082,Active,2025,24,Alloy Steel,Electrical,High,High,C,23225,16.2,No,N/A,N/A
EQ00002580,SITE11,UNIT00033,AREA000205,ROTARY,Positive Displacement Pump,POS-232,SN-42512187,Under Maintenance,2020,29,Stainless Steel,Mixed,High,High,B,179981,10.7,Yes,Bearing Oil / Grease,Manual / auto-lube
EQ00002581,SITE11,UNIT00033,AREA000202,SAFETY,Foam System,FOA-265,SN-50227451,Standby,2020,28,Cast Iron,Mechanical,Critical,High,B,26193,1.0,Some,Pump Bearing Grease,Manual
EQ00002582,SITE11,UNIT00033,AREA000204,LIFTING,Mobile Crane,MOB-106,SN-86243369,Active,2024,13,Stainless Steel,Electrical,Critical,Critical,B,28736,12.6,Yes,Wire Rope / Gear Grease,Manual
EQ00002583,SITE11,UNIT00033,AREA000202,WORKSHOP,Welding Machine,WEL-816,SN-72916167,Active,2016,21,Alloy Steel,Process,Medium,High,A,199680,1.9,Yes,Machine Oil / Grease,Manual
EQ00002584,SITE11,UNIT00033,AREA000207,SAFETY,Fire Hydrant,FIR-922,SN-91040308,Active,2016,28,Carbon Steel,Pneumatic,High,High,B,102186,10.5,Some,Pump Bearing Grease,Manual
EQ00002585,SITE11,UNIT00033,AREA000206,INSTRUMENTATION,Gas Detector,GAS-423,SN-83688057,Active,2022,13,Stainless Steel,Pneumatic,Critical,Critical,C,128030,19.5,No,N/A,N/A
EQ00002586,SITE11,UNIT00033,AREA000208,ENVIRONMENT,Oil Water Separator,OIL-729,SN-25480466,Standby,2024,22,Stainless Steel,Process,High,Medium,A,41058,14.5,Yes,Pump Bearing Grease,Manual
EQ00002587,SITE11,UNIT00033,AREA000206,ROTARY,Air Compressor,AIR-702,SN-68640794,Active,2017,28,Alloy Steel,Process,High,High,B,16911,8.1,Yes,Bearing Oil / Grease,Manual / auto-lube
EQ00002588,SITE11,UNIT00033,AREA000205,STATIC,Boiler,BOI-163,SN-27769921,Under Maintenance,2025,28,Carbon Steel,Mixed,Critical,High,A,68331,2.5,No,N/A,N/A
EQ00002589,SITE11,UNIT00033,AREA000201,PRODUCTION,Crude Oil Pump,CRU-941,SN-11384172,Under Maintenance,2024,15,Cast Iron,Mechanical,High,High,A,141517,13.4,Yes,Process/Mechanical Lubricant,Manual / automated
EQ00002590,SITE11,UNIT00033,AREA000204,WORKSHOP,Lathe Machine,LAT-866,SN-93296287,Active,2025,13,Cast Iron,Mechanical,Medium,Medium,C,60352,1.3,Yes,Machine Oil / Grease,Manual
EQ00002591,SITE11,UNIT00033,AREA000207,INSTRUMENTATION,Control Valve,CON-209,SN-60123367,Under Maintenance,2021,21,Alloy Steel,Mechanical,High,High,B,89257,14.1,No,N/A,N/A
EQ00002592,SITE11,UNIT00033,AREA000204,VEHICLE,Oil Tanker,OIL-337,SN-98066259,Under Maintenance,2021,18,Carbon Steel,Electrical,High,Critical,B,62692,18.3,Yes,Engine / Gear Lubricant,Workshop service
EQ00002593,SITE11,UNIT00033,AREA000207,STATIC,Boiler,BOI-158,SN-54877774,Active,2017,23,Carbon Steel,Mixed,Critical,High,B,75442,17.0,No,N/A,N/A
EQ00002594,SITE11,UNIT00033,AREA000202,DRILLING,Cementing Unit,CEM-717,SN-43546846,Active,2021,22,Stainless Steel,Electrical,High,High,A,176722,23.5,Yes,EP Gear Oil / Grease,Grease gun / centralized
EQ00002595,SITE11,UNIT00033,AREA000206,STATIC,Pressure Vessel,PRE-453,SN-21162973,Under Maintenance,2019,24,Cast Iron,Mechanical,Critical,Critical,C,89754,22.6,No,N/A,N/A
EQ00002596,SITE11,UNIT00033,AREA000201,ROTARY,Diesel Generator,DIE-287,SN-34006067,Active,2020,15,Alloy Steel,Hydraulic,High,High,B,174809,12.6,Yes,Bearing Oil / Grease,Manual / auto-lube
EQ00002597,SITE11,UNIT00033,AREA000207,ELECTRICAL,Switchgear,SWI-889,SN-25430035,Active,2023,28,Carbon Steel,Pneumatic,Critical,Critical,C,104423,13.4,Some,Bearing Grease,Manual
EQ00002598,SITE11,UNIT00033,AREA000206,ROTARY,Centrifugal Pump,CEN-596,SN-92495928,Active,2017,26,Stainless Steel,Electrical,High,High,C,27528,15.2,Yes,Bearing Oil / Grease,Manual / auto-lube
EQ00002599,SITE11,UNIT00033,AREA000208,DRILLING,Wellhead,WEL-830,SN-81395088,Active,2018,26,Alloy Steel,Mixed,Critical,Critical,C,128360,2.6,Yes,EP Gear Oil / Grease,Grease gun / centralized
EQ00002600,SITE11,UNIT00033,AREA000208,WORKSHOP,Lathe Machine,LAT-494,SN-70697288,Under Maintenance,2023,24,Cast Iron,Electrical,Medium,Medium,B,87226,14.5,Yes,Machine Oil / Grease,Manual
EQ00002601,SITE11,UNIT00033,AREA000208,LIFTING,Mobile Crane,MOB-933,SN-42862424,Under Maintenance,2019,12,Carbon Steel,Hydraulic,Critical,Critical,C,67193,5.0,Yes,Wire Rope / Gear Grease,Manual
EQ00002602,SITE11,UNIT00033,AREA000205,STATIC,Heat Exchanger,HEA-219,SN-13291236,Active,2016,27,Carbon Steel,Pneumatic,High,High,B,71434,12.8,No,N/A,N/A
EQ00002603,SITE11,UNIT00033,AREA000205,INSTRUMENTATION,Control Valve,CON-413,SN-57691746,Active,2017,28,Carbon Steel,Hydraulic,High,High,A,3005,18.7,No,N/A,N/A
EQ00002604,SITE11,UNIT00033,AREA000204,VEHICLE,Heavy Utility Vehicle,HEA-465,SN-84828690,Under Maintenance,2018,25,Alloy Steel,Process,Medium,Medium,B,164464,11.9,Yes,Engine / Gear Lubricant,Workshop service
EQ00002605,SITE11,UNIT00033,AREA000206,ELECTRICAL,UPS System,UPS-969,SN-38454285,Active,2023,24,Carbon Steel,Electrical,Medium,Medium,A,42126,7.9,Some,Bearing Grease,Manual
EQ00002606,SITE11,UNIT00033,AREA000208,ENVIRONMENT,Effluent Treatment Unit,EFF-379,SN-61847245,Standby,2024,22,Stainless Steel,Pneumatic,High,Medium,A,54634,1.6,Yes,Pump Bearing Grease,Manual
EQ00002607,SITE11,UNIT00033,AREA000202,STATIC,Heat Exchanger,HEA-344,SN-36267355,Active,2025,19,Stainless Steel,Mixed,High,High,B,98063,16.6,No,N/A,N/A
EQ00002608,SITE11,UNIT00033,AREA000204,ROTARY,Centrifugal Pump,CEN-362,SN-39690463,Standby,2024,22,Carbon Steel,Electrical,High,High,A,95329,16.6,Yes,Bearing Oil / Grease,Manual / auto-lube
EQ00002609,SITE12,UNIT00034,AREA000211,ENVIRONMENT,Effluent Treatment Unit,EFF-443,SN-85021907,Under Maintenance,2024,17,Carbon Steel,Process,High,Medium,A,27523,0.4,Yes,Pump Bearing Grease,Manual
EQ00002610,SITE12,UNIT00034,AREA000209,ELECTRICAL,Industrial Motor,IND-320,SN-40877002,Under Maintenance,2022,22,Carbon Steel,Pneumatic,High,High,A,41496,3.8,Some,Bearing Grease,Manual
EQ00002611,SITE12,UNIT00034,AREA000212,WORKSHOP,Grinding Machine,GRI-736,SN-36055055,Active,2019,19,Cast Iron,Mechanical,Medium,High,A,108189,20.9,Yes,Machine Oil / Grease,Manual
EQ00002612,SITE12,UNIT00034,AREA000215,ROTARY,Centrifugal Pump,CEN-449,SN-28353153,Active,2016,30,Alloy Steel,Electrical,High,High,C,166676,7.2,Yes,Bearing Oil / Grease,Manual / auto-lube
EQ00002613,SITE12,UNIT00034,AREA000211,ELECTRICAL,Switchgear,SWI-563,SN-27351644,Standby,2024,21,Cast Iron,Mixed,Critical,Critical,A,28913,19.1,Some,Bearing Grease,Manual
EQ00002614,SITE12,UNIT00034,AREA000212,LIFTING,Overhead Crane,OVE-512,SN-98154182,Active,2025,29,Stainless Steel,Pneumatic,High,Critical,B,149166,2.6,Yes,Wire Rope / Gear Grease,Manual
EQ00002615,SITE12,UNIT00034,AREA000212,PRODUCTION,Gas Dehydration Unit,GAS-708,SN-78024304,Under Maintenance,2016,29,Carbon Steel,Process,High,High,A,86513,7.7,Yes,Process/Mechanical Lubricant,Manual / automated
EQ00002616,SITE12,UNIT00034,AREA000214,INSTRUMENTATION,Emergency Shutdown System,EME-960,SN-66296484,Active,2025,20,Stainless Steel,Pneumatic,Critical,Critical,B,21854,21.2,No,N/A,N/A
EQ00002617,SITE12,UNIT00034,AREA000209,STATIC,Boiler,BOI-319,SN-60689870,Active,2021,23,Stainless Steel,Process,Critical,High,B,66079,13.4,No,N/A,N/A
EQ00002618,SITE12,UNIT00034,AREA000213,DRILLING,Drilling Rig,DRI-808,SN-58514146,Active,2023,25,Carbon Steel,Mechanical,Critical,High,C,117900,15.8,Yes,EP Gear Oil / Grease,Grease gun / centralized
EQ00002619,SITE12,UNIT00034,AREA000209,WORKSHOP,Hydraulic Press,HYD-377,SN-82488696,Active,2020,28,Carbon Steel,Pneumatic,Medium,High,A,194379,19.1,Yes,Machine Oil / Grease,Manual
EQ00002620,SITE12,UNIT00034,AREA000214,DRILLING,Drilling Rig,DRI-531,SN-66257505,Under Maintenance,2025,14,Stainless Steel,Pneumatic,Critical,High,A,14418,15.2,Yes,EP Gear Oil / Grease,Grease gun / centralized
EQ00002621,SITE12,UNIT00034,AREA000210,DRILLING,Top Drive,TOP-503,SN-56720844,Active,2022,19,Stainless Steel,Hydraulic,Critical,Critical,B,142398,7.0,Yes,EP Gear Oil / Grease,Grease gun / centralized
EQ00002622,SITE12,UNIT00034,AREA000212,PIPING,Pipeline Valve,PIP-424,SN-33242806,Active,2017,28,Stainless Steel,Electrical,High,High,A,26124,11.8,No,N/A,N/A
EQ00002623,SITE12,UNIT00034,AREA000212,SAFETY,Fire Alarm Panel,FIR-706,SN-31235759,Active,2024,19,Alloy Steel,Pneumatic,High,High,A,84578,12.9,Some,Pump Bearing Grease,Manual
EQ00002624,SITE12,UNIT00034,AREA000211,LIFTING,Mobile Crane,MOB-412,SN-62357709,Active,2025,13,Stainless Steel,Mixed,Critical,Critical,C,141281,16.5,Yes,Wire Rope / Gear Grease,Manual
EQ00002625,SITE12,UNIT00034,AREA000212,PRODUCTION,Crude Oil Pump,CRU-647,SN-95061741,Active,2019,22,Cast Iron,Mixed,High,High,B,16631,10.8,Yes,Process/Mechanical Lubricant,Manual / automated
EQ00002626,SITE12,UNIT00034,AREA000211,DRILLING,Cementing Unit,CEM-507,SN-97318459,Under Maintenance,2021,26,Stainless Steel,Process,High,High,C,194639,10.6,Yes,EP Gear Oil / Grease,Grease gun / centralized
EQ00002627,SITE12,UNIT00034,AREA000213,LIFTING,Overhead Crane,OVE-366,SN-74768236,Under Maintenance,2020,14,Cast Iron,Electrical,High,Critical,C,44973,23.7,Yes,Wire Rope / Gear Grease,Manual
EQ00002628,SITE12,UNIT00034,AREA000212,WORKSHOP,Lathe Machine,LAT-212,SN-13404185,Standby,2024,18,Carbon Steel,Mechanical,Medium,Medium,B,172005,18.0,Yes,Machine Oil / Grease,Manual
EQ00002629,SITE12,UNIT00034,AREA000215,DRILLING,Mud Tank,MUD-658,SN-62287613,Active,2019,30,Carbon Steel,Process,High,Medium,B,60640,6.2,Yes,EP Gear Oil / Grease,Grease gun / centralized
EQ00002630,SITE12,UNIT00034,AREA000210,ROTARY,Diesel Generator,DIE-613,SN-78976313,Standby,2021,17,Carbon Steel,Hydraulic,High,High,B,177276,1.1,Yes,Bearing Oil / Grease,Manual / auto-lube
EQ00002631,SITE12,UNIT00034,AREA000209,SAFETY,Fire Water Pump,FIR-195,SN-27533185,Under Maintenance,2017,18,Carbon Steel,Electrical,Critical,Critical,C,130906,3.5,Some,Pump Bearing Grease,Manual
EQ00002632,SITE12,UNIT00034,AREA000212,ENVIRONMENT,Effluent Treatment Unit,EFF-284,SN-88153810,Active,2024,28,Cast Iron,Process,High,Medium,C,144673,1.1,Yes,Pump Bearing Grease,Manual
EQ00002633,SITE12,UNIT00034,AREA000216,SAFETY,Fire Hydrant,FIR-669,SN-85952571,Active,2019,19,Alloy Steel,Hydraulic,High,High,A,93550,9.9,Some,Pump Bearing Grease,Manual
EQ00002634,SITE12,UNIT00034,AREA000214,PIPING,Pipeline Valve,PIP-828,SN-49160884,Active,2024,15,Carbon Steel,Mechanical,High,High,C,126423,20.8,No,N/A,N/A
EQ00002635,SITE12,UNIT00034,AREA000216,LIFTING,Overhead Crane,OVE-642,SN-52461810,Active,2021,21,Cast Iron,Mechanical,High,Critical,B,156994,3.8,Yes,Wire Rope / Gear Grease,Manual
EQ00002636,SITE12,UNIT00034,AREA000214,SAFETY,Fire Alarm Panel,FIR-852,SN-15906653,Active,2017,13,Cast Iron,Pneumatic,High,High,B,124169,22.5,Some,Pump Bearing Grease,Manual
EQ00002637,SITE12,UNIT00034,AREA000210,PIPING,Relief Valve,REL-866,SN-84802928,Under Maintenance,2022,29,Cast Iron,Process,Critical,Critical,A,65215,6.0,No,N/A,N/A
EQ00002638,SITE12,UNIT00034,AREA000210,ROTARY,Diesel Generator,DIE-734,SN-92394006,Active,2016,26,Cast Iron,Mechanical,High,High,B,78786,1.6,Yes,Bearing Oil / Grease,Manual / auto-lube
EQ00002639,SITE12,UNIT00034,AREA000215,LIFTING,Hoist,HOI-342,SN-29841149,Standby,2020,16,Carbon Steel,Hydraulic,High,High,A,69568,5.4,Yes,Wire Rope / Gear Grease,Manual
EQ00002640,SITE12,UNIT00034,AREA000213,PRODUCTION,Crude Oil Pump,CRU-226,SN-23342329,Active,2019,30,Carbon Steel,Process,High,High,B,63635,10.6,Yes,Process/Mechanical Lubricant,Manual / automated
EQ00002641,SITE12,UNIT00034,AREA000214,VEHICLE,Emergency Response Vehicle,EME-819,SN-36943494,Active,2023,23,Alloy Steel,Mechanical,High,High,C,114438,11.6,Yes,Engine / Gear Lubricant,Workshop service
EQ00002642,SITE12,UNIT00034,AREA000215,WORKSHOP,Hydraulic Press,HYD-133,SN-80723219,Standby,2022,11,Alloy Steel,Process,Medium,High,C,151854,6.2,Yes,Machine Oil / Grease,Manual
EQ00002643,SITE12,UNIT00034,AREA000216,ELECTRICAL,Switchgear,SWI-431,SN-14069454,Active,2021,13,Carbon Steel,Process,Critical,Critical,A,139776,18.6,Some,Bearing Grease,Manual
EQ00002644,SITE12,UNIT00034,AREA000211,DRILLING,Wellhead,WEL-347,SN-46322324,Active,2021,18,Alloy Steel,Hydraulic,Critical,Critical,C,77956,0.1,Yes,EP Gear Oil / Grease,Grease gun / centralized
EQ00002645,SITE12,UNIT00034,AREA000214,INSTRUMENTATION,Pressure Transmitter,PRE-585,SN-77615228,Under Maintenance,2023,25,Cast Iron,Mixed,High,High,B,27679,4.1,No,N/A,N/A
EQ00002646,SITE12,UNIT00034,AREA000210,ELECTRICAL,Switchgear,SWI-379,SN-59129473,Active,2023,26,Stainless Steel,Hydraulic,Critical,Critical,B,121179,5.4,Some,Bearing Grease,Manual
EQ00002647,SITE12,UNIT00034,AREA000210,STATIC,Fired Heater,FIR-905,SN-27100752,Active,2019,30,Stainless Steel,Pneumatic,Critical,Critical,B,88314,1.1,No,N/A,N/A
EQ00002648,SITE12,UNIT00034,AREA000210,STATIC,Fired Heater,FIR-113,SN-16268678,Active,2018,21,Carbon Steel,Hydraulic,Critical,Critical,C,47224,17.8,No,N/A,N/A
EQ00002649,SITE12,UNIT00034,AREA000214,SAFETY,Fire Hydrant,FIR-138,SN-45992656,Under Maintenance,2020,16,Alloy Steel,Hydraulic,High,High,C,190585,11.2,Some,Pump Bearing Grease,Manual
EQ00002650,SITE12,UNIT00034,AREA000216,ROTARY,Positive Displacement Pump,POS-983,SN-44736127,Standby,2024,23,Alloy Steel,Electrical,High,High,B,79024,12.0,Yes,Bearing Oil / Grease,Manual / auto-lube
EQ00002651,SITE12,UNIT00034,AREA000216,WORKSHOP,Grinding Machine,GRI-592,SN-97580246,Active,2021,15,Stainless Steel,Process,Medium,High,A,114548,2.7,Yes,Machine Oil / Grease,Manual
EQ00002652,SITE12,UNIT00035,AREA000218,VEHICLE,Oil Tanker,OIL-229,SN-90188828,Active,2020,14,Cast Iron,Pneumatic,High,Critical,B,185606,8.0,Yes,Engine / Gear Lubricant,Workshop service
EQ00002653,SITE12,UNIT00035,AREA000220,ROTARY,Positive Displacement Pump,POS-652,SN-28922271,Standby,2016,26,Carbon Steel,Hydraulic,High,High,C,117431,17.2,Yes,Bearing Oil / Grease,Manual / auto-lube
EQ00002654,SITE12,UNIT00035,AREA000220,PIPING,Relief Valve,REL-511,SN-78056234,Active,2018,10,Stainless Steel,Process,Critical,Critical,B,166491,18.4,No,N/A,N/A
EQ00002655,SITE12,UNIT00035,AREA000220,ROTARY,Centrifugal Pump,CEN-370,SN-30415252,Active,2017,22,Stainless Steel,Electrical,High,High,B,10421,3.8,Yes,Bearing Oil / Grease,Manual / auto-lube
EQ00002656,SITE12,UNIT00035,AREA000218,WORKSHOP,Lathe Machine,LAT-268,SN-52592021,Active,2020,24,Alloy Steel,Process,Medium,Medium,B,124709,9.4,Yes,Machine Oil / Grease,Manual
EQ00002657,SITE12,UNIT00035,AREA000220,SAFETY,Fire Hydrant,FIR-153,SN-83686912,Active,2018,27,Alloy Steel,Mixed,High,High,C,113553,2.2,Some,Pump Bearing Grease,Manual
EQ00002658,SITE12,UNIT00035,AREA000218,WORKSHOP,Air Receiver,AIR-559,SN-55250705,Active,2025,28,Stainless Steel,Mechanical,High,High,C,67727,2.9,Yes,Machine Oil / Grease,Manual
EQ00002659,SITE12,UNIT00035,AREA000219,DRILLING,Drilling Rig,DRI-867,SN-66057499,Active,2024,10,Alloy Steel,Mixed,Critical,High,C,124087,1.5,Yes,EP Gear Oil / Grease,Grease gun / centralized
EQ00002660,SITE12,UNIT00035,AREA000221,LIFTING,Forklift,FOR-458,SN-94282814,Active,2016,26,Carbon Steel,Hydraulic,High,High,C,59233,6.5,Yes,Wire Rope / Gear Grease,Manual
EQ00002661,SITE12,UNIT00035,AREA000220,LIFTING,Forklift,FOR-628,SN-92095152,Standby,2016,30,Stainless Steel,Mixed,High,High,C,105144,8.2,Yes,Wire Rope / Gear Grease,Manual
EQ00002662,SITE12,UNIT00035,AREA000219,WORKSHOP,Hydraulic Press,HYD-758,SN-48013738,Active,2024,17,Alloy Steel,Hydraulic,Medium,High,C,152359,17.4,Yes,Machine Oil / Grease,Manual
EQ00002663,SITE12,UNIT00035,AREA000221,LIFTING,Hoist,HOI-836,SN-37130947,Under Maintenance,2025,24,Alloy Steel,Hydraulic,High,High,C,144516,15.1,Yes,Wire Rope / Gear Grease,Manual
EQ00002664,SITE12,UNIT00035,AREA000217,SAFETY,Fire Alarm Panel,FIR-346,SN-97219953,Active,2023,25,Alloy Steel,Mechanical,High,High,A,20323,14.0,Some,Pump Bearing Grease,Manual
EQ00002665,SITE12,UNIT00035,AREA000221,PIPING,Relief Valve,REL-472,SN-15453865,Under Maintenance,2018,22,Carbon Steel,Process,Critical,Critical,A,5677,5.6,No,N/A,N/A
EQ00002666,SITE12,UNIT00035,AREA000219,VEHICLE,Emergency Response Vehicle,EME-808,SN-23054073,Standby,2025,17,Stainless Steel,Mixed,High,High,B,89129,5.1,Yes,Engine / Gear Lubricant,Workshop service
EQ00002667,SITE12,UNIT00035,AREA000217,PRODUCTION,Crude Oil Pump,CRU-753,SN-46740194,Active,2024,11,Alloy Steel,Mechanical,High,High,C,185485,0.3,Yes,Process/Mechanical Lubricant,Manual / automated
EQ00002668,SITE12,UNIT00035,AREA000220,DRILLING,Wellhead,WEL-675,SN-79091328,Active,2018,18,Stainless Steel,Hydraulic,Critical,Critical,B,199114,8.1,Yes,EP Gear Oil / Grease,Grease gun / centralized
EQ00002669,SITE12,UNIT00035,AREA000221,PIPING,Pig Launcher/Receiver,PIG-497,SN-49380183,Standby,2016,16,Alloy Steel,Mixed,High,High,C,10372,0.7,No,N/A,N/A
EQ00002670,SITE12,UNIT00035,AREA000221,VEHICLE,Emergency Response Vehicle,EME-623,SN-79645564,Active,2023,21,Alloy Steel,Mechanical,High,High,B,167144,2.3,Yes,Engine / Gear Lubricant,Workshop service
EQ00002671,SITE12,UNIT00035,AREA000219,ROTARY,Positive Displacement Pump,POS-305,SN-47575919,Active,2018,11,Alloy Steel,Electrical,High,High,B,58484,3.1,Yes,Bearing Oil / Grease,Manual / auto-lube
EQ00002672,SITE12,UNIT00035,AREA000217,WORKSHOP,Air Receiver,AIR-267,SN-12637859,Under Maintenance,2017,16,Stainless Steel,Electrical,High,High,A,108598,21.7,Yes,Machine Oil / Grease,Manual
EQ00002673,SITE12,UNIT00035,AREA000221,PIPING,Pipeline Valve,PIP-787,SN-89823529,Under Maintenance,2020,28,Carbon Steel,Mixed,High,High,B,108957,11.4,No,N/A,N/A
EQ00002674,SITE12,UNIT00035,AREA000220,PIPING,Pig Launcher/Receiver,PIG-607,SN-87328979,Under Maintenance,2017,19,Alloy Steel,Mixed,High,High,C,153308,14.5,No,N/A,N/A
EQ00002675,SITE12,UNIT00035,AREA000217,ELECTRICAL,UPS System,UPS-217,SN-46996132,Under Maintenance,2016,12,Stainless Steel,Mechanical,Medium,Medium,B,14145,13.7,Some,Bearing Grease,Manual
EQ00002676,SITE12,UNIT00035,AREA000219,ELECTRICAL,Industrial Motor,IND-679,SN-94271736,Standby,2018,24,Stainless Steel,Hydraulic,High,High,C,63109,7.0,Some,Bearing Grease,Manual
EQ00002677,SITE12,UNIT00035,AREA000221,ELECTRICAL,Switchgear,SWI-767,SN-93665207,Standby,2022,24,Carbon Steel,Hydraulic,Critical,Critical,B,102129,1.2,Some,Bearing Grease,Manual
EQ00002678,SITE12,UNIT00035,AREA000218,INSTRUMENTATION,Pressure Transmitter,PRE-439,SN-86256100,Active,2022,23,Cast Iron,Mixed,High,High,C,151287,20.4,No,N/A,N/A
EQ00002679,SITE12,UNIT00035,AREA000218,PRODUCTION,Produced Water Pump,PRO-576,SN-79530637,Active,2022,28,Stainless Steel,Mechanical,High,Medium,B,51232,8.8,Yes,Process/Mechanical Lubricant,Manual / automated
EQ00002680,SITE12,UNIT00035,AREA000217,PRODUCTION,Gas Dehydration Unit,GAS-814,SN-63461070,Active,2019,25,Stainless Steel,Mixed,High,High,B,121844,2.0,Yes,Process/Mechanical Lubricant,Manual / automated
EQ00002681,SITE12,UNIT00035,AREA000221,INSTRUMENTATION,Emergency Shutdown System,EME-989,SN-17014312,Active,2019,11,Alloy Steel,Pneumatic,Critical,Critical,C,80628,17.8,No,N/A,N/A
EQ00002682,SITE12,UNIT00035,AREA000220,VEHICLE,Emergency Response Vehicle,EME-275,SN-39966555,Standby,2020,24,Stainless Steel,Electrical,High,High,B,62500,13.7,Yes,Engine / Gear Lubricant,Workshop service
EQ00002683,SITE12,UNIT00035,AREA000221,INSTRUMENTATION,Emergency Shutdown System,EME-724,SN-43036955,Active,2017,10,Cast Iron,Pneumatic,Critical,Critical,B,170699,4.4,No,N/A,N/A
EQ00002684,SITE12,UNIT00035,AREA000217,LIFTING,Hoist,HOI-787,SN-72642931,Active,2021,23,Alloy Steel,Mechanical,High,High,C,179722,21.0,Yes,Wire Rope / Gear Grease,Manual
EQ00002685,SITE12,UNIT00035,AREA000221,INSTRUMENTATION,Emergency Shutdown System,EME-919,SN-99071010,Under Maintenance,2025,16,Stainless Steel,Electrical,Critical,Critical,A,161608,15.6,No,N/A,N/A
EQ00002686,SITE12,UNIT00035,AREA000219,PIPING,Pipeline Valve,PIP-411,SN-63028397,Active,2024,18,Stainless Steel,Mixed,High,High,A,78098,21.1,No,N/A,N/A
EQ00002687,SITE12,UNIT00035,AREA000220,ELECTRICAL,Motor Control Centre,MOT-638,SN-12127183,Active,2020,13,Carbon Steel,Hydraulic,Critical,High,B,120719,23.7,Some,Bearing Grease,Manual
EQ00002688,SITE12,UNIT00035,AREA000218,DRILLING,Top Drive,TOP-871,SN-86598976,Active,2025,20,Stainless Steel,Electrical,Critical,Critical,B,117917,22.9,Yes,EP Gear Oil / Grease,Grease gun / centralized
EQ00002689,SITE12,UNIT00035,AREA000218,ROTARY,Air Compressor,AIR-753,SN-36076792,Active,2024,14,Cast Iron,Pneumatic,High,High,C,127028,18.6,Yes,Bearing Oil / Grease,Manual / auto-lube
EQ00002690,SITE12,UNIT00035,AREA000220,PIPING,Process Pipeline,PRO-519,SN-13852475,Standby,2024,25,Alloy Steel,Hydraulic,Critical,High,C,197937,10.0,No,N/A,N/A
EQ00002691,SITE12,UNIT00035,AREA000217,PIPING,Process Pipeline,PRO-490,SN-34163719,Active,2023,27,Cast Iron,Hydraulic,Critical,High,B,151596,18.4,No,N/A,N/A
EQ00002692,SITE12,UNIT00035,AREA000219,WORKSHOP,Grinding Machine,GRI-308,SN-32677985,Active,2024,19,Cast Iron,Mechanical,Medium,High,B,23618,8.8,Yes,Machine Oil / Grease,Manual
EQ00002693,SITE12,UNIT00035,AREA000220,DRILLING,Cementing Unit,CEM-385,SN-77527949,Active,2018,17,Stainless Steel,Mixed,High,High,A,182899,1.1,Yes,EP Gear Oil / Grease,Grease gun / centralized
EQ00002694,SITE12,UNIT00035,AREA000217,INSTRUMENTATION,Pressure Transmitter,PRE-636,SN-14432694,Active,2023,28,Carbon Steel,Mechanical,High,High,A,43684,17.7,No,N/A,N/A
EQ00002695,SITE12,UNIT00035,AREA000221,INSTRUMENTATION,Gas Detector,GAS-593,SN-35800563,Active,2018,21,Alloy Steel,Mechanical,Critical,Critical,A,35348,8.6,No,N/A,N/A
EQ00002696,SITE12,UNIT00035,AREA000221,PRODUCTION,Crude Oil Pump,CRU-440,SN-44244421,Active,2019,10,Cast Iron,Mechanical,High,High,B,40259,1.4,Yes,Process/Mechanical Lubricant,Manual / automated
EQ00002697,SITE12,UNIT00035,AREA000217,ROTARY,Positive Displacement Pump,POS-123,SN-34227671,Standby,2023,30,Cast Iron,Mixed,High,High,A,173119,10.4,Yes,Bearing Oil / Grease,Manual / auto-lube
EQ00002698,SITE12,UNIT00035,AREA000217,ROTARY,Positive Displacement Pump,POS-220,SN-63359160,Active,2017,28,Cast Iron,Hydraulic,High,High,C,156208,20.9,Yes,Bearing Oil / Grease,Manual / auto-lube
EQ00002699,SITE12,UNIT00035,AREA000218,STATIC,Pressure Vessel,PRE-126,SN-92378003,Active,2025,28,Carbon Steel,Pneumatic,Critical,Critical,A,119200,0.9,No,N/A,N/A
EQ00002700,SITE12,UNIT00035,AREA000220,ROTARY,Diesel Generator,DIE-172,SN-93855059,Active,2023,29,Alloy Steel,Hydraulic,High,High,B,145067,4.5,Yes,Bearing Oil / Grease,Manual / auto-lube
EQ00002701,SITE12,UNIT00035,AREA000221,WORKSHOP,Welding Machine,WEL-921,SN-39386748,Under Maintenance,2021,16,Cast Iron,Pneumatic,Medium,High,C,35142,17.7,Yes,Machine Oil / Grease,Manual
EQ00002702,SITE12,UNIT00035,AREA000219,DRILLING,Drawworks,DRA-107,SN-44201119,Under Maintenance,2024,18,Alloy Steel,Mixed,Critical,Critical,A,31011,0.2,Yes,EP Gear Oil / Grease,Grease gun / centralized
EQ00002703,SITE12,UNIT00035,AREA000219,DRILLING,Blowout Preventer,BLO-363,SN-35456669,Under Maintenance,2020,11,Cast Iron,Pneumatic,Critical,Critical,B,69407,4.4,Yes,EP Gear Oil / Grease,Grease gun / centralized
EQ00002704,SITE12,UNIT00035,AREA000218,DRILLING,Wellhead,WEL-581,SN-22451346,Standby,2024,29,Alloy Steel,Hydraulic,Critical,Critical,B,44412,15.6,Yes,EP Gear Oil / Grease,Grease gun / centralized
EQ00002705,SITE12,UNIT00035,AREA000220,PIPING,Pig Launcher/Receiver,PIG-126,SN-91774576,Active,2018,23,Stainless Steel,Hydraulic,High,High,A,93153,12.0,No,N/A,N/A
EQ00002706,SITE12,UNIT00035,AREA000221,INSTRUMENTATION,Emergency Shutdown System,EME-477,SN-26782278,Active,2024,27,Alloy Steel,Electrical,Critical,Critical,B,187278,6.9,No,N/A,N/A
EQ00002707,SITE12,UNIT00035,AREA000220,WORKSHOP,Lathe Machine,LAT-597,SN-44867244,Standby,2023,24,Stainless Steel,Electrical,Medium,Medium,A,168624,5.2,Yes,Machine Oil / Grease,Manual
EQ00002708,SITE12,UNIT00035,AREA000219,INSTRUMENTATION,Gas Detector,GAS-298,SN-90522643,Under Maintenance,2024,13,Stainless Steel,Electrical,Critical,Critical,B,176753,1.9,No,N/A,N/A
EQ00002709,SITE12,UNIT00035,AREA000219,PIPING,Pipeline Valve,PIP-869,SN-81247459,Active,2024,18,Cast Iron,Mechanical,High,High,B,182696,12.8,No,N/A,N/A
EQ00002710,SITE12,UNIT00035,AREA000219,PIPING,Pipeline Valve,PIP-678,SN-14401131,Under Maintenance,2024,11,Alloy Steel,Process,High,High,B,196411,11.0,No,N/A,N/A
EQ00002711,SITE12,UNIT00035,AREA000219,WORKSHOP,Lathe Machine,LAT-162,SN-30186349,Under Maintenance,2024,29,Alloy Steel,Pneumatic,Medium,Medium,C,144989,23.2,Yes,Machine Oil / Grease,Manual
EQ00002712,SITE12,UNIT00035,AREA000218,WORKSHOP,Lathe Machine,LAT-634,SN-58898225,Standby,2019,13,Stainless Steel,Electrical,Medium,Medium,C,41762,23.9,Yes,Machine Oil / Grease,Manual
EQ00002713,SITE12,UNIT00035,AREA000219,DRILLING,Mud Pump,MUD-838,SN-76333776,Active,2019,26,Carbon Steel,Process,Critical,High,C,39652,0.6,Yes,EP Gear Oil / Grease,Grease gun / centralized
EQ00002714,SITE12,UNIT00035,AREA000221,STATIC,Storage Tank,STO-631,SN-40456941,Active,2023,11,Alloy Steel,Pneumatic,Critical,High,B,45918,19.3,No,N/A,N/A
EQ00002715,SITE12,UNIT00035,AREA000221,DRILLING,Cementing Unit,CEM-518,SN-48454446,Active,2024,29,Alloy Steel,Mixed,High,High,A,46714,2.0,Yes,EP Gear Oil / Grease,Grease gun / centralized
EQ00002716,SITE12,UNIT00035,AREA000220,DRILLING,Blowout Preventer,BLO-716,SN-38330695,Active,2018,24,Cast Iron,Electrical,Critical,Critical,B,118177,23.0,Yes,EP Gear Oil / Grease,Grease gun / centralized
EQ00002717,SITE12,UNIT00035,AREA000220,INSTRUMENTATION,Gas Detector,GAS-471,SN-13568748,Active,2016,10,Stainless Steel,Hydraulic,Critical,Critical,A,136451,19.8,No,N/A,N/A
EQ00002718,SITE12,UNIT00035,AREA000219,INSTRUMENTATION,Emergency Shutdown System,EME-407,SN-32437323,Active,2022,20,Carbon Steel,Process,Critical,Critical,B,42982,20.9,No,N/A,N/A
EQ00002719,SITE12,UNIT00035,AREA000219,ROTARY,Diesel Generator,DIE-476,SN-72277645,Under Maintenance,2019,20,Stainless Steel,Process,High,High,C,79279,17.6,Yes,Bearing Oil / Grease,Manual / auto-lube
EQ00002720,SITE12,UNIT00035,AREA000218,ELECTRICAL,Motor Control Centre,MOT-110,SN-58229450,Active,2024,17,Carbon Steel,Mechanical,Critical,High,A,42105,8.9,Some,Bearing Grease,Manual
EQ00002721,SITE12,UNIT00035,AREA000220,DRILLING,Drawworks,DRA-460,SN-90497322,Active,2019,14,Alloy Steel,Pneumatic,Critical,Critical,A,73757,17.6,Yes,EP Gear Oil / Grease,Grease gun / centralized
EQ00002722,SITE12,UNIT00035,AREA000219,DRILLING,Cementing Unit,CEM-155,SN-32077573,Active,2020,18,Carbon Steel,Pneumatic,High,High,B,46520,0.4,Yes,EP Gear Oil / Grease,Grease gun / centralized
EQ00002723,SITE12,UNIT00035,AREA000220,DRILLING,Drawworks,DRA-298,SN-91939354,Standby,2017,12,Carbon Steel,Electrical,Critical,Critical,B,104703,18.3,Yes,EP Gear Oil / Grease,Grease gun / centralized
EQ00002724,SITE12,UNIT00035,AREA000219,LIFTING,Overhead Crane,OVE-309,SN-27428014,Active,2016,24,Cast Iron,Mixed,High,Critical,A,107453,19.2,Yes,Wire Rope / Gear Grease,Manual
EQ00002725,SITE12,UNIT00035,AREA000218,LIFTING,Overhead Crane,OVE-173,SN-80368591,Under Maintenance,2016,19,Alloy Steel,Hydraulic,High,Critical,C,179478,21.2,Yes,Wire Rope / Gear Grease,Manual
EQ00002726,SITE12,UNIT00035,AREA000218,ELECTRICAL,Industrial Motor,IND-788,SN-31224929,Active,2024,15,Alloy Steel,Hydraulic,High,High,A,55067,5.8,Some,Bearing Grease,Manual
EQ00002727,SITE12,UNIT00035,AREA000221,WORKSHOP,Lathe Machine,LAT-801,SN-81387060,Active,2024,21,Alloy Steel,Hydraulic,Medium,Medium,A,185101,11.5,Yes,Machine Oil / Grease,Manual
EQ00002728,SITE12,UNIT00035,AREA000221,PRODUCTION,Produced Water Pump,PRO-928,SN-72368935,Standby,2024,11,Alloy Steel,Process,High,Medium,A,189092,3.3,Yes,Process/Mechanical Lubricant,Manual / automated
EQ00002729,SITE12,UNIT00035,AREA000217,PRODUCTION,Gas Sweetening Unit,GAS-501,SN-54571201,Standby,2025,27,Carbon Steel,Pneumatic,Critical,High,C,160809,2.8,Yes,Process/Mechanical Lubricant,Manual / automated
EQ00002730,SITE12,UNIT00035,AREA000219,ENVIRONMENT,Oil Water Separator,OIL-640,SN-24151957,Active,2017,23,Alloy Steel,Mixed,High,Medium,C,12914,21.4,Yes,Pump Bearing Grease,Manual
EQ00002731,SITE12,UNIT00035,AREA000221,VEHICLE,Oil Tanker,OIL-613,SN-66686540,Active,2025,25,Cast Iron,Mixed,High,Critical,C,185754,7.3,Yes,Engine / Gear Lubricant,Workshop service
EQ00002732,SITE12,UNIT00035,AREA000220,DRILLING,Cementing Unit,CEM-525,SN-62060725,Under Maintenance,2025,14,Alloy Steel,Process,High,High,B,120783,6.5,Yes,EP Gear Oil / Grease,Grease gun / centralized
EQ00002733,SITE12,UNIT00035,AREA000218,VEHICLE,Heavy Utility Vehicle,HEA-214,SN-16310231,Active,2023,17,Carbon Steel,Hydraulic,Medium,Medium,A,161590,2.3,Yes,Engine / Gear Lubricant,Workshop service
EQ00002734,SITE12,UNIT00035,AREA000220,LIFTING,Mobile Crane,MOB-671,SN-42587616,Active,2017,27,Stainless Steel,Electrical,Critical,Critical,C,100668,17.8,Yes,Wire Rope / Gear Grease,Manual
EQ00002735,SITE12,UNIT00035,AREA000220,STATIC,Storage Tank,STO-386,SN-89957356,Under Maintenance,2025,10,Carbon Steel,Mixed,Critical,High,B,92879,14.9,No,N/A,N/A
EQ00002736,SITE12,UNIT00036,AREA000223,LIFTING,Mobile Crane,MOB-808,SN-25608206,Active,2023,30,Stainless Steel,Hydraulic,Critical,Critical,B,61058,19.8,Yes,Wire Rope / Gear Grease,Manual
EQ00002737,SITE12,UNIT00036,AREA000227,STATIC,Heat Exchanger,HEA-525,SN-18536731,Standby,2025,30,Carbon Steel,Mechanical,High,High,B,123588,18.5,No,N/A,N/A
EQ00002738,SITE12,UNIT00036,AREA000227,WORKSHOP,Grinding Machine,GRI-208,SN-87764763,Standby,2018,23,Cast Iron,Hydraulic,Medium,High,B,147155,20.5,Yes,Machine Oil / Grease,Manual
EQ00002739,SITE12,UNIT00036,AREA000227,DRILLING,Mud Tank,MUD-809,SN-10396554,Active,2016,15,Stainless Steel,Pneumatic,High,Medium,B,125946,5.2,Yes,EP Gear Oil / Grease,Grease gun / centralized
EQ00002740,SITE12,UNIT00036,AREA000224,WORKSHOP,Grinding Machine,GRI-716,SN-52482180,Standby,2021,29,Stainless Steel,Mechanical,Medium,High,A,137570,19.3,Yes,Machine Oil / Grease,Manual
EQ00002741,SITE12,UNIT00036,AREA000226,PIPING,Pipeline Valve,PIP-419,SN-37967624,Under Maintenance,2023,11,Carbon Steel,Mixed,High,High,A,194470,19.5,No,N/A,N/A
EQ00002742,SITE12,UNIT00036,AREA000222,PRODUCTION,Produced Water Pump,PRO-412,SN-77045539,Active,2023,21,Cast Iron,Hydraulic,High,Medium,C,156432,18.7,Yes,Process/Mechanical Lubricant,Manual / automated
EQ00002743,SITE12,UNIT00036,AREA000224,DRILLING,Drilling Rig,DRI-796,SN-83987918,Under Maintenance,2023,13,Alloy Steel,Mixed,Critical,High,B,92871,5.8,Yes,EP Gear Oil / Grease,Grease gun / centralized
EQ00002744,SITE12,UNIT00036,AREA000225,DRILLING,Mud Pump,MUD-195,SN-19738282,Standby,2018,18,Alloy Steel,Mixed,Critical,High,C,112290,19.3,Yes,EP Gear Oil / Grease,Grease gun / centralized
EQ00002745,SITE12,UNIT00036,AREA000226,VEHICLE,Heavy Utility Vehicle,HEA-789,SN-12665188,Active,2016,12,Stainless Steel,Mechanical,Medium,Medium,A,51142,7.0,Yes,Engine / Gear Lubricant,Workshop service
EQ00002746,SITE12,UNIT00036,AREA000225,ENVIRONMENT,Effluent Treatment Unit,EFF-779,SN-53962913,Under Maintenance,2025,21,Carbon Steel,Process,High,Medium,B,86886,5.0,Yes,Pump Bearing Grease,Manual
EQ00002747,SITE12,UNIT00036,AREA000228,SAFETY,Fire Water Pump,FIR-999,SN-27875870,Under Maintenance,2025,18,Stainless Steel,Mixed,Critical,Critical,C,127041,3.2,Some,Pump Bearing Grease,Manual
EQ00002748,SITE12,UNIT00036,AREA000223,STATIC,Storage Tank,STO-828,SN-18740901,Active,2020,22,Stainless Steel,Process,Critical,High,B,183723,6.1,No,N/A,N/A
EQ00002749,SITE12,UNIT00036,AREA000223,VEHICLE,Heavy Utility Vehicle,HEA-402,SN-36601719,Under Maintenance,2022,23,Alloy Steel,Hydraulic,Medium,Medium,C,29475,8.4,Yes,Engine / Gear Lubricant,Workshop service
EQ00002750,SITE12,UNIT00036,AREA000225,PIPING,Process Pipeline,PRO-468,SN-43245118,Active,2024,24,Alloy Steel,Mixed,Critical,High,C,81787,1.2,No,N/A,N/A
EQ00002751,SITE12,UNIT00036,AREA000228,ROTARY,Air Compressor,AIR-346,SN-54624705,Active,2018,18,Carbon Steel,Pneumatic,High,High,C,26056,14.7,Yes,Bearing Oil / Grease,Manual / auto-lube
EQ00002752,SITE12,UNIT00036,AREA000223,STATIC,Boiler,BOI-501,SN-83291321,Under Maintenance,2025,19,Alloy Steel,Pneumatic,Critical,High,A,155028,14.9,No,N/A,N/A
EQ00002753,SITE12,UNIT00036,AREA000224,INSTRUMENTATION,Gas Detector,GAS-294,SN-44529701,Active,2024,20,Alloy Steel,Process,Critical,Critical,B,175010,16.8,No,N/A,N/A
EQ00002754,SITE12,UNIT00036,AREA000227,LIFTING,Overhead Crane,OVE-150,SN-50491857,Standby,2023,26,Stainless Steel,Mechanical,High,Critical,A,122317,5.2,Yes,Wire Rope / Gear Grease,Manual
EQ00002755,SITE12,UNIT00036,AREA000222,PIPING,Relief Valve,REL-867,SN-46470272,Active,2023,18,Cast Iron,Hydraulic,Critical,Critical,C,11350,0.6,No,N/A,N/A
EQ00002756,SITE12,UNIT00036,AREA000226,LIFTING,Hoist,HOI-763,SN-78048077,Under Maintenance,2017,17,Cast Iron,Electrical,High,High,B,80455,9.1,Yes,Wire Rope / Gear Grease,Manual
EQ00002757,SITE12,UNIT00036,AREA000228,INSTRUMENTATION,Control Valve,CON-346,SN-74875364,Active,2021,19,Stainless Steel,Mechanical,High,High,B,106056,14.3,No,N/A,N/A
EQ00002758,SITE12,UNIT00036,AREA000225,ROTARY,Positive Displacement Pump,POS-311,SN-12403021,Active,2023,16,Cast Iron,Electrical,High,High,A,27906,10.2,Yes,Bearing Oil / Grease,Manual / auto-lube
EQ00002759,SITE12,UNIT00036,AREA000222,SAFETY,Foam System,FOA-224,SN-18956418,Active,2024,11,Cast Iron,Mechanical,Critical,High,A,164183,2.5,Some,Pump Bearing Grease,Manual
EQ00002760,SITE12,UNIT00036,AREA000226,PIPING,Relief Valve,REL-661,SN-84351762,Standby,2019,11,Alloy Steel,Pneumatic,Critical,Critical,B,113920,12.4,No,N/A,N/A
EQ00002761,SITE12,UNIT00036,AREA000228,STATIC,Fired Heater,FIR-818,SN-40366093,Active,2024,21,Stainless Steel,Pneumatic,Critical,Critical,B,59170,7.6,No,N/A,N/A
EQ00002762,SITE12,UNIT00036,AREA000227,PRODUCTION,Gas Dehydration Unit,GAS-756,SN-40009257,Under Maintenance,2022,14,Alloy Steel,Process,High,High,B,145259,16.8,Yes,Process/Mechanical Lubricant,Manual / automated
EQ00002763,SITE12,UNIT00036,AREA000228,PIPING,Pig Launcher/Receiver,PIG-650,SN-79407849,Active,2021,23,Carbon Steel,Process,High,High,A,102816,8.0,No,N/A,N/A
EQ00002764,SITE12,UNIT00036,AREA000225,VEHICLE,Oil Tanker,OIL-172,SN-87887987,Standby,2021,23,Stainless Steel,Electrical,High,Critical,C,195850,3.2,Yes,Engine / Gear Lubricant,Workshop service
EQ00002765,SITE12,UNIT00036,AREA000227,DRILLING,Wellhead,WEL-345,SN-57884283,Standby,2024,15,Cast Iron,Mixed,Critical,Critical,C,56366,11.3,Yes,EP Gear Oil / Grease,Grease gun / centralized
EQ00002766,SITE12,UNIT00036,AREA000226,VEHICLE,Emergency Response Vehicle,EME-531,SN-59439560,Active,2018,12,Stainless Steel,Process,High,High,C,116464,13.3,Yes,Engine / Gear Lubricant,Workshop service
EQ00002767,SITE12,UNIT00036,AREA000228,SAFETY,Fire Water Pump,FIR-918,SN-32419080,Under Maintenance,2021,24,Carbon Steel,Process,Critical,Critical,B,87655,0.8,Some,Pump Bearing Grease,Manual
EQ00002768,SITE12,UNIT00036,AREA000225,WORKSHOP,Grinding Machine,GRI-212,SN-44356304,Active,2022,27,Carbon Steel,Electrical,Medium,High,A,129308,7.3,Yes,Machine Oil / Grease,Manual
EQ00002769,SITE12,UNIT00036,AREA000222,DRILLING,Mud Pump,MUD-374,SN-92469239,Active,2018,18,Stainless Steel,Hydraulic,Critical,High,C,85569,20.6,Yes,EP Gear Oil / Grease,Grease gun / centralized
EQ00002770,SITE12,UNIT00036,AREA000225,ELECTRICAL,Transformer,TRA-697,SN-39092733,Under Maintenance,2018,14,Cast Iron,Pneumatic,Critical,High,B,142625,17.5,Some,Bearing Grease,Manual
EQ00002771,SITE12,UNIT00036,AREA000225,DRILLING,Top Drive,TOP-520,SN-37062336,Active,2020,11,Stainless Steel,Hydraulic,Critical,Critical,C,71994,9.4,Yes,EP Gear Oil / Grease,Grease gun / centralized
EQ00002772,SITE12,UNIT00036,AREA000223,DRILLING,Mud Pump,MUD-857,SN-57631002,Standby,2021,18,Carbon Steel,Pneumatic,Critical,High,B,49567,1.3,Yes,EP Gear Oil / Grease,Grease gun / centralized
EQ00002773,SITE12,UNIT00036,AREA000226,DRILLING,Wellhead,WEL-750,SN-64915218,Active,2022,29,Stainless Steel,Mechanical,Critical,Critical,A,150754,2.6,Yes,EP Gear Oil / Grease,Grease gun / centralized
EQ00002774,SITE12,UNIT00036,AREA000222,LIFTING,Overhead Crane,OVE-893,SN-55846791,Active,2024,13,Alloy Steel,Pneumatic,High,Critical,C,83321,14.6,Yes,Wire Rope / Gear Grease,Manual
EQ00002775,SITE12,UNIT00036,AREA000222,WORKSHOP,Air Receiver,AIR-596,SN-78532789,Active,2025,19,Carbon Steel,Process,High,High,C,169076,17.8,Yes,Machine Oil / Grease,Manual
EQ00002776,SITE12,UNIT00036,AREA000228,PRODUCTION,Crude Oil Pump,CRU-787,SN-13380639,Active,2023,25,Stainless Steel,Pneumatic,High,High,B,66399,19.8,Yes,Process/Mechanical Lubricant,Manual / automated
EQ00002777,SITE12,UNIT00036,AREA000228,PRODUCTION,Produced Water Pump,PRO-517,SN-62840050,Active,2019,13,Stainless Steel,Electrical,High,Medium,B,124948,14.4,Yes,Process/Mechanical Lubricant,Manual / automated
EQ00002778,SITE12,UNIT00036,AREA000225,VEHICLE,Heavy Utility Vehicle,HEA-713,SN-37316316,Standby,2018,26,Alloy Steel,Mixed,Medium,Medium,B,14690,20.2,Yes,Engine / Gear Lubricant,Workshop service
EQ00002779,SITE12,UNIT00036,AREA000228,DRILLING,Drawworks,DRA-522,SN-85203285,Active,2019,14,Carbon Steel,Mixed,Critical,Critical,A,127668,5.3,Yes,EP Gear Oil / Grease,Grease gun / centralized
EQ00002780,SITE12,UNIT00036,AREA000226,ELECTRICAL,UPS System,UPS-428,SN-16861576,Active,2022,10,Carbon Steel,Process,Medium,Medium,B,5795,10.9,Some,Bearing Grease,Manual
EQ00002781,SITE12,UNIT00036,AREA000227,LIFTING,Mobile Crane,MOB-597,SN-50852468,Standby,2025,22,Stainless Steel,Hydraulic,Critical,Critical,C,114640,18.7,Yes,Wire Rope / Gear Grease,Manual
EQ00002782,SITE12,UNIT00036,AREA000227,VEHICLE,Emergency Response Vehicle,EME-540,SN-13052122,Standby,2017,22,Stainless Steel,Pneumatic,High,High,B,8865,10.3,Yes,Engine / Gear Lubricant,Workshop service
EQ00002783,SITE12,UNIT00036,AREA000222,SAFETY,Fire Alarm Panel,FIR-435,SN-38077457,Active,2022,18,Stainless Steel,Hydraulic,High,High,B,157118,23.0,Some,Pump Bearing Grease,Manual
EQ00002784,SITE12,UNIT00036,AREA000223,LIFTING,Mobile Crane,MOB-865,SN-53088463,Active,2019,19,Stainless Steel,Mechanical,Critical,Critical,B,3895,12.6,Yes,Wire Rope / Gear Grease,Manual
EQ00002785,SITE12,UNIT00036,AREA000225,PIPING,Relief Valve,REL-675,SN-39890316,Active,2016,25,Alloy Steel,Mixed,Critical,Critical,C,36857,19.3,No,N/A,N/A
EQ00002786,SITE12,UNIT00036,AREA000228,INSTRUMENTATION,Control Valve,CON-341,SN-44775951,Standby,2024,28,Carbon Steel,Process,High,High,A,99686,21.0,No,N/A,N/A
EQ00002787,SITE12,UNIT00036,AREA000222,INSTRUMENTATION,Control Valve,CON-746,SN-61877103,Active,2019,15,Cast Iron,Hydraulic,High,High,A,196190,21.7,No,N/A,N/A
EQ00002788,SITE12,UNIT00036,AREA000228,DRILLING,Blowout Preventer,BLO-142,SN-86591738,Active,2019,28,Alloy Steel,Mechanical,Critical,Critical,A,58598,9.2,Yes,EP Gear Oil / Grease,Grease gun / centralized
EQ00002789,SITE12,UNIT00036,AREA000228,LIFTING,Overhead Crane,OVE-160,SN-46901807,Active,2024,30,Carbon Steel,Electrical,High,Critical,A,165263,18.4,Yes,Wire Rope / Gear Grease,Manual
EQ00002790,SITE12,UNIT00036,AREA000224,PRODUCTION,Three-Phase Separator,THR-797,SN-11425019,Active,2024,11,Alloy Steel,Hydraulic,Critical,High,A,40857,11.7,Yes,Process/Mechanical Lubricant,Manual / automated
EQ00002791,SITE12,UNIT00036,AREA000227,DRILLING,Mud Tank,MUD-485,SN-97674649,Active,2025,24,Carbon Steel,Mechanical,High,Medium,B,124669,14.4,Yes,EP Gear Oil / Grease,Grease gun / centralized
EQ00002792,SITE12,UNIT00036,AREA000225,DRILLING,Drawworks,DRA-991,SN-74140677,Standby,2018,14,Cast Iron,Electrical,Critical,Critical,A,166306,6.0,Yes,EP Gear Oil / Grease,Grease gun / centralized
EQ00002793,SITE12,UNIT00036,AREA000223,SAFETY,Fire Alarm Panel,FIR-123,SN-88170109,Active,2019,26,Cast Iron,Electrical,High,High,A,5349,12.1,Some,Pump Bearing Grease,Manual
EQ00002794,SITE12,UNIT00036,AREA000222,SAFETY,Fire Alarm Panel,FIR-603,SN-53116895,Active,2022,29,Carbon Steel,Process,High,High,C,119550,8.0,Some,Pump Bearing Grease,Manual
EQ00002795,SITE12,UNIT00036,AREA000225,WORKSHOP,Welding Machine,WEL-174,SN-43010323,Active,2022,17,Carbon Steel,Pneumatic,Medium,High,C,2533,2.6,Yes,Machine Oil / Grease,Manual
EQ00002796,SITE12,UNIT00036,AREA000226,PIPING,Pipeline Valve,PIP-706,SN-46180237,Active,2018,27,Carbon Steel,Electrical,High,High,A,82219,2.4,No,N/A,N/A
EQ00002797,SITE12,UNIT00036,AREA000223,DRILLING,Drilling Rig,DRI-662,SN-44422567,Standby,2025,10,Cast Iron,Mixed,Critical,High,B,139661,18.3,Yes,EP Gear Oil / Grease,Grease gun / centralized
EQ00002798,SITE12,UNIT00036,AREA000226,DRILLING,Wellhead,WEL-129,SN-48166465,Active,2023,26,Cast Iron,Mixed,Critical,Critical,B,143939,20.5,Yes,EP Gear Oil / Grease,Grease gun / centralized
EQ00002799,SITE12,UNIT00036,AREA000228,VEHICLE,Heavy Utility Vehicle,HEA-360,SN-21856251,Active,2018,25,Cast Iron,Process,Medium,Medium,A,168449,8.0,Yes,Engine / Gear Lubricant,Workshop service
EQ00002800,SITE12,UNIT00036,AREA000222,STATIC,Heat Exchanger,HEA-790,SN-17587989,Active,2024,16,Stainless Steel,Pneumatic,High,High,C,148107,18.3,No,N/A,N/A
EQ00002801,SITE12,UNIT00036,AREA000228,ELECTRICAL,Motor Control Centre,MOT-924,SN-45825878,Under Maintenance,2016,26,Cast Iron,Process,Critical,High,C,105738,8.3,Some,Bearing Grease,Manual
EQ00002802,SITE12,UNIT00036,AREA000227,PRODUCTION,Gas Compressor,GAS-288,SN-74447652,Active,2023,10,Carbon Steel,Hydraulic,Critical,Critical,A,137490,8.8,Yes,Process/Mechanical Lubricant,Manual / automated
EQ00002803,SITE12,UNIT00036,AREA000227,PIPING,Pig Launcher/Receiver,PIG-897,SN-78754856,Active,2018,23,Cast Iron,Process,High,High,B,184563,16.9,No,N/A,N/A
EQ00002804,SITE12,UNIT00036,AREA000224,DRILLING,Mud Tank,MUD-350,SN-93737201,Standby,2016,15,Stainless Steel,Mechanical,High,Medium,B,46349,16.0,Yes,EP Gear Oil / Grease,Grease gun / centralized
EQ00002805,SITE12,UNIT00036,AREA000224,STATIC,Boiler,BOI-843,SN-44346270,Under Maintenance,2022,15,Stainless Steel,Pneumatic,Critical,High,A,66957,4.3,No,N/A,N/A
EQ00002806,SITE12,UNIT00036,AREA000225,SAFETY,Fire Hydrant,FIR-460,SN-86958146,Active,2025,30,Cast Iron,Process,High,High,B,40587,13.7,Some,Pump Bearing Grease,Manual
EQ00002807,SITE12,UNIT00036,AREA000226,PIPING,Process Pipeline,PRO-296,SN-63686615,Active,2023,17,Alloy Steel,Mixed,Critical,High,A,170407,11.3,No,N/A,N/A
EQ00002808,SITE12,UNIT00036,AREA000228,DRILLING,Blowout Preventer,BLO-270,SN-21706520,Under Maintenance,2020,20,Carbon Steel,Mechanical,Critical,Critical,A,66317,23.1,Yes,EP Gear Oil / Grease,Grease gun / centralized
EQ00002809,SITE12,UNIT00036,AREA000226,WORKSHOP,Welding Machine,WEL-875,SN-98573350,Standby,2016,14,Alloy Steel,Pneumatic,Medium,High,A,8451,11.8,Yes,Machine Oil / Grease,Manual
EQ00002810,SITE12,UNIT00036,AREA000226,DRILLING,Mud Pump,MUD-420,SN-77700854,Active,2018,24,Cast Iron,Electrical,Critical,High,A,148474,13.4,Yes,EP Gear Oil / Grease,Grease gun / centralized
EQ00002811,SITE12,UNIT00036,AREA000222,DRILLING,Blowout Preventer,BLO-668,SN-14455201,Active,2024,29,Cast Iron,Mechanical,Critical,Critical,B,97758,20.6,Yes,EP Gear Oil / Grease,Grease gun / centralized
