equipment_id,required_skill,minimum_org_level,certification_required,requirement_priority
EQ00000001,Gas Testing,L5,Yes,Preferred
EQ00000001,Process Operations,L3,Yes,Preferred
EQ00000001,Process Isolation,L4,No,Preferred
EQ00000002,Hydrotest Safety,L3,Yes,Preferred
EQ00000002,Permit to Work,L4,No,Mandatory
EQ00000003,Calibration,L3,Yes,Preferred
EQ00000003,Instrumentation,L4,Yes,Mandatory
EQ00000003,Control Systems,L4,Yes,Preferred
EQ00000004,Welding Safety,L5,No,Mandatory
EQ00000004,Hot Work,L3,Yes,Preferred
EQ00000004,Machine Tool Operation,L3,Yes,Mandatory
EQ00000005,Mechanical Inspection,L5,Yes,Preferred
EQ00000005,Permit to Work,L5,Yes,Mandatory
EQ00000005,Pressure Vessel Safety,L4,No,Preferred
EQ00000005,Isolation/LOTO,L3,Yes,Mandatory
EQ00000006,Instrumentation,L4,Yes,Mandatory
EQ00000006,Control Systems,L5,Yes,Mandatory
EQ00000007,Permit to Work,L4,Yes,Mandatory
EQ00000007,Emergency Response,L5,Yes,Preferred
EQ00000007,Gas Detection,L5,Yes,Mandatory
EQ00000007,Fire Water Systems,L3,Yes,Mandatory
EQ00000007,Fire Fighting,L4,Yes,Preferred
EQ00000008,Process Isolation,L3,No,Mandatory
EQ00000008,Gas Testing,L4,Yes,Mandatory
EQ00000009,Journey Management,L4,No,Mandatory
EQ00000009,Hazardous Material Transport,L3,Yes,Mandatory
EQ00000010,Alignment,L4,Yes,Mandatory
EQ00000010,Lubrication,L4,No,Mandatory
EQ00000010,Pump Maintenance,L4,Yes,Preferred
EQ00000011,Journey Management,L4,Yes,Mandatory
EQ00000011,Defensive Driving,L3,Yes,Preferred
EQ00000012,Permit to Work,L3,No,Preferred
EQ00000012,Rig Floor Safety,L5,No,Preferred
EQ00000013,Pump Maintenance,L3,Yes,Mandatory
EQ00000013,Rotating Equipment,L3,No,Mandatory
EQ00000013,Lubrication,L4,Yes,Preferred
EQ00000014,Electrical Safety,L5,No,Mandatory
EQ00000014,Motor Maintenance,L5,Yes,Mandatory
EQ00000014,Arc Flash Awareness,L3,Yes,Mandatory
EQ00000014,Electrical Isolation/LOTO,L4,Yes,Preferred
EQ00000015,Defensive Driving,L5,Yes,Mandatory
EQ00000015,Hazardous Material Transport,L4,Yes,Mandatory
EQ00000015,Journey Management,L5,Yes,Mandatory
EQ00000016,Workshop Safety,L5,Yes,Mandatory
EQ00000016,Machine Tool Operation,L3,No,Preferred
EQ00000016,Welding Safety,L5,Yes,Mandatory
EQ00000016,Hot Work,L5,Yes,Mandatory
EQ00000016,LOTO,L3,Yes,Mandatory
EQ00000017,Valve Maintenance,L5,No,Mandatory
EQ00000017,Permit to Work,L3,Yes,Mandatory
EQ00000017,Pipeline Operations,L3,Yes,Preferred
EQ00000017,Isolation/LOTO,L3,Yes,Preferred
EQ00000018,Hot Work,L4,No,Preferred
EQ00000018,Welding Safety,L4,Yes,Mandatory
EQ00000018,Machine Tool Operation,L4,Yes,Preferred
EQ00000018,Workshop Safety,L4,Yes,Mandatory
EQ00000019,Instrumentation,L4,No,Mandatory
EQ00000019,Control Systems,L3,No,Mandatory
EQ00000020,Journey Management,L4,Yes,Mandatory
EQ00000020,Vehicle Inspection,L5,Yes,Mandatory
EQ00000020,Defensive Driving,L4,Yes,Mandatory
EQ00000020,Hazardous Material Transport,L5,Yes,Mandatory
EQ00000021,Permit to Work,L4,No,Mandatory
EQ00000021,Gas Testing,L3,Yes,Preferred
EQ00000021,Process Operations,L5,No,Preferred
EQ00000021,Process Isolation,L4,Yes,Preferred
EQ00000022,Rigging,L4,Yes,Mandatory
EQ00000022,Lifting Operations,L4,No,Mandatory
EQ00000023,Hazardous Material Transport,L4,No,Preferred
EQ00000023,Defensive Driving,L5,Yes,Mandatory
EQ00000023,Vehicle Inspection,L4,Yes,Preferred
EQ00000024,Pump Maintenance,L5,Yes,Mandatory
EQ00000024,Rotating Equipment,L4,Yes,Mandatory
EQ00000024,LOTO,L3,No,Mandatory
EQ00000025,Permit to Work,L4,Yes,Preferred
EQ00000025,Pressure Vessel Safety,L5,Yes,Mandatory
EQ00000026,Well Control,L4,Yes,Mandatory
EQ00000026,Line of Fire Awareness,L3,Yes,Mandatory
EQ00000027,Isolation/LOTO,L3,No,Preferred
EQ00000027,Hydrotest Safety,L3,Yes,Preferred
EQ00000027,Permit to Work,L5,Yes,Preferred
EQ00000027,Pressure Vessel Safety,L3,Yes,Preferred
EQ00000028,Pressure Systems Safety,L3,Yes,Preferred
EQ00000028,Process Operations,L3,Yes,Mandatory
EQ00000029,Lifting Gear Inspection,L3,Yes,Mandatory
EQ00000029,Line of Fire Awareness,L3,Yes,Preferred
EQ00000029,Crane Operation,L3,Yes,Preferred
EQ00000029,Rigging,L4,Yes,Mandatory
EQ00000030,Pressure Systems Safety,L4,Yes,Mandatory
EQ00000030,Process Isolation,L5,No,Preferred
EQ00000030,Process Operations,L3,Yes,Mandatory
EQ00000030,Permit to Work,L5,Yes,Mandatory
EQ00000031,SIS/ESD,L3,Yes,Mandatory
EQ00000031,Control Systems,L3,Yes,Preferred
EQ00000032,Machine Tool Operation,L4,Yes,Preferred
EQ00000032,LOTO,L4,No,Mandatory
EQ00000032,Hot Work,L3,Yes,Mandatory
EQ00000032,Welding Safety,L3,Yes,Mandatory
EQ00000033,Fire Water Systems,L5,Yes,Mandatory
EQ00000033,Emergency Response,L5,No,Mandatory
EQ00000033,Fire Fighting,L5,Yes,Mandatory
EQ00000034,Workshop Safety,L5,No,Mandatory
EQ00000034,Machine Tool Operation,L5,No,Preferred
EQ00000035,Wastewater Operations,L4,Yes,Preferred
EQ00000035,Process Safety,L4,Yes,Mandatory
EQ00000036,Process Operations,L5,No,Mandatory
EQ00000036,Pressure Systems Safety,L4,Yes,Mandatory
EQ00000036,Process Isolation,L5,No,Mandatory
EQ00000036,Gas Testing,L5,No,Mandatory
EQ00000037,Pressure Systems Safety,L5,Yes,Mandatory
EQ00000037,Permit to Work,L3,Yes,Preferred
EQ00000037,Process Operations,L3,No,Mandatory
EQ00000037,Gas Testing,L4,Yes,Mandatory
EQ00000037,Process Isolation,L4,Yes,Mandatory
EQ00000038,Mechanical Inspection,L4,Yes,Mandatory
EQ00000038,Permit to Work,L3,Yes,Mandatory
EQ00000038,Hydrotest Safety,L4,Yes,Mandatory
EQ00000039,Crane Operation,L5,Yes,Mandatory
EQ00000039,Line of Fire Awareness,L3,No,Mandatory
EQ00000039,Lifting Gear Inspection,L4,No,Preferred
EQ00000040,Lifting Gear Inspection,L4,No,Mandatory
EQ00000040,Line of Fire Awareness,L5,Yes,Preferred
EQ00000040,Lifting Operations,L5,Yes,Mandatory
EQ00000041,Emergency Response,L4,Yes,Preferred
EQ00000041,Permit to Work,L5,No,Mandatory
EQ00000041,Gas Detection,L4,No,Mandatory
EQ00000041,Fire Water Systems,L3,Yes,Mandatory
EQ00000042,Permit to Work,L5,Yes,Mandatory
EQ00000042,Well Control,L3,No,Preferred
EQ00000042,Rig Floor Safety,L3,Yes,Preferred
EQ00000043,Hydrotest Safety,L5,Yes,Mandatory
EQ00000043,Isolation/LOTO,L4,Yes,Preferred
EQ00000043,Permit to Work,L5,No,Preferred
EQ00000043,Mechanical Inspection,L5,Yes,Mandatory
EQ00000044,Process Isolation,L3,No,Mandatory
EQ00000044,Permit to Work,L4,Yes,Mandatory
EQ00000044,Gas Testing,L5,Yes,Mandatory
EQ00000045,Chemical Handling,L5,Yes,Mandatory
EQ00000045,Process Safety,L4,Yes,Preferred
EQ00000045,Wastewater Operations,L3,Yes,Mandatory
EQ00000046,Process Isolation,L5,No,Preferred
EQ00000046,Gas Testing,L3,Yes,Mandatory
EQ00000046,Permit to Work,L3,No,Preferred
EQ00000046,Pressure Systems Safety,L3,No,Mandatory
EQ00000047,Gas Detection,L3,No,Mandatory
EQ00000047,Fire Water Systems,L3,No,Mandatory
EQ00000048,Process Isolation,L3,No,Mandatory
EQ00000048,Pressure Systems Safety,L3,Yes,Preferred
EQ00000048,Permit to Work,L3,Yes,Preferred
EQ00000049,Pressure Systems Safety,L3,No,Mandatory
EQ00000049,Permit to Work,L3,Yes,Mandatory
EQ00000049,Process Operations,L3,Yes,Mandatory
EQ00000049,Process Isolation,L5,No,Mandatory
EQ00000049,Gas Testing,L3,Yes,Mandatory
EQ00000050,Process Operations,L5,Yes,Preferred
EQ00000050,Process Isolation,L3,No,Mandatory
EQ00000050,Gas Testing,L4,Yes,Mandatory
EQ00000050,Permit to Work,L4,Yes,Mandatory
EQ00000051,Isolation/LOTO,L3,Yes,Preferred
EQ00000051,Pressure Vessel Safety,L3,No,Mandatory
EQ00000051,Permit to Work,L5,Yes,Preferred
EQ00000051,Hydrotest Safety,L5,No,Preferred
EQ00000051,Mechanical Inspection,L5,Yes,Mandatory
EQ00000052,Machine Tool Operation,L5,No,Mandatory
EQ00000052,LOTO,L5,No,Mandatory
EQ00000052,Workshop Safety,L4,No,Mandatory
EQ00000052,Hot Work,L5,Yes,Preferred
EQ00000052,Welding Safety,L5,Yes,Mandatory
EQ00000053,Process Safety,L4,Yes,Preferred
EQ00000053,Wastewater Operations,L4,Yes,Mandatory
EQ00000054,Permit to Work,L5,No,Mandatory
EQ00000054,Valve Maintenance,L5,No,Mandatory
EQ00000054,Isolation/LOTO,L3,Yes,Mandatory
EQ00000054,Pressure Testing,L3,Yes,Mandatory
EQ00000055,Gas Detection,L5,Yes,Preferred
EQ00000055,Fire Fighting,L3,Yes,Mandatory
EQ00000055,Fire Water Systems,L4,No,Mandatory
EQ00000056,SIS/ESD,L4,No,Mandatory
EQ00000056,Control Systems,L3,No,Mandatory
EQ00000056,Calibration,L5,No,Mandatory
EQ00000057,Permit to Work,L3,No,Mandatory
EQ00000057,Pressure Vessel Safety,L5,Yes,Mandatory
EQ00000057,Hydrotest Safety,L3,No,Mandatory
EQ00000057,Mechanical Inspection,L3,Yes,Mandatory
EQ00000057,Isolation/LOTO,L3,Yes,Preferred
EQ00000058,Permit to Work,L5,No,Mandatory
EQ00000058,Valve Maintenance,L5,Yes,Preferred
EQ00000058,Pressure Testing,L4,Yes,Preferred
EQ00000059,Line of Fire Awareness,L3,Yes,Preferred
EQ00000059,Lifting Gear Inspection,L4,No,Preferred
EQ00000059,Rigging,L4,No,Mandatory
EQ00000060,Permit to Work,L3,Yes,Preferred
EQ00000060,Mechanical Inspection,L5,No,Mandatory
EQ00000060,Isolation/LOTO,L5,No,Mandatory
EQ00000061,Line of Fire Awareness,L4,No,Preferred
EQ00000061,Permit to Work,L3,Yes,Mandatory
EQ00000062,Alignment,L4,Yes,Mandatory
EQ00000062,Rotating Equipment,L3,No,Mandatory
EQ00000062,Vibration Monitoring,L4,Yes,Mandatory
EQ00000062,Lubrication,L3,No,Preferred
EQ00000063,Mechanical Inspection,L4,Yes,Mandatory
EQ00000063,Isolation/LOTO,L4,No,Preferred
EQ00000063,Pressure Vessel Safety,L5,Yes,Preferred
EQ00000063,Permit to Work,L4,Yes,Mandatory
EQ00000063,Hydrotest Safety,L3,Yes,Preferred
EQ00000064,Hot Work,L4,Yes,Mandatory
EQ00000064,Machine Tool Operation,L4,Yes,Mandatory
EQ00000064,LOTO,L5,Yes,Preferred
EQ00000064,Welding Safety,L5,Yes,Preferred
EQ00000064,Workshop Safety,L4,No,Mandatory
EQ00000065,Arc Flash Awareness,L5,No,Mandatory
EQ00000065,Switchgear Operation,L3,Yes,Mandatory
EQ00000065,Electrical Isolation/LOTO,L5,Yes,Mandatory
EQ00000066,Lifting Operations,L5,Yes,Preferred
EQ00000066,Rigging,L4,Yes,Mandatory
EQ00000066,Lifting Gear Inspection,L5,Yes,Preferred
EQ00000066,Crane Operation,L4,No,Mandatory
EQ00000066,Line of Fire Awareness,L3,Yes,Mandatory
EQ00000067,Pressure Vessel Safety,L5,Yes,Mandatory
EQ00000067,Mechanical Inspection,L5,No,Mandatory
EQ00000067,Hydrotest Safety,L3,Yes,Mandatory
EQ00000067,Isolation/LOTO,L3,Yes,Mandatory
EQ00000068,Hot Work,L3,Yes,Mandatory
EQ00000068,LOTO,L5,Yes,Preferred
EQ00000068,Machine Tool Operation,L3,Yes,Mandatory
EQ00000069,Line of Fire Awareness,L4,Yes,Mandatory
EQ00000069,Crane Operation,L5,Yes,Mandatory
EQ00000069,Rigging,L4,No,Preferred
EQ00000069,Lifting Operations,L4,Yes,Preferred
EQ00000070,LOTO,L4,Yes,Mandatory
EQ00000070,Machine Tool Operation,L5,Yes,Preferred
EQ00000070,Workshop Safety,L3,No,Mandatory
EQ00000070,Welding Safety,L5,Yes,Mandatory
EQ00000071,Machine Tool Operation,L4,Yes,Preferred
EQ00000071,Welding Safety,L3,No,Mandatory
EQ00000071,LOTO,L4,Yes,Mandatory
EQ00000072,Hazardous Material Transport,L3,Yes,Mandatory
EQ00000072,Journey Management,L5,No,Mandatory
EQ00000073,Workshop Safety,L5,Yes,Preferred
EQ00000073,Hot Work,L3,Yes,Preferred
EQ00000073,LOTO,L5,No,Mandatory
EQ00000073,Machine Tool Operation,L5,Yes,Preferred
EQ00000073,Welding Safety,L5,Yes,Mandatory
EQ00000074,Process Isolation,L3,Yes,Preferred
EQ00000074,Process Operations,L3,No,Preferred
EQ00000075,Crane Operation,L3,No,Mandatory
EQ00000075,Lifting Gear Inspection,L4,No,Mandatory
EQ00000075,Lifting Operations,L4,No,Mandatory
EQ00000075,Line of Fire Awareness,L3,Yes,Mandatory
EQ00000076,Instrumentation,L4,No,Preferred
EQ00000076,SIS/ESD,L4,Yes,Mandatory
EQ00000076,Control Systems,L4,Yes,Preferred
EQ00000077,LOTO,L4,Yes,Preferred
EQ00000077,Well Control,L5,Yes,Preferred
EQ00000078,Defensive Driving,L4,Yes,Mandatory
EQ00000078,Vehicle Inspection,L5,No,Mandatory
EQ00000078,Hazardous Material Transport,L4,Yes,Preferred
EQ00000079,Workshop Safety,L3,No,Preferred
EQ00000079,LOTO,L5,Yes,Mandatory
EQ00000079,Welding Safety,L5,Yes,Mandatory
EQ00000079,Hot Work,L4,Yes,Mandatory
EQ00000080,Arc Flash Awareness,L4,Yes,Mandatory
EQ00000080,Motor Maintenance,L4,Yes,Mandatory
EQ00000080,Electrical Isolation/LOTO,L3,Yes,Preferred
EQ00000080,Electrical Safety,L5,Yes,Preferred
EQ00000081,LOTO,L3,Yes,Mandatory
EQ00000081,Control Systems,L5,Yes,Mandatory
EQ00000081,Calibration,L3,No,Preferred
EQ00000081,Instrumentation,L4,Yes,Mandatory
EQ00000081,SIS/ESD,L5,No,Mandatory
EQ00000082,Mechanical Inspection,L4,Yes,Preferred
EQ00000082,Permit to Work,L3,Yes,Mandatory
EQ00000082,Isolation/LOTO,L5,Yes,Mandatory
EQ00000082,Pressure Vessel Safety,L3,Yes,Preferred
EQ00000082,Hydrotest Safety,L4,Yes,Preferred
EQ00000083,Permit to Work,L4,Yes,Mandatory
EQ00000083,Gas Testing,L5,Yes,Mandatory
EQ00000083,Process Operations,L4,Yes,Preferred
EQ00000084,Mechanical Inspection,L3,Yes,Preferred
EQ00000084,Permit to Work,L5,Yes,Mandatory
EQ00000084,Isolation/LOTO,L3,No,Mandatory
EQ00000084,Pressure Vessel Safety,L5,Yes,Mandatory
EQ00000085,Permit to Work,L4,Yes,Mandatory
EQ00000085,Gas Testing,L5,Yes,Mandatory
EQ00000085,Pressure Systems Safety,L5,No,Mandatory
EQ00000085,Process Isolation,L5,Yes,Preferred
EQ00000086,Rig Floor Safety,L5,No,Mandatory
EQ00000086,Line of Fire Awareness,L3,Yes,Preferred
EQ00000086,Drilling Operations,L5,Yes,Preferred
EQ00000087,LOTO,L4,Yes,Preferred
EQ00000087,Welding Safety,L3,Yes,Preferred
EQ00000087,Hot Work,L3,No,Mandatory
EQ00000088,LOTO,L3,No,Mandatory
EQ00000088,Instrumentation,L4,No,Preferred
EQ00000088,SIS/ESD,L3,No,Mandatory
EQ00000088,Control Systems,L5,Yes,Preferred
EQ00000088,Calibration,L5,Yes,Preferred
EQ00000089,Lifting Gear Inspection,L5,No,Preferred
EQ00000089,Rigging,L3,No,Mandatory
EQ00000089,Lifting Operations,L4,Yes,Mandatory
EQ00000090,Arc Flash Awareness,L4,No,Mandatory
EQ00000090,Switchgear Operation,L5,Yes,Mandatory
EQ00000091,SIS/ESD,L3,Yes,Preferred
EQ00000091,Instrumentation,L3,Yes,Preferred
EQ00000091,LOTO,L3,No,Mandatory
EQ00000092,Line of Fire Awareness,L5,No,Mandatory
EQ00000092,Crane Operation,L5,Yes,Mandatory
EQ00000092,Lifting Operations,L4,Yes,Mandatory
EQ00000093,Lifting Gear Inspection,L4,No,Preferred
EQ00000093,Line of Fire Awareness,L5,Yes,Mandatory
EQ00000094,Pressure Systems Safety,L3,Yes,Preferred
EQ00000094,Process Isolation,L4,Yes,Preferred
EQ00000094,Gas Testing,L4,Yes,Preferred
EQ00000094,Permit to Work,L4,No,Mandatory
EQ00000094,Process Operations,L3,Yes,Preferred
EQ00000095,Vehicle Inspection,L5,Yes,Mandatory
EQ00000095,Journey Management,L4,Yes,Mandatory
EQ00000096,Line of Fire Awareness,L3,Yes,Preferred
EQ00000096,Rigging,L3,No,Mandatory
EQ00000096,Crane Operation,L4,No,Mandatory
EQ00000097,Lifting Gear Inspection,L3,Yes,Mandatory
EQ00000097,Lifting Operations,L3,No,Mandatory
EQ00000097,Crane Operation,L5,No,Preferred
EQ00000098,Well Control,L5,No,Mandatory
EQ00000098,Rig Floor Safety,L3,Yes,Mandatory
EQ00000098,Drilling Operations,L4,Yes,Mandatory
EQ00000098,Line of Fire Awareness,L5,Yes,Preferred
EQ00000099,Isolation/LOTO,L5,Yes,Preferred
EQ00000099,Permit to Work,L4,Yes,Preferred
EQ00000100,Hot Work,L4,No,Mandatory
EQ00000100,Machine Tool Operation,L4,Yes,Mandatory
EQ00000100,Workshop Safety,L3,Yes,Mandatory
EQ00000100,LOTO,L4,No,Mandatory
EQ00000101,Isolation/LOTO,L5,Yes,Mandatory
EQ00000101,Pipeline Operations,L4,Yes,Preferred
EQ00000102,Lubrication,L4,Yes,Preferred
EQ00000102,Pump Maintenance,L5,Yes,Mandatory
EQ00000102,Vibration Monitoring,L3,Yes,Mandatory
EQ00000102,Alignment,L4,Yes,Mandatory
EQ00000103,Rotating Equipment,L5,Yes,Preferred
EQ00000103,Alignment,L4,Yes,Mandatory
EQ00000104,LOTO,L4,Yes,Mandatory
EQ00000104,Welding Safety,L4,Yes,Mandatory
EQ00000104,Machine Tool Operation,L4,Yes,Mandatory
EQ00000104,Hot Work,L3,Yes,Mandatory
EQ00000104,Workshop Safety,L4,Yes,Preferred
EQ00000105,Gas Detection,L5,Yes,Preferred
EQ00000105,Emergency Response,L5,No,Mandatory
EQ00000105,Permit to Work,L5,No,Mandatory
EQ00000105,Fire Fighting,L4,Yes,Mandatory
EQ00000105,Fire Water Systems,L3,Yes,Mandatory
EQ00000106,Crane Operation,L4,Yes,Mandatory
EQ00000106,Lifting Gear Inspection,L3,Yes,Mandatory
EQ00000106,Rigging,L3,Yes,Mandatory
EQ00000106,Line of Fire Awareness,L3,No,Mandatory
EQ00000106,Lifting Operations,L4,No,Mandatory
EQ00000107,Machine Tool Operation,L5,Yes,Mandatory
EQ00000107,Welding Safety,L3,No,Mandatory
EQ00000108,Pressure Vessel Safety,L5,Yes,Preferred
EQ00000108,Permit to Work,L3,Yes,Mandatory
EQ00000109,Lifting Gear Inspection,L3,Yes,Mandatory
EQ00000109,Crane Operation,L4,No,Preferred
EQ00000109,Line of Fire Awareness,L4,Yes,Preferred
EQ00000109,Lifting Operations,L5,Yes,Mandatory
EQ00000110,Hydrotest Safety,L3,No,Mandatory
EQ00000110,Pressure Vessel Safety,L3,No,Mandatory
EQ00000111,Hydrotest Safety,L4,Yes,Mandatory
EQ00000111,Pressure Vessel Safety,L5,Yes,Preferred
EQ00000111,Permit to Work,L3,Yes,Mandatory
EQ00000111,Isolation/LOTO,L3,Yes,Mandatory
EQ00000112,Process Isolation,L4,No,Mandatory
EQ00000112,Gas Testing,L5,Yes,Mandatory
EQ00000112,Permit to Work,L5,Yes,Mandatory
EQ00000112,Pressure Systems Safety,L5,No,Mandatory
EQ00000112,Process Operations,L4,No,Mandatory
EQ00000113,Drilling Operations,L4,Yes,Mandatory
EQ00000113,Line of Fire Awareness,L4,No,Mandatory
EQ00000113,LOTO,L3,Yes,Mandatory
EQ00000114,Permit to Work,L4,Yes,Mandatory
EQ00000114,Process Operations,L5,Yes,Mandatory
EQ00000115,Line of Fire Awareness,L4,Yes,Preferred
EQ00000115,Well Control,L3,Yes,Preferred
EQ00000115,Permit to Work,L5,Yes,Mandatory
EQ00000115,LOTO,L4,No,Mandatory
EQ00000115,Drilling Operations,L5,No,Mandatory
EQ00000116,LOTO,L3,Yes,Mandatory
EQ00000116,Calibration,L4,Yes,Mandatory
EQ00000116,SIS/ESD,L4,Yes,Preferred
EQ00000117,Hazardous Material Transport,L3,Yes,Preferred
EQ00000117,Journey Management,L4,Yes,Mandatory
EQ00000117,Vehicle Inspection,L5,No,Mandatory
EQ00000117,Defensive Driving,L4,Yes,Preferred
EQ00000118,Vehicle Inspection,L3,Yes,Mandatory
EQ00000118,Hazardous Material Transport,L3,No,Mandatory
EQ00000118,Journey Management,L3,Yes,Mandatory
EQ00000119,Crane Operation,L3,No,Preferred
EQ00000119,Rigging,L3,Yes,Preferred
EQ00000119,Lifting Gear Inspection,L5,No,Mandatory
EQ00000120,Electrical Safety,L5,Yes,Mandatory
EQ00000120,Motor Maintenance,L4,Yes,Mandatory
EQ00000120,Arc Flash Awareness,L3,Yes,Mandatory
EQ00000120,Electrical Isolation/LOTO,L4,No,Mandatory
EQ00000121,Machine Tool Operation,L4,Yes,Mandatory
EQ00000121,Welding Safety,L3,Yes,Mandatory
EQ00000121,LOTO,L5,Yes,Mandatory
EQ00000121,Workshop Safety,L5,No,Mandatory
EQ00000121,Hot Work,L3,Yes,Mandatory
EQ00000122,Environmental Monitoring,L4,Yes,Preferred
EQ00000122,Process Safety,L5,No,Preferred
EQ00000122,Wastewater Operations,L5,Yes,Mandatory
EQ00000123,SIS/ESD,L3,No,Mandatory
EQ00000123,Control Systems,L3,Yes,Mandatory
EQ00000123,LOTO,L3,Yes,Mandatory
EQ00000123,Instrumentation,L5,No,Preferred
EQ00000124,Switchgear Operation,L4,No,Mandatory
EQ00000124,Electrical Safety,L5,Yes,Preferred
EQ00000124,Motor Maintenance,L5,No,Preferred
EQ00000124,Arc Flash Awareness,L5,Yes,Mandatory
EQ00000125,Welding Safety,L4,Yes,Mandatory
EQ00000125,Machine Tool Operation,L4,Yes,Preferred
EQ00000126,Instrumentation,L4,Yes,Mandatory
EQ00000126,Calibration,L4,Yes,Preferred
EQ00000126,Control Systems,L4,No,Mandatory
EQ00000127,LOTO,L3,Yes,Mandatory
EQ00000127,Control Systems,L4,Yes,Mandatory
EQ00000127,SIS/ESD,L4,No,Mandatory
EQ00000127,Instrumentation,L4,Yes,Mandatory
EQ00000128,Drilling Operations,L4,No,Mandatory
EQ00000128,LOTO,L3,Yes,Mandatory
EQ00000128,Line of Fire Awareness,L5,No,Mandatory
EQ00000129,Process Operations,L4,Yes,Mandatory
EQ00000129,Process Isolation,L4,Yes,Mandatory
EQ00000129,Permit to Work,L5,Yes,Mandatory
EQ00000129,Gas Testing,L3,Yes,Mandatory
EQ00000130,Process Operations,L4,Yes,Preferred
EQ00000130,Permit to Work,L5,Yes,Preferred
EQ00000131,Welding Safety,L4,Yes,Mandatory
EQ00000131,Hot Work,L3,Yes,Mandatory
EQ00000131,Machine Tool Operation,L4,Yes,Mandatory
EQ00000131,LOTO,L4,No,Preferred
EQ00000132,Lifting Gear Inspection,L5,No,Preferred
EQ00000132,Crane Operation,L5,Yes,Mandatory
EQ00000132,Line of Fire Awareness,L3,Yes,Mandatory
EQ00000132,Lifting Operations,L4,Yes,Mandatory
EQ00000132,Rigging,L3,Yes,Mandatory
EQ00000133,LOTO,L3,Yes,Preferred
EQ00000133,Rig Floor Safety,L4,No,Mandatory
EQ00000133,Drilling Operations,L3,Yes,Preferred
EQ00000133,Permit to Work,L3,Yes,Preferred
EQ00000134,Hot Work,L5,Yes,Preferred
EQ00000134,Workshop Safety,L4,No,Mandatory
EQ00000134,Welding Safety,L3,Yes,Mandatory
EQ00000135,Line of Fire Awareness,L5,Yes,Preferred
EQ00000135,Lifting Gear Inspection,L4,No,Mandatory
EQ00000136,SIS/ESD,L5,No,Preferred
EQ00000136,LOTO,L5,Yes,Mandatory
EQ00000137,Alignment,L4,Yes,Mandatory
EQ00000137,Pump Maintenance,L5,Yes,Preferred
EQ00000137,LOTO,L5,Yes,Mandatory
EQ00000137,Vibration Monitoring,L4,No,Mandatory
EQ00000138,Wastewater Operations,L4,Yes,Mandatory
EQ00000138,Process Safety,L4,No,Preferred
EQ00000139,Electrical Isolation/LOTO,L4,Yes,Preferred
EQ00000139,Arc Flash Awareness,L3,No,Mandatory
EQ00000139,Switchgear Operation,L4,Yes,Mandatory
EQ00000139,Motor Maintenance,L5,Yes,Mandatory
EQ00000139,Electrical Safety,L5,Yes,Mandatory
EQ00000140,Lubrication,L3,Yes,Mandatory
EQ00000140,Alignment,L4,Yes,Mandatory
EQ00000140,Vibration Monitoring,L4,No,Mandatory
EQ00000140,Rotating Equipment,L3,Yes,Mandatory
EQ00000141,Drilling Operations,L4,Yes,Mandatory
EQ00000141,LOTO,L4,Yes,Preferred
EQ00000142,Defensive Driving,L4,No,Mandatory
EQ00000142,Vehicle Inspection,L5,Yes,Preferred
EQ00000142,Hazardous Material Transport,L3,No,Preferred
EQ00000142,Journey Management,L3,Yes,Mandatory
EQ00000143,Instrumentation,L3,Yes,Preferred
EQ00000143,Control Systems,L3,Yes,Mandatory
EQ00000144,Lifting Operations,L5,Yes,Mandatory
EQ00000144,Lifting Gear Inspection,L3,Yes,Preferred
EQ00000144,Crane Operation,L3,Yes,Mandatory
EQ00000144,Line of Fire Awareness,L4,Yes,Preferred
EQ00000145,Line of Fire Awareness,L4,No,Mandatory
EQ00000145,Permit to Work,L4,Yes,Mandatory
EQ00000146,Process Isolation,L3,Yes,Preferred
EQ00000146,Permit to Work,L3,Yes,Preferred
EQ00000146,Process Operations,L5,Yes,Preferred
EQ00000146,Gas Testing,L5,Yes,Mandatory
EQ00000147,Pressure Systems Safety,L5,Yes,Mandatory
EQ00000147,Process Operations,L5,Yes,Preferred
EQ00000147,Gas Testing,L4,Yes,Preferred
EQ00000148,Well Control,L5,Yes,Mandatory
EQ00000148,LOTO,L4,Yes,Mandatory
EQ00000148,Rig Floor Safety,L3,No,Mandatory
EQ00000148,Drilling Operations,L4,Yes,Mandatory
EQ00000148,Line of Fire Awareness,L4,Yes,Mandatory
EQ00000149,Permit to Work,L3,Yes,Mandatory
EQ00000149,Emergency Response,L3,No,Preferred
EQ00000149,Fire Water Systems,L5,Yes,Preferred
EQ00000150,Welding Safety,L4,Yes,Preferred
EQ00000150,Hot Work,L5,Yes,Preferred
EQ00000150,Machine Tool Operation,L3,Yes,Preferred
EQ00000150,LOTO,L4,Yes,Mandatory
EQ00000150,Workshop Safety,L4,No,Preferred
EQ00000151,Vibration Monitoring,L3,No,Mandatory
EQ00000151,Pump Maintenance,L5,Yes,Mandatory
EQ00000152,Chemical Handling,L3,No,Mandatory
EQ00000152,Environmental Monitoring,L3,Yes,Mandatory
EQ00000152,Process Safety,L4,No,Mandatory
EQ00000152,Wastewater Operations,L3,Yes,Mandatory
EQ00000153,Motor Maintenance,L5,Yes,Mandatory
EQ00000153,Arc Flash Awareness,L3,No,Mandatory
EQ00000153,Electrical Isolation/LOTO,L4,Yes,Mandatory
EQ00000153,Switchgear Operation,L3,Yes,Mandatory
EQ00000154,Rig Floor Safety,L5,No,Preferred
EQ00000154,Well Control,L4,Yes,Mandatory
EQ00000154,Line of Fire Awareness,L4,No,Mandatory
EQ00000154,Permit to Work,L4,No,Mandatory
EQ00000155,LOTO,L3,Yes,Preferred
EQ00000155,Calibration,L4,No,Mandatory
EQ00000155,SIS/ESD,L5,Yes,Mandatory
EQ00000156,Gas Detection,L3,No,Preferred
EQ00000156,Fire Water Systems,L3,Yes,Mandatory
EQ00000156,Fire Fighting,L4,No,Preferred
EQ00000156,Emergency Response,L4,Yes,Preferred
EQ00000156,Permit to Work,L4,Yes,Mandatory
EQ00000157,Emergency Response,L4,No,Preferred
EQ00000157,Fire Water Systems,L4,Yes,Preferred
EQ00000158,Fire Water Systems,L4,Yes,Mandatory
EQ00000158,Fire Fighting,L3,Yes,Preferred
EQ00000159,Process Isolation,L3,Yes,Preferred
EQ00000159,Gas Testing,L4,Yes,Mandatory
EQ00000159,Process Operations,L4,Yes,Mandatory
EQ00000159,Pressure Systems Safety,L3,Yes,Preferred
EQ00000160,Permit to Work,L5,No,Mandatory
EQ00000160,Fire Water Systems,L3,No,Mandatory
EQ00000160,Fire Fighting,L5,Yes,Mandatory
EQ00000160,Emergency Response,L3,Yes,Mandatory
EQ00000160,Gas Detection,L4,No,Mandatory
EQ00000161,Rigging,L3,Yes,Preferred
EQ00000161,Crane Operation,L4,No,Mandatory
EQ00000161,Lifting Operations,L4,Yes,Preferred
EQ00000162,LOTO,L4,No,Mandatory
EQ00000162,Drilling Operations,L3,Yes,Mandatory
EQ00000162,Well Control,L3,No,Mandatory
EQ00000163,Fire Water Systems,L4,Yes,Preferred
EQ00000163,Emergency Response,L5,Yes,Mandatory
EQ00000163,Fire Fighting,L4,Yes,Preferred
EQ00000163,Gas Detection,L3,No,Mandatory
EQ00000163,Permit to Work,L3,Yes,Mandatory
EQ00000164,Electrical Safety,L3,No,Mandatory
EQ00000164,Arc Flash Awareness,L5,Yes,Mandatory
EQ00000164,Switchgear Operation,L4,Yes,Mandatory
EQ00000165,Electrical Safety,L5,No,Mandatory
EQ00000165,Electrical Isolation/LOTO,L5,Yes,Mandatory
EQ00000166,Control Systems,L4,Yes,Mandatory
EQ00000166,Instrumentation,L4,Yes,Mandatory
EQ00000166,LOTO,L5,Yes,Mandatory
EQ00000166,Calibration,L5,Yes,Mandatory
EQ00000167,Motor Maintenance,L4,Yes,Preferred
EQ00000167,Arc Flash Awareness,L3,Yes,Preferred
EQ00000167,Electrical Isolation/LOTO,L5,Yes,Preferred
EQ00000167,Electrical Safety,L4,Yes,Mandatory
EQ00000168,Lifting Gear Inspection,L5,No,Mandatory
EQ00000168,Rigging,L5,Yes,Mandatory
EQ00000168,Line of Fire Awareness,L4,Yes,Preferred
EQ00000168,Lifting Operations,L5,Yes,Preferred
EQ00000168,Crane Operation,L3,No,Preferred
EQ00000169,Pressure Testing,L5,Yes,Mandatory
EQ00000169,Permit to Work,L3,Yes,Mandatory
EQ00000169,Isolation/LOTO,L3,Yes,Mandatory
EQ00000169,Pipeline Operations,L4,Yes,Mandatory
EQ00000169,Valve Maintenance,L4,Yes,Mandatory
EQ00000170,Pressure Systems Safety,L5,Yes,Mandatory
EQ00000170,Process Operations,L5,No,Preferred
EQ00000170,Process Isolation,L5,Yes,Mandatory
EQ00000171,Process Isolation,L4,No,Mandatory
EQ00000171,Pressure Systems Safety,L3,Yes,Preferred
EQ00000171,Permit to Work,L3,No,Preferred
EQ00000172,Electrical Safety,L5,Yes,Mandatory
EQ00000172,Switchgear Operation,L5,Yes,Mandatory
EQ00000172,Arc Flash Awareness,L3,No,Preferred
EQ00000172,Electrical Isolation/LOTO,L3,Yes,Preferred
EQ00000172,Motor Maintenance,L5,No,Preferred
EQ00000173,LOTO,L3,No,Mandatory
EQ00000173,Line of Fire Awareness,L4,Yes,Mandatory
EQ00000173,Well Control,L4,Yes,Mandatory
EQ00000173,Permit to Work,L5,Yes,Mandatory
EQ00000174,Motor Maintenance,L3,No,Mandatory
EQ00000174,Arc Flash Awareness,L4,No,Mandatory
EQ00000174,Electrical Safety,L3,Yes,Mandatory
EQ00000174,Switchgear Operation,L5,Yes,Mandatory
EQ00000174,Electrical Isolation/LOTO,L5,No,Mandatory
EQ00000175,Well Control,L5,No,Preferred
EQ00000175,LOTO,L5,No,Mandatory
EQ00000175,Rig Floor Safety,L3,Yes,Preferred
EQ00000175,Permit to Work,L4,Yes,Mandatory
EQ00000176,Motor Maintenance,L4,No,Mandatory
EQ00000176,Switchgear Operation,L4,Yes,Mandatory
EQ00000176,Arc Flash Awareness,L5,Yes,Mandatory
EQ00000177,Process Operations,L3,No,Mandatory
EQ00000177,Pressure Systems Safety,L3,No,Mandatory
EQ00000177,Gas Testing,L5,No,Preferred
EQ00000177,Permit to Work,L3,Yes,Mandatory
EQ00000177,Process Isolation,L5,No,Mandatory
EQ00000178,Arc Flash Awareness,L5,Yes,Mandatory
EQ00000178,Electrical Safety,L4,No,Preferred
EQ00000178,Electrical Isolation/LOTO,L5,Yes,Mandatory
EQ00000178,Motor Maintenance,L5,Yes,Mandatory
EQ00000179,LOTO,L4,Yes,Mandatory
EQ00000179,Hot Work,L4,No,Mandatory
EQ00000179,Welding Safety,L4,Yes,Mandatory
EQ00000179,Workshop Safety,L3,No,Mandatory
EQ00000180,Wastewater Operations,L4,Yes,Mandatory
EQ00000180,Chemical Handling,L5,No,Mandatory
EQ00000181,Workshop Safety,L3,Yes,Mandatory
EQ00000181,Welding Safety,L3,No,Mandatory
EQ00000181,Machine Tool Operation,L5,Yes,Preferred
EQ00000181,LOTO,L5,Yes,Mandatory
EQ00000182,Arc Flash Awareness,L3,Yes,Mandatory
EQ00000182,Electrical Isolation/LOTO,L3,Yes,Mandatory
EQ00000182,Electrical Safety,L5,No,Mandatory
EQ00000182,Motor Maintenance,L4,Yes,Mandatory
EQ00000182,Switchgear Operation,L5,Yes,Mandatory
EQ00000183,LOTO,L4,No,Mandatory
EQ00000183,Drilling Operations,L3,Yes,Mandatory
EQ00000183,Line of Fire Awareness,L4,Yes,Mandatory
EQ00000183,Rig Floor Safety,L5,Yes,Preferred
EQ00000183,Well Control,L4,No,Preferred
EQ00000184,Arc Flash Awareness,L4,No,Mandatory
EQ00000184,Electrical Safety,L5,Yes,Preferred
EQ00000184,Motor Maintenance,L3,No,Mandatory
EQ00000185,Calibration,L3,No,Preferred
EQ00000185,Control Systems,L4,No,Mandatory
EQ00000186,Rig Floor Safety,L3,Yes,Mandatory
EQ00000186,Well Control,L4,No,Mandatory
EQ00000186,Permit to Work,L5,No,Mandatory
EQ00000186,Line of Fire Awareness,L3,Yes,Mandatory
EQ00000186,LOTO,L5,No,Mandatory
EQ00000187,Process Isolation,L5,Yes,Mandatory
EQ00000187,Gas Testing,L5,Yes,Preferred
EQ00000187,Process Operations,L3,No,Preferred
EQ00000187,Pressure Systems Safety,L5,No,Preferred
EQ00000188,Instrumentation,L3,No,Mandatory
EQ00000188,Control Systems,L5,Yes,Preferred
EQ00000189,Environmental Monitoring,L5,No,Preferred
EQ00000189,Process Safety,L5,No,Preferred
EQ00000189,Chemical Handling,L4,Yes,Mandatory
EQ00000189,Wastewater Operations,L3,Yes,Preferred
EQ00000190,Gas Detection,L4,No,Mandatory
EQ00000190,Permit to Work,L5,Yes,Preferred
EQ00000190,Fire Fighting,L3,No,Mandatory
EQ00000190,Fire Water Systems,L4,Yes,Mandatory
EQ00000190,Emergency Response,L5,Yes,Mandatory
EQ00000191,Pipeline Operations,L3,Yes,Preferred
EQ00000191,Permit to Work,L4,Yes,Mandatory
EQ00000191,Pressure Testing,L4,Yes,Preferred
EQ00000191,Valve Maintenance,L5,Yes,Mandatory
EQ00000191,Isolation/LOTO,L5,Yes,Mandatory
EQ00000192,Pressure Systems Safety,L5,Yes,Mandatory
EQ00000192,Process Operations,L5,No,Mandatory
EQ00000193,Pipeline Operations,L4,Yes,Mandatory
EQ00000193,Permit to Work,L3,Yes,Mandatory
EQ00000193,Isolation/LOTO,L5,Yes,Preferred
EQ00000193,Pressure Testing,L4,Yes,Preferred
EQ00000194,Rotating Equipment,L3,No,Preferred
EQ00000194,Alignment,L3,Yes,Mandatory
EQ00000194,LOTO,L4,Yes,Preferred
EQ00000195,Isolation/LOTO,L5,No,Mandatory
EQ00000195,Pressure Testing,L3,Yes,Preferred
EQ00000195,Permit to Work,L5,Yes,Mandatory
EQ00000195,Pipeline Operations,L4,No,Mandatory
EQ00000196,Isolation/LOTO,L5,Yes,Preferred
EQ00000196,Hydrotest Safety,L5,Yes,Mandatory
EQ00000196,Mechanical Inspection,L5,Yes,Mandatory
EQ00000197,Emergency Response,L3,Yes,Preferred
EQ00000197,Gas Detection,L5,Yes,Mandatory
EQ00000197,Permit to Work,L3,No,Preferred
EQ00000198,Line of Fire Awareness,L4,Yes,Preferred
EQ00000198,Permit to Work,L3,No,Mandatory
EQ00000198,LOTO,L4,No,Mandatory
EQ00000198,Drilling Operations,L4,Yes,Preferred
EQ00000199,Line of Fire Awareness,L3,Yes,Mandatory
EQ00000199,Drilling Operations,L5,No,Mandatory
EQ00000200,Rotating Equipment,L4,No,Mandatory
EQ00000200,LOTO,L3,Yes,Mandatory
EQ00000200,Vibration Monitoring,L3,No,Preferred
EQ00000200,Alignment,L5,Yes,Mandatory
EQ00000200,Lubrication,L4,No,Preferred
EQ00000201,Pump Maintenance,L3,Yes,Preferred
EQ00000201,LOTO,L4,Yes,Preferred
EQ00000201,Rotating Equipment,L4,Yes,Preferred
EQ00000202,Gas Testing,L4,Yes,Mandatory
EQ00000202,Process Isolation,L4,No,Mandatory
EQ00000202,Permit to Work,L4,Yes,Mandatory
EQ00000202,Pressure Systems Safety,L5,Yes,Mandatory
EQ00000202,Process Operations,L4,Yes,Mandatory
EQ00000203,Fire Water Systems,L5,Yes,Mandatory
EQ00000203,Emergency Response,L3,Yes,Mandatory
EQ00000203,Gas Detection,L3,Yes,Preferred
EQ00000204,Pipeline Operations,L4,No,Mandatory
EQ00000204,Valve Maintenance,L3,Yes,Mandatory
EQ00000204,Pressure Testing,L3,No,Preferred
EQ00000205,SIS/ESD,L3,Yes,Mandatory
EQ00000205,Control Systems,L4,No,Mandatory
EQ00000205,LOTO,L3,Yes,Mandatory
EQ00000205,Calibration,L5,Yes,Mandatory
EQ00000205,Instrumentation,L4,Yes,Mandatory
EQ00000206,Machine Tool Operation,L3,Yes,Preferred
EQ00000206,Workshop Safety,L5,Yes,Mandatory
EQ00000206,Hot Work,L4,No,Mandatory
EQ00000207,Arc Flash Awareness,L5,No,Mandatory
EQ00000207,Electrical Isolation/LOTO,L3,Yes,Preferred
EQ00000207,Motor Maintenance,L4,No,Mandatory
EQ00000207,Electrical Safety,L4,No,Mandatory
EQ00000207,Switchgear Operation,L3,Yes,Preferred
EQ00000208,Well Control,L4,Yes,Preferred
EQ00000208,Line of Fire Awareness,L5,Yes,Mandatory
EQ00000209,Drilling Operations,L3,Yes,Preferred
EQ00000209,LOTO,L5,Yes,Mandatory
EQ00000209,Rig Floor Safety,L4,Yes,Mandatory
EQ00000210,Drilling Operations,L3,No,Preferred
EQ00000210,Well Control,L3,Yes,Preferred
EQ00000210,LOTO,L4,Yes,Preferred
EQ00000211,Line of Fire Awareness,L4,No,Preferred
EQ00000211,Drilling Operations,L3,No,Mandatory
EQ00000211,Well Control,L3,Yes,Mandatory
EQ00000211,LOTO,L4,Yes,Mandatory
EQ00000212,Pressure Systems Safety,L3,Yes,Mandatory
EQ00000212,Permit to Work,L4,Yes,Preferred
EQ00000212,Gas Testing,L4,Yes,Preferred
EQ00000212,Process Operations,L3,No,Mandatory
EQ00000212,Process Isolation,L4,Yes,Mandatory
EQ00000213,Fire Fighting,L3,No,Mandatory
EQ00000213,Permit to Work,L5,Yes,Mandatory
EQ00000213,Emergency Response,L3,Yes,Mandatory
EQ00000213,Gas Detection,L4,Yes,Preferred
EQ00000213,Fire Water Systems,L3,Yes,Preferred
EQ00000214,Pipeline Operations,L5,No,Preferred
EQ00000214,Valve Maintenance,L5,Yes,Mandatory
EQ00000214,Isolation/LOTO,L5,No,Preferred
EQ00000214,Permit to Work,L4,No,Preferred
EQ00000214,Pressure Testing,L4,Yes,Mandatory
EQ00000215,Hot Work,L5,Yes,Preferred
EQ00000215,Welding Safety,L5,No,Mandatory
EQ00000215,Workshop Safety,L5,No,Mandatory
EQ00000216,Fire Fighting,L3,Yes,Preferred
EQ00000216,Emergency Response,L5,No,Mandatory
EQ00000216,Permit to Work,L3,Yes,Mandatory
EQ00000216,Fire Water Systems,L5,Yes,Mandatory
EQ00000216,Gas Detection,L5,Yes,Mandatory
EQ00000217,Pressure Vessel Safety,L4,Yes,Mandatory
EQ00000217,Permit to Work,L4,Yes,Preferred
EQ00000217,Isolation/LOTO,L5,Yes,Mandatory
EQ00000217,Hydrotest Safety,L3,No,Mandatory
EQ00000217,Mechanical Inspection,L3,No,Mandatory
EQ00000218,Line of Fire Awareness,L5,Yes,Mandatory
EQ00000218,Drilling Operations,L3,No,Mandatory
EQ00000218,LOTO,L5,No,Mandatory
EQ00000218,Well Control,L5,No,Mandatory
EQ00000219,Process Safety,L5,No,Mandatory
EQ00000219,Chemical Handling,L5,Yes,Mandatory
EQ00000219,Environmental Monitoring,L3,Yes,Mandatory
EQ00000219,Wastewater Operations,L5,Yes,Mandatory
EQ00000220,Calibration,L4,Yes,Preferred
EQ00000220,Control Systems,L3,No,Mandatory
EQ00000220,LOTO,L3,Yes,Mandatory
EQ00000221,Rig Floor Safety,L4,Yes,Mandatory
EQ00000221,Well Control,L4,No,Mandatory
EQ00000221,Line of Fire Awareness,L3,Yes,Preferred
EQ00000221,LOTO,L4,No,Mandatory
EQ00000222,LOTO,L4,Yes,Mandatory
EQ00000222,Line of Fire Awareness,L5,Yes,Preferred
EQ00000222,Drilling Operations,L5,No,Preferred
EQ00000222,Rig Floor Safety,L5,Yes,Mandatory
EQ00000223,SIS/ESD,L5,Yes,Preferred
EQ00000223,Control Systems,L3,No,Preferred
EQ00000223,Instrumentation,L5,No,Mandatory
EQ00000223,Calibration,L5,Yes,Mandatory
EQ00000224,Machine Tool Operation,L5,Yes,Mandatory
EQ00000224,Workshop Safety,L4,Yes,Mandatory
EQ00000225,Valve Maintenance,L4,Yes,Preferred
EQ00000225,Isolation/LOTO,L3,No,Mandatory
EQ00000225,Permit to Work,L5,No,Mandatory
EQ00000225,Pressure Testing,L4,No,Mandatory
EQ00000225,Pipeline Operations,L5,No,Mandatory
EQ00000226,Pressure Testing,L5,No,Mandatory
EQ00000226,Valve Maintenance,L5,No,Mandatory
EQ00000226,Pipeline Operations,L5,No,Mandatory
EQ00000226,Permit to Work,L4,No,Mandatory
EQ00000226,Isolation/LOTO,L5,No,Mandatory
EQ00000227,Isolation/LOTO,L3,Yes,Mandatory
EQ00000227,Permit to Work,L3,Yes,Preferred
EQ00000227,Hydrotest Safety,L5,Yes,Preferred
EQ00000227,Mechanical Inspection,L5,No,Mandatory
EQ00000227,Pressure Vessel Safety,L4,No,Mandatory
EQ00000228,Defensive Driving,L5,No,Mandatory
EQ00000228,Journey Management,L5,Yes,Mandatory
EQ00000228,Hazardous Material Transport,L3,Yes,Preferred
EQ00000228,Vehicle Inspection,L3,No,Mandatory
EQ00000229,Wastewater Operations,L3,Yes,Mandatory
EQ00000229,Chemical Handling,L3,Yes,Mandatory
EQ00000230,Line of Fire Awareness,L5,Yes,Preferred
EQ00000230,Well Control,L5,Yes,Mandatory
EQ00000230,Rig Floor Safety,L4,No,Mandatory
EQ00000230,LOTO,L4,Yes,Preferred
EQ00000231,Emergency Response,L5,No,Mandatory
EQ00000231,Fire Water Systems,L3,Yes,Preferred
EQ00000232,Drilling Operations,L5,Yes,Mandatory
EQ00000232,Rig Floor Safety,L3,Yes,Mandatory
EQ00000232,Well Control,L4,Yes,Mandatory
EQ00000232,Permit to Work,L4,Yes,Preferred
EQ00000233,Defensive Driving,L5,Yes,Mandatory
EQ00000233,Vehicle Inspection,L5,Yes,Mandatory
EQ00000233,Journey Management,L3,No,Preferred
EQ00000233,Hazardous Material Transport,L5,No,Mandatory
EQ00000234,Alignment,L4,Yes,Mandatory
EQ00000234,LOTO,L3,No,Preferred
EQ00000235,Permit to Work,L3,Yes,Preferred
EQ00000235,Process Operations,L4,Yes,Mandatory
EQ00000235,Pressure Systems Safety,L4,Yes,Mandatory
EQ00000236,Electrical Safety,L5,No,Mandatory
EQ00000236,Motor Maintenance,L4,Yes,Preferred
EQ00000236,Electrical Isolation/LOTO,L4,Yes,Mandatory
EQ00000236,Switchgear Operation,L3,Yes,Mandatory
EQ00000237,Control Systems,L5,No,Mandatory
EQ00000237,Calibration,L4,No,Mandatory
EQ00000238,Emergency Response,L4,Yes,Mandatory
EQ00000238,Permit to Work,L5,Yes,Mandatory
EQ00000238,Gas Detection,L4,Yes,Mandatory
EQ00000238,Fire Water Systems,L5,Yes,Mandatory
EQ00000239,Permit to Work,L3,Yes,Mandatory
EQ00000239,Fire Water Systems,L3,Yes,Preferred
EQ00000239,Fire Fighting,L5,Yes,Preferred
EQ00000239,Emergency Response,L5,No,Mandatory
EQ00000240,Pressure Vessel Safety,L5,Yes,Mandatory
EQ00000240,Isolation/LOTO,L4,Yes,Preferred
EQ00000240,Mechanical Inspection,L3,No,Preferred
EQ00000240,Hydrotest Safety,L3,No,Mandatory
EQ00000240,Permit to Work,L4,No,Preferred
EQ00000241,Electrical Isolation/LOTO,L3,Yes,Mandatory
EQ00000241,Arc Flash Awareness,L3,Yes,Mandatory
EQ00000242,Rig Floor Safety,L5,No,Mandatory
EQ00000242,Well Control,L4,No,Preferred
EQ00000243,Pressure Systems Safety,L3,Yes,Mandatory
EQ00000243,Permit to Work,L4,Yes,Mandatory
EQ00000243,Process Isolation,L4,No,Mandatory
EQ00000244,Electrical Safety,L5,No,Mandatory
EQ00000244,Arc Flash Awareness,L5,Yes,Mandatory
EQ00000245,Lifting Operations,L4,Yes,Preferred
EQ00000245,Rigging,L4,Yes,Preferred
EQ00000245,Lifting Gear Inspection,L4,No,Preferred
EQ00000246,LOTO,L5,No,Preferred
EQ00000246,Lubrication,L4,Yes,Mandatory
EQ00000246,Pump Maintenance,L4,No,Preferred
EQ00000247,Alignment,L5,No,Preferred
EQ00000247,LOTO,L5,Yes,Preferred
EQ00000247,Lubrication,L3,Yes,Preferred
EQ00000247,Pump Maintenance,L4,Yes,Mandatory
EQ00000247,Vibration Monitoring,L5,Yes,Mandatory
EQ00000248,Well Control,L3,No,Preferred
EQ00000248,Line of Fire Awareness,L3,Yes,Mandatory
EQ00000248,Permit to Work,L5,No,Mandatory
EQ00000248,Drilling Operations,L3,No,Preferred
EQ00000248,Rig Floor Safety,L5,Yes,Preferred
EQ00000249,Rig Floor Safety,L3,Yes,Preferred
EQ00000249,Drilling Operations,L3,Yes,Mandatory
EQ00000250,Welding Safety,L4,No,Mandatory
EQ00000250,LOTO,L4,Yes,Mandatory
EQ00000251,Arc Flash Awareness,L3,Yes,Mandatory
EQ00000251,Motor Maintenance,L4,Yes,Mandatory
EQ00000252,LOTO,L5,Yes,Mandatory
EQ00000252,Rotating Equipment,L5,No,Preferred
EQ00000253,Hydrotest Safety,L4,Yes,Mandatory
EQ00000253,Pressure Vessel Safety,L3,Yes,Preferred
EQ00000253,Mechanical Inspection,L4,Yes,Mandatory
EQ00000253,Isolation/LOTO,L3,No,Mandatory
EQ00000254,Journey Management,L5,Yes,Preferred
EQ00000254,Hazardous Material Transport,L3,No,Mandatory
EQ00000254,Vehicle Inspection,L5,No,Mandatory
EQ00000254,Defensive Driving,L3,No,Mandatory
EQ00000255,Well Control,L3,Yes,Mandatory
EQ00000255,LOTO,L3,Yes,Mandatory
EQ00000255,Drilling Operations,L5,Yes,Preferred
EQ00000255,Line of Fire Awareness,L4,Yes,Mandatory
EQ00000255,Rig Floor Safety,L4,No,Mandatory
EQ00000256,Permit to Work,L4,Yes,Preferred
EQ00000256,Hydrotest Safety,L5,No,Preferred
EQ00000256,Pressure Vessel Safety,L4,Yes,Preferred
EQ00000256,Isolation/LOTO,L5,Yes,Mandatory
EQ00000256,Mechanical Inspection,L5,No,Preferred
EQ00000257,Isolation/LOTO,L4,Yes,Mandatory
EQ00000257,Mechanical Inspection,L3,No,Preferred
EQ00000257,Permit to Work,L3,Yes,Mandatory
EQ00000258,Permit to Work,L5,Yes,Mandatory
EQ00000258,Pressure Vessel Safety,L3,Yes,Preferred
EQ00000258,Isolation/LOTO,L5,Yes,Mandatory
EQ00000258,Hydrotest Safety,L5,Yes,Mandatory
EQ00000258,Mechanical Inspection,L5,Yes,Mandatory
EQ00000259,Rig Floor Safety,L4,Yes,Preferred
EQ00000259,Permit to Work,L4,Yes,Mandatory
EQ00000259,Line of Fire Awareness,L3,Yes,Mandatory
EQ00000260,Pressure Vessel Safety,L3,No,Mandatory
EQ00000260,Mechanical Inspection,L4,Yes,Mandatory
EQ00000260,Hydrotest Safety,L3,Yes,Mandatory
EQ00000260,Permit to Work,L4,Yes,Mandatory
EQ00000260,Isolation/LOTO,L5,No,Mandatory
EQ00000261,Mechanical Inspection,L3,Yes,Mandatory
EQ00000261,Isolation/LOTO,L5,Yes,Preferred
EQ00000261,Pressure Vessel Safety,L4,Yes,Mandatory
EQ00000261,Hydrotest Safety,L5,No,Mandatory
EQ00000262,Rig Floor Safety,L3,Yes,Preferred
EQ00000262,Well Control,L3,Yes,Mandatory
EQ00000263,Permit to Work,L3,Yes,Mandatory
EQ00000263,Drilling Operations,L5,No,Mandatory
EQ00000263,LOTO,L3,No,Preferred
EQ00000263,Well Control,L4,Yes,Mandatory
EQ00000264,Lifting Gear Inspection,L5,Yes,Mandatory
EQ00000264,Crane Operation,L5,Yes,Mandatory
EQ00000264,Lifting Operations,L3,Yes,Preferred
EQ00000265,Rotating Equipment,L4,Yes,Mandatory
EQ00000265,Vibration Monitoring,L3,No,Preferred
EQ00000265,LOTO,L3,Yes,Mandatory
EQ00000265,Pump Maintenance,L3,Yes,Mandatory
EQ00000266,Journey Management,L3,No,Mandatory
EQ00000266,Defensive Driving,L5,No,Preferred
EQ00000266,Hazardous Material Transport,L3,Yes,Mandatory
EQ00000266,Vehicle Inspection,L3,Yes,Mandatory
EQ00000267,Fire Water Systems,L4,No,Preferred
EQ00000267,Gas Detection,L3,Yes,Mandatory
EQ00000267,Fire Fighting,L5,Yes,Mandatory
EQ00000267,Permit to Work,L5,Yes,Mandatory
EQ00000268,Control Systems,L4,No,Preferred
EQ00000268,Instrumentation,L3,Yes,Mandatory
EQ00000268,SIS/ESD,L3,Yes,Mandatory
EQ00000269,Permit to Work,L3,Yes,Preferred
EQ00000269,Mechanical Inspection,L5,Yes,Mandatory
EQ00000269,Isolation/LOTO,L3,No,Preferred
EQ00000270,Permit to Work,L3,Yes,Preferred
EQ00000270,Hydrotest Safety,L5,Yes,Mandatory
EQ00000270,Isolation/LOTO,L5,Yes,Mandatory
EQ00000270,Pressure Vessel Safety,L5,Yes,Mandatory
EQ00000271,Pressure Systems Safety,L3,Yes,Preferred
EQ00000271,Gas Testing,L4,Yes,Preferred
EQ00000271,Process Operations,L4,No,Mandatory
EQ00000271,Process Isolation,L5,Yes,Mandatory
EQ00000272,Lifting Operations,L4,No,Mandatory
EQ00000272,Crane Operation,L4,Yes,Mandatory
EQ00000272,Lifting Gear Inspection,L4,Yes,Mandatory
EQ00000272,Rigging,L5,Yes,Mandatory
EQ00000272,Line of Fire Awareness,L5,Yes,Mandatory
EQ00000273,Permit to Work,L5,No,Mandatory
EQ00000273,Process Isolation,L4,Yes,Mandatory
EQ00000274,Isolation/LOTO,L5,Yes,Preferred
EQ00000274,Hydrotest Safety,L4,No,Mandatory
EQ00000274,Pressure Vessel Safety,L5,Yes,Mandatory
EQ00000274,Mechanical Inspection,L4,Yes,Preferred
EQ00000274,Permit to Work,L3,Yes,Mandatory
EQ00000275,Rigging,L3,No,Mandatory
EQ00000275,Crane Operation,L3,Yes,Mandatory
EQ00000275,Lifting Operations,L4,No,Preferred
EQ00000275,Line of Fire Awareness,L4,No,Mandatory
EQ00000276,Rigging,L5,Yes,Mandatory
EQ00000276,Line of Fire Awareness,L4,Yes,Mandatory
EQ00000276,Crane Operation,L3,Yes,Mandatory
EQ00000276,Lifting Operations,L5,No,Preferred
EQ00000276,Lifting Gear Inspection,L3,Yes,Mandatory
EQ00000277,Pressure Systems Safety,L4,Yes,Preferred
EQ00000277,Gas Testing,L3,No,Mandatory
EQ00000277,Permit to Work,L4,No,Mandatory
EQ00000278,Rig Floor Safety,L4,No,Preferred
EQ00000278,Drilling Operations,L4,Yes,Mandatory
EQ00000278,Well Control,L5,Yes,Preferred
EQ00000278,LOTO,L5,Yes,Mandatory
EQ00000278,Permit to Work,L5,No,Mandatory
EQ00000279,Motor Maintenance,L4,No,Preferred
EQ00000279,Arc Flash Awareness,L3,Yes,Mandatory
EQ00000280,Valve Maintenance,L4,No,Mandatory
EQ00000280,Permit to Work,L3,Yes,Preferred
EQ00000280,Pressure Testing,L5,Yes,Mandatory
EQ00000280,Pipeline Operations,L3,No,Mandatory
EQ00000281,Well Control,L4,No,Mandatory
EQ00000281,Drilling Operations,L4,No,Mandatory
EQ00000281,Rig Floor Safety,L3,No,Mandatory
EQ00000281,Permit to Work,L5,Yes,Preferred
EQ00000281,LOTO,L5,Yes,Mandatory
EQ00000282,Process Isolation,L4,Yes,Preferred
EQ00000282,Process Operations,L3,No,Mandatory
EQ00000283,Fire Fighting,L5,Yes,Mandatory
EQ00000283,Gas Detection,L3,Yes,Preferred
EQ00000283,Emergency Response,L4,Yes,Mandatory
EQ00000283,Permit to Work,L4,No,Mandatory
EQ00000283,Fire Water Systems,L3,Yes,Mandatory
EQ00000284,Fire Water Systems,L4,Yes,Mandatory
EQ00000284,Emergency Response,L5,Yes,Mandatory
EQ00000284,Permit to Work,L5,Yes,Preferred
EQ00000285,Drilling Operations,L3,No,Preferred
EQ00000285,Rig Floor Safety,L4,Yes,Mandatory
EQ00000285,Well Control,L3,Yes,Mandatory
EQ00000286,Rotating Equipment,L5,Yes,Mandatory
EQ00000286,Vibration Monitoring,L4,No,Preferred
EQ00000286,Alignment,L4,No,Preferred
EQ00000286,Pump Maintenance,L5,No,Mandatory
EQ00000287,Chemical Handling,L5,No,Preferred
EQ00000287,Process Safety,L3,Yes,Preferred
EQ00000287,Environmental Monitoring,L5,Yes,Mandatory
EQ00000288,Gas Detection,L4,No,Mandatory
EQ00000288,Emergency Response,L4,No,Mandatory
EQ00000289,Control Systems,L5,Yes,Mandatory
EQ00000289,Instrumentation,L3,Yes,Mandatory
EQ00000290,Lifting Operations,L3,Yes,Mandatory
EQ00000290,Crane Operation,L5,No,Preferred
EQ00000290,Line of Fire Awareness,L5,No,Preferred
EQ00000290,Lifting Gear Inspection,L4,No,Mandatory
EQ00000291,Emergency Response,L3,No,Mandatory
EQ00000291,Fire Water Systems,L3,Yes,Preferred
EQ00000291,Fire Fighting,L3,No,Mandatory
EQ00000291,Permit to Work,L5,No,Mandatory
EQ00000292,Vehicle Inspection,L5,No,Mandatory
EQ00000292,Hazardous Material Transport,L3,No,Mandatory
EQ00000292,Journey Management,L3,Yes,Mandatory
EQ00000293,Permit to Work,L4,Yes,Preferred
EQ00000293,Pressure Vessel Safety,L3,No,Mandatory
EQ00000293,Mechanical Inspection,L3,No,Mandatory
EQ00000294,Permit to Work,L5,Yes,Mandatory
EQ00000294,Line of Fire Awareness,L4,Yes,Mandatory
EQ00000295,Process Isolation,L3,Yes,Preferred
EQ00000295,Pressure Systems Safety,L3,Yes,Mandatory
EQ00000295,Process Operations,L5,Yes,Mandatory
EQ00000296,Well Control,L4,Yes,Preferred
EQ00000296,Permit to Work,L5,No,Preferred
EQ00000296,Rig Floor Safety,L5,Yes,Mandatory
EQ00000296,Line of Fire Awareness,L4,Yes,Preferred
EQ00000297,Workshop Safety,L4,Yes,Mandatory
EQ00000297,Welding Safety,L5,Yes,Mandatory
EQ00000297,LOTO,L5,Yes,Mandatory
EQ00000298,Rigging,L4,No,Mandatory
EQ00000298,Lifting Gear Inspection,L5,Yes,Mandatory
EQ00000299,Welding Safety,L4,Yes,Mandatory
EQ00000299,Hot Work,L5,No,Preferred
EQ00000299,LOTO,L3,No,Mandatory
EQ00000299,Workshop Safety,L5,Yes,Mandatory
EQ00000300,Lifting Operations,L5,Yes,Mandatory
EQ00000300,Line of Fire Awareness,L4,Yes,Mandatory
EQ00000300,Lifting Gear Inspection,L4,Yes,Preferred
EQ00000301,Gas Testing,L3,Yes,Preferred
EQ00000301,Process Operations,L5,Yes,Mandatory
EQ00000301,Pressure Systems Safety,L4,Yes,Mandatory
EQ00000301,Process Isolation,L5,Yes,Mandatory
EQ00000301,Permit to Work,L5,Yes,Mandatory
EQ00000302,Pressure Vessel Safety,L3,Yes,Mandatory
EQ00000302,Hydrotest Safety,L5,Yes,Mandatory
EQ00000302,Permit to Work,L4,Yes,Mandatory
EQ00000303,Pressure Testing,L4,Yes,Preferred
EQ00000303,Isolation/LOTO,L5,Yes,Mandatory
EQ00000303,Permit to Work,L4,No,Mandatory
EQ00000304,Machine Tool Operation,L5,No,Mandatory
EQ00000304,LOTO,L4,Yes,Mandatory
EQ00000304,Welding Safety,L5,No,Mandatory
EQ00000304,Hot Work,L5,Yes,Mandatory
EQ00000305,Drilling Operations,L4,Yes,Mandatory
EQ00000305,Rig Floor Safety,L4,Yes,Mandatory
EQ00000305,Well Control,L5,No,Mandatory
EQ00000306,Mechanical Inspection,L3,No,Preferred
EQ00000306,Hydrotest Safety,L3,Yes,Mandatory
EQ00000306,Pressure Vessel Safety,L3,Yes,Mandatory
EQ00000306,Permit to Work,L3,Yes,Mandatory
EQ00000306,Isolation/LOTO,L4,No,Mandatory
EQ00000307,Line of Fire Awareness,L4,No,Mandatory
EQ00000307,Rig Floor Safety,L5,Yes,Preferred
EQ00000307,Well Control,L5,No,Mandatory
EQ00000307,Drilling Operations,L4,Yes,Preferred
EQ00000307,LOTO,L3,Yes,Mandatory
EQ00000308,SIS/ESD,L4,Yes,Preferred
EQ00000308,Calibration,L3,No,Mandatory
EQ00000308,LOTO,L3,Yes,Mandatory
EQ00000308,Instrumentation,L3,Yes,Preferred
EQ00000308,Control Systems,L3,Yes,Preferred
EQ00000309,LOTO,L3,Yes,Mandatory
EQ00000309,Vibration Monitoring,L4,Yes,Mandatory
EQ00000309,Lubrication,L3,Yes,Preferred
EQ00000310,Alignment,L4,Yes,Preferred
EQ00000310,Pump Maintenance,L4,Yes,Mandatory
EQ00000310,Vibration Monitoring,L5,Yes,Mandatory
EQ00000311,Pressure Systems Safety,L3,Yes,Mandatory
EQ00000311,Process Isolation,L4,Yes,Mandatory
EQ00000311,Permit to Work,L3,No,Preferred
EQ00000311,Gas Testing,L5,Yes,Mandatory
EQ00000312,Valve Maintenance,L3,Yes,Preferred
EQ00000312,Isolation/LOTO,L4,Yes,Preferred
EQ00000312,Pressure Testing,L4,No,Mandatory
EQ00000312,Pipeline Operations,L3,Yes,Mandatory
EQ00000313,Vehicle Inspection,L5,Yes,Mandatory
EQ00000313,Defensive Driving,L3,Yes,Mandatory
EQ00000314,Process Safety,L4,No,Mandatory
EQ00000314,Chemical Handling,L5,Yes,Mandatory
EQ00000314,Wastewater Operations,L4,Yes,Mandatory
EQ00000315,Rotating Equipment,L4,Yes,Mandatory
EQ00000315,Pump Maintenance,L5,Yes,Mandatory
EQ00000315,Alignment,L4,Yes,Preferred
EQ00000316,Process Operations,L3,Yes,Mandatory
EQ00000316,Permit to Work,L5,Yes,Preferred
EQ00000316,Process Isolation,L4,Yes,Mandatory
EQ00000316,Pressure Systems Safety,L5,Yes,Preferred
EQ00000316,Gas Testing,L4,Yes,Mandatory
EQ00000317,Pressure Testing,L4,Yes,Mandatory
EQ00000317,Pipeline Operations,L3,Yes,Mandatory
EQ00000317,Permit to Work,L4,Yes,Mandatory
EQ00000317,Valve Maintenance,L4,Yes,Preferred
EQ00000317,Isolation/LOTO,L3,Yes,Mandatory
EQ00000318,Rig Floor Safety,L3,Yes,Preferred
EQ00000318,Line of Fire Awareness,L5,No,Mandatory
EQ00000319,Crane Operation,L4,No,Preferred
EQ00000319,Lifting Operations,L4,Yes,Mandatory
EQ00000319,Line of Fire Awareness,L3,Yes,Mandatory
EQ00000320,Gas Testing,L4,No,Mandatory
EQ00000320,Process Operations,L4,No,Mandatory
EQ00000320,Pressure Systems Safety,L3,Yes,Mandatory
EQ00000320,Process Isolation,L5,Yes,Mandatory
EQ00000320,Permit to Work,L3,No,Preferred
EQ00000321,Chemical Handling,L5,Yes,Mandatory
EQ00000321,Process Safety,L4,No,Mandatory
EQ00000322,Pressure Testing,L3,No,Mandatory
EQ00000322,Isolation/LOTO,L4,Yes,Mandatory
EQ00000323,Process Operations,L5,Yes,Preferred
EQ00000323,Process Isolation,L3,No,Mandatory
EQ00000323,Permit to Work,L5,Yes,Preferred
EQ00000323,Gas Testing,L4,Yes,Mandatory
EQ00000323,Pressure Systems Safety,L3,Yes,Preferred
EQ00000324,Electrical Isolation/LOTO,L3,No,Preferred
EQ00000324,Arc Flash Awareness,L5,Yes,Preferred
EQ00000324,Motor Maintenance,L4,No,Mandatory
EQ00000324,Electrical Safety,L4,No,Preferred
EQ00000325,Hot Work,L4,Yes,Preferred
EQ00000325,LOTO,L5,Yes,Preferred
EQ00000325,Welding Safety,L4,No,Mandatory
EQ00000325,Workshop Safety,L4,Yes,Mandatory
EQ00000326,Electrical Isolation/LOTO,L4,No,Mandatory
EQ00000326,Arc Flash Awareness,L5,Yes,Mandatory
EQ00000326,Switchgear Operation,L5,Yes,Preferred
EQ00000327,Pressure Testing,L4,Yes,Mandatory
EQ00000327,Valve Maintenance,L4,Yes,Preferred
EQ00000328,Lifting Operations,L5,Yes,Mandatory
EQ00000328,Lifting Gear Inspection,L4,No,Mandatory
EQ00000329,Journey Management,L4,No,Mandatory
EQ00000329,Vehicle Inspection,L3,Yes,Mandatory
EQ00000329,Defensive Driving,L3,Yes,Mandatory
EQ00000329,Hazardous Material Transport,L5,Yes,Preferred
EQ00000330,Process Isolation,L5,Yes,Preferred
EQ00000330,Gas Testing,L4,Yes,Mandatory
EQ00000330,Permit to Work,L4,Yes,Preferred
EQ00000331,Pressure Vessel Safety,L4,Yes,Mandatory
EQ00000331,Permit to Work,L3,No,Preferred
EQ00000331,Isolation/LOTO,L5,Yes,Preferred
EQ00000331,Hydrotest Safety,L4,No,Mandatory
EQ00000331,Mechanical Inspection,L5,Yes,Mandatory
EQ00000332,Rigging,L5,No,Mandatory
EQ00000332,Line of Fire Awareness,L4,Yes,Mandatory
EQ00000333,Arc Flash Awareness,L3,Yes,Preferred
EQ00000333,Switchgear Operation,L3,Yes,Preferred
EQ00000333,Electrical Isolation/LOTO,L4,No,Mandatory
EQ00000333,Motor Maintenance,L5,Yes,Mandatory
EQ00000334,Fire Water Systems,L5,Yes,Mandatory
EQ00000334,Fire Fighting,L4,No,Preferred
EQ00000334,Gas Detection,L3,No,Preferred
EQ00000334,Permit to Work,L4,Yes,Mandatory
EQ00000335,Lubrication,L5,Yes,Mandatory
EQ00000335,Pump Maintenance,L5,No,Preferred
EQ00000335,Alignment,L4,No,Mandatory
EQ00000335,Rotating Equipment,L5,Yes,Preferred
EQ00000335,LOTO,L4,Yes,Mandatory
EQ00000336,Vehicle Inspection,L4,No,Mandatory
EQ00000336,Defensive Driving,L3,No,Mandatory
EQ00000336,Journey Management,L3,No,Mandatory
EQ00000336,Hazardous Material Transport,L3,No,Mandatory
EQ00000337,Hot Work,L3,No,Preferred
EQ00000337,LOTO,L5,Yes,Mandatory
EQ00000338,Journey Management,L5,Yes,Mandatory
EQ00000338,Defensive Driving,L3,Yes,Mandatory
EQ00000338,Vehicle Inspection,L3,Yes,Mandatory
EQ00000339,Rig Floor Safety,L4,Yes,Mandatory
EQ00000339,LOTO,L3,Yes,Mandatory
EQ00000339,Line of Fire Awareness,L3,No,Mandatory
EQ00000340,Welding Safety,L5,No,Mandatory
EQ00000340,Machine Tool Operation,L4,Yes,Preferred
EQ00000340,Workshop Safety,L3,Yes,Preferred
EQ00000340,Hot Work,L3,No,Mandatory
EQ00000340,LOTO,L3,No,Preferred
EQ00000341,SIS/ESD,L3,No,Mandatory
EQ00000341,Instrumentation,L3,Yes,Mandatory
EQ00000342,LOTO,L5,Yes,Mandatory
EQ00000342,Welding Safety,L4,Yes,Preferred
EQ00000342,Machine Tool Operation,L3,Yes,Mandatory
EQ00000342,Workshop Safety,L3,Yes,Preferred
EQ00000342,Hot Work,L4,Yes,Mandatory
EQ00000343,Line of Fire Awareness,L5,Yes,Preferred
EQ00000343,Well Control,L3,No,Preferred
EQ00000344,Hazardous Material Transport,L4,Yes,Mandatory
EQ00000344,Defensive Driving,L3,No,Mandatory
EQ00000344,Journey Management,L4,No,Preferred
EQ00000344,Vehicle Inspection,L4,Yes,Mandatory
EQ00000345,Line of Fire Awareness,L3,Yes,Preferred
EQ00000345,Lifting Gear Inspection,L4,No,Mandatory
EQ00000346,Pressure Testing,L4,No,Mandatory
EQ00000346,Permit to Work,L4,Yes,Mandatory
EQ00000346,Isolation/LOTO,L5,No,Mandatory
EQ00000346,Valve Maintenance,L5,Yes,Preferred
EQ00000347,Isolation/LOTO,L5,No,Mandatory
EQ00000347,Hydrotest Safety,L5,Yes,Preferred
EQ00000348,Lifting Gear Inspection,L4,Yes,Preferred
EQ00000348,Lifting Operations,L3,Yes,Mandatory
EQ00000348,Rigging,L3,No,Mandatory
EQ00000349,Gas Testing,L3,Yes,Preferred
EQ00000349,Pressure Systems Safety,L5,No,Preferred
EQ00000349,Permit to Work,L4,No,Mandatory
EQ00000349,Process Operations,L5,Yes,Mandatory
EQ00000350,Permit to Work,L3,Yes,Mandatory
EQ00000350,Pressure Systems Safety,L5,Yes,Mandatory
EQ00000350,Process Operations,L4,Yes,Preferred
EQ00000351,Workshop Safety,L5,No,Preferred
EQ00000351,Hot Work,L3,Yes,Preferred
EQ00000351,Machine Tool Operation,L3,Yes,Mandatory
EQ00000351,Welding Safety,L4,Yes,Mandatory
EQ00000352,Switchgear Operation,L3,No,Preferred
EQ00000352,Electrical Isolation/LOTO,L5,Yes,Mandatory
EQ00000352,Arc Flash Awareness,L5,Yes,Mandatory
EQ00000352,Motor Maintenance,L5,Yes,Mandatory
EQ00000353,Process Operations,L3,No,Mandatory
EQ00000353,Process Isolation,L4,Yes,Mandatory
EQ00000353,Pressure Systems Safety,L4,Yes,Mandatory
EQ00000354,Pressure Systems Safety,L5,Yes,Mandatory
EQ00000354,Gas Testing,L5,Yes,Mandatory
EQ00000355,Drilling Operations,L5,Yes,Preferred
EQ00000355,LOTO,L4,No,Preferred
EQ00000355,Well Control,L5,No,Mandatory
EQ00000356,Permit to Work,L4,No,Mandatory
EQ00000356,Well Control,L5,Yes,Mandatory
EQ00000356,Rig Floor Safety,L4,Yes,Mandatory
EQ00000356,Line of Fire Awareness,L4,Yes,Preferred
EQ00000356,Drilling Operations,L4,Yes,Mandatory
EQ00000357,Welding Safety,L5,Yes,Preferred
EQ00000357,Hot Work,L3,No,Mandatory
EQ00000358,Pressure Testing,L3,Yes,Mandatory
EQ00000358,Isolation/LOTO,L5,No,Mandatory
EQ00000358,Pipeline Operations,L5,Yes,Preferred
EQ00000359,Well Control,L3,Yes,Mandatory
EQ00000359,Line of Fire Awareness,L3,Yes,Mandatory
EQ00000359,Drilling Operations,L3,No,Mandatory
EQ00000359,Rig Floor Safety,L5,No,Preferred
EQ00000359,LOTO,L4,Yes,Mandatory
EQ00000360,Vehicle Inspection,L5,Yes,Preferred
EQ00000360,Journey Management,L3,Yes,Mandatory
EQ00000361,Switchgear Operation,L3,Yes,Mandatory
EQ00000361,Electrical Safety,L5,No,Mandatory
EQ00000361,Motor Maintenance,L4,Yes,Mandatory
EQ00000362,Isolation/LOTO,L5,Yes,Mandatory
EQ00000362,Pressure Vessel Safety,L5,Yes,Mandatory
EQ00000363,Pressure Testing,L4,Yes,Mandatory
EQ00000363,Valve Maintenance,L4,No,Preferred
EQ00000363,Isolation/LOTO,L3,No,Mandatory
EQ00000363,Pipeline Operations,L5,Yes,Mandatory
EQ00000363,Permit to Work,L4,No,Mandatory
EQ00000364,LOTO,L3,Yes,Mandatory
EQ00000364,Well Control,L4,No,Preferred
EQ00000364,Line of Fire Awareness,L4,Yes,Mandatory
EQ00000365,Mechanical Inspection,L5,Yes,Mandatory
EQ00000365,Hydrotest Safety,L3,Yes,Mandatory
EQ00000365,Isolation/LOTO,L4,No,Mandatory
EQ00000365,Permit to Work,L4,Yes,Mandatory
EQ00000365,Pressure Vessel Safety,L3,Yes,Mandatory
EQ00000366,Rigging,L4,Yes,Mandatory
EQ00000366,Lifting Operations,L3,No,Mandatory
EQ00000366,Crane Operation,L4,Yes,Mandatory
EQ00000366,Lifting Gear Inspection,L5,No,Mandatory
EQ00000367,Process Operations,L3,Yes,Preferred
EQ00000367,Permit to Work,L3,Yes,Mandatory
EQ00000367,Gas Testing,L3,Yes,Preferred
EQ00000367,Pressure Systems Safety,L4,Yes,Mandatory
EQ00000367,Process Isolation,L4,Yes,Preferred
EQ00000368,Alignment,L3,No,Preferred
EQ00000368,LOTO,L4,Yes,Mandatory
EQ00000368,Lubrication,L4,Yes,Mandatory
EQ00000368,Pump Maintenance,L5,Yes,Preferred
EQ00000368,Vibration Monitoring,L4,No,Mandatory
EQ00000369,Line of Fire Awareness,L3,No,Mandatory
EQ00000369,Rig Floor Safety,L5,No,Mandatory
EQ00000369,Drilling Operations,L3,No,Mandatory
EQ00000369,Permit to Work,L3,Yes,Preferred
EQ00000369,LOTO,L3,Yes,Preferred
EQ00000370,Well Control,L3,Yes,Preferred
EQ00000370,Rig Floor Safety,L4,Yes,Preferred
EQ00000370,Line of Fire Awareness,L5,Yes,Mandatory
EQ00000371,Permit to Work,L5,No,Mandatory
EQ00000371,Fire Fighting,L4,No,Mandatory
EQ00000371,Fire Water Systems,L4,Yes,Mandatory
EQ00000371,Emergency Response,L4,Yes,Preferred
EQ00000372,Valve Maintenance,L3,Yes,Mandatory
EQ00000372,Permit to Work,L3,Yes,Mandatory
EQ00000372,Pipeline Operations,L3,Yes,Mandatory
EQ00000373,Gas Detection,L5,Yes,Preferred
EQ00000373,Fire Fighting,L4,Yes,Preferred
EQ00000373,Emergency Response,L3,Yes,Mandatory
EQ00000373,Permit to Work,L5,Yes,Preferred
EQ00000373,Fire Water Systems,L3,Yes,Mandatory
EQ00000374,Machine Tool Operation,L4,No,Preferred
EQ00000374,Workshop Safety,L4,Yes,Mandatory
EQ00000375,Environmental Monitoring,L4,No,Preferred
EQ00000375,Chemical Handling,L3,Yes,Preferred
EQ00000375,Wastewater Operations,L4,Yes,Mandatory
EQ00000375,Process Safety,L4,No,Mandatory
EQ00000376,Line of Fire Awareness,L3,Yes,Mandatory
EQ00000376,Lifting Gear Inspection,L3,Yes,Mandatory
EQ00000376,Rigging,L5,Yes,Mandatory
EQ00000377,Vehicle Inspection,L4,Yes,Mandatory
EQ00000377,Defensive Driving,L3,Yes,Preferred
EQ00000377,Journey Management,L3,Yes,Preferred
EQ00000377,Hazardous Material Transport,L4,No,Preferred
EQ00000378,Isolation/LOTO,L3,No,Preferred
EQ00000378,Pipeline Operations,L4,Yes,Mandatory
EQ00000378,Pressure Testing,L3,Yes,Mandatory
EQ00000378,Valve Maintenance,L3,Yes,Mandatory
EQ00000378,Permit to Work,L4,No,Preferred
EQ00000379,Workshop Safety,L5,No,Preferred
EQ00000379,Machine Tool Operation,L5,No,Mandatory
EQ00000379,Hot Work,L3,Yes,Mandatory
EQ00000379,LOTO,L3,No,Mandatory
EQ00000379,Welding Safety,L3,No,Preferred
EQ00000380,Lubrication,L3,Yes,Mandatory
EQ00000380,Vibration Monitoring,L3,Yes,Mandatory
EQ00000380,Alignment,L4,No,Mandatory
EQ00000380,LOTO,L4,Yes,Preferred
EQ00000380,Rotating Equipment,L3,Yes,Mandatory
EQ00000381,Lubrication,L4,Yes,Preferred
EQ00000381,Vibration Monitoring,L4,Yes,Preferred
EQ00000381,Alignment,L3,Yes,Mandatory
EQ00000382,LOTO,L5,No,Mandatory
EQ00000382,Welding Safety,L3,No,Preferred
EQ00000383,LOTO,L5,Yes,Mandatory
EQ00000383,Welding Safety,L4,No,Preferred
EQ00000383,Hot Work,L4,Yes,Preferred
EQ00000383,Machine Tool Operation,L5,Yes,Mandatory
EQ00000383,Workshop Safety,L4,Yes,Preferred
EQ00000384,Chemical Handling,L5,No,Mandatory
EQ00000384,Environmental Monitoring,L5,No,Preferred
EQ00000384,Wastewater Operations,L5,No,Mandatory
EQ00000384,Process Safety,L5,Yes,Mandatory
EQ00000385,Rigging,L5,Yes,Mandatory
EQ00000385,Line of Fire Awareness,L4,No,Mandatory
EQ00000386,Isolation/LOTO,L5,Yes,Mandatory
EQ00000386,Pressure Testing,L4,Yes,Mandatory
EQ00000387,LOTO,L4,Yes,Mandatory
EQ00000387,Instrumentation,L4,Yes,Preferred
EQ00000387,Control Systems,L4,No,Preferred
EQ00000388,Motor Maintenance,L3,Yes,Preferred
EQ00000388,Electrical Safety,L5,No,Mandatory
EQ00000388,Electrical Isolation/LOTO,L5,Yes,Preferred
EQ00000389,Instrumentation,L4,Yes,Mandatory
EQ00000389,LOTO,L3,Yes,Mandatory
EQ00000389,SIS/ESD,L3,Yes,Preferred
EQ00000389,Calibration,L3,Yes,Preferred
EQ00000389,Control Systems,L4,Yes,Mandatory
EQ00000390,Hydrotest Safety,L4,No,Mandatory
EQ00000390,Pressure Vessel Safety,L3,Yes,Mandatory
EQ00000390,Mechanical Inspection,L4,Yes,Mandatory
EQ00000390,Isolation/LOTO,L3,Yes,Preferred
EQ00000391,LOTO,L5,No,Mandatory
EQ00000391,Drilling Operations,L4,Yes,Mandatory
EQ00000391,Well Control,L5,No,Mandatory
EQ00000391,Rig Floor Safety,L5,No,Preferred
EQ00000392,Machine Tool Operation,L5,Yes,Preferred
EQ00000392,LOTO,L5,No,Preferred
EQ00000392,Hot Work,L5,Yes,Preferred
EQ00000392,Welding Safety,L3,Yes,Mandatory
EQ00000393,Calibration,L5,No,Preferred
EQ00000393,LOTO,L5,Yes,Mandatory
EQ00000393,Control Systems,L4,Yes,Mandatory
EQ00000393,SIS/ESD,L3,No,Mandatory
EQ00000393,Instrumentation,L5,Yes,Preferred
EQ00000394,Crane Operation,L5,Yes,Mandatory
EQ00000394,Lifting Gear Inspection,L5,Yes,Mandatory
EQ00000394,Rigging,L4,Yes,Mandatory
EQ00000395,Hydrotest Safety,L3,Yes,Preferred
EQ00000395,Pressure Vessel Safety,L5,Yes,Mandatory
EQ00000396,SIS/ESD,L4,Yes,Mandatory
EQ00000396,Instrumentation,L5,Yes,Mandatory
EQ00000396,LOTO,L3,Yes,Mandatory
EQ00000396,Control Systems,L3,No,Mandatory
EQ00000397,Permit to Work,L5,Yes,Mandatory
EQ00000397,Process Isolation,L5,Yes,Mandatory
EQ00000397,Pressure Systems Safety,L5,Yes,Preferred
EQ00000397,Process Operations,L5,Yes,Mandatory
EQ00000397,Gas Testing,L3,Yes,Mandatory
EQ00000398,Pressure Testing,L3,No,Preferred
EQ00000398,Isolation/LOTO,L5,Yes,Mandatory
EQ00000398,Pipeline Operations,L3,No,Mandatory
EQ00000398,Permit to Work,L3,No,Mandatory
EQ00000399,Gas Testing,L5,No,Preferred
EQ00000399,Process Operations,L3,Yes,Mandatory
EQ00000400,Control Systems,L4,Yes,Mandatory
EQ00000400,Calibration,L5,Yes,Mandatory
EQ00000401,Permit to Work,L5,Yes,Preferred
EQ00000401,Gas Testing,L4,No,Preferred
EQ00000401,Process Isolation,L4,Yes,Mandatory
EQ00000401,Pressure Systems Safety,L3,No,Mandatory
EQ00000401,Process Operations,L3,Yes,Mandatory
EQ00000402,Welding Safety,L4,Yes,Mandatory
EQ00000402,Machine Tool Operation,L4,No,Mandatory
EQ00000402,Hot Work,L3,Yes,Mandatory
EQ00000403,LOTO,L3,No,Preferred
EQ00000403,Hot Work,L4,Yes,Preferred
EQ00000403,Workshop Safety,L3,Yes,Mandatory
EQ00000403,Machine Tool Operation,L3,Yes,Mandatory
EQ00000404,Pressure Testing,L5,Yes,Mandatory
EQ00000404,Valve Maintenance,L3,Yes,Mandatory
EQ00000404,Pipeline Operations,L3,No,Mandatory
EQ00000404,Permit to Work,L4,Yes,Mandatory
EQ00000404,Isolation/LOTO,L3,Yes,Preferred
EQ00000405,Permit to Work,L5,No,Preferred
EQ00000405,Process Isolation,L3,No,Preferred
EQ00000405,Gas Testing,L5,Yes,Mandatory
EQ00000405,Pressure Systems Safety,L5,No,Mandatory
EQ00000406,Motor Maintenance,L3,Yes,Preferred
EQ00000406,Arc Flash Awareness,L4,No,Preferred
EQ00000406,Switchgear Operation,L3,No,Mandatory
EQ00000406,Electrical Isolation/LOTO,L4,Yes,Mandatory
EQ00000406,Electrical Safety,L3,Yes,Mandatory
EQ00000407,Isolation/LOTO,L3,Yes,Mandatory
EQ00000407,Pipeline Operations,L3,Yes,Mandatory
EQ00000407,Pressure Testing,L5,No,Preferred
EQ00000407,Permit to Work,L4,No,Mandatory
EQ00000407,Valve Maintenance,L3,Yes,Mandatory
EQ00000408,Calibration,L5,Yes,Mandatory
EQ00000408,Instrumentation,L4,No,Preferred
EQ00000408,LOTO,L4,No,Mandatory
EQ00000408,SIS/ESD,L5,Yes,Preferred
EQ00000409,Hazardous Material Transport,L5,Yes,Mandatory
EQ00000409,Journey Management,L3,No,Preferred
EQ00000409,Defensive Driving,L5,Yes,Preferred
EQ00000410,Process Safety,L5,No,Mandatory
EQ00000410,Chemical Handling,L3,No,Mandatory
EQ00000410,Environmental Monitoring,L4,Yes,Mandatory
EQ00000411,Permit to Work,L4,No,Preferred
EQ00000411,Gas Detection,L3,Yes,Preferred
EQ00000411,Fire Water Systems,L5,Yes,Preferred
EQ00000411,Fire Fighting,L4,Yes,Mandatory
EQ00000412,Permit to Work,L3,No,Mandatory
EQ00000412,Process Operations,L5,No,Preferred
EQ00000413,Journey Management,L4,Yes,Mandatory
EQ00000413,Defensive Driving,L5,No,Mandatory
EQ00000413,Vehicle Inspection,L5,Yes,Mandatory
EQ00000413,Hazardous Material Transport,L4,Yes,Mandatory
EQ00000414,Permit to Work,L3,Yes,Mandatory
EQ00000414,Drilling Operations,L4,Yes,Mandatory
EQ00000414,LOTO,L5,No,Preferred
EQ00000414,Rig Floor Safety,L3,No,Preferred
EQ00000414,Well Control,L3,No,Mandatory
EQ00000415,LOTO,L3,No,Mandatory
EQ00000415,Welding Safety,L4,Yes,Preferred
EQ00000415,Hot Work,L4,Yes,Preferred
EQ00000415,Machine Tool Operation,L4,Yes,Mandatory
EQ00000415,Workshop Safety,L5,No,Mandatory
EQ00000416,Switchgear Operation,L5,No,Mandatory
EQ00000416,Electrical Safety,L5,Yes,Mandatory
EQ00000416,Motor Maintenance,L3,Yes,Mandatory
EQ00000416,Arc Flash Awareness,L3,No,Mandatory
EQ00000416,Electrical Isolation/LOTO,L3,Yes,Preferred
EQ00000417,Pipeline Operations,L5,No,Mandatory
EQ00000417,Pressure Testing,L5,Yes,Preferred
EQ00000417,Valve Maintenance,L5,Yes,Preferred
EQ00000418,Workshop Safety,L3,Yes,Preferred
EQ00000418,Machine Tool Operation,L5,No,Preferred
EQ00000418,LOTO,L3,Yes,Preferred
EQ00000419,Machine Tool Operation,L5,Yes,Preferred
EQ00000419,Hot Work,L5,Yes,Mandatory
EQ00000419,LOTO,L4,Yes,Preferred
EQ00000419,Workshop Safety,L4,No,Preferred
EQ00000420,Line of Fire Awareness,L4,Yes,Mandatory
EQ00000420,Drilling Operations,L4,Yes,Preferred
EQ00000421,Isolation/LOTO,L3,Yes,Mandatory
EQ00000421,Permit to Work,L3,Yes,Mandatory
EQ00000422,Lifting Operations,L4,Yes,Preferred
EQ00000422,Crane Operation,L3,Yes,Preferred
EQ00000422,Lifting Gear Inspection,L5,No,Preferred
EQ00000423,Line of Fire Awareness,L4,Yes,Preferred
EQ00000423,LOTO,L4,No,Preferred
EQ00000423,Rig Floor Safety,L5,Yes,Mandatory
EQ00000423,Permit to Work,L4,Yes,Mandatory
EQ00000424,Instrumentation,L5,Yes,Preferred
EQ00000424,SIS/ESD,L3,Yes,Mandatory
EQ00000425,Lifting Operations,L5,Yes,Mandatory
EQ00000425,Rigging,L5,Yes,Mandatory
EQ00000426,Pressure Systems Safety,L4,Yes,Mandatory
EQ00000426,Gas Testing,L5,Yes,Preferred
EQ00000426,Process Operations,L3,No,Mandatory
EQ00000426,Process Isolation,L4,Yes,Mandatory
EQ00000426,Permit to Work,L4,Yes,Mandatory
EQ00000427,Vehicle Inspection,L5,No,Mandatory
EQ00000427,Journey Management,L4,Yes,Preferred
EQ00000427,Hazardous Material Transport,L3,No,Mandatory
EQ00000427,Defensive Driving,L3,Yes,Mandatory
EQ00000428,Permit to Work,L5,No,Mandatory
EQ00000428,Line of Fire Awareness,L5,Yes,Mandatory
EQ00000429,Welding Safety,L4,Yes,Mandatory
EQ00000429,Hot Work,L3,No,Preferred
EQ00000429,Machine Tool Operation,L3,No,Preferred
EQ00000429,LOTO,L3,Yes,Mandatory
EQ00000430,Control Systems,L3,No,Mandatory
EQ00000430,SIS/ESD,L5,Yes,Mandatory
EQ00000430,LOTO,L4,Yes,Mandatory
EQ00000430,Instrumentation,L5,Yes,Mandatory
EQ00000430,Calibration,L3,Yes,Mandatory
EQ00000431,Electrical Isolation/LOTO,L5,No,Preferred
EQ00000431,Motor Maintenance,L4,Yes,Mandatory
EQ00000431,Switchgear Operation,L3,Yes,Preferred
EQ00000431,Electrical Safety,L5,Yes,Mandatory
EQ00000432,Permit to Work,L3,Yes,Mandatory
EQ00000432,LOTO,L5,No,Preferred
EQ00000432,Line of Fire Awareness,L5,Yes,Mandatory
EQ00000433,Isolation/LOTO,L5,Yes,Mandatory
EQ00000433,Permit to Work,L4,No,Mandatory
EQ00000434,Process Isolation,L3,Yes,Preferred
EQ00000434,Gas Testing,L3,No,Mandatory
EQ00000434,Permit to Work,L3,Yes,Preferred
EQ00000435,Hydrotest Safety,L5,No,Mandatory
EQ00000435,Pressure Vessel Safety,L5,Yes,Preferred
EQ00000436,Vibration Monitoring,L3,No,Mandatory
EQ00000436,LOTO,L5,Yes,Mandatory
EQ00000436,Rotating Equipment,L3,Yes,Preferred
EQ00000436,Lubrication,L5,No,Mandatory
EQ00000436,Alignment,L5,Yes,Mandatory
EQ00000437,Process Operations,L4,Yes,Mandatory
EQ00000437,Process Isolation,L3,Yes,Mandatory
EQ00000437,Gas Testing,L3,Yes,Preferred
EQ00000437,Permit to Work,L3,No,Preferred
EQ00000438,LOTO,L3,No,Mandatory
EQ00000438,Workshop Safety,L3,No,Mandatory
EQ00000439,LOTO,L5,Yes,Mandatory
EQ00000439,Workshop Safety,L5,Yes,Preferred
EQ00000439,Hot Work,L4,Yes,Mandatory
EQ00000439,Machine Tool Operation,L3,Yes,Preferred
EQ00000439,Welding Safety,L3,No,Mandatory
EQ00000440,Gas Testing,L5,Yes,Mandatory
EQ00000440,Process Isolation,L4,Yes,Mandatory
EQ00000441,Permit to Work,L3,Yes,Mandatory
EQ00000441,Isolation/LOTO,L4,Yes,Preferred
EQ00000441,Pressure Testing,L4,Yes,Mandatory
EQ00000441,Pipeline Operations,L3,No,Mandatory
EQ00000442,Gas Testing,L5,No,Mandatory
EQ00000442,Pressure Systems Safety,L5,Yes,Preferred
EQ00000442,Permit to Work,L3,No,Preferred
EQ00000443,LOTO,L4,Yes,Preferred
EQ00000443,Rotating Equipment,L3,No,Preferred
EQ00000443,Pump Maintenance,L4,Yes,Mandatory
EQ00000443,Vibration Monitoring,L4,No,Mandatory
EQ00000443,Lubrication,L4,Yes,Mandatory
EQ00000444,Permit to Work,L5,Yes,Mandatory
EQ00000444,Valve Maintenance,L3,No,Mandatory
EQ00000444,Pipeline Operations,L5,Yes,Preferred
EQ00000444,Pressure Testing,L4,Yes,Preferred
EQ00000444,Isolation/LOTO,L5,Yes,Preferred
EQ00000445,Isolation/LOTO,L3,Yes,Mandatory
EQ00000445,Mechanical Inspection,L5,No,Preferred
EQ00000445,Permit to Work,L5,No,Mandatory
EQ00000445,Pressure Vessel Safety,L3,No,Preferred
EQ00000445,Hydrotest Safety,L5,No,Mandatory
EQ00000446,Pressure Vessel Safety,L5,Yes,Mandatory
EQ00000446,Mechanical Inspection,L3,Yes,Mandatory
EQ00000446,Hydrotest Safety,L3,No,Preferred
EQ00000446,Permit to Work,L4,Yes,Mandatory
EQ00000446,Isolation/LOTO,L5,Yes,Mandatory
EQ00000447,Lifting Operations,L3,No,Preferred
EQ00000447,Lifting Gear Inspection,L4,No,Mandatory
EQ00000447,Rigging,L3,Yes,Mandatory
EQ00000447,Line of Fire Awareness,L5,Yes,Mandatory
EQ00000448,Environmental Monitoring,L5,Yes,Preferred
EQ00000448,Chemical Handling,L5,Yes,Preferred
EQ00000448,Process Safety,L4,Yes,Mandatory
EQ00000449,Pipeline Operations,L3,No,Mandatory
EQ00000449,Pressure Testing,L5,Yes,Mandatory
EQ00000449,Isolation/LOTO,L5,No,Mandatory
EQ00000449,Valve Maintenance,L3,No,Mandatory
EQ00000450,Permit to Work,L5,Yes,Preferred
EQ00000450,Rig Floor Safety,L5,Yes,Preferred
EQ00000450,Well Control,L3,Yes,Mandatory
EQ00000450,LOTO,L4,Yes,Preferred
EQ00000451,Journey Management,L5,Yes,Mandatory
EQ00000451,Vehicle Inspection,L5,Yes,Preferred
EQ00000452,LOTO,L4,Yes,Mandatory
EQ00000452,Line of Fire Awareness,L5,Yes,Mandatory
EQ00000452,Rig Floor Safety,L5,Yes,Preferred
EQ00000452,Permit to Work,L4,No,Mandatory
EQ00000453,Process Safety,L3,No,Mandatory
EQ00000453,Wastewater Operations,L3,Yes,Mandatory
EQ00000453,Environmental Monitoring,L5,No,Mandatory
EQ00000454,Vibration Monitoring,L4,No,Mandatory
EQ00000454,Alignment,L4,Yes,Mandatory
EQ00000454,Rotating Equipment,L4,Yes,Mandatory
EQ00000454,LOTO,L5,No,Preferred
EQ00000454,Pump Maintenance,L3,No,Mandatory
EQ00000455,Switchgear Operation,L4,No,Preferred
EQ00000455,Electrical Isolation/LOTO,L3,Yes,Mandatory
EQ00000455,Motor Maintenance,L4,No,Mandatory
EQ00000456,Arc Flash Awareness,L3,No,Mandatory
EQ00000456,Switchgear Operation,L5,No,Mandatory
EQ00000456,Electrical Isolation/LOTO,L4,Yes,Mandatory
EQ00000457,Switchgear Operation,L5,Yes,Mandatory
EQ00000457,Electrical Safety,L3,Yes,Mandatory
EQ00000457,Motor Maintenance,L3,Yes,Mandatory
EQ00000458,Defensive Driving,L4,Yes,Preferred
EQ00000458,Vehicle Inspection,L5,Yes,Mandatory
EQ00000459,Line of Fire Awareness,L3,No,Mandatory
EQ00000459,Well Control,L3,Yes,Preferred
EQ00000460,Vibration Monitoring,L4,Yes,Mandatory
EQ00000460,Rotating Equipment,L4,No,Mandatory
EQ00000460,Lubrication,L5,Yes,Mandatory
EQ00000460,LOTO,L3,Yes,Preferred
EQ00000460,Alignment,L3,Yes,Preferred
EQ00000461,Vibration Monitoring,L3,Yes,Mandatory
EQ00000461,LOTO,L3,Yes,Preferred
EQ00000461,Pump Maintenance,L5,Yes,Mandatory
EQ00000462,Gas Detection,L5,No,Mandatory
EQ00000462,Permit to Work,L3,Yes,Mandatory
EQ00000463,Process Operations,L5,No,Preferred
EQ00000463,Pressure Systems Safety,L3,Yes,Mandatory
EQ00000463,Permit to Work,L5,No,Mandatory
EQ00000463,Process Isolation,L3,No,Mandatory
EQ00000463,Gas Testing,L5,No,Mandatory
EQ00000464,LOTO,L3,Yes,Mandatory
EQ00000464,Control Systems,L3,No,Preferred
EQ00000465,Process Operations,L5,No,Mandatory
EQ00000465,Pressure Systems Safety,L4,Yes,Mandatory
EQ00000465,Process Isolation,L5,Yes,Mandatory
EQ00000465,Permit to Work,L3,Yes,Preferred
EQ00000465,Gas Testing,L5,No,Mandatory
EQ00000466,Hot Work,L4,Yes,Mandatory
EQ00000466,LOTO,L4,Yes,Preferred
EQ00000466,Machine Tool Operation,L3,No,Mandatory
EQ00000466,Workshop Safety,L5,No,Mandatory
EQ00000466,Welding Safety,L5,Yes,Mandatory
EQ00000467,LOTO,L3,No,Preferred
EQ00000467,Rotating Equipment,L5,Yes,Preferred
EQ00000468,Instrumentation,L4,No,Mandatory
EQ00000468,Calibration,L3,Yes,Mandatory
EQ00000468,LOTO,L4,Yes,Mandatory
EQ00000468,Control Systems,L4,Yes,Preferred
EQ00000469,Motor Maintenance,L4,Yes,Mandatory
EQ00000469,Arc Flash Awareness,L5,Yes,Mandatory
EQ00000469,Switchgear Operation,L5,No,Mandatory
EQ00000469,Electrical Isolation/LOTO,L4,Yes,Mandatory
EQ00000470,Journey Management,L4,Yes,Preferred
EQ00000470,Defensive Driving,L3,Yes,Preferred
EQ00000471,Lifting Gear Inspection,L3,Yes,Mandatory
EQ00000471,Crane Operation,L3,Yes,Mandatory
EQ00000471,Lifting Operations,L3,Yes,Preferred
EQ00000471,Rigging,L5,Yes,Mandatory
EQ00000472,Gas Testing,L3,No,Mandatory
EQ00000472,Pressure Systems Safety,L3,Yes,Mandatory
EQ00000473,Permit to Work,L5,Yes,Preferred
EQ00000473,Line of Fire Awareness,L5,Yes,Mandatory
EQ00000473,Drilling Operations,L5,Yes,Mandatory
EQ00000474,Motor Maintenance,L5,Yes,Mandatory
EQ00000474,Arc Flash Awareness,L3,Yes,Mandatory
EQ00000475,LOTO,L3,Yes,Preferred
EQ00000475,Pump Maintenance,L3,Yes,Mandatory
EQ00000475,Rotating Equipment,L3,No,Preferred
EQ00000475,Lubrication,L5,No,Preferred
EQ00000475,Vibration Monitoring,L5,Yes,Mandatory
EQ00000476,SIS/ESD,L5,Yes,Mandatory
EQ00000476,Control Systems,L5,No,Preferred
EQ00000477,Rigging,L5,No,Mandatory
EQ00000477,Lifting Gear Inspection,L3,Yes,Mandatory
EQ00000478,Rig Floor Safety,L3,No,Mandatory
EQ00000478,LOTO,L5,No,Preferred
EQ00000478,Line of Fire Awareness,L5,Yes,Mandatory
EQ00000479,Calibration,L4,Yes,Mandatory
EQ00000479,LOTO,L3,Yes,Preferred
EQ00000479,SIS/ESD,L3,Yes,Mandatory
EQ00000479,Instrumentation,L5,No,Mandatory
EQ00000479,Control Systems,L5,Yes,Mandatory
EQ00000480,Electrical Isolation/LOTO,L3,Yes,Preferred
EQ00000480,Motor Maintenance,L4,No,Mandatory
EQ00000480,Electrical Safety,L3,No,Mandatory
EQ00000481,Permit to Work,L5,Yes,Mandatory
EQ00000481,Hydrotest Safety,L4,No,Mandatory
EQ00000481,Pressure Vessel Safety,L5,Yes,Preferred
EQ00000482,Electrical Isolation/LOTO,L5,Yes,Mandatory
EQ00000482,Switchgear Operation,L5,Yes,Mandatory
EQ00000483,SIS/ESD,L3,Yes,Mandatory
EQ00000483,Instrumentation,L4,No,Mandatory
EQ00000483,Calibration,L3,No,Preferred
EQ00000484,Calibration,L3,Yes,Mandatory
EQ00000484,Control Systems,L4,No,Mandatory
EQ00000484,SIS/ESD,L5,No,Preferred
EQ00000484,LOTO,L4,Yes,Mandatory
EQ00000485,Rig Floor Safety,L5,Yes,Mandatory
EQ00000485,LOTO,L4,No,Mandatory
EQ00000485,Permit to Work,L3,Yes,Mandatory
EQ00000485,Drilling Operations,L5,Yes,Mandatory
EQ00000486,Instrumentation,L3,Yes,Mandatory
EQ00000486,LOTO,L3,Yes,Preferred
EQ00000487,Lifting Gear Inspection,L3,No,Mandatory
EQ00000487,Lifting Operations,L4,No,Preferred
EQ00000487,Rigging,L4,Yes,Preferred
EQ00000487,Crane Operation,L3,No,Mandatory
EQ00000488,Hydrotest Safety,L4,No,Mandatory
EQ00000488,Permit to Work,L3,Yes,Mandatory
EQ00000488,Mechanical Inspection,L4,Yes,Mandatory
EQ00000489,Crane Operation,L3,Yes,Preferred
EQ00000489,Rigging,L5,Yes,Mandatory
EQ00000489,Lifting Gear Inspection,L3,No,Mandatory
EQ00000490,LOTO,L5,No,Mandatory
EQ00000490,Instrumentation,L4,Yes,Preferred
EQ00000491,Calibration,L5,Yes,Mandatory
EQ00000491,Instrumentation,L5,No,Preferred
EQ00000491,SIS/ESD,L5,Yes,Preferred
EQ00000491,LOTO,L5,Yes,Mandatory
EQ00000492,Environmental Monitoring,L4,Yes,Mandatory
EQ00000492,Chemical Handling,L3,Yes,Mandatory
EQ00000493,Workshop Safety,L3,Yes,Mandatory
EQ00000493,Hot Work,L3,Yes,Preferred
EQ00000494,Motor Maintenance,L4,No,Preferred
EQ00000494,Switchgear Operation,L5,Yes,Mandatory
EQ00000495,LOTO,L5,Yes,Mandatory
EQ00000495,Line of Fire Awareness,L3,Yes,Preferred
EQ00000496,Gas Detection,L3,Yes,Mandatory
EQ00000496,Permit to Work,L4,Yes,Preferred
EQ00000496,Fire Water Systems,L5,Yes,Mandatory
EQ00000497,Pressure Vessel Safety,L4,No,Mandatory
EQ00000497,Hydrotest Safety,L4,No,Preferred
EQ00000497,Isolation/LOTO,L5,Yes,Mandatory
EQ00000498,Pipeline Operations,L4,Yes,Preferred
EQ00000498,Valve Maintenance,L5,Yes,Mandatory
EQ00000499,Pressure Testing,L5,Yes,Preferred
EQ00000499,Isolation/LOTO,L3,Yes,Mandatory
EQ00000500,Electrical Safety,L5,No,Preferred
EQ00000500,Arc Flash Awareness,L3,Yes,Mandatory
EQ00000500,Motor Maintenance,L5,Yes,Mandatory
EQ00000500,Electrical Isolation/LOTO,L3,No,Mandatory
EQ00000501,Pressure Systems Safety,L3,Yes,Mandatory
EQ00000501,Permit to Work,L3,No,Preferred
EQ00000501,Process Operations,L4,No,Mandatory
EQ00000501,Process Isolation,L4,Yes,Preferred
EQ00000502,Isolation/LOTO,L5,Yes,Preferred
EQ00000502,Mechanical Inspection,L3,Yes,Mandatory
EQ00000502,Hydrotest Safety,L3,Yes,Preferred
EQ00000503,Line of Fire Awareness,L5,Yes,Preferred
EQ00000503,Rig Floor Safety,L4,No,Mandatory
EQ00000503,Permit to Work,L3,Yes,Preferred
EQ00000504,Wastewater Operations,L4,Yes,Mandatory
EQ00000504,Chemical Handling,L5,No,Preferred
EQ00000504,Process Safety,L3,No,Preferred
EQ00000504,Environmental Monitoring,L3,No,Mandatory
EQ00000505,Pump Maintenance,L3,No,Mandatory
EQ00000505,Alignment,L3,No,Mandatory
EQ00000505,Vibration Monitoring,L4,No,Preferred
EQ00000505,Lubrication,L4,No,Mandatory
EQ00000506,Arc Flash Awareness,L3,No,Mandatory
EQ00000506,Electrical Safety,L3,Yes,Mandatory
EQ00000506,Electrical Isolation/LOTO,L4,No,Preferred
EQ00000506,Switchgear Operation,L3,No,Preferred
EQ00000506,Motor Maintenance,L3,Yes,Preferred
EQ00000507,Process Operations,L3,Yes,Mandatory
EQ00000507,Process Isolation,L4,Yes,Preferred
EQ00000507,Pressure Systems Safety,L3,Yes,Mandatory
EQ00000508,Hot Work,L5,No,Mandatory
EQ00000508,Machine Tool Operation,L3,Yes,Mandatory
EQ00000508,LOTO,L4,Yes,Mandatory
EQ00000509,Mechanical Inspection,L3,No,Mandatory
EQ00000509,Hydrotest Safety,L4,No,Mandatory
EQ00000510,Permit to Work,L5,Yes,Mandatory
EQ00000510,Drilling Operations,L4,No,Preferred
EQ00000510,Rig Floor Safety,L5,No,Preferred
EQ00000511,Gas Testing,L3,No,Mandatory
EQ00000511,Pressure Systems Safety,L3,No,Mandatory
EQ00000512,Chemical Handling,L5,Yes,Preferred
EQ00000512,Environmental Monitoring,L5,No,Preferred
EQ00000513,Emergency Response,L5,Yes,Preferred
EQ00000513,Fire Water Systems,L3,Yes,Mandatory
EQ00000513,Permit to Work,L3,Yes,Mandatory
EQ00000513,Gas Detection,L5,Yes,Mandatory
EQ00000513,Fire Fighting,L5,Yes,Mandatory
EQ00000514,Calibration,L4,No,Preferred
EQ00000514,Instrumentation,L3,Yes,Mandatory
EQ00000515,Crane Operation,L4,Yes,Mandatory
EQ00000515,Rigging,L4,No,Mandatory
EQ00000516,Electrical Safety,L3,Yes,Mandatory
EQ00000516,Motor Maintenance,L3,Yes,Mandatory
EQ00000516,Electrical Isolation/LOTO,L5,Yes,Mandatory
EQ00000516,Arc Flash Awareness,L5,No,Mandatory
EQ00000517,Electrical Isolation/LOTO,L5,Yes,Mandatory
EQ00000517,Switchgear Operation,L4,Yes,Mandatory
EQ00000517,Motor Maintenance,L3,Yes,Mandatory
EQ00000517,Electrical Safety,L3,Yes,Mandatory
EQ00000517,Arc Flash Awareness,L3,Yes,Mandatory
EQ00000518,Mechanical Inspection,L3,No,Preferred
EQ00000518,Hydrotest Safety,L4,No,Mandatory
EQ00000518,Permit to Work,L4,No,Mandatory
EQ00000518,Isolation/LOTO,L5,Yes,Mandatory
EQ00000519,Process Safety,L5,No,Preferred
EQ00000519,Environmental Monitoring,L4,No,Mandatory
EQ00000519,Chemical Handling,L3,Yes,Preferred
EQ00000520,Line of Fire Awareness,L4,Yes,Mandatory
EQ00000520,Crane Operation,L5,Yes,Mandatory
EQ00000520,Lifting Gear Inspection,L5,Yes,Mandatory
EQ00000520,Lifting Operations,L4,Yes,Mandatory
EQ00000521,Hazardous Material Transport,L5,No,Mandatory
EQ00000521,Vehicle Inspection,L5,Yes,Preferred
EQ00000521,Defensive Driving,L4,Yes,Preferred
EQ00000522,Lifting Operations,L5,No,Preferred
EQ00000522,Line of Fire Awareness,L3,No,Mandatory
EQ00000522,Rigging,L4,No,Mandatory
EQ00000522,Lifting Gear Inspection,L3,No,Mandatory
EQ00000522,Crane Operation,L4,Yes,Mandatory
EQ00000523,Rotating Equipment,L3,Yes,Preferred
EQ00000523,LOTO,L3,No,Mandatory
EQ00000524,Mechanical Inspection,L3,Yes,Preferred
EQ00000524,Pressure Vessel Safety,L4,No,Mandatory
EQ00000524,Permit to Work,L5,No,Mandatory
EQ00000524,Isolation/LOTO,L3,Yes,Preferred
EQ00000524,Hydrotest Safety,L5,No,Mandatory
EQ00000525,Pipeline Operations,L5,No,Mandatory
EQ00000525,Valve Maintenance,L4,Yes,Mandatory
EQ00000525,Isolation/LOTO,L4,Yes,Mandatory
EQ00000525,Pressure Testing,L3,Yes,Preferred
EQ00000525,Permit to Work,L3,No,Preferred
EQ00000526,Valve Maintenance,L5,No,Preferred
EQ00000526,Pressure Testing,L5,No,Mandatory
EQ00000526,Isolation/LOTO,L5,No,Mandatory
EQ00000526,Pipeline Operations,L3,Yes,Preferred
EQ00000527,Fire Fighting,L5,Yes,Mandatory
EQ00000527,Fire Water Systems,L3,Yes,Mandatory
EQ00000527,Permit to Work,L5,No,Preferred
EQ00000527,Gas Detection,L4,Yes,Preferred
EQ00000528,Machine Tool Operation,L5,No,Mandatory
EQ00000528,Welding Safety,L5,No,Preferred
EQ00000528,Hot Work,L3,Yes,Mandatory
EQ00000528,Workshop Safety,L5,Yes,Mandatory
EQ00000529,Arc Flash Awareness,L3,Yes,Preferred
EQ00000529,Motor Maintenance,L4,Yes,Mandatory
EQ00000529,Electrical Isolation/LOTO,L4,Yes,Mandatory
EQ00000529,Switchgear Operation,L3,Yes,Preferred
EQ00000529,Electrical Safety,L3,Yes,Preferred
EQ00000530,Rotating Equipment,L4,No,Mandatory
EQ00000530,Vibration Monitoring,L4,No,Mandatory
EQ00000530,LOTO,L4,Yes,Mandatory
EQ00000531,Crane Operation,L4,Yes,Mandatory
EQ00000531,Lifting Gear Inspection,L3,Yes,Preferred
EQ00000531,Line of Fire Awareness,L3,Yes,Mandatory
EQ00000531,Lifting Operations,L5,No,Mandatory
EQ00000531,Rigging,L5,Yes,Mandatory
EQ00000532,Control Systems,L5,Yes,Preferred
EQ00000532,LOTO,L5,No,Preferred
EQ00000533,Process Isolation,L5,No,Mandatory
EQ00000533,Permit to Work,L4,Yes,Preferred
EQ00000533,Pressure Systems Safety,L5,No,Mandatory
EQ00000533,Process Operations,L3,Yes,Preferred
EQ00000534,Permit to Work,L4,No,Preferred
EQ00000534,Process Isolation,L4,Yes,Preferred
EQ00000535,Electrical Safety,L5,No,Mandatory
EQ00000535,Electrical Isolation/LOTO,L3,No,Mandatory
EQ00000536,Permit to Work,L3,Yes,Preferred
EQ00000536,Gas Testing,L5,Yes,Mandatory
EQ00000536,Process Operations,L4,No,Mandatory
EQ00000536,Process Isolation,L4,Yes,Preferred
EQ00000537,Calibration,L3,No,Preferred
EQ00000537,Control Systems,L3,Yes,Mandatory
EQ00000537,LOTO,L4,No,Mandatory
EQ00000537,Instrumentation,L4,Yes,Mandatory
EQ00000538,Process Operations,L3,Yes,Preferred
EQ00000538,Pressure Systems Safety,L3,Yes,Mandatory
EQ00000538,Gas Testing,L3,Yes,Mandatory
EQ00000539,Calibration,L3,Yes,Mandatory
EQ00000539,Control Systems,L4,No,Mandatory
EQ00000539,LOTO,L3,Yes,Mandatory
EQ00000540,Lifting Gear Inspection,L4,Yes,Mandatory
EQ00000540,Lifting Operations,L5,Yes,Preferred
EQ00000540,Crane Operation,L4,Yes,Preferred
EQ00000540,Line of Fire Awareness,L4,Yes,Mandatory
EQ00000541,Well Control,L3,Yes,Mandatory
EQ00000541,Drilling Operations,L3,Yes,Preferred
EQ00000542,Line of Fire Awareness,L4,No,Mandatory
EQ00000542,Rig Floor Safety,L4,Yes,Mandatory
EQ00000542,Well Control,L3,No,Mandatory
EQ00000542,Permit to Work,L5,Yes,Mandatory
EQ00000543,Well Control,L4,Yes,Mandatory
EQ00000543,Rig Floor Safety,L4,Yes,Preferred
EQ00000543,Permit to Work,L4,Yes,Preferred
EQ00000544,SIS/ESD,L4,No,Mandatory
EQ00000544,Calibration,L4,No,Mandatory
EQ00000544,LOTO,L4,Yes,Mandatory
EQ00000544,Instrumentation,L4,Yes,Mandatory
EQ00000545,Mechanical Inspection,L3,No,Preferred
EQ00000545,Isolation/LOTO,L4,No,Mandatory
EQ00000545,Permit to Work,L3,Yes,Mandatory
EQ00000545,Pressure Vessel Safety,L4,No,Preferred
EQ00000545,Hydrotest Safety,L5,Yes,Preferred
EQ00000546,Permit to Work,L5,Yes,Mandatory
EQ00000546,Pipeline Operations,L5,Yes,Mandatory
EQ00000546,Pressure Testing,L4,Yes,Mandatory
EQ00000546,Valve Maintenance,L3,No,Mandatory
EQ00000547,Fire Water Systems,L3,Yes,Mandatory
EQ00000547,Fire Fighting,L3,Yes,Preferred
EQ00000547,Permit to Work,L4,No,Mandatory
EQ00000547,Emergency Response,L3,Yes,Mandatory
EQ00000547,Gas Detection,L4,No,Mandatory
EQ00000548,Rotating Equipment,L4,Yes,Mandatory
EQ00000548,Pump Maintenance,L5,No,Mandatory
EQ00000549,SIS/ESD,L5,No,Mandatory
EQ00000549,Calibration,L3,Yes,Preferred
EQ00000549,Control Systems,L5,Yes,Mandatory
EQ00000550,Mechanical Inspection,L4,Yes,Mandatory
EQ00000550,Isolation/LOTO,L3,No,Mandatory
EQ00000550,Hydrotest Safety,L3,No,Mandatory
EQ00000550,Pressure Vessel Safety,L3,No,Preferred
EQ00000550,Permit to Work,L5,Yes,Preferred
EQ00000551,Wastewater Operations,L3,Yes,Mandatory
EQ00000551,Chemical Handling,L5,Yes,Mandatory
EQ00000551,Environmental Monitoring,L3,Yes,Preferred
EQ00000551,Process Safety,L5,Yes,Preferred
EQ00000552,Fire Water Systems,L5,Yes,Mandatory
EQ00000552,Permit to Work,L5,Yes,Mandatory
EQ00000552,Fire Fighting,L5,Yes,Mandatory
EQ00000553,Welding Safety,L5,No,Mandatory
EQ00000553,Machine Tool Operation,L3,Yes,Mandatory
EQ00000553,Workshop Safety,L4,No,Preferred
EQ00000553,LOTO,L5,Yes,Mandatory
EQ00000554,Emergency Response,L3,No,Mandatory
EQ00000554,Gas Detection,L4,Yes,Preferred
EQ00000555,Permit to Work,L4,No,Mandatory
EQ00000555,Fire Water Systems,L3,Yes,Mandatory
EQ00000556,Process Safety,L5,No,Preferred
EQ00000556,Environmental Monitoring,L3,No,Preferred
EQ00000556,Wastewater Operations,L4,Yes,Preferred
EQ00000557,Rig Floor Safety,L3,No,Mandatory
EQ00000557,Well Control,L3,Yes,Mandatory
EQ00000557,Line of Fire Awareness,L5,Yes,Mandatory
EQ00000557,Drilling Operations,L3,Yes,Mandatory
EQ00000557,Permit to Work,L3,Yes,Mandatory
EQ00000558,Drilling Operations,L4,Yes,Mandatory
EQ00000558,Well Control,L3,Yes,Preferred
EQ00000558,Permit to Work,L4,Yes,Mandatory
EQ00000559,Permit to Work,L4,No,Mandatory
EQ00000559,Pressure Testing,L5,Yes,Mandatory
EQ00000559,Isolation/LOTO,L5,No,Mandatory
EQ00000560,Switchgear Operation,L5,Yes,Mandatory
EQ00000560,Motor Maintenance,L4,Yes,Preferred
EQ00000560,Electrical Safety,L5,No,Preferred
EQ00000560,Electrical Isolation/LOTO,L4,Yes,Mandatory
EQ00000561,Permit to Work,L4,Yes,Mandatory
EQ00000561,Process Operations,L5,Yes,Mandatory
EQ00000561,Process Isolation,L4,Yes,Mandatory
EQ00000562,Lifting Gear Inspection,L4,No,Mandatory
EQ00000562,Line of Fire Awareness,L3,No,Mandatory
EQ00000562,Lifting Operations,L5,Yes,Mandatory
EQ00000562,Rigging,L5,No,Preferred
EQ00000563,Switchgear Operation,L5,Yes,Preferred
EQ00000563,Electrical Isolation/LOTO,L4,No,Mandatory
EQ00000563,Electrical Safety,L4,Yes,Mandatory
EQ00000564,LOTO,L5,Yes,Preferred
EQ00000564,Vibration Monitoring,L5,No,Mandatory
EQ00000564,Rotating Equipment,L3,Yes,Mandatory
EQ00000564,Lubrication,L5,Yes,Mandatory
EQ00000564,Pump Maintenance,L4,No,Mandatory
EQ00000565,Arc Flash Awareness,L3,Yes,Preferred
EQ00000565,Electrical Safety,L3,Yes,Mandatory
EQ00000565,Motor Maintenance,L5,No,Mandatory
EQ00000565,Switchgear Operation,L5,Yes,Mandatory
EQ00000566,Pressure Testing,L3,Yes,Preferred
EQ00000566,Pipeline Operations,L5,Yes,Preferred
EQ00000566,Isolation/LOTO,L3,No,Preferred
EQ00000566,Valve Maintenance,L3,Yes,Mandatory
EQ00000567,Pressure Vessel Safety,L5,Yes,Mandatory
EQ00000567,Permit to Work,L3,Yes,Mandatory
EQ00000568,Environmental Monitoring,L4,Yes,Mandatory
EQ00000568,Process Safety,L5,Yes,Preferred
EQ00000568,Chemical Handling,L4,Yes,Mandatory
EQ00000568,Wastewater Operations,L3,Yes,Preferred
EQ00000569,Rigging,L3,Yes,Mandatory
EQ00000569,Lifting Gear Inspection,L4,Yes,Mandatory
EQ00000570,Arc Flash Awareness,L3,Yes,Mandatory
EQ00000570,Electrical Isolation/LOTO,L5,Yes,Mandatory
EQ00000571,Permit to Work,L3,Yes,Mandatory
EQ00000571,LOTO,L5,No,Preferred
EQ00000572,LOTO,L3,Yes,Mandatory
EQ00000572,Calibration,L3,No,Mandatory
EQ00000572,SIS/ESD,L5,No,Mandatory
EQ00000573,Line of Fire Awareness,L4,Yes,Mandatory
EQ00000573,Crane Operation,L3,Yes,Preferred
EQ00000573,Lifting Operations,L5,Yes,Preferred
EQ00000573,Lifting Gear Inspection,L4,No,Preferred
EQ00000573,Rigging,L4,Yes,Mandatory
EQ00000574,Drilling Operations,L3,No,Mandatory
EQ00000574,Well Control,L3,Yes,Mandatory
EQ00000574,LOTO,L3,Yes,Mandatory
EQ00000574,Permit to Work,L5,Yes,Preferred
EQ00000574,Line of Fire Awareness,L4,Yes,Preferred
EQ00000575,Welding Safety,L3,Yes,Mandatory
EQ00000575,Hot Work,L5,No,Preferred
EQ00000576,Rig Floor Safety,L3,No,Mandatory
EQ00000576,Line of Fire Awareness,L4,No,Mandatory
EQ00000576,Well Control,L3,Yes,Mandatory
EQ00000576,LOTO,L5,Yes,Mandatory
EQ00000576,Drilling Operations,L4,Yes,Preferred
EQ00000577,Line of Fire Awareness,L4,No,Preferred
EQ00000577,Crane Operation,L4,Yes,Mandatory
EQ00000577,Lifting Gear Inspection,L3,Yes,Mandatory
EQ00000577,Lifting Operations,L3,Yes,Preferred
EQ00000577,Rigging,L3,Yes,Preferred
EQ00000578,Motor Maintenance,L3,Yes,Mandatory
EQ00000578,Electrical Safety,L4,Yes,Preferred
EQ00000578,Switchgear Operation,L3,Yes,Mandatory
EQ00000579,LOTO,L3,Yes,Mandatory
EQ00000579,Well Control,L3,No,Mandatory
EQ00000579,Permit to Work,L5,No,Mandatory
EQ00000579,Rig Floor Safety,L3,Yes,Mandatory
EQ00000580,Drilling Operations,L3,Yes,Mandatory
EQ00000580,Rig Floor Safety,L3,Yes,Mandatory
EQ00000581,Line of Fire Awareness,L5,Yes,Mandatory
EQ00000581,Crane Operation,L3,No,Preferred
EQ00000582,Rotating Equipment,L3,Yes,Mandatory
EQ00000582,Alignment,L4,Yes,Mandatory
EQ00000583,Line of Fire Awareness,L4,No,Mandatory
EQ00000583,Lifting Gear Inspection,L4,Yes,Preferred
EQ00000583,Crane Operation,L4,Yes,Mandatory
EQ00000584,Line of Fire Awareness,L5,Yes,Mandatory
EQ00000584,Lifting Operations,L5,Yes,Preferred
EQ00000585,LOTO,L3,No,Preferred
EQ00000585,Drilling Operations,L3,Yes,Mandatory
EQ00000585,Permit to Work,L5,No,Preferred
EQ00000586,Lifting Gear Inspection,L4,Yes,Mandatory
EQ00000586,Lifting Operations,L4,No,Preferred
EQ00000586,Line of Fire Awareness,L3,No,Mandatory
EQ00000586,Crane Operation,L4,No,Mandatory
EQ00000587,Pressure Systems Safety,L4,No,Mandatory
EQ00000587,Gas Testing,L5,No,Mandatory
EQ00000587,Permit to Work,L5,Yes,Mandatory
EQ00000587,Process Operations,L3,No,Preferred
EQ00000587,Process Isolation,L3,Yes,Mandatory
EQ00000588,Process Isolation,L5,No,Mandatory
EQ00000588,Gas Testing,L4,No,Mandatory
EQ00000588,Process Operations,L4,Yes,Mandatory
EQ00000588,Pressure Systems Safety,L3,Yes,Preferred
EQ00000588,Permit to Work,L5,Yes,Mandatory
EQ00000589,Control Systems,L3,No,Mandatory
EQ00000589,Instrumentation,L3,Yes,Mandatory
EQ00000590,Electrical Safety,L5,Yes,Preferred
EQ00000590,Arc Flash Awareness,L4,Yes,Preferred
EQ00000590,Motor Maintenance,L5,Yes,Mandatory
EQ00000590,Switchgear Operation,L3,Yes,Mandatory
EQ00000590,Electrical Isolation/LOTO,L3,No,Mandatory
EQ00000591,Permit to Work,L3,Yes,Mandatory
EQ00000591,Rig Floor Safety,L4,Yes,Preferred
EQ00000591,Line of Fire Awareness,L3,No,Mandatory
EQ00000591,Drilling Operations,L4,No,Preferred
EQ00000591,LOTO,L5,No,Mandatory
EQ00000592,Line of Fire Awareness,L4,Yes,Mandatory
EQ00000592,Lifting Gear Inspection,L5,Yes,Mandatory
EQ00000592,Rigging,L3,Yes,Mandatory
EQ00000593,Electrical Isolation/LOTO,L3,Yes,Mandatory
EQ00000593,Arc Flash Awareness,L4,Yes,Mandatory
EQ00000593,Motor Maintenance,L5,No,Mandatory
EQ00000594,Well Control,L4,Yes,Preferred
EQ00000594,Line of Fire Awareness,L5,No,Mandatory
EQ00000595,Drilling Operations,L4,No,Mandatory
EQ00000595,Well Control,L4,No,Preferred
EQ00000595,Line of Fire Awareness,L5,No,Preferred
EQ00000596,Permit to Work,L3,Yes,Mandatory
EQ00000596,Isolation/LOTO,L5,No,Mandatory
EQ00000597,Hydrotest Safety,L3,Yes,Mandatory
EQ00000597,Isolation/LOTO,L3,Yes,Mandatory
EQ00000598,Permit to Work,L3,Yes,Mandatory
EQ00000598,Process Operations,L3,Yes,Mandatory
EQ00000598,Gas Testing,L4,Yes,Mandatory
EQ00000599,Gas Detection,L5,Yes,Mandatory
EQ00000599,Emergency Response,L3,No,Mandatory
EQ00000599,Fire Fighting,L4,Yes,Mandatory
EQ00000599,Permit to Work,L4,Yes,Mandatory
EQ00000599,Fire Water Systems,L5,Yes,Preferred
EQ00000600,Arc Flash Awareness,L3,Yes,Preferred
EQ00000600,Motor Maintenance,L5,No,Mandatory
EQ00000600,Electrical Isolation/LOTO,L4,Yes,Mandatory
EQ00000600,Switchgear Operation,L5,Yes,Mandatory
EQ00000601,LOTO,L3,No,Mandatory
EQ00000601,Drilling Operations,L5,No,Mandatory
EQ00000601,Permit to Work,L5,Yes,Mandatory
EQ00000602,Motor Maintenance,L4,Yes,Mandatory
EQ00000602,Electrical Safety,L4,Yes,Mandatory
EQ00000602,Arc Flash Awareness,L3,Yes,Mandatory
EQ00000603,Rig Floor Safety,L5,Yes,Mandatory
EQ00000603,Line of Fire Awareness,L4,Yes,Mandatory
EQ00000603,LOTO,L4,Yes,Mandatory
EQ00000604,Control Systems,L5,No,Mandatory
EQ00000604,Instrumentation,L3,No,Preferred
EQ00000604,Calibration,L4,Yes,Preferred
EQ00000605,Electrical Safety,L5,No,Mandatory
EQ00000605,Electrical Isolation/LOTO,L5,Yes,Mandatory
EQ00000605,Arc Flash Awareness,L3,No,Mandatory
EQ00000605,Switchgear Operation,L3,Yes,Mandatory
EQ00000605,Motor Maintenance,L4,Yes,Mandatory
EQ00000606,Switchgear Operation,L3,No,Preferred
EQ00000606,Arc Flash Awareness,L5,No,Preferred
EQ00000606,Motor Maintenance,L4,No,Mandatory
EQ00000606,Electrical Safety,L5,Yes,Mandatory
EQ00000607,Lifting Operations,L3,No,Mandatory
EQ00000607,Line of Fire Awareness,L3,Yes,Mandatory
EQ00000607,Lifting Gear Inspection,L4,Yes,Mandatory
EQ00000608,Journey Management,L4,Yes,Preferred
EQ00000608,Vehicle Inspection,L5,Yes,Mandatory
EQ00000609,Electrical Safety,L3,No,Mandatory
EQ00000609,Switchgear Operation,L3,Yes,Mandatory
EQ00000609,Arc Flash Awareness,L4,Yes,Mandatory
EQ00000609,Electrical Isolation/LOTO,L5,No,Mandatory
EQ00000610,Isolation/LOTO,L5,Yes,Mandatory
EQ00000610,Pressure Vessel Safety,L3,No,Preferred
EQ00000610,Mechanical Inspection,L5,No,Mandatory
EQ00000610,Permit to Work,L4,Yes,Preferred
EQ00000610,Hydrotest Safety,L3,Yes,Mandatory
EQ00000611,Vehicle Inspection,L4,Yes,Mandatory
EQ00000611,Hazardous Material Transport,L5,No,Preferred
EQ00000611,Defensive Driving,L4,Yes,Preferred
EQ00000612,Pressure Vessel Safety,L3,Yes,Mandatory
EQ00000612,Mechanical Inspection,L3,Yes,Preferred
EQ00000613,Workshop Safety,L5,Yes,Preferred
EQ00000613,LOTO,L3,Yes,Mandatory
EQ00000613,Machine Tool Operation,L4,No,Preferred
EQ00000613,Welding Safety,L5,Yes,Mandatory
EQ00000614,Workshop Safety,L4,Yes,Preferred
EQ00000614,Welding Safety,L5,No,Mandatory
EQ00000614,Hot Work,L3,Yes,Mandatory
EQ00000614,LOTO,L4,Yes,Mandatory
EQ00000614,Machine Tool Operation,L4,Yes,Mandatory
EQ00000615,Line of Fire Awareness,L3,Yes,Preferred
EQ00000615,LOTO,L3,No,Preferred
EQ00000615,Rig Floor Safety,L4,Yes,Mandatory
EQ00000615,Well Control,L4,No,Mandatory
EQ00000615,Permit to Work,L4,Yes,Mandatory
EQ00000616,Permit to Work,L5,No,Preferred
EQ00000616,Isolation/LOTO,L4,Yes,Mandatory
EQ00000616,Mechanical Inspection,L3,Yes,Mandatory
EQ00000616,Pressure Vessel Safety,L5,Yes,Mandatory
EQ00000617,Alignment,L3,Yes,Mandatory
EQ00000617,Vibration Monitoring,L4,Yes,Mandatory
EQ00000617,Rotating Equipment,L5,Yes,Mandatory
EQ00000618,LOTO,L5,No,Mandatory
EQ00000618,Well Control,L4,No,Preferred
EQ00000618,Line of Fire Awareness,L3,Yes,Preferred
EQ00000618,Drilling Operations,L5,Yes,Mandatory
EQ00000618,Permit to Work,L3,Yes,Mandatory
EQ00000619,Permit to Work,L4,Yes,Preferred
EQ00000619,Valve Maintenance,L3,Yes,Mandatory
EQ00000619,Pipeline Operations,L4,No,Mandatory
EQ00000619,Pressure Testing,L5,No,Mandatory
EQ00000619,Isolation/LOTO,L5,Yes,Mandatory
EQ00000620,Well Control,L4,Yes,Mandatory
EQ00000620,Rig Floor Safety,L5,Yes,Mandatory
EQ00000620,Line of Fire Awareness,L5,Yes,Preferred
EQ00000620,Permit to Work,L3,Yes,Mandatory
EQ00000620,LOTO,L5,Yes,Mandatory
EQ00000621,Gas Detection,L3,Yes,Mandatory
EQ00000621,Fire Fighting,L3,No,Mandatory
EQ00000621,Fire Water Systems,L4,Yes,Preferred
EQ00000622,Permit to Work,L5,Yes,Preferred
EQ00000622,Process Operations,L4,Yes,Mandatory
EQ00000622,Pressure Systems Safety,L4,No,Preferred
EQ00000622,Gas Testing,L3,No,Mandatory
EQ00000622,Process Isolation,L3,Yes,Preferred
EQ00000623,Machine Tool Operation,L3,Yes,Mandatory
EQ00000623,Workshop Safety,L5,No,Preferred
EQ00000624,Vibration Monitoring,L4,Yes,Mandatory
EQ00000624,Rotating Equipment,L5,Yes,Mandatory
EQ00000625,Line of Fire Awareness,L4,No,Mandatory
EQ00000625,Permit to Work,L4,Yes,Mandatory
EQ00000626,Pressure Testing,L5,No,Mandatory
EQ00000626,Permit to Work,L3,Yes,Mandatory
EQ00000626,Isolation/LOTO,L5,No,Preferred
EQ00000627,Workshop Safety,L4,Yes,Preferred
EQ00000627,Hot Work,L4,Yes,Mandatory
EQ00000627,Welding Safety,L3,No,Mandatory
EQ00000627,LOTO,L4,Yes,Mandatory
EQ00000627,Machine Tool Operation,L5,Yes,Mandatory
EQ00000628,Permit to Work,L4,Yes,Preferred
EQ00000628,Gas Testing,L4,No,Preferred
EQ00000628,Pressure Systems Safety,L3,Yes,Mandatory
EQ00000628,Process Operations,L4,Yes,Preferred
EQ00000628,Process Isolation,L4,Yes,Mandatory
EQ00000629,Motor Maintenance,L3,Yes,Mandatory
EQ00000629,Electrical Safety,L3,Yes,Mandatory
EQ00000629,Electrical Isolation/LOTO,L5,No,Mandatory
EQ00000629,Arc Flash Awareness,L4,Yes,Preferred
EQ00000630,Electrical Isolation/LOTO,L3,Yes,Preferred
EQ00000630,Switchgear Operation,L5,Yes,Mandatory
EQ00000631,Arc Flash Awareness,L3,No,Preferred
EQ00000631,Electrical Safety,L5,No,Mandatory
EQ00000631,Switchgear Operation,L5,No,Mandatory
EQ00000631,Electrical Isolation/LOTO,L4,Yes,Mandatory
EQ00000631,Motor Maintenance,L3,Yes,Mandatory
EQ00000632,Alignment,L5,Yes,Preferred
EQ00000632,Pump Maintenance,L5,Yes,Mandatory
EQ00000632,Rotating Equipment,L3,Yes,Mandatory
EQ00000633,Motor Maintenance,L4,No,Mandatory
EQ00000633,Electrical Safety,L4,Yes,Mandatory
EQ00000633,Arc Flash Awareness,L4,Yes,Mandatory
EQ00000634,Workshop Safety,L5,Yes,Preferred
EQ00000634,Welding Safety,L5,Yes,Mandatory
EQ00000634,Machine Tool Operation,L4,Yes,Mandatory
EQ00000634,LOTO,L3,Yes,Mandatory
EQ00000635,Pressure Vessel Safety,L3,No,Mandatory
EQ00000635,Hydrotest Safety,L4,Yes,Mandatory
EQ00000635,Mechanical Inspection,L3,No,Mandatory
EQ00000635,Isolation/LOTO,L5,No,Preferred
EQ00000635,Permit to Work,L5,Yes,Mandatory
EQ00000636,Electrical Safety,L5,Yes,Mandatory
EQ00000636,Motor Maintenance,L5,Yes,Preferred
EQ00000636,Electrical Isolation/LOTO,L4,Yes,Mandatory
EQ00000636,Switchgear Operation,L3,Yes,Mandatory
EQ00000637,Permit to Work,L3,Yes,Mandatory
EQ00000637,Gas Testing,L5,Yes,Mandatory
EQ00000637,Process Operations,L4,Yes,Mandatory
EQ00000638,Permit to Work,L5,No,Mandatory
EQ00000638,Emergency Response,L4,No,Mandatory
EQ00000639,Motor Maintenance,L5,Yes,Mandatory
EQ00000639,Electrical Safety,L4,Yes,Preferred
EQ00000639,Switchgear Operation,L4,Yes,Mandatory
EQ00000640,LOTO,L3,No,Preferred
EQ00000640,Workshop Safety,L3,Yes,Mandatory
EQ00000641,Isolation/LOTO,L5,No,Mandatory
EQ00000641,Pipeline Operations,L3,Yes,Mandatory
EQ00000641,Permit to Work,L4,No,Mandatory
EQ00000642,Pressure Testing,L4,No,Mandatory
EQ00000642,Permit to Work,L4,Yes,Mandatory
EQ00000642,Isolation/LOTO,L5,No,Mandatory
EQ00000642,Pipeline Operations,L3,Yes,Preferred
EQ00000642,Valve Maintenance,L4,Yes,Preferred
EQ00000643,Alignment,L5,Yes,Mandatory
EQ00000643,Pump Maintenance,L3,No,Preferred
EQ00000644,Permit to Work,L4,No,Mandatory
EQ00000644,Rig Floor Safety,L3,Yes,Mandatory
EQ00000644,Drilling Operations,L5,No,Mandatory
EQ00000644,Line of Fire Awareness,L5,Yes,Preferred
EQ00000644,Well Control,L4,Yes,Preferred
EQ00000645,Drilling Operations,L4,No,Mandatory
EQ00000645,Well Control,L5,Yes,Mandatory
EQ00000645,Permit to Work,L5,Yes,Mandatory
EQ00000645,Rig Floor Safety,L3,Yes,Mandatory
EQ00000645,LOTO,L4,Yes,Mandatory
EQ00000646,Machine Tool Operation,L4,No,Preferred
EQ00000646,Hot Work,L5,Yes,Preferred
EQ00000646,Welding Safety,L5,No,Preferred
EQ00000647,Isolation/LOTO,L4,No,Mandatory
EQ00000647,Permit to Work,L4,No,Mandatory
EQ00000648,Vehicle Inspection,L4,Yes,Mandatory
EQ00000648,Defensive Driving,L3,No,Mandatory
EQ00000648,Journey Management,L5,Yes,Mandatory
EQ00000649,Electrical Safety,L3,No,Mandatory
EQ00000649,Electrical Isolation/LOTO,L4,No,Mandatory
EQ00000649,Motor Maintenance,L5,Yes,Mandatory
EQ00000649,Switchgear Operation,L4,Yes,Preferred
EQ00000650,Line of Fire Awareness,L5,No,Preferred
EQ00000650,Permit to Work,L5,Yes,Preferred
EQ00000650,Well Control,L5,No,Preferred
EQ00000650,Drilling Operations,L3,Yes,Preferred
EQ00000650,Rig Floor Safety,L5,Yes,Preferred
EQ00000651,Workshop Safety,L5,Yes,Mandatory
EQ00000651,Machine Tool Operation,L3,Yes,Mandatory
EQ00000652,Hot Work,L5,Yes,Mandatory
EQ00000652,Welding Safety,L3,Yes,Preferred
EQ00000652,Machine Tool Operation,L4,Yes,Preferred
EQ00000653,Line of Fire Awareness,L3,Yes,Mandatory
EQ00000653,Lifting Gear Inspection,L3,No,Mandatory
EQ00000654,Alignment,L3,No,Mandatory
EQ00000654,LOTO,L4,Yes,Mandatory
EQ00000654,Vibration Monitoring,L3,Yes,Mandatory
EQ00000654,Pump Maintenance,L5,Yes,Preferred
EQ00000654,Lubrication,L4,No,Mandatory
EQ00000655,Rotating Equipment,L3,No,Mandatory
EQ00000655,Vibration Monitoring,L3,No,Mandatory
EQ00000655,Pump Maintenance,L3,Yes,Preferred
EQ00000655,Lubrication,L4,No,Mandatory
EQ00000655,Alignment,L3,No,Preferred
EQ00000656,Crane Operation,L5,Yes,Mandatory
EQ00000656,Line of Fire Awareness,L4,Yes,Mandatory
EQ00000656,Lifting Operations,L5,Yes,Mandatory
EQ00000657,Hazardous Material Transport,L3,No,Mandatory
EQ00000657,Vehicle Inspection,L5,Yes,Mandatory
EQ00000657,Defensive Driving,L4,Yes,Preferred
EQ00000657,Journey Management,L3,Yes,Mandatory
EQ00000658,Arc Flash Awareness,L3,Yes,Mandatory
EQ00000658,Motor Maintenance,L3,Yes,Mandatory
EQ00000658,Switchgear Operation,L3,No,Mandatory
EQ00000658,Electrical Isolation/LOTO,L3,No,Mandatory
EQ00000659,Permit to Work,L4,No,Mandatory
EQ00000659,Pressure Systems Safety,L4,No,Preferred
EQ00000660,Defensive Driving,L4,No,Preferred
EQ00000660,Journey Management,L5,Yes,Mandatory
EQ00000660,Vehicle Inspection,L3,No,Preferred
EQ00000660,Hazardous Material Transport,L4,No,Mandatory
EQ00000661,Pump Maintenance,L5,Yes,Mandatory
EQ00000661,Lubrication,L3,Yes,Mandatory
EQ00000661,LOTO,L3,No,Mandatory
EQ00000661,Alignment,L3,Yes,Preferred
EQ00000661,Vibration Monitoring,L4,No,Mandatory
EQ00000662,Wastewater Operations,L5,Yes,Mandatory
EQ00000662,Process Safety,L3,Yes,Mandatory
EQ00000662,Chemical Handling,L4,Yes,Mandatory
EQ00000662,Environmental Monitoring,L3,Yes,Preferred
EQ00000663,Valve Maintenance,L4,Yes,Preferred
EQ00000663,Pipeline Operations,L3,No,Mandatory
EQ00000663,Isolation/LOTO,L4,No,Mandatory
EQ00000663,Pressure Testing,L4,Yes,Mandatory
EQ00000663,Permit to Work,L5,Yes,Preferred
EQ00000664,Pump Maintenance,L3,Yes,Mandatory
EQ00000664,Alignment,L3,Yes,Mandatory
EQ00000664,Rotating Equipment,L5,Yes,Preferred
EQ00000665,Process Operations,L3,Yes,Mandatory
EQ00000665,Gas Testing,L3,No,Preferred
EQ00000665,Pressure Systems Safety,L5,Yes,Mandatory
EQ00000665,Permit to Work,L4,Yes,Mandatory
EQ00000666,Switchgear Operation,L5,Yes,Mandatory
EQ00000666,Electrical Safety,L4,Yes,Mandatory
EQ00000666,Arc Flash Awareness,L3,Yes,Mandatory
EQ00000666,Electrical Isolation/LOTO,L4,No,Mandatory
EQ00000666,Motor Maintenance,L3,No,Mandatory
EQ00000667,Electrical Safety,L5,Yes,Preferred
EQ00000667,Electrical Isolation/LOTO,L3,No,Mandatory
EQ00000667,Motor Maintenance,L5,Yes,Mandatory
EQ00000667,Switchgear Operation,L4,Yes,Preferred
EQ00000668,Lubrication,L3,No,Preferred
EQ00000668,LOTO,L4,No,Mandatory
EQ00000668,Vibration Monitoring,L3,No,Mandatory
EQ00000668,Rotating Equipment,L3,No,Mandatory
EQ00000668,Alignment,L3,No,Mandatory
EQ00000669,Line of Fire Awareness,L3,Yes,Mandatory
EQ00000669,Rigging,L3,Yes,Mandatory
EQ00000670,Fire Water Systems,L4,No,Mandatory
EQ00000670,Emergency Response,L4,No,Mandatory
EQ00000670,Permit to Work,L5,Yes,Mandatory
EQ00000670,Fire Fighting,L5,Yes,Mandatory
EQ00000671,Machine Tool Operation,L4,Yes,Mandatory
EQ00000671,Welding Safety,L3,Yes,Mandatory
EQ00000672,Permit to Work,L5,No,Mandatory
EQ00000672,Fire Fighting,L3,Yes,Mandatory
EQ00000672,Gas Detection,L5,Yes,Mandatory
EQ00000672,Fire Water Systems,L3,Yes,Mandatory
EQ00000673,Isolation/LOTO,L3,No,Preferred
EQ00000673,Pressure Vessel Safety,L5,Yes,Preferred
EQ00000674,Lifting Operations,L4,Yes,Mandatory
EQ00000674,Lifting Gear Inspection,L3,Yes,Preferred
EQ00000674,Rigging,L5,Yes,Mandatory
EQ00000675,Drilling Operations,L3,No,Mandatory
EQ00000675,Permit to Work,L3,Yes,Mandatory
EQ00000676,Chemical Handling,L4,No,Mandatory
EQ00000676,Environmental Monitoring,L4,Yes,Mandatory
EQ00000676,Process Safety,L4,Yes,Mandatory
EQ00000677,Pressure Testing,L4,No,Mandatory
EQ00000677,Isolation/LOTO,L3,No,Preferred
EQ00000678,Pressure Systems Safety,L4,Yes,Preferred
EQ00000678,Process Isolation,L4,Yes,Preferred
EQ00000678,Permit to Work,L3,Yes,Mandatory
EQ00000678,Process Operations,L4,Yes,Preferred
EQ00000678,Gas Testing,L4,No,Preferred
EQ00000679,Gas Testing,L3,Yes,Mandatory
EQ00000679,Pressure Systems Safety,L5,No,Mandatory
EQ00000679,Process Isolation,L3,Yes,Preferred
EQ00000679,Process Operations,L5,Yes,Mandatory
EQ00000679,Permit to Work,L3,Yes,Mandatory
EQ00000680,Drilling Operations,L3,Yes,Mandatory
EQ00000680,Rig Floor Safety,L4,Yes,Mandatory
EQ00000680,LOTO,L5,Yes,Mandatory
EQ00000681,Electrical Safety,L5,Yes,Mandatory
EQ00000681,Electrical Isolation/LOTO,L5,Yes,Mandatory
EQ00000682,Line of Fire Awareness,L3,Yes,Mandatory
EQ00000682,Permit to Work,L4,Yes,Preferred
EQ00000682,Drilling Operations,L4,No,Preferred
EQ00000682,LOTO,L3,No,Mandatory
EQ00000683,Process Operations,L4,No,Mandatory
EQ00000683,Gas Testing,L3,Yes,Preferred
EQ00000684,Electrical Isolation/LOTO,L3,Yes,Mandatory
EQ00000684,Switchgear Operation,L5,Yes,Preferred
EQ00000685,Crane Operation,L3,Yes,Preferred
EQ00000685,Lifting Operations,L4,No,Mandatory
EQ00000686,Rig Floor Safety,L3,No,Mandatory
EQ00000686,Permit to Work,L3,Yes,Mandatory
EQ00000686,Drilling Operations,L3,Yes,Mandatory
EQ00000686,Line of Fire Awareness,L3,No,Mandatory
EQ00000686,Well Control,L4,Yes,Mandatory
EQ00000687,Crane Operation,L5,Yes,Preferred
EQ00000687,Lifting Gear Inspection,L5,No,Mandatory
EQ00000687,Line of Fire Awareness,L5,Yes,Mandatory
EQ00000687,Lifting Operations,L4,Yes,Mandatory
EQ00000688,Permit to Work,L5,Yes,Mandatory
EQ00000688,Gas Testing,L3,Yes,Mandatory
EQ00000688,Process Operations,L4,Yes,Mandatory
EQ00000689,Machine Tool Operation,L4,Yes,Mandatory
EQ00000689,Workshop Safety,L3,Yes,Mandatory
EQ00000690,Drilling Operations,L3,No,Preferred
EQ00000690,Line of Fire Awareness,L4,Yes,Mandatory
EQ00000690,Rig Floor Safety,L3,Yes,Mandatory
EQ00000690,Permit to Work,L5,Yes,Mandatory
EQ00000691,Drilling Operations,L4,Yes,Mandatory
EQ00000691,Line of Fire Awareness,L5,No,Mandatory
EQ00000692,Electrical Safety,L4,Yes,Preferred
EQ00000692,Motor Maintenance,L5,No,Mandatory
EQ00000692,Arc Flash Awareness,L5,No,Mandatory
EQ00000693,Permit to Work,L4,No,Preferred
EQ00000693,LOTO,L5,No,Mandatory
EQ00000693,Drilling Operations,L3,Yes,Preferred
EQ00000693,Rig Floor Safety,L3,Yes,Mandatory
EQ00000693,Well Control,L4,Yes,Mandatory
EQ00000694,Welding Safety,L5,Yes,Preferred
EQ00000694,LOTO,L4,Yes,Mandatory
EQ00000694,Machine Tool Operation,L4,No,Mandatory
EQ00000695,Crane Operation,L4,Yes,Mandatory
EQ00000695,Rigging,L4,Yes,Preferred
EQ00000695,Lifting Gear Inspection,L3,Yes,Mandatory
EQ00000695,Lifting Operations,L5,No,Mandatory
EQ00000696,Pressure Systems Safety,L4,Yes,Preferred
EQ00000696,Permit to Work,L5,Yes,Mandatory
EQ00000697,Gas Detection,L3,No,Mandatory
EQ00000697,Fire Fighting,L3,No,Mandatory
EQ00000697,Emergency Response,L3,Yes,Preferred
EQ00000698,LOTO,L3,Yes,Mandatory
EQ00000698,Instrumentation,L3,No,Preferred
EQ00000699,Fire Fighting,L5,Yes,Preferred
EQ00000699,Gas Detection,L3,Yes,Mandatory
EQ00000699,Fire Water Systems,L4,Yes,Mandatory
EQ00000700,Pressure Vessel Safety,L5,Yes,Mandatory
EQ00000700,Mechanical Inspection,L5,Yes,Preferred
EQ00000700,Hydrotest Safety,L3,No,Preferred
EQ00000700,Permit to Work,L3,Yes,Mandatory
EQ00000700,Isolation/LOTO,L3,No,Mandatory
EQ00000701,Drilling Operations,L3,Yes,Mandatory
EQ00000701,Line of Fire Awareness,L5,Yes,Mandatory
EQ00000701,Rig Floor Safety,L3,Yes,Preferred
EQ00000701,Permit to Work,L5,No,Mandatory
EQ00000701,Well Control,L3,No,Mandatory
EQ00000702,Process Isolation,L4,No,Mandatory
EQ00000702,Process Operations,L5,Yes,Mandatory
EQ00000703,Vibration Monitoring,L5,Yes,Mandatory
EQ00000703,Lubrication,L3,Yes,Preferred
EQ00000703,LOTO,L4,No,Mandatory
EQ00000703,Pump Maintenance,L3,Yes,Preferred
EQ00000703,Alignment,L3,Yes,Mandatory
EQ00000704,Pressure Testing,L5,Yes,Mandatory
EQ00000704,Valve Maintenance,L5,Yes,Mandatory
EQ00000704,Pipeline Operations,L3,Yes,Mandatory
EQ00000704,Permit to Work,L4,No,Mandatory
EQ00000705,Mechanical Inspection,L5,No,Mandatory
EQ00000705,Hydrotest Safety,L5,Yes,Preferred
EQ00000705,Isolation/LOTO,L5,No,Mandatory
EQ00000706,Vehicle Inspection,L4,No,Preferred
EQ00000706,Defensive Driving,L5,Yes,Preferred
EQ00000706,Hazardous Material Transport,L3,No,Preferred
EQ00000707,Permit to Work,L4,Yes,Preferred
EQ00000707,Well Control,L3,Yes,Mandatory
EQ00000708,Process Safety,L3,No,Mandatory
EQ00000708,Chemical Handling,L3,Yes,Preferred
EQ00000708,Environmental Monitoring,L3,Yes,Preferred
EQ00000709,Electrical Isolation/LOTO,L5,Yes,Preferred
EQ00000709,Motor Maintenance,L5,No,Preferred
EQ00000710,Rotating Equipment,L4,Yes,Mandatory
EQ00000710,Alignment,L5,Yes,Preferred
EQ00000710,LOTO,L4,Yes,Mandatory
EQ00000710,Pump Maintenance,L5,Yes,Mandatory
EQ00000710,Lubrication,L3,Yes,Mandatory
EQ00000711,Pipeline Operations,L3,No,Mandatory
EQ00000711,Valve Maintenance,L3,Yes,Mandatory
EQ00000711,Permit to Work,L3,Yes,Mandatory
EQ00000712,Pressure Systems Safety,L5,No,Preferred
EQ00000712,Process Operations,L4,No,Mandatory
EQ00000712,Process Isolation,L5,No,Mandatory
EQ00000712,Gas Testing,L4,No,Mandatory
EQ00000712,Permit to Work,L4,No,Mandatory
EQ00000713,Line of Fire Awareness,L5,No,Preferred
EQ00000713,Drilling Operations,L5,Yes,Mandatory
EQ00000713,Rig Floor Safety,L3,No,Preferred
EQ00000714,Environmental Monitoring,L3,No,Mandatory
EQ00000714,Process Safety,L5,No,Mandatory
EQ00000715,Rotating Equipment,L3,No,Mandatory
EQ00000715,LOTO,L3,No,Mandatory
EQ00000715,Alignment,L3,Yes,Preferred
EQ00000715,Pump Maintenance,L3,Yes,Mandatory
EQ00000715,Vibration Monitoring,L5,Yes,Mandatory
EQ00000716,Machine Tool Operation,L3,No,Preferred
EQ00000716,Welding Safety,L5,No,Preferred
EQ00000717,Line of Fire Awareness,L4,Yes,Mandatory
EQ00000717,LOTO,L5,No,Preferred
EQ00000717,Well Control,L5,Yes,Preferred
EQ00000718,Vehicle Inspection,L4,No,Mandatory
EQ00000718,Journey Management,L4,Yes,Mandatory
EQ00000719,Fire Water Systems,L4,Yes,Preferred
EQ00000719,Permit to Work,L3,Yes,Mandatory
EQ00000719,Fire Fighting,L5,No,Mandatory
EQ00000720,Alignment,L4,No,Preferred
EQ00000720,Vibration Monitoring,L4,No,Mandatory
EQ00000721,Calibration,L4,No,Preferred
EQ00000721,SIS/ESD,L4,Yes,Preferred
EQ00000721,Control Systems,L3,Yes,Mandatory
EQ00000721,Instrumentation,L4,Yes,Mandatory
EQ00000722,Gas Detection,L4,Yes,Mandatory
EQ00000722,Permit to Work,L4,No,Mandatory
EQ00000722,Fire Water Systems,L3,Yes,Preferred
EQ00000722,Fire Fighting,L5,No,Preferred
EQ00000722,Emergency Response,L5,No,Mandatory
EQ00000723,LOTO,L5,Yes,Mandatory
EQ00000723,Control Systems,L3,No,Mandatory
EQ00000723,SIS/ESD,L3,No,Mandatory
EQ00000724,LOTO,L5,Yes,Mandatory
EQ00000724,Welding Safety,L3,No,Mandatory
EQ00000724,Workshop Safety,L4,Yes,Preferred
EQ00000724,Machine Tool Operation,L5,Yes,Mandatory
EQ00000725,SIS/ESD,L3,Yes,Mandatory
EQ00000725,Control Systems,L4,No,Preferred
EQ00000726,Well Control,L4,No,Preferred
EQ00000726,Rig Floor Safety,L5,Yes,Mandatory
EQ00000726,LOTO,L5,No,Mandatory
EQ00000726,Line of Fire Awareness,L5,Yes,Preferred
EQ00000726,Drilling Operations,L4,Yes,Preferred
EQ00000727,Lifting Gear Inspection,L5,Yes,Mandatory
EQ00000727,Line of Fire Awareness,L5,No,Mandatory
EQ00000727,Rigging,L5,No,Mandatory
EQ00000727,Lifting Operations,L5,Yes,Mandatory
EQ00000727,Crane Operation,L5,Yes,Mandatory
EQ00000728,Hazardous Material Transport,L5,No,Preferred
EQ00000728,Vehicle Inspection,L3,Yes,Preferred
EQ00000728,Defensive Driving,L4,Yes,Mandatory
EQ00000728,Journey Management,L4,No,Mandatory
EQ00000729,Permit to Work,L5,No,Mandatory
EQ00000729,Fire Water Systems,L5,Yes,Preferred
EQ00000729,Emergency Response,L3,Yes,Mandatory
EQ00000730,Well Control,L3,Yes,Preferred
EQ00000730,LOTO,L5,No,Mandatory
EQ00000730,Rig Floor Safety,L3,Yes,Mandatory
EQ00000731,Hazardous Material Transport,L4,Yes,Mandatory
EQ00000731,Vehicle Inspection,L4,Yes,Mandatory
EQ00000732,SIS/ESD,L4,Yes,Mandatory
EQ00000732,Calibration,L3,No,Mandatory
EQ00000732,Instrumentation,L4,No,Preferred
EQ00000732,LOTO,L5,No,Preferred
EQ00000732,Control Systems,L3,No,Mandatory
EQ00000733,Line of Fire Awareness,L4,No,Mandatory
EQ00000733,Crane Operation,L4,Yes,Preferred
EQ00000733,Lifting Operations,L4,No,Preferred
EQ00000734,Calibration,L5,No,Mandatory
EQ00000734,Control Systems,L4,Yes,Preferred
EQ00000735,Rigging,L5,Yes,Mandatory
EQ00000735,Lifting Operations,L5,Yes,Mandatory
EQ00000735,Crane Operation,L3,No,Mandatory
EQ00000735,Lifting Gear Inspection,L5,No,Mandatory
EQ00000736,LOTO,L3,No,Mandatory
EQ00000736,SIS/ESD,L3,Yes,Preferred
EQ00000737,Fire Water Systems,L3,Yes,Mandatory
EQ00000737,Emergency Response,L3,Yes,Mandatory
EQ00000738,Switchgear Operation,L5,Yes,Mandatory
EQ00000738,Motor Maintenance,L4,Yes,Preferred
EQ00000738,Arc Flash Awareness,L5,No,Mandatory
EQ00000739,Pipeline Operations,L5,No,Mandatory
EQ00000739,Valve Maintenance,L4,No,Mandatory
EQ00000740,LOTO,L3,Yes,Mandatory
EQ00000740,Line of Fire Awareness,L4,No,Mandatory
EQ00000740,Well Control,L3,No,Mandatory
EQ00000740,Drilling Operations,L4,Yes,Mandatory
EQ00000740,Rig Floor Safety,L4,Yes,Mandatory
EQ00000741,Well Control,L4,No,Preferred
EQ00000741,Permit to Work,L3,Yes,Mandatory
EQ00000741,LOTO,L3,Yes,Mandatory
EQ00000741,Line of Fire Awareness,L5,No,Mandatory
EQ00000741,Rig Floor Safety,L5,No,Preferred
EQ00000742,Control Systems,L5,No,Preferred
EQ00000742,Instrumentation,L4,No,Mandatory
EQ00000742,SIS/ESD,L4,Yes,Mandatory
EQ00000742,LOTO,L4,Yes,Mandatory
EQ00000742,Calibration,L3,No,Mandatory
EQ00000743,Well Control,L4,Yes,Mandatory
EQ00000743,LOTO,L5,No,Mandatory
EQ00000743,Rig Floor Safety,L5,Yes,Mandatory
EQ00000743,Line of Fire Awareness,L3,Yes,Preferred
EQ00000743,Drilling Operations,L5,No,Mandatory
EQ00000744,Electrical Safety,L3,Yes,Preferred
EQ00000744,Switchgear Operation,L3,Yes,Mandatory
EQ00000745,LOTO,L5,Yes,Mandatory
EQ00000745,SIS/ESD,L3,No,Mandatory
EQ00000745,Calibration,L3,Yes,Mandatory
EQ00000745,Control Systems,L4,Yes,Mandatory
EQ00000746,Machine Tool Operation,L3,Yes,Mandatory
EQ00000746,LOTO,L5,Yes,Mandatory
EQ00000746,Hot Work,L5,Yes,Mandatory
EQ00000746,Workshop Safety,L5,No,Mandatory
EQ00000746,Welding Safety,L5,No,Preferred
EQ00000747,Emergency Response,L4,Yes,Preferred
EQ00000747,Fire Fighting,L4,Yes,Mandatory
EQ00000748,Gas Testing,L4,No,Mandatory
EQ00000748,Pressure Systems Safety,L3,Yes,Mandatory
EQ00000748,Process Operations,L3,No,Preferred
EQ00000749,Process Isolation,L4,Yes,Mandatory
EQ00000749,Pressure Systems Safety,L5,Yes,Mandatory
EQ00000749,Process Operations,L5,Yes,Preferred
EQ00000749,Permit to Work,L5,Yes,Preferred
EQ00000750,Gas Detection,L4,No,Preferred
EQ00000750,Fire Fighting,L4,No,Preferred
EQ00000750,Emergency Response,L3,Yes,Preferred
EQ00000750,Permit to Work,L3,Yes,Preferred
EQ00000750,Fire Water Systems,L4,Yes,Preferred
EQ00000751,Hot Work,L3,No,Mandatory
EQ00000751,Workshop Safety,L3,No,Mandatory
EQ00000751,Welding Safety,L4,Yes,Preferred
EQ00000751,LOTO,L3,Yes,Preferred
EQ00000752,Pressure Testing,L5,Yes,Mandatory
EQ00000752,Permit to Work,L5,No,Mandatory
EQ00000752,Pipeline Operations,L4,No,Preferred
EQ00000753,Process Safety,L3,Yes,Preferred
EQ00000753,Wastewater Operations,L3,Yes,Mandatory
EQ00000753,Environmental Monitoring,L5,No,Mandatory
EQ00000753,Chemical Handling,L3,Yes,Preferred
EQ00000754,Isolation/LOTO,L4,No,Mandatory
EQ00000754,Permit to Work,L4,Yes,Preferred
EQ00000754,Hydrotest Safety,L3,Yes,Preferred
EQ00000754,Pressure Vessel Safety,L3,Yes,Mandatory
EQ00000754,Mechanical Inspection,L3,Yes,Mandatory
EQ00000755,Lifting Operations,L4,Yes,Preferred
EQ00000755,Rigging,L4,Yes,Mandatory
EQ00000755,Line of Fire Awareness,L4,No,Preferred
EQ00000755,Crane Operation,L5,Yes,Mandatory
EQ00000755,Lifting Gear Inspection,L5,No,Mandatory
EQ00000756,Permit to Work,L5,Yes,Preferred
EQ00000756,Isolation/LOTO,L5,Yes,Mandatory
EQ00000756,Mechanical Inspection,L5,Yes,Mandatory
EQ00000756,Hydrotest Safety,L5,Yes,Preferred
EQ00000756,Pressure Vessel Safety,L5,No,Mandatory
EQ00000757,Calibration,L5,Yes,Mandatory
EQ00000757,SIS/ESD,L4,No,Mandatory
EQ00000757,Instrumentation,L4,No,Mandatory
EQ00000757,LOTO,L4,Yes,Preferred
EQ00000758,Process Safety,L3,Yes,Mandatory
EQ00000758,Wastewater Operations,L3,No,Mandatory
EQ00000758,Environmental Monitoring,L4,Yes,Mandatory
EQ00000758,Chemical Handling,L5,Yes,Preferred
EQ00000759,Switchgear Operation,L4,Yes,Preferred
EQ00000759,Arc Flash Awareness,L4,No,Preferred
EQ00000759,Electrical Safety,L3,Yes,Preferred
EQ00000759,Electrical Isolation/LOTO,L3,No,Mandatory
EQ00000760,Gas Detection,L4,Yes,Preferred
EQ00000760,Emergency Response,L3,Yes,Preferred
EQ00000760,Permit to Work,L5,Yes,Mandatory
EQ00000761,Process Isolation,L4,Yes,Mandatory
EQ00000761,Process Operations,L3,Yes,Mandatory
EQ00000761,Pressure Systems Safety,L4,Yes,Mandatory
EQ00000761,Permit to Work,L3,Yes,Mandatory
EQ00000761,Gas Testing,L3,No,Mandatory
EQ00000762,Rigging,L4,Yes,Mandatory
EQ00000762,Line of Fire Awareness,L5,No,Preferred
EQ00000762,Crane Operation,L3,No,Mandatory
EQ00000762,Lifting Operations,L4,Yes,Preferred
EQ00000763,Isolation/LOTO,L5,Yes,Preferred
EQ00000763,Hydrotest Safety,L4,Yes,Preferred
EQ00000763,Mechanical Inspection,L3,Yes,Mandatory
EQ00000763,Pressure Vessel Safety,L5,Yes,Mandatory
EQ00000764,Pipeline Operations,L5,Yes,Mandatory
EQ00000764,Valve Maintenance,L4,No,Mandatory
EQ00000764,Pressure Testing,L4,No,Preferred
EQ00000765,Calibration,L4,No,Mandatory
EQ00000765,Control Systems,L3,Yes,Mandatory
EQ00000765,LOTO,L4,Yes,Preferred
EQ00000765,SIS/ESD,L5,Yes,Preferred
EQ00000766,Alignment,L5,No,Preferred
EQ00000766,Vibration Monitoring,L4,Yes,Preferred
EQ00000766,Rotating Equipment,L3,Yes,Preferred
EQ00000766,Pump Maintenance,L4,Yes,Preferred
EQ00000766,Lubrication,L5,Yes,Preferred
EQ00000767,Defensive Driving,L5,Yes,Mandatory
EQ00000767,Hazardous Material Transport,L4,Yes,Mandatory
EQ00000767,Journey Management,L5,Yes,Mandatory
EQ00000767,Vehicle Inspection,L4,No,Mandatory
EQ00000768,Instrumentation,L4,Yes,Mandatory
EQ00000768,Control Systems,L3,Yes,Mandatory
EQ00000768,SIS/ESD,L3,Yes,Mandatory
EQ00000769,Machine Tool Operation,L4,No,Preferred
EQ00000769,Hot Work,L5,No,Mandatory
EQ00000769,Workshop Safety,L4,No,Preferred
EQ00000769,Welding Safety,L5,Yes,Preferred
EQ00000770,Calibration,L3,Yes,Preferred
EQ00000770,SIS/ESD,L4,Yes,Preferred
EQ00000770,Control Systems,L3,No,Mandatory
EQ00000770,LOTO,L4,Yes,Mandatory
EQ00000770,Instrumentation,L5,No,Preferred
EQ00000771,Crane Operation,L4,No,Preferred
EQ00000771,Rigging,L5,Yes,Mandatory
EQ00000771,Line of Fire Awareness,L5,No,Mandatory
EQ00000771,Lifting Operations,L3,No,Mandatory
EQ00000772,Permit to Work,L4,Yes,Preferred
EQ00000772,Pressure Testing,L4,Yes,Mandatory
EQ00000773,Line of Fire Awareness,L3,No,Preferred
EQ00000773,Well Control,L3,Yes,Mandatory
EQ00000773,Permit to Work,L4,Yes,Preferred
EQ00000773,Rig Floor Safety,L4,No,Mandatory
EQ00000773,Drilling Operations,L3,No,Preferred
EQ00000774,Gas Testing,L5,Yes,Mandatory
EQ00000774,Process Isolation,L5,Yes,Preferred
EQ00000774,Process Operations,L4,No,Mandatory
EQ00000775,LOTO,L4,No,Preferred
EQ00000775,Control Systems,L4,Yes,Preferred
EQ00000775,Calibration,L4,Yes,Preferred
EQ00000775,SIS/ESD,L3,Yes,Mandatory
EQ00000775,Instrumentation,L5,Yes,Mandatory
EQ00000776,Electrical Safety,L5,Yes,Mandatory
EQ00000776,Arc Flash Awareness,L4,Yes,Mandatory
EQ00000776,Switchgear Operation,L5,No,Preferred
EQ00000776,Electrical Isolation/LOTO,L5,Yes,Mandatory
EQ00000777,Welding Safety,L3,Yes,Preferred
EQ00000777,Hot Work,L4,Yes,Preferred
EQ00000778,Switchgear Operation,L3,Yes,Mandatory
EQ00000778,Electrical Safety,L5,Yes,Mandatory
EQ00000779,Emergency Response,L5,Yes,Preferred
EQ00000779,Gas Detection,L4,Yes,Mandatory
EQ00000779,Fire Fighting,L3,Yes,Mandatory
EQ00000779,Fire Water Systems,L5,Yes,Mandatory
EQ00000779,Permit to Work,L4,Yes,Preferred
EQ00000780,Permit to Work,L4,Yes,Preferred
EQ00000780,Pressure Systems Safety,L4,Yes,Preferred
EQ00000780,Gas Testing,L5,Yes,Preferred
EQ00000781,LOTO,L5,Yes,Preferred
EQ00000781,Rig Floor Safety,L5,No,Preferred
EQ00000782,Gas Testing,L4,No,Preferred
EQ00000782,Permit to Work,L3,No,Preferred
EQ00000782,Process Isolation,L3,No,Mandatory
EQ00000782,Pressure Systems Safety,L5,No,Mandatory
EQ00000782,Process Operations,L4,Yes,Preferred
EQ00000783,Pressure Systems Safety,L5,Yes,Mandatory
EQ00000783,Gas Testing,L3,Yes,Mandatory
EQ00000783,Permit to Work,L5,No,Preferred
EQ00000783,Process Isolation,L4,Yes,Mandatory
EQ00000783,Process Operations,L5,Yes,Preferred
EQ00000784,Motor Maintenance,L3,Yes,Mandatory
EQ00000784,Electrical Safety,L3,No,Preferred
EQ00000784,Arc Flash Awareness,L5,Yes,Mandatory
EQ00000784,Electrical Isolation/LOTO,L4,Yes,Mandatory
EQ00000784,Switchgear Operation,L4,Yes,Preferred
EQ00000785,Wastewater Operations,L4,Yes,Preferred
EQ00000785,Process Safety,L3,No,Mandatory
EQ00000785,Chemical Handling,L3,Yes,Mandatory
EQ00000786,Gas Testing,L4,Yes,Mandatory
EQ00000786,Pressure Systems Safety,L4,No,Mandatory
EQ00000786,Process Isolation,L4,No,Mandatory
EQ00000786,Permit to Work,L5,No,Preferred
EQ00000787,Crane Operation,L4,Yes,Preferred
EQ00000787,Rigging,L3,Yes,Preferred
EQ00000787,Lifting Gear Inspection,L5,Yes,Mandatory
EQ00000787,Line of Fire Awareness,L3,No,Mandatory
EQ00000787,Lifting Operations,L5,No,Mandatory
EQ00000788,Hot Work,L4,No,Mandatory
EQ00000788,Welding Safety,L3,No,Preferred
EQ00000789,Lubrication,L4,No,Mandatory
EQ00000789,Alignment,L4,No,Mandatory
EQ00000789,Vibration Monitoring,L4,Yes,Mandatory
EQ00000789,Pump Maintenance,L3,Yes,Preferred
EQ00000790,Permit to Work,L4,No,Mandatory
EQ00000790,Rig Floor Safety,L4,No,Mandatory
EQ00000790,Drilling Operations,L3,No,Mandatory
EQ00000790,Line of Fire Awareness,L5,Yes,Mandatory
EQ00000790,Well Control,L3,Yes,Mandatory
EQ00000791,Drilling Operations,L4,No,Mandatory
EQ00000791,LOTO,L5,Yes,Mandatory
EQ00000791,Permit to Work,L4,Yes,Mandatory
EQ00000791,Rig Floor Safety,L5,Yes,Preferred
EQ00000792,Permit to Work,L4,No,Preferred
EQ00000792,Process Operations,L3,Yes,Mandatory
EQ00000793,Lubrication,L3,No,Mandatory
EQ00000793,Rotating Equipment,L3,Yes,Preferred
EQ00000793,LOTO,L4,No,Mandatory
EQ00000793,Pump Maintenance,L3,Yes,Mandatory
EQ00000793,Vibration Monitoring,L3,Yes,Mandatory
EQ00000794,Drilling Operations,L4,Yes,Mandatory
EQ00000794,LOTO,L5,No,Mandatory
EQ00000794,Rig Floor Safety,L3,No,Preferred
EQ00000794,Well Control,L3,Yes,Mandatory
EQ00000795,Gas Testing,L3,Yes,Preferred
EQ00000795,Process Isolation,L4,Yes,Mandatory
EQ00000796,Alignment,L5,No,Mandatory
EQ00000796,Vibration Monitoring,L3,Yes,Mandatory
EQ00000796,Lubrication,L3,Yes,Mandatory
EQ00000796,LOTO,L3,Yes,Mandatory
EQ00000797,Mechanical Inspection,L5,No,Preferred
EQ00000797,Isolation/LOTO,L4,No,Preferred
EQ00000797,Pressure Vessel Safety,L4,No,Mandatory
EQ00000797,Hydrotest Safety,L3,Yes,Mandatory
EQ00000798,Electrical Isolation/LOTO,L5,Yes,Preferred
EQ00000798,Electrical Safety,L4,Yes,Mandatory
EQ00000799,Mechanical Inspection,L5,Yes,Preferred
EQ00000799,Isolation/LOTO,L4,Yes,Mandatory
EQ00000799,Pressure Vessel Safety,L3,No,Mandatory
EQ00000799,Hydrotest Safety,L4,Yes,Preferred
EQ00000799,Permit to Work,L5,Yes,Mandatory
EQ00000800,LOTO,L4,No,Preferred
EQ00000800,Permit to Work,L3,Yes,Mandatory
EQ00000801,Pressure Testing,L4,Yes,Mandatory
EQ00000801,Valve Maintenance,L4,No,Preferred
EQ00000801,Pipeline Operations,L3,Yes,Mandatory
EQ00000801,Permit to Work,L4,No,Mandatory
EQ00000801,Isolation/LOTO,L3,Yes,Mandatory
EQ00000802,LOTO,L5,No,Mandatory
EQ00000802,SIS/ESD,L5,Yes,Preferred
EQ00000802,Control Systems,L3,Yes,Mandatory
EQ00000803,Process Operations,L3,No,Mandatory
EQ00000803,Process Isolation,L5,Yes,Mandatory
EQ00000804,Process Operations,L4,Yes,Mandatory
EQ00000804,Process Isolation,L4,No,Mandatory
EQ00000805,Pressure Systems Safety,L5,No,Mandatory
EQ00000805,Gas Testing,L4,Yes,Mandatory
EQ00000805,Permit to Work,L4,Yes,Preferred
EQ00000806,Drilling Operations,L3,No,Mandatory
EQ00000806,Permit to Work,L5,No,Mandatory
EQ00000806,Well Control,L3,Yes,Preferred
EQ00000806,Line of Fire Awareness,L3,No,Mandatory
EQ00000807,Permit to Work,L4,Yes,Mandatory
EQ00000807,Process Isolation,L4,No,Mandatory
EQ00000808,Pressure Testing,L3,Yes,Mandatory
EQ00000808,Valve Maintenance,L4,Yes,Mandatory
EQ00000808,Permit to Work,L5,Yes,Preferred
EQ00000808,Isolation/LOTO,L4,Yes,Mandatory
EQ00000809,Rotating Equipment,L3,Yes,Mandatory
EQ00000809,LOTO,L5,Yes,Mandatory
EQ00000809,Vibration Monitoring,L4,Yes,Mandatory
EQ00000809,Alignment,L3,Yes,Preferred
EQ00000809,Pump Maintenance,L5,No,Mandatory
EQ00000810,Pressure Testing,L4,Yes,Mandatory
EQ00000810,Isolation/LOTO,L3,Yes,Preferred
EQ00000811,Electrical Isolation/LOTO,L4,No,Mandatory
EQ00000811,Arc Flash Awareness,L5,Yes,Preferred
EQ00000812,Mechanical Inspection,L5,No,Mandatory
EQ00000812,Permit to Work,L5,Yes,Mandatory
EQ00000812,Hydrotest Safety,L5,Yes,Mandatory
EQ00000812,Isolation/LOTO,L5,No,Mandatory
EQ00000812,Pressure Vessel Safety,L5,Yes,Mandatory
EQ00000813,Motor Maintenance,L3,Yes,Mandatory
EQ00000813,Electrical Isolation/LOTO,L3,Yes,Mandatory
EQ00000813,Electrical Safety,L5,No,Preferred
EQ00000813,Switchgear Operation,L3,Yes,Mandatory
EQ00000814,Journey Management,L3,Yes,Mandatory
EQ00000814,Hazardous Material Transport,L4,Yes,Mandatory
EQ00000815,Permit to Work,L5,Yes,Mandatory
EQ00000815,Process Operations,L5,No,Mandatory
EQ00000816,Workshop Safety,L5,Yes,Mandatory
EQ00000816,Welding Safety,L3,Yes,Mandatory
EQ00000816,LOTO,L4,Yes,Mandatory
EQ00000816,Machine Tool Operation,L4,Yes,Mandatory
EQ00000816,Hot Work,L3,Yes,Preferred
EQ00000817,Isolation/LOTO,L5,Yes,Mandatory
EQ00000817,Pipeline Operations,L4,No,Mandatory
EQ00000817,Pressure Testing,L3,Yes,Mandatory
EQ00000818,Line of Fire Awareness,L3,No,Preferred
EQ00000818,LOTO,L3,No,Mandatory
EQ00000818,Well Control,L4,Yes,Mandatory
EQ00000819,Hydrotest Safety,L3,Yes,Mandatory
EQ00000819,Mechanical Inspection,L4,Yes,Mandatory
EQ00000819,Isolation/LOTO,L4,Yes,Preferred
EQ00000819,Permit to Work,L4,Yes,Mandatory
EQ00000820,LOTO,L4,No,Mandatory
EQ00000820,Rig Floor Safety,L3,Yes,Mandatory
EQ00000820,Well Control,L3,Yes,Preferred
EQ00000820,Drilling Operations,L5,Yes,Preferred
EQ00000821,LOTO,L5,No,Mandatory
EQ00000821,Calibration,L5,Yes,Preferred
EQ00000822,LOTO,L5,No,Mandatory
EQ00000822,Calibration,L3,Yes,Preferred
EQ00000822,Instrumentation,L5,No,Mandatory
EQ00000822,SIS/ESD,L4,No,Mandatory
EQ00000823,Electrical Isolation/LOTO,L4,Yes,Mandatory
EQ00000823,Arc Flash Awareness,L5,Yes,Mandatory
EQ00000824,Valve Maintenance,L5,Yes,Mandatory
EQ00000824,Permit to Work,L4,Yes,Mandatory
EQ00000824,Isolation/LOTO,L5,Yes,Mandatory
EQ00000825,Rigging,L3,Yes,Mandatory
EQ00000825,Lifting Gear Inspection,L3,No,Mandatory
EQ00000825,Lifting Operations,L5,Yes,Preferred
EQ00000825,Line of Fire Awareness,L4,Yes,Mandatory
EQ00000825,Crane Operation,L4,No,Preferred
EQ00000826,Environmental Monitoring,L5,Yes,Mandatory
EQ00000826,Process Safety,L4,Yes,Mandatory
EQ00000826,Chemical Handling,L3,Yes,Mandatory
EQ00000826,Wastewater Operations,L3,Yes,Mandatory
EQ00000827,Arc Flash Awareness,L3,No,Mandatory
EQ00000827,Switchgear Operation,L4,Yes,Preferred
EQ00000828,Welding Safety,L3,Yes,Mandatory
EQ00000828,Machine Tool Operation,L4,Yes,Preferred
EQ00000829,Permit to Work,L4,Yes,Mandatory
EQ00000829,Process Isolation,L3,Yes,Mandatory
EQ00000829,Process Operations,L3,Yes,Preferred
EQ00000829,Gas Testing,L5,Yes,Mandatory
EQ00000829,Pressure Systems Safety,L4,Yes,Mandatory
EQ00000830,Line of Fire Awareness,L4,Yes,Preferred
EQ00000830,Crane Operation,L3,Yes,Mandatory
EQ00000830,Lifting Gear Inspection,L3,No,Mandatory
EQ00000830,Lifting Operations,L4,Yes,Mandatory
EQ00000831,Pressure Testing,L4,Yes,Mandatory
EQ00000831,Permit to Work,L4,No,Mandatory
EQ00000832,SIS/ESD,L5,Yes,Preferred
EQ00000832,Control Systems,L4,Yes,Mandatory
EQ00000832,Instrumentation,L3,No,Mandatory
EQ00000832,Calibration,L4,No,Mandatory
EQ00000832,LOTO,L4,Yes,Preferred
EQ00000833,Lubrication,L4,Yes,Preferred
EQ00000833,Rotating Equipment,L3,Yes,Mandatory
EQ00000834,Rig Floor Safety,L5,No,Mandatory
EQ00000834,LOTO,L5,Yes,Preferred
EQ00000834,Drilling Operations,L3,No,Mandatory
EQ00000834,Permit to Work,L4,No,Preferred
EQ00000835,Valve Maintenance,L3,No,Mandatory
EQ00000835,Pressure Testing,L3,No,Preferred
EQ00000835,Permit to Work,L5,Yes,Mandatory
EQ00000835,Pipeline Operations,L5,No,Preferred
EQ00000835,Isolation/LOTO,L4,No,Preferred
EQ00000836,Gas Testing,L3,Yes,Mandatory
EQ00000836,Pressure Systems Safety,L3,Yes,Mandatory
EQ00000837,SIS/ESD,L3,No,Preferred
EQ00000837,Control Systems,L3,No,Preferred
EQ00000837,Instrumentation,L3,No,Mandatory
EQ00000837,LOTO,L3,No,Preferred
EQ00000837,Calibration,L3,No,Preferred
EQ00000838,Motor Maintenance,L3,No,Mandatory
EQ00000838,Arc Flash Awareness,L3,Yes,Mandatory
EQ00000838,Switchgear Operation,L3,Yes,Mandatory
EQ00000839,SIS/ESD,L3,Yes,Preferred
EQ00000839,Calibration,L4,Yes,Mandatory
EQ00000839,LOTO,L3,Yes,Mandatory
EQ00000839,Instrumentation,L5,Yes,Preferred
EQ00000840,Electrical Safety,L4,No,Mandatory
EQ00000840,Arc Flash Awareness,L4,Yes,Preferred
EQ00000841,Drilling Operations,L5,No,Preferred
EQ00000841,Permit to Work,L4,No,Preferred
EQ00000841,Well Control,L3,Yes,Mandatory
EQ00000842,Permit to Work,L3,Yes,Mandatory
EQ00000842,Fire Water Systems,L5,Yes,Preferred
EQ00000843,Pressure Systems Safety,L3,No,Mandatory
EQ00000843,Gas Testing,L3,Yes,Mandatory
EQ00000843,Permit to Work,L3,Yes,Mandatory
EQ00000843,Process Operations,L3,Yes,Preferred
EQ00000844,Process Operations,L5,Yes,Preferred
EQ00000844,Permit to Work,L4,No,Mandatory
EQ00000844,Pressure Systems Safety,L3,Yes,Mandatory
EQ00000845,LOTO,L4,Yes,Mandatory
EQ00000845,Rotating Equipment,L5,Yes,Mandatory
EQ00000845,Lubrication,L5,Yes,Mandatory
EQ00000845,Pump Maintenance,L3,Yes,Mandatory
EQ00000846,Permit to Work,L5,No,Mandatory
EQ00000846,Mechanical Inspection,L4,No,Mandatory
EQ00000846,Isolation/LOTO,L4,No,Preferred
EQ00000846,Hydrotest Safety,L3,Yes,Mandatory
EQ00000846,Pressure Vessel Safety,L3,Yes,Mandatory
EQ00000847,Electrical Safety,L4,No,Mandatory
EQ00000847,Switchgear Operation,L5,No,Preferred
EQ00000847,Arc Flash Awareness,L5,Yes,Mandatory
EQ00000847,Motor Maintenance,L3,Yes,Mandatory
EQ00000847,Electrical Isolation/LOTO,L5,Yes,Mandatory
EQ00000848,Arc Flash Awareness,L5,Yes,Mandatory
EQ00000848,Switchgear Operation,L3,No,Preferred
EQ00000849,Lifting Operations,L5,No,Preferred
EQ00000849,Rigging,L5,Yes,Preferred
EQ00000850,Arc Flash Awareness,L5,Yes,Preferred
EQ00000850,Electrical Safety,L3,Yes,Preferred
EQ00000850,Switchgear Operation,L3,Yes,Mandatory
EQ00000850,Electrical Isolation/LOTO,L3,Yes,Mandatory
EQ00000850,Motor Maintenance,L5,Yes,Preferred
EQ00000851,Motor Maintenance,L5,Yes,Preferred
EQ00000851,Switchgear Operation,L4,Yes,Preferred
EQ00000851,Arc Flash Awareness,L5,No,Mandatory
EQ00000851,Electrical Safety,L5,Yes,Preferred
EQ00000852,Gas Detection,L4,Yes,Preferred
EQ00000852,Permit to Work,L5,No,Mandatory
EQ00000853,Fire Fighting,L3,No,Preferred
EQ00000853,Emergency Response,L4,Yes,Mandatory
EQ00000853,Permit to Work,L4,Yes,Preferred
EQ00000853,Fire Water Systems,L5,No,Mandatory
EQ00000854,Pipeline Operations,L3,Yes,Mandatory
EQ00000854,Valve Maintenance,L3,Yes,Mandatory
EQ00000854,Permit to Work,L4,No,Mandatory
EQ00000854,Pressure Testing,L5,Yes,Mandatory
EQ00000854,Isolation/LOTO,L4,Yes,Mandatory
EQ00000855,Pressure Testing,L5,Yes,Mandatory
EQ00000855,Permit to Work,L4,Yes,Mandatory
EQ00000855,Valve Maintenance,L5,Yes,Mandatory
EQ00000855,Isolation/LOTO,L4,Yes,Mandatory
EQ00000855,Pipeline Operations,L4,Yes,Mandatory
EQ00000856,Pressure Systems Safety,L5,Yes,Mandatory
EQ00000856,Permit to Work,L5,Yes,Mandatory
EQ00000856,Process Isolation,L5,Yes,Mandatory
EQ00000856,Process Operations,L4,No,Mandatory
EQ00000856,Gas Testing,L4,Yes,Mandatory
EQ00000857,Pressure Systems Safety,L5,No,Preferred
EQ00000857,Process Operations,L5,Yes,Mandatory
EQ00000857,Process Isolation,L5,Yes,Preferred
EQ00000857,Permit to Work,L4,No,Preferred
EQ00000857,Gas Testing,L3,Yes,Mandatory
EQ00000858,Lifting Gear Inspection,L3,Yes,Mandatory
EQ00000858,Line of Fire Awareness,L3,No,Preferred
EQ00000858,Lifting Operations,L5,No,Mandatory
EQ00000858,Crane Operation,L3,No,Mandatory
EQ00000859,Pressure Systems Safety,L4,Yes,Preferred
EQ00000859,Process Isolation,L4,Yes,Preferred
EQ00000859,Gas Testing,L5,Yes,Mandatory
EQ00000859,Process Operations,L3,No,Preferred
EQ00000860,Isolation/LOTO,L3,Yes,Mandatory
EQ00000860,Pressure Vessel Safety,L3,Yes,Mandatory
EQ00000861,Rigging,L3,Yes,Mandatory
EQ00000861,Crane Operation,L3,No,Preferred
EQ00000862,Workshop Safety,L4,Yes,Preferred
EQ00000862,Machine Tool Operation,L3,Yes,Mandatory
EQ00000862,LOTO,L3,Yes,Mandatory
EQ00000862,Welding Safety,L4,No,Preferred
EQ00000862,Hot Work,L4,No,Preferred
EQ00000863,Pressure Vessel Safety,L3,Yes,Preferred
EQ00000863,Mechanical Inspection,L4,Yes,Mandatory
EQ00000863,Hydrotest Safety,L5,No,Preferred
EQ00000863,Isolation/LOTO,L3,No,Preferred
EQ00000864,Calibration,L4,Yes,Mandatory
EQ00000864,Instrumentation,L5,Yes,Mandatory
EQ00000864,LOTO,L3,No,Preferred
EQ00000864,SIS/ESD,L4,Yes,Mandatory
EQ00000865,Defensive Driving,L5,Yes,Preferred
EQ00000865,Vehicle Inspection,L3,Yes,Mandatory
EQ00000865,Hazardous Material Transport,L5,Yes,Mandatory
EQ00000866,Pressure Vessel Safety,L5,Yes,Preferred
EQ00000866,Hydrotest Safety,L3,No,Mandatory
EQ00000867,Wastewater Operations,L5,No,Mandatory
EQ00000867,Process Safety,L3,Yes,Mandatory
EQ00000867,Chemical Handling,L5,No,Mandatory
EQ00000867,Environmental Monitoring,L4,No,Mandatory
EQ00000868,Environmental Monitoring,L3,Yes,Preferred
EQ00000868,Process Safety,L4,No,Mandatory
EQ00000869,Permit to Work,L4,Yes,Preferred
EQ00000869,Line of Fire Awareness,L4,No,Mandatory
EQ00000869,LOTO,L3,Yes,Mandatory
EQ00000869,Well Control,L3,No,Mandatory
EQ00000869,Rig Floor Safety,L5,No,Preferred
EQ00000870,Isolation/LOTO,L3,No,Mandatory
EQ00000870,Permit to Work,L4,Yes,Mandatory
EQ00000870,Mechanical Inspection,L3,No,Preferred
EQ00000871,Motor Maintenance,L4,Yes,Mandatory
EQ00000871,Electrical Safety,L4,Yes,Mandatory
EQ00000871,Switchgear Operation,L4,Yes,Mandatory
EQ00000872,Permit to Work,L4,Yes,Preferred
EQ00000872,Isolation/LOTO,L4,Yes,Mandatory
EQ00000872,Valve Maintenance,L3,Yes,Preferred
EQ00000872,Pipeline Operations,L5,Yes,Mandatory
EQ00000873,Permit to Work,L3,No,Mandatory
EQ00000873,Line of Fire Awareness,L3,No,Mandatory
EQ00000873,LOTO,L3,No,Mandatory
EQ00000874,Rig Floor Safety,L5,Yes,Mandatory
EQ00000874,LOTO,L5,Yes,Mandatory
EQ00000874,Drilling Operations,L4,Yes,Mandatory
EQ00000875,Well Control,L5,Yes,Mandatory
EQ00000875,Drilling Operations,L3,Yes,Mandatory
EQ00000875,Line of Fire Awareness,L3,Yes,Mandatory
EQ00000875,LOTO,L4,Yes,Preferred
EQ00000875,Permit to Work,L3,Yes,Mandatory
EQ00000876,Permit to Work,L5,No,Mandatory
EQ00000876,Process Operations,L5,No,Mandatory
EQ00000876,Pressure Systems Safety,L5,Yes,Mandatory
EQ00000876,Process Isolation,L5,Yes,Mandatory
EQ00000877,Pump Maintenance,L5,Yes,Mandatory
EQ00000877,Rotating Equipment,L5,Yes,Preferred
EQ00000877,Vibration Monitoring,L3,Yes,Preferred
EQ00000877,Lubrication,L4,Yes,Mandatory
EQ00000878,Pressure Systems Safety,L4,Yes,Mandatory
EQ00000878,Permit to Work,L3,No,Mandatory
EQ00000879,Pipeline Operations,L3,Yes,Preferred
EQ00000879,Pressure Testing,L4,No,Preferred
EQ00000879,Isolation/LOTO,L4,Yes,Preferred
EQ00000879,Valve Maintenance,L4,Yes,Mandatory
EQ00000879,Permit to Work,L4,No,Preferred
EQ00000880,LOTO,L5,No,Preferred
EQ00000880,Control Systems,L3,Yes,Mandatory
EQ00000880,Calibration,L3,No,Mandatory
EQ00000880,Instrumentation,L5,No,Mandatory
EQ00000880,SIS/ESD,L5,No,Mandatory
EQ00000881,Chemical Handling,L5,Yes,Mandatory
EQ00000881,Process Safety,L5,No,Mandatory
EQ00000881,Wastewater Operations,L3,No,Preferred
EQ00000882,Electrical Isolation/LOTO,L3,Yes,Mandatory
EQ00000882,Motor Maintenance,L3,Yes,Mandatory
EQ00000882,Arc Flash Awareness,L3,Yes,Mandatory
EQ00000882,Switchgear Operation,L5,Yes,Preferred
EQ00000882,Electrical Safety,L5,Yes,Mandatory
EQ00000883,Defensive Driving,L3,No,Mandatory
EQ00000883,Hazardous Material Transport,L4,Yes,Preferred
EQ00000883,Journey Management,L5,No,Mandatory
EQ00000883,Vehicle Inspection,L3,Yes,Mandatory
EQ00000884,Rig Floor Safety,L3,No,Mandatory
EQ00000884,Drilling Operations,L3,No,Mandatory
EQ00000884,Line of Fire Awareness,L4,No,Mandatory
EQ00000884,Permit to Work,L5,Yes,Mandatory
EQ00000884,LOTO,L4,Yes,Preferred
EQ00000885,Alignment,L3,No,Preferred
EQ00000885,Lubrication,L5,Yes,Mandatory
EQ00000886,Switchgear Operation,L5,Yes,Mandatory
EQ00000886,Electrical Safety,L3,Yes,Mandatory
EQ00000887,Fire Water Systems,L4,Yes,Mandatory
EQ00000887,Permit to Work,L3,Yes,Mandatory
EQ00000887,Gas Detection,L5,No,Mandatory
EQ00000888,Lifting Gear Inspection,L5,Yes,Mandatory
EQ00000888,Crane Operation,L3,Yes,Mandatory
EQ00000888,Line of Fire Awareness,L3,Yes,Mandatory
EQ00000888,Rigging,L3,Yes,Mandatory
EQ00000888,Lifting Operations,L3,Yes,Mandatory
EQ00000889,Rotating Equipment,L5,Yes,Mandatory
EQ00000889,Lubrication,L4,Yes,Mandatory
EQ00000890,Isolation/LOTO,L4,No,Mandatory
EQ00000890,Hydrotest Safety,L4,No,Preferred
EQ00000890,Pressure Vessel Safety,L4,Yes,Mandatory
EQ00000891,Permit to Work,L5,No,Mandatory
EQ00000891,Mechanical Inspection,L4,No,Mandatory
EQ00000891,Hydrotest Safety,L5,Yes,Mandatory
EQ00000891,Pressure Vessel Safety,L5,Yes,Preferred
EQ00000891,Isolation/LOTO,L5,Yes,Preferred
EQ00000892,Defensive Driving,L4,Yes,Mandatory
EQ00000892,Hazardous Material Transport,L5,Yes,Preferred
EQ00000893,Lifting Operations,L5,No,Preferred
EQ00000893,Lifting Gear Inspection,L3,Yes,Mandatory
EQ00000894,Pressure Vessel Safety,L4,Yes,Preferred
EQ00000894,Hydrotest Safety,L3,Yes,Preferred
EQ00000895,Electrical Isolation/LOTO,L5,Yes,Mandatory
EQ00000895,Motor Maintenance,L5,Yes,Mandatory
EQ00000895,Electrical Safety,L5,Yes,Preferred
EQ00000896,Workshop Safety,L3,Yes,Mandatory
EQ00000896,Welding Safety,L4,Yes,Preferred
EQ00000897,Rig Floor Safety,L3,Yes,Preferred
EQ00000897,Permit to Work,L3,Yes,Mandatory
EQ00000897,LOTO,L3,Yes,Mandatory
EQ00000897,Well Control,L3,Yes,Preferred
EQ00000897,Drilling Operations,L5,No,Mandatory
EQ00000898,Permit to Work,L3,Yes,Mandatory
EQ00000898,Pressure Testing,L5,Yes,Mandatory
EQ00000898,Valve Maintenance,L5,Yes,Mandatory
EQ00000899,Permit to Work,L3,Yes,Mandatory
EQ00000899,Line of Fire Awareness,L5,Yes,Preferred
EQ00000900,Process Isolation,L5,Yes,Preferred
EQ00000900,Process Operations,L4,Yes,Preferred
EQ00000900,Gas Testing,L4,Yes,Mandatory
EQ00000900,Permit to Work,L3,Yes,Mandatory
EQ00000901,Pressure Testing,L4,Yes,Preferred
EQ00000901,Pipeline Operations,L4,Yes,Mandatory
EQ00000901,Permit to Work,L4,Yes,Preferred
EQ00000901,Valve Maintenance,L4,Yes,Mandatory
EQ00000901,Isolation/LOTO,L4,No,Mandatory
EQ00000902,Vehicle Inspection,L4,No,Mandatory
EQ00000902,Journey Management,L4,No,Mandatory
EQ00000902,Defensive Driving,L3,Yes,Mandatory
EQ00000902,Hazardous Material Transport,L5,Yes,Preferred
EQ00000903,Well Control,L5,Yes,Preferred
EQ00000903,Rig Floor Safety,L5,No,Mandatory
EQ00000904,Electrical Safety,L5,No,Mandatory
EQ00000904,Switchgear Operation,L4,Yes,Mandatory
EQ00000904,Electrical Isolation/LOTO,L4,Yes,Mandatory
EQ00000905,Electrical Safety,L3,Yes,Preferred
EQ00000905,Switchgear Operation,L5,Yes,Preferred
EQ00000905,Arc Flash Awareness,L5,Yes,Mandatory
EQ00000906,Emergency Response,L5,Yes,Preferred
EQ00000906,Permit to Work,L4,Yes,Mandatory
EQ00000906,Fire Water Systems,L4,Yes,Mandatory
EQ00000906,Gas Detection,L3,Yes,Preferred
EQ00000906,Fire Fighting,L4,Yes,Preferred
EQ00000907,Workshop Safety,L3,No,Mandatory
EQ00000907,Welding Safety,L3,No,Preferred
EQ00000907,LOTO,L4,No,Mandatory
EQ00000907,Machine Tool Operation,L5,Yes,Preferred
EQ00000907,Hot Work,L5,No,Mandatory
EQ00000908,Welding Safety,L5,Yes,Mandatory
EQ00000908,Workshop Safety,L4,No,Mandatory
EQ00000908,Machine Tool Operation,L5,No,Preferred
EQ00000908,Hot Work,L5,Yes,Mandatory
EQ00000908,LOTO,L5,Yes,Mandatory
EQ00000909,Machine Tool Operation,L5,No,Mandatory
EQ00000909,Welding Safety,L4,No,Preferred
EQ00000909,Hot Work,L3,Yes,Preferred
EQ00000910,Lubrication,L4,Yes,Preferred
EQ00000910,Alignment,L4,Yes,Preferred
EQ00000910,Pump Maintenance,L3,Yes,Mandatory
EQ00000911,Hot Work,L3,Yes,Preferred
EQ00000911,Welding Safety,L3,Yes,Mandatory
EQ00000912,Fire Fighting,L5,Yes,Mandatory
EQ00000912,Emergency Response,L5,No,Preferred
EQ00000912,Fire Water Systems,L5,No,Preferred
EQ00000912,Gas Detection,L3,Yes,Preferred
EQ00000913,Process Operations,L5,Yes,Mandatory
EQ00000913,Pressure Systems Safety,L3,No,Mandatory
EQ00000914,Drilling Operations,L5,Yes,Preferred
EQ00000914,Rig Floor Safety,L5,Yes,Preferred
EQ00000914,Permit to Work,L4,Yes,Mandatory
EQ00000914,Line of Fire Awareness,L5,Yes,Preferred
EQ00000915,Chemical Handling,L3,Yes,Mandatory
EQ00000915,Wastewater Operations,L3,No,Mandatory
EQ00000915,Process Safety,L4,No,Mandatory
EQ00000916,Process Operations,L5,Yes,Mandatory
EQ00000916,Permit to Work,L3,Yes,Mandatory
EQ00000916,Pressure Systems Safety,L5,Yes,Mandatory
EQ00000916,Process Isolation,L3,No,Mandatory
EQ00000917,Pressure Testing,L3,No,Preferred
EQ00000917,Isolation/LOTO,L4,Yes,Preferred
EQ00000917,Permit to Work,L4,No,Mandatory
EQ00000917,Pipeline Operations,L4,Yes,Mandatory
EQ00000918,Line of Fire Awareness,L4,No,Mandatory
EQ00000918,Permit to Work,L3,No,Preferred
EQ00000919,Wastewater Operations,L3,Yes,Mandatory
EQ00000919,Environmental Monitoring,L3,Yes,Preferred
EQ00000919,Chemical Handling,L5,No,Mandatory
EQ00000920,SIS/ESD,L3,Yes,Mandatory
EQ00000920,Calibration,L5,No,Preferred
EQ00000920,Control Systems,L4,Yes,Mandatory
EQ00000920,LOTO,L3,No,Preferred
EQ00000921,Gas Detection,L4,Yes,Mandatory
EQ00000921,Fire Fighting,L5,Yes,Preferred
EQ00000921,Permit to Work,L4,Yes,Mandatory
EQ00000921,Emergency Response,L4,No,Mandatory
EQ00000921,Fire Water Systems,L3,Yes,Preferred
EQ00000922,Hazardous Material Transport,L3,Yes,Preferred
EQ00000922,Defensive Driving,L3,Yes,Mandatory
EQ00000923,Electrical Safety,L5,Yes,Preferred
EQ00000923,Switchgear Operation,L3,No,Preferred
EQ00000923,Arc Flash Awareness,L4,No,Mandatory
EQ00000923,Electrical Isolation/LOTO,L5,No,Mandatory
EQ00000924,Pressure Systems Safety,L4,No,Mandatory
EQ00000924,Process Isolation,L3,Yes,Preferred
EQ00000924,Gas Testing,L4,Yes,Preferred
EQ00000924,Permit to Work,L3,Yes,Mandatory
EQ00000924,Process Operations,L5,Yes,Mandatory
EQ00000925,Hydrotest Safety,L3,No,Mandatory
EQ00000925,Isolation/LOTO,L4,Yes,Mandatory
EQ00000925,Pressure Vessel Safety,L4,No,Preferred
EQ00000926,Permit to Work,L5,No,Mandatory
EQ00000926,Process Isolation,L4,No,Mandatory
EQ00000927,Hot Work,L5,No,Mandatory
EQ00000927,LOTO,L5,Yes,Preferred
EQ00000927,Welding Safety,L4,Yes,Mandatory
EQ00000928,SIS/ESD,L4,Yes,Mandatory
EQ00000928,Control Systems,L5,Yes,Mandatory
EQ00000928,Instrumentation,L5,No,Mandatory
EQ00000929,SIS/ESD,L3,Yes,Mandatory
EQ00000929,Control Systems,L4,Yes,Mandatory
EQ00000929,Instrumentation,L5,No,Mandatory
EQ00000929,Calibration,L5,Yes,Preferred
EQ00000929,LOTO,L3,Yes,Mandatory
EQ00000930,LOTO,L5,No,Mandatory
EQ00000930,Line of Fire Awareness,L4,Yes,Mandatory
EQ00000931,Isolation/LOTO,L4,Yes,Preferred
EQ00000931,Pipeline Operations,L3,No,Mandatory
EQ00000932,Permit to Work,L4,Yes,Mandatory
EQ00000932,Isolation/LOTO,L4,Yes,Preferred
EQ00000932,Pressure Vessel Safety,L3,Yes,Preferred
EQ00000932,Mechanical Inspection,L4,Yes,Mandatory
EQ00000932,Hydrotest Safety,L3,Yes,Preferred
EQ00000933,Control Systems,L5,No,Mandatory
EQ00000933,LOTO,L4,Yes,Mandatory
EQ00000934,Switchgear Operation,L3,Yes,Mandatory
EQ00000934,Motor Maintenance,L4,Yes,Preferred
EQ00000935,Process Operations,L3,No,Mandatory
EQ00000935,Process Isolation,L4,Yes,Mandatory
EQ00000935,Pressure Systems Safety,L5,Yes,Preferred
EQ00000935,Permit to Work,L5,Yes,Mandatory
EQ00000935,Gas Testing,L5,Yes,Preferred
EQ00000936,Pressure Testing,L4,Yes,Mandatory
EQ00000936,Permit to Work,L4,No,Preferred
EQ00000936,Valve Maintenance,L4,No,Mandatory
EQ00000936,Pipeline Operations,L5,Yes,Mandatory
EQ00000936,Isolation/LOTO,L5,Yes,Mandatory
EQ00000937,Valve Maintenance,L5,Yes,Preferred
EQ00000937,Isolation/LOTO,L5,Yes,Preferred
EQ00000937,Permit to Work,L5,Yes,Mandatory
EQ00000937,Pipeline Operations,L3,Yes,Mandatory
EQ00000938,Pressure Systems Safety,L5,Yes,Preferred
EQ00000938,Permit to Work,L5,Yes,Mandatory
EQ00000939,Line of Fire Awareness,L4,Yes,Preferred
EQ00000939,Lifting Gear Inspection,L4,Yes,Mandatory
EQ00000939,Lifting Operations,L4,No,Mandatory
EQ00000939,Crane Operation,L3,No,Mandatory
EQ00000939,Rigging,L4,Yes,Preferred
EQ00000940,Gas Testing,L3,Yes,Mandatory
EQ00000940,Permit to Work,L3,Yes,Mandatory
EQ00000940,Pressure Systems Safety,L4,Yes,Mandatory
EQ00000940,Process Isolation,L4,No,Mandatory
EQ00000941,Drilling Operations,L3,No,Mandatory
EQ00000941,Permit to Work,L3,No,Preferred
EQ00000941,Line of Fire Awareness,L3,Yes,Mandatory
EQ00000941,LOTO,L4,Yes,Preferred
EQ00000941,Rig Floor Safety,L5,Yes,Mandatory
EQ00000942,LOTO,L5,No,Preferred
EQ00000942,Hot Work,L3,No,Mandatory
EQ00000942,Machine Tool Operation,L4,Yes,Mandatory
EQ00000942,Welding Safety,L4,Yes,Mandatory
EQ00000942,Workshop Safety,L5,Yes,Preferred
EQ00000943,Permit to Work,L3,Yes,Preferred
EQ00000943,Fire Water Systems,L5,No,Preferred
EQ00000943,Emergency Response,L5,Yes,Mandatory
EQ00000943,Gas Detection,L3,No,Mandatory
EQ00000944,Rigging,L4,Yes,Preferred
EQ00000944,Lifting Operations,L3,No,Mandatory
EQ00000945,Line of Fire Awareness,L5,Yes,Mandatory
EQ00000945,Drilling Operations,L4,Yes,Mandatory
EQ00000945,LOTO,L5,Yes,Mandatory
EQ00000946,Hazardous Material Transport,L5,Yes,Mandatory
EQ00000946,Defensive Driving,L5,Yes,Preferred
EQ00000947,Defensive Driving,L4,Yes,Preferred
EQ00000947,Hazardous Material Transport,L4,Yes,Preferred
EQ00000947,Vehicle Inspection,L4,Yes,Preferred
EQ00000947,Journey Management,L4,Yes,Mandatory
EQ00000948,Rig Floor Safety,L3,Yes,Preferred
EQ00000948,Line of Fire Awareness,L3,No,Mandatory
EQ00000948,Drilling Operations,L4,No,Mandatory
EQ00000949,Drilling Operations,L5,No,Preferred
EQ00000949,Rig Floor Safety,L5,No,Mandatory
EQ00000949,Permit to Work,L4,No,Mandatory
EQ00000949,Well Control,L4,Yes,Mandatory
EQ00000949,LOTO,L5,Yes,Mandatory
EQ00000950,Isolation/LOTO,L4,No,Preferred
EQ00000950,Pressure Testing,L5,Yes,Mandatory
EQ00000950,Pipeline Operations,L4,No,Preferred
EQ00000950,Permit to Work,L3,Yes,Mandatory
EQ00000950,Valve Maintenance,L4,Yes,Mandatory
EQ00000951,Workshop Safety,L3,Yes,Mandatory
EQ00000951,Machine Tool Operation,L5,Yes,Mandatory
EQ00000951,LOTO,L3,Yes,Preferred
EQ00000951,Welding Safety,L5,Yes,Mandatory
EQ00000951,Hot Work,L3,Yes,Mandatory
EQ00000952,Rigging,L4,Yes,Preferred
EQ00000952,Line of Fire Awareness,L3,Yes,Mandatory
EQ00000952,Crane Operation,L5,No,Mandatory
EQ00000953,Vehicle Inspection,L4,Yes,Mandatory
EQ00000953,Journey Management,L4,Yes,Mandatory
EQ00000953,Defensive Driving,L3,No,Mandatory
EQ00000953,Hazardous Material Transport,L4,Yes,Mandatory
EQ00000954,Isolation/LOTO,L3,Yes,Mandatory
EQ00000954,Mechanical Inspection,L4,No,Mandatory
EQ00000954,Permit to Work,L4,No,Mandatory
EQ00000954,Hydrotest Safety,L5,Yes,Mandatory
EQ00000955,Process Operations,L3,Yes,Preferred
EQ00000955,Pressure Systems Safety,L5,No,Mandatory
EQ00000955,Permit to Work,L4,No,Mandatory
EQ00000956,Switchgear Operation,L4,Yes,Mandatory
EQ00000956,Electrical Safety,L5,Yes,Preferred
EQ00000956,Arc Flash Awareness,L4,No,Mandatory
EQ00000956,Motor Maintenance,L3,No,Mandatory
EQ00000957,Defensive Driving,L4,Yes,Preferred
EQ00000957,Journey Management,L3,Yes,Preferred
EQ00000958,Lubrication,L4,Yes,Mandatory
EQ00000958,Vibration Monitoring,L5,Yes,Mandatory
EQ00000958,Rotating Equipment,L3,No,Preferred
EQ00000959,Permit to Work,L4,Yes,Mandatory
EQ00000959,Mechanical Inspection,L4,Yes,Mandatory
EQ00000960,Machine Tool Operation,L4,No,Mandatory
EQ00000960,LOTO,L3,Yes,Mandatory
EQ00000960,Workshop Safety,L3,Yes,Mandatory
EQ00000960,Hot Work,L4,Yes,Mandatory
EQ00000960,Welding Safety,L3,Yes,Mandatory
EQ00000961,Drilling Operations,L5,No,Preferred
EQ00000961,Well Control,L3,Yes,Preferred
EQ00000961,LOTO,L4,Yes,Mandatory
EQ00000962,Line of Fire Awareness,L3,Yes,Mandatory
EQ00000962,Rigging,L4,Yes,Preferred
EQ00000962,Crane Operation,L5,No,Mandatory
EQ00000963,Valve Maintenance,L4,Yes,Preferred
EQ00000963,Pipeline Operations,L3,Yes,Mandatory
EQ00000964,Lifting Gear Inspection,L5,No,Mandatory
EQ00000964,Lifting Operations,L3,Yes,Mandatory
EQ00000964,Line of Fire Awareness,L3,Yes,Mandatory
EQ00000965,Lubrication,L5,Yes,Mandatory
EQ00000965,LOTO,L4,Yes,Mandatory
EQ00000966,Isolation/LOTO,L4,Yes,Preferred
EQ00000966,Permit to Work,L5,No,Preferred
EQ00000966,Hydrotest Safety,L4,Yes,Mandatory
EQ00000967,Motor Maintenance,L4,Yes,Preferred
EQ00000967,Electrical Isolation/LOTO,L3,Yes,Mandatory
EQ00000967,Switchgear Operation,L5,No,Preferred
EQ00000967,Electrical Safety,L3,Yes,Mandatory
EQ00000968,Journey Management,L5,Yes,Preferred
EQ00000968,Hazardous Material Transport,L5,No,Mandatory
EQ00000968,Defensive Driving,L4,No,Mandatory
EQ00000969,Line of Fire Awareness,L3,Yes,Mandatory
EQ00000969,Rigging,L3,Yes,Mandatory
EQ00000970,Electrical Safety,L4,Yes,Mandatory
EQ00000970,Motor Maintenance,L4,Yes,Preferred
EQ00000970,Switchgear Operation,L3,Yes,Preferred
EQ00000971,Journey Management,L3,Yes,Mandatory
EQ00000971,Hazardous Material Transport,L3,Yes,Preferred
EQ00000971,Defensive Driving,L4,No,Preferred
EQ00000972,SIS/ESD,L3,Yes,Mandatory
EQ00000972,Calibration,L5,No,Mandatory
EQ00000972,Instrumentation,L4,Yes,Mandatory
EQ00000973,SIS/ESD,L4,Yes,Mandatory
EQ00000973,Control Systems,L5,No,Preferred
EQ00000973,LOTO,L4,No,Preferred
EQ00000973,Instrumentation,L3,Yes,Mandatory
EQ00000974,Emergency Response,L5,No,Mandatory
EQ00000974,Gas Detection,L4,Yes,Mandatory
EQ00000975,Rig Floor Safety,L5,Yes,Mandatory
EQ00000975,Permit to Work,L3,No,Mandatory
EQ00000975,Well Control,L5,Yes,Preferred
EQ00000975,LOTO,L5,Yes,Preferred
EQ00000975,Line of Fire Awareness,L5,Yes,Mandatory
EQ00000976,Control Systems,L4,No,Mandatory
EQ00000976,Calibration,L4,No,Mandatory
EQ00000976,SIS/ESD,L3,No,Mandatory
EQ00000976,Instrumentation,L4,No,Mandatory
EQ00000976,LOTO,L5,No,Mandatory
EQ00000977,Process Operations,L5,No,Mandatory
EQ00000977,Permit to Work,L3,Yes,Mandatory
EQ00000978,LOTO,L4,Yes,Mandatory
EQ00000978,Control Systems,L5,Yes,Mandatory
EQ00000979,Pressure Testing,L5,No,Preferred
EQ00000979,Valve Maintenance,L3,Yes,Preferred
EQ00000980,Switchgear Operation,L5,Yes,Mandatory
EQ00000980,Electrical Isolation/LOTO,L4,No,Mandatory
EQ00000980,Electrical Safety,L3,Yes,Preferred
EQ00000980,Arc Flash Awareness,L5,Yes,Mandatory
EQ00000980,Motor Maintenance,L4,Yes,Preferred
EQ00000981,Pressure Testing,L3,No,Preferred
EQ00000981,Valve Maintenance,L5,Yes,Mandatory
EQ00000982,LOTO,L3,Yes,Mandatory
EQ00000982,Well Control,L3,No,Mandatory
EQ00000982,Line of Fire Awareness,L3,No,Mandatory
EQ00000982,Permit to Work,L3,Yes,Mandatory
EQ00000983,Alignment,L3,No,Preferred
EQ00000983,Rotating Equipment,L3,No,Mandatory
EQ00000983,Vibration Monitoring,L3,Yes,Preferred
EQ00000984,Electrical Isolation/LOTO,L5,No,Preferred
EQ00000984,Switchgear Operation,L3,No,Preferred
EQ00000984,Motor Maintenance,L5,Yes,Mandatory
EQ00000984,Electrical Safety,L5,Yes,Preferred
EQ00000984,Arc Flash Awareness,L5,Yes,Mandatory
EQ00000985,Pressure Testing,L3,Yes,Mandatory
EQ00000985,Isolation/LOTO,L5,Yes,Mandatory
EQ00000985,Permit to Work,L4,Yes,Preferred
EQ00000986,Pressure Testing,L5,Yes,Mandatory
EQ00000986,Valve Maintenance,L3,No,Mandatory
EQ00000986,Pipeline Operations,L5,Yes,Mandatory
EQ00000986,Isolation/LOTO,L5,Yes,Mandatory
EQ00000987,Defensive Driving,L4,Yes,Mandatory
EQ00000987,Vehicle Inspection,L3,Yes,Mandatory
EQ00000987,Journey Management,L4,No,Mandatory
EQ00000988,Well Control,L4,No,Preferred
EQ00000988,Drilling Operations,L4,Yes,Mandatory
EQ00000988,Permit to Work,L3,Yes,Mandatory
EQ00000988,LOTO,L5,No,Mandatory
EQ00000989,Defensive Driving,L3,Yes,Mandatory
EQ00000989,Journey Management,L3,No,Mandatory
EQ00000990,Hazardous Material Transport,L5,Yes,Mandatory
EQ00000990,Defensive Driving,L4,Yes,Mandatory
EQ00000991,Gas Testing,L3,No,Mandatory
EQ00000991,Process Isolation,L5,Yes,Mandatory
EQ00000991,Process Operations,L4,No,Preferred
EQ00000991,Permit to Work,L4,Yes,Mandatory
EQ00000991,Pressure Systems Safety,L4,Yes,Mandatory
EQ00000992,Drilling Operations,L3,Yes,Mandatory
EQ00000992,Rig Floor Safety,L3,Yes,Mandatory
EQ00000992,LOTO,L4,No,Mandatory
EQ00000993,Permit to Work,L3,No,Preferred
EQ00000993,Drilling Operations,L3,Yes,Mandatory
EQ00000993,Rig Floor Safety,L4,Yes,Mandatory
EQ00000994,Well Control,L5,Yes,Preferred
EQ00000994,Drilling Operations,L4,No,Preferred
EQ00000994,Rig Floor Safety,L4,Yes,Mandatory
EQ00000994,Line of Fire Awareness,L4,No,Preferred
EQ00000995,Gas Detection,L5,Yes,Preferred
EQ00000995,Fire Water Systems,L3,No,Mandatory
EQ00000996,Process Safety,L3,Yes,Mandatory
EQ00000996,Environmental Monitoring,L4,Yes,Mandatory
EQ00000997,Lifting Gear Inspection,L4,Yes,Mandatory
EQ00000997,Rigging,L5,Yes,Preferred
EQ00000997,Line of Fire Awareness,L3,Yes,Preferred
EQ00000997,Crane Operation,L4,No,Mandatory
EQ00000997,Lifting Operations,L3,Yes,Mandatory
EQ00000998,Machine Tool Operation,L4,Yes,Preferred
EQ00000998,Welding Safety,L4,Yes,Mandatory
EQ00000998,LOTO,L4,Yes,Preferred
EQ00000999,Process Operations,L3,Yes,Preferred
EQ00000999,Gas Testing,L4,Yes,Preferred
EQ00000999,Pressure Systems Safety,L4,No,Mandatory
EQ00001000,Alignment,L5,No,Mandatory
EQ00001000,Pump Maintenance,L5,Yes,Preferred
EQ00001000,Lubrication,L5,Yes,Preferred
EQ00001000,Vibration Monitoring,L3,Yes,Preferred
EQ00001001,Defensive Driving,L3,No,Preferred
EQ00001001,Vehicle Inspection,L5,Yes,Preferred
EQ00001001,Hazardous Material Transport,L5,No,Preferred
EQ00001002,Lifting Operations,L3,Yes,Preferred
EQ00001002,Lifting Gear Inspection,L5,No,Mandatory
EQ00001003,Rig Floor Safety,L4,Yes,Mandatory
EQ00001003,Line of Fire Awareness,L3,Yes,Preferred
EQ00001003,Well Control,L3,Yes,Preferred
EQ00001003,Permit to Work,L5,Yes,Mandatory
EQ00001004,Electrical Isolation/LOTO,L4,Yes,Mandatory
EQ00001004,Switchgear Operation,L3,No,Mandatory
EQ00001004,Arc Flash Awareness,L4,Yes,Mandatory
EQ00001004,Electrical Safety,L5,No,Preferred
EQ00001005,Process Operations,L4,No,Mandatory
EQ00001005,Pressure Systems Safety,L4,Yes,Mandatory
EQ00001005,Gas Testing,L4,No,Mandatory
EQ00001005,Process Isolation,L5,Yes,Preferred
EQ00001006,Permit to Work,L5,No,Mandatory
EQ00001006,Rig Floor Safety,L4,Yes,Mandatory
EQ00001006,Well Control,L3,Yes,Mandatory
EQ00001006,Line of Fire Awareness,L4,No,Mandatory
EQ00001007,Electrical Safety,L5,Yes,Preferred
EQ00001007,Switchgear Operation,L5,Yes,Preferred
EQ00001007,Arc Flash Awareness,L5,No,Mandatory
EQ00001008,Welding Safety,L3,No,Preferred
EQ00001008,LOTO,L4,No,Mandatory
EQ00001008,Workshop Safety,L3,No,Preferred
EQ00001009,Pressure Systems Safety,L5,Yes,Mandatory
EQ00001009,Process Operations,L4,Yes,Preferred
EQ00001010,Isolation/LOTO,L5,Yes,Mandatory
EQ00001010,Pressure Vessel Safety,L4,Yes,Mandatory
EQ00001011,Process Isolation,L3,Yes,Mandatory
EQ00001011,Gas Testing,L3,No,Mandatory
EQ00001012,Process Isolation,L3,Yes,Preferred
EQ00001012,Pressure Systems Safety,L4,Yes,Mandatory
EQ00001012,Permit to Work,L4,Yes,Preferred
EQ00001012,Process Operations,L5,No,Preferred
EQ00001012,Gas Testing,L4,Yes,Preferred
EQ00001013,Permit to Work,L3,Yes,Mandatory
EQ00001013,Pressure Testing,L4,Yes,Mandatory
EQ00001013,Pipeline Operations,L4,No,Mandatory
EQ00001013,Valve Maintenance,L5,No,Preferred
EQ00001013,Isolation/LOTO,L3,No,Mandatory
EQ00001014,Environmental Monitoring,L4,Yes,Mandatory
EQ00001014,Process Safety,L4,No,Mandatory
EQ00001014,Wastewater Operations,L3,Yes,Mandatory
EQ00001014,Chemical Handling,L3,Yes,Mandatory
EQ00001015,Calibration,L3,No,Mandatory
EQ00001015,Instrumentation,L3,No,Mandatory
EQ00001016,Isolation/LOTO,L4,No,Mandatory
EQ00001016,Pipeline Operations,L5,No,Mandatory
EQ00001016,Permit to Work,L4,No,Mandatory
EQ00001017,Process Isolation,L5,Yes,Mandatory
EQ00001017,Process Operations,L5,Yes,Mandatory
EQ00001017,Pressure Systems Safety,L5,No,Preferred
EQ00001017,Permit to Work,L5,Yes,Mandatory
EQ00001017,Gas Testing,L3,No,Preferred
EQ00001018,Workshop Safety,L5,No,Preferred
EQ00001018,Machine Tool Operation,L5,Yes,Mandatory
EQ00001018,Welding Safety,L4,Yes,Preferred
EQ00001018,Hot Work,L5,No,Preferred
EQ00001018,LOTO,L3,No,Mandatory
EQ00001019,Permit to Work,L4,Yes,Preferred
EQ00001019,Mechanical Inspection,L5,Yes,Mandatory
EQ00001019,Pressure Vessel Safety,L5,Yes,Preferred
EQ00001019,Isolation/LOTO,L5,Yes,Mandatory
EQ00001020,Well Control,L3,Yes,Mandatory
EQ00001020,Permit to Work,L3,Yes,Preferred
EQ00001020,Drilling Operations,L3,No,Mandatory
EQ00001020,LOTO,L3,No,Mandatory
EQ00001020,Rig Floor Safety,L3,No,Preferred
EQ00001021,Alignment,L3,No,Preferred
EQ00001021,Lubrication,L5,Yes,Preferred
EQ00001021,Pump Maintenance,L4,No,Mandatory
EQ00001021,Vibration Monitoring,L5,Yes,Mandatory
EQ00001022,LOTO,L3,Yes,Mandatory
EQ00001022,Lubrication,L5,Yes,Mandatory
EQ00001023,Defensive Driving,L5,No,Preferred
EQ00001023,Hazardous Material Transport,L4,No,Preferred
EQ00001023,Journey Management,L5,No,Mandatory
EQ00001024,Welding Safety,L4,Yes,Preferred
EQ00001024,Machine Tool Operation,L3,Yes,Preferred
EQ00001025,Calibration,L5,Yes,Mandatory
EQ00001025,Instrumentation,L3,Yes,Mandatory
EQ00001025,SIS/ESD,L3,No,Preferred
EQ00001025,LOTO,L5,Yes,Mandatory
EQ00001026,Hazardous Material Transport,L4,Yes,Preferred
EQ00001026,Journey Management,L3,Yes,Mandatory
EQ00001026,Defensive Driving,L4,Yes,Mandatory
EQ00001026,Vehicle Inspection,L3,Yes,Mandatory
EQ00001027,Hydrotest Safety,L4,No,Mandatory
EQ00001027,Permit to Work,L3,Yes,Preferred
EQ00001027,Pressure Vessel Safety,L3,Yes,Mandatory
EQ00001028,LOTO,L3,No,Mandatory
EQ00001028,Instrumentation,L5,Yes,Preferred
EQ00001029,Calibration,L4,Yes,Mandatory
EQ00001029,SIS/ESD,L3,No,Preferred
EQ00001029,LOTO,L5,No,Mandatory
EQ00001029,Instrumentation,L5,Yes,Mandatory
EQ00001030,Mechanical Inspection,L5,Yes,Mandatory
EQ00001030,Pressure Vessel Safety,L5,Yes,Preferred
EQ00001030,Isolation/LOTO,L3,Yes,Preferred
EQ00001030,Permit to Work,L4,Yes,Mandatory
EQ00001031,Instrumentation,L5,Yes,Mandatory
EQ00001031,Control Systems,L4,Yes,Mandatory
EQ00001031,Calibration,L4,No,Mandatory
EQ00001031,SIS/ESD,L5,Yes,Preferred
EQ00001032,Fire Fighting,L3,Yes,Mandatory
EQ00001032,Permit to Work,L4,Yes,Mandatory
EQ00001032,Fire Water Systems,L4,Yes,Preferred
EQ00001033,Instrumentation,L3,Yes,Mandatory
EQ00001033,LOTO,L4,No,Preferred
EQ00001033,Control Systems,L3,Yes,Mandatory
EQ00001034,Line of Fire Awareness,L4,No,Mandatory
EQ00001034,Rigging,L5,Yes,Preferred
EQ00001034,Lifting Gear Inspection,L3,Yes,Preferred
EQ00001034,Crane Operation,L3,No,Preferred
EQ00001034,Lifting Operations,L5,Yes,Preferred
EQ00001035,Calibration,L4,No,Mandatory
EQ00001035,LOTO,L4,Yes,Mandatory
EQ00001035,SIS/ESD,L5,No,Mandatory
EQ00001036,Hydrotest Safety,L4,No,Mandatory
EQ00001036,Isolation/LOTO,L3,Yes,Preferred
EQ00001036,Pressure Vessel Safety,L4,No,Preferred
EQ00001036,Permit to Work,L5,No,Mandatory
EQ00001037,Process Operations,L3,Yes,Preferred
EQ00001037,Pressure Systems Safety,L5,Yes,Mandatory
EQ00001037,Process Isolation,L4,Yes,Mandatory
EQ00001038,LOTO,L3,Yes,Mandatory
EQ00001038,Workshop Safety,L3,No,Mandatory
EQ00001038,Hot Work,L5,No,Mandatory
EQ00001039,Line of Fire Awareness,L5,No,Mandatory
EQ00001039,Lifting Operations,L5,Yes,Preferred
EQ00001039,Lifting Gear Inspection,L5,No,Mandatory
EQ00001039,Crane Operation,L5,Yes,Mandatory
EQ00001040,Workshop Safety,L3,Yes,Mandatory
EQ00001040,Welding Safety,L3,No,Mandatory
EQ00001040,LOTO,L3,Yes,Preferred
EQ00001040,Machine Tool Operation,L5,No,Mandatory
EQ00001040,Hot Work,L5,No,Mandatory
EQ00001041,Isolation/LOTO,L3,Yes,Mandatory
EQ00001041,Valve Maintenance,L3,Yes,Preferred
EQ00001041,Permit to Work,L4,No,Mandatory
EQ00001041,Pipeline Operations,L5,No,Preferred
EQ00001041,Pressure Testing,L3,Yes,Mandatory
EQ00001042,Pressure Systems Safety,L3,Yes,Mandatory
EQ00001042,Gas Testing,L3,Yes,Mandatory
EQ00001043,LOTO,L5,Yes,Mandatory
EQ00001043,Line of Fire Awareness,L5,Yes,Preferred
EQ00001043,Drilling Operations,L3,Yes,Preferred
EQ00001043,Permit to Work,L3,No,Preferred
EQ00001043,Well Control,L4,Yes,Preferred
EQ00001044,Pipeline Operations,L3,No,Mandatory
EQ00001044,Pressure Testing,L3,Yes,Mandatory
EQ00001044,Permit to Work,L3,No,Preferred
EQ00001045,Motor Maintenance,L3,Yes,Mandatory
EQ00001045,Arc Flash Awareness,L3,No,Mandatory
EQ00001045,Switchgear Operation,L3,Yes,Preferred
EQ00001045,Electrical Isolation/LOTO,L5,Yes,Preferred
EQ00001046,Hydrotest Safety,L3,Yes,Mandatory
EQ00001046,Permit to Work,L5,Yes,Mandatory
EQ00001047,Process Isolation,L3,Yes,Mandatory
EQ00001047,Pressure Systems Safety,L5,Yes,Preferred
EQ00001047,Gas Testing,L3,Yes,Preferred
EQ00001048,Motor Maintenance,L4,Yes,Mandatory
EQ00001048,Electrical Isolation/LOTO,L3,No,Mandatory
EQ00001048,Switchgear Operation,L5,Yes,Mandatory
EQ00001048,Arc Flash Awareness,L5,No,Preferred
EQ00001048,Electrical Safety,L4,Yes,Mandatory
EQ00001049,Rig Floor Safety,L4,No,Mandatory
EQ00001049,Drilling Operations,L3,Yes,Preferred
EQ00001049,Permit to Work,L3,Yes,Preferred
EQ00001050,Hot Work,L3,Yes,Mandatory
EQ00001050,Machine Tool Operation,L4,Yes,Preferred
EQ00001050,LOTO,L4,Yes,Preferred
EQ00001050,Workshop Safety,L4,Yes,Mandatory
EQ00001051,Lifting Gear Inspection,L3,Yes,Preferred
EQ00001051,Crane Operation,L3,Yes,Preferred
EQ00001051,Lifting Operations,L5,Yes,Mandatory
EQ00001051,Rigging,L4,No,Preferred
EQ00001052,Workshop Safety,L5,Yes,Mandatory
EQ00001052,LOTO,L4,No,Mandatory
EQ00001052,Machine Tool Operation,L5,Yes,Preferred
EQ00001053,Rigging,L3,Yes,Mandatory
EQ00001053,Lifting Gear Inspection,L5,No,Preferred
EQ00001053,Line of Fire Awareness,L3,Yes,Mandatory
EQ00001053,Lifting Operations,L4,Yes,Mandatory
EQ00001053,Crane Operation,L4,Yes,Preferred
EQ00001054,Process Operations,L4,No,Preferred
EQ00001054,Permit to Work,L5,Yes,Mandatory
EQ00001054,Gas Testing,L3,No,Preferred
EQ00001055,Lifting Operations,L5,No,Mandatory
EQ00001055,Crane Operation,L5,Yes,Preferred
EQ00001055,Lifting Gear Inspection,L4,Yes,Mandatory
EQ00001055,Rigging,L5,Yes,Mandatory
EQ00001055,Line of Fire Awareness,L3,No,Mandatory
EQ00001056,Permit to Work,L4,No,Mandatory
EQ00001056,Fire Fighting,L5,Yes,Mandatory
EQ00001056,Emergency Response,L4,No,Mandatory
EQ00001056,Gas Detection,L5,Yes,Mandatory
EQ00001057,LOTO,L3,Yes,Preferred
EQ00001057,Machine Tool Operation,L3,Yes,Preferred
EQ00001058,Fire Fighting,L5,No,Mandatory
EQ00001058,Gas Detection,L4,No,Mandatory
EQ00001058,Fire Water Systems,L4,Yes,Preferred
EQ00001058,Emergency Response,L5,Yes,Preferred
EQ00001059,Permit to Work,L4,No,Preferred
EQ00001059,Mechanical Inspection,L5,Yes,Mandatory
EQ00001059,Pressure Vessel Safety,L3,No,Preferred
EQ00001059,Isolation/LOTO,L5,Yes,Mandatory
EQ00001059,Hydrotest Safety,L4,Yes,Preferred
EQ00001060,SIS/ESD,L5,Yes,Mandatory
EQ00001060,Instrumentation,L3,Yes,Preferred
EQ00001060,Calibration,L4,Yes,Mandatory
EQ00001060,LOTO,L3,Yes,Mandatory
EQ00001061,Process Operations,L4,Yes,Preferred
EQ00001061,Process Isolation,L4,Yes,Preferred
EQ00001061,Pressure Systems Safety,L4,Yes,Mandatory
EQ00001062,Fire Water Systems,L3,Yes,Preferred
EQ00001062,Permit to Work,L3,Yes,Preferred
EQ00001062,Gas Detection,L4,Yes,Preferred
EQ00001062,Fire Fighting,L5,Yes,Mandatory
EQ00001063,LOTO,L4,Yes,Mandatory
EQ00001063,Rig Floor Safety,L3,Yes,Mandatory
EQ00001063,Drilling Operations,L5,Yes,Preferred
EQ00001064,Alignment,L3,Yes,Mandatory
EQ00001064,Pump Maintenance,L5,Yes,Mandatory
EQ00001064,Rotating Equipment,L4,No,Mandatory
EQ00001065,LOTO,L4,No,Mandatory
EQ00001065,Rig Floor Safety,L3,No,Mandatory
EQ00001065,Permit to Work,L3,Yes,Mandatory
EQ00001065,Well Control,L3,Yes,Mandatory
EQ00001066,Lubrication,L5,No,Mandatory
EQ00001066,LOTO,L5,Yes,Preferred
EQ00001066,Pump Maintenance,L5,Yes,Preferred
EQ00001067,LOTO,L4,Yes,Mandatory
EQ00001067,Rig Floor Safety,L4,Yes,Preferred
EQ00001068,Chemical Handling,L5,Yes,Mandatory
EQ00001068,Wastewater Operations,L4,Yes,Mandatory
EQ00001068,Process Safety,L5,No,Mandatory
EQ00001068,Environmental Monitoring,L3,No,Mandatory
EQ00001069,Welding Safety,L4,Yes,Preferred
EQ00001069,LOTO,L4,Yes,Preferred
EQ00001069,Machine Tool Operation,L4,Yes,Preferred
EQ00001070,Emergency Response,L5,Yes,Mandatory
EQ00001070,Fire Water Systems,L3,Yes,Mandatory
EQ00001070,Gas Detection,L3,Yes,Mandatory
EQ00001071,Calibration,L3,Yes,Mandatory
EQ00001071,Instrumentation,L3,Yes,Mandatory
EQ00001071,LOTO,L4,Yes,Mandatory
EQ00001072,Line of Fire Awareness,L5,No,Mandatory
EQ00001072,LOTO,L5,No,Mandatory
EQ00001072,Rig Floor Safety,L5,No,Mandatory
EQ00001073,Pressure Systems Safety,L4,Yes,Preferred
EQ00001073,Process Operations,L3,No,Mandatory
EQ00001074,Gas Testing,L3,Yes,Mandatory
EQ00001074,Process Isolation,L4,Yes,Mandatory
EQ00001074,Process Operations,L5,No,Preferred
EQ00001075,Crane Operation,L5,Yes,Preferred
EQ00001075,Rigging,L5,No,Mandatory
EQ00001075,Lifting Gear Inspection,L5,Yes,Mandatory
EQ00001075,Line of Fire Awareness,L3,No,Mandatory
EQ00001075,Lifting Operations,L4,Yes,Preferred
EQ00001076,Permit to Work,L5,No,Mandatory
EQ00001076,Fire Water Systems,L4,No,Mandatory
EQ00001076,Fire Fighting,L4,Yes,Mandatory
EQ00001076,Emergency Response,L5,Yes,Mandatory
EQ00001077,Chemical Handling,L3,Yes,Mandatory
EQ00001077,Wastewater Operations,L4,Yes,Preferred
EQ00001078,Motor Maintenance,L3,No,Mandatory
EQ00001078,Arc Flash Awareness,L5,Yes,Mandatory
EQ00001078,Electrical Isolation/LOTO,L4,Yes,Mandatory
EQ00001078,Electrical Safety,L4,Yes,Mandatory
EQ00001078,Switchgear Operation,L4,Yes,Preferred
EQ00001079,Hazardous Material Transport,L5,No,Preferred
EQ00001079,Vehicle Inspection,L5,Yes,Mandatory
EQ00001079,Journey Management,L5,No,Mandatory
EQ00001079,Defensive Driving,L5,Yes,Mandatory
EQ00001080,Rotating Equipment,L3,No,Preferred
EQ00001080,LOTO,L3,No,Mandatory
EQ00001081,Permit to Work,L3,Yes,Mandatory
EQ00001081,Process Operations,L4,Yes,Preferred
EQ00001081,Process Isolation,L5,Yes,Preferred
EQ00001081,Gas Testing,L5,Yes,Preferred
EQ00001081,Pressure Systems Safety,L3,Yes,Preferred
EQ00001082,Electrical Safety,L3,No,Mandatory
EQ00001082,Motor Maintenance,L3,Yes,Preferred
EQ00001082,Arc Flash Awareness,L5,No,Mandatory
EQ00001082,Electrical Isolation/LOTO,L5,Yes,Mandatory
EQ00001082,Switchgear Operation,L4,Yes,Preferred
EQ00001083,Wastewater Operations,L3,Yes,Mandatory
EQ00001083,Chemical Handling,L3,No,Preferred
EQ00001083,Environmental Monitoring,L4,Yes,Mandatory
EQ00001084,Environmental Monitoring,L3,Yes,Mandatory
EQ00001084,Chemical Handling,L4,Yes,Preferred
EQ00001085,SIS/ESD,L4,Yes,Mandatory
EQ00001085,Control Systems,L5,No,Preferred
EQ00001085,Calibration,L5,No,Preferred
EQ00001085,Instrumentation,L3,No,Mandatory
EQ00001086,Drilling Operations,L4,Yes,Preferred
EQ00001086,Permit to Work,L3,Yes,Mandatory
EQ00001086,Well Control,L4,Yes,Mandatory
EQ00001087,Welding Safety,L5,Yes,Preferred
EQ00001087,Hot Work,L3,No,Mandatory
EQ00001087,LOTO,L5,No,Mandatory
EQ00001087,Workshop Safety,L4,Yes,Mandatory
EQ00001088,Instrumentation,L5,Yes,Mandatory
EQ00001088,Calibration,L3,No,Preferred
EQ00001088,LOTO,L3,No,Preferred
EQ00001089,Pressure Vessel Safety,L4,Yes,Mandatory
EQ00001089,Mechanical Inspection,L3,No,Mandatory
EQ00001090,Lifting Operations,L5,Yes,Mandatory
EQ00001090,Lifting Gear Inspection,L5,Yes,Mandatory
EQ00001090,Line of Fire Awareness,L4,Yes,Preferred
EQ00001090,Rigging,L5,No,Preferred
EQ00001091,Gas Testing,L3,No,Mandatory
EQ00001091,Process Operations,L4,Yes,Preferred
EQ00001091,Permit to Work,L4,No,Preferred
EQ00001092,Pipeline Operations,L4,Yes,Mandatory
EQ00001092,Pressure Testing,L3,Yes,Preferred
EQ00001092,Permit to Work,L4,Yes,Mandatory
EQ00001092,Valve Maintenance,L5,Yes,Mandatory
EQ00001093,Vibration Monitoring,L5,Yes,Mandatory
EQ00001093,LOTO,L4,Yes,Mandatory
EQ00001093,Rotating Equipment,L4,Yes,Mandatory
EQ00001094,SIS/ESD,L3,Yes,Mandatory
EQ00001094,Instrumentation,L5,Yes,Mandatory
EQ00001095,Switchgear Operation,L3,Yes,Preferred
EQ00001095,Arc Flash Awareness,L5,Yes,Preferred
EQ00001095,Motor Maintenance,L3,Yes,Mandatory
EQ00001095,Electrical Safety,L5,No,Preferred
EQ00001096,Switchgear Operation,L5,Yes,Mandatory
EQ00001096,Electrical Safety,L3,No,Preferred
EQ00001096,Motor Maintenance,L3,Yes,Preferred
EQ00001097,LOTO,L3,No,Preferred
EQ00001097,Vibration Monitoring,L4,Yes,Mandatory
EQ00001097,Rotating Equipment,L4,Yes,Preferred
EQ00001097,Lubrication,L3,No,Preferred
EQ00001098,Machine Tool Operation,L5,Yes,Mandatory
EQ00001098,LOTO,L4,Yes,Mandatory
EQ00001098,Hot Work,L5,Yes,Mandatory
EQ00001098,Welding Safety,L5,Yes,Mandatory
EQ00001098,Workshop Safety,L5,No,Preferred
EQ00001099,Hazardous Material Transport,L3,Yes,Preferred
EQ00001099,Defensive Driving,L3,Yes,Preferred
EQ00001099,Journey Management,L5,Yes,Preferred
EQ00001100,Gas Testing,L5,No,Mandatory
EQ00001100,Process Isolation,L3,Yes,Preferred
EQ00001100,Permit to Work,L3,Yes,Mandatory
EQ00001100,Process Operations,L4,No,Preferred
EQ00001100,Pressure Systems Safety,L3,Yes,Mandatory
EQ00001101,Calibration,L3,Yes,Preferred
EQ00001101,Control Systems,L4,No,Mandatory
EQ00001101,SIS/ESD,L4,No,Mandatory
EQ00001101,Instrumentation,L5,Yes,Preferred
EQ00001101,LOTO,L5,Yes,Mandatory
EQ00001102,LOTO,L3,Yes,Preferred
EQ00001102,Permit to Work,L3,Yes,Mandatory
EQ00001102,Drilling Operations,L5,No,Mandatory
EQ00001103,Electrical Safety,L4,Yes,Mandatory
EQ00001103,Arc Flash Awareness,L4,No,Preferred
EQ00001104,Hydrotest Safety,L3,Yes,Mandatory
EQ00001104,Isolation/LOTO,L3,No,Mandatory
EQ00001105,Process Isolation,L3,Yes,Preferred
EQ00001105,Process Operations,L5,Yes,Mandatory
EQ00001105,Pressure Systems Safety,L4,Yes,Mandatory
EQ00001105,Gas Testing,L3,No,Mandatory
EQ00001106,Pressure Systems Safety,L4,No,Mandatory
EQ00001106,Permit to Work,L5,No,Mandatory
EQ00001106,Gas Testing,L5,No,Preferred
EQ00001106,Process Isolation,L5,Yes,Preferred
EQ00001106,Process Operations,L4,No,Mandatory
EQ00001107,Pressure Vessel Safety,L3,Yes,Mandatory
EQ00001107,Mechanical Inspection,L3,No,Mandatory
EQ00001107,Isolation/LOTO,L5,Yes,Mandatory
EQ00001107,Permit to Work,L4,Yes,Mandatory
EQ00001108,Welding Safety,L3,Yes,Mandatory
EQ00001108,LOTO,L4,Yes,Mandatory
EQ00001108,Workshop Safety,L4,Yes,Mandatory
EQ00001108,Machine Tool Operation,L5,Yes,Preferred
EQ00001108,Hot Work,L4,No,Mandatory
EQ00001109,Well Control,L5,Yes,Mandatory
EQ00001109,Drilling Operations,L4,Yes,Mandatory
EQ00001109,Line of Fire Awareness,L4,No,Mandatory
EQ00001109,Permit to Work,L3,No,Mandatory
EQ00001109,Rig Floor Safety,L4,Yes,Preferred
EQ00001110,Lifting Gear Inspection,L5,Yes,Mandatory
EQ00001110,Line of Fire Awareness,L4,Yes,Mandatory
EQ00001110,Crane Operation,L3,Yes,Mandatory
EQ00001111,Lubrication,L4,Yes,Mandatory
EQ00001111,Pump Maintenance,L5,Yes,Preferred
EQ00001111,Alignment,L4,Yes,Mandatory
EQ00001112,Alignment,L3,Yes,Mandatory
EQ00001112,Vibration Monitoring,L4,No,Mandatory
EQ00001112,Rotating Equipment,L3,No,Mandatory
EQ00001112,LOTO,L3,Yes,Preferred
EQ00001113,Drilling Operations,L3,Yes,Mandatory
EQ00001113,Permit to Work,L5,No,Preferred
EQ00001113,Rig Floor Safety,L5,No,Mandatory
EQ00001113,Line of Fire Awareness,L3,No,Preferred
EQ00001113,Well Control,L3,Yes,Preferred
EQ00001114,Process Operations,L4,No,Preferred
EQ00001114,Process Isolation,L3,Yes,Preferred
EQ00001115,Rig Floor Safety,L5,Yes,Mandatory
EQ00001115,Well Control,L4,No,Mandatory
EQ00001115,Drilling Operations,L4,No,Mandatory
EQ00001115,LOTO,L5,Yes,Preferred
EQ00001115,Permit to Work,L4,Yes,Preferred
EQ00001116,Pressure Systems Safety,L4,No,Preferred
EQ00001116,Process Operations,L4,No,Mandatory
EQ00001117,Permit to Work,L4,Yes,Mandatory
EQ00001117,Isolation/LOTO,L4,Yes,Mandatory
EQ00001117,Mechanical Inspection,L5,No,Mandatory
EQ00001118,Hydrotest Safety,L3,Yes,Mandatory
EQ00001118,Mechanical Inspection,L4,Yes,Mandatory
EQ00001119,Wastewater Operations,L3,No,Mandatory
EQ00001119,Process Safety,L3,No,Mandatory
EQ00001119,Chemical Handling,L4,Yes,Mandatory
EQ00001119,Environmental Monitoring,L4,No,Mandatory
EQ00001120,Lifting Gear Inspection,L4,Yes,Mandatory
EQ00001120,Line of Fire Awareness,L3,No,Mandatory
EQ00001120,Crane Operation,L3,No,Mandatory
EQ00001120,Rigging,L4,Yes,Mandatory
EQ00001120,Lifting Operations,L5,Yes,Preferred
EQ00001121,Welding Safety,L4,Yes,Preferred
EQ00001121,LOTO,L4,Yes,Mandatory
EQ00001121,Workshop Safety,L5,No,Preferred
EQ00001121,Hot Work,L4,Yes,Mandatory
EQ00001121,Machine Tool Operation,L4,Yes,Mandatory
EQ00001122,Line of Fire Awareness,L4,Yes,Preferred
EQ00001122,Rigging,L5,Yes,Mandatory
EQ00001122,Crane Operation,L4,Yes,Mandatory
EQ00001123,Isolation/LOTO,L5,Yes,Preferred
EQ00001123,Mechanical Inspection,L4,Yes,Mandatory
EQ00001123,Pressure Vessel Safety,L4,Yes,Mandatory
EQ00001123,Hydrotest Safety,L4,No,Preferred
EQ00001124,Alignment,L4,Yes,Mandatory
EQ00001124,Rotating Equipment,L3,Yes,Preferred
EQ00001124,LOTO,L3,Yes,Mandatory
EQ00001125,Arc Flash Awareness,L5,No,Preferred
EQ00001125,Motor Maintenance,L4,No,Mandatory
EQ00001125,Electrical Isolation/LOTO,L3,No,Mandatory
EQ00001125,Switchgear Operation,L3,Yes,Preferred
EQ00001126,Permit to Work,L3,No,Mandatory
EQ00001126,Isolation/LOTO,L4,No,Preferred
EQ00001126,Valve Maintenance,L4,Yes,Mandatory
EQ00001126,Pipeline Operations,L3,Yes,Mandatory
EQ00001127,Electrical Safety,L4,No,Mandatory
EQ00001127,Electrical Isolation/LOTO,L5,Yes,Mandatory
EQ00001127,Arc Flash Awareness,L4,Yes,Mandatory
EQ00001128,Pipeline Operations,L4,Yes,Preferred
EQ00001128,Valve Maintenance,L5,Yes,Mandatory
EQ00001128,Pressure Testing,L5,No,Mandatory
EQ00001128,Isolation/LOTO,L5,Yes,Mandatory
EQ00001128,Permit to Work,L4,Yes,Mandatory
EQ00001129,Line of Fire Awareness,L3,Yes,Preferred
EQ00001129,Drilling Operations,L4,No,Mandatory
EQ00001129,Rig Floor Safety,L5,No,Preferred
EQ00001129,LOTO,L5,No,Preferred
EQ00001129,Permit to Work,L3,Yes,Mandatory
EQ00001130,LOTO,L4,Yes,Preferred
EQ00001130,Instrumentation,L3,Yes,Mandatory
EQ00001130,Calibration,L5,No,Mandatory
EQ00001130,Control Systems,L3,Yes,Preferred
EQ00001130,SIS/ESD,L3,Yes,Mandatory
EQ00001131,Pipeline Operations,L5,Yes,Mandatory
EQ00001131,Isolation/LOTO,L3,No,Mandatory
EQ00001131,Valve Maintenance,L3,No,Mandatory
EQ00001131,Pressure Testing,L5,Yes,Mandatory
EQ00001131,Permit to Work,L4,Yes,Preferred
EQ00001132,Line of Fire Awareness,L4,No,Mandatory
EQ00001132,LOTO,L3,Yes,Mandatory
EQ00001132,Rig Floor Safety,L5,Yes,Mandatory
EQ00001132,Well Control,L3,No,Mandatory
EQ00001133,Alignment,L5,Yes,Preferred
EQ00001133,Lubrication,L5,Yes,Mandatory
EQ00001133,Vibration Monitoring,L4,Yes,Mandatory
EQ00001133,Rotating Equipment,L5,Yes,Mandatory
EQ00001134,Vibration Monitoring,L4,No,Mandatory
EQ00001134,Lubrication,L4,No,Mandatory
EQ00001134,Pump Maintenance,L5,Yes,Mandatory
EQ00001135,Crane Operation,L4,Yes,Preferred
EQ00001135,Lifting Gear Inspection,L4,Yes,Preferred
EQ00001135,Line of Fire Awareness,L4,Yes,Mandatory
EQ00001135,Lifting Operations,L5,No,Preferred
EQ00001135,Rigging,L5,Yes,Preferred
EQ00001136,Vehicle Inspection,L4,Yes,Mandatory
EQ00001136,Hazardous Material Transport,L4,Yes,Mandatory
EQ00001137,Process Isolation,L5,Yes,Preferred
EQ00001137,Gas Testing,L3,Yes,Mandatory
EQ00001137,Pressure Systems Safety,L4,Yes,Preferred
EQ00001137,Process Operations,L5,No,Mandatory
EQ00001137,Permit to Work,L3,Yes,Mandatory
EQ00001138,Process Safety,L5,Yes,Mandatory
EQ00001138,Wastewater Operations,L5,Yes,Mandatory
EQ00001139,Control Systems,L4,No,Mandatory
EQ00001139,LOTO,L5,Yes,Mandatory
EQ00001140,Arc Flash Awareness,L5,Yes,Mandatory
EQ00001140,Switchgear Operation,L3,Yes,Mandatory
EQ00001140,Motor Maintenance,L4,Yes,Preferred
EQ00001140,Electrical Safety,L5,No,Mandatory
EQ00001141,Valve Maintenance,L3,No,Preferred
EQ00001141,Isolation/LOTO,L5,No,Mandatory
EQ00001141,Pressure Testing,L3,No,Mandatory
EQ00001141,Pipeline Operations,L4,Yes,Mandatory
EQ00001141,Permit to Work,L3,Yes,Mandatory
EQ00001142,Electrical Safety,L4,Yes,Mandatory
EQ00001142,Electrical Isolation/LOTO,L5,Yes,Mandatory
EQ00001142,Motor Maintenance,L5,Yes,Mandatory
EQ00001142,Arc Flash Awareness,L3,Yes,Mandatory
EQ00001143,Permit to Work,L5,No,Mandatory
EQ00001143,Pressure Testing,L4,Yes,Mandatory
EQ00001143,Valve Maintenance,L4,No,Preferred
EQ00001143,Pipeline Operations,L5,No,Mandatory
EQ00001144,LOTO,L3,Yes,Mandatory
EQ00001144,Pump Maintenance,L3,No,Mandatory
EQ00001144,Rotating Equipment,L4,Yes,Mandatory
EQ00001144,Alignment,L5,No,Mandatory
EQ00001144,Lubrication,L5,Yes,Mandatory
EQ00001145,Line of Fire Awareness,L3,Yes,Mandatory
EQ00001145,Rigging,L4,No,Preferred
EQ00001146,Vibration Monitoring,L5,No,Mandatory
EQ00001146,Rotating Equipment,L4,Yes,Mandatory
EQ00001146,Lubrication,L5,No,Mandatory
EQ00001146,LOTO,L4,Yes,Preferred
EQ00001147,Crane Operation,L5,Yes,Mandatory
EQ00001147,Lifting Operations,L5,Yes,Preferred
EQ00001148,Defensive Driving,L4,Yes,Mandatory
EQ00001148,Vehicle Inspection,L4,Yes,Mandatory
EQ00001148,Journey Management,L4,Yes,Mandatory
EQ00001148,Hazardous Material Transport,L3,No,Mandatory
EQ00001149,Rig Floor Safety,L3,No,Mandatory
EQ00001149,LOTO,L4,Yes,Mandatory
EQ00001150,Hazardous Material Transport,L3,No,Mandatory
EQ00001150,Vehicle Inspection,L5,Yes,Preferred
EQ00001150,Defensive Driving,L5,Yes,Mandatory
EQ00001150,Journey Management,L3,Yes,Mandatory
EQ00001151,Electrical Isolation/LOTO,L3,Yes,Mandatory
EQ00001151,Switchgear Operation,L4,Yes,Mandatory
EQ00001152,Pipeline Operations,L5,No,Preferred
EQ00001152,Pressure Testing,L5,No,Preferred
EQ00001152,Valve Maintenance,L3,Yes,Mandatory
EQ00001152,Permit to Work,L3,Yes,Mandatory
EQ00001153,Motor Maintenance,L5,Yes,Mandatory
EQ00001153,Switchgear Operation,L4,Yes,Mandatory
EQ00001153,Electrical Isolation/LOTO,L5,No,Mandatory
EQ00001153,Arc Flash Awareness,L5,No,Preferred
EQ00001153,Electrical Safety,L4,Yes,Preferred
EQ00001154,Lifting Operations,L5,Yes,Mandatory
EQ00001154,Lifting Gear Inspection,L4,Yes,Mandatory
EQ00001154,Rigging,L5,No,Mandatory
EQ00001155,Hydrotest Safety,L3,Yes,Mandatory
EQ00001155,Permit to Work,L5,No,Preferred
EQ00001155,Pressure Vessel Safety,L4,Yes,Mandatory
EQ00001156,Gas Detection,L4,No,Mandatory
EQ00001156,Emergency Response,L5,Yes,Mandatory
EQ00001156,Fire Fighting,L3,No,Mandatory
EQ00001157,LOTO,L3,Yes,Preferred
EQ00001157,Rotating Equipment,L4,Yes,Mandatory
EQ00001157,Lubrication,L4,Yes,Mandatory
EQ00001157,Vibration Monitoring,L4,Yes,Preferred
EQ00001157,Alignment,L3,Yes,Mandatory
EQ00001158,Electrical Safety,L5,No,Mandatory
EQ00001158,Arc Flash Awareness,L4,No,Mandatory
EQ00001158,Electrical Isolation/LOTO,L3,Yes,Preferred
EQ00001159,Fire Water Systems,L3,Yes,Preferred
EQ00001159,Permit to Work,L5,Yes,Preferred
EQ00001159,Fire Fighting,L4,Yes,Mandatory
EQ00001160,Process Isolation,L4,No,Mandatory
EQ00001160,Gas Testing,L5,Yes,Mandatory
EQ00001160,Permit to Work,L4,Yes,Preferred
EQ00001160,Process Operations,L4,No,Mandatory
EQ00001161,Motor Maintenance,L3,Yes,Mandatory
EQ00001161,Arc Flash Awareness,L4,Yes,Preferred
EQ00001161,Electrical Isolation/LOTO,L5,Yes,Mandatory
EQ00001161,Electrical Safety,L4,Yes,Mandatory
EQ00001162,Pressure Systems Safety,L3,Yes,Preferred
EQ00001162,Process Operations,L4,Yes,Preferred
EQ00001162,Permit to Work,L4,Yes,Preferred
EQ00001163,Pressure Vessel Safety,L4,Yes,Mandatory
EQ00001163,Isolation/LOTO,L3,No,Mandatory
EQ00001163,Mechanical Inspection,L3,No,Preferred
EQ00001163,Hydrotest Safety,L4,Yes,Mandatory
EQ00001164,Hot Work,L5,No,Mandatory
EQ00001164,Welding Safety,L5,No,Mandatory
EQ00001164,Machine Tool Operation,L3,Yes,Mandatory
EQ00001165,Welding Safety,L5,No,Mandatory
EQ00001165,LOTO,L3,No,Mandatory
EQ00001165,Workshop Safety,L5,Yes,Preferred
EQ00001165,Machine Tool Operation,L3,No,Mandatory
EQ00001166,Environmental Monitoring,L5,No,Preferred
EQ00001166,Wastewater Operations,L5,Yes,Mandatory
EQ00001167,Emergency Response,L4,No,Preferred
EQ00001167,Fire Water Systems,L3,No,Mandatory
EQ00001167,Gas Detection,L4,Yes,Mandatory
EQ00001167,Fire Fighting,L5,Yes,Mandatory
EQ00001168,Hazardous Material Transport,L3,Yes,Preferred
EQ00001168,Defensive Driving,L4,Yes,Mandatory
EQ00001168,Vehicle Inspection,L3,No,Mandatory
EQ00001168,Journey Management,L4,Yes,Mandatory
EQ00001169,Workshop Safety,L5,Yes,Preferred
EQ00001169,LOTO,L3,Yes,Preferred
EQ00001169,Hot Work,L4,Yes,Preferred
EQ00001170,Fire Water Systems,L4,No,Mandatory
EQ00001170,Gas Detection,L3,Yes,Mandatory
EQ00001170,Fire Fighting,L5,No,Mandatory
EQ00001171,Process Isolation,L5,Yes,Preferred
EQ00001171,Process Operations,L5,No,Mandatory
EQ00001171,Gas Testing,L5,Yes,Preferred
EQ00001171,Pressure Systems Safety,L3,Yes,Preferred
EQ00001171,Permit to Work,L4,Yes,Mandatory
EQ00001172,Defensive Driving,L5,No,Mandatory
EQ00001172,Hazardous Material Transport,L3,Yes,Preferred
EQ00001172,Journey Management,L3,Yes,Preferred
EQ00001172,Vehicle Inspection,L4,Yes,Preferred
EQ00001173,Rig Floor Safety,L3,Yes,Mandatory
EQ00001173,Drilling Operations,L4,No,Mandatory
EQ00001174,Mechanical Inspection,L5,Yes,Mandatory
EQ00001174,Permit to Work,L3,No,Preferred
EQ00001174,Pressure Vessel Safety,L3,No,Preferred
EQ00001174,Hydrotest Safety,L4,Yes,Preferred
EQ00001175,Workshop Safety,L3,No,Mandatory
EQ00001175,LOTO,L3,Yes,Mandatory
EQ00001175,Machine Tool Operation,L3,Yes,Preferred
EQ00001175,Welding Safety,L3,Yes,Mandatory
EQ00001176,Hot Work,L3,No,Mandatory
EQ00001176,Workshop Safety,L5,No,Preferred
EQ00001176,Welding Safety,L3,Yes,Mandatory
EQ00001176,LOTO,L3,Yes,Mandatory
EQ00001177,Alignment,L3,Yes,Preferred
EQ00001177,Vibration Monitoring,L4,No,Mandatory
EQ00001177,Pump Maintenance,L5,No,Preferred
EQ00001177,LOTO,L3,Yes,Mandatory
EQ00001178,Wastewater Operations,L5,No,Mandatory
EQ00001178,Chemical Handling,L5,No,Mandatory
EQ00001178,Process Safety,L3,No,Preferred
EQ00001178,Environmental Monitoring,L4,Yes,Preferred
EQ00001179,Welding Safety,L3,Yes,Preferred
EQ00001179,Hot Work,L3,No,Preferred
EQ00001180,Lifting Gear Inspection,L4,Yes,Preferred
EQ00001180,Rigging,L5,Yes,Mandatory
EQ00001180,Lifting Operations,L3,Yes,Mandatory
EQ00001181,Hydrotest Safety,L5,No,Mandatory
EQ00001181,Pressure Vessel Safety,L4,Yes,Mandatory
EQ00001181,Mechanical Inspection,L3,Yes,Mandatory
EQ00001182,Process Safety,L4,Yes,Mandatory
EQ00001182,Chemical Handling,L3,No,Mandatory
EQ00001182,Wastewater Operations,L3,No,Preferred
EQ00001182,Environmental Monitoring,L4,No,Mandatory
EQ00001183,Switchgear Operation,L4,No,Preferred
EQ00001183,Electrical Safety,L3,Yes,Mandatory
EQ00001184,Control Systems,L3,Yes,Mandatory
EQ00001184,SIS/ESD,L4,No,Preferred
EQ00001184,Calibration,L5,Yes,Mandatory
EQ00001185,Arc Flash Awareness,L4,Yes,Preferred
EQ00001185,Electrical Safety,L3,Yes,Mandatory
EQ00001186,Well Control,L4,No,Mandatory
EQ00001186,Rig Floor Safety,L4,Yes,Mandatory
EQ00001187,Hydrotest Safety,L5,Yes,Mandatory
EQ00001187,Mechanical Inspection,L4,No,Preferred
EQ00001187,Permit to Work,L4,Yes,Mandatory
EQ00001187,Isolation/LOTO,L5,No,Mandatory
EQ00001187,Pressure Vessel Safety,L4,No,Preferred
EQ00001188,Hot Work,L5,Yes,Mandatory
EQ00001188,Machine Tool Operation,L3,No,Preferred
EQ00001188,Workshop Safety,L4,Yes,Mandatory
EQ00001188,Welding Safety,L4,Yes,Preferred
EQ00001189,Arc Flash Awareness,L4,No,Mandatory
EQ00001189,Switchgear Operation,L4,Yes,Mandatory
EQ00001190,Rig Floor Safety,L4,Yes,Preferred
EQ00001190,Line of Fire Awareness,L5,Yes,Preferred
EQ00001190,Permit to Work,L4,Yes,Mandatory
EQ00001190,LOTO,L3,Yes,Preferred
EQ00001191,SIS/ESD,L4,No,Mandatory
EQ00001191,Calibration,L3,Yes,Preferred
EQ00001192,Emergency Response,L4,Yes,Mandatory
EQ00001192,Fire Water Systems,L3,Yes,Mandatory
EQ00001192,Fire Fighting,L4,Yes,Mandatory
EQ00001192,Gas Detection,L5,Yes,Mandatory
EQ00001193,Motor Maintenance,L4,Yes,Mandatory
EQ00001193,Electrical Safety,L5,Yes,Preferred
EQ00001194,Permit to Work,L5,Yes,Preferred
EQ00001194,Emergency Response,L4,No,Preferred
EQ00001194,Gas Detection,L4,No,Preferred
EQ00001194,Fire Water Systems,L3,Yes,Preferred
EQ00001194,Fire Fighting,L3,Yes,Mandatory
EQ00001195,Alignment,L4,No,Preferred
EQ00001195,Vibration Monitoring,L4,Yes,Mandatory
EQ00001196,Fire Fighting,L4,Yes,Mandatory
EQ00001196,Emergency Response,L5,No,Mandatory
EQ00001196,Permit to Work,L5,Yes,Mandatory
EQ00001196,Fire Water Systems,L4,Yes,Mandatory
EQ00001197,LOTO,L4,Yes,Mandatory
EQ00001197,Instrumentation,L4,Yes,Preferred
EQ00001197,SIS/ESD,L4,No,Mandatory
EQ00001197,Calibration,L3,Yes,Mandatory
EQ00001198,Line of Fire Awareness,L3,Yes,Mandatory
EQ00001198,Lifting Operations,L3,No,Mandatory
EQ00001199,Pipeline Operations,L5,Yes,Mandatory
EQ00001199,Pressure Testing,L4,No,Mandatory
EQ00001200,Process Operations,L3,No,Mandatory
EQ00001200,Gas Testing,L5,Yes,Mandatory
EQ00001201,Control Systems,L3,Yes,Preferred
EQ00001201,SIS/ESD,L5,No,Mandatory
EQ00001202,Line of Fire Awareness,L4,No,Mandatory
EQ00001202,Lifting Gear Inspection,L4,Yes,Mandatory
EQ00001202,Rigging,L4,Yes,Mandatory
EQ00001202,Lifting Operations,L3,Yes,Mandatory
EQ00001202,Crane Operation,L4,No,Mandatory
EQ00001203,LOTO,L4,No,Mandatory
EQ00001203,Drilling Operations,L3,Yes,Preferred
EQ00001204,Mechanical Inspection,L5,Yes,Preferred
EQ00001204,Isolation/LOTO,L4,No,Mandatory
EQ00001204,Hydrotest Safety,L4,No,Mandatory
EQ00001204,Pressure Vessel Safety,L4,No,Preferred
EQ00001205,Process Isolation,L4,Yes,Mandatory
EQ00001205,Pressure Systems Safety,L3,No,Mandatory
EQ00001206,Machine Tool Operation,L4,No,Preferred
EQ00001206,Workshop Safety,L4,Yes,Mandatory
EQ00001206,LOTO,L4,Yes,Mandatory
EQ00001206,Welding Safety,L3,Yes,Mandatory
EQ00001206,Hot Work,L4,Yes,Mandatory
EQ00001207,Gas Testing,L4,No,Mandatory
EQ00001207,Pressure Systems Safety,L5,No,Mandatory
EQ00001207,Process Operations,L3,No,Mandatory
EQ00001207,Permit to Work,L4,Yes,Mandatory
EQ00001207,Process Isolation,L4,No,Preferred
EQ00001208,Pressure Systems Safety,L4,No,Mandatory
EQ00001208,Process Isolation,L3,No,Preferred
EQ00001209,Isolation/LOTO,L5,No,Preferred
EQ00001209,Valve Maintenance,L3,Yes,Mandatory
EQ00001209,Pressure Testing,L3,No,Mandatory
EQ00001209,Permit to Work,L4,Yes,Mandatory
EQ00001209,Pipeline Operations,L3,No,Preferred
EQ00001210,Electrical Safety,L4,Yes,Preferred
EQ00001210,Arc Flash Awareness,L4,Yes,Mandatory
EQ00001210,Motor Maintenance,L5,No,Preferred
EQ00001210,Switchgear Operation,L3,No,Mandatory
EQ00001211,Machine Tool Operation,L3,Yes,Mandatory
EQ00001211,Hot Work,L3,Yes,Preferred
EQ00001212,LOTO,L3,Yes,Mandatory
EQ00001212,Control Systems,L4,Yes,Mandatory
EQ00001213,Isolation/LOTO,L5,No,Mandatory
EQ00001213,Hydrotest Safety,L3,No,Mandatory
EQ00001214,Hot Work,L4,No,Mandatory
EQ00001214,LOTO,L4,Yes,Preferred
EQ00001214,Welding Safety,L4,Yes,Preferred
EQ00001215,Vibration Monitoring,L4,Yes,Mandatory
EQ00001215,Rotating Equipment,L5,Yes,Mandatory
EQ00001215,Pump Maintenance,L4,Yes,Mandatory
EQ00001215,Alignment,L4,Yes,Mandatory
EQ00001216,LOTO,L3,Yes,Mandatory
EQ00001216,Well Control,L3,No,Mandatory
EQ00001216,Permit to Work,L3,No,Preferred
EQ00001216,Rig Floor Safety,L5,Yes,Mandatory
EQ00001216,Drilling Operations,L3,No,Mandatory
EQ00001217,Hot Work,L4,Yes,Preferred
EQ00001217,Welding Safety,L5,Yes,Mandatory
EQ00001217,Workshop Safety,L3,Yes,Mandatory
EQ00001217,Machine Tool Operation,L4,Yes,Mandatory
EQ00001217,LOTO,L3,Yes,Preferred
EQ00001218,Hot Work,L4,Yes,Preferred
EQ00001218,Welding Safety,L4,Yes,Mandatory
EQ00001218,LOTO,L4,No,Preferred
EQ00001218,Workshop Safety,L5,No,Mandatory
EQ00001218,Machine Tool Operation,L3,Yes,Mandatory
EQ00001219,Switchgear Operation,L5,No,Mandatory
EQ00001219,Electrical Safety,L5,Yes,Preferred
EQ00001219,Arc Flash Awareness,L4,Yes,Mandatory
EQ00001220,Lifting Gear Inspection,L5,No,Mandatory
EQ00001220,Line of Fire Awareness,L3,Yes,Preferred
EQ00001221,SIS/ESD,L4,No,Preferred
EQ00001221,Instrumentation,L5,Yes,Mandatory
EQ00001221,LOTO,L3,Yes,Mandatory
EQ00001222,Rigging,L5,Yes,Mandatory
EQ00001222,Line of Fire Awareness,L5,No,Mandatory
EQ00001222,Lifting Operations,L5,No,Mandatory
EQ00001222,Lifting Gear Inspection,L4,Yes,Mandatory
EQ00001223,Line of Fire Awareness,L5,No,Mandatory
EQ00001223,Well Control,L4,Yes,Mandatory
EQ00001223,Rig Floor Safety,L4,Yes,Preferred
EQ00001223,Permit to Work,L3,Yes,Mandatory
EQ00001224,Arc Flash Awareness,L5,No,Preferred
EQ00001224,Electrical Isolation/LOTO,L5,Yes,Mandatory
EQ00001224,Electrical Safety,L4,Yes,Mandatory
EQ00001225,Arc Flash Awareness,L4,Yes,Mandatory
EQ00001225,Electrical Isolation/LOTO,L3,Yes,Mandatory
EQ00001225,Motor Maintenance,L3,No,Mandatory
EQ00001225,Electrical Safety,L4,Yes,Mandatory
EQ00001226,Fire Fighting,L5,No,Mandatory
EQ00001226,Gas Detection,L3,No,Mandatory
EQ00001227,Process Operations,L3,Yes,Mandatory
EQ00001227,Permit to Work,L3,Yes,Mandatory
EQ00001227,Gas Testing,L3,No,Mandatory
EQ00001227,Process Isolation,L4,Yes,Mandatory
EQ00001227,Pressure Systems Safety,L4,No,Mandatory
EQ00001228,Mechanical Inspection,L5,Yes,Preferred
EQ00001228,Isolation/LOTO,L4,No,Preferred
EQ00001228,Hydrotest Safety,L5,Yes,Mandatory
EQ00001228,Permit to Work,L5,Yes,Mandatory
EQ00001229,Control Systems,L5,No,Mandatory
EQ00001229,Calibration,L5,Yes,Mandatory
EQ00001229,Instrumentation,L4,No,Preferred
EQ00001229,LOTO,L4,No,Mandatory
EQ00001230,Process Safety,L3,Yes,Mandatory
EQ00001230,Chemical Handling,L5,Yes,Mandatory
EQ00001230,Environmental Monitoring,L4,Yes,Mandatory
EQ00001230,Wastewater Operations,L3,Yes,Mandatory
EQ00001231,Isolation/LOTO,L3,Yes,Mandatory
EQ00001231,Pressure Testing,L4,Yes,Mandatory
EQ00001231,Pipeline Operations,L5,Yes,Mandatory
EQ00001231,Permit to Work,L4,No,Mandatory
EQ00001232,Instrumentation,L4,Yes,Mandatory
EQ00001232,LOTO,L5,Yes,Mandatory
EQ00001232,Calibration,L4,Yes,Mandatory
EQ00001233,Arc Flash Awareness,L4,Yes,Preferred
EQ00001233,Electrical Safety,L5,Yes,Preferred
EQ00001233,Electrical Isolation/LOTO,L5,Yes,Preferred
EQ00001233,Switchgear Operation,L4,Yes,Preferred
EQ00001233,Motor Maintenance,L3,Yes,Preferred
EQ00001234,LOTO,L3,Yes,Preferred
EQ00001234,Rig Floor Safety,L5,Yes,Mandatory
EQ00001235,Line of Fire Awareness,L5,Yes,Mandatory
EQ00001235,Drilling Operations,L3,No,Mandatory
EQ00001235,LOTO,L3,Yes,Mandatory
EQ00001235,Well Control,L4,No,Preferred
EQ00001235,Rig Floor Safety,L4,No,Preferred
EQ00001236,Hot Work,L5,No,Preferred
EQ00001236,Welding Safety,L3,No,Mandatory
EQ00001236,Machine Tool Operation,L4,No,Mandatory
EQ00001237,Rig Floor Safety,L4,No,Mandatory
EQ00001237,Line of Fire Awareness,L3,Yes,Preferred
EQ00001238,Control Systems,L5,Yes,Mandatory
EQ00001238,Instrumentation,L5,No,Mandatory
EQ00001239,Workshop Safety,L5,Yes,Mandatory
EQ00001239,LOTO,L3,No,Mandatory
EQ00001239,Machine Tool Operation,L3,Yes,Mandatory
EQ00001239,Hot Work,L4,Yes,Preferred
EQ00001239,Welding Safety,L4,Yes,Mandatory
EQ00001240,Gas Detection,L5,Yes,Mandatory
EQ00001240,Emergency Response,L4,No,Mandatory
EQ00001240,Fire Fighting,L4,Yes,Mandatory
EQ00001240,Permit to Work,L3,No,Mandatory
EQ00001241,Gas Detection,L3,Yes,Mandatory
EQ00001241,Permit to Work,L3,Yes,Mandatory
EQ00001242,Permit to Work,L5,No,Mandatory
EQ00001242,Emergency Response,L5,Yes,Preferred
EQ00001242,Fire Fighting,L4,Yes,Preferred
EQ00001243,Process Isolation,L3,Yes,Mandatory
EQ00001243,Permit to Work,L3,Yes,Mandatory
EQ00001243,Pressure Systems Safety,L5,No,Mandatory
EQ00001243,Gas Testing,L4,Yes,Preferred
EQ00001244,Workshop Safety,L4,Yes,Mandatory
EQ00001244,Machine Tool Operation,L5,Yes,Mandatory
EQ00001244,Welding Safety,L3,No,Preferred
EQ00001245,Wastewater Operations,L5,Yes,Mandatory
EQ00001245,Environmental Monitoring,L4,Yes,Mandatory
EQ00001245,Process Safety,L5,Yes,Mandatory
EQ00001245,Chemical Handling,L5,No,Mandatory
EQ00001246,Rigging,L3,Yes,Mandatory
EQ00001246,Lifting Operations,L4,No,Preferred
EQ00001246,Line of Fire Awareness,L4,Yes,Mandatory
EQ00001246,Crane Operation,L5,Yes,Preferred
EQ00001247,Hot Work,L5,No,Mandatory
EQ00001247,LOTO,L4,Yes,Mandatory
EQ00001247,Machine Tool Operation,L5,Yes,Mandatory
EQ00001247,Welding Safety,L5,No,Mandatory
EQ00001247,Workshop Safety,L4,Yes,Preferred
EQ00001248,Pressure Systems Safety,L4,Yes,Preferred
EQ00001248,Process Isolation,L4,Yes,Mandatory
EQ00001248,Permit to Work,L3,Yes,Preferred
EQ00001249,Permit to Work,L3,No,Mandatory
EQ00001249,Process Isolation,L5,No,Mandatory
EQ00001250,Rig Floor Safety,L3,Yes,Mandatory
EQ00001250,Permit to Work,L3,Yes,Preferred
EQ00001251,Electrical Isolation/LOTO,L4,Yes,Mandatory
EQ00001251,Electrical Safety,L3,Yes,Mandatory
EQ00001251,Arc Flash Awareness,L3,Yes,Mandatory
EQ00001252,Mechanical Inspection,L3,No,Preferred
EQ00001252,Hydrotest Safety,L3,No,Preferred
EQ00001252,Permit to Work,L4,No,Mandatory
EQ00001252,Pressure Vessel Safety,L4,No,Mandatory
EQ00001253,Process Safety,L3,Yes,Mandatory
EQ00001253,Wastewater Operations,L3,Yes,Mandatory
EQ00001254,Electrical Isolation/LOTO,L5,Yes,Mandatory
EQ00001254,Motor Maintenance,L3,Yes,Preferred
EQ00001254,Switchgear Operation,L3,Yes,Mandatory
EQ00001254,Arc Flash Awareness,L4,Yes,Preferred
EQ00001255,Rotating Equipment,L4,Yes,Preferred
EQ00001255,Vibration Monitoring,L5,Yes,Mandatory
EQ00001255,LOTO,L5,Yes,Mandatory
EQ00001255,Lubrication,L4,Yes,Preferred
EQ00001255,Alignment,L5,Yes,Preferred
EQ00001256,Permit to Work,L3,No,Mandatory
EQ00001256,Rig Floor Safety,L5,No,Mandatory
EQ00001256,Well Control,L4,Yes,Mandatory
EQ00001257,Pressure Systems Safety,L4,Yes,Mandatory
EQ00001257,Process Operations,L3,Yes,Preferred
EQ00001258,Mechanical Inspection,L5,Yes,Mandatory
EQ00001258,Isolation/LOTO,L3,Yes,Mandatory
EQ00001258,Pressure Vessel Safety,L4,Yes,Mandatory
EQ00001258,Permit to Work,L4,Yes,Mandatory
EQ00001258,Hydrotest Safety,L5,Yes,Mandatory
EQ00001259,Mechanical Inspection,L3,No,Preferred
EQ00001259,Pressure Vessel Safety,L5,Yes,Preferred
EQ00001259,Permit to Work,L3,No,Mandatory
EQ00001259,Hydrotest Safety,L3,Yes,Mandatory
EQ00001259,Isolation/LOTO,L4,Yes,Mandatory
EQ00001260,Vehicle Inspection,L4,No,Mandatory
EQ00001260,Defensive Driving,L4,Yes,Mandatory
EQ00001260,Hazardous Material Transport,L4,Yes,Preferred
EQ00001261,Machine Tool Operation,L5,Yes,Mandatory
EQ00001261,Workshop Safety,L4,Yes,Mandatory
EQ00001261,Welding Safety,L3,Yes,Mandatory
EQ00001261,Hot Work,L5,No,Mandatory
EQ00001261,LOTO,L4,Yes,Preferred
EQ00001262,LOTO,L5,Yes,Mandatory
EQ00001262,Drilling Operations,L4,Yes,Mandatory
EQ00001263,Well Control,L5,No,Mandatory
EQ00001263,Drilling Operations,L3,No,Mandatory
EQ00001263,Line of Fire Awareness,L5,Yes,Mandatory
EQ00001263,Permit to Work,L4,Yes,Mandatory
EQ00001263,LOTO,L3,Yes,Mandatory
EQ00001264,Vehicle Inspection,L4,Yes,Mandatory
EQ00001264,Journey Management,L5,Yes,Mandatory
EQ00001264,Hazardous Material Transport,L3,Yes,Mandatory
EQ00001265,Pipeline Operations,L4,Yes,Mandatory
EQ00001265,Valve Maintenance,L5,No,Mandatory
EQ00001265,Permit to Work,L4,No,Mandatory
EQ00001265,Isolation/LOTO,L4,Yes,Mandatory
EQ00001265,Pressure Testing,L5,Yes,Preferred
EQ00001266,Electrical Isolation/LOTO,L5,No,Mandatory
EQ00001266,Motor Maintenance,L5,Yes,Preferred
EQ00001266,Switchgear Operation,L4,No,Mandatory
EQ00001267,Rigging,L3,No,Preferred
EQ00001267,Line of Fire Awareness,L3,Yes,Mandatory
EQ00001267,Lifting Gear Inspection,L3,Yes,Mandatory
EQ00001267,Crane Operation,L5,Yes,Mandatory
EQ00001268,Crane Operation,L3,No,Mandatory
EQ00001268,Rigging,L3,No,Preferred
EQ00001269,Line of Fire Awareness,L4,Yes,Mandatory
EQ00001269,Crane Operation,L4,No,Mandatory
EQ00001270,LOTO,L5,Yes,Mandatory
EQ00001270,Hot Work,L5,Yes,Mandatory
EQ00001270,Machine Tool Operation,L4,No,Mandatory
EQ00001270,Welding Safety,L3,Yes,Preferred
EQ00001270,Workshop Safety,L5,Yes,Preferred
EQ00001271,Drilling Operations,L4,No,Mandatory
EQ00001271,Rig Floor Safety,L5,Yes,Mandatory
EQ00001271,Line of Fire Awareness,L4,No,Mandatory
EQ00001271,Permit to Work,L4,No,Mandatory
EQ00001271,LOTO,L4,Yes,Mandatory
EQ00001272,Machine Tool Operation,L4,No,Mandatory
EQ00001272,Welding Safety,L5,Yes,Mandatory
EQ00001272,LOTO,L4,No,Mandatory
EQ00001273,Pump Maintenance,L3,Yes,Preferred
EQ00001273,Vibration Monitoring,L4,Yes,Preferred
EQ00001273,LOTO,L3,Yes,Mandatory
EQ00001273,Rotating Equipment,L3,Yes,Mandatory
EQ00001274,LOTO,L3,No,Mandatory
EQ00001274,Welding Safety,L3,Yes,Preferred
EQ00001275,Switchgear Operation,L5,Yes,Preferred
EQ00001275,Motor Maintenance,L5,No,Preferred
EQ00001275,Electrical Isolation/LOTO,L3,Yes,Mandatory
EQ00001275,Arc Flash Awareness,L5,Yes,Mandatory
EQ00001275,Electrical Safety,L5,Yes,Mandatory
EQ00001276,Permit to Work,L5,Yes,Preferred
EQ00001276,LOTO,L3,Yes,Mandatory
EQ00001276,Line of Fire Awareness,L5,No,Preferred
EQ00001276,Drilling Operations,L5,Yes,Mandatory
EQ00001276,Rig Floor Safety,L5,Yes,Preferred
EQ00001277,Gas Testing,L4,Yes,Preferred
EQ00001277,Process Isolation,L3,Yes,Mandatory
EQ00001277,Process Operations,L3,Yes,Preferred
EQ00001277,Pressure Systems Safety,L4,No,Mandatory
EQ00001277,Permit to Work,L3,No,Mandatory
EQ00001278,Hot Work,L4,Yes,Mandatory
EQ00001278,Workshop Safety,L3,Yes,Preferred
EQ00001279,Hydrotest Safety,L3,No,Mandatory
EQ00001279,Permit to Work,L5,Yes,Preferred
EQ00001279,Isolation/LOTO,L3,Yes,Mandatory
EQ00001280,Permit to Work,L4,Yes,Mandatory
EQ00001280,Pressure Testing,L3,Yes,Preferred
EQ00001280,Isolation/LOTO,L5,No,Mandatory
EQ00001280,Pipeline Operations,L4,Yes,Preferred
EQ00001280,Valve Maintenance,L5,No,Mandatory
EQ00001281,Motor Maintenance,L5,Yes,Mandatory
EQ00001281,Electrical Safety,L4,No,Mandatory
EQ00001282,Workshop Safety,L3,Yes,Preferred
EQ00001282,Welding Safety,L4,No,Mandatory
EQ00001283,Control Systems,L4,Yes,Mandatory
EQ00001283,SIS/ESD,L3,Yes,Preferred
EQ00001283,Calibration,L3,No,Preferred
EQ00001283,LOTO,L5,Yes,Preferred
EQ00001283,Instrumentation,L3,No,Mandatory
EQ00001284,LOTO,L4,Yes,Mandatory
EQ00001284,Pump Maintenance,L4,Yes,Preferred
EQ00001285,Vibration Monitoring,L4,Yes,Mandatory
EQ00001285,LOTO,L5,No,Preferred
EQ00001285,Lubrication,L5,Yes,Mandatory
EQ00001285,Alignment,L4,Yes,Mandatory
EQ00001286,Process Operations,L3,No,Mandatory
EQ00001286,Process Isolation,L5,Yes,Mandatory
EQ00001286,Pressure Systems Safety,L4,No,Preferred
EQ00001287,Instrumentation,L3,Yes,Mandatory
EQ00001287,LOTO,L4,No,Mandatory
EQ00001287,Calibration,L5,Yes,Preferred
EQ00001287,SIS/ESD,L5,No,Mandatory
EQ00001288,Well Control,L5,Yes,Preferred
EQ00001288,Permit to Work,L4,No,Mandatory
EQ00001289,Pressure Systems Safety,L4,Yes,Preferred
EQ00001289,Process Operations,L5,No,Mandatory
EQ00001289,Gas Testing,L5,Yes,Mandatory
EQ00001289,Permit to Work,L4,Yes,Mandatory
EQ00001289,Process Isolation,L3,Yes,Mandatory
EQ00001290,Gas Testing,L4,Yes,Preferred
EQ00001290,Process Operations,L5,No,Preferred
EQ00001290,Permit to Work,L3,Yes,Preferred
EQ00001291,Lifting Gear Inspection,L4,Yes,Mandatory
EQ00001291,Rigging,L3,Yes,Preferred
EQ00001291,Lifting Operations,L4,No,Preferred
EQ00001291,Line of Fire Awareness,L4,Yes,Mandatory
EQ00001292,Process Isolation,L4,Yes,Mandatory
EQ00001292,Pressure Systems Safety,L4,No,Preferred
EQ00001293,Emergency Response,L4,Yes,Mandatory
EQ00001293,Gas Detection,L5,Yes,Mandatory
EQ00001293,Permit to Work,L5,Yes,Mandatory
EQ00001293,Fire Fighting,L5,Yes,Mandatory
EQ00001294,Emergency Response,L4,Yes,Preferred
EQ00001294,Permit to Work,L4,No,Mandatory
EQ00001294,Fire Fighting,L3,Yes,Mandatory
EQ00001295,LOTO,L3,Yes,Preferred
EQ00001295,Lubrication,L4,Yes,Mandatory
EQ00001295,Alignment,L4,Yes,Mandatory
EQ00001296,Hot Work,L5,No,Mandatory
EQ00001296,Welding Safety,L3,No,Preferred
EQ00001296,Machine Tool Operation,L4,No,Mandatory
EQ00001296,Workshop Safety,L4,No,Mandatory
EQ00001296,LOTO,L5,No,Mandatory
EQ00001297,Process Operations,L3,Yes,Mandatory
EQ00001297,Gas Testing,L4,Yes,Mandatory
EQ00001297,Process Isolation,L3,Yes,Preferred
EQ00001297,Pressure Systems Safety,L4,Yes,Mandatory
EQ00001297,Permit to Work,L5,No,Mandatory
EQ00001298,Drilling Operations,L4,Yes,Preferred
EQ00001298,Well Control,L3,No,Preferred
EQ00001299,Calibration,L3,No,Preferred
EQ00001299,Instrumentation,L5,Yes,Mandatory
EQ00001299,SIS/ESD,L5,Yes,Mandatory
EQ00001299,LOTO,L5,No,Mandatory
EQ00001300,Pressure Vessel Safety,L5,No,Preferred
EQ00001300,Mechanical Inspection,L4,Yes,Mandatory
EQ00001300,Hydrotest Safety,L4,Yes,Preferred
EQ00001300,Isolation/LOTO,L5,No,Preferred
EQ00001300,Permit to Work,L3,Yes,Mandatory
EQ00001301,Permit to Work,L3,No,Mandatory
EQ00001301,Hydrotest Safety,L5,Yes,Mandatory
EQ00001301,Mechanical Inspection,L3,No,Preferred
EQ00001302,Rig Floor Safety,L5,Yes,Mandatory
EQ00001302,LOTO,L3,Yes,Mandatory
EQ00001302,Drilling Operations,L4,Yes,Preferred
EQ00001302,Permit to Work,L5,Yes,Mandatory
EQ00001302,Well Control,L3,No,Mandatory
EQ00001303,LOTO,L3,No,Mandatory
EQ00001303,SIS/ESD,L5,No,Mandatory
EQ00001304,Process Operations,L4,Yes,Preferred
EQ00001304,Gas Testing,L3,Yes,Mandatory
EQ00001304,Permit to Work,L4,Yes,Preferred
EQ00001304,Process Isolation,L5,Yes,Mandatory
EQ00001305,Hydrotest Safety,L5,No,Mandatory
EQ00001305,Mechanical Inspection,L5,Yes,Preferred
EQ00001306,Lifting Gear Inspection,L4,Yes,Mandatory
EQ00001306,Line of Fire Awareness,L3,No,Preferred
EQ00001306,Rigging,L4,No,Preferred
EQ00001307,Instrumentation,L4,Yes,Preferred
EQ00001307,LOTO,L5,Yes,Preferred
EQ00001307,Control Systems,L5,No,Preferred
EQ00001308,Isolation/LOTO,L3,Yes,Mandatory
EQ00001308,Permit to Work,L4,Yes,Preferred
EQ00001308,Pipeline Operations,L4,Yes,Mandatory
EQ00001308,Valve Maintenance,L4,No,Mandatory
EQ00001308,Pressure Testing,L5,Yes,Preferred
EQ00001309,Gas Detection,L4,Yes,Mandatory
EQ00001309,Emergency Response,L3,Yes,Mandatory
EQ00001309,Fire Water Systems,L5,No,Preferred
EQ00001309,Permit to Work,L4,No,Mandatory
EQ00001309,Fire Fighting,L3,Yes,Preferred
EQ00001310,Lifting Operations,L3,No,Preferred
EQ00001310,Line of Fire Awareness,L4,Yes,Mandatory
EQ00001310,Rigging,L5,No,Preferred
EQ00001310,Crane Operation,L3,Yes,Preferred
EQ00001310,Lifting Gear Inspection,L5,No,Mandatory
EQ00001311,Line of Fire Awareness,L4,Yes,Mandatory
EQ00001311,Lifting Gear Inspection,L4,Yes,Mandatory
EQ00001312,Arc Flash Awareness,L5,No,Mandatory
EQ00001312,Motor Maintenance,L4,No,Preferred
EQ00001312,Electrical Safety,L5,Yes,Preferred
EQ00001312,Switchgear Operation,L4,Yes,Preferred
EQ00001313,Permit to Work,L5,Yes,Mandatory
EQ00001313,Gas Detection,L4,Yes,Mandatory
EQ00001314,Pressure Vessel Safety,L4,No,Preferred
EQ00001314,Hydrotest Safety,L5,No,Mandatory
EQ00001314,Mechanical Inspection,L4,Yes,Preferred
EQ00001314,Permit to Work,L4,Yes,Mandatory
EQ00001315,Isolation/LOTO,L5,Yes,Mandatory
EQ00001315,Pipeline Operations,L3,Yes,Mandatory
EQ00001316,Fire Water Systems,L5,No,Preferred
EQ00001316,Permit to Work,L3,No,Mandatory
EQ00001316,Emergency Response,L4,Yes,Mandatory
EQ00001317,LOTO,L4,No,Preferred
EQ00001317,Instrumentation,L5,No,Mandatory
EQ00001317,Calibration,L5,No,Mandatory
EQ00001318,Permit to Work,L5,No,Preferred
EQ00001318,Pressure Vessel Safety,L5,Yes,Mandatory
EQ00001319,Hydrotest Safety,L4,No,Mandatory
EQ00001319,Mechanical Inspection,L3,Yes,Mandatory
EQ00001319,Pressure Vessel Safety,L3,Yes,Preferred
EQ00001319,Permit to Work,L3,No,Preferred
EQ00001319,Isolation/LOTO,L3,Yes,Preferred
EQ00001320,Permit to Work,L5,Yes,Mandatory
EQ00001320,Fire Fighting,L4,Yes,Preferred
EQ00001320,Gas Detection,L5,Yes,Mandatory
EQ00001320,Fire Water Systems,L5,Yes,Mandatory
EQ00001321,LOTO,L4,Yes,Mandatory
EQ00001321,Vibration Monitoring,L5,Yes,Preferred
EQ00001322,Hydrotest Safety,L4,Yes,Mandatory
EQ00001322,Permit to Work,L3,Yes,Mandatory
EQ00001322,Isolation/LOTO,L4,Yes,Preferred
EQ00001322,Mechanical Inspection,L4,Yes,Preferred
EQ00001323,Hydrotest Safety,L4,No,Preferred
EQ00001323,Mechanical Inspection,L4,No,Mandatory
EQ00001323,Isolation/LOTO,L5,Yes,Preferred
EQ00001324,Electrical Safety,L5,No,Mandatory
EQ00001324,Arc Flash Awareness,L5,Yes,Mandatory
EQ00001324,Motor Maintenance,L4,No,Mandatory
EQ00001324,Electrical Isolation/LOTO,L3,Yes,Mandatory
EQ00001324,Switchgear Operation,L4,No,Mandatory
EQ00001325,Permit to Work,L4,No,Mandatory
EQ00001325,Drilling Operations,L3,No,Mandatory
EQ00001326,Instrumentation,L5,Yes,Mandatory
EQ00001326,SIS/ESD,L5,Yes,Preferred
EQ00001326,Calibration,L4,Yes,Mandatory
EQ00001326,Control Systems,L3,Yes,Mandatory
EQ00001327,Isolation/LOTO,L5,No,Preferred
EQ00001327,Pressure Vessel Safety,L3,No,Preferred
EQ00001327,Mechanical Inspection,L3,Yes,Preferred
EQ00001328,Workshop Safety,L4,No,Mandatory
EQ00001328,Welding Safety,L4,No,Mandatory
EQ00001329,Hydrotest Safety,L4,Yes,Mandatory
EQ00001329,Isolation/LOTO,L5,No,Preferred
EQ00001329,Pressure Vessel Safety,L4,No,Mandatory
EQ00001330,Fire Fighting,L3,Yes,Preferred
EQ00001330,Fire Water Systems,L5,No,Mandatory
EQ00001330,Emergency Response,L4,Yes,Preferred
EQ00001330,Gas Detection,L4,Yes,Mandatory
EQ00001330,Permit to Work,L4,Yes,Mandatory
EQ00001331,LOTO,L4,Yes,Mandatory
EQ00001331,Pump Maintenance,L3,No,Mandatory
EQ00001332,Valve Maintenance,L3,No,Mandatory
EQ00001332,Pipeline Operations,L5,No,Mandatory
EQ00001333,Well Control,L3,Yes,Preferred
EQ00001333,Rig Floor Safety,L5,No,Mandatory
EQ00001334,Fire Fighting,L3,Yes,Mandatory
EQ00001334,Fire Water Systems,L3,No,Mandatory
EQ00001334,Gas Detection,L5,Yes,Mandatory
EQ00001334,Emergency Response,L4,No,Preferred
EQ00001335,Defensive Driving,L5,Yes,Mandatory
EQ00001335,Hazardous Material Transport,L5,Yes,Mandatory
EQ00001335,Journey Management,L4,Yes,Mandatory
EQ00001336,Wastewater Operations,L5,No,Mandatory
EQ00001336,Environmental Monitoring,L4,Yes,Preferred
EQ00001336,Chemical Handling,L5,No,Mandatory
EQ00001337,Lifting Operations,L5,Yes,Preferred
EQ00001337,Rigging,L3,No,Preferred
EQ00001337,Lifting Gear Inspection,L3,No,Mandatory
EQ00001337,Line of Fire Awareness,L5,Yes,Mandatory
EQ00001337,Crane Operation,L3,Yes,Preferred
EQ00001338,LOTO,L3,Yes,Mandatory
EQ00001338,Pump Maintenance,L3,Yes,Preferred
EQ00001338,Rotating Equipment,L3,Yes,Preferred
EQ00001339,Motor Maintenance,L3,No,Preferred
EQ00001339,Arc Flash Awareness,L5,No,Mandatory
EQ00001339,Electrical Isolation/LOTO,L5,No,Mandatory
EQ00001339,Switchgear Operation,L4,Yes,Mandatory
EQ00001340,Isolation/LOTO,L5,No,Mandatory
EQ00001340,Pressure Vessel Safety,L4,Yes,Mandatory
EQ00001340,Mechanical Inspection,L4,Yes,Preferred
EQ00001341,Pressure Systems Safety,L3,No,Mandatory
EQ00001341,Process Isolation,L4,Yes,Mandatory
EQ00001342,Permit to Work,L3,Yes,Mandatory
EQ00001342,Line of Fire Awareness,L5,Yes,Mandatory
EQ00001343,Line of Fire Awareness,L3,Yes,Mandatory
EQ00001343,Lifting Gear Inspection,L4,No,Mandatory
EQ00001343,Rigging,L3,Yes,Preferred
EQ00001343,Crane Operation,L5,No,Mandatory
EQ00001344,Pipeline Operations,L5,No,Mandatory
EQ00001344,Isolation/LOTO,L5,Yes,Mandatory
EQ00001344,Pressure Testing,L4,No,Preferred
EQ00001344,Permit to Work,L5,Yes,Preferred
EQ00001345,Lubrication,L4,No,Mandatory
EQ00001345,Rotating Equipment,L4,No,Mandatory
EQ00001345,Pump Maintenance,L3,No,Mandatory
EQ00001345,Vibration Monitoring,L3,Yes,Mandatory
EQ00001346,LOTO,L3,No,Mandatory
EQ00001346,Control Systems,L5,No,Mandatory
EQ00001347,Electrical Safety,L5,Yes,Mandatory
EQ00001347,Arc Flash Awareness,L4,No,Mandatory
EQ00001348,Vehicle Inspection,L5,Yes,Mandatory
EQ00001348,Hazardous Material Transport,L4,Yes,Mandatory
EQ00001348,Defensive Driving,L3,No,Mandatory
EQ00001348,Journey Management,L4,Yes,Mandatory
EQ00001349,Welding Safety,L4,Yes,Mandatory
EQ00001349,LOTO,L3,Yes,Mandatory
EQ00001350,Pressure Vessel Safety,L4,Yes,Mandatory
EQ00001350,Permit to Work,L3,Yes,Mandatory
EQ00001350,Hydrotest Safety,L4,Yes,Mandatory
EQ00001350,Mechanical Inspection,L5,No,Mandatory
EQ00001350,Isolation/LOTO,L4,Yes,Mandatory
EQ00001351,Arc Flash Awareness,L5,Yes,Mandatory
EQ00001351,Motor Maintenance,L3,No,Mandatory
EQ00001352,Control Systems,L4,Yes,Mandatory
EQ00001352,Instrumentation,L4,No,Mandatory
EQ00001352,Calibration,L3,Yes,Mandatory
EQ00001352,LOTO,L5,Yes,Mandatory
EQ00001352,SIS/ESD,L5,No,Mandatory
EQ00001353,Lubrication,L4,Yes,Mandatory
EQ00001353,LOTO,L3,Yes,Preferred
EQ00001353,Pump Maintenance,L5,No,Mandatory
EQ00001353,Alignment,L3,Yes,Mandatory
EQ00001353,Vibration Monitoring,L5,Yes,Preferred
EQ00001354,Process Safety,L3,No,Mandatory
EQ00001354,Wastewater Operations,L5,Yes,Preferred
EQ00001354,Environmental Monitoring,L3,Yes,Preferred
EQ00001354,Chemical Handling,L5,Yes,Preferred
EQ00001355,Wastewater Operations,L5,Yes,Mandatory
EQ00001355,Chemical Handling,L5,Yes,Mandatory
EQ00001355,Process Safety,L3,No,Preferred
EQ00001356,Welding Safety,L3,Yes,Preferred
EQ00001356,LOTO,L5,Yes,Mandatory
EQ00001357,Line of Fire Awareness,L4,Yes,Mandatory
EQ00001357,Drilling Operations,L4,Yes,Mandatory
EQ00001358,Gas Detection,L4,No,Mandatory
EQ00001358,Permit to Work,L3,Yes,Preferred
EQ00001358,Emergency Response,L4,Yes,Preferred
EQ00001358,Fire Fighting,L3,Yes,Preferred
EQ00001359,Workshop Safety,L5,Yes,Mandatory
EQ00001359,Welding Safety,L4,Yes,Preferred
EQ00001359,Hot Work,L3,Yes,Preferred
EQ00001359,LOTO,L4,No,Preferred
EQ00001360,Isolation/LOTO,L5,Yes,Mandatory
EQ00001360,Permit to Work,L5,Yes,Mandatory
EQ00001360,Hydrotest Safety,L4,Yes,Mandatory
EQ00001360,Mechanical Inspection,L4,No,Preferred
EQ00001361,Welding Safety,L5,Yes,Preferred
EQ00001361,Hot Work,L3,Yes,Mandatory
EQ00001361,LOTO,L4,Yes,Preferred
EQ00001362,Machine Tool Operation,L3,Yes,Mandatory
EQ00001362,Workshop Safety,L4,Yes,Mandatory
EQ00001363,Process Isolation,L5,Yes,Preferred
EQ00001363,Gas Testing,L3,No,Preferred
EQ00001364,Switchgear Operation,L3,Yes,Mandatory
EQ00001364,Electrical Isolation/LOTO,L5,No,Mandatory
EQ00001365,Workshop Safety,L5,Yes,Mandatory
EQ00001365,Hot Work,L5,Yes,Preferred
EQ00001365,LOTO,L4,Yes,Mandatory
EQ00001365,Welding Safety,L3,Yes,Mandatory
EQ00001366,Journey Management,L4,No,Mandatory
EQ00001366,Hazardous Material Transport,L3,No,Mandatory
EQ00001366,Defensive Driving,L4,Yes,Mandatory
EQ00001366,Vehicle Inspection,L4,Yes,Mandatory
EQ00001367,Permit to Work,L4,Yes,Mandatory
EQ00001367,Gas Testing,L3,Yes,Preferred
EQ00001367,Process Operations,L4,No,Preferred
EQ00001367,Process Isolation,L4,Yes,Preferred
EQ00001368,Workshop Safety,L4,Yes,Mandatory
EQ00001368,Machine Tool Operation,L3,Yes,Mandatory
EQ00001368,Hot Work,L4,No,Preferred
EQ00001368,LOTO,L4,No,Mandatory
EQ00001368,Welding Safety,L5,Yes,Preferred
EQ00001369,Instrumentation,L3,Yes,Mandatory
EQ00001369,Control Systems,L4,No,Mandatory
EQ00001369,Calibration,L5,No,Preferred
EQ00001370,Pressure Vessel Safety,L5,No,Mandatory
EQ00001370,Mechanical Inspection,L5,Yes,Mandatory
EQ00001370,Permit to Work,L4,Yes,Mandatory
EQ00001371,Lifting Gear Inspection,L4,No,Mandatory
EQ00001371,Rigging,L3,Yes,Preferred
EQ00001371,Line of Fire Awareness,L4,Yes,Preferred
EQ00001372,Defensive Driving,L5,No,Mandatory
EQ00001372,Hazardous Material Transport,L4,Yes,Preferred
EQ00001373,Isolation/LOTO,L4,Yes,Mandatory
EQ00001373,Pressure Vessel Safety,L4,Yes,Preferred
EQ00001373,Permit to Work,L3,Yes,Mandatory
EQ00001373,Mechanical Inspection,L3,Yes,Mandatory
EQ00001373,Hydrotest Safety,L3,No,Mandatory
EQ00001374,LOTO,L4,Yes,Preferred
EQ00001374,Drilling Operations,L4,No,Preferred
EQ00001375,Line of Fire Awareness,L3,Yes,Mandatory
EQ00001375,Drilling Operations,L5,Yes,Mandatory
EQ00001375,Permit to Work,L5,Yes,Preferred
EQ00001376,Mechanical Inspection,L4,No,Mandatory
EQ00001376,Permit to Work,L4,No,Preferred
EQ00001376,Hydrotest Safety,L5,Yes,Mandatory
EQ00001376,Isolation/LOTO,L4,Yes,Mandatory
EQ00001377,Process Isolation,L5,Yes,Preferred
EQ00001377,Pressure Systems Safety,L5,No,Mandatory
EQ00001378,Gas Testing,L4,No,Preferred
EQ00001378,Process Operations,L5,No,Preferred
EQ00001378,Permit to Work,L4,No,Mandatory
EQ00001379,Well Control,L4,Yes,Mandatory
EQ00001379,Line of Fire Awareness,L3,Yes,Mandatory
EQ00001379,LOTO,L3,No,Mandatory
EQ00001379,Drilling Operations,L4,Yes,Preferred
EQ00001380,Gas Detection,L3,No,Mandatory
EQ00001380,Fire Fighting,L4,No,Mandatory
EQ00001380,Fire Water Systems,L3,No,Mandatory
EQ00001381,Control Systems,L3,No,Mandatory
EQ00001381,Calibration,L4,No,Mandatory
EQ00001382,Valve Maintenance,L4,No,Preferred
EQ00001382,Pressure Testing,L4,No,Preferred
EQ00001382,Pipeline Operations,L4,Yes,Preferred
EQ00001383,Rig Floor Safety,L5,Yes,Preferred
EQ00001383,Well Control,L3,Yes,Preferred
EQ00001384,LOTO,L4,Yes,Mandatory
EQ00001384,Control Systems,L5,Yes,Mandatory
EQ00001384,Instrumentation,L4,No,Preferred
EQ00001384,SIS/ESD,L5,Yes,Preferred
EQ00001385,Calibration,L3,Yes,Preferred
EQ00001385,Control Systems,L5,Yes,Mandatory
EQ00001385,SIS/ESD,L3,Yes,Mandatory
EQ00001386,Valve Maintenance,L4,Yes,Mandatory
EQ00001386,Pressure Testing,L4,Yes,Mandatory
EQ00001386,Pipeline Operations,L3,Yes,Preferred
EQ00001386,Permit to Work,L3,Yes,Preferred
EQ00001387,LOTO,L5,Yes,Mandatory
EQ00001387,Welding Safety,L3,Yes,Preferred
EQ00001387,Hot Work,L5,No,Mandatory
EQ00001387,Machine Tool Operation,L4,Yes,Mandatory
EQ00001387,Workshop Safety,L4,Yes,Mandatory
EQ00001388,Lubrication,L3,No,Mandatory
EQ00001388,LOTO,L3,Yes,Mandatory
EQ00001388,Pump Maintenance,L3,No,Mandatory
EQ00001388,Rotating Equipment,L5,Yes,Mandatory
EQ00001389,Line of Fire Awareness,L4,No,Mandatory
EQ00001389,Crane Operation,L5,No,Preferred
EQ00001389,Lifting Operations,L5,Yes,Mandatory
EQ00001390,Pipeline Operations,L3,Yes,Mandatory
EQ00001390,Valve Maintenance,L3,Yes,Mandatory
EQ00001390,Permit to Work,L3,Yes,Mandatory
EQ00001391,Electrical Isolation/LOTO,L3,Yes,Mandatory
EQ00001391,Switchgear Operation,L3,No,Preferred
EQ00001391,Arc Flash Awareness,L4,No,Preferred
EQ00001391,Motor Maintenance,L5,Yes,Mandatory
EQ00001391,Electrical Safety,L5,Yes,Mandatory
EQ00001392,Fire Fighting,L5,No,Mandatory
EQ00001392,Fire Water Systems,L5,No,Mandatory
EQ00001392,Permit to Work,L3,No,Mandatory
EQ00001392,Gas Detection,L4,Yes,Mandatory
EQ00001392,Emergency Response,L4,No,Mandatory
EQ00001393,Pump Maintenance,L3,Yes,Mandatory
EQ00001393,Lubrication,L5,Yes,Mandatory
EQ00001394,Lifting Operations,L4,Yes,Mandatory
EQ00001394,Line of Fire Awareness,L5,Yes,Mandatory
EQ00001394,Rigging,L5,Yes,Mandatory
EQ00001394,Crane Operation,L4,Yes,Mandatory
EQ00001394,Lifting Gear Inspection,L4,Yes,Mandatory
EQ00001395,Alignment,L5,No,Preferred
EQ00001395,Pump Maintenance,L5,Yes,Preferred
EQ00001395,Lubrication,L5,No,Preferred
EQ00001395,Rotating Equipment,L3,Yes,Mandatory
EQ00001396,LOTO,L3,No,Mandatory
EQ00001396,Well Control,L3,Yes,Mandatory
EQ00001397,Gas Detection,L5,Yes,Mandatory
EQ00001397,Fire Water Systems,L4,Yes,Preferred
EQ00001397,Fire Fighting,L3,No,Mandatory
EQ00001398,Workshop Safety,L3,No,Preferred
EQ00001398,Hot Work,L5,Yes,Preferred
EQ00001399,Process Isolation,L3,No,Preferred
EQ00001399,Gas Testing,L3,Yes,Preferred
EQ00001399,Process Operations,L4,Yes,Preferred
EQ00001399,Permit to Work,L3,Yes,Mandatory
EQ00001399,Pressure Systems Safety,L3,Yes,Mandatory
EQ00001400,Process Isolation,L3,Yes,Mandatory
EQ00001400,Pressure Systems Safety,L4,Yes,Preferred
EQ00001400,Process Operations,L3,No,Mandatory
EQ00001401,Electrical Safety,L3,No,Mandatory
EQ00001401,Arc Flash Awareness,L5,Yes,Preferred
EQ00001402,Permit to Work,L3,No,Preferred
EQ00001402,Pressure Testing,L3,Yes,Mandatory
EQ00001402,Valve Maintenance,L5,No,Mandatory
EQ00001402,Pipeline Operations,L5,Yes,Mandatory
EQ00001402,Isolation/LOTO,L5,Yes,Preferred
EQ00001403,Rig Floor Safety,L3,Yes,Mandatory
EQ00001403,Drilling Operations,L3,Yes,Mandatory
EQ00001403,Permit to Work,L4,No,Mandatory
EQ00001403,Well Control,L4,Yes,Mandatory
EQ00001404,SIS/ESD,L3,No,Mandatory
EQ00001404,LOTO,L4,Yes,Mandatory
EQ00001404,Control Systems,L3,Yes,Preferred
EQ00001405,Pressure Systems Safety,L5,No,Preferred
EQ00001405,Gas Testing,L3,Yes,Mandatory
EQ00001405,Process Isolation,L4,Yes,Mandatory
EQ00001405,Permit to Work,L3,No,Mandatory
EQ00001405,Process Operations,L3,Yes,Preferred
EQ00001406,Pressure Systems Safety,L3,Yes,Preferred
EQ00001406,Permit to Work,L4,No,Mandatory
EQ00001406,Gas Testing,L4,Yes,Mandatory
EQ00001407,Lifting Gear Inspection,L4,Yes,Mandatory
EQ00001407,Crane Operation,L4,No,Mandatory
EQ00001407,Line of Fire Awareness,L5,Yes,Preferred
EQ00001408,Defensive Driving,L4,Yes,Mandatory
EQ00001408,Hazardous Material Transport,L3,Yes,Mandatory
EQ00001408,Journey Management,L4,Yes,Mandatory
EQ00001408,Vehicle Inspection,L4,Yes,Mandatory
EQ00001409,Mechanical Inspection,L4,Yes,Preferred
EQ00001409,Isolation/LOTO,L5,Yes,Preferred
EQ00001409,Hydrotest Safety,L3,Yes,Preferred
EQ00001410,LOTO,L3,No,Mandatory
EQ00001410,Instrumentation,L5,Yes,Mandatory
EQ00001411,Defensive Driving,L5,Yes,Mandatory
EQ00001411,Hazardous Material Transport,L5,Yes,Mandatory
EQ00001411,Vehicle Inspection,L4,Yes,Mandatory
EQ00001411,Journey Management,L5,No,Mandatory
EQ00001412,Electrical Isolation/LOTO,L3,No,Mandatory
EQ00001412,Arc Flash Awareness,L5,Yes,Preferred
EQ00001412,Electrical Safety,L5,No,Mandatory
EQ00001413,Isolation/LOTO,L4,Yes,Preferred
EQ00001413,Pipeline Operations,L4,Yes,Mandatory
EQ00001413,Permit to Work,L4,No,Preferred
EQ00001414,Gas Testing,L4,No,Mandatory
EQ00001414,Pressure Systems Safety,L5,No,Preferred
EQ00001414,Process Isolation,L5,Yes,Preferred
EQ00001414,Process Operations,L5,Yes,Preferred
EQ00001414,Permit to Work,L4,Yes,Mandatory
EQ00001415,Vehicle Inspection,L4,Yes,Mandatory
EQ00001415,Hazardous Material Transport,L4,Yes,Mandatory
EQ00001416,Emergency Response,L4,No,Preferred
EQ00001416,Fire Fighting,L4,No,Preferred
EQ00001416,Gas Detection,L5,Yes,Mandatory
EQ00001416,Fire Water Systems,L3,No,Mandatory
EQ00001417,Motor Maintenance,L4,No,Mandatory
EQ00001417,Switchgear Operation,L4,No,Mandatory
EQ00001418,Instrumentation,L4,No,Mandatory
EQ00001418,Control Systems,L3,Yes,Preferred
EQ00001418,Calibration,L4,Yes,Preferred
EQ00001418,LOTO,L3,Yes,Mandatory
EQ00001419,Machine Tool Operation,L3,Yes,Mandatory
EQ00001419,Hot Work,L5,Yes,Mandatory
EQ00001419,Welding Safety,L4,No,Mandatory
EQ00001419,LOTO,L4,No,Preferred
EQ00001420,Pressure Vessel Safety,L5,No,Preferred
EQ00001420,Isolation/LOTO,L4,No,Mandatory
EQ00001420,Permit to Work,L4,No,Preferred
EQ00001420,Hydrotest Safety,L3,Yes,Mandatory
EQ00001421,Motor Maintenance,L5,No,Preferred
EQ00001421,Arc Flash Awareness,L5,Yes,Mandatory
EQ00001421,Electrical Safety,L5,Yes,Preferred
EQ00001421,Switchgear Operation,L3,Yes,Preferred
EQ00001421,Electrical Isolation/LOTO,L4,No,Mandatory
EQ00001422,Workshop Safety,L5,No,Mandatory
EQ00001422,Hot Work,L3,No,Mandatory
EQ00001423,Hazardous Material Transport,L4,Yes,Mandatory
EQ00001423,Vehicle Inspection,L3,Yes,Mandatory
EQ00001423,Journey Management,L5,Yes,Mandatory
EQ00001423,Defensive Driving,L5,No,Mandatory
EQ00001424,Crane Operation,L5,Yes,Preferred
EQ00001424,Lifting Operations,L3,Yes,Preferred
EQ00001424,Rigging,L5,No,Preferred
EQ00001425,Lifting Operations,L5,No,Mandatory
EQ00001425,Line of Fire Awareness,L3,No,Mandatory
EQ00001426,Pump Maintenance,L3,No,Mandatory
EQ00001426,Vibration Monitoring,L5,No,Preferred
EQ00001426,Lubrication,L3,Yes,Mandatory
EQ00001426,Rotating Equipment,L4,Yes,Preferred
EQ00001426,LOTO,L3,Yes,Mandatory
EQ00001427,Mechanical Inspection,L3,No,Preferred
EQ00001427,Permit to Work,L4,Yes,Preferred
EQ00001427,Isolation/LOTO,L5,No,Mandatory
EQ00001427,Pressure Vessel Safety,L5,Yes,Mandatory
EQ00001428,LOTO,L4,Yes,Preferred
EQ00001428,Lubrication,L3,Yes,Mandatory
EQ00001429,LOTO,L5,Yes,Mandatory
EQ00001429,SIS/ESD,L4,No,Mandatory
EQ00001429,Instrumentation,L3,Yes,Mandatory
EQ00001430,Pipeline Operations,L4,Yes,Preferred
EQ00001430,Valve Maintenance,L4,Yes,Preferred
EQ00001430,Permit to Work,L5,No,Mandatory
EQ00001431,Process Isolation,L5,Yes,Mandatory
EQ00001431,Permit to Work,L4,No,Mandatory
EQ00001431,Pressure Systems Safety,L4,Yes,Preferred
EQ00001432,Calibration,L5,Yes,Mandatory
EQ00001432,SIS/ESD,L3,No,Preferred
EQ00001432,LOTO,L3,No,Mandatory
EQ00001432,Control Systems,L5,Yes,Mandatory
EQ00001433,Arc Flash Awareness,L5,No,Preferred
EQ00001433,Electrical Safety,L4,Yes,Mandatory
EQ00001433,Motor Maintenance,L3,No,Mandatory
EQ00001434,Hydrotest Safety,L3,No,Preferred
EQ00001434,Pressure Vessel Safety,L5,Yes,Mandatory
EQ00001434,Mechanical Inspection,L3,Yes,Preferred
EQ00001434,Permit to Work,L4,No,Mandatory
EQ00001435,LOTO,L3,Yes,Mandatory
EQ00001435,Workshop Safety,L4,No,Mandatory
EQ00001436,Process Operations,L3,Yes,Preferred
EQ00001436,Process Isolation,L4,No,Preferred
EQ00001437,Process Isolation,L5,No,Preferred
EQ00001437,Permit to Work,L3,No,Preferred
EQ00001437,Pressure Systems Safety,L4,Yes,Preferred
EQ00001437,Process Operations,L4,Yes,Mandatory
EQ00001437,Gas Testing,L3,No,Mandatory
EQ00001438,LOTO,L3,No,Preferred
EQ00001438,Control Systems,L3,Yes,Mandatory
EQ00001438,SIS/ESD,L3,Yes,Preferred
EQ00001438,Instrumentation,L3,Yes,Mandatory
EQ00001438,Calibration,L5,Yes,Preferred
EQ00001439,Permit to Work,L5,Yes,Mandatory
EQ00001439,Pipeline Operations,L3,Yes,Mandatory
EQ00001439,Isolation/LOTO,L5,No,Preferred
EQ00001439,Valve Maintenance,L5,No,Mandatory
EQ00001440,Well Control,L5,No,Mandatory
EQ00001440,Line of Fire Awareness,L5,No,Mandatory
EQ00001440,LOTO,L5,Yes,Preferred
EQ00001440,Rig Floor Safety,L3,Yes,Mandatory
EQ00001440,Drilling Operations,L4,Yes,Mandatory
EQ00001441,Well Control,L4,Yes,Mandatory
EQ00001441,Line of Fire Awareness,L5,No,Preferred
EQ00001441,Rig Floor Safety,L3,No,Mandatory
EQ00001441,Drilling Operations,L3,Yes,Preferred
EQ00001442,Calibration,L5,Yes,Mandatory
EQ00001442,SIS/ESD,L4,Yes,Mandatory
EQ00001442,Control Systems,L4,No,Mandatory
EQ00001442,LOTO,L5,Yes,Mandatory
EQ00001443,Instrumentation,L4,Yes,Preferred
EQ00001443,LOTO,L4,Yes,Preferred
EQ00001443,SIS/ESD,L5,Yes,Preferred
EQ00001443,Control Systems,L3,No,Mandatory
EQ00001444,LOTO,L3,No,Mandatory
EQ00001444,Well Control,L4,Yes,Mandatory
EQ00001444,Rig Floor Safety,L4,Yes,Mandatory
EQ00001444,Line of Fire Awareness,L5,No,Mandatory
EQ00001445,Pressure Systems Safety,L5,Yes,Mandatory
EQ00001445,Permit to Work,L4,Yes,Mandatory
EQ00001446,LOTO,L4,Yes,Mandatory
EQ00001446,Well Control,L5,Yes,Mandatory
EQ00001446,Drilling Operations,L4,Yes,Preferred
EQ00001447,Switchgear Operation,L5,Yes,Preferred
EQ00001447,Electrical Safety,L5,No,Preferred
EQ00001447,Arc Flash Awareness,L5,No,Preferred
EQ00001447,Motor Maintenance,L3,Yes,Mandatory
EQ00001448,Pump Maintenance,L3,Yes,Mandatory
EQ00001448,Rotating Equipment,L3,No,Mandatory
EQ00001448,Alignment,L3,Yes,Mandatory
EQ00001448,Vibration Monitoring,L5,No,Mandatory
EQ00001448,Lubrication,L3,Yes,Mandatory
EQ00001449,Permit to Work,L3,Yes,Preferred
EQ00001449,Pipeline Operations,L5,Yes,Mandatory
EQ00001449,Isolation/LOTO,L4,Yes,Preferred
EQ00001449,Pressure Testing,L4,Yes,Mandatory
EQ00001449,Valve Maintenance,L4,Yes,Preferred
EQ00001450,Rotating Equipment,L4,Yes,Preferred
EQ00001450,Pump Maintenance,L3,Yes,Mandatory
EQ00001450,Lubrication,L3,Yes,Mandatory
EQ00001450,Vibration Monitoring,L4,Yes,Mandatory
EQ00001451,Hydrotest Safety,L3,Yes,Mandatory
EQ00001451,Mechanical Inspection,L3,Yes,Mandatory
EQ00001452,Machine Tool Operation,L5,Yes,Mandatory
EQ00001452,Hot Work,L4,Yes,Preferred
EQ00001452,Workshop Safety,L5,Yes,Mandatory
EQ00001453,Electrical Isolation/LOTO,L4,Yes,Mandatory
EQ00001453,Motor Maintenance,L4,Yes,Preferred
EQ00001453,Switchgear Operation,L3,Yes,Mandatory
EQ00001454,Process Operations,L3,Yes,Mandatory
EQ00001454,Pressure Systems Safety,L3,Yes,Mandatory
EQ00001454,Permit to Work,L3,No,Preferred
EQ00001454,Process Isolation,L5,Yes,Mandatory
EQ00001454,Gas Testing,L3,No,Preferred
EQ00001455,LOTO,L4,Yes,Preferred
EQ00001455,Hot Work,L4,No,Preferred
EQ00001456,LOTO,L3,No,Mandatory
EQ00001456,SIS/ESD,L5,No,Mandatory
EQ00001456,Control Systems,L4,No,Mandatory
EQ00001456,Calibration,L3,Yes,Preferred
EQ00001457,Lifting Operations,L5,Yes,Preferred
EQ00001457,Line of Fire Awareness,L4,No,Preferred
EQ00001458,Permit to Work,L3,No,Preferred
EQ00001458,LOTO,L4,Yes,Mandatory
EQ00001459,LOTO,L4,Yes,Preferred
EQ00001459,Line of Fire Awareness,L3,Yes,Preferred
EQ00001459,Drilling Operations,L3,No,Preferred
EQ00001459,Rig Floor Safety,L3,Yes,Preferred
EQ00001460,Welding Safety,L3,Yes,Mandatory
EQ00001460,Workshop Safety,L3,No,Mandatory
EQ00001460,Machine Tool Operation,L3,Yes,Mandatory
EQ00001460,LOTO,L3,Yes,Mandatory
EQ00001460,Hot Work,L3,Yes,Mandatory
EQ00001461,LOTO,L3,Yes,Mandatory
EQ00001461,Line of Fire Awareness,L3,Yes,Mandatory
EQ00001461,Permit to Work,L3,No,Preferred
EQ00001461,Drilling Operations,L3,No,Mandatory
EQ00001461,Rig Floor Safety,L3,Yes,Mandatory
EQ00001462,Workshop Safety,L4,Yes,Mandatory
EQ00001462,Hot Work,L4,No,Mandatory
EQ00001462,Welding Safety,L5,No,Mandatory
EQ00001463,Workshop Safety,L5,Yes,Mandatory
EQ00001463,Hot Work,L5,No,Mandatory
EQ00001463,LOTO,L4,Yes,Mandatory
EQ00001464,Line of Fire Awareness,L5,Yes,Mandatory
EQ00001464,Well Control,L5,Yes,Preferred
EQ00001465,Rig Floor Safety,L5,No,Mandatory
EQ00001465,Well Control,L5,No,Preferred
EQ00001465,LOTO,L4,No,Mandatory
EQ00001466,Vehicle Inspection,L4,No,Preferred
EQ00001466,Journey Management,L4,Yes,Mandatory
EQ00001466,Hazardous Material Transport,L5,No,Mandatory
EQ00001467,Lifting Operations,L5,Yes,Mandatory
EQ00001467,Rigging,L3,Yes,Preferred
EQ00001467,Crane Operation,L4,Yes,Mandatory
EQ00001468,Calibration,L5,Yes,Preferred
EQ00001468,Instrumentation,L4,Yes,Preferred
EQ00001468,SIS/ESD,L3,Yes,Preferred
EQ00001468,LOTO,L4,No,Mandatory
EQ00001469,Process Isolation,L4,Yes,Preferred
EQ00001469,Permit to Work,L3,Yes,Preferred
EQ00001469,Gas Testing,L5,Yes,Mandatory
EQ00001469,Pressure Systems Safety,L3,No,Mandatory
EQ00001469,Process Operations,L4,No,Preferred
EQ00001470,SIS/ESD,L5,No,Preferred
EQ00001470,Instrumentation,L5,No,Mandatory
EQ00001470,Calibration,L4,Yes,Preferred
EQ00001470,LOTO,L5,Yes,Preferred
EQ00001471,Process Isolation,L5,Yes,Preferred
EQ00001471,Gas Testing,L5,No,Mandatory
EQ00001471,Pressure Systems Safety,L3,Yes,Mandatory
EQ00001472,Rotating Equipment,L5,Yes,Mandatory
EQ00001472,Pump Maintenance,L3,Yes,Preferred
EQ00001473,Machine Tool Operation,L3,No,Preferred
EQ00001473,Hot Work,L5,Yes,Mandatory
EQ00001473,Welding Safety,L3,Yes,Preferred
EQ00001474,Switchgear Operation,L5,No,Mandatory
EQ00001474,Motor Maintenance,L5,Yes,Mandatory
EQ00001474,Electrical Safety,L3,No,Mandatory
EQ00001475,Drilling Operations,L5,No,Mandatory
EQ00001475,Permit to Work,L4,Yes,Preferred
EQ00001475,LOTO,L3,No,Preferred
EQ00001476,Pressure Systems Safety,L5,No,Mandatory
EQ00001476,Permit to Work,L5,Yes,Preferred
EQ00001477,Permit to Work,L5,Yes,Mandatory
EQ00001477,Pressure Systems Safety,L3,Yes,Mandatory
EQ00001478,Workshop Safety,L3,Yes,Mandatory
EQ00001478,Hot Work,L4,Yes,Mandatory
EQ00001478,LOTO,L5,Yes,Mandatory
EQ00001478,Welding Safety,L4,Yes,Mandatory
EQ00001479,Drilling Operations,L4,Yes,Preferred
EQ00001479,Line of Fire Awareness,L3,Yes,Mandatory
EQ00001479,LOTO,L4,Yes,Mandatory
EQ00001479,Rig Floor Safety,L5,No,Mandatory
EQ00001479,Well Control,L3,No,Mandatory
EQ00001480,Line of Fire Awareness,L5,No,Preferred
EQ00001480,Rigging,L5,Yes,Mandatory
EQ00001481,Pipeline Operations,L5,Yes,Mandatory
EQ00001481,Permit to Work,L5,No,Preferred
EQ00001482,Alignment,L4,Yes,Preferred
EQ00001482,Vibration Monitoring,L4,No,Mandatory
EQ00001482,Pump Maintenance,L3,No,Mandatory
EQ00001482,Rotating Equipment,L4,Yes,Mandatory
EQ00001482,LOTO,L4,No,Mandatory
EQ00001483,Rig Floor Safety,L4,Yes,Mandatory
EQ00001483,Drilling Operations,L4,Yes,Preferred
EQ00001483,Well Control,L4,Yes,Preferred
EQ00001484,SIS/ESD,L3,No,Mandatory
EQ00001484,Control Systems,L3,Yes,Preferred
EQ00001484,Instrumentation,L4,Yes,Preferred
EQ00001484,Calibration,L5,No,Mandatory
EQ00001484,LOTO,L5,Yes,Preferred
EQ00001485,Permit to Work,L4,Yes,Mandatory
EQ00001485,Isolation/LOTO,L5,No,Mandatory
EQ00001485,Valve Maintenance,L4,Yes,Mandatory
EQ00001486,Rig Floor Safety,L4,No,Mandatory
EQ00001486,Permit to Work,L4,Yes,Preferred
EQ00001486,Well Control,L3,No,Mandatory
EQ00001487,Process Isolation,L4,No,Preferred
EQ00001487,Process Operations,L4,Yes,Preferred
EQ00001488,Process Isolation,L4,No,Mandatory
EQ00001488,Process Operations,L3,Yes,Mandatory
EQ00001488,Gas Testing,L3,No,Mandatory
EQ00001488,Permit to Work,L4,No,Mandatory
EQ00001488,Pressure Systems Safety,L3,Yes,Preferred
EQ00001489,Isolation/LOTO,L5,No,Mandatory
EQ00001489,Hydrotest Safety,L4,Yes,Mandatory
EQ00001489,Mechanical Inspection,L4,No,Mandatory
EQ00001489,Pressure Vessel Safety,L5,Yes,Mandatory
EQ00001489,Permit to Work,L4,No,Preferred
EQ00001490,Well Control,L3,Yes,Mandatory
EQ00001490,Line of Fire Awareness,L4,No,Mandatory
EQ00001490,LOTO,L4,Yes,Preferred
EQ00001490,Rig Floor Safety,L4,Yes,Preferred
EQ00001491,Line of Fire Awareness,L3,Yes,Preferred
EQ00001491,Permit to Work,L3,No,Preferred
EQ00001491,LOTO,L4,Yes,Mandatory
EQ00001491,Drilling Operations,L5,No,Preferred
EQ00001491,Rig Floor Safety,L5,No,Mandatory
EQ00001492,Electrical Safety,L4,Yes,Preferred
EQ00001492,Electrical Isolation/LOTO,L4,Yes,Mandatory
EQ00001492,Arc Flash Awareness,L5,Yes,Mandatory
EQ00001492,Switchgear Operation,L3,Yes,Preferred
EQ00001492,Motor Maintenance,L4,No,Preferred
EQ00001493,Permit to Work,L5,Yes,Mandatory
EQ00001493,Gas Detection,L5,No,Mandatory
EQ00001494,Crane Operation,L4,Yes,Preferred
EQ00001494,Lifting Gear Inspection,L3,Yes,Mandatory
EQ00001494,Line of Fire Awareness,L4,Yes,Preferred
EQ00001494,Rigging,L3,Yes,Mandatory
EQ00001495,Electrical Safety,L3,No,Mandatory
EQ00001495,Switchgear Operation,L4,Yes,Preferred
EQ00001495,Motor Maintenance,L4,Yes,Mandatory
EQ00001496,Permit to Work,L5,Yes,Mandatory
EQ00001496,Valve Maintenance,L5,Yes,Mandatory
EQ00001496,Pipeline Operations,L5,Yes,Preferred
EQ00001497,Welding Safety,L5,Yes,Mandatory
EQ00001497,LOTO,L3,Yes,Preferred
EQ00001497,Workshop Safety,L3,Yes,Preferred
EQ00001498,Journey Management,L5,No,Preferred
EQ00001498,Hazardous Material Transport,L5,Yes,Preferred
EQ00001498,Vehicle Inspection,L3,No,Mandatory
EQ00001498,Defensive Driving,L4,No,Mandatory
EQ00001499,Well Control,L5,No,Mandatory
EQ00001499,Line of Fire Awareness,L3,Yes,Mandatory
EQ00001499,Rig Floor Safety,L5,Yes,Preferred
EQ00001500,Motor Maintenance,L3,Yes,Preferred
EQ00001500,Switchgear Operation,L5,No,Mandatory
EQ00001500,Electrical Safety,L5,Yes,Preferred
EQ00001501,Pump Maintenance,L5,Yes,Preferred
EQ00001501,Lubrication,L3,Yes,Preferred
EQ00001501,Alignment,L5,Yes,Mandatory
EQ00001501,Vibration Monitoring,L4,Yes,Mandatory
EQ00001502,Line of Fire Awareness,L3,Yes,Mandatory
EQ00001502,Lifting Operations,L5,Yes,Preferred
EQ00001502,Rigging,L5,Yes,Mandatory
EQ00001503,Control Systems,L3,Yes,Preferred
EQ00001503,Calibration,L5,Yes,Mandatory
EQ00001503,Instrumentation,L3,Yes,Preferred
EQ00001503,LOTO,L5,Yes,Mandatory
EQ00001503,SIS/ESD,L4,Yes,Preferred
EQ00001504,Fire Water Systems,L4,No,Mandatory
EQ00001504,Fire Fighting,L5,Yes,Preferred
EQ00001504,Permit to Work,L3,No,Mandatory
EQ00001504,Gas Detection,L3,Yes,Mandatory
EQ00001504,Emergency Response,L5,Yes,Preferred
EQ00001505,Vibration Monitoring,L3,No,Mandatory
EQ00001505,Rotating Equipment,L4,No,Preferred
EQ00001506,Isolation/LOTO,L4,Yes,Mandatory
EQ00001506,Pressure Vessel Safety,L4,Yes,Mandatory
EQ00001506,Permit to Work,L4,Yes,Mandatory
EQ00001507,Wastewater Operations,L5,No,Preferred
EQ00001507,Environmental Monitoring,L4,No,Mandatory
EQ00001507,Process Safety,L4,Yes,Preferred
EQ00001508,Arc Flash Awareness,L3,Yes,Mandatory
EQ00001508,Motor Maintenance,L3,Yes,Mandatory
EQ00001509,Well Control,L3,No,Mandatory
EQ00001509,Drilling Operations,L3,Yes,Preferred
EQ00001509,Line of Fire Awareness,L3,Yes,Mandatory
EQ00001510,Mechanical Inspection,L4,No,Mandatory
EQ00001510,Pressure Vessel Safety,L3,No,Mandatory
EQ00001510,Hydrotest Safety,L3,No,Preferred
EQ00001510,Permit to Work,L5,No,Mandatory
EQ00001511,Isolation/LOTO,L4,No,Mandatory
EQ00001511,Pressure Testing,L4,Yes,Preferred
EQ00001512,Vehicle Inspection,L4,No,Preferred
EQ00001512,Defensive Driving,L4,Yes,Mandatory
EQ00001512,Journey Management,L5,Yes,Mandatory
EQ00001513,Pressure Vessel Safety,L3,Yes,Mandatory
EQ00001513,Mechanical Inspection,L5,No,Mandatory
EQ00001513,Isolation/LOTO,L3,No,Mandatory
EQ00001513,Permit to Work,L5,No,Preferred
EQ00001513,Hydrotest Safety,L3,Yes,Mandatory
EQ00001514,Defensive Driving,L5,Yes,Preferred
EQ00001514,Vehicle Inspection,L5,Yes,Preferred
EQ00001514,Journey Management,L4,Yes,Mandatory
EQ00001515,Permit to Work,L4,Yes,Mandatory
EQ00001515,Valve Maintenance,L5,No,Mandatory
EQ00001516,Isolation/LOTO,L3,Yes,Mandatory
EQ00001516,Permit to Work,L3,Yes,Mandatory
EQ00001517,LOTO,L5,Yes,Mandatory
EQ00001517,Machine Tool Operation,L4,Yes,Mandatory
EQ00001517,Hot Work,L3,Yes,Mandatory
EQ00001517,Workshop Safety,L5,Yes,Preferred
EQ00001518,Process Operations,L5,Yes,Mandatory
EQ00001518,Permit to Work,L5,No,Preferred
EQ00001519,Workshop Safety,L5,Yes,Mandatory
EQ00001519,Machine Tool Operation,L4,Yes,Mandatory
EQ00001519,LOTO,L4,Yes,Mandatory
EQ00001519,Welding Safety,L4,No,Mandatory
EQ00001520,Fire Water Systems,L3,No,Preferred
EQ00001520,Emergency Response,L5,Yes,Mandatory
EQ00001520,Gas Detection,L3,Yes,Mandatory
EQ00001520,Fire Fighting,L5,Yes,Mandatory
EQ00001520,Permit to Work,L5,No,Mandatory
EQ00001521,Environmental Monitoring,L3,Yes,Mandatory
EQ00001521,Wastewater Operations,L4,No,Preferred
EQ00001522,Mechanical Inspection,L4,Yes,Mandatory
EQ00001522,Permit to Work,L4,Yes,Mandatory
EQ00001523,Pressure Testing,L4,No,Mandatory
EQ00001523,Permit to Work,L4,Yes,Preferred
EQ00001523,Isolation/LOTO,L5,Yes,Preferred
EQ00001524,Permit to Work,L5,No,Preferred
EQ00001524,Gas Testing,L5,No,Preferred
EQ00001524,Process Operations,L3,No,Mandatory
EQ00001524,Pressure Systems Safety,L4,Yes,Mandatory
EQ00001525,LOTO,L5,Yes,Mandatory
EQ00001525,Permit to Work,L3,Yes,Mandatory
EQ00001526,Permit to Work,L5,Yes,Mandatory
EQ00001526,Gas Testing,L5,Yes,Mandatory
EQ00001526,Pressure Systems Safety,L4,Yes,Mandatory
EQ00001526,Process Operations,L3,No,Preferred
EQ00001526,Process Isolation,L5,Yes,Mandatory
EQ00001527,Fire Water Systems,L5,No,Mandatory
EQ00001527,Permit to Work,L5,No,Preferred
EQ00001527,Fire Fighting,L4,Yes,Mandatory
EQ00001527,Emergency Response,L3,Yes,Mandatory
EQ00001528,Line of Fire Awareness,L4,Yes,Preferred
EQ00001528,Permit to Work,L4,Yes,Mandatory
EQ00001529,Workshop Safety,L4,Yes,Preferred
EQ00001529,Hot Work,L4,No,Preferred
EQ00001529,Machine Tool Operation,L4,Yes,Mandatory
EQ00001529,Welding Safety,L4,Yes,Mandatory
EQ00001529,LOTO,L3,No,Preferred
EQ00001530,Drilling Operations,L5,Yes,Mandatory
EQ00001530,Permit to Work,L4,No,Mandatory
EQ00001530,Rig Floor Safety,L3,Yes,Mandatory
EQ00001530,LOTO,L3,Yes,Preferred
EQ00001530,Well Control,L4,No,Mandatory
EQ00001531,Switchgear Operation,L4,No,Mandatory
EQ00001531,Electrical Safety,L3,Yes,Mandatory
EQ00001532,Alignment,L5,No,Mandatory
EQ00001532,LOTO,L3,No,Mandatory
EQ00001532,Pump Maintenance,L4,Yes,Mandatory
EQ00001533,LOTO,L3,Yes,Preferred
EQ00001533,SIS/ESD,L4,Yes,Mandatory
EQ00001534,Pipeline Operations,L4,No,Preferred
EQ00001534,Pressure Testing,L4,Yes,Mandatory
EQ00001534,Isolation/LOTO,L3,Yes,Mandatory
EQ00001534,Permit to Work,L3,Yes,Mandatory
EQ00001534,Valve Maintenance,L4,Yes,Mandatory
EQ00001535,Isolation/LOTO,L3,Yes,Preferred
EQ00001535,Valve Maintenance,L3,No,Preferred
EQ00001535,Pipeline Operations,L5,No,Preferred
EQ00001535,Permit to Work,L5,Yes,Mandatory
EQ00001535,Pressure Testing,L4,No,Preferred
EQ00001536,Mechanical Inspection,L3,No,Preferred
EQ00001536,Permit to Work,L5,Yes,Mandatory
EQ00001536,Isolation/LOTO,L5,Yes,Preferred
EQ00001537,Fire Water Systems,L3,Yes,Mandatory
EQ00001537,Permit to Work,L4,Yes,Mandatory
EQ00001538,Isolation/LOTO,L4,No,Preferred
EQ00001538,Permit to Work,L3,Yes,Mandatory
EQ00001538,Pressure Vessel Safety,L4,No,Mandatory
EQ00001539,Pressure Vessel Safety,L3,Yes,Mandatory
EQ00001539,Isolation/LOTO,L5,No,Mandatory
EQ00001539,Hydrotest Safety,L5,Yes,Mandatory
EQ00001540,Gas Detection,L3,No,Mandatory
EQ00001540,Emergency Response,L5,Yes,Mandatory
EQ00001541,Welding Safety,L3,Yes,Preferred
EQ00001541,Workshop Safety,L3,Yes,Preferred
EQ00001542,Drilling Operations,L3,Yes,Mandatory
EQ00001542,LOTO,L3,Yes,Preferred
EQ00001542,Well Control,L3,Yes,Preferred
EQ00001543,Hydrotest Safety,L4,Yes,Mandatory
EQ00001543,Isolation/LOTO,L5,Yes,Preferred
EQ00001543,Mechanical Inspection,L4,Yes,Mandatory
EQ00001544,Lifting Operations,L3,No,Preferred
EQ00001544,Rigging,L4,Yes,Preferred
EQ00001545,Process Isolation,L3,No,Preferred
EQ00001545,Pressure Systems Safety,L3,Yes,Preferred
EQ00001545,Process Operations,L3,Yes,Preferred
EQ00001545,Permit to Work,L4,No,Preferred
EQ00001546,LOTO,L3,Yes,Mandatory
EQ00001546,Rig Floor Safety,L3,Yes,Preferred
EQ00001546,Drilling Operations,L4,Yes,Mandatory
EQ00001546,Line of Fire Awareness,L5,Yes,Mandatory
EQ00001547,Drilling Operations,L3,No,Preferred
EQ00001547,Line of Fire Awareness,L3,No,Preferred
EQ00001548,Emergency Response,L5,Yes,Preferred
EQ00001548,Fire Water Systems,L3,Yes,Mandatory
EQ00001548,Gas Detection,L3,Yes,Mandatory
EQ00001548,Permit to Work,L5,Yes,Mandatory
EQ00001549,LOTO,L5,Yes,Preferred
EQ00001549,Workshop Safety,L3,Yes,Preferred
EQ00001550,Valve Maintenance,L4,Yes,Mandatory
EQ00001550,Pipeline Operations,L5,Yes,Mandatory
EQ00001550,Permit to Work,L3,No,Preferred
EQ00001550,Pressure Testing,L4,Yes,Preferred
EQ00001551,Instrumentation,L4,No,Mandatory
EQ00001551,SIS/ESD,L5,No,Mandatory
EQ00001551,LOTO,L4,No,Preferred
EQ00001551,Calibration,L5,No,Preferred
EQ00001551,Control Systems,L3,No,Preferred
EQ00001552,Lubrication,L3,No,Mandatory
EQ00001552,LOTO,L3,No,Mandatory
EQ00001552,Pump Maintenance,L3,Yes,Preferred
EQ00001552,Rotating Equipment,L3,Yes,Preferred
EQ00001553,LOTO,L5,No,Preferred
EQ00001553,Hot Work,L3,No,Mandatory
EQ00001553,Welding Safety,L4,Yes,Mandatory
EQ00001553,Machine Tool Operation,L5,Yes,Mandatory
EQ00001554,Electrical Safety,L5,Yes,Preferred
EQ00001554,Arc Flash Awareness,L3,No,Preferred
EQ00001554,Switchgear Operation,L4,Yes,Preferred
EQ00001554,Motor Maintenance,L3,No,Mandatory
EQ00001554,Electrical Isolation/LOTO,L3,Yes,Mandatory
EQ00001555,Environmental Monitoring,L5,No,Mandatory
EQ00001555,Chemical Handling,L5,Yes,Mandatory
EQ00001556,Pressure Vessel Safety,L3,No,Mandatory
EQ00001556,Permit to Work,L4,No,Mandatory
EQ00001557,Line of Fire Awareness,L4,Yes,Mandatory
EQ00001557,Rigging,L3,Yes,Mandatory
EQ00001557,Lifting Gear Inspection,L4,No,Preferred
EQ00001557,Lifting Operations,L4,No,Mandatory
EQ00001558,LOTO,L4,Yes,Preferred
EQ00001558,Line of Fire Awareness,L4,Yes,Mandatory
EQ00001558,Drilling Operations,L3,Yes,Mandatory
EQ00001559,Well Control,L5,No,Mandatory
EQ00001559,Permit to Work,L4,Yes,Mandatory
EQ00001559,Line of Fire Awareness,L3,Yes,Preferred
EQ00001559,Rig Floor Safety,L4,No,Mandatory
EQ00001560,Arc Flash Awareness,L4,No,Mandatory
EQ00001560,Switchgear Operation,L5,Yes,Mandatory
EQ00001561,LOTO,L5,Yes,Mandatory
EQ00001561,Well Control,L3,No,Preferred
EQ00001561,Rig Floor Safety,L5,Yes,Mandatory
EQ00001561,Permit to Work,L5,Yes,Mandatory
EQ00001562,Journey Management,L4,Yes,Mandatory
EQ00001562,Defensive Driving,L3,Yes,Mandatory
EQ00001562,Vehicle Inspection,L4,Yes,Mandatory
EQ00001563,Gas Testing,L5,Yes,Mandatory
EQ00001563,Pressure Systems Safety,L4,Yes,Mandatory
EQ00001563,Process Operations,L5,No,Mandatory
EQ00001563,Process Isolation,L4,No,Mandatory
EQ00001564,Process Operations,L4,Yes,Mandatory
EQ00001564,Pressure Systems Safety,L4,Yes,Mandatory
EQ00001564,Permit to Work,L5,Yes,Preferred
EQ00001564,Gas Testing,L4,Yes,Mandatory
EQ00001565,Permit to Work,L5,No,Mandatory
EQ00001565,Gas Testing,L3,Yes,Preferred
EQ00001565,Process Operations,L4,No,Mandatory
EQ00001565,Pressure Systems Safety,L4,Yes,Preferred
EQ00001566,Process Safety,L3,Yes,Mandatory
EQ00001566,Environmental Monitoring,L4,No,Preferred
EQ00001566,Wastewater Operations,L3,No,Mandatory
EQ00001566,Chemical Handling,L5,Yes,Preferred
EQ00001567,Emergency Response,L3,No,Mandatory
EQ00001567,Gas Detection,L4,No,Mandatory
EQ00001567,Permit to Work,L4,Yes,Preferred
EQ00001568,Drilling Operations,L3,No,Preferred
EQ00001568,Rig Floor Safety,L4,Yes,Preferred
EQ00001568,Line of Fire Awareness,L4,No,Mandatory
EQ00001569,Alignment,L5,Yes,Preferred
EQ00001569,Vibration Monitoring,L5,No,Mandatory
EQ00001569,Rotating Equipment,L3,Yes,Mandatory
EQ00001570,Permit to Work,L4,Yes,Mandatory
EQ00001570,Pressure Testing,L4,Yes,Mandatory
EQ00001571,Line of Fire Awareness,L5,Yes,Mandatory
EQ00001571,Lifting Operations,L3,Yes,Mandatory
EQ00001572,LOTO,L3,Yes,Mandatory
EQ00001572,Line of Fire Awareness,L5,Yes,Mandatory
EQ00001572,Rig Floor Safety,L3,Yes,Mandatory
EQ00001572,Drilling Operations,L5,No,Mandatory
EQ00001572,Permit to Work,L3,Yes,Mandatory
EQ00001573,Permit to Work,L3,Yes,Preferred
EQ00001573,Fire Water Systems,L4,No,Preferred
EQ00001573,Gas Detection,L5,Yes,Mandatory
EQ00001573,Fire Fighting,L3,Yes,Mandatory
EQ00001574,Motor Maintenance,L5,No,Preferred
EQ00001574,Arc Flash Awareness,L5,No,Preferred
EQ00001575,Journey Management,L5,Yes,Preferred
EQ00001575,Defensive Driving,L3,No,Mandatory
EQ00001575,Vehicle Inspection,L5,Yes,Mandatory
EQ00001575,Hazardous Material Transport,L5,No,Preferred
EQ00001576,Isolation/LOTO,L5,Yes,Preferred
EQ00001576,Permit to Work,L4,Yes,Preferred
EQ00001576,Pressure Testing,L5,No,Preferred
EQ00001577,Vibration Monitoring,L3,Yes,Mandatory
EQ00001577,Pump Maintenance,L4,Yes,Preferred
EQ00001578,Rig Floor Safety,L3,Yes,Mandatory
EQ00001578,Permit to Work,L4,Yes,Preferred
EQ00001578,Drilling Operations,L4,Yes,Preferred
EQ00001578,LOTO,L5,Yes,Mandatory
EQ00001578,Well Control,L5,Yes,Mandatory
EQ00001579,Process Operations,L5,No,Mandatory
EQ00001579,Permit to Work,L4,Yes,Mandatory
EQ00001579,Process Isolation,L4,Yes,Preferred
EQ00001579,Pressure Systems Safety,L5,No,Mandatory
EQ00001580,Vibration Monitoring,L3,Yes,Preferred
EQ00001580,Pump Maintenance,L5,No,Preferred
EQ00001580,LOTO,L3,Yes,Mandatory
EQ00001581,Fire Fighting,L4,Yes,Mandatory
EQ00001581,Permit to Work,L5,No,Mandatory
EQ00001582,Pressure Vessel Safety,L4,Yes,Mandatory
EQ00001582,Isolation/LOTO,L4,Yes,Preferred
EQ00001583,Arc Flash Awareness,L5,Yes,Mandatory
EQ00001583,Switchgear Operation,L5,No,Mandatory
EQ00001583,Motor Maintenance,L5,Yes,Mandatory
EQ00001584,Gas Testing,L4,Yes,Preferred
EQ00001584,Pressure Systems Safety,L4,Yes,Mandatory
EQ00001585,Permit to Work,L3,No,Mandatory
EQ00001585,Line of Fire Awareness,L4,Yes,Mandatory
EQ00001585,Well Control,L3,Yes,Mandatory
EQ00001586,Switchgear Operation,L3,Yes,Preferred
EQ00001586,Motor Maintenance,L5,No,Mandatory
EQ00001586,Electrical Isolation/LOTO,L4,Yes,Mandatory
EQ00001586,Electrical Safety,L3,Yes,Mandatory
EQ00001587,Drilling Operations,L5,Yes,Preferred
EQ00001587,LOTO,L3,Yes,Mandatory
EQ00001587,Well Control,L3,No,Mandatory
EQ00001587,Line of Fire Awareness,L4,No,Mandatory
EQ00001588,Vehicle Inspection,L3,No,Preferred
EQ00001588,Defensive Driving,L5,Yes,Mandatory
EQ00001589,SIS/ESD,L5,No,Preferred
EQ00001589,Control Systems,L4,Yes,Preferred
EQ00001589,Calibration,L3,Yes,Preferred
EQ00001589,LOTO,L5,Yes,Mandatory
EQ00001589,Instrumentation,L3,No,Mandatory
EQ00001590,Switchgear Operation,L5,No,Mandatory
EQ00001590,Motor Maintenance,L4,Yes,Preferred
EQ00001590,Electrical Safety,L5,Yes,Mandatory
EQ00001590,Electrical Isolation/LOTO,L5,No,Preferred
EQ00001590,Arc Flash Awareness,L3,No,Mandatory
EQ00001591,Process Operations,L4,Yes,Mandatory
EQ00001591,Permit to Work,L5,Yes,Preferred
EQ00001592,Rig Floor Safety,L5,No,Mandatory
EQ00001592,LOTO,L3,No,Mandatory
EQ00001592,Drilling Operations,L3,Yes,Mandatory
EQ00001592,Line of Fire Awareness,L3,Yes,Preferred
EQ00001593,Process Operations,L4,Yes,Preferred
EQ00001593,Permit to Work,L5,Yes,Mandatory
EQ00001593,Process Isolation,L5,Yes,Mandatory
EQ00001593,Gas Testing,L4,Yes,Preferred
EQ00001593,Pressure Systems Safety,L4,Yes,Mandatory
EQ00001594,Well Control,L3,Yes,Mandatory
EQ00001594,LOTO,L3,Yes,Mandatory
EQ00001594,Permit to Work,L3,Yes,Preferred
EQ00001594,Drilling Operations,L3,Yes,Mandatory
EQ00001594,Line of Fire Awareness,L4,No,Mandatory
EQ00001595,Process Operations,L4,Yes,Preferred
EQ00001595,Process Isolation,L3,Yes,Mandatory
EQ00001595,Gas Testing,L3,No,Mandatory
EQ00001595,Permit to Work,L5,Yes,Mandatory
EQ00001595,Pressure Systems Safety,L4,Yes,Mandatory
EQ00001596,Permit to Work,L4,Yes,Mandatory
EQ00001596,Isolation/LOTO,L3,Yes,Mandatory
EQ00001596,Pressure Testing,L4,Yes,Mandatory
EQ00001597,Motor Maintenance,L4,No,Mandatory
EQ00001597,Electrical Safety,L4,No,Mandatory
EQ00001597,Arc Flash Awareness,L5,No,Mandatory
EQ00001597,Electrical Isolation/LOTO,L5,Yes,Mandatory
EQ00001597,Switchgear Operation,L3,Yes,Mandatory
EQ00001598,Workshop Safety,L3,Yes,Mandatory
EQ00001598,LOTO,L3,No,Mandatory
EQ00001598,Welding Safety,L4,No,Preferred
EQ00001598,Hot Work,L5,Yes,Preferred
EQ00001598,Machine Tool Operation,L3,Yes,Mandatory
EQ00001599,LOTO,L3,Yes,Preferred
EQ00001599,Alignment,L3,Yes,Mandatory
EQ00001599,Rotating Equipment,L4,Yes,Mandatory
EQ00001600,Valve Maintenance,L4,Yes,Mandatory
EQ00001600,Permit to Work,L5,Yes,Mandatory
EQ00001600,Pressure Testing,L3,No,Mandatory
EQ00001601,Permit to Work,L4,Yes,Preferred
EQ00001601,Well Control,L3,No,Mandatory
EQ00001601,Line of Fire Awareness,L4,Yes,Mandatory
EQ00001601,Drilling Operations,L5,Yes,Mandatory
EQ00001601,Rig Floor Safety,L5,Yes,Preferred
EQ00001602,Electrical Isolation/LOTO,L4,Yes,Mandatory
EQ00001602,Motor Maintenance,L4,Yes,Mandatory
EQ00001602,Switchgear Operation,L5,Yes,Mandatory
EQ00001602,Arc Flash Awareness,L4,Yes,Mandatory
EQ00001603,Hazardous Material Transport,L4,Yes,Mandatory
EQ00001603,Vehicle Inspection,L4,Yes,Preferred
EQ00001603,Defensive Driving,L3,No,Preferred
EQ00001603,Journey Management,L4,Yes,Mandatory
EQ00001604,LOTO,L3,No,Preferred
EQ00001604,Drilling Operations,L5,Yes,Mandatory
EQ00001604,Rig Floor Safety,L4,Yes,Preferred
EQ00001605,Hot Work,L5,Yes,Preferred
EQ00001605,LOTO,L3,Yes,Preferred
EQ00001605,Machine Tool Operation,L3,Yes,Preferred
EQ00001605,Welding Safety,L3,Yes,Preferred
EQ00001606,Permit to Work,L5,Yes,Mandatory
EQ00001606,Process Operations,L4,Yes,Mandatory
EQ00001606,Gas Testing,L5,Yes,Mandatory
EQ00001606,Process Isolation,L4,Yes,Preferred
EQ00001606,Pressure Systems Safety,L5,No,Mandatory
EQ00001607,LOTO,L4,Yes,Preferred
EQ00001607,Alignment,L3,Yes,Mandatory
EQ00001607,Vibration Monitoring,L5,No,Mandatory
EQ00001607,Rotating Equipment,L4,Yes,Mandatory
EQ00001607,Lubrication,L5,No,Preferred
EQ00001608,Welding Safety,L4,No,Preferred
EQ00001608,Workshop Safety,L4,Yes,Mandatory
EQ00001608,Machine Tool Operation,L3,Yes,Mandatory
EQ00001608,Hot Work,L5,Yes,Preferred
EQ00001609,Isolation/LOTO,L5,Yes,Mandatory
EQ00001609,Mechanical Inspection,L3,Yes,Mandatory
EQ00001609,Pressure Vessel Safety,L3,No,Mandatory
EQ00001609,Hydrotest Safety,L3,No,Preferred
EQ00001609,Permit to Work,L5,No,Preferred
EQ00001610,Motor Maintenance,L5,Yes,Mandatory
EQ00001610,Switchgear Operation,L5,Yes,Mandatory
EQ00001610,Electrical Safety,L3,Yes,Mandatory
EQ00001611,Welding Safety,L3,Yes,Preferred
EQ00001611,Workshop Safety,L5,Yes,Preferred
EQ00001611,Machine Tool Operation,L3,Yes,Mandatory
EQ00001612,Journey Management,L4,Yes,Preferred
EQ00001612,Vehicle Inspection,L3,No,Mandatory
EQ00001613,Arc Flash Awareness,L4,Yes,Mandatory
EQ00001613,Motor Maintenance,L4,Yes,Mandatory
EQ00001614,Rigging,L3,Yes,Mandatory
EQ00001614,Line of Fire Awareness,L3,Yes,Preferred
EQ00001614,Lifting Operations,L3,Yes,Mandatory
EQ00001614,Crane Operation,L3,Yes,Preferred
EQ00001614,Lifting Gear Inspection,L3,Yes,Preferred
EQ00001615,Gas Testing,L4,Yes,Mandatory
EQ00001615,Permit to Work,L4,Yes,Mandatory
EQ00001615,Pressure Systems Safety,L5,Yes,Mandatory
EQ00001615,Process Isolation,L5,No,Mandatory
EQ00001616,Calibration,L5,Yes,Mandatory
EQ00001616,Instrumentation,L5,Yes,Mandatory
EQ00001616,LOTO,L5,Yes,Mandatory
EQ00001616,Control Systems,L3,Yes,Mandatory
EQ00001616,SIS/ESD,L4,Yes,Mandatory
EQ00001617,Line of Fire Awareness,L3,Yes,Mandatory
EQ00001617,Permit to Work,L4,Yes,Preferred
EQ00001617,Drilling Operations,L5,Yes,Mandatory
EQ00001617,LOTO,L4,Yes,Mandatory
EQ00001617,Rig Floor Safety,L5,No,Mandatory
EQ00001618,Vehicle Inspection,L4,No,Mandatory
EQ00001618,Defensive Driving,L4,Yes,Preferred
EQ00001618,Journey Management,L4,Yes,Mandatory
EQ00001618,Hazardous Material Transport,L3,Yes,Mandatory
EQ00001619,Isolation/LOTO,L3,No,Mandatory
EQ00001619,Mechanical Inspection,L3,Yes,Preferred
EQ00001619,Permit to Work,L5,No,Mandatory
EQ00001619,Pressure Vessel Safety,L4,Yes,Preferred
EQ00001619,Hydrotest Safety,L3,No,Mandatory
EQ00001620,Pressure Testing,L5,No,Mandatory
EQ00001620,Isolation/LOTO,L3,Yes,Mandatory
EQ00001620,Valve Maintenance,L4,No,Mandatory
EQ00001620,Permit to Work,L4,Yes,Mandatory
EQ00001621,Crane Operation,L3,No,Preferred
EQ00001621,Rigging,L5,Yes,Preferred
EQ00001621,Lifting Operations,L3,No,Mandatory
EQ00001621,Line of Fire Awareness,L3,Yes,Preferred
EQ00001621,Lifting Gear Inspection,L3,Yes,Mandatory
EQ00001622,Fire Water Systems,L5,No,Mandatory
EQ00001622,Emergency Response,L5,Yes,Mandatory
EQ00001623,Calibration,L5,Yes,Mandatory
EQ00001623,Control Systems,L4,No,Mandatory
EQ00001623,LOTO,L5,No,Preferred
EQ00001624,Line of Fire Awareness,L3,No,Mandatory
EQ00001624,Lifting Operations,L5,No,Preferred
EQ00001624,Lifting Gear Inspection,L5,No,Preferred
EQ00001624,Rigging,L3,Yes,Mandatory
EQ00001625,Isolation/LOTO,L3,Yes,Preferred
EQ00001625,Pressure Vessel Safety,L3,Yes,Preferred
EQ00001625,Mechanical Inspection,L3,Yes,Mandatory
EQ00001626,Permit to Work,L4,Yes,Mandatory
EQ00001626,Drilling Operations,L3,Yes,Mandatory
EQ00001626,Well Control,L4,No,Mandatory
EQ00001626,Rig Floor Safety,L5,Yes,Preferred
EQ00001626,Line of Fire Awareness,L3,No,Preferred
EQ00001627,Drilling Operations,L3,No,Mandatory
EQ00001627,LOTO,L4,Yes,Preferred
EQ00001627,Line of Fire Awareness,L4,Yes,Preferred
EQ00001627,Well Control,L4,Yes,Mandatory
EQ00001628,Fire Water Systems,L3,Yes,Mandatory
EQ00001628,Gas Detection,L4,Yes,Mandatory
EQ00001628,Permit to Work,L3,Yes,Mandatory
EQ00001628,Fire Fighting,L3,Yes,Preferred
EQ00001629,Environmental Monitoring,L3,Yes,Mandatory
EQ00001629,Chemical Handling,L3,No,Mandatory
EQ00001630,LOTO,L5,No,Mandatory
EQ00001630,Welding Safety,L5,Yes,Mandatory
EQ00001630,Workshop Safety,L3,Yes,Mandatory
EQ00001630,Hot Work,L4,No,Mandatory
EQ00001631,Fire Fighting,L5,Yes,Mandatory
EQ00001631,Permit to Work,L5,Yes,Mandatory
EQ00001631,Fire Water Systems,L4,Yes,Mandatory
EQ00001632,Permit to Work,L5,No,Preferred
EQ00001632,Emergency Response,L5,No,Preferred
EQ00001632,Fire Water Systems,L4,No,Preferred
EQ00001632,Fire Fighting,L5,Yes,Mandatory
EQ00001633,LOTO,L3,Yes,Preferred
EQ00001633,Rig Floor Safety,L5,No,Mandatory
EQ00001633,Well Control,L3,Yes,Mandatory
EQ00001634,Crane Operation,L4,Yes,Mandatory
EQ00001634,Lifting Operations,L4,Yes,Preferred
EQ00001635,Machine Tool Operation,L4,No,Mandatory
EQ00001635,Welding Safety,L3,No,Preferred
EQ00001636,Switchgear Operation,L5,Yes,Mandatory
EQ00001636,Motor Maintenance,L3,No,Mandatory
EQ00001636,Arc Flash Awareness,L4,Yes,Mandatory
EQ00001636,Electrical Isolation/LOTO,L3,No,Preferred
EQ00001636,Electrical Safety,L3,Yes,Mandatory
EQ00001637,Valve Maintenance,L3,Yes,Mandatory
EQ00001637,Pressure Testing,L3,Yes,Preferred
EQ00001637,Pipeline Operations,L5,Yes,Mandatory
EQ00001638,Isolation/LOTO,L3,Yes,Preferred
EQ00001638,Permit to Work,L3,Yes,Mandatory
EQ00001638,Pipeline Operations,L3,Yes,Preferred
EQ00001638,Valve Maintenance,L5,Yes,Mandatory
EQ00001639,Hot Work,L5,No,Preferred
EQ00001639,Welding Safety,L4,No,Preferred
EQ00001640,Line of Fire Awareness,L5,No,Mandatory
EQ00001640,Rigging,L5,Yes,Preferred
EQ00001641,Defensive Driving,L4,Yes,Mandatory
EQ00001641,Hazardous Material Transport,L4,Yes,Mandatory
EQ00001641,Vehicle Inspection,L4,Yes,Mandatory
EQ00001642,Line of Fire Awareness,L4,Yes,Mandatory
EQ00001642,Permit to Work,L3,Yes,Mandatory
EQ00001642,Well Control,L3,Yes,Mandatory
EQ00001642,Rig Floor Safety,L3,Yes,Preferred
EQ00001642,LOTO,L3,Yes,Mandatory
EQ00001643,Rig Floor Safety,L5,Yes,Mandatory
EQ00001643,Permit to Work,L5,No,Mandatory
EQ00001644,Motor Maintenance,L5,No,Mandatory
EQ00001644,Switchgear Operation,L4,Yes,Mandatory
EQ00001644,Arc Flash Awareness,L4,Yes,Mandatory
EQ00001645,Instrumentation,L5,Yes,Preferred
EQ00001645,SIS/ESD,L5,Yes,Preferred
EQ00001646,Pump Maintenance,L5,No,Preferred
EQ00001646,LOTO,L5,No,Mandatory
EQ00001647,Machine Tool Operation,L4,Yes,Mandatory
EQ00001647,Welding Safety,L4,No,Preferred
EQ00001647,Workshop Safety,L3,Yes,Mandatory
EQ00001647,Hot Work,L4,Yes,Mandatory
EQ00001647,LOTO,L5,Yes,Mandatory
EQ00001648,Pressure Systems Safety,L5,Yes,Mandatory
EQ00001648,Process Operations,L3,No,Mandatory
EQ00001648,Permit to Work,L3,No,Preferred
EQ00001649,Rig Floor Safety,L5,Yes,Preferred
EQ00001649,Permit to Work,L5,Yes,Preferred
EQ00001650,Hot Work,L5,Yes,Mandatory
EQ00001650,Workshop Safety,L3,No,Preferred
EQ00001650,LOTO,L3,No,Preferred
EQ00001650,Machine Tool Operation,L3,No,Mandatory
EQ00001650,Welding Safety,L5,Yes,Mandatory
EQ00001651,Vibration Monitoring,L5,Yes,Mandatory
EQ00001651,Rotating Equipment,L5,Yes,Mandatory
EQ00001652,Permit to Work,L4,Yes,Mandatory
EQ00001652,Valve Maintenance,L5,Yes,Mandatory
EQ00001652,Isolation/LOTO,L4,Yes,Preferred
EQ00001653,Hot Work,L4,No,Mandatory
EQ00001653,LOTO,L3,Yes,Preferred
EQ00001653,Machine Tool Operation,L3,No,Preferred
EQ00001653,Workshop Safety,L3,Yes,Mandatory
EQ00001653,Welding Safety,L3,Yes,Preferred
EQ00001654,Permit to Work,L5,No,Mandatory
EQ00001654,Hydrotest Safety,L4,No,Mandatory
EQ00001654,Mechanical Inspection,L5,No,Preferred
EQ00001654,Isolation/LOTO,L5,No,Mandatory
EQ00001654,Pressure Vessel Safety,L4,No,Preferred
EQ00001655,Gas Testing,L3,No,Mandatory
EQ00001655,Pressure Systems Safety,L4,No,Preferred
EQ00001655,Process Operations,L3,No,Preferred
EQ00001655,Permit to Work,L4,Yes,Mandatory
EQ00001655,Process Isolation,L5,Yes,Mandatory
EQ00001656,Chemical Handling,L5,Yes,Preferred
EQ00001656,Environmental Monitoring,L3,No,Preferred
EQ00001656,Wastewater Operations,L4,Yes,Mandatory
EQ00001656,Process Safety,L3,Yes,Preferred
EQ00001657,Pressure Systems Safety,L4,Yes,Preferred
EQ00001657,Process Operations,L4,Yes,Preferred
EQ00001658,Process Safety,L3,No,Mandatory
EQ00001658,Environmental Monitoring,L3,Yes,Mandatory
EQ00001658,Wastewater Operations,L5,Yes,Preferred
EQ00001658,Chemical Handling,L4,Yes,Preferred
EQ00001659,Calibration,L4,Yes,Mandatory
EQ00001659,LOTO,L4,No,Preferred
EQ00001660,Vibration Monitoring,L3,Yes,Preferred
EQ00001660,Pump Maintenance,L3,Yes,Mandatory
EQ00001660,Rotating Equipment,L4,No,Preferred
EQ00001660,LOTO,L4,Yes,Preferred
EQ00001660,Alignment,L5,No,Mandatory
EQ00001661,Hazardous Material Transport,L5,Yes,Mandatory
EQ00001661,Journey Management,L3,Yes,Mandatory
EQ00001661,Vehicle Inspection,L5,Yes,Preferred
EQ00001661,Defensive Driving,L3,Yes,Preferred
EQ00001662,Process Operations,L4,No,Mandatory
EQ00001662,Permit to Work,L3,Yes,Mandatory
EQ00001662,Gas Testing,L4,Yes,Preferred
EQ00001663,Line of Fire Awareness,L3,Yes,Preferred
EQ00001663,Lifting Operations,L5,Yes,Mandatory
EQ00001663,Crane Operation,L5,Yes,Mandatory
EQ00001663,Rigging,L3,No,Mandatory
EQ00001663,Lifting Gear Inspection,L4,Yes,Preferred
EQ00001664,Lubrication,L4,Yes,Mandatory
EQ00001664,Alignment,L5,Yes,Mandatory
EQ00001664,Pump Maintenance,L3,Yes,Preferred
EQ00001664,LOTO,L5,Yes,Preferred
EQ00001665,Permit to Work,L4,Yes,Preferred
EQ00001665,Valve Maintenance,L5,Yes,Preferred
EQ00001665,Pipeline Operations,L3,No,Mandatory
EQ00001665,Pressure Testing,L3,No,Mandatory
EQ00001666,Well Control,L3,Yes,Mandatory
EQ00001666,Permit to Work,L3,No,Preferred
EQ00001667,Gas Testing,L3,Yes,Mandatory
EQ00001667,Process Operations,L4,No,Mandatory
EQ00001667,Pressure Systems Safety,L4,Yes,Preferred
EQ00001668,Machine Tool Operation,L4,No,Mandatory
EQ00001668,Welding Safety,L4,Yes,Mandatory
EQ00001668,Workshop Safety,L5,Yes,Mandatory
EQ00001668,LOTO,L5,No,Mandatory
EQ00001669,Fire Water Systems,L3,Yes,Mandatory
EQ00001669,Gas Detection,L5,No,Mandatory
EQ00001669,Permit to Work,L5,Yes,Preferred
EQ00001669,Emergency Response,L4,Yes,Preferred
EQ00001669,Fire Fighting,L4,No,Mandatory
EQ00001670,Process Operations,L4,No,Preferred
EQ00001670,Process Isolation,L5,Yes,Mandatory
EQ00001670,Permit to Work,L3,No,Mandatory
EQ00001670,Pressure Systems Safety,L3,Yes,Preferred
EQ00001670,Gas Testing,L3,Yes,Preferred
EQ00001671,Crane Operation,L5,Yes,Preferred
EQ00001671,Line of Fire Awareness,L5,Yes,Mandatory
EQ00001671,Lifting Operations,L3,Yes,Mandatory
EQ00001671,Rigging,L5,Yes,Mandatory
EQ00001671,Lifting Gear Inspection,L4,No,Mandatory
EQ00001672,Rotating Equipment,L3,Yes,Mandatory
EQ00001672,Lubrication,L4,Yes,Mandatory
EQ00001672,Alignment,L5,Yes,Mandatory
EQ00001672,Vibration Monitoring,L5,No,Mandatory
EQ00001673,Motor Maintenance,L5,No,Mandatory
EQ00001673,Electrical Isolation/LOTO,L3,Yes,Mandatory
EQ00001673,Switchgear Operation,L4,Yes,Mandatory
EQ00001674,Permit to Work,L3,No,Preferred
EQ00001674,Line of Fire Awareness,L3,No,Mandatory
EQ00001675,Permit to Work,L4,Yes,Mandatory
EQ00001675,Mechanical Inspection,L3,Yes,Mandatory
EQ00001675,Hydrotest Safety,L4,Yes,Mandatory
EQ00001675,Pressure Vessel Safety,L4,Yes,Mandatory
EQ00001676,Process Isolation,L5,Yes,Mandatory
EQ00001676,Process Operations,L5,No,Mandatory
EQ00001676,Pressure Systems Safety,L3,No,Mandatory
EQ00001677,Line of Fire Awareness,L5,Yes,Mandatory
EQ00001677,Lifting Operations,L5,Yes,Preferred
EQ00001677,Rigging,L4,No,Mandatory
EQ00001677,Crane Operation,L4,No,Preferred
EQ00001677,Lifting Gear Inspection,L5,No,Mandatory
EQ00001678,Permit to Work,L4,No,Preferred
EQ00001678,Line of Fire Awareness,L4,No,Mandatory
EQ00001679,Lifting Operations,L5,No,Mandatory
EQ00001679,Lifting Gear Inspection,L4,Yes,Mandatory
EQ00001680,Hot Work,L5,No,Mandatory
EQ00001680,LOTO,L3,Yes,Mandatory
EQ00001680,Welding Safety,L3,No,Preferred
EQ00001680,Machine Tool Operation,L5,Yes,Preferred
EQ00001680,Workshop Safety,L3,Yes,Preferred
EQ00001681,Alignment,L4,No,Mandatory
EQ00001681,Rotating Equipment,L5,Yes,Preferred
EQ00001681,LOTO,L3,Yes,Mandatory
EQ00001682,Line of Fire Awareness,L4,Yes,Mandatory
EQ00001682,Crane Operation,L3,Yes,Mandatory
EQ00001682,Lifting Operations,L3,No,Mandatory
EQ00001683,Welding Safety,L5,Yes,Preferred
EQ00001683,Hot Work,L5,No,Mandatory
EQ00001683,LOTO,L4,Yes,Mandatory
EQ00001683,Workshop Safety,L5,No,Mandatory
EQ00001683,Machine Tool Operation,L4,Yes,Mandatory
EQ00001684,Fire Water Systems,L3,Yes,Preferred
EQ00001684,Emergency Response,L4,Yes,Mandatory
EQ00001684,Fire Fighting,L3,No,Preferred
EQ00001684,Gas Detection,L4,Yes,Preferred
EQ00001685,Hot Work,L3,Yes,Mandatory
EQ00001685,Welding Safety,L5,No,Preferred
EQ00001686,Permit to Work,L3,Yes,Mandatory
EQ00001686,Pressure Testing,L3,Yes,Mandatory
EQ00001686,Valve Maintenance,L5,No,Mandatory
EQ00001687,LOTO,L4,Yes,Mandatory
EQ00001687,Welding Safety,L5,Yes,Mandatory
EQ00001687,Hot Work,L5,Yes,Preferred
EQ00001688,Pressure Testing,L3,No,Mandatory
EQ00001688,Pipeline Operations,L4,Yes,Mandatory
EQ00001688,Isolation/LOTO,L4,Yes,Mandatory
EQ00001688,Valve Maintenance,L4,Yes,Preferred
EQ00001689,Drilling Operations,L5,No,Mandatory
EQ00001689,Rig Floor Safety,L3,Yes,Mandatory
EQ00001689,Well Control,L4,Yes,Mandatory
EQ00001689,Line of Fire Awareness,L5,Yes,Mandatory
EQ00001690,Hydrotest Safety,L5,Yes,Mandatory
EQ00001690,Pressure Vessel Safety,L3,No,Preferred
EQ00001690,Mechanical Inspection,L5,No,Preferred
EQ00001691,Rig Floor Safety,L5,Yes,Preferred
EQ00001691,Drilling Operations,L3,Yes,Mandatory
EQ00001691,Well Control,L5,Yes,Mandatory
EQ00001691,LOTO,L4,Yes,Preferred
EQ00001692,Pressure Vessel Safety,L3,No,Preferred
EQ00001692,Permit to Work,L5,Yes,Preferred
EQ00001692,Mechanical Inspection,L5,Yes,Mandatory
EQ00001692,Hydrotest Safety,L5,Yes,Preferred
EQ00001693,Hazardous Material Transport,L3,Yes,Mandatory
EQ00001693,Journey Management,L3,No,Mandatory
EQ00001693,Vehicle Inspection,L5,Yes,Preferred
EQ00001694,Motor Maintenance,L5,No,Mandatory
EQ00001694,Electrical Safety,L3,No,Mandatory
EQ00001694,Switchgear Operation,L3,Yes,Preferred
EQ00001694,Electrical Isolation/LOTO,L4,Yes,Preferred
EQ00001694,Arc Flash Awareness,L5,Yes,Mandatory
EQ00001695,Electrical Isolation/LOTO,L5,Yes,Mandatory
EQ00001695,Switchgear Operation,L5,No,Preferred
EQ00001695,Arc Flash Awareness,L4,Yes,Mandatory
EQ00001695,Motor Maintenance,L4,Yes,Preferred
EQ00001695,Electrical Safety,L4,Yes,Preferred
EQ00001696,Lifting Operations,L3,No,Preferred
EQ00001696,Rigging,L5,Yes,Mandatory
EQ00001696,Line of Fire Awareness,L5,Yes,Mandatory
EQ00001696,Lifting Gear Inspection,L5,No,Mandatory
EQ00001696,Crane Operation,L3,No,Preferred
EQ00001697,Isolation/LOTO,L4,Yes,Mandatory
EQ00001697,Pressure Testing,L3,No,Preferred
EQ00001697,Valve Maintenance,L3,Yes,Preferred
EQ00001697,Permit to Work,L5,No,Mandatory
EQ00001698,Gas Detection,L3,Yes,Mandatory
EQ00001698,Fire Fighting,L4,No,Preferred
EQ00001698,Permit to Work,L5,Yes,Mandatory
EQ00001699,LOTO,L5,No,Preferred
EQ00001699,Rotating Equipment,L4,Yes,Mandatory
EQ00001699,Alignment,L3,No,Preferred
EQ00001699,Vibration Monitoring,L3,Yes,Mandatory
EQ00001700,Journey Management,L4,No,Mandatory
EQ00001700,Defensive Driving,L4,Yes,Mandatory
EQ00001701,LOTO,L5,Yes,Mandatory
EQ00001701,Vibration Monitoring,L3,No,Mandatory
EQ00001701,Alignment,L5,Yes,Preferred
EQ00001701,Lubrication,L5,Yes,Mandatory
EQ00001701,Rotating Equipment,L4,Yes,Mandatory
EQ00001702,Line of Fire Awareness,L5,Yes,Mandatory
EQ00001702,Crane Operation,L4,No,Mandatory
EQ00001702,Lifting Operations,L3,Yes,Mandatory
EQ00001702,Rigging,L5,No,Mandatory
EQ00001703,Fire Water Systems,L3,Yes,Preferred
EQ00001703,Emergency Response,L4,Yes,Mandatory
EQ00001703,Gas Detection,L4,No,Mandatory
EQ00001704,Machine Tool Operation,L3,No,Preferred
EQ00001704,Workshop Safety,L5,No,Mandatory
EQ00001705,Permit to Work,L4,Yes,Mandatory
EQ00001705,LOTO,L4,No,Preferred
EQ00001705,Drilling Operations,L4,Yes,Preferred
EQ00001705,Well Control,L5,Yes,Mandatory
EQ00001706,Alignment,L3,No,Mandatory
EQ00001706,Vibration Monitoring,L3,Yes,Preferred
EQ00001706,Rotating Equipment,L4,Yes,Mandatory
EQ00001707,Drilling Operations,L3,Yes,Mandatory
EQ00001707,LOTO,L3,No,Mandatory
EQ00001707,Line of Fire Awareness,L5,No,Preferred
EQ00001707,Well Control,L5,No,Preferred
EQ00001708,Pressure Systems Safety,L3,Yes,Mandatory
EQ00001708,Process Isolation,L5,No,Preferred
EQ00001708,Process Operations,L5,Yes,Preferred
EQ00001708,Gas Testing,L4,Yes,Preferred
EQ00001709,LOTO,L4,Yes,Preferred
EQ00001709,Workshop Safety,L4,No,Preferred
EQ00001710,Fire Water Systems,L5,Yes,Preferred
EQ00001710,Fire Fighting,L3,Yes,Mandatory
EQ00001711,Instrumentation,L3,No,Mandatory
EQ00001711,Control Systems,L5,No,Mandatory
EQ00001711,Calibration,L3,Yes,Mandatory
EQ00001712,Hot Work,L5,Yes,Preferred
EQ00001712,LOTO,L4,Yes,Preferred
EQ00001713,Pressure Vessel Safety,L5,Yes,Mandatory
EQ00001713,Isolation/LOTO,L4,Yes,Preferred
EQ00001713,Permit to Work,L3,Yes,Preferred
EQ00001713,Hydrotest Safety,L4,Yes,Preferred
EQ00001714,Vibration Monitoring,L4,Yes,Mandatory
EQ00001714,LOTO,L4,Yes,Preferred
EQ00001714,Pump Maintenance,L4,No,Mandatory
EQ00001714,Alignment,L3,No,Preferred
EQ00001715,Well Control,L5,Yes,Preferred
EQ00001715,Drilling Operations,L4,Yes,Mandatory
EQ00001715,LOTO,L4,Yes,Mandatory
EQ00001715,Permit to Work,L5,No,Mandatory
EQ00001715,Line of Fire Awareness,L4,Yes,Preferred
EQ00001716,Process Isolation,L3,Yes,Mandatory
EQ00001716,Permit to Work,L3,Yes,Mandatory
EQ00001717,Journey Management,L4,Yes,Mandatory
EQ00001717,Hazardous Material Transport,L4,Yes,Mandatory
EQ00001718,Vehicle Inspection,L5,No,Mandatory
EQ00001718,Journey Management,L5,Yes,Preferred
EQ00001718,Defensive Driving,L4,No,Mandatory
EQ00001718,Hazardous Material Transport,L3,Yes,Preferred
EQ00001719,Process Isolation,L3,Yes,Preferred
EQ00001719,Gas Testing,L3,No,Mandatory
EQ00001719,Permit to Work,L5,Yes,Mandatory
EQ00001719,Pressure Systems Safety,L5,Yes,Preferred
EQ00001720,Machine Tool Operation,L4,Yes,Mandatory
EQ00001720,LOTO,L3,No,Mandatory
EQ00001720,Hot Work,L5,No,Mandatory
EQ00001720,Welding Safety,L4,No,Mandatory
EQ00001720,Workshop Safety,L4,No,Mandatory
EQ00001721,Chemical Handling,L5,Yes,Mandatory
EQ00001721,Environmental Monitoring,L4,Yes,Mandatory
EQ00001721,Process Safety,L4,No,Mandatory
EQ00001722,Rigging,L4,No,Preferred
EQ00001722,Lifting Gear Inspection,L5,Yes,Preferred
EQ00001722,Lifting Operations,L3,No,Preferred
EQ00001722,Line of Fire Awareness,L4,Yes,Mandatory
EQ00001723,Alignment,L5,No,Preferred
EQ00001723,Pump Maintenance,L4,Yes,Preferred
EQ00001723,Vibration Monitoring,L4,Yes,Mandatory
EQ00001723,Lubrication,L3,No,Mandatory
EQ00001724,Welding Safety,L3,Yes,Mandatory
EQ00001724,Hot Work,L5,No,Mandatory
EQ00001724,Machine Tool Operation,L5,Yes,Mandatory
EQ00001724,Workshop Safety,L5,No,Preferred
EQ00001725,Lifting Gear Inspection,L4,No,Preferred
EQ00001725,Lifting Operations,L5,No,Mandatory
EQ00001725,Rigging,L5,Yes,Mandatory
EQ00001726,Workshop Safety,L5,Yes,Mandatory
EQ00001726,Hot Work,L3,Yes,Mandatory
EQ00001726,Machine Tool Operation,L5,Yes,Mandatory
EQ00001726,LOTO,L5,Yes,Mandatory
EQ00001727,Electrical Isolation/LOTO,L3,No,Mandatory
EQ00001727,Arc Flash Awareness,L4,Yes,Preferred
EQ00001728,LOTO,L3,No,Preferred
EQ00001728,Instrumentation,L3,Yes,Mandatory
EQ00001729,Gas Detection,L5,Yes,Preferred
EQ00001729,Fire Water Systems,L3,Yes,Preferred
EQ00001729,Emergency Response,L3,No,Mandatory
EQ00001729,Fire Fighting,L3,No,Mandatory
EQ00001729,Permit to Work,L5,Yes,Mandatory
EQ00001730,Drilling Operations,L5,No,Mandatory
EQ00001730,Well Control,L5,Yes,Mandatory
EQ00001730,Rig Floor Safety,L5,No,Mandatory
EQ00001730,Permit to Work,L3,Yes,Preferred
EQ00001731,Isolation/LOTO,L5,No,Mandatory
EQ00001731,Mechanical Inspection,L5,No,Mandatory
EQ00001731,Permit to Work,L3,No,Preferred
EQ00001732,Rotating Equipment,L4,Yes,Mandatory
EQ00001732,LOTO,L3,No,Mandatory
EQ00001732,Alignment,L4,Yes,Preferred
EQ00001732,Pump Maintenance,L3,No,Mandatory
EQ00001732,Vibration Monitoring,L5,Yes,Preferred
EQ00001733,Pressure Systems Safety,L5,No,Mandatory
EQ00001733,Process Isolation,L5,No,Mandatory
EQ00001733,Process Operations,L5,No,Mandatory
EQ00001733,Gas Testing,L3,Yes,Preferred
EQ00001734,Machine Tool Operation,L4,Yes,Preferred
EQ00001734,Welding Safety,L3,Yes,Mandatory
EQ00001734,Workshop Safety,L3,No,Mandatory
EQ00001734,LOTO,L4,Yes,Mandatory
EQ00001734,Hot Work,L4,Yes,Mandatory
EQ00001735,Lifting Gear Inspection,L3,Yes,Preferred
EQ00001735,Crane Operation,L5,Yes,Mandatory
EQ00001736,Pressure Testing,L5,No,Preferred
EQ00001736,Pipeline Operations,L3,Yes,Preferred
EQ00001737,Lifting Operations,L5,No,Mandatory
EQ00001737,Lifting Gear Inspection,L5,Yes,Preferred
EQ00001737,Crane Operation,L5,Yes,Mandatory
EQ00001737,Line of Fire Awareness,L3,Yes,Mandatory
EQ00001738,LOTO,L5,No,Preferred
EQ00001738,Line of Fire Awareness,L4,No,Mandatory
EQ00001738,Permit to Work,L4,Yes,Mandatory
EQ00001738,Rig Floor Safety,L5,Yes,Preferred
EQ00001739,Isolation/LOTO,L4,Yes,Preferred
EQ00001739,Pipeline Operations,L4,Yes,Preferred
EQ00001740,Valve Maintenance,L4,Yes,Mandatory
EQ00001740,Pipeline Operations,L3,Yes,Preferred
EQ00001741,Permit to Work,L3,No,Mandatory
EQ00001741,Pipeline Operations,L5,Yes,Preferred
EQ00001741,Isolation/LOTO,L5,No,Preferred
EQ00001741,Pressure Testing,L5,Yes,Mandatory
EQ00001741,Valve Maintenance,L4,Yes,Mandatory
EQ00001742,Journey Management,L5,Yes,Preferred
EQ00001742,Vehicle Inspection,L4,Yes,Preferred
EQ00001743,Instrumentation,L3,Yes,Mandatory
EQ00001743,Calibration,L4,No,Preferred
EQ00001744,Permit to Work,L3,No,Mandatory
EQ00001744,Pressure Systems Safety,L3,Yes,Preferred
EQ00001744,Gas Testing,L5,Yes,Preferred
EQ00001744,Process Operations,L4,Yes,Preferred
EQ00001745,Hydrotest Safety,L4,Yes,Mandatory
EQ00001745,Mechanical Inspection,L5,No,Preferred
EQ00001745,Pressure Vessel Safety,L3,Yes,Mandatory
EQ00001745,Isolation/LOTO,L5,Yes,Mandatory
EQ00001745,Permit to Work,L5,Yes,Preferred
EQ00001746,Permit to Work,L5,Yes,Mandatory
EQ00001746,Gas Detection,L4,Yes,Mandatory
EQ00001747,Hot Work,L5,No,Mandatory
EQ00001747,Machine Tool Operation,L4,No,Mandatory
EQ00001748,Pressure Vessel Safety,L3,Yes,Mandatory
EQ00001748,Isolation/LOTO,L4,No,Mandatory
EQ00001749,Mechanical Inspection,L5,Yes,Mandatory
EQ00001749,Isolation/LOTO,L3,No,Preferred
EQ00001750,Isolation/LOTO,L5,No,Preferred
EQ00001750,Mechanical Inspection,L3,Yes,Mandatory
EQ00001750,Pressure Vessel Safety,L4,Yes,Mandatory
EQ00001750,Hydrotest Safety,L4,No,Preferred
EQ00001750,Permit to Work,L3,Yes,Preferred
EQ00001751,Valve Maintenance,L3,Yes,Mandatory
EQ00001751,Pipeline Operations,L3,Yes,Mandatory
EQ00001751,Pressure Testing,L5,Yes,Mandatory
EQ00001751,Isolation/LOTO,L4,Yes,Mandatory
EQ00001751,Permit to Work,L4,No,Mandatory
EQ00001752,Instrumentation,L4,No,Preferred
EQ00001752,Control Systems,L3,No,Preferred
EQ00001753,LOTO,L5,No,Mandatory
EQ00001753,Drilling Operations,L4,Yes,Preferred
EQ00001753,Well Control,L4,No,Mandatory
EQ00001753,Rig Floor Safety,L5,Yes,Mandatory
EQ00001753,Permit to Work,L5,Yes,Mandatory
EQ00001754,Hot Work,L5,Yes,Mandatory
EQ00001754,Machine Tool Operation,L5,No,Mandatory
EQ00001755,Permit to Work,L5,No,Mandatory
EQ00001755,Pressure Systems Safety,L3,No,Mandatory
EQ00001756,Mechanical Inspection,L4,No,Mandatory
EQ00001756,Pressure Vessel Safety,L5,Yes,Preferred
EQ00001756,Hydrotest Safety,L5,Yes,Mandatory
EQ00001756,Permit to Work,L5,Yes,Mandatory
EQ00001757,Mechanical Inspection,L3,Yes,Mandatory
EQ00001757,Pressure Vessel Safety,L5,Yes,Mandatory
EQ00001757,Hydrotest Safety,L4,No,Mandatory
EQ00001757,Permit to Work,L3,Yes,Mandatory
EQ00001757,Isolation/LOTO,L4,No,Preferred
EQ00001758,Control Systems,L4,No,Mandatory
EQ00001758,Instrumentation,L4,Yes,Mandatory
EQ00001758,SIS/ESD,L3,Yes,Preferred
EQ00001758,Calibration,L3,No,Mandatory
EQ00001758,LOTO,L4,Yes,Preferred
EQ00001759,Pressure Systems Safety,L3,Yes,Preferred
EQ00001759,Process Operations,L5,Yes,Mandatory
EQ00001760,Switchgear Operation,L4,Yes,Mandatory
EQ00001760,Motor Maintenance,L5,No,Mandatory
EQ00001760,Electrical Safety,L4,No,Preferred
EQ00001760,Electrical Isolation/LOTO,L4,No,Mandatory
EQ00001760,Arc Flash Awareness,L3,Yes,Mandatory
EQ00001761,Pipeline Operations,L5,No,Mandatory
EQ00001761,Permit to Work,L4,No,Mandatory
EQ00001761,Pressure Testing,L5,Yes,Preferred
EQ00001762,Gas Detection,L4,Yes,Mandatory
EQ00001762,Fire Fighting,L5,Yes,Mandatory
EQ00001762,Permit to Work,L4,Yes,Preferred
EQ00001762,Fire Water Systems,L3,No,Preferred
EQ00001762,Emergency Response,L5,No,Mandatory
EQ00001763,Environmental Monitoring,L4,Yes,Preferred
EQ00001763,Process Safety,L5,Yes,Preferred
EQ00001763,Wastewater Operations,L4,Yes,Preferred
EQ00001763,Chemical Handling,L4,Yes,Mandatory
EQ00001764,Motor Maintenance,L3,Yes,Preferred
EQ00001764,Electrical Safety,L5,Yes,Preferred
EQ00001764,Arc Flash Awareness,L4,Yes,Preferred
EQ00001764,Switchgear Operation,L4,No,Preferred
EQ00001764,Electrical Isolation/LOTO,L4,No,Preferred
EQ00001765,Electrical Safety,L5,Yes,Mandatory
EQ00001765,Switchgear Operation,L3,Yes,Mandatory
EQ00001766,Calibration,L3,No,Mandatory
EQ00001766,Control Systems,L4,No,Mandatory
EQ00001766,SIS/ESD,L3,No,Mandatory
EQ00001767,Hydrotest Safety,L3,No,Mandatory
EQ00001767,Pressure Vessel Safety,L5,Yes,Mandatory
EQ00001767,Mechanical Inspection,L4,Yes,Mandatory
EQ00001767,Isolation/LOTO,L4,Yes,Mandatory
EQ00001768,Hazardous Material Transport,L3,No,Mandatory
EQ00001768,Vehicle Inspection,L4,Yes,Mandatory
EQ00001769,Wastewater Operations,L4,No,Mandatory
EQ00001769,Environmental Monitoring,L3,No,Mandatory
EQ00001769,Chemical Handling,L3,Yes,Mandatory
EQ00001769,Process Safety,L3,Yes,Mandatory
EQ00001770,Gas Testing,L3,Yes,Mandatory
EQ00001770,Pressure Systems Safety,L3,Yes,Mandatory
EQ00001771,Valve Maintenance,L5,No,Preferred
EQ00001771,Isolation/LOTO,L4,Yes,Mandatory
EQ00001771,Permit to Work,L5,Yes,Mandatory
EQ00001771,Pipeline Operations,L3,No,Mandatory
EQ00001772,Rig Floor Safety,L5,Yes,Preferred
EQ00001772,Drilling Operations,L3,Yes,Mandatory
EQ00001772,Permit to Work,L5,No,Mandatory
EQ00001772,Line of Fire Awareness,L5,Yes,Mandatory
EQ00001773,SIS/ESD,L3,No,Preferred
EQ00001773,Instrumentation,L3,No,Mandatory
EQ00001773,Control Systems,L3,No,Preferred
EQ00001773,LOTO,L5,No,Mandatory
EQ00001774,Well Control,L5,No,Mandatory
EQ00001774,Drilling Operations,L5,Yes,Mandatory
EQ00001774,LOTO,L5,Yes,Preferred
EQ00001775,Pump Maintenance,L4,No,Preferred
EQ00001775,Alignment,L4,No,Mandatory
EQ00001775,LOTO,L3,Yes,Mandatory
EQ00001776,Motor Maintenance,L3,No,Mandatory
EQ00001776,Arc Flash Awareness,L3,Yes,Preferred
EQ00001776,Electrical Safety,L5,Yes,Mandatory
EQ00001776,Switchgear Operation,L3,No,Preferred
EQ00001776,Electrical Isolation/LOTO,L5,Yes,Mandatory
EQ00001777,Rig Floor Safety,L5,Yes,Preferred
EQ00001777,Well Control,L3,Yes,Preferred
EQ00001777,Permit to Work,L5,Yes,Mandatory
EQ00001778,Isolation/LOTO,L3,Yes,Mandatory
EQ00001778,Pressure Vessel Safety,L3,Yes,Mandatory
EQ00001779,Hydrotest Safety,L5,Yes,Mandatory
EQ00001779,Permit to Work,L3,Yes,Mandatory
EQ00001780,Calibration,L3,Yes,Mandatory
EQ00001780,SIS/ESD,L5,Yes,Mandatory
EQ00001781,Mechanical Inspection,L3,Yes,Preferred
EQ00001781,Isolation/LOTO,L3,Yes,Mandatory
EQ00001781,Pressure Vessel Safety,L4,No,Mandatory
EQ00001781,Permit to Work,L3,Yes,Preferred
EQ00001781,Hydrotest Safety,L3,Yes,Preferred
EQ00001782,Journey Management,L5,Yes,Mandatory
EQ00001782,Hazardous Material Transport,L4,Yes,Mandatory
EQ00001783,Motor Maintenance,L3,Yes,Mandatory
EQ00001783,Arc Flash Awareness,L5,Yes,Mandatory
EQ00001783,Electrical Isolation/LOTO,L5,Yes,Mandatory
EQ00001783,Electrical Safety,L5,Yes,Preferred
EQ00001784,Permit to Work,L3,Yes,Mandatory
EQ00001784,Process Isolation,L3,No,Preferred
EQ00001784,Pressure Systems Safety,L4,Yes,Preferred
EQ00001784,Gas Testing,L3,No,Mandatory
EQ00001784,Process Operations,L5,Yes,Mandatory
EQ00001785,Switchgear Operation,L5,Yes,Mandatory
EQ00001785,Electrical Safety,L4,Yes,Preferred
EQ00001785,Arc Flash Awareness,L4,Yes,Mandatory
EQ00001786,Machine Tool Operation,L4,Yes,Preferred
EQ00001786,LOTO,L5,Yes,Mandatory
EQ00001786,Workshop Safety,L4,Yes,Mandatory
EQ00001787,LOTO,L5,Yes,Mandatory
EQ00001787,SIS/ESD,L4,No,Preferred
EQ00001788,Line of Fire Awareness,L3,Yes,Mandatory
EQ00001788,Lifting Gear Inspection,L4,Yes,Preferred
EQ00001788,Rigging,L3,Yes,Mandatory
EQ00001789,Mechanical Inspection,L3,Yes,Mandatory
EQ00001789,Isolation/LOTO,L4,Yes,Mandatory
EQ00001789,Permit to Work,L3,Yes,Mandatory
EQ00001790,Welding Safety,L4,No,Preferred
EQ00001790,Workshop Safety,L5,Yes,Mandatory
EQ00001790,Hot Work,L4,Yes,Mandatory
EQ00001790,Machine Tool Operation,L4,No,Mandatory
EQ00001790,LOTO,L3,Yes,Preferred
EQ00001791,Line of Fire Awareness,L5,No,Mandatory
EQ00001791,Lifting Gear Inspection,L3,No,Mandatory
EQ00001792,Instrumentation,L5,Yes,Mandatory
EQ00001792,Control Systems,L5,Yes,Preferred
EQ00001792,Calibration,L4,Yes,Mandatory
EQ00001792,LOTO,L5,No,Mandatory
EQ00001793,Lifting Operations,L3,No,Preferred
EQ00001793,Rigging,L3,Yes,Preferred
EQ00001793,Line of Fire Awareness,L4,Yes,Mandatory
EQ00001794,Defensive Driving,L3,Yes,Mandatory
EQ00001794,Vehicle Inspection,L5,No,Preferred
EQ00001794,Journey Management,L4,No,Preferred
EQ00001794,Hazardous Material Transport,L3,Yes,Mandatory
EQ00001795,Calibration,L4,Yes,Mandatory
EQ00001795,SIS/ESD,L5,Yes,Mandatory
EQ00001795,Instrumentation,L5,Yes,Mandatory
EQ00001796,Mechanical Inspection,L4,Yes,Preferred
EQ00001796,Pressure Vessel Safety,L3,Yes,Preferred
EQ00001796,Hydrotest Safety,L5,Yes,Preferred
EQ00001796,Isolation/LOTO,L5,No,Mandatory
EQ00001797,Pipeline Operations,L3,No,Preferred
EQ00001797,Isolation/LOTO,L5,Yes,Mandatory
EQ00001797,Permit to Work,L5,Yes,Mandatory
EQ00001797,Pressure Testing,L3,No,Preferred
EQ00001798,Valve Maintenance,L5,Yes,Mandatory
EQ00001798,Permit to Work,L5,Yes,Preferred
EQ00001798,Pressure Testing,L5,Yes,Mandatory
EQ00001798,Pipeline Operations,L4,No,Preferred
EQ00001799,Calibration,L4,Yes,Preferred
EQ00001799,Instrumentation,L3,Yes,Mandatory
EQ00001800,Rig Floor Safety,L5,Yes,Mandatory
EQ00001800,Drilling Operations,L4,Yes,Mandatory
EQ00001800,LOTO,L5,Yes,Mandatory
EQ00001800,Permit to Work,L4,Yes,Mandatory
EQ00001801,Valve Maintenance,L4,Yes,Mandatory
EQ00001801,Permit to Work,L5,Yes,Mandatory
EQ00001801,Pressure Testing,L3,Yes,Mandatory
EQ00001801,Pipeline Operations,L3,Yes,Mandatory
EQ00001801,Isolation/LOTO,L4,Yes,Mandatory
EQ00001802,Workshop Safety,L4,No,Preferred
EQ00001802,Welding Safety,L5,No,Mandatory
EQ00001802,Machine Tool Operation,L4,No,Mandatory
EQ00001802,LOTO,L4,No,Mandatory
EQ00001802,Hot Work,L4,Yes,Preferred
EQ00001803,Process Operations,L5,No,Preferred
EQ00001803,Process Isolation,L4,Yes,Preferred
EQ00001803,Gas Testing,L5,Yes,Mandatory
EQ00001803,Pressure Systems Safety,L4,No,Mandatory
EQ00001804,Switchgear Operation,L4,Yes,Preferred
EQ00001804,Electrical Isolation/LOTO,L5,No,Mandatory
EQ00001804,Arc Flash Awareness,L5,Yes,Mandatory
EQ00001805,Permit to Work,L4,No,Mandatory
EQ00001805,Emergency Response,L3,Yes,Preferred
EQ00001805,Fire Fighting,L4,No,Mandatory
EQ00001805,Fire Water Systems,L5,No,Mandatory
EQ00001805,Gas Detection,L5,No,Mandatory
EQ00001806,Permit to Work,L3,No,Mandatory
EQ00001806,Isolation/LOTO,L4,Yes,Mandatory
EQ00001807,Gas Testing,L3,Yes,Preferred
EQ00001807,Process Operations,L5,No,Mandatory
EQ00001807,Process Isolation,L3,Yes,Mandatory
EQ00001807,Permit to Work,L3,Yes,Preferred
EQ00001807,Pressure Systems Safety,L5,Yes,Preferred
EQ00001808,Drilling Operations,L4,Yes,Mandatory
EQ00001808,Well Control,L3,Yes,Mandatory
EQ00001809,Electrical Safety,L5,No,Preferred
EQ00001809,Electrical Isolation/LOTO,L5,Yes,Mandatory
EQ00001809,Motor Maintenance,L5,Yes,Mandatory
EQ00001809,Switchgear Operation,L4,Yes,Preferred
EQ00001810,Rig Floor Safety,L3,No,Mandatory
EQ00001810,Well Control,L4,No,Mandatory
EQ00001810,LOTO,L4,Yes,Mandatory
EQ00001810,Permit to Work,L3,Yes,Mandatory
EQ00001810,Line of Fire Awareness,L3,Yes,Preferred
EQ00001811,Vehicle Inspection,L4,Yes,Mandatory
EQ00001811,Defensive Driving,L3,Yes,Mandatory
EQ00001811,Journey Management,L3,No,Mandatory
EQ00001811,Hazardous Material Transport,L3,No,Mandatory
EQ00001812,Pressure Vessel Safety,L4,Yes,Mandatory
EQ00001812,Isolation/LOTO,L4,Yes,Mandatory
EQ00001812,Hydrotest Safety,L5,Yes,Mandatory
EQ00001812,Mechanical Inspection,L5,Yes,Preferred
EQ00001812,Permit to Work,L4,No,Mandatory
EQ00001813,Permit to Work,L3,Yes,Mandatory
EQ00001813,Process Operations,L5,Yes,Mandatory
EQ00001814,Rig Floor Safety,L3,Yes,Preferred
EQ00001814,Drilling Operations,L5,No,Mandatory
EQ00001814,Line of Fire Awareness,L4,Yes,Mandatory
EQ00001815,Switchgear Operation,L4,Yes,Mandatory
EQ00001815,Motor Maintenance,L4,No,Preferred
EQ00001815,Electrical Isolation/LOTO,L3,Yes,Preferred
EQ00001815,Arc Flash Awareness,L5,Yes,Preferred
EQ00001815,Electrical Safety,L5,No,Mandatory
EQ00001816,LOTO,L4,Yes,Mandatory
EQ00001816,Instrumentation,L4,Yes,Mandatory
EQ00001816,Control Systems,L5,No,Preferred
EQ00001816,SIS/ESD,L3,Yes,Mandatory
EQ00001817,Well Control,L4,Yes,Preferred
EQ00001817,Permit to Work,L3,No,Mandatory
EQ00001818,Motor Maintenance,L4,Yes,Mandatory
EQ00001818,Arc Flash Awareness,L4,No,Mandatory
EQ00001819,Permit to Work,L3,Yes,Preferred
EQ00001819,Emergency Response,L3,No,Mandatory
EQ00001819,Fire Fighting,L4,No,Mandatory
EQ00001819,Gas Detection,L5,Yes,Mandatory
EQ00001819,Fire Water Systems,L4,Yes,Mandatory
EQ00001820,Crane Operation,L5,No,Mandatory
EQ00001820,Rigging,L5,Yes,Preferred
EQ00001820,Lifting Gear Inspection,L3,No,Preferred
EQ00001821,Isolation/LOTO,L4,Yes,Mandatory
EQ00001821,Pressure Vessel Safety,L3,No,Mandatory
EQ00001821,Hydrotest Safety,L4,Yes,Preferred
EQ00001822,Control Systems,L3,No,Mandatory
EQ00001822,SIS/ESD,L4,No,Mandatory
EQ00001822,LOTO,L5,No,Mandatory
EQ00001823,Drilling Operations,L4,Yes,Preferred
EQ00001823,Line of Fire Awareness,L4,Yes,Preferred
EQ00001823,Permit to Work,L3,No,Mandatory
EQ00001823,LOTO,L5,Yes,Mandatory
EQ00001823,Rig Floor Safety,L3,Yes,Preferred
EQ00001824,Well Control,L4,Yes,Mandatory
EQ00001824,Line of Fire Awareness,L5,No,Mandatory
EQ00001825,Permit to Work,L5,Yes,Mandatory
EQ00001825,Emergency Response,L5,Yes,Preferred
EQ00001825,Fire Fighting,L5,Yes,Preferred
EQ00001826,Pressure Systems Safety,L4,Yes,Mandatory
EQ00001826,Permit to Work,L5,No,Mandatory
EQ00001827,Process Isolation,L4,Yes,Preferred
EQ00001827,Process Operations,L3,Yes,Mandatory
EQ00001827,Gas Testing,L3,No,Mandatory
EQ00001827,Permit to Work,L3,Yes,Mandatory
EQ00001828,Alignment,L5,No,Mandatory
EQ00001828,LOTO,L4,Yes,Preferred
EQ00001828,Lubrication,L3,No,Mandatory
EQ00001828,Pump Maintenance,L3,Yes,Mandatory
EQ00001828,Vibration Monitoring,L5,Yes,Mandatory
EQ00001829,Pressure Systems Safety,L3,Yes,Preferred
EQ00001829,Process Isolation,L5,Yes,Mandatory
EQ00001829,Gas Testing,L4,Yes,Preferred
EQ00001829,Process Operations,L5,Yes,Preferred
EQ00001829,Permit to Work,L4,No,Mandatory
EQ00001830,Rig Floor Safety,L5,Yes,Preferred
EQ00001830,Permit to Work,L5,No,Preferred
EQ00001830,LOTO,L5,Yes,Mandatory
EQ00001830,Drilling Operations,L3,No,Preferred
EQ00001831,Line of Fire Awareness,L3,Yes,Mandatory
EQ00001831,Drilling Operations,L5,Yes,Mandatory
EQ00001831,LOTO,L4,No,Preferred
EQ00001831,Well Control,L4,Yes,Mandatory
EQ00001832,Process Safety,L3,Yes,Mandatory
EQ00001832,Environmental Monitoring,L3,Yes,Mandatory
EQ00001832,Wastewater Operations,L3,Yes,Mandatory
EQ00001832,Chemical Handling,L5,No,Preferred
EQ00001833,Switchgear Operation,L5,Yes,Mandatory
EQ00001833,Arc Flash Awareness,L3,No,Mandatory
EQ00001833,Electrical Safety,L3,Yes,Mandatory
EQ00001833,Electrical Isolation/LOTO,L5,Yes,Mandatory
EQ00001833,Motor Maintenance,L5,Yes,Mandatory
EQ00001834,Hazardous Material Transport,L3,Yes,Mandatory
EQ00001834,Journey Management,L4,Yes,Mandatory
EQ00001834,Defensive Driving,L5,Yes,Mandatory
EQ00001834,Vehicle Inspection,L5,No,Mandatory
EQ00001835,Electrical Safety,L5,Yes,Mandatory
EQ00001835,Arc Flash Awareness,L5,Yes,Mandatory
EQ00001835,Switchgear Operation,L5,No,Mandatory
EQ00001835,Electrical Isolation/LOTO,L4,Yes,Mandatory
EQ00001836,Pressure Testing,L3,Yes,Preferred
EQ00001836,Valve Maintenance,L5,No,Mandatory
EQ00001836,Isolation/LOTO,L5,Yes,Mandatory
EQ00001836,Pipeline Operations,L3,No,Mandatory
EQ00001836,Permit to Work,L5,Yes,Mandatory
EQ00001837,Process Isolation,L4,Yes,Preferred
EQ00001837,Permit to Work,L3,No,Mandatory
EQ00001837,Gas Testing,L3,Yes,Mandatory
EQ00001837,Pressure Systems Safety,L3,No,Mandatory
EQ00001838,Line of Fire Awareness,L4,Yes,Mandatory
EQ00001838,Well Control,L3,Yes,Mandatory
EQ00001839,LOTO,L3,Yes,Mandatory
EQ00001839,Rig Floor Safety,L3,Yes,Mandatory
EQ00001839,Well Control,L3,No,Mandatory
EQ00001840,LOTO,L5,No,Mandatory
EQ00001840,Instrumentation,L3,Yes,Preferred
EQ00001840,Control Systems,L3,Yes,Preferred
EQ00001840,SIS/ESD,L5,Yes,Mandatory
EQ00001841,Rig Floor Safety,L5,Yes,Preferred
EQ00001841,LOTO,L5,Yes,Mandatory
EQ00001841,Permit to Work,L3,Yes,Preferred
EQ00001841,Drilling Operations,L3,Yes,Preferred
EQ00001841,Line of Fire Awareness,L3,Yes,Preferred
EQ00001842,Pipeline Operations,L4,No,Mandatory
EQ00001842,Valve Maintenance,L5,Yes,Mandatory
EQ00001842,Pressure Testing,L3,No,Mandatory
EQ00001842,Isolation/LOTO,L4,No,Preferred
EQ00001842,Permit to Work,L4,Yes,Mandatory
EQ00001843,Arc Flash Awareness,L3,Yes,Preferred
EQ00001843,Switchgear Operation,L5,Yes,Preferred
EQ00001843,Motor Maintenance,L3,No,Mandatory
EQ00001843,Electrical Safety,L3,Yes,Preferred
EQ00001843,Electrical Isolation/LOTO,L4,No,Mandatory
EQ00001844,Permit to Work,L3,Yes,Mandatory
EQ00001844,Pressure Vessel Safety,L5,Yes,Mandatory
EQ00001844,Mechanical Inspection,L4,No,Mandatory
EQ00001844,Isolation/LOTO,L3,No,Mandatory
EQ00001844,Hydrotest Safety,L4,No,Preferred
EQ00001845,Journey Management,L4,No,Mandatory
EQ00001845,Vehicle Inspection,L4,No,Mandatory
EQ00001845,Defensive Driving,L4,Yes,Preferred
EQ00001845,Hazardous Material Transport,L5,No,Mandatory
EQ00001846,Valve Maintenance,L3,Yes,Mandatory
EQ00001846,Isolation/LOTO,L3,No,Mandatory
EQ00001846,Pipeline Operations,L5,Yes,Preferred
EQ00001846,Permit to Work,L5,No,Mandatory
EQ00001847,Alignment,L4,No,Mandatory
EQ00001847,Pump Maintenance,L5,No,Preferred
EQ00001848,Permit to Work,L5,Yes,Mandatory
EQ00001848,Rig Floor Safety,L4,Yes,Preferred
EQ00001849,Isolation/LOTO,L4,Yes,Mandatory
EQ00001849,Pressure Vessel Safety,L5,No,Preferred
EQ00001849,Hydrotest Safety,L4,No,Preferred
EQ00001850,Permit to Work,L5,Yes,Mandatory
EQ00001850,Gas Detection,L3,Yes,Mandatory
EQ00001850,Fire Water Systems,L4,Yes,Preferred
EQ00001851,Permit to Work,L4,No,Mandatory
EQ00001851,Line of Fire Awareness,L3,No,Mandatory
EQ00001852,Environmental Monitoring,L4,Yes,Preferred
EQ00001852,Chemical Handling,L3,Yes,Mandatory
EQ00001852,Wastewater Operations,L5,No,Mandatory
EQ00001852,Process Safety,L4,Yes,Mandatory
EQ00001853,Vibration Monitoring,L5,Yes,Mandatory
EQ00001853,Lubrication,L3,Yes,Preferred
EQ00001854,Vibration Monitoring,L5,Yes,Mandatory
EQ00001854,LOTO,L4,No,Preferred
EQ00001854,Rotating Equipment,L4,Yes,Mandatory
EQ00001854,Pump Maintenance,L4,Yes,Preferred
EQ00001855,Switchgear Operation,L4,Yes,Preferred
EQ00001855,Electrical Safety,L5,Yes,Mandatory
EQ00001855,Motor Maintenance,L4,Yes,Preferred
EQ00001856,Control Systems,L3,No,Mandatory
EQ00001856,SIS/ESD,L5,Yes,Mandatory
EQ00001856,Instrumentation,L5,Yes,Preferred
EQ00001856,LOTO,L4,Yes,Preferred
EQ00001857,Instrumentation,L3,Yes,Preferred
EQ00001857,SIS/ESD,L4,Yes,Preferred
EQ00001857,Calibration,L4,Yes,Mandatory
EQ00001857,Control Systems,L3,No,Mandatory
EQ00001857,LOTO,L5,Yes,Mandatory
EQ00001858,Lifting Operations,L3,Yes,Mandatory
EQ00001858,Lifting Gear Inspection,L3,Yes,Preferred
EQ00001859,Valve Maintenance,L5,Yes,Preferred
EQ00001859,Isolation/LOTO,L5,Yes,Preferred
EQ00001859,Pressure Testing,L4,Yes,Mandatory
EQ00001859,Permit to Work,L4,No,Preferred
EQ00001859,Pipeline Operations,L3,Yes,Preferred
EQ00001860,Drilling Operations,L3,Yes,Preferred
EQ00001860,Rig Floor Safety,L3,Yes,Mandatory
EQ00001860,Permit to Work,L4,No,Mandatory
EQ00001861,Pressure Vessel Safety,L5,Yes,Preferred
EQ00001861,Mechanical Inspection,L5,No,Mandatory
EQ00001861,Hydrotest Safety,L4,No,Mandatory
EQ00001861,Isolation/LOTO,L3,No,Mandatory
EQ00001862,Instrumentation,L3,Yes,Mandatory
EQ00001862,LOTO,L4,Yes,Mandatory
EQ00001862,Calibration,L5,Yes,Mandatory
EQ00001863,Gas Detection,L3,No,Mandatory
EQ00001863,Emergency Response,L4,Yes,Mandatory
EQ00001864,Lubrication,L4,Yes,Mandatory
EQ00001864,Vibration Monitoring,L5,No,Mandatory
EQ00001864,Pump Maintenance,L5,Yes,Mandatory
EQ00001865,Process Operations,L3,No,Preferred
EQ00001865,Process Isolation,L4,Yes,Mandatory
EQ00001865,Permit to Work,L4,Yes,Mandatory
EQ00001866,Mechanical Inspection,L3,Yes,Mandatory
EQ00001866,Hydrotest Safety,L5,Yes,Mandatory
EQ00001867,Process Safety,L4,Yes,Preferred
EQ00001867,Chemical Handling,L4,Yes,Mandatory
EQ00001867,Environmental Monitoring,L4,No,Mandatory
EQ00001867,Wastewater Operations,L3,No,Mandatory
EQ00001868,Drilling Operations,L3,Yes,Mandatory
EQ00001868,Permit to Work,L5,No,Mandatory
EQ00001868,LOTO,L4,Yes,Mandatory
EQ00001868,Well Control,L5,Yes,Mandatory
EQ00001869,Gas Testing,L4,Yes,Mandatory
EQ00001869,Pressure Systems Safety,L4,No,Mandatory
EQ00001870,Lifting Operations,L5,Yes,Mandatory
EQ00001870,Rigging,L5,Yes,Preferred
EQ00001870,Crane Operation,L3,Yes,Mandatory
EQ00001871,Hazardous Material Transport,L4,No,Mandatory
EQ00001871,Journey Management,L5,Yes,Mandatory
EQ00001871,Defensive Driving,L5,No,Preferred
EQ00001871,Vehicle Inspection,L4,No,Mandatory
EQ00001872,Control Systems,L3,Yes,Preferred
EQ00001872,Calibration,L4,Yes,Mandatory
EQ00001873,Welding Safety,L5,No,Mandatory
EQ00001873,Machine Tool Operation,L4,No,Mandatory
EQ00001873,Hot Work,L3,Yes,Preferred
EQ00001873,LOTO,L4,No,Preferred
EQ00001874,Lifting Operations,L5,No,Mandatory
EQ00001874,Rigging,L3,Yes,Mandatory
EQ00001874,Line of Fire Awareness,L4,No,Mandatory
EQ00001874,Crane Operation,L4,No,Preferred
EQ00001874,Lifting Gear Inspection,L5,Yes,Preferred
EQ00001875,Process Operations,L5,No,Preferred
EQ00001875,Process Isolation,L3,No,Mandatory
EQ00001875,Permit to Work,L5,Yes,Mandatory
EQ00001875,Pressure Systems Safety,L5,Yes,Mandatory
EQ00001875,Gas Testing,L3,Yes,Mandatory
EQ00001876,Fire Water Systems,L4,Yes,Mandatory
EQ00001876,Permit to Work,L5,No,Mandatory
EQ00001876,Gas Detection,L4,No,Mandatory
EQ00001876,Fire Fighting,L3,Yes,Mandatory
EQ00001876,Emergency Response,L5,Yes,Mandatory
EQ00001877,Permit to Work,L3,No,Mandatory
EQ00001877,Rig Floor Safety,L3,Yes,Preferred
EQ00001877,Line of Fire Awareness,L4,No,Mandatory
EQ00001877,Drilling Operations,L4,Yes,Preferred
EQ00001878,Gas Testing,L3,Yes,Preferred
EQ00001878,Pressure Systems Safety,L5,No,Mandatory
EQ00001878,Permit to Work,L4,Yes,Mandatory
EQ00001878,Process Operations,L3,Yes,Mandatory
EQ00001879,Crane Operation,L3,Yes,Mandatory
EQ00001879,Lifting Gear Inspection,L5,No,Mandatory
EQ00001879,Line of Fire Awareness,L4,Yes,Mandatory
EQ00001879,Rigging,L5,Yes,Preferred
EQ00001880,Instrumentation,L4,Yes,Mandatory
EQ00001880,SIS/ESD,L4,Yes,Preferred
EQ00001880,LOTO,L3,Yes,Mandatory
EQ00001880,Control Systems,L4,No,Preferred
EQ00001880,Calibration,L4,No,Mandatory
EQ00001881,Pressure Vessel Safety,L4,Yes,Preferred
EQ00001881,Hydrotest Safety,L3,Yes,Mandatory
EQ00001881,Isolation/LOTO,L5,No,Mandatory
EQ00001881,Mechanical Inspection,L3,Yes,Preferred
EQ00001881,Permit to Work,L5,No,Mandatory
EQ00001882,LOTO,L4,No,Mandatory
EQ00001882,Rig Floor Safety,L5,Yes,Mandatory
EQ00001882,Line of Fire Awareness,L3,Yes,Mandatory
EQ00001882,Drilling Operations,L4,Yes,Mandatory
EQ00001882,Permit to Work,L3,No,Preferred
EQ00001883,Permit to Work,L5,No,Mandatory
EQ00001883,Gas Testing,L5,Yes,Mandatory
EQ00001883,Pressure Systems Safety,L3,No,Mandatory
EQ00001883,Process Isolation,L4,Yes,Preferred
EQ00001884,Motor Maintenance,L3,Yes,Mandatory
EQ00001884,Electrical Safety,L4,No,Mandatory
EQ00001884,Switchgear Operation,L5,Yes,Mandatory
EQ00001884,Arc Flash Awareness,L4,Yes,Mandatory
EQ00001885,Lubrication,L3,No,Mandatory
EQ00001885,Vibration Monitoring,L5,No,Preferred
EQ00001885,Rotating Equipment,L4,No,Preferred
EQ00001885,LOTO,L4,Yes,Preferred
EQ00001886,Workshop Safety,L4,No,Mandatory
EQ00001886,LOTO,L4,No,Preferred
EQ00001886,Hot Work,L5,Yes,Preferred
EQ00001886,Welding Safety,L4,Yes,Preferred
EQ00001886,Machine Tool Operation,L4,No,Mandatory
EQ00001887,Line of Fire Awareness,L5,No,Mandatory
EQ00001887,Drilling Operations,L3,Yes,Mandatory
EQ00001887,Permit to Work,L5,Yes,Preferred
EQ00001888,Hydrotest Safety,L5,Yes,Mandatory
EQ00001888,Permit to Work,L5,No,Mandatory
EQ00001888,Mechanical Inspection,L4,Yes,Preferred
EQ00001889,Workshop Safety,L4,Yes,Mandatory
EQ00001889,Hot Work,L3,Yes,Mandatory
EQ00001889,LOTO,L3,Yes,Mandatory
EQ00001889,Welding Safety,L5,Yes,Mandatory
EQ00001889,Machine Tool Operation,L5,No,Mandatory
EQ00001890,Chemical Handling,L5,No,Mandatory
EQ00001890,Wastewater Operations,L4,No,Mandatory
EQ00001890,Environmental Monitoring,L3,Yes,Preferred
EQ00001891,LOTO,L4,Yes,Mandatory
EQ00001891,Well Control,L5,Yes,Preferred
EQ00001891,Line of Fire Awareness,L3,Yes,Mandatory
EQ00001891,Rig Floor Safety,L3,No,Mandatory
EQ00001891,Permit to Work,L3,Yes,Mandatory
EQ00001892,Pressure Systems Safety,L4,No,Mandatory
EQ00001892,Gas Testing,L4,No,Mandatory
EQ00001892,Process Isolation,L5,Yes,Mandatory
EQ00001892,Permit to Work,L3,No,Preferred
EQ00001892,Process Operations,L4,Yes,Mandatory
EQ00001893,Machine Tool Operation,L3,No,Mandatory
EQ00001893,Hot Work,L4,No,Preferred
EQ00001893,Workshop Safety,L4,No,Preferred
EQ00001893,LOTO,L5,No,Preferred
EQ00001893,Welding Safety,L5,Yes,Mandatory
EQ00001894,Switchgear Operation,L4,Yes,Preferred
EQ00001894,Electrical Isolation/LOTO,L3,Yes,Mandatory
EQ00001895,Permit to Work,L4,No,Preferred
EQ00001895,Pipeline Operations,L3,Yes,Mandatory
EQ00001895,Valve Maintenance,L4,Yes,Mandatory
EQ00001895,Pressure Testing,L5,Yes,Mandatory
EQ00001895,Isolation/LOTO,L4,Yes,Mandatory
EQ00001896,LOTO,L4,Yes,Mandatory
EQ00001896,Rotating Equipment,L4,No,Mandatory
EQ00001896,Vibration Monitoring,L4,Yes,Mandatory
EQ00001896,Pump Maintenance,L3,No,Mandatory
EQ00001897,Rig Floor Safety,L4,No,Mandatory
EQ00001897,Permit to Work,L5,Yes,Preferred
EQ00001897,LOTO,L4,No,Preferred
EQ00001897,Drilling Operations,L5,Yes,Preferred
EQ00001898,Wastewater Operations,L3,No,Mandatory
EQ00001898,Environmental Monitoring,L3,Yes,Preferred
EQ00001898,Chemical Handling,L4,No,Preferred
EQ00001898,Process Safety,L5,No,Mandatory
EQ00001899,Line of Fire Awareness,L3,Yes,Preferred
EQ00001899,LOTO,L5,Yes,Mandatory
EQ00001899,Permit to Work,L5,Yes,Preferred
EQ00001900,Calibration,L5,Yes,Preferred
EQ00001900,Instrumentation,L3,Yes,Mandatory
EQ00001900,LOTO,L4,No,Mandatory
EQ00001900,Control Systems,L4,Yes,Preferred
EQ00001901,Switchgear Operation,L5,Yes,Mandatory
EQ00001901,Electrical Safety,L3,Yes,Preferred
EQ00001901,Motor Maintenance,L3,Yes,Mandatory
EQ00001901,Arc Flash Awareness,L3,Yes,Preferred
EQ00001902,Welding Safety,L5,No,Mandatory
EQ00001902,Machine Tool Operation,L3,Yes,Mandatory
EQ00001902,Workshop Safety,L4,Yes,Mandatory
EQ00001902,LOTO,L4,No,Preferred
EQ00001903,Process Isolation,L5,Yes,Mandatory
EQ00001903,Pressure Systems Safety,L5,Yes,Mandatory
EQ00001903,Gas Testing,L3,Yes,Mandatory
EQ00001903,Process Operations,L5,No,Preferred
EQ00001903,Permit to Work,L4,No,Preferred
EQ00001904,Isolation/LOTO,L5,Yes,Mandatory
EQ00001904,Permit to Work,L5,Yes,Mandatory
EQ00001904,Pressure Vessel Safety,L4,No,Mandatory
EQ00001905,Fire Fighting,L4,Yes,Mandatory
EQ00001905,Emergency Response,L3,Yes,Preferred
EQ00001906,Pump Maintenance,L3,No,Mandatory
EQ00001906,Rotating Equipment,L5,Yes,Mandatory
EQ00001906,Vibration Monitoring,L4,Yes,Mandatory
EQ00001906,Lubrication,L5,Yes,Mandatory
EQ00001906,LOTO,L3,No,Mandatory
EQ00001907,Journey Management,L3,No,Mandatory
EQ00001907,Hazardous Material Transport,L5,Yes,Mandatory
EQ00001908,Machine Tool Operation,L3,No,Mandatory
EQ00001908,LOTO,L5,Yes,Mandatory
EQ00001908,Workshop Safety,L3,No,Mandatory
EQ00001908,Welding Safety,L5,Yes,Preferred
EQ00001908,Hot Work,L5,No,Mandatory
EQ00001909,Electrical Isolation/LOTO,L4,Yes,Mandatory
EQ00001909,Arc Flash Awareness,L4,Yes,Mandatory
EQ00001909,Motor Maintenance,L5,No,Mandatory
EQ00001909,Switchgear Operation,L3,Yes,Preferred
EQ00001909,Electrical Safety,L4,No,Mandatory
EQ00001910,Permit to Work,L3,Yes,Preferred
EQ00001910,Pressure Testing,L5,Yes,Mandatory
EQ00001911,Gas Detection,L3,No,Preferred
EQ00001911,Fire Water Systems,L4,No,Mandatory
EQ00001911,Fire Fighting,L5,Yes,Mandatory
EQ00001911,Emergency Response,L4,No,Mandatory
EQ00001912,Permit to Work,L4,No,Mandatory
EQ00001912,Fire Fighting,L3,Yes,Preferred
EQ00001912,Emergency Response,L5,Yes,Preferred
EQ00001913,Hydrotest Safety,L5,No,Preferred
EQ00001913,Isolation/LOTO,L5,No,Mandatory
EQ00001914,Emergency Response,L4,Yes,Mandatory
EQ00001914,Permit to Work,L3,Yes,Mandatory
EQ00001914,Fire Fighting,L4,Yes,Preferred
EQ00001915,Rigging,L4,Yes,Mandatory
EQ00001915,Lifting Operations,L3,No,Mandatory
EQ00001916,Pressure Testing,L3,Yes,Preferred
EQ00001916,Valve Maintenance,L3,Yes,Mandatory
EQ00001916,Isolation/LOTO,L3,No,Mandatory
EQ00001917,LOTO,L5,Yes,Mandatory
EQ00001917,Alignment,L3,Yes,Preferred
EQ00001917,Vibration Monitoring,L3,Yes,Preferred
EQ00001917,Rotating Equipment,L5,Yes,Mandatory
EQ00001917,Lubrication,L5,Yes,Mandatory
EQ00001918,Permit to Work,L3,Yes,Mandatory
EQ00001918,Gas Detection,L5,Yes,Mandatory
EQ00001919,LOTO,L5,Yes,Mandatory
EQ00001919,Control Systems,L5,No,Mandatory
EQ00001920,LOTO,L3,No,Preferred
EQ00001920,Lubrication,L5,Yes,Mandatory
EQ00001920,Alignment,L5,Yes,Mandatory
EQ00001921,Well Control,L3,No,Mandatory
EQ00001921,Permit to Work,L4,Yes,Mandatory
EQ00001921,LOTO,L5,Yes,Preferred
EQ00001921,Rig Floor Safety,L4,No,Preferred
EQ00001922,Emergency Response,L5,Yes,Mandatory
EQ00001922,Fire Water Systems,L4,Yes,Mandatory
EQ00001922,Permit to Work,L5,No,Mandatory
EQ00001922,Gas Detection,L5,No,Preferred
EQ00001923,Rotating Equipment,L3,Yes,Mandatory
EQ00001923,Lubrication,L5,Yes,Preferred
EQ00001923,LOTO,L4,Yes,Preferred
EQ00001923,Vibration Monitoring,L4,No,Mandatory
EQ00001923,Alignment,L5,No,Preferred
EQ00001924,Isolation/LOTO,L3,Yes,Mandatory
EQ00001924,Permit to Work,L4,Yes,Mandatory
EQ00001924,Pressure Testing,L3,No,Preferred
EQ00001924,Valve Maintenance,L4,No,Preferred
EQ00001925,Process Operations,L3,No,Mandatory
EQ00001925,Gas Testing,L3,Yes,Preferred
EQ00001925,Pressure Systems Safety,L3,Yes,Preferred
EQ00001926,Control Systems,L3,Yes,Preferred
EQ00001926,Instrumentation,L5,Yes,Preferred
EQ00001927,Switchgear Operation,L3,Yes,Mandatory
EQ00001927,Motor Maintenance,L4,No,Mandatory
EQ00001927,Electrical Safety,L3,Yes,Preferred
EQ00001927,Electrical Isolation/LOTO,L4,No,Preferred
EQ00001927,Arc Flash Awareness,L5,Yes,Preferred
EQ00001928,Motor Maintenance,L3,Yes,Mandatory
EQ00001928,Arc Flash Awareness,L4,Yes,Preferred
EQ00001928,Switchgear Operation,L3,Yes,Preferred
EQ00001929,Process Isolation,L3,Yes,Mandatory
EQ00001929,Gas Testing,L5,Yes,Preferred
EQ00001929,Pressure Systems Safety,L4,Yes,Mandatory
EQ00001930,Instrumentation,L4,No,Preferred
EQ00001930,Calibration,L3,Yes,Mandatory
EQ00001931,Hot Work,L3,No,Mandatory
EQ00001931,Machine Tool Operation,L3,Yes,Mandatory
EQ00001931,LOTO,L4,Yes,Mandatory
EQ00001931,Workshop Safety,L4,Yes,Mandatory
EQ00001931,Welding Safety,L4,Yes,Mandatory
EQ00001932,Fire Fighting,L5,Yes,Mandatory
EQ00001932,Emergency Response,L4,Yes,Mandatory
EQ00001932,Gas Detection,L3,Yes,Mandatory
EQ00001933,Mechanical Inspection,L3,No,Preferred
EQ00001933,Pressure Vessel Safety,L3,Yes,Mandatory
EQ00001933,Hydrotest Safety,L3,No,Preferred
EQ00001934,Control Systems,L4,Yes,Mandatory
EQ00001934,SIS/ESD,L5,Yes,Mandatory
EQ00001934,LOTO,L3,No,Mandatory
EQ00001934,Calibration,L5,Yes,Mandatory
EQ00001935,Rotating Equipment,L3,No,Mandatory
EQ00001935,Pump Maintenance,L4,Yes,Preferred
EQ00001935,LOTO,L3,Yes,Preferred
EQ00001935,Lubrication,L3,Yes,Mandatory
EQ00001935,Vibration Monitoring,L5,Yes,Mandatory
EQ00001936,Vehicle Inspection,L4,No,Mandatory
EQ00001936,Journey Management,L3,No,Preferred
EQ00001936,Hazardous Material Transport,L3,No,Preferred
EQ00001937,Motor Maintenance,L3,Yes,Mandatory
EQ00001937,Electrical Safety,L4,Yes,Preferred
EQ00001937,Electrical Isolation/LOTO,L5,No,Preferred
EQ00001938,Welding Safety,L3,No,Preferred
EQ00001938,LOTO,L4,Yes,Preferred
EQ00001938,Workshop Safety,L4,Yes,Mandatory
EQ00001939,Rigging,L4,Yes,Preferred
EQ00001939,Line of Fire Awareness,L5,No,Mandatory
EQ00001939,Lifting Operations,L4,Yes,Mandatory
EQ00001939,Lifting Gear Inspection,L5,Yes,Mandatory
EQ00001940,Electrical Safety,L4,No,Preferred
EQ00001940,Motor Maintenance,L3,No,Mandatory
EQ00001940,Switchgear Operation,L3,Yes,Preferred
EQ00001940,Electrical Isolation/LOTO,L5,Yes,Preferred
EQ00001940,Arc Flash Awareness,L3,No,Preferred
EQ00001941,Rig Floor Safety,L5,Yes,Mandatory
EQ00001941,Permit to Work,L4,Yes,Mandatory
EQ00001941,Drilling Operations,L4,No,Mandatory
EQ00001941,LOTO,L4,No,Preferred
EQ00001941,Line of Fire Awareness,L4,Yes,Preferred
EQ00001942,Vehicle Inspection,L4,Yes,Mandatory
EQ00001942,Defensive Driving,L4,Yes,Mandatory
EQ00001942,Hazardous Material Transport,L5,No,Mandatory
EQ00001942,Journey Management,L4,No,Mandatory
EQ00001943,Workshop Safety,L5,Yes,Mandatory
EQ00001943,LOTO,L3,Yes,Preferred
EQ00001943,Machine Tool Operation,L3,Yes,Preferred
EQ00001943,Welding Safety,L5,No,Mandatory
EQ00001944,Gas Testing,L4,Yes,Mandatory
EQ00001944,Permit to Work,L5,Yes,Preferred
EQ00001944,Pressure Systems Safety,L4,Yes,Mandatory
EQ00001945,Pressure Systems Safety,L3,No,Preferred
EQ00001945,Process Operations,L3,No,Mandatory
EQ00001945,Process Isolation,L3,Yes,Mandatory
EQ00001946,Permit to Work,L5,Yes,Mandatory
EQ00001946,Valve Maintenance,L4,Yes,Mandatory
EQ00001946,Isolation/LOTO,L3,Yes,Preferred
EQ00001946,Pipeline Operations,L3,No,Preferred
EQ00001946,Pressure Testing,L5,Yes,Preferred
EQ00001947,Instrumentation,L5,No,Mandatory
EQ00001947,LOTO,L3,No,Preferred
EQ00001948,Process Operations,L4,No,Mandatory
EQ00001948,Permit to Work,L4,No,Mandatory
EQ00001948,Process Isolation,L3,No,Mandatory
EQ00001949,Mechanical Inspection,L4,Yes,Preferred
EQ00001949,Hydrotest Safety,L4,No,Mandatory
EQ00001949,Isolation/LOTO,L5,Yes,Mandatory
EQ00001950,LOTO,L3,Yes,Preferred
EQ00001950,Rig Floor Safety,L3,Yes,Mandatory
EQ00001950,Permit to Work,L3,No,Preferred
EQ00001950,Line of Fire Awareness,L5,Yes,Mandatory
EQ00001951,Drilling Operations,L4,Yes,Mandatory
EQ00001951,Line of Fire Awareness,L3,No,Mandatory
EQ00001952,LOTO,L5,Yes,Preferred
EQ00001952,Workshop Safety,L4,Yes,Mandatory
EQ00001952,Welding Safety,L5,Yes,Mandatory
EQ00001953,Lifting Gear Inspection,L5,No,Preferred
EQ00001953,Rigging,L3,Yes,Mandatory
EQ00001953,Line of Fire Awareness,L4,No,Mandatory
EQ00001953,Crane Operation,L5,Yes,Preferred
EQ00001954,Valve Maintenance,L3,No,Mandatory
EQ00001954,Pipeline Operations,L3,No,Mandatory
EQ00001954,Isolation/LOTO,L5,Yes,Mandatory
EQ00001954,Permit to Work,L3,Yes,Mandatory
EQ00001955,Rigging,L4,No,Mandatory
EQ00001955,Lifting Operations,L3,Yes,Mandatory
EQ00001956,Pressure Systems Safety,L3,Yes,Mandatory
EQ00001956,Process Operations,L3,No,Mandatory
EQ00001956,Process Isolation,L4,No,Mandatory
EQ00001956,Gas Testing,L4,Yes,Mandatory
EQ00001956,Permit to Work,L5,Yes,Mandatory
EQ00001957,Permit to Work,L4,Yes,Mandatory
EQ00001957,Mechanical Inspection,L3,Yes,Mandatory
EQ00001957,Hydrotest Safety,L4,Yes,Preferred
EQ00001957,Pressure Vessel Safety,L3,Yes,Mandatory
EQ00001958,Permit to Work,L5,Yes,Preferred
EQ00001958,Mechanical Inspection,L3,No,Mandatory
EQ00001958,Hydrotest Safety,L5,No,Mandatory
EQ00001958,Pressure Vessel Safety,L5,No,Mandatory
EQ00001959,LOTO,L3,Yes,Mandatory
EQ00001959,Line of Fire Awareness,L4,Yes,Preferred
EQ00001960,Switchgear Operation,L4,Yes,Mandatory
EQ00001960,Arc Flash Awareness,L4,No,Mandatory
EQ00001960,Electrical Isolation/LOTO,L3,Yes,Mandatory
EQ00001960,Motor Maintenance,L5,Yes,Preferred
EQ00001960,Electrical Safety,L3,Yes,Mandatory
EQ00001961,Pipeline Operations,L4,Yes,Mandatory
EQ00001961,Pressure Testing,L4,Yes,Mandatory
EQ00001961,Valve Maintenance,L5,No,Mandatory
EQ00001961,Permit to Work,L3,No,Preferred
EQ00001961,Isolation/LOTO,L4,Yes,Preferred
EQ00001962,Permit to Work,L4,No,Mandatory
EQ00001962,Drilling Operations,L3,No,Preferred
EQ00001962,Well Control,L5,Yes,Mandatory
EQ00001963,Fire Water Systems,L3,Yes,Mandatory
EQ00001963,Fire Fighting,L5,Yes,Mandatory
EQ00001964,Emergency Response,L5,No,Mandatory
EQ00001964,Fire Fighting,L3,Yes,Preferred
EQ00001964,Fire Water Systems,L3,Yes,Mandatory
EQ00001964,Gas Detection,L4,No,Mandatory
EQ00001965,Switchgear Operation,L5,Yes,Preferred
EQ00001965,Electrical Safety,L5,Yes,Mandatory
EQ00001965,Motor Maintenance,L3,Yes,Preferred
EQ00001965,Arc Flash Awareness,L3,Yes,Preferred
EQ00001966,Workshop Safety,L4,Yes,Preferred
EQ00001966,LOTO,L3,Yes,Mandatory
EQ00001967,SIS/ESD,L4,No,Mandatory
EQ00001967,Control Systems,L3,No,Mandatory
EQ00001967,Calibration,L5,No,Mandatory
EQ00001967,Instrumentation,L4,Yes,Mandatory
EQ00001968,Instrumentation,L5,No,Preferred
EQ00001968,LOTO,L3,Yes,Preferred
EQ00001968,Calibration,L4,Yes,Preferred
EQ00001969,Motor Maintenance,L5,Yes,Mandatory
EQ00001969,Switchgear Operation,L4,Yes,Mandatory
EQ00001969,Electrical Isolation/LOTO,L3,Yes,Preferred
EQ00001969,Arc Flash Awareness,L3,Yes,Mandatory
EQ00001969,Electrical Safety,L3,Yes,Mandatory
EQ00001970,Rotating Equipment,L5,No,Mandatory
EQ00001970,Vibration Monitoring,L3,Yes,Preferred
EQ00001971,Hot Work,L5,Yes,Mandatory
EQ00001971,Workshop Safety,L5,Yes,Preferred
EQ00001972,LOTO,L3,No,Preferred
EQ00001972,Drilling Operations,L3,No,Mandatory
EQ00001972,Permit to Work,L4,No,Preferred
EQ00001972,Well Control,L3,Yes,Mandatory
EQ00001973,Hazardous Material Transport,L5,No,Mandatory
EQ00001973,Journey Management,L4,Yes,Preferred
EQ00001974,Vibration Monitoring,L4,Yes,Mandatory
EQ00001974,Pump Maintenance,L3,Yes,Preferred
EQ00001974,LOTO,L5,Yes,Preferred
EQ00001975,Vibration Monitoring,L3,Yes,Preferred
EQ00001975,Rotating Equipment,L4,No,Mandatory
EQ00001975,Pump Maintenance,L3,Yes,Mandatory
EQ00001975,Alignment,L5,No,Mandatory
EQ00001976,Vibration Monitoring,L4,Yes,Mandatory
EQ00001976,Pump Maintenance,L5,No,Mandatory
EQ00001976,Rotating Equipment,L5,Yes,Mandatory
EQ00001976,Alignment,L4,Yes,Preferred
EQ00001976,Lubrication,L4,No,Mandatory
EQ00001977,Process Isolation,L3,Yes,Preferred
EQ00001977,Permit to Work,L3,Yes,Mandatory
EQ00001978,Electrical Safety,L5,Yes,Preferred
EQ00001978,Motor Maintenance,L3,Yes,Preferred
EQ00001978,Switchgear Operation,L3,Yes,Preferred
EQ00001978,Arc Flash Awareness,L3,Yes,Preferred
EQ00001978,Electrical Isolation/LOTO,L3,Yes,Preferred
EQ00001979,LOTO,L3,Yes,Mandatory
EQ00001979,Workshop Safety,L4,Yes,Preferred
EQ00001979,Welding Safety,L5,Yes,Mandatory
EQ00001979,Machine Tool Operation,L5,Yes,Mandatory
EQ00001979,Hot Work,L5,Yes,Mandatory
EQ00001980,Line of Fire Awareness,L3,Yes,Mandatory
EQ00001980,Drilling Operations,L4,Yes,Mandatory
EQ00001980,LOTO,L5,Yes,Preferred
EQ00001980,Permit to Work,L4,Yes,Mandatory
EQ00001980,Well Control,L5,Yes,Mandatory
EQ00001981,LOTO,L4,Yes,Mandatory
EQ00001981,Drilling Operations,L5,Yes,Mandatory
EQ00001981,Rig Floor Safety,L5,Yes,Mandatory
EQ00001981,Line of Fire Awareness,L5,No,Preferred
EQ00001981,Permit to Work,L5,Yes,Mandatory
EQ00001982,Hot Work,L5,Yes,Mandatory
EQ00001982,LOTO,L3,No,Mandatory
EQ00001982,Welding Safety,L4,No,Mandatory
EQ00001982,Machine Tool Operation,L3,Yes,Mandatory
EQ00001983,Hydrotest Safety,L4,Yes,Mandatory
EQ00001983,Isolation/LOTO,L3,Yes,Mandatory
EQ00001983,Pressure Vessel Safety,L4,Yes,Mandatory
EQ00001983,Mechanical Inspection,L5,Yes,Preferred
EQ00001984,Welding Safety,L3,Yes,Mandatory
EQ00001984,Hot Work,L4,Yes,Mandatory
EQ00001984,Machine Tool Operation,L5,No,Mandatory
EQ00001985,Lifting Gear Inspection,L3,No,Mandatory
EQ00001985,Lifting Operations,L4,Yes,Mandatory
EQ00001986,Drilling Operations,L5,Yes,Mandatory
EQ00001986,Rig Floor Safety,L4,No,Mandatory
EQ00001986,Line of Fire Awareness,L4,No,Mandatory
EQ00001987,Line of Fire Awareness,L4,No,Preferred
EQ00001987,Lifting Operations,L5,Yes,Mandatory
EQ00001987,Rigging,L4,Yes,Preferred
EQ00001987,Lifting Gear Inspection,L3,No,Preferred
EQ00001987,Crane Operation,L3,No,Mandatory
EQ00001988,Crane Operation,L5,Yes,Mandatory
EQ00001988,Lifting Operations,L3,No,Preferred
EQ00001989,Electrical Isolation/LOTO,L5,No,Mandatory
EQ00001989,Switchgear Operation,L3,No,Mandatory
EQ00001989,Electrical Safety,L4,No,Preferred
EQ00001989,Motor Maintenance,L3,Yes,Mandatory
EQ00001990,Process Operations,L4,No,Preferred
EQ00001990,Process Isolation,L4,No,Mandatory
EQ00001990,Pressure Systems Safety,L5,Yes,Mandatory
EQ00001990,Permit to Work,L4,No,Mandatory
EQ00001990,Gas Testing,L5,Yes,Mandatory
EQ00001991,Hot Work,L3,No,Preferred
EQ00001991,Welding Safety,L3,Yes,Mandatory
EQ00001992,Pressure Testing,L5,No,Preferred
EQ00001992,Valve Maintenance,L3,No,Mandatory
EQ00001992,Pipeline Operations,L3,No,Preferred
EQ00001992,Permit to Work,L4,Yes,Preferred
EQ00001993,Instrumentation,L5,Yes,Mandatory
EQ00001993,LOTO,L4,Yes,Mandatory
EQ00001993,Control Systems,L4,Yes,Preferred
EQ00001993,Calibration,L3,Yes,Mandatory
EQ00001993,SIS/ESD,L4,Yes,Mandatory
EQ00001994,Well Control,L3,Yes,Mandatory
EQ00001994,Rig Floor Safety,L3,Yes,Mandatory
EQ00001994,Drilling Operations,L3,Yes,Mandatory
EQ00001994,LOTO,L4,Yes,Mandatory
EQ00001994,Permit to Work,L4,No,Preferred
EQ00001995,Lifting Gear Inspection,L4,Yes,Preferred
EQ00001995,Rigging,L4,Yes,Mandatory
EQ00001995,Lifting Operations,L4,Yes,Mandatory
EQ00001995,Line of Fire Awareness,L5,Yes,Mandatory
EQ00001995,Crane Operation,L5,Yes,Mandatory
EQ00001996,Hydrotest Safety,L3,Yes,Preferred
EQ00001996,Isolation/LOTO,L5,No,Mandatory
EQ00001996,Permit to Work,L4,No,Mandatory
EQ00001997,Vibration Monitoring,L5,Yes,Preferred
EQ00001997,Lubrication,L3,Yes,Mandatory
EQ00001997,Alignment,L4,No,Mandatory
EQ00001997,Rotating Equipment,L5,Yes,Mandatory
EQ00001997,Pump Maintenance,L5,No,Mandatory
EQ00001998,Journey Management,L5,No,Mandatory
EQ00001998,Hazardous Material Transport,L3,Yes,Mandatory
EQ00001999,Environmental Monitoring,L5,No,Mandatory
EQ00001999,Wastewater Operations,L4,No,Mandatory
EQ00002000,Process Isolation,L4,Yes,Mandatory
EQ00002000,Gas Testing,L4,No,Mandatory
EQ00002001,Journey Management,L5,Yes,Mandatory
EQ00002001,Hazardous Material Transport,L4,Yes,Mandatory
EQ00002001,Defensive Driving,L3,No,Preferred
EQ00002001,Vehicle Inspection,L3,No,Mandatory
EQ00002002,Permit to Work,L5,Yes,Mandatory
EQ00002002,Mechanical Inspection,L5,No,Mandatory
EQ00002002,Hydrotest Safety,L5,No,Mandatory
EQ00002002,Pressure Vessel Safety,L3,Yes,Mandatory
EQ00002003,Well Control,L3,Yes,Preferred
EQ00002003,Line of Fire Awareness,L4,Yes,Mandatory
EQ00002003,LOTO,L3,Yes,Mandatory
EQ00002003,Permit to Work,L5,No,Mandatory
EQ00002004,Drilling Operations,L3,No,Preferred
EQ00002004,Line of Fire Awareness,L3,Yes,Mandatory
EQ00002005,Hydrotest Safety,L3,No,Mandatory
EQ00002005,Pressure Vessel Safety,L5,Yes,Preferred
EQ00002005,Isolation/LOTO,L5,Yes,Mandatory
EQ00002006,Pressure Systems Safety,L4,No,Preferred
EQ00002006,Gas Testing,L4,Yes,Preferred
EQ00002006,Permit to Work,L4,Yes,Mandatory
EQ00002007,Machine Tool Operation,L3,Yes,Preferred
EQ00002007,Hot Work,L5,Yes,Mandatory
EQ00002007,Workshop Safety,L4,No,Mandatory
EQ00002008,Vibration Monitoring,L4,Yes,Mandatory
EQ00002008,LOTO,L5,Yes,Preferred
EQ00002008,Pump Maintenance,L4,Yes,Mandatory
EQ00002008,Rotating Equipment,L4,Yes,Mandatory
EQ00002009,Permit to Work,L3,Yes,Mandatory
EQ00002009,Process Isolation,L4,Yes,Mandatory
EQ00002009,Process Operations,L3,Yes,Mandatory
EQ00002009,Gas Testing,L5,No,Mandatory
EQ00002010,Workshop Safety,L5,Yes,Preferred
EQ00002010,Hot Work,L5,No,Preferred
EQ00002010,Welding Safety,L3,Yes,Mandatory
EQ00002010,LOTO,L3,Yes,Preferred
EQ00002011,Pump Maintenance,L4,No,Mandatory
EQ00002011,Lubrication,L3,No,Mandatory
EQ00002011,Vibration Monitoring,L3,No,Mandatory
EQ00002011,Rotating Equipment,L5,Yes,Preferred
EQ00002011,Alignment,L3,Yes,Mandatory
EQ00002012,LOTO,L5,Yes,Preferred
EQ00002012,Lubrication,L5,Yes,Preferred
EQ00002012,Rotating Equipment,L5,No,Mandatory
EQ00002012,Alignment,L3,Yes,Mandatory
EQ00002013,Calibration,L4,No,Mandatory
EQ00002013,SIS/ESD,L5,Yes,Mandatory
EQ00002014,Electrical Isolation/LOTO,L5,Yes,Mandatory
EQ00002014,Arc Flash Awareness,L4,Yes,Mandatory
EQ00002014,Switchgear Operation,L3,Yes,Mandatory
EQ00002015,Machine Tool Operation,L5,No,Mandatory
EQ00002015,Welding Safety,L5,Yes,Preferred
EQ00002016,Drilling Operations,L5,No,Preferred
EQ00002016,Well Control,L5,Yes,Preferred
EQ00002016,Rig Floor Safety,L3,Yes,Mandatory
EQ00002016,LOTO,L5,Yes,Mandatory
EQ00002016,Permit to Work,L3,Yes,Preferred
EQ00002017,Process Operations,L5,No,Preferred
EQ00002017,Permit to Work,L3,Yes,Mandatory
EQ00002017,Pressure Systems Safety,L4,No,Mandatory
EQ00002017,Gas Testing,L3,No,Preferred
EQ00002017,Process Isolation,L3,No,Mandatory
EQ00002018,Drilling Operations,L3,No,Mandatory
EQ00002018,LOTO,L4,Yes,Mandatory
EQ00002018,Well Control,L4,No,Mandatory
EQ00002018,Permit to Work,L4,No,Mandatory
EQ00002019,Crane Operation,L3,No,Preferred
EQ00002019,Rigging,L4,Yes,Preferred
EQ00002019,Lifting Gear Inspection,L3,No,Mandatory
EQ00002019,Lifting Operations,L5,Yes,Preferred
EQ00002019,Line of Fire Awareness,L3,No,Mandatory
EQ00002020,Fire Fighting,L3,Yes,Mandatory
EQ00002020,Gas Detection,L4,Yes,Preferred
EQ00002020,Permit to Work,L5,No,Mandatory
EQ00002021,Arc Flash Awareness,L3,Yes,Mandatory
EQ00002021,Electrical Safety,L5,Yes,Mandatory
EQ00002021,Motor Maintenance,L5,No,Preferred
EQ00002021,Electrical Isolation/LOTO,L3,Yes,Mandatory
EQ00002021,Switchgear Operation,L4,Yes,Preferred
EQ00002022,Pipeline Operations,L3,Yes,Mandatory
EQ00002022,Valve Maintenance,L5,Yes,Mandatory
EQ00002022,Pressure Testing,L3,No,Preferred
EQ00002022,Permit to Work,L3,Yes,Mandatory
EQ00002022,Isolation/LOTO,L4,Yes,Mandatory
EQ00002023,Permit to Work,L5,Yes,Preferred
EQ00002023,Fire Fighting,L4,Yes,Mandatory
EQ00002023,Fire Water Systems,L4,Yes,Preferred
EQ00002024,Journey Management,L3,No,Mandatory
EQ00002024,Vehicle Inspection,L5,Yes,Mandatory
EQ00002024,Defensive Driving,L4,No,Preferred
EQ00002025,Instrumentation,L5,Yes,Preferred
EQ00002025,LOTO,L3,Yes,Mandatory
EQ00002025,Calibration,L5,Yes,Mandatory
EQ00002025,SIS/ESD,L3,No,Mandatory
EQ00002026,Well Control,L4,Yes,Preferred
EQ00002026,LOTO,L4,No,Mandatory
EQ00002026,Rig Floor Safety,L4,No,Preferred
EQ00002026,Permit to Work,L3,Yes,Mandatory
EQ00002027,Hazardous Material Transport,L3,Yes,Preferred
EQ00002027,Journey Management,L3,Yes,Mandatory
EQ00002027,Defensive Driving,L5,Yes,Preferred
EQ00002028,Permit to Work,L5,No,Preferred
EQ00002028,Emergency Response,L4,No,Mandatory
EQ00002028,Fire Water Systems,L4,Yes,Mandatory
EQ00002029,Well Control,L3,Yes,Mandatory
EQ00002029,Line of Fire Awareness,L3,Yes,Mandatory
EQ00002029,Rig Floor Safety,L3,No,Mandatory
EQ00002030,Gas Testing,L4,No,Mandatory
EQ00002030,Process Operations,L3,Yes,Mandatory
EQ00002030,Pressure Systems Safety,L4,Yes,Mandatory
EQ00002030,Permit to Work,L3,No,Mandatory
EQ00002031,Welding Safety,L4,No,Mandatory
EQ00002031,Hot Work,L3,No,Mandatory
EQ00002031,Machine Tool Operation,L4,Yes,Mandatory
EQ00002031,Workshop Safety,L4,Yes,Preferred
EQ00002031,LOTO,L3,No,Preferred
EQ00002032,Workshop Safety,L3,Yes,Mandatory
EQ00002032,LOTO,L3,No,Preferred
EQ00002032,Welding Safety,L5,Yes,Preferred
EQ00002032,Machine Tool Operation,L5,Yes,Mandatory
EQ00002033,Fire Fighting,L4,No,Preferred
EQ00002033,Fire Water Systems,L3,No,Preferred
EQ00002033,Permit to Work,L3,Yes,Preferred
EQ00002033,Emergency Response,L3,No,Mandatory
EQ00002034,Gas Testing,L5,No,Mandatory
EQ00002034,Process Operations,L4,Yes,Mandatory
EQ00002034,Pressure Systems Safety,L3,Yes,Mandatory
EQ00002034,Permit to Work,L5,Yes,Mandatory
EQ00002035,Pump Maintenance,L3,Yes,Preferred
EQ00002035,Alignment,L5,Yes,Mandatory
EQ00002035,Vibration Monitoring,L3,Yes,Mandatory
EQ00002035,Rotating Equipment,L5,No,Preferred
EQ00002036,Process Operations,L5,Yes,Mandatory
EQ00002036,Gas Testing,L4,Yes,Mandatory
EQ00002037,Lubrication,L5,No,Mandatory
EQ00002037,Rotating Equipment,L5,No,Mandatory
EQ00002037,Alignment,L3,Yes,Mandatory
EQ00002037,Vibration Monitoring,L3,Yes,Mandatory
EQ00002038,Process Operations,L5,Yes,Preferred
EQ00002038,Permit to Work,L3,Yes,Mandatory
EQ00002038,Pressure Systems Safety,L3,Yes,Mandatory
EQ00002039,Pressure Vessel Safety,L4,Yes,Mandatory
EQ00002039,Isolation/LOTO,L4,Yes,Mandatory
EQ00002040,LOTO,L5,Yes,Preferred
EQ00002040,Workshop Safety,L3,No,Mandatory
EQ00002041,Line of Fire Awareness,L4,Yes,Preferred
EQ00002041,Rig Floor Safety,L4,Yes,Preferred
EQ00002042,Control Systems,L3,No,Preferred
EQ00002042,SIS/ESD,L3,Yes,Mandatory
EQ00002042,Calibration,L4,No,Mandatory
EQ00002042,LOTO,L3,Yes,Preferred
EQ00002043,Defensive Driving,L5,No,Preferred
EQ00002043,Hazardous Material Transport,L3,Yes,Preferred
EQ00002043,Journey Management,L5,No,Mandatory
EQ00002043,Vehicle Inspection,L5,Yes,Preferred
EQ00002044,Gas Detection,L3,Yes,Mandatory
EQ00002044,Fire Water Systems,L5,No,Preferred
EQ00002044,Fire Fighting,L4,Yes,Mandatory
EQ00002045,Welding Safety,L4,Yes,Mandatory
EQ00002045,Machine Tool Operation,L5,Yes,Mandatory
EQ00002046,Permit to Work,L3,Yes,Preferred
EQ00002046,Gas Testing,L5,Yes,Preferred
EQ00002046,Process Isolation,L3,No,Preferred
EQ00002047,Rig Floor Safety,L3,No,Mandatory
EQ00002047,Permit to Work,L5,No,Mandatory
EQ00002047,LOTO,L4,No,Mandatory
EQ00002047,Drilling Operations,L4,Yes,Mandatory
EQ00002048,Permit to Work,L3,No,Preferred
EQ00002048,Valve Maintenance,L3,No,Mandatory
EQ00002048,Pipeline Operations,L3,Yes,Preferred
EQ00002048,Isolation/LOTO,L4,No,Mandatory
EQ00002048,Pressure Testing,L5,Yes,Preferred
EQ00002049,Machine Tool Operation,L3,Yes,Mandatory
EQ00002049,LOTO,L5,Yes,Mandatory
EQ00002049,Welding Safety,L5,Yes,Mandatory
EQ00002049,Hot Work,L4,Yes,Mandatory
EQ00002050,Permit to Work,L5,Yes,Mandatory
EQ00002050,Isolation/LOTO,L3,Yes,Mandatory
EQ00002051,Mechanical Inspection,L3,No,Mandatory
EQ00002051,Isolation/LOTO,L4,No,Preferred
EQ00002051,Permit to Work,L4,Yes,Mandatory
EQ00002051,Hydrotest Safety,L4,No,Preferred
EQ00002051,Pressure Vessel Safety,L4,Yes,Preferred
EQ00002052,Isolation/LOTO,L5,Yes,Preferred
EQ00002052,Valve Maintenance,L4,Yes,Mandatory
EQ00002052,Permit to Work,L5,Yes,Mandatory
EQ00002053,Process Operations,L4,Yes,Mandatory
EQ00002053,Gas Testing,L3,No,Preferred
EQ00002054,Electrical Isolation/LOTO,L3,No,Mandatory
EQ00002054,Switchgear Operation,L4,No,Mandatory
EQ00002055,LOTO,L5,Yes,Mandatory
EQ00002055,Well Control,L4,No,Mandatory
EQ00002055,Rig Floor Safety,L3,Yes,Mandatory
EQ00002055,Drilling Operations,L4,No,Preferred
EQ00002055,Line of Fire Awareness,L5,Yes,Mandatory
EQ00002056,Pressure Vessel Safety,L3,Yes,Mandatory
EQ00002056,Hydrotest Safety,L3,Yes,Preferred
EQ00002056,Isolation/LOTO,L4,Yes,Mandatory
EQ00002056,Permit to Work,L3,Yes,Mandatory
EQ00002056,Mechanical Inspection,L3,Yes,Mandatory
EQ00002057,Electrical Safety,L4,Yes,Mandatory
EQ00002057,Switchgear Operation,L5,Yes,Preferred
EQ00002057,Electrical Isolation/LOTO,L3,Yes,Preferred
EQ00002057,Motor Maintenance,L5,Yes,Preferred
EQ00002058,Isolation/LOTO,L5,Yes,Mandatory
EQ00002058,Hydrotest Safety,L5,Yes,Preferred
EQ00002058,Permit to Work,L4,No,Mandatory
EQ00002059,Gas Testing,L3,Yes,Mandatory
EQ00002059,Permit to Work,L5,Yes,Mandatory
EQ00002059,Process Isolation,L3,No,Mandatory
EQ00002059,Pressure Systems Safety,L4,Yes,Mandatory
EQ00002059,Process Operations,L3,Yes,Mandatory
EQ00002060,Lifting Operations,L5,Yes,Preferred
EQ00002060,Lifting Gear Inspection,L4,No,Preferred
EQ00002060,Line of Fire Awareness,L3,No,Mandatory
EQ00002060,Rigging,L3,Yes,Preferred
EQ00002060,Crane Operation,L5,No,Mandatory
EQ00002061,Process Operations,L3,No,Mandatory
EQ00002061,Pressure Systems Safety,L4,Yes,Mandatory
EQ00002062,Valve Maintenance,L3,Yes,Preferred
EQ00002062,Isolation/LOTO,L5,Yes,Preferred
EQ00002062,Permit to Work,L4,No,Mandatory
EQ00002063,Process Operations,L4,No,Preferred
EQ00002063,Pressure Systems Safety,L3,Yes,Mandatory
EQ00002063,Gas Testing,L3,Yes,Mandatory
EQ00002063,Permit to Work,L5,Yes,Preferred
EQ00002063,Process Isolation,L4,Yes,Preferred
EQ00002064,Electrical Isolation/LOTO,L5,No,Mandatory
EQ00002064,Arc Flash Awareness,L5,Yes,Mandatory
EQ00002064,Motor Maintenance,L3,Yes,Mandatory
EQ00002065,Permit to Work,L5,No,Preferred
EQ00002065,Rig Floor Safety,L3,Yes,Mandatory
EQ00002066,Fire Water Systems,L5,Yes,Preferred
EQ00002066,Fire Fighting,L4,Yes,Mandatory
EQ00002066,Emergency Response,L4,No,Preferred
EQ00002067,Motor Maintenance,L5,Yes,Preferred
EQ00002067,Switchgear Operation,L5,No,Mandatory
EQ00002067,Electrical Safety,L4,Yes,Mandatory
EQ00002068,Pressure Vessel Safety,L5,No,Mandatory
EQ00002068,Hydrotest Safety,L3,Yes,Preferred
EQ00002068,Isolation/LOTO,L5,Yes,Mandatory
EQ00002068,Permit to Work,L4,No,Mandatory
EQ00002069,Permit to Work,L5,No,Mandatory
EQ00002069,Fire Fighting,L4,Yes,Mandatory
EQ00002069,Fire Water Systems,L3,Yes,Mandatory
EQ00002069,Emergency Response,L4,No,Mandatory
EQ00002070,Line of Fire Awareness,L5,Yes,Mandatory
EQ00002070,Lifting Operations,L3,Yes,Preferred
EQ00002070,Crane Operation,L5,Yes,Mandatory
EQ00002071,LOTO,L5,Yes,Mandatory
EQ00002071,Drilling Operations,L3,Yes,Mandatory
EQ00002071,Line of Fire Awareness,L3,No,Mandatory
EQ00002071,Rig Floor Safety,L4,No,Preferred
EQ00002071,Well Control,L5,No,Preferred
EQ00002072,Machine Tool Operation,L3,No,Mandatory
EQ00002072,LOTO,L4,No,Mandatory
EQ00002072,Welding Safety,L5,No,Preferred
EQ00002072,Hot Work,L5,Yes,Preferred
EQ00002073,SIS/ESD,L4,Yes,Mandatory
EQ00002073,Calibration,L5,No,Mandatory
EQ00002074,Lubrication,L4,No,Preferred
EQ00002074,LOTO,L4,Yes,Mandatory
EQ00002075,Defensive Driving,L4,Yes,Preferred
EQ00002075,Hazardous Material Transport,L4,Yes,Mandatory
EQ00002076,SIS/ESD,L5,Yes,Mandatory
EQ00002076,LOTO,L4,Yes,Mandatory
EQ00002076,Instrumentation,L5,Yes,Mandatory
EQ00002076,Control Systems,L4,Yes,Mandatory
EQ00002076,Calibration,L4,Yes,Mandatory
EQ00002077,Process Operations,L5,No,Preferred
EQ00002077,Process Isolation,L4,No,Mandatory
EQ00002077,Permit to Work,L4,Yes,Preferred
EQ00002077,Pressure Systems Safety,L5,Yes,Mandatory
EQ00002077,Gas Testing,L3,No,Mandatory
EQ00002078,Electrical Safety,L3,Yes,Mandatory
EQ00002078,Switchgear Operation,L4,Yes,Preferred
EQ00002078,Electrical Isolation/LOTO,L3,Yes,Mandatory
EQ00002079,Calibration,L5,Yes,Mandatory
EQ00002079,Instrumentation,L5,Yes,Mandatory
EQ00002079,Control Systems,L3,No,Mandatory
EQ00002079,SIS/ESD,L3,No,Mandatory
EQ00002079,LOTO,L4,Yes,Preferred
EQ00002080,Welding Safety,L3,Yes,Mandatory
EQ00002080,Hot Work,L5,Yes,Mandatory
EQ00002081,Switchgear Operation,L5,No,Preferred
EQ00002081,Electrical Safety,L4,Yes,Mandatory
EQ00002082,Workshop Safety,L3,No,Preferred
EQ00002082,Hot Work,L3,Yes,Mandatory
EQ00002083,Calibration,L5,Yes,Mandatory
EQ00002083,Instrumentation,L5,Yes,Preferred
EQ00002083,Control Systems,L4,No,Mandatory
EQ00002084,Pressure Systems Safety,L4,Yes,Mandatory
EQ00002084,Process Isolation,L3,Yes,Mandatory
EQ00002084,Process Operations,L5,Yes,Preferred
EQ00002084,Gas Testing,L4,No,Mandatory
EQ00002085,Gas Testing,L5,No,Preferred
EQ00002085,Process Isolation,L4,No,Preferred
EQ00002086,Drilling Operations,L5,Yes,Preferred
EQ00002086,Line of Fire Awareness,L5,Yes,Mandatory
EQ00002086,Rig Floor Safety,L3,No,Preferred
EQ00002087,Chemical Handling,L4,Yes,Mandatory
EQ00002087,Wastewater Operations,L4,Yes,Mandatory
EQ00002088,Hazardous Material Transport,L5,Yes,Mandatory
EQ00002088,Vehicle Inspection,L4,Yes,Mandatory
EQ00002088,Defensive Driving,L5,Yes,Preferred
EQ00002089,Environmental Monitoring,L3,Yes,Mandatory
EQ00002089,Process Safety,L5,Yes,Mandatory
EQ00002090,Line of Fire Awareness,L3,Yes,Preferred
EQ00002090,Permit to Work,L3,No,Mandatory
EQ00002090,Well Control,L5,Yes,Mandatory
EQ00002090,LOTO,L4,No,Preferred
EQ00002091,Electrical Isolation/LOTO,L4,Yes,Preferred
EQ00002091,Motor Maintenance,L3,No,Mandatory
EQ00002091,Electrical Safety,L4,No,Preferred
EQ00002091,Switchgear Operation,L4,Yes,Mandatory
EQ00002092,Welding Safety,L3,Yes,Mandatory
EQ00002092,LOTO,L4,Yes,Preferred
EQ00002092,Workshop Safety,L5,Yes,Mandatory
EQ00002092,Hot Work,L3,Yes,Mandatory
EQ00002092,Machine Tool Operation,L4,No,Mandatory
EQ00002093,LOTO,L4,Yes,Mandatory
EQ00002093,Rig Floor Safety,L4,No,Mandatory
EQ00002093,Drilling Operations,L5,No,Mandatory
EQ00002093,Permit to Work,L4,Yes,Preferred
EQ00002093,Well Control,L3,Yes,Preferred
EQ00002094,Lubrication,L3,No,Mandatory
EQ00002094,Rotating Equipment,L4,No,Preferred
EQ00002094,Pump Maintenance,L3,Yes,Mandatory
EQ00002095,Permit to Work,L3,No,Mandatory
EQ00002095,Well Control,L4,No,Mandatory
EQ00002095,Line of Fire Awareness,L4,Yes,Mandatory
EQ00002095,LOTO,L5,Yes,Mandatory
EQ00002095,Drilling Operations,L3,Yes,Preferred
EQ00002096,Permit to Work,L4,Yes,Mandatory
EQ00002096,Rig Floor Safety,L5,Yes,Preferred
EQ00002096,Line of Fire Awareness,L4,Yes,Mandatory
EQ00002096,Drilling Operations,L5,No,Mandatory
EQ00002096,Well Control,L3,No,Preferred
EQ00002097,Line of Fire Awareness,L4,Yes,Mandatory
EQ00002097,Lifting Gear Inspection,L3,Yes,Mandatory
EQ00002097,Crane Operation,L5,No,Mandatory
EQ00002097,Rigging,L4,Yes,Mandatory
EQ00002097,Lifting Operations,L3,Yes,Mandatory
EQ00002098,Mechanical Inspection,L3,No,Preferred
EQ00002098,Pressure Vessel Safety,L3,Yes,Mandatory
EQ00002098,Isolation/LOTO,L3,Yes,Preferred
EQ00002098,Hydrotest Safety,L3,Yes,Preferred
EQ00002099,Fire Water Systems,L3,Yes,Mandatory
EQ00002099,Gas Detection,L4,Yes,Preferred
EQ00002100,Emergency Response,L4,No,Mandatory
EQ00002100,Permit to Work,L5,Yes,Preferred
EQ00002100,Fire Fighting,L3,No,Mandatory
EQ00002100,Gas Detection,L3,Yes,Mandatory
EQ00002101,Rig Floor Safety,L5,Yes,Preferred
EQ00002101,LOTO,L3,Yes,Mandatory
EQ00002101,Well Control,L5,Yes,Preferred
EQ00002101,Drilling Operations,L5,Yes,Preferred
EQ00002102,Well Control,L5,No,Mandatory
EQ00002102,Line of Fire Awareness,L3,Yes,Mandatory
EQ00002103,Pressure Vessel Safety,L5,No,Mandatory
EQ00002103,Mechanical Inspection,L3,Yes,Mandatory
EQ00002103,Isolation/LOTO,L3,No,Mandatory
EQ00002104,LOTO,L4,No,Mandatory
EQ00002104,Permit to Work,L5,No,Preferred
EQ00002104,Rig Floor Safety,L5,Yes,Mandatory
EQ00002104,Line of Fire Awareness,L3,Yes,Mandatory
EQ00002104,Well Control,L3,Yes,Preferred
EQ00002105,Pressure Vessel Safety,L5,Yes,Mandatory
EQ00002105,Mechanical Inspection,L5,Yes,Mandatory
EQ00002105,Hydrotest Safety,L3,Yes,Mandatory
EQ00002105,Permit to Work,L4,Yes,Mandatory
EQ00002105,Isolation/LOTO,L5,Yes,Mandatory
EQ00002106,Line of Fire Awareness,L4,No,Preferred
EQ00002106,Lifting Gear Inspection,L3,Yes,Mandatory
EQ00002107,Workshop Safety,L5,Yes,Mandatory
EQ00002107,LOTO,L5,Yes,Preferred
EQ00002107,Welding Safety,L3,No,Mandatory
EQ00002107,Hot Work,L3,Yes,Preferred
EQ00002108,Lifting Operations,L4,Yes,Mandatory
EQ00002108,Crane Operation,L3,Yes,Mandatory
EQ00002108,Rigging,L3,Yes,Mandatory
EQ00002108,Lifting Gear Inspection,L3,Yes,Preferred
EQ00002109,Electrical Isolation/LOTO,L5,Yes,Mandatory
EQ00002109,Motor Maintenance,L4,Yes,Mandatory
EQ00002109,Electrical Safety,L3,Yes,Mandatory
EQ00002109,Switchgear Operation,L5,Yes,Mandatory
EQ00002109,Arc Flash Awareness,L4,No,Mandatory
EQ00002110,Pressure Vessel Safety,L3,Yes,Mandatory
EQ00002110,Isolation/LOTO,L5,Yes,Mandatory
EQ00002110,Permit to Work,L3,Yes,Mandatory
EQ00002110,Mechanical Inspection,L5,Yes,Preferred
EQ00002110,Hydrotest Safety,L4,No,Mandatory
EQ00002111,Hazardous Material Transport,L3,Yes,Preferred
EQ00002111,Vehicle Inspection,L3,No,Preferred
EQ00002111,Defensive Driving,L4,No,Mandatory
EQ00002111,Journey Management,L4,No,Mandatory
EQ00002112,Hazardous Material Transport,L5,No,Mandatory
EQ00002112,Journey Management,L3,Yes,Mandatory
EQ00002112,Vehicle Inspection,L5,No,Mandatory
EQ00002113,Electrical Isolation/LOTO,L4,Yes,Preferred
EQ00002113,Arc Flash Awareness,L5,Yes,Mandatory
EQ00002113,Motor Maintenance,L4,Yes,Preferred
EQ00002113,Electrical Safety,L4,Yes,Preferred
EQ00002113,Switchgear Operation,L5,No,Preferred
EQ00002114,Machine Tool Operation,L3,No,Preferred
EQ00002114,Hot Work,L3,Yes,Mandatory
EQ00002115,Electrical Safety,L5,No,Preferred
EQ00002115,Switchgear Operation,L3,No,Preferred
EQ00002115,Motor Maintenance,L3,Yes,Mandatory
EQ00002115,Electrical Isolation/LOTO,L3,Yes,Mandatory
EQ00002116,Rig Floor Safety,L5,Yes,Preferred
EQ00002116,Drilling Operations,L3,No,Preferred
EQ00002116,LOTO,L3,No,Mandatory
EQ00002117,Valve Maintenance,L3,Yes,Preferred
EQ00002117,Pipeline Operations,L5,No,Mandatory
EQ00002117,Permit to Work,L4,No,Mandatory
EQ00002117,Isolation/LOTO,L5,Yes,Preferred
EQ00002118,Machine Tool Operation,L3,No,Mandatory
EQ00002118,Hot Work,L5,Yes,Preferred
EQ00002118,LOTO,L4,Yes,Mandatory
EQ00002118,Workshop Safety,L3,No,Mandatory
EQ00002118,Welding Safety,L3,No,Mandatory
EQ00002119,Permit to Work,L5,Yes,Mandatory
EQ00002119,Line of Fire Awareness,L3,Yes,Mandatory
EQ00002119,Drilling Operations,L4,Yes,Mandatory
EQ00002119,Well Control,L4,Yes,Mandatory
EQ00002119,LOTO,L5,Yes,Mandatory
EQ00002120,Lifting Operations,L4,Yes,Mandatory
EQ00002120,Lifting Gear Inspection,L3,No,Preferred
EQ00002120,Rigging,L5,No,Mandatory
EQ00002120,Crane Operation,L5,Yes,Preferred
EQ00002121,Machine Tool Operation,L3,Yes,Mandatory
EQ00002121,LOTO,L3,Yes,Preferred
EQ00002122,Hydrotest Safety,L4,Yes,Preferred
EQ00002122,Permit to Work,L5,No,Mandatory
EQ00002123,Well Control,L3,Yes,Mandatory
EQ00002123,Line of Fire Awareness,L5,Yes,Mandatory
EQ00002123,Rig Floor Safety,L4,No,Mandatory
EQ00002124,Hydrotest Safety,L3,No,Mandatory
EQ00002124,Isolation/LOTO,L5,Yes,Mandatory
EQ00002124,Pressure Vessel Safety,L5,Yes,Preferred
EQ00002125,Lifting Operations,L3,Yes,Mandatory
EQ00002125,Crane Operation,L3,Yes,Mandatory
EQ00002125,Line of Fire Awareness,L3,No,Preferred
EQ00002125,Lifting Gear Inspection,L5,Yes,Preferred
EQ00002126,Calibration,L5,Yes,Mandatory
EQ00002126,Control Systems,L5,Yes,Mandatory
EQ00002126,LOTO,L5,No,Mandatory
EQ00002127,LOTO,L5,Yes,Preferred
EQ00002127,Vibration Monitoring,L3,Yes,Mandatory
EQ00002128,Electrical Safety,L3,Yes,Preferred
EQ00002128,Motor Maintenance,L4,Yes,Preferred
EQ00002129,Well Control,L5,Yes,Preferred
EQ00002129,Rig Floor Safety,L5,Yes,Mandatory
EQ00002130,Pump Maintenance,L4,Yes,Mandatory
EQ00002130,Vibration Monitoring,L4,No,Mandatory
EQ00002130,Alignment,L4,Yes,Mandatory
EQ00002130,Lubrication,L5,Yes,Preferred
EQ00002131,Permit to Work,L5,Yes,Mandatory
EQ00002131,Mechanical Inspection,L4,Yes,Mandatory
EQ00002132,Hazardous Material Transport,L3,Yes,Preferred
EQ00002132,Defensive Driving,L4,Yes,Mandatory
EQ00002133,Permit to Work,L3,No,Mandatory
EQ00002133,Well Control,L3,No,Mandatory
EQ00002134,Lubrication,L3,Yes,Mandatory
EQ00002134,Pump Maintenance,L3,No,Mandatory
EQ00002135,Isolation/LOTO,L3,No,Mandatory
EQ00002135,Permit to Work,L5,Yes,Mandatory
EQ00002136,Pipeline Operations,L3,No,Preferred
EQ00002136,Isolation/LOTO,L4,Yes,Mandatory
EQ00002137,Gas Testing,L5,No,Preferred
EQ00002137,Pressure Systems Safety,L3,No,Mandatory
EQ00002137,Process Isolation,L4,Yes,Preferred
EQ00002138,Well Control,L4,No,Mandatory
EQ00002138,Drilling Operations,L3,Yes,Mandatory
EQ00002139,Rigging,L3,Yes,Mandatory
EQ00002139,Line of Fire Awareness,L3,Yes,Mandatory
EQ00002140,LOTO,L4,Yes,Mandatory
EQ00002140,Well Control,L4,Yes,Mandatory
EQ00002140,Drilling Operations,L4,Yes,Mandatory
EQ00002140,Permit to Work,L5,No,Mandatory
EQ00002141,Pressure Vessel Safety,L3,No,Preferred
EQ00002141,Isolation/LOTO,L3,No,Mandatory
EQ00002141,Mechanical Inspection,L3,No,Mandatory
EQ00002141,Permit to Work,L4,Yes,Preferred
EQ00002142,Line of Fire Awareness,L4,No,Mandatory
EQ00002142,Rig Floor Safety,L3,Yes,Mandatory
EQ00002142,Permit to Work,L4,Yes,Preferred
EQ00002143,Lifting Operations,L3,No,Mandatory
EQ00002143,Line of Fire Awareness,L3,Yes,Preferred
EQ00002143,Lifting Gear Inspection,L3,No,Mandatory
EQ00002143,Rigging,L5,No,Mandatory
EQ00002143,Crane Operation,L3,Yes,Mandatory
EQ00002144,Line of Fire Awareness,L3,No,Mandatory
EQ00002144,Drilling Operations,L5,Yes,Mandatory
EQ00002144,Rig Floor Safety,L3,Yes,Preferred
EQ00002144,LOTO,L5,Yes,Mandatory
EQ00002144,Well Control,L5,Yes,Mandatory
EQ00002145,Fire Fighting,L4,Yes,Mandatory
EQ00002145,Fire Water Systems,L5,Yes,Preferred
EQ00002145,Emergency Response,L3,No,Mandatory
EQ00002145,Gas Detection,L3,Yes,Preferred
EQ00002146,Welding Safety,L4,Yes,Mandatory
EQ00002146,Machine Tool Operation,L5,Yes,Mandatory
EQ00002147,Vibration Monitoring,L3,No,Preferred
EQ00002147,Rotating Equipment,L5,Yes,Preferred
EQ00002148,Well Control,L5,Yes,Mandatory
EQ00002148,LOTO,L4,Yes,Mandatory
EQ00002148,Rig Floor Safety,L3,Yes,Preferred
EQ00002148,Drilling Operations,L3,Yes,Mandatory
EQ00002149,Mechanical Inspection,L3,Yes,Mandatory
EQ00002149,Hydrotest Safety,L3,Yes,Mandatory
EQ00002150,Permit to Work,L3,No,Preferred
EQ00002150,LOTO,L3,Yes,Preferred
EQ00002151,Welding Safety,L4,Yes,Preferred
EQ00002151,Machine Tool Operation,L5,No,Preferred
EQ00002151,Workshop Safety,L5,No,Mandatory
EQ00002151,LOTO,L5,Yes,Preferred
EQ00002152,Permit to Work,L5,Yes,Mandatory
EQ00002152,LOTO,L3,No,Mandatory
EQ00002152,Well Control,L5,Yes,Mandatory
EQ00002152,Line of Fire Awareness,L4,No,Preferred
EQ00002152,Rig Floor Safety,L4,No,Mandatory
EQ00002153,Isolation/LOTO,L3,Yes,Preferred
EQ00002153,Hydrotest Safety,L4,No,Preferred
EQ00002154,Alignment,L4,No,Mandatory
EQ00002154,Rotating Equipment,L4,Yes,Mandatory
EQ00002154,Pump Maintenance,L3,No,Mandatory
EQ00002154,Lubrication,L4,Yes,Mandatory
EQ00002155,Permit to Work,L3,Yes,Preferred
EQ00002155,Gas Testing,L4,Yes,Preferred
EQ00002155,Pressure Systems Safety,L5,Yes,Preferred
EQ00002155,Process Operations,L3,Yes,Mandatory
EQ00002156,Arc Flash Awareness,L4,Yes,Preferred
EQ00002156,Motor Maintenance,L4,Yes,Mandatory
EQ00002156,Electrical Isolation/LOTO,L3,No,Mandatory
EQ00002156,Electrical Safety,L3,Yes,Mandatory
EQ00002157,Hazardous Material Transport,L3,No,Mandatory
EQ00002157,Journey Management,L5,No,Mandatory
EQ00002157,Vehicle Inspection,L4,Yes,Mandatory
EQ00002157,Defensive Driving,L5,No,Mandatory
EQ00002158,Isolation/LOTO,L3,Yes,Mandatory
EQ00002158,Pressure Testing,L4,Yes,Mandatory
EQ00002158,Permit to Work,L5,No,Mandatory
EQ00002158,Pipeline Operations,L3,Yes,Mandatory
EQ00002159,LOTO,L4,Yes,Preferred
EQ00002159,Well Control,L4,Yes,Mandatory
EQ00002160,Hot Work,L5,Yes,Mandatory
EQ00002160,Workshop Safety,L4,Yes,Mandatory
EQ00002161,Electrical Safety,L3,Yes,Preferred
EQ00002161,Arc Flash Awareness,L5,Yes,Preferred
EQ00002161,Switchgear Operation,L4,No,Mandatory
EQ00002161,Motor Maintenance,L4,Yes,Mandatory
EQ00002161,Electrical Isolation/LOTO,L4,Yes,Mandatory
EQ00002162,Pressure Vessel Safety,L4,No,Mandatory
EQ00002162,Isolation/LOTO,L3,Yes,Mandatory
EQ00002162,Hydrotest Safety,L5,Yes,Mandatory
EQ00002163,Electrical Isolation/LOTO,L5,Yes,Mandatory
EQ00002163,Electrical Safety,L4,Yes,Mandatory
EQ00002163,Switchgear Operation,L5,No,Preferred
EQ00002164,Gas Testing,L5,Yes,Preferred
EQ00002164,Process Isolation,L5,Yes,Preferred
EQ00002164,Pressure Systems Safety,L4,Yes,Preferred
EQ00002164,Permit to Work,L3,Yes,Mandatory
EQ00002164,Process Operations,L4,Yes,Mandatory
EQ00002165,Calibration,L5,Yes,Mandatory
EQ00002165,Control Systems,L3,Yes,Mandatory
EQ00002165,LOTO,L5,Yes,Preferred
EQ00002166,Pressure Systems Safety,L4,Yes,Mandatory
EQ00002166,Gas Testing,L3,Yes,Mandatory
EQ00002166,Process Isolation,L4,No,Preferred
EQ00002166,Process Operations,L4,No,Preferred
EQ00002166,Permit to Work,L3,Yes,Mandatory
EQ00002167,Fire Fighting,L5,Yes,Mandatory
EQ00002167,Fire Water Systems,L3,Yes,Mandatory
EQ00002167,Permit to Work,L5,Yes,Mandatory
EQ00002167,Emergency Response,L4,No,Mandatory
EQ00002168,Permit to Work,L3,Yes,Mandatory
EQ00002168,Gas Testing,L5,No,Mandatory
EQ00002169,Pressure Testing,L4,No,Preferred
EQ00002169,Isolation/LOTO,L4,No,Mandatory
EQ00002169,Valve Maintenance,L4,Yes,Mandatory
EQ00002170,Isolation/LOTO,L4,No,Preferred
EQ00002170,Valve Maintenance,L5,No,Mandatory
EQ00002170,Pressure Testing,L3,Yes,Mandatory
EQ00002171,Process Isolation,L4,No,Preferred
EQ00002171,Pressure Systems Safety,L3,No,Preferred
EQ00002171,Process Operations,L3,Yes,Mandatory
EQ00002172,Wastewater Operations,L3,No,Preferred
EQ00002172,Environmental Monitoring,L5,Yes,Mandatory
EQ00002172,Process Safety,L5,Yes,Mandatory
EQ00002172,Chemical Handling,L5,No,Mandatory
EQ00002173,Line of Fire Awareness,L3,Yes,Mandatory
EQ00002173,Rig Floor Safety,L3,Yes,Mandatory
EQ00002173,LOTO,L3,Yes,Mandatory
EQ00002173,Permit to Work,L4,Yes,Preferred
EQ00002173,Drilling Operations,L3,No,Preferred
EQ00002174,Electrical Safety,L3,No,Mandatory
EQ00002174,Motor Maintenance,L3,Yes,Preferred
EQ00002174,Switchgear Operation,L3,Yes,Preferred
EQ00002175,Welding Safety,L4,Yes,Mandatory
EQ00002175,Machine Tool Operation,L3,Yes,Mandatory
EQ00002175,Hot Work,L5,Yes,Preferred
EQ00002175,Workshop Safety,L3,Yes,Mandatory
EQ00002176,Arc Flash Awareness,L4,No,Mandatory
EQ00002176,Switchgear Operation,L4,Yes,Mandatory
EQ00002176,Electrical Safety,L3,Yes,Mandatory
EQ00002176,Electrical Isolation/LOTO,L4,No,Mandatory
EQ00002177,Well Control,L5,No,Mandatory
EQ00002177,LOTO,L3,No,Mandatory
EQ00002178,Arc Flash Awareness,L4,Yes,Mandatory
EQ00002178,Motor Maintenance,L5,Yes,Mandatory
EQ00002178,Switchgear Operation,L4,Yes,Mandatory
EQ00002178,Electrical Isolation/LOTO,L5,Yes,Mandatory
EQ00002178,Electrical Safety,L4,Yes,Preferred
EQ00002179,Pressure Testing,L5,Yes,Preferred
EQ00002179,Isolation/LOTO,L4,Yes,Mandatory
EQ00002179,Pipeline Operations,L5,Yes,Mandatory
EQ00002179,Valve Maintenance,L5,Yes,Preferred
EQ00002180,Welding Safety,L4,No,Mandatory
EQ00002180,Workshop Safety,L3,Yes,Preferred
EQ00002180,LOTO,L5,Yes,Mandatory
EQ00002181,Isolation/LOTO,L5,No,Mandatory
EQ00002181,Mechanical Inspection,L5,No,Mandatory
EQ00002181,Pressure Vessel Safety,L5,Yes,Preferred
EQ00002181,Permit to Work,L4,Yes,Mandatory
EQ00002182,Machine Tool Operation,L4,No,Mandatory
EQ00002182,Hot Work,L5,Yes,Preferred
EQ00002182,Welding Safety,L4,No,Mandatory
EQ00002182,Workshop Safety,L3,Yes,Preferred
EQ00002182,LOTO,L4,No,Mandatory
EQ00002183,Drilling Operations,L4,Yes,Mandatory
EQ00002183,Well Control,L4,Yes,Preferred
EQ00002183,Permit to Work,L4,Yes,Mandatory
EQ00002184,Permit to Work,L3,Yes,Mandatory
EQ00002184,Gas Detection,L3,Yes,Mandatory
EQ00002184,Emergency Response,L3,No,Mandatory
EQ00002185,Isolation/LOTO,L4,No,Mandatory
EQ00002185,Hydrotest Safety,L3,No,Mandatory
EQ00002185,Permit to Work,L5,Yes,Mandatory
EQ00002186,Pressure Vessel Safety,L4,Yes,Mandatory
EQ00002186,Hydrotest Safety,L5,No,Preferred
EQ00002186,Permit to Work,L4,No,Mandatory
EQ00002186,Isolation/LOTO,L4,Yes,Mandatory
EQ00002186,Mechanical Inspection,L5,No,Mandatory
EQ00002187,Arc Flash Awareness,L4,No,Preferred
EQ00002187,Electrical Isolation/LOTO,L4,No,Preferred
EQ00002187,Switchgear Operation,L3,No,Preferred
EQ00002187,Electrical Safety,L4,Yes,Preferred
EQ00002187,Motor Maintenance,L5,No,Preferred
EQ00002188,Vibration Monitoring,L3,Yes,Mandatory
EQ00002188,Pump Maintenance,L3,Yes,Preferred
EQ00002189,Electrical Safety,L3,Yes,Mandatory
EQ00002189,Motor Maintenance,L4,No,Mandatory
EQ00002189,Electrical Isolation/LOTO,L5,Yes,Preferred
EQ00002190,Hazardous Material Transport,L3,No,Mandatory
EQ00002190,Defensive Driving,L4,No,Mandatory
EQ00002191,Crane Operation,L5,Yes,Mandatory
EQ00002191,Lifting Operations,L3,Yes,Mandatory
EQ00002192,Mechanical Inspection,L3,Yes,Mandatory
EQ00002192,Permit to Work,L4,No,Mandatory
EQ00002192,Isolation/LOTO,L3,Yes,Mandatory
EQ00002193,Welding Safety,L5,No,Mandatory
EQ00002193,Hot Work,L5,Yes,Preferred
EQ00002193,Workshop Safety,L3,No,Mandatory
EQ00002193,Machine Tool Operation,L4,Yes,Mandatory
EQ00002193,LOTO,L3,Yes,Mandatory
EQ00002194,Pressure Testing,L5,No,Mandatory
EQ00002194,Pipeline Operations,L4,Yes,Preferred
EQ00002194,Valve Maintenance,L5,Yes,Mandatory
EQ00002195,Pressure Testing,L3,No,Mandatory
EQ00002195,Pipeline Operations,L5,No,Mandatory
EQ00002195,Isolation/LOTO,L3,Yes,Mandatory
EQ00002195,Valve Maintenance,L5,Yes,Preferred
EQ00002196,Environmental Monitoring,L4,No,Mandatory
EQ00002196,Wastewater Operations,L5,Yes,Mandatory
EQ00002196,Process Safety,L5,Yes,Mandatory
EQ00002196,Chemical Handling,L4,Yes,Mandatory
EQ00002197,Crane Operation,L4,Yes,Preferred
EQ00002197,Lifting Gear Inspection,L3,No,Mandatory
EQ00002197,Rigging,L5,No,Mandatory
EQ00002197,Lifting Operations,L5,Yes,Mandatory
EQ00002198,Permit to Work,L3,Yes,Mandatory
EQ00002198,Gas Detection,L4,No,Preferred
EQ00002198,Emergency Response,L4,Yes,Mandatory
EQ00002199,Motor Maintenance,L3,No,Mandatory
EQ00002199,Switchgear Operation,L5,Yes,Mandatory
EQ00002199,Arc Flash Awareness,L3,Yes,Mandatory
EQ00002200,Drilling Operations,L3,No,Mandatory
EQ00002200,Well Control,L4,No,Preferred
EQ00002201,Switchgear Operation,L4,No,Preferred
EQ00002201,Motor Maintenance,L4,No,Mandatory
EQ00002201,Arc Flash Awareness,L3,Yes,Preferred
EQ00002201,Electrical Safety,L3,Yes,Preferred
EQ00002202,Rig Floor Safety,L3,No,Mandatory
EQ00002202,Line of Fire Awareness,L3,Yes,Mandatory
EQ00002202,LOTO,L4,Yes,Mandatory
EQ00002202,Drilling Operations,L4,No,Mandatory
EQ00002202,Well Control,L4,No,Mandatory
EQ00002203,Electrical Safety,L3,Yes,Mandatory
EQ00002203,Electrical Isolation/LOTO,L5,No,Mandatory
EQ00002203,Switchgear Operation,L5,Yes,Preferred
EQ00002204,Electrical Isolation/LOTO,L4,Yes,Mandatory
EQ00002204,Electrical Safety,L5,Yes,Preferred
EQ00002204,Arc Flash Awareness,L3,No,Preferred
EQ00002204,Motor Maintenance,L3,Yes,Mandatory
EQ00002205,Isolation/LOTO,L5,Yes,Mandatory
EQ00002205,Pressure Vessel Safety,L4,Yes,Mandatory
EQ00002206,Vibration Monitoring,L5,No,Mandatory
EQ00002206,LOTO,L3,Yes,Preferred
EQ00002206,Alignment,L3,No,Mandatory
EQ00002206,Pump Maintenance,L5,No,Mandatory
EQ00002207,Pressure Vessel Safety,L5,Yes,Mandatory
EQ00002207,Hydrotest Safety,L5,Yes,Mandatory
EQ00002207,Permit to Work,L3,Yes,Mandatory
EQ00002207,Isolation/LOTO,L5,No,Mandatory
EQ00002208,Hot Work,L4,Yes,Mandatory
EQ00002208,Welding Safety,L5,No,Preferred
EQ00002208,Workshop Safety,L5,No,Preferred
EQ00002208,Machine Tool Operation,L3,Yes,Mandatory
EQ00002208,LOTO,L4,No,Preferred
EQ00002209,Valve Maintenance,L3,Yes,Mandatory
EQ00002209,Permit to Work,L3,No,Mandatory
EQ00002209,Pipeline Operations,L5,No,Preferred
EQ00002210,Calibration,L4,No,Preferred
EQ00002210,Instrumentation,L4,Yes,Mandatory
EQ00002210,Control Systems,L5,Yes,Mandatory
EQ00002210,LOTO,L4,Yes,Mandatory
EQ00002211,Fire Fighting,L3,Yes,Preferred
EQ00002211,Emergency Response,L4,No,Mandatory
EQ00002212,Journey Management,L5,Yes,Preferred
EQ00002212,Hazardous Material Transport,L5,No,Mandatory
EQ00002212,Defensive Driving,L4,Yes,Mandatory
EQ00002212,Vehicle Inspection,L5,Yes,Mandatory
EQ00002213,Isolation/LOTO,L4,No,Mandatory
EQ00002213,Pressure Vessel Safety,L3,Yes,Mandatory
EQ00002214,Permit to Work,L3,No,Mandatory
EQ00002214,Isolation/LOTO,L3,Yes,Mandatory
EQ00002214,Mechanical Inspection,L4,Yes,Mandatory
EQ00002214,Hydrotest Safety,L5,Yes,Preferred
EQ00002214,Pressure Vessel Safety,L5,Yes,Preferred
EQ00002215,Rotating Equipment,L3,Yes,Preferred
EQ00002215,Alignment,L4,Yes,Preferred
EQ00002215,Vibration Monitoring,L4,Yes,Preferred
EQ00002215,Lubrication,L3,No,Mandatory
EQ00002215,LOTO,L3,Yes,Mandatory
EQ00002216,Hot Work,L4,No,Mandatory
EQ00002216,LOTO,L3,Yes,Preferred
EQ00002216,Workshop Safety,L5,Yes,Mandatory
EQ00002216,Welding Safety,L5,No,Mandatory
EQ00002217,Gas Testing,L3,Yes,Preferred
EQ00002217,Permit to Work,L4,No,Mandatory
EQ00002217,Process Operations,L4,Yes,Mandatory
EQ00002218,Well Control,L3,Yes,Preferred
EQ00002218,Line of Fire Awareness,L4,No,Mandatory
EQ00002218,Permit to Work,L3,Yes,Preferred
EQ00002218,Drilling Operations,L4,Yes,Mandatory
EQ00002219,Isolation/LOTO,L5,Yes,Mandatory
EQ00002219,Valve Maintenance,L5,No,Mandatory
EQ00002219,Pipeline Operations,L3,Yes,Mandatory
EQ00002219,Pressure Testing,L4,No,Mandatory
EQ00002219,Permit to Work,L4,Yes,Mandatory
EQ00002220,Hot Work,L3,Yes,Mandatory
EQ00002220,Workshop Safety,L3,Yes,Mandatory
EQ00002221,Electrical Safety,L5,Yes,Mandatory
EQ00002221,Motor Maintenance,L4,Yes,Mandatory
EQ00002221,Switchgear Operation,L3,No,Mandatory
EQ00002221,Arc Flash Awareness,L3,No,Preferred
EQ00002222,Rigging,L3,No,Mandatory
EQ00002222,Lifting Operations,L3,Yes,Preferred
EQ00002222,Lifting Gear Inspection,L5,No,Mandatory
EQ00002223,Welding Safety,L4,Yes,Mandatory
EQ00002223,Machine Tool Operation,L4,Yes,Preferred
EQ00002224,Pressure Systems Safety,L4,Yes,Preferred
EQ00002224,Process Isolation,L4,Yes,Mandatory
EQ00002224,Gas Testing,L4,Yes,Mandatory
EQ00002224,Process Operations,L4,Yes,Preferred
EQ00002224,Permit to Work,L5,No,Preferred
EQ00002225,Well Control,L5,Yes,Mandatory
EQ00002225,Drilling Operations,L5,Yes,Preferred
EQ00002225,Rig Floor Safety,L5,No,Mandatory
EQ00002225,Line of Fire Awareness,L5,Yes,Mandatory
EQ00002226,Drilling Operations,L5,Yes,Mandatory
EQ00002226,Well Control,L5,Yes,Mandatory
EQ00002227,Pipeline Operations,L3,No,Mandatory
EQ00002227,Isolation/LOTO,L4,Yes,Preferred
EQ00002227,Valve Maintenance,L4,Yes,Mandatory
EQ00002228,Permit to Work,L3,No,Mandatory
EQ00002228,Hydrotest Safety,L5,Yes,Preferred
EQ00002228,Isolation/LOTO,L5,Yes,Mandatory
EQ00002228,Pressure Vessel Safety,L4,No,Mandatory
EQ00002228,Mechanical Inspection,L4,Yes,Mandatory
EQ00002229,Rig Floor Safety,L4,No,Preferred
EQ00002229,Permit to Work,L4,Yes,Preferred
EQ00002229,LOTO,L4,Yes,Mandatory
EQ00002230,Electrical Isolation/LOTO,L3,No,Mandatory
EQ00002230,Arc Flash Awareness,L5,Yes,Mandatory
EQ00002230,Electrical Safety,L5,Yes,Mandatory
EQ00002230,Switchgear Operation,L4,Yes,Mandatory
EQ00002231,Process Operations,L4,No,Preferred
EQ00002231,Permit to Work,L3,Yes,Preferred
EQ00002231,Process Isolation,L4,Yes,Mandatory
EQ00002231,Pressure Systems Safety,L3,No,Preferred
EQ00002231,Gas Testing,L3,Yes,Mandatory
EQ00002232,Pipeline Operations,L5,Yes,Mandatory
EQ00002232,Pressure Testing,L5,No,Mandatory
EQ00002232,Isolation/LOTO,L4,No,Preferred
EQ00002232,Valve Maintenance,L4,Yes,Preferred
EQ00002232,Permit to Work,L5,Yes,Preferred
EQ00002233,Hydrotest Safety,L4,Yes,Mandatory
EQ00002233,Isolation/LOTO,L4,No,Mandatory
EQ00002233,Mechanical Inspection,L3,Yes,Preferred
EQ00002233,Permit to Work,L3,Yes,Mandatory
EQ00002233,Pressure Vessel Safety,L3,Yes,Preferred
EQ00002234,LOTO,L5,Yes,Mandatory
EQ00002234,Line of Fire Awareness,L4,Yes,Preferred
EQ00002234,Well Control,L5,Yes,Mandatory
EQ00002235,Pressure Systems Safety,L3,No,Preferred
EQ00002235,Process Isolation,L3,No,Mandatory
EQ00002235,Gas Testing,L3,Yes,Mandatory
EQ00002236,Line of Fire Awareness,L4,No,Mandatory
EQ00002236,Rigging,L4,No,Mandatory
EQ00002236,Crane Operation,L5,Yes,Mandatory
EQ00002236,Lifting Gear Inspection,L3,Yes,Preferred
EQ00002236,Lifting Operations,L3,No,Mandatory
EQ00002237,Motor Maintenance,L5,Yes,Preferred
EQ00002237,Electrical Safety,L5,No,Preferred
EQ00002238,Permit to Work,L5,Yes,Mandatory
EQ00002238,Drilling Operations,L5,Yes,Preferred
EQ00002239,Hydrotest Safety,L4,Yes,Preferred
EQ00002239,Pressure Vessel Safety,L5,Yes,Preferred
EQ00002239,Isolation/LOTO,L3,Yes,Mandatory
EQ00002239,Permit to Work,L5,Yes,Mandatory
EQ00002240,Permit to Work,L4,Yes,Preferred
EQ00002240,Valve Maintenance,L4,Yes,Mandatory
EQ00002240,Pressure Testing,L4,Yes,Mandatory
EQ00002240,Pipeline Operations,L3,No,Mandatory
EQ00002240,Isolation/LOTO,L5,Yes,Mandatory
EQ00002241,Rig Floor Safety,L5,Yes,Mandatory
EQ00002241,Permit to Work,L3,No,Mandatory
EQ00002241,LOTO,L4,Yes,Mandatory
EQ00002241,Drilling Operations,L3,Yes,Mandatory
EQ00002241,Well Control,L5,No,Preferred
EQ00002242,Emergency Response,L4,No,Preferred
EQ00002242,Fire Water Systems,L4,No,Preferred
EQ00002242,Gas Detection,L5,No,Mandatory
EQ00002243,LOTO,L3,Yes,Mandatory
EQ00002243,Welding Safety,L5,Yes,Mandatory
EQ00002243,Workshop Safety,L3,Yes,Mandatory
EQ00002244,Line of Fire Awareness,L3,Yes,Mandatory
EQ00002244,Crane Operation,L5,No,Mandatory
EQ00002244,Rigging,L5,Yes,Mandatory
EQ00002244,Lifting Operations,L3,No,Mandatory
EQ00002245,Journey Management,L3,Yes,Preferred
EQ00002245,Hazardous Material Transport,L5,No,Mandatory
EQ00002246,Crane Operation,L3,Yes,Preferred
EQ00002246,Line of Fire Awareness,L5,No,Mandatory
EQ00002246,Rigging,L5,Yes,Mandatory
EQ00002246,Lifting Operations,L4,No,Mandatory
EQ00002246,Lifting Gear Inspection,L4,Yes,Preferred
EQ00002247,Pipeline Operations,L5,No,Mandatory
EQ00002247,Isolation/LOTO,L4,Yes,Mandatory
EQ00002248,Pressure Systems Safety,L4,Yes,Preferred
EQ00002248,Process Isolation,L4,No,Preferred
EQ00002248,Process Operations,L4,No,Mandatory
EQ00002248,Gas Testing,L3,Yes,Preferred
EQ00002249,Control Systems,L5,No,Preferred
EQ00002249,Instrumentation,L5,Yes,Mandatory
EQ00002249,Calibration,L3,No,Mandatory
EQ00002249,LOTO,L3,Yes,Preferred
EQ00002249,SIS/ESD,L5,Yes,Mandatory
EQ00002250,Lifting Operations,L4,Yes,Mandatory
EQ00002250,Crane Operation,L5,Yes,Preferred
EQ00002250,Lifting Gear Inspection,L4,Yes,Preferred
EQ00002251,Wastewater Operations,L4,No,Mandatory
EQ00002251,Environmental Monitoring,L3,No,Mandatory
EQ00002252,Crane Operation,L5,Yes,Mandatory
EQ00002252,Line of Fire Awareness,L4,Yes,Preferred
EQ00002252,Rigging,L4,No,Mandatory
EQ00002252,Lifting Operations,L4,No,Preferred
EQ00002252,Lifting Gear Inspection,L3,Yes,Preferred
EQ00002253,Welding Safety,L4,Yes,Mandatory
EQ00002253,LOTO,L4,No,Mandatory
EQ00002254,Gas Testing,L3,Yes,Preferred
EQ00002254,Process Operations,L3,Yes,Mandatory
EQ00002254,Process Isolation,L5,Yes,Preferred
EQ00002254,Permit to Work,L4,Yes,Preferred
EQ00002255,Isolation/LOTO,L5,Yes,Preferred
EQ00002255,Permit to Work,L5,Yes,Preferred
EQ00002256,Fire Water Systems,L4,Yes,Preferred
EQ00002256,Emergency Response,L4,Yes,Mandatory
EQ00002257,Drilling Operations,L4,Yes,Mandatory
EQ00002257,Rig Floor Safety,L3,No,Preferred
EQ00002257,Line of Fire Awareness,L4,No,Mandatory
EQ00002257,LOTO,L4,Yes,Mandatory
EQ00002258,Process Operations,L4,No,Mandatory
EQ00002258,Pressure Systems Safety,L4,Yes,Mandatory
EQ00002258,Permit to Work,L5,Yes,Mandatory
EQ00002259,Welding Safety,L3,Yes,Mandatory
EQ00002259,Workshop Safety,L3,Yes,Mandatory
EQ00002259,Hot Work,L4,Yes,Mandatory
EQ00002259,LOTO,L5,Yes,Preferred
EQ00002260,Permit to Work,L4,No,Mandatory
EQ00002260,Process Operations,L5,Yes,Mandatory
EQ00002260,Process Isolation,L4,Yes,Mandatory
EQ00002261,Permit to Work,L3,Yes,Preferred
EQ00002261,Process Operations,L3,No,Mandatory
EQ00002261,Process Isolation,L3,No,Mandatory
EQ00002261,Pressure Systems Safety,L4,Yes,Mandatory
EQ00002261,Gas Testing,L3,Yes,Preferred
EQ00002262,Pipeline Operations,L5,Yes,Preferred
EQ00002262,Valve Maintenance,L5,No,Mandatory
EQ00002262,Permit to Work,L3,Yes,Mandatory
EQ00002262,Pressure Testing,L4,Yes,Mandatory
EQ00002263,Emergency Response,L3,Yes,Mandatory
EQ00002263,Gas Detection,L5,No,Preferred
EQ00002263,Fire Fighting,L3,No,Mandatory
EQ00002263,Fire Water Systems,L3,Yes,Mandatory
EQ00002264,Fire Fighting,L5,Yes,Mandatory
EQ00002264,Emergency Response,L5,No,Mandatory
EQ00002264,Fire Water Systems,L3,Yes,Mandatory
EQ00002265,Permit to Work,L5,Yes,Mandatory
EQ00002265,Pipeline Operations,L4,Yes,Mandatory
EQ00002265,Pressure Testing,L3,Yes,Mandatory
EQ00002265,Isolation/LOTO,L4,No,Preferred
EQ00002265,Valve Maintenance,L4,Yes,Preferred
EQ00002266,Pressure Vessel Safety,L3,Yes,Preferred
EQ00002266,Mechanical Inspection,L3,No,Mandatory
EQ00002266,Hydrotest Safety,L5,No,Preferred
EQ00002266,Isolation/LOTO,L4,Yes,Mandatory
EQ00002266,Permit to Work,L4,Yes,Preferred
EQ00002267,Line of Fire Awareness,L4,No,Mandatory
EQ00002267,Crane Operation,L3,Yes,Mandatory
EQ00002267,Lifting Operations,L4,No,Preferred
EQ00002267,Rigging,L4,No,Preferred
EQ00002267,Lifting Gear Inspection,L3,Yes,Mandatory
EQ00002268,Vehicle Inspection,L3,Yes,Mandatory
EQ00002268,Hazardous Material Transport,L3,Yes,Mandatory
EQ00002268,Defensive Driving,L3,No,Mandatory
EQ00002268,Journey Management,L3,Yes,Mandatory
EQ00002269,Pressure Vessel Safety,L3,Yes,Preferred
EQ00002269,Hydrotest Safety,L4,Yes,Mandatory
EQ00002269,Isolation/LOTO,L4,Yes,Mandatory
EQ00002270,Fire Water Systems,L3,No,Preferred
EQ00002270,Permit to Work,L3,Yes,Preferred
EQ00002271,Welding Safety,L3,No,Preferred
EQ00002271,Machine Tool Operation,L4,Yes,Mandatory
EQ00002271,LOTO,L3,Yes,Mandatory
EQ00002272,Permit to Work,L3,Yes,Mandatory
EQ00002272,Pressure Vessel Safety,L4,Yes,Mandatory
EQ00002272,Isolation/LOTO,L3,Yes,Preferred
EQ00002272,Hydrotest Safety,L5,Yes,Preferred
EQ00002273,Permit to Work,L5,Yes,Mandatory
EQ00002273,Gas Testing,L5,No,Mandatory
EQ00002274,Process Isolation,L3,No,Mandatory
EQ00002274,Permit to Work,L3,Yes,Preferred
EQ00002275,Rotating Equipment,L5,No,Preferred
EQ00002275,Pump Maintenance,L4,Yes,Mandatory
EQ00002276,Machine Tool Operation,L3,No,Mandatory
EQ00002276,LOTO,L5,No,Mandatory
EQ00002277,Gas Testing,L3,No,Mandatory
EQ00002277,Process Isolation,L3,Yes,Mandatory
EQ00002277,Process Operations,L3,No,Mandatory
EQ00002277,Permit to Work,L3,No,Mandatory
EQ00002278,Well Control,L4,Yes,Mandatory
EQ00002278,Line of Fire Awareness,L3,No,Mandatory
EQ00002278,Rig Floor Safety,L3,No,Mandatory
EQ00002279,Line of Fire Awareness,L5,No,Mandatory
EQ00002279,Rig Floor Safety,L3,Yes,Mandatory
EQ00002280,LOTO,L4,Yes,Preferred
EQ00002280,Hot Work,L3,Yes,Mandatory
EQ00002280,Workshop Safety,L4,No,Mandatory
EQ00002280,Welding Safety,L3,No,Mandatory
EQ00002281,Valve Maintenance,L3,Yes,Preferred
EQ00002281,Permit to Work,L5,Yes,Preferred
EQ00002281,Pipeline Operations,L5,Yes,Mandatory
EQ00002281,Isolation/LOTO,L4,Yes,Preferred
EQ00002282,Electrical Safety,L3,Yes,Mandatory
EQ00002282,Motor Maintenance,L5,Yes,Mandatory
EQ00002282,Electrical Isolation/LOTO,L5,No,Preferred
EQ00002282,Arc Flash Awareness,L3,Yes,Mandatory
EQ00002283,Rotating Equipment,L4,Yes,Mandatory
EQ00002283,Alignment,L5,No,Preferred
EQ00002283,LOTO,L3,No,Mandatory
EQ00002283,Vibration Monitoring,L3,Yes,Mandatory
EQ00002283,Pump Maintenance,L4,Yes,Mandatory
EQ00002284,Permit to Work,L4,No,Preferred
EQ00002284,Pipeline Operations,L3,Yes,Preferred
EQ00002284,Valve Maintenance,L4,No,Preferred
EQ00002284,Pressure Testing,L5,Yes,Mandatory
EQ00002284,Isolation/LOTO,L4,Yes,Mandatory
EQ00002285,Workshop Safety,L4,Yes,Preferred
EQ00002285,Hot Work,L4,Yes,Preferred
EQ00002285,LOTO,L5,No,Preferred
EQ00002286,Line of Fire Awareness,L5,No,Mandatory
EQ00002286,Drilling Operations,L3,No,Mandatory
EQ00002286,LOTO,L5,Yes,Mandatory
EQ00002287,Instrumentation,L3,No,Mandatory
EQ00002287,LOTO,L4,Yes,Mandatory
EQ00002287,SIS/ESD,L4,Yes,Mandatory
EQ00002287,Calibration,L3,No,Preferred
EQ00002287,Control Systems,L3,Yes,Mandatory
EQ00002288,Process Operations,L5,Yes,Mandatory
EQ00002288,Gas Testing,L5,No,Mandatory
EQ00002288,Process Isolation,L5,Yes,Mandatory
EQ00002289,Permit to Work,L3,Yes,Mandatory
EQ00002289,Pressure Testing,L4,No,Preferred
EQ00002289,Valve Maintenance,L5,Yes,Mandatory
EQ00002290,Permit to Work,L5,Yes,Mandatory
EQ00002290,Pipeline Operations,L3,Yes,Mandatory
EQ00002290,Pressure Testing,L4,Yes,Mandatory
EQ00002290,Valve Maintenance,L3,Yes,Mandatory
EQ00002291,Pressure Systems Safety,L3,No,Mandatory
EQ00002291,Process Operations,L4,No,Mandatory
EQ00002291,Gas Testing,L3,No,Preferred
EQ00002291,Permit to Work,L4,Yes,Mandatory
EQ00002292,Crane Operation,L5,No,Preferred
EQ00002292,Line of Fire Awareness,L3,Yes,Preferred
EQ00002292,Lifting Gear Inspection,L5,Yes,Mandatory
EQ00002293,Fire Water Systems,L4,No,Mandatory
EQ00002293,Emergency Response,L3,No,Preferred
EQ00002293,Fire Fighting,L5,Yes,Mandatory
EQ00002293,Gas Detection,L4,No,Mandatory
EQ00002294,Isolation/LOTO,L5,Yes,Preferred
EQ00002294,Hydrotest Safety,L3,No,Preferred
EQ00002294,Permit to Work,L3,Yes,Mandatory
EQ00002295,Motor Maintenance,L5,Yes,Preferred
EQ00002295,Switchgear Operation,L4,Yes,Mandatory
EQ00002296,Instrumentation,L3,No,Preferred
EQ00002296,LOTO,L4,Yes,Preferred
EQ00002296,Calibration,L4,Yes,Mandatory
EQ00002297,Defensive Driving,L3,Yes,Mandatory
EQ00002297,Vehicle Inspection,L3,Yes,Preferred
EQ00002297,Hazardous Material Transport,L3,No,Preferred
EQ00002297,Journey Management,L4,No,Mandatory
EQ00002298,Drilling Operations,L5,No,Mandatory
EQ00002298,Well Control,L5,Yes,Mandatory
EQ00002299,Pump Maintenance,L3,Yes,Preferred
EQ00002299,Rotating Equipment,L5,Yes,Preferred
EQ00002299,Alignment,L5,No,Mandatory
EQ00002299,LOTO,L3,Yes,Preferred
EQ00002300,Process Isolation,L3,No,Mandatory
EQ00002300,Permit to Work,L5,Yes,Preferred
EQ00002300,Gas Testing,L4,Yes,Mandatory
EQ00002300,Process Operations,L5,No,Mandatory
EQ00002300,Pressure Systems Safety,L4,No,Mandatory
EQ00002301,Gas Detection,L4,No,Preferred
EQ00002301,Emergency Response,L3,Yes,Mandatory
EQ00002301,Fire Water Systems,L3,Yes,Mandatory
EQ00002301,Fire Fighting,L5,Yes,Mandatory
EQ00002302,Isolation/LOTO,L3,No,Preferred
EQ00002302,Pressure Testing,L4,Yes,Preferred
EQ00002303,Fire Water Systems,L3,Yes,Preferred
EQ00002303,Fire Fighting,L3,Yes,Mandatory
EQ00002304,Permit to Work,L5,No,Mandatory
EQ00002304,Line of Fire Awareness,L3,Yes,Mandatory
EQ00002304,LOTO,L4,No,Preferred
EQ00002305,Workshop Safety,L3,No,Mandatory
EQ00002305,Machine Tool Operation,L4,No,Mandatory
EQ00002305,LOTO,L3,No,Mandatory
EQ00002305,Hot Work,L3,No,Preferred
EQ00002305,Welding Safety,L4,No,Mandatory
EQ00002306,Lifting Gear Inspection,L5,Yes,Preferred
EQ00002306,Rigging,L4,No,Mandatory
EQ00002306,Line of Fire Awareness,L3,Yes,Mandatory
EQ00002306,Lifting Operations,L5,Yes,Mandatory
EQ00002306,Crane Operation,L5,Yes,Preferred
EQ00002307,Mechanical Inspection,L4,Yes,Preferred
EQ00002307,Permit to Work,L4,No,Mandatory
EQ00002308,Process Isolation,L3,Yes,Mandatory
EQ00002308,Process Operations,L3,Yes,Preferred
EQ00002308,Permit to Work,L3,Yes,Mandatory
EQ00002308,Gas Testing,L5,Yes,Mandatory
EQ00002308,Pressure Systems Safety,L4,Yes,Mandatory
EQ00002309,Environmental Monitoring,L3,Yes,Mandatory
EQ00002309,Process Safety,L5,Yes,Mandatory
EQ00002309,Wastewater Operations,L3,No,Mandatory
EQ00002310,Rigging,L3,Yes,Preferred
EQ00002310,Line of Fire Awareness,L3,No,Mandatory
EQ00002310,Lifting Operations,L5,Yes,Mandatory
EQ00002310,Lifting Gear Inspection,L3,Yes,Mandatory
EQ00002310,Crane Operation,L3,Yes,Mandatory
EQ00002311,Arc Flash Awareness,L5,Yes,Preferred
EQ00002311,Switchgear Operation,L3,No,Mandatory
EQ00002311,Motor Maintenance,L4,No,Preferred
EQ00002311,Electrical Safety,L3,Yes,Preferred
EQ00002312,Permit to Work,L3,No,Mandatory
EQ00002312,Process Operations,L5,No,Preferred
EQ00002312,Gas Testing,L5,Yes,Preferred
EQ00002313,Process Isolation,L5,Yes,Preferred
EQ00002313,Gas Testing,L4,Yes,Mandatory
EQ00002313,Permit to Work,L4,No,Mandatory
EQ00002314,Isolation/LOTO,L4,Yes,Mandatory
EQ00002314,Valve Maintenance,L4,No,Mandatory
EQ00002314,Permit to Work,L3,Yes,Mandatory
EQ00002314,Pipeline Operations,L5,No,Mandatory
EQ00002315,Well Control,L3,No,Preferred
EQ00002315,Rig Floor Safety,L3,Yes,Preferred
EQ00002315,Drilling Operations,L3,Yes,Mandatory
EQ00002315,LOTO,L3,Yes,Mandatory
EQ00002316,LOTO,L4,Yes,Preferred
EQ00002316,Workshop Safety,L4,Yes,Mandatory
EQ00002317,Well Control,L4,Yes,Preferred
EQ00002317,LOTO,L4,Yes,Mandatory
EQ00002317,Drilling Operations,L3,No,Mandatory
EQ00002318,Electrical Isolation/LOTO,L4,Yes,Mandatory
EQ00002318,Switchgear Operation,L3,Yes,Preferred
EQ00002318,Motor Maintenance,L3,No,Mandatory
EQ00002318,Electrical Safety,L4,Yes,Mandatory
EQ00002318,Arc Flash Awareness,L4,No,Preferred
EQ00002319,Well Control,L3,No,Preferred
EQ00002319,Line of Fire Awareness,L3,Yes,Preferred
EQ00002320,Instrumentation,L4,Yes,Mandatory
EQ00002320,LOTO,L5,Yes,Preferred
EQ00002320,SIS/ESD,L5,No,Mandatory
EQ00002320,Control Systems,L3,Yes,Mandatory
EQ00002321,Drilling Operations,L5,Yes,Preferred
EQ00002321,Rig Floor Safety,L4,Yes,Preferred
EQ00002322,Permit to Work,L4,Yes,Preferred
EQ00002322,Drilling Operations,L4,Yes,Mandatory
EQ00002322,Line of Fire Awareness,L3,Yes,Preferred
EQ00002322,Well Control,L5,Yes,Preferred
EQ00002322,LOTO,L4,Yes,Mandatory
EQ00002323,Environmental Monitoring,L3,Yes,Mandatory
EQ00002323,Process Safety,L3,Yes,Mandatory
EQ00002323,Wastewater Operations,L5,No,Mandatory
EQ00002323,Chemical Handling,L3,Yes,Mandatory
EQ00002324,Permit to Work,L3,Yes,Mandatory
EQ00002324,Hydrotest Safety,L3,No,Preferred
EQ00002324,Pressure Vessel Safety,L4,No,Mandatory
EQ00002325,Line of Fire Awareness,L5,Yes,Preferred
EQ00002325,LOTO,L4,Yes,Preferred
EQ00002325,Well Control,L4,No,Preferred
EQ00002325,Permit to Work,L5,No,Mandatory
EQ00002326,Well Control,L5,No,Mandatory
EQ00002326,Permit to Work,L5,Yes,Mandatory
EQ00002326,Rig Floor Safety,L4,Yes,Mandatory
EQ00002327,Permit to Work,L3,No,Preferred
EQ00002327,Isolation/LOTO,L4,Yes,Mandatory
EQ00002327,Pipeline Operations,L4,Yes,Preferred
EQ00002327,Valve Maintenance,L4,No,Mandatory
EQ00002328,SIS/ESD,L5,Yes,Mandatory
EQ00002328,Instrumentation,L3,No,Mandatory
EQ00002329,Valve Maintenance,L5,No,Preferred
EQ00002329,Permit to Work,L5,Yes,Mandatory
EQ00002330,LOTO,L4,Yes,Mandatory
EQ00002330,Workshop Safety,L3,No,Mandatory
EQ00002331,LOTO,L4,Yes,Mandatory
EQ00002331,Drilling Operations,L3,Yes,Preferred
EQ00002331,Well Control,L5,Yes,Mandatory
EQ00002332,Rotating Equipment,L3,Yes,Preferred
EQ00002332,LOTO,L4,No,Mandatory
EQ00002333,Electrical Safety,L3,No,Mandatory
EQ00002333,Switchgear Operation,L3,Yes,Preferred
EQ00002333,Electrical Isolation/LOTO,L4,No,Preferred
EQ00002333,Motor Maintenance,L3,Yes,Preferred
EQ00002333,Arc Flash Awareness,L3,Yes,Mandatory
EQ00002334,Calibration,L3,Yes,Mandatory
EQ00002334,Instrumentation,L4,No,Preferred
EQ00002334,Control Systems,L3,No,Mandatory
EQ00002334,LOTO,L4,No,Mandatory
EQ00002335,Journey Management,L3,No,Preferred
EQ00002335,Defensive Driving,L4,Yes,Mandatory
EQ00002335,Hazardous Material Transport,L4,No,Mandatory
EQ00002335,Vehicle Inspection,L5,No,Mandatory
EQ00002336,Pipeline Operations,L3,Yes,Mandatory
EQ00002336,Pressure Testing,L3,No,Mandatory
EQ00002336,Permit to Work,L5,No,Preferred
EQ00002336,Isolation/LOTO,L3,Yes,Preferred
EQ00002336,Valve Maintenance,L3,Yes,Mandatory
EQ00002337,Calibration,L3,No,Mandatory
EQ00002337,Instrumentation,L3,Yes,Mandatory
EQ00002338,Valve Maintenance,L4,Yes,Mandatory
EQ00002338,Pressure Testing,L4,No,Preferred
EQ00002338,Permit to Work,L5,Yes,Mandatory
EQ00002339,Line of Fire Awareness,L3,Yes,Preferred
EQ00002339,Permit to Work,L4,Yes,Mandatory
EQ00002339,Rig Floor Safety,L3,Yes,Preferred
EQ00002339,Drilling Operations,L5,Yes,Preferred
EQ00002339,LOTO,L3,No,Preferred
EQ00002340,Drilling Operations,L4,Yes,Mandatory
EQ00002340,Well Control,L4,No,Mandatory
EQ00002340,Line of Fire Awareness,L5,Yes,Mandatory
EQ00002340,Rig Floor Safety,L4,No,Preferred
EQ00002341,LOTO,L3,Yes,Preferred
EQ00002341,Workshop Safety,L5,Yes,Preferred
EQ00002341,Hot Work,L5,No,Preferred
EQ00002341,Welding Safety,L5,Yes,Mandatory
EQ00002342,Control Systems,L5,Yes,Preferred
EQ00002342,SIS/ESD,L3,No,Mandatory
EQ00002343,Permit to Work,L3,Yes,Mandatory
EQ00002343,Hydrotest Safety,L5,Yes,Preferred
EQ00002344,Rigging,L4,Yes,Mandatory
EQ00002344,Crane Operation,L4,Yes,Mandatory
EQ00002344,Line of Fire Awareness,L4,Yes,Preferred
EQ00002344,Lifting Gear Inspection,L4,Yes,Mandatory
EQ00002344,Lifting Operations,L5,Yes,Mandatory
EQ00002345,Defensive Driving,L4,No,Mandatory
EQ00002345,Vehicle Inspection,L5,No,Mandatory
EQ00002346,Hydrotest Safety,L3,Yes,Preferred
EQ00002346,Permit to Work,L4,Yes,Mandatory
EQ00002346,Pressure Vessel Safety,L3,Yes,Mandatory
EQ00002346,Mechanical Inspection,L5,Yes,Mandatory
EQ00002347,Wastewater Operations,L4,Yes,Mandatory
EQ00002347,Process Safety,L5,Yes,Mandatory
EQ00002347,Chemical Handling,L5,Yes,Mandatory
EQ00002348,Lifting Operations,L3,Yes,Mandatory
EQ00002348,Line of Fire Awareness,L5,No,Mandatory
EQ00002348,Lifting Gear Inspection,L4,No,Mandatory
EQ00002349,Process Operations,L5,No,Preferred
EQ00002349,Permit to Work,L3,Yes,Preferred
EQ00002350,Pump Maintenance,L5,Yes,Mandatory
EQ00002350,Alignment,L4,Yes,Mandatory
EQ00002350,Lubrication,L4,No,Mandatory
EQ00002350,LOTO,L4,No,Mandatory
EQ00002350,Vibration Monitoring,L3,Yes,Mandatory
EQ00002351,Switchgear Operation,L3,No,Preferred
EQ00002351,Electrical Isolation/LOTO,L4,Yes,Preferred
EQ00002351,Electrical Safety,L3,Yes,Preferred
EQ00002352,Rotating Equipment,L5,No,Preferred
EQ00002352,LOTO,L4,No,Mandatory
EQ00002352,Pump Maintenance,L5,Yes,Preferred
EQ00002353,Mechanical Inspection,L4,Yes,Preferred
EQ00002353,Pressure Vessel Safety,L5,Yes,Mandatory
EQ00002354,Pump Maintenance,L3,No,Mandatory
EQ00002354,Alignment,L3,No,Mandatory
EQ00002355,LOTO,L5,No,Preferred
EQ00002355,Machine Tool Operation,L4,Yes,Preferred
EQ00002355,Welding Safety,L5,Yes,Mandatory
EQ00002355,Hot Work,L4,Yes,Mandatory
EQ00002355,Workshop Safety,L3,No,Mandatory
EQ00002356,Motor Maintenance,L3,No,Mandatory
EQ00002356,Arc Flash Awareness,L3,Yes,Mandatory
EQ00002356,Switchgear Operation,L3,Yes,Mandatory
EQ00002357,Machine Tool Operation,L4,Yes,Preferred
EQ00002357,Hot Work,L3,No,Mandatory
EQ00002357,LOTO,L5,Yes,Mandatory
EQ00002358,Mechanical Inspection,L5,Yes,Mandatory
EQ00002358,Pressure Vessel Safety,L5,No,Mandatory
EQ00002358,Isolation/LOTO,L3,No,Preferred
EQ00002359,Drilling Operations,L4,Yes,Preferred
EQ00002359,Well Control,L5,Yes,Mandatory
EQ00002359,LOTO,L5,Yes,Mandatory
EQ00002359,Rig Floor Safety,L4,No,Mandatory
EQ00002359,Line of Fire Awareness,L5,Yes,Mandatory
EQ00002360,Electrical Safety,L3,No,Mandatory
EQ00002360,Electrical Isolation/LOTO,L4,No,Preferred
EQ00002360,Motor Maintenance,L5,Yes,Mandatory
EQ00002361,Crane Operation,L5,No,Preferred
EQ00002361,Rigging,L3,No,Mandatory
EQ00002361,Lifting Gear Inspection,L4,No,Mandatory
EQ00002362,Rig Floor Safety,L3,No,Preferred
EQ00002362,Permit to Work,L5,Yes,Mandatory
EQ00002362,Line of Fire Awareness,L3,No,Mandatory
EQ00002362,Well Control,L3,No,Preferred
EQ00002362,LOTO,L3,Yes,Mandatory
EQ00002363,Journey Management,L3,Yes,Preferred
EQ00002363,Hazardous Material Transport,L3,Yes,Mandatory
EQ00002363,Defensive Driving,L5,Yes,Preferred
EQ00002364,Valve Maintenance,L4,Yes,Mandatory
EQ00002364,Isolation/LOTO,L4,Yes,Mandatory
EQ00002364,Pressure Testing,L5,Yes,Mandatory
EQ00002364,Permit to Work,L3,Yes,Mandatory
EQ00002365,Isolation/LOTO,L4,Yes,Mandatory
EQ00002365,Valve Maintenance,L3,Yes,Mandatory
EQ00002366,Permit to Work,L3,No,Mandatory
EQ00002366,Process Operations,L4,Yes,Preferred
EQ00002366,Pressure Systems Safety,L3,Yes,Mandatory
EQ00002367,Defensive Driving,L4,No,Mandatory
EQ00002367,Vehicle Inspection,L4,No,Mandatory
EQ00002367,Hazardous Material Transport,L5,Yes,Preferred
EQ00002367,Journey Management,L3,Yes,Preferred
EQ00002368,Vehicle Inspection,L5,Yes,Mandatory
EQ00002368,Defensive Driving,L4,No,Mandatory
EQ00002369,Pipeline Operations,L5,Yes,Mandatory
EQ00002369,Pressure Testing,L4,Yes,Mandatory
EQ00002370,Welding Safety,L5,Yes,Mandatory
EQ00002370,Machine Tool Operation,L4,No,Mandatory
EQ00002371,Hot Work,L5,Yes,Mandatory
EQ00002371,LOTO,L4,Yes,Mandatory
EQ00002371,Machine Tool Operation,L3,Yes,Mandatory
EQ00002371,Welding Safety,L4,Yes,Mandatory
EQ00002372,Workshop Safety,L5,Yes,Mandatory
EQ00002372,LOTO,L3,Yes,Mandatory
EQ00002372,Hot Work,L5,No,Mandatory
EQ00002372,Machine Tool Operation,L3,No,Mandatory
EQ00002373,Journey Management,L5,Yes,Mandatory
EQ00002373,Hazardous Material Transport,L4,Yes,Mandatory
EQ00002373,Vehicle Inspection,L3,No,Preferred
EQ00002374,Alignment,L5,Yes,Mandatory
EQ00002374,Vibration Monitoring,L3,No,Mandatory
EQ00002375,Line of Fire Awareness,L4,No,Mandatory
EQ00002375,Lifting Operations,L5,Yes,Preferred
EQ00002375,Crane Operation,L3,No,Mandatory
EQ00002375,Lifting Gear Inspection,L5,Yes,Mandatory
EQ00002376,Isolation/LOTO,L4,No,Mandatory
EQ00002376,Valve Maintenance,L3,No,Preferred
EQ00002376,Permit to Work,L3,No,Mandatory
EQ00002376,Pressure Testing,L3,No,Mandatory
EQ00002377,Permit to Work,L3,No,Mandatory
EQ00002377,Isolation/LOTO,L3,Yes,Mandatory
EQ00002377,Hydrotest Safety,L5,No,Mandatory
EQ00002377,Mechanical Inspection,L5,Yes,Mandatory
EQ00002377,Pressure Vessel Safety,L5,Yes,Mandatory
EQ00002378,Mechanical Inspection,L3,Yes,Preferred
EQ00002378,Pressure Vessel Safety,L4,Yes,Mandatory
EQ00002378,Hydrotest Safety,L3,No,Mandatory
EQ00002379,Welding Safety,L3,Yes,Mandatory
EQ00002379,Hot Work,L4,Yes,Preferred
EQ00002379,LOTO,L5,Yes,Mandatory
EQ00002379,Machine Tool Operation,L5,No,Mandatory
EQ00002380,Workshop Safety,L5,No,Mandatory
EQ00002380,Hot Work,L5,Yes,Mandatory
EQ00002380,LOTO,L5,Yes,Mandatory
EQ00002380,Machine Tool Operation,L4,No,Mandatory
EQ00002380,Welding Safety,L5,Yes,Mandatory
EQ00002381,Pipeline Operations,L3,Yes,Mandatory
EQ00002381,Isolation/LOTO,L4,Yes,Mandatory
EQ00002381,Valve Maintenance,L4,No,Mandatory
EQ00002381,Pressure Testing,L4,No,Mandatory
EQ00002382,Hot Work,L3,Yes,Mandatory
EQ00002382,Welding Safety,L5,No,Mandatory
EQ00002382,LOTO,L5,No,Mandatory
EQ00002382,Workshop Safety,L3,No,Mandatory
EQ00002383,Pressure Vessel Safety,L3,Yes,Mandatory
EQ00002383,Isolation/LOTO,L5,Yes,Mandatory
EQ00002383,Permit to Work,L4,No,Preferred
EQ00002383,Hydrotest Safety,L4,No,Preferred
EQ00002384,Mechanical Inspection,L4,Yes,Preferred
EQ00002384,Permit to Work,L5,Yes,Mandatory
EQ00002385,Calibration,L4,No,Mandatory
EQ00002385,Instrumentation,L4,No,Preferred
EQ00002386,Line of Fire Awareness,L3,Yes,Mandatory
EQ00002386,LOTO,L3,No,Preferred
EQ00002386,Well Control,L5,No,Mandatory
EQ00002386,Drilling Operations,L3,No,Mandatory
EQ00002386,Rig Floor Safety,L5,No,Mandatory
EQ00002387,Drilling Operations,L3,No,Mandatory
EQ00002387,Rig Floor Safety,L4,Yes,Mandatory
EQ00002388,Lifting Gear Inspection,L5,Yes,Mandatory
EQ00002388,Rigging,L4,Yes,Preferred
EQ00002388,Lifting Operations,L4,No,Mandatory
EQ00002388,Line of Fire Awareness,L3,Yes,Mandatory
EQ00002389,Motor Maintenance,L5,Yes,Mandatory
EQ00002389,Electrical Isolation/LOTO,L4,Yes,Preferred
EQ00002389,Arc Flash Awareness,L5,Yes,Preferred
EQ00002389,Electrical Safety,L5,Yes,Mandatory
EQ00002389,Switchgear Operation,L5,Yes,Preferred
EQ00002390,Machine Tool Operation,L5,Yes,Preferred
EQ00002390,Workshop Safety,L4,Yes,Mandatory
EQ00002390,LOTO,L4,Yes,Preferred
EQ00002390,Hot Work,L5,Yes,Mandatory
EQ00002391,SIS/ESD,L5,Yes,Mandatory
EQ00002391,Control Systems,L5,Yes,Preferred
EQ00002391,Instrumentation,L4,No,Mandatory
EQ00002392,Welding Safety,L3,Yes,Preferred
EQ00002392,Hot Work,L5,Yes,Mandatory
EQ00002392,LOTO,L5,Yes,Mandatory
EQ00002392,Workshop Safety,L5,Yes,Preferred
EQ00002392,Machine Tool Operation,L4,Yes,Mandatory
EQ00002393,Welding Safety,L4,No,Mandatory
EQ00002393,Hot Work,L4,Yes,Preferred
EQ00002393,LOTO,L5,Yes,Mandatory
EQ00002394,Permit to Work,L3,No,Mandatory
EQ00002394,Mechanical Inspection,L4,Yes,Mandatory
EQ00002395,Environmental Monitoring,L4,No,Preferred
EQ00002395,Chemical Handling,L4,Yes,Mandatory
EQ00002395,Process Safety,L4,No,Mandatory
EQ00002396,Crane Operation,L4,Yes,Mandatory
EQ00002396,Lifting Operations,L5,Yes,Mandatory
EQ00002396,Lifting Gear Inspection,L4,Yes,Mandatory
EQ00002397,Permit to Work,L4,Yes,Preferred
EQ00002397,Process Isolation,L3,Yes,Mandatory
EQ00002397,Process Operations,L4,Yes,Preferred
EQ00002398,Environmental Monitoring,L4,No,Mandatory
EQ00002398,Wastewater Operations,L3,Yes,Preferred
EQ00002398,Process Safety,L5,Yes,Mandatory
EQ00002398,Chemical Handling,L3,Yes,Preferred
EQ00002399,Motor Maintenance,L5,Yes,Mandatory
EQ00002399,Switchgear Operation,L5,Yes,Preferred
EQ00002400,Permit to Work,L3,No,Mandatory
EQ00002400,Rig Floor Safety,L3,No,Mandatory
EQ00002400,Line of Fire Awareness,L4,Yes,Preferred
EQ00002400,Drilling Operations,L5,No,Preferred
EQ00002400,Well Control,L4,Yes,Preferred
EQ00002401,Permit to Work,L4,No,Mandatory
EQ00002401,Drilling Operations,L5,Yes,Mandatory
EQ00002402,Process Safety,L4,Yes,Mandatory
EQ00002402,Environmental Monitoring,L3,No,Preferred
EQ00002403,Pressure Systems Safety,L4,Yes,Preferred
EQ00002403,Gas Testing,L5,No,Mandatory
EQ00002403,Process Isolation,L4,Yes,Mandatory
EQ00002403,Process Operations,L4,Yes,Mandatory
EQ00002403,Permit to Work,L5,Yes,Mandatory
EQ00002404,Alignment,L3,Yes,Preferred
EQ00002404,Vibration Monitoring,L5,No,Mandatory
EQ00002404,Rotating Equipment,L4,Yes,Preferred
EQ00002404,Pump Maintenance,L4,Yes,Mandatory
EQ00002405,Environmental Monitoring,L5,Yes,Mandatory
EQ00002405,Wastewater Operations,L4,Yes,Mandatory
EQ00002406,Process Operations,L4,No,Mandatory
EQ00002406,Process Isolation,L3,No,Preferred
EQ00002407,SIS/ESD,L4,Yes,Mandatory
EQ00002407,Calibration,L4,Yes,Preferred
EQ00002408,Line of Fire Awareness,L3,Yes,Mandatory
EQ00002408,Crane Operation,L3,Yes,Preferred
EQ00002408,Rigging,L4,Yes,Mandatory
EQ00002409,Valve Maintenance,L4,Yes,Preferred
EQ00002409,Pipeline Operations,L3,Yes,Mandatory
EQ00002409,Permit to Work,L4,Yes,Mandatory
EQ00002410,Permit to Work,L4,No,Mandatory
EQ00002410,Isolation/LOTO,L5,Yes,Mandatory
EQ00002410,Pipeline Operations,L5,Yes,Preferred
EQ00002410,Valve Maintenance,L4,Yes,Preferred
EQ00002410,Pressure Testing,L4,Yes,Mandatory
EQ00002411,Chemical Handling,L5,No,Mandatory
EQ00002411,Process Safety,L5,Yes,Preferred
EQ00002412,LOTO,L4,Yes,Mandatory
EQ00002412,Hot Work,L5,Yes,Preferred
EQ00002412,Workshop Safety,L4,Yes,Preferred
EQ00002412,Welding Safety,L4,No,Preferred
EQ00002412,Machine Tool Operation,L3,Yes,Mandatory
EQ00002413,Instrumentation,L4,Yes,Mandatory
EQ00002413,Calibration,L4,Yes,Mandatory
EQ00002414,Permit to Work,L3,Yes,Preferred
EQ00002414,Drilling Operations,L3,No,Preferred
EQ00002414,Line of Fire Awareness,L4,Yes,Mandatory
EQ00002415,Pressure Vessel Safety,L4,Yes,Preferred
EQ00002415,Hydrotest Safety,L3,Yes,Mandatory
EQ00002415,Mechanical Inspection,L3,Yes,Preferred
EQ00002415,Isolation/LOTO,L4,No,Mandatory
EQ00002416,Crane Operation,L4,No,Mandatory
EQ00002416,Lifting Operations,L4,Yes,Preferred
EQ00002416,Line of Fire Awareness,L5,No,Mandatory
EQ00002416,Rigging,L3,Yes,Mandatory
EQ00002416,Lifting Gear Inspection,L4,Yes,Mandatory
EQ00002417,LOTO,L5,Yes,Mandatory
EQ00002417,Rotating Equipment,L3,No,Preferred
EQ00002417,Alignment,L4,Yes,Mandatory
EQ00002417,Vibration Monitoring,L3,Yes,Mandatory
EQ00002417,Pump Maintenance,L5,No,Mandatory
EQ00002418,Switchgear Operation,L5,Yes,Mandatory
EQ00002418,Electrical Safety,L4,No,Preferred
EQ00002418,Motor Maintenance,L4,Yes,Mandatory
EQ00002419,Rigging,L5,Yes,Mandatory
EQ00002419,Line of Fire Awareness,L3,Yes,Mandatory
EQ00002420,Crane Operation,L5,No,Preferred
EQ00002420,Line of Fire Awareness,L3,Yes,Mandatory
EQ00002420,Lifting Gear Inspection,L4,Yes,Mandatory
EQ00002420,Lifting Operations,L5,Yes,Mandatory
EQ00002421,Isolation/LOTO,L4,Yes,Mandatory
EQ00002421,Mechanical Inspection,L5,Yes,Preferred
EQ00002421,Permit to Work,L4,No,Mandatory
EQ00002421,Hydrotest Safety,L5,No,Mandatory
EQ00002421,Pressure Vessel Safety,L5,Yes,Mandatory
EQ00002422,Rigging,L3,Yes,Mandatory
EQ00002422,Lifting Operations,L3,Yes,Mandatory
EQ00002422,Crane Operation,L4,Yes,Mandatory
EQ00002423,Gas Detection,L4,Yes,Mandatory
EQ00002423,Permit to Work,L5,Yes,Mandatory
EQ00002423,Fire Water Systems,L3,Yes,Mandatory
EQ00002423,Fire Fighting,L5,Yes,Preferred
EQ00002424,Gas Testing,L4,No,Preferred
EQ00002424,Process Operations,L5,No,Preferred
EQ00002425,Electrical Safety,L3,No,Mandatory
EQ00002425,Motor Maintenance,L3,Yes,Mandatory
EQ00002425,Electrical Isolation/LOTO,L4,Yes,Preferred
EQ00002425,Switchgear Operation,L4,Yes,Mandatory
EQ00002426,Well Control,L5,Yes,Mandatory
EQ00002426,Drilling Operations,L5,Yes,Mandatory
EQ00002426,Rig Floor Safety,L3,No,Mandatory
EQ00002426,Permit to Work,L4,Yes,Mandatory
EQ00002426,LOTO,L5,No,Preferred
EQ00002427,Defensive Driving,L4,Yes,Mandatory
EQ00002427,Vehicle Inspection,L5,No,Mandatory
EQ00002428,SIS/ESD,L5,No,Mandatory
EQ00002428,Calibration,L5,Yes,Mandatory
EQ00002428,Control Systems,L3,Yes,Mandatory
EQ00002429,Environmental Monitoring,L3,No,Mandatory
EQ00002429,Chemical Handling,L3,No,Mandatory
EQ00002429,Wastewater Operations,L4,Yes,Mandatory
EQ00002430,LOTO,L5,No,Preferred
EQ00002430,Vibration Monitoring,L3,No,Mandatory
EQ00002431,Instrumentation,L4,Yes,Mandatory
EQ00002431,LOTO,L4,No,Mandatory
EQ00002432,Mechanical Inspection,L3,No,Preferred
EQ00002432,Isolation/LOTO,L4,No,Mandatory
EQ00002433,Emergency Response,L3,Yes,Mandatory
EQ00002433,Fire Fighting,L5,No,Preferred
EQ00002434,Fire Fighting,L5,Yes,Mandatory
EQ00002434,Emergency Response,L3,Yes,Mandatory
EQ00002434,Gas Detection,L3,No,Mandatory
EQ00002434,Permit to Work,L5,No,Mandatory
EQ00002435,Rotating Equipment,L3,No,Mandatory
EQ00002435,Lubrication,L4,Yes,Mandatory
EQ00002436,Permit to Work,L4,Yes,Mandatory
EQ00002436,Process Operations,L4,Yes,Mandatory
EQ00002437,Hydrotest Safety,L5,Yes,Mandatory
EQ00002437,Isolation/LOTO,L4,Yes,Mandatory
EQ00002437,Pressure Vessel Safety,L3,Yes,Preferred
EQ00002437,Permit to Work,L3,No,Mandatory
EQ00002437,Mechanical Inspection,L3,No,Preferred
EQ00002438,Permit to Work,L3,Yes,Mandatory
EQ00002438,Line of Fire Awareness,L5,Yes,Mandatory
EQ00002438,Drilling Operations,L3,Yes,Mandatory
EQ00002438,LOTO,L4,Yes,Preferred
EQ00002438,Rig Floor Safety,L4,No,Preferred
EQ00002439,LOTO,L3,No,Mandatory
EQ00002439,Line of Fire Awareness,L3,No,Mandatory
EQ00002439,Well Control,L4,Yes,Mandatory
EQ00002439,Rig Floor Safety,L4,Yes,Mandatory
EQ00002440,Calibration,L5,Yes,Mandatory
EQ00002440,Instrumentation,L3,No,Mandatory
EQ00002440,Control Systems,L4,Yes,Preferred
EQ00002440,LOTO,L5,No,Mandatory
EQ00002440,SIS/ESD,L3,Yes,Mandatory
EQ00002441,Pressure Testing,L3,No,Mandatory
EQ00002441,Isolation/LOTO,L4,Yes,Mandatory
EQ00002442,Valve Maintenance,L4,Yes,Mandatory
EQ00002442,Isolation/LOTO,L5,Yes,Mandatory
EQ00002443,Pipeline Operations,L4,Yes,Preferred
EQ00002443,Pressure Testing,L3,Yes,Preferred
EQ00002444,Isolation/LOTO,L4,Yes,Mandatory
EQ00002444,Valve Maintenance,L5,Yes,Preferred
EQ00002444,Pressure Testing,L4,Yes,Mandatory
EQ00002445,Permit to Work,L4,Yes,Mandatory
EQ00002445,Rig Floor Safety,L5,Yes,Mandatory
EQ00002445,Drilling Operations,L4,Yes,Preferred
EQ00002445,Well Control,L4,Yes,Mandatory
EQ00002446,Hydrotest Safety,L3,No,Mandatory
EQ00002446,Permit to Work,L3,No,Mandatory
EQ00002447,Line of Fire Awareness,L4,Yes,Mandatory
EQ00002447,Well Control,L4,Yes,Mandatory
EQ00002447,Drilling Operations,L3,Yes,Mandatory
EQ00002447,Permit to Work,L4,No,Preferred
EQ00002447,Rig Floor Safety,L5,Yes,Mandatory
EQ00002448,Journey Management,L3,Yes,Mandatory
EQ00002448,Hazardous Material Transport,L5,Yes,Preferred
EQ00002448,Vehicle Inspection,L4,Yes,Mandatory
EQ00002448,Defensive Driving,L5,Yes,Mandatory
EQ00002449,SIS/ESD,L4,Yes,Mandatory
EQ00002449,Control Systems,L4,Yes,Mandatory
EQ00002449,Calibration,L4,Yes,Preferred
EQ00002449,LOTO,L4,No,Mandatory
EQ00002449,Instrumentation,L4,Yes,Mandatory
EQ00002450,LOTO,L4,Yes,Preferred
EQ00002450,Line of Fire Awareness,L3,No,Preferred
EQ00002450,Permit to Work,L5,Yes,Preferred
EQ00002450,Rig Floor Safety,L4,Yes,Mandatory
EQ00002450,Drilling Operations,L4,No,Mandatory
EQ00002451,Permit to Work,L3,Yes,Preferred
EQ00002451,Pressure Systems Safety,L3,Yes,Preferred
EQ00002451,Gas Testing,L3,Yes,Preferred
EQ00002451,Process Operations,L3,Yes,Mandatory
EQ00002452,Instrumentation,L4,No,Mandatory
EQ00002452,LOTO,L5,No,Mandatory
EQ00002452,Control Systems,L3,No,Preferred
EQ00002453,Wastewater Operations,L3,Yes,Mandatory
EQ00002453,Chemical Handling,L4,Yes,Preferred
EQ00002453,Process Safety,L4,No,Preferred
EQ00002454,Permit to Work,L4,No,Preferred
EQ00002454,Process Operations,L3,No,Preferred
EQ00002454,Gas Testing,L5,Yes,Preferred
EQ00002455,Process Safety,L3,Yes,Mandatory
EQ00002455,Environmental Monitoring,L5,Yes,Mandatory
EQ00002455,Wastewater Operations,L5,Yes,Mandatory
EQ00002455,Chemical Handling,L4,Yes,Preferred
EQ00002456,Permit to Work,L4,Yes,Mandatory
EQ00002456,Gas Detection,L3,Yes,Preferred
EQ00002456,Fire Fighting,L4,No,Mandatory
EQ00002456,Fire Water Systems,L3,Yes,Mandatory
EQ00002456,Emergency Response,L5,No,Mandatory
EQ00002457,Mechanical Inspection,L5,Yes,Mandatory
EQ00002457,Permit to Work,L3,No,Preferred
EQ00002458,LOTO,L5,No,Preferred
EQ00002458,Workshop Safety,L5,Yes,Mandatory
EQ00002458,Welding Safety,L5,Yes,Preferred
EQ00002459,Pressure Systems Safety,L5,Yes,Mandatory
EQ00002459,Process Operations,L4,Yes,Mandatory
EQ00002460,Process Isolation,L3,No,Mandatory
EQ00002460,Process Operations,L3,No,Mandatory
EQ00002460,Permit to Work,L4,Yes,Mandatory
EQ00002460,Pressure Systems Safety,L5,Yes,Preferred
EQ00002460,Gas Testing,L3,Yes,Mandatory
EQ00002461,Alignment,L4,No,Mandatory
EQ00002461,Pump Maintenance,L4,No,Preferred
EQ00002461,Lubrication,L4,Yes,Mandatory
EQ00002461,LOTO,L3,Yes,Mandatory
EQ00002462,Well Control,L5,Yes,Preferred
EQ00002462,Permit to Work,L4,No,Mandatory
EQ00002462,Line of Fire Awareness,L5,Yes,Preferred
EQ00002463,Permit to Work,L5,No,Preferred
EQ00002463,Well Control,L3,Yes,Mandatory
EQ00002463,Rig Floor Safety,L3,Yes,Mandatory
EQ00002464,Permit to Work,L3,Yes,Mandatory
EQ00002464,Fire Fighting,L3,No,Mandatory
EQ00002464,Fire Water Systems,L5,No,Mandatory
EQ00002464,Emergency Response,L5,Yes,Preferred
EQ00002465,Well Control,L5,Yes,Mandatory
EQ00002465,LOTO,L4,No,Mandatory
EQ00002465,Rig Floor Safety,L5,No,Mandatory
EQ00002465,Drilling Operations,L3,Yes,Mandatory
EQ00002465,Line of Fire Awareness,L5,Yes,Mandatory
EQ00002466,Well Control,L5,Yes,Mandatory
EQ00002466,Drilling Operations,L4,No,Preferred
EQ00002466,Line of Fire Awareness,L5,Yes,Preferred
EQ00002466,Rig Floor Safety,L5,Yes,Preferred
EQ00002467,Line of Fire Awareness,L3,Yes,Mandatory
EQ00002467,Rig Floor Safety,L3,No,Preferred
EQ00002468,Permit to Work,L4,No,Mandatory
EQ00002468,Mechanical Inspection,L3,No,Preferred
EQ00002469,Hot Work,L5,No,Mandatory
EQ00002469,Machine Tool Operation,L4,Yes,Mandatory
EQ00002469,Welding Safety,L5,No,Mandatory
EQ00002470,Gas Testing,L4,No,Mandatory
EQ00002470,Permit to Work,L5,Yes,Mandatory
EQ00002470,Pressure Systems Safety,L3,Yes,Preferred
EQ00002470,Process Isolation,L4,Yes,Preferred
EQ00002471,Pressure Systems Safety,L4,No,Preferred
EQ00002471,Process Isolation,L3,Yes,Mandatory
EQ00002471,Gas Testing,L3,Yes,Mandatory
EQ00002472,Hazardous Material Transport,L3,Yes,Preferred
EQ00002472,Vehicle Inspection,L5,Yes,Mandatory
EQ00002472,Journey Management,L4,No,Mandatory
EQ00002473,Process Safety,L4,Yes,Preferred
EQ00002473,Wastewater Operations,L5,Yes,Mandatory
EQ00002473,Chemical Handling,L5,Yes,Mandatory
EQ00002474,LOTO,L5,No,Preferred
EQ00002474,Permit to Work,L5,No,Mandatory
EQ00002474,Line of Fire Awareness,L4,Yes,Mandatory
EQ00002474,Well Control,L3,Yes,Preferred
EQ00002474,Drilling Operations,L3,Yes,Preferred
EQ00002475,Line of Fire Awareness,L3,Yes,Mandatory
EQ00002475,Permit to Work,L4,Yes,Preferred
EQ00002475,Drilling Operations,L3,Yes,Mandatory
EQ00002476,Environmental Monitoring,L5,No,Mandatory
EQ00002476,Chemical Handling,L5,No,Mandatory
EQ00002476,Process Safety,L5,Yes,Preferred
EQ00002477,Process Isolation,L4,No,Preferred
EQ00002477,Gas Testing,L5,Yes,Mandatory
EQ00002477,Process Operations,L4,No,Mandatory
EQ00002478,Emergency Response,L5,Yes,Mandatory
EQ00002478,Permit to Work,L4,Yes,Mandatory
EQ00002478,Gas Detection,L3,No,Mandatory
EQ00002478,Fire Water Systems,L5,Yes,Preferred
EQ00002479,Fire Water Systems,L3,Yes,Mandatory
EQ00002479,Permit to Work,L4,Yes,Mandatory
EQ00002479,Emergency Response,L5,No,Mandatory
EQ00002479,Fire Fighting,L3,No,Preferred
EQ00002480,Calibration,L4,Yes,Mandatory
EQ00002480,SIS/ESD,L5,Yes,Preferred
EQ00002480,Instrumentation,L4,Yes,Mandatory
EQ00002480,LOTO,L3,Yes,Preferred
EQ00002480,Control Systems,L5,Yes,Preferred
EQ00002481,Lifting Gear Inspection,L5,Yes,Preferred
EQ00002481,Rigging,L3,Yes,Mandatory
EQ00002481,Line of Fire Awareness,L5,Yes,Mandatory
EQ00002481,Crane Operation,L3,No,Preferred
EQ00002481,Lifting Operations,L5,Yes,Preferred
EQ00002482,Pump Maintenance,L5,No,Mandatory
EQ00002482,Rotating Equipment,L3,Yes,Preferred
EQ00002482,Lubrication,L5,No,Mandatory
EQ00002483,Lifting Operations,L5,No,Mandatory
EQ00002483,Rigging,L5,Yes,Preferred
EQ00002483,Lifting Gear Inspection,L5,Yes,Preferred
EQ00002483,Line of Fire Awareness,L5,Yes,Mandatory
EQ00002483,Crane Operation,L4,Yes,Mandatory
EQ00002484,Hydrotest Safety,L3,Yes,Mandatory
EQ00002484,Mechanical Inspection,L5,Yes,Mandatory
EQ00002484,Isolation/LOTO,L5,No,Mandatory
EQ00002485,Permit to Work,L4,Yes,Mandatory
EQ00002485,LOTO,L4,Yes,Mandatory
EQ00002485,Rig Floor Safety,L4,No,Mandatory
EQ00002486,Rig Floor Safety,L4,Yes,Mandatory
EQ00002486,Drilling Operations,L4,Yes,Mandatory
EQ00002486,Well Control,L3,No,Mandatory
EQ00002486,Permit to Work,L3,Yes,Mandatory
EQ00002486,LOTO,L3,Yes,Preferred
EQ00002487,Calibration,L4,Yes,Mandatory
EQ00002487,Control Systems,L4,Yes,Preferred
EQ00002487,SIS/ESD,L4,No,Mandatory
EQ00002488,Defensive Driving,L3,No,Preferred
EQ00002488,Hazardous Material Transport,L5,Yes,Mandatory
EQ00002489,Vibration Monitoring,L3,No,Preferred
EQ00002489,Alignment,L5,Yes,Mandatory
EQ00002490,Emergency Response,L5,No,Mandatory
EQ00002490,Fire Water Systems,L3,No,Mandatory
EQ00002490,Gas Detection,L5,No,Mandatory
EQ00002490,Fire Fighting,L5,Yes,Mandatory
EQ00002490,Permit to Work,L4,Yes,Mandatory
EQ00002491,Isolation/LOTO,L3,No,Mandatory
EQ00002491,Pipeline Operations,L4,No,Preferred
EQ00002492,Pipeline Operations,L5,Yes,Mandatory
EQ00002492,Valve Maintenance,L3,No,Preferred
EQ00002492,Permit to Work,L4,No,Mandatory
EQ00002492,Pressure Testing,L5,No,Preferred
EQ00002493,LOTO,L3,Yes,Preferred
EQ00002493,Permit to Work,L4,No,Mandatory
EQ00002494,Electrical Safety,L3,Yes,Mandatory
EQ00002494,Arc Flash Awareness,L4,No,Preferred
EQ00002494,Motor Maintenance,L3,No,Mandatory
EQ00002495,LOTO,L5,No,Mandatory
EQ00002495,Calibration,L3,No,Preferred
EQ00002496,Pipeline Operations,L4,Yes,Preferred
EQ00002496,Permit to Work,L5,Yes,Preferred
EQ00002497,Mechanical Inspection,L4,Yes,Preferred
EQ00002497,Isolation/LOTO,L4,Yes,Preferred
EQ00002497,Permit to Work,L3,Yes,Mandatory
EQ00002497,Pressure Vessel Safety,L3,Yes,Mandatory
EQ00002497,Hydrotest Safety,L5,No,Mandatory
EQ00002498,Line of Fire Awareness,L4,Yes,Mandatory
EQ00002498,LOTO,L3,No,Preferred
EQ00002498,Well Control,L5,No,Mandatory
EQ00002499,Environmental Monitoring,L4,No,Mandatory
EQ00002499,Chemical Handling,L3,Yes,Mandatory
EQ00002499,Wastewater Operations,L5,Yes,Mandatory
EQ00002499,Process Safety,L4,Yes,Preferred
EQ00002500,SIS/ESD,L4,Yes,Mandatory
EQ00002500,Control Systems,L3,No,Preferred
EQ00002500,Instrumentation,L4,Yes,Preferred
EQ00002500,LOTO,L4,Yes,Mandatory
EQ00002501,SIS/ESD,L5,Yes,Mandatory
EQ00002501,Control Systems,L5,Yes,Preferred
EQ00002501,LOTO,L3,Yes,Mandatory
EQ00002501,Instrumentation,L4,No,Mandatory
EQ00002502,Switchgear Operation,L3,Yes,Mandatory
EQ00002502,Electrical Isolation/LOTO,L3,Yes,Preferred
EQ00002503,Machine Tool Operation,L3,No,Mandatory
EQ00002503,Workshop Safety,L4,Yes,Preferred
EQ00002503,Welding Safety,L5,Yes,Preferred
EQ00002504,Pressure Systems Safety,L3,Yes,Mandatory
EQ00002504,Permit to Work,L5,No,Mandatory
EQ00002504,Process Operations,L4,Yes,Mandatory
EQ00002504,Process Isolation,L5,No,Mandatory
EQ00002505,Gas Detection,L5,Yes,Mandatory
EQ00002505,Permit to Work,L4,No,Mandatory
EQ00002506,Workshop Safety,L3,No,Mandatory
EQ00002506,Machine Tool Operation,L3,Yes,Mandatory
EQ00002507,Pressure Testing,L3,Yes,Mandatory
EQ00002507,Permit to Work,L3,Yes,Mandatory
EQ00002507,Isolation/LOTO,L5,Yes,Mandatory
EQ00002507,Valve Maintenance,L4,No,Preferred
EQ00002508,Emergency Response,L4,Yes,Mandatory
EQ00002508,Fire Water Systems,L5,Yes,Preferred
EQ00002508,Gas Detection,L5,Yes,Preferred
EQ00002508,Fire Fighting,L3,Yes,Mandatory
EQ00002509,Emergency Response,L5,Yes,Mandatory
EQ00002509,Fire Water Systems,L4,Yes,Preferred
EQ00002509,Gas Detection,L4,Yes,Mandatory
EQ00002509,Permit to Work,L5,No,Mandatory
EQ00002510,Hazardous Material Transport,L4,No,Mandatory
EQ00002510,Defensive Driving,L5,No,Mandatory
EQ00002510,Journey Management,L3,Yes,Mandatory
EQ00002511,Arc Flash Awareness,L3,No,Mandatory
EQ00002511,Electrical Safety,L5,Yes,Mandatory
EQ00002511,Switchgear Operation,L3,Yes,Mandatory
EQ00002512,LOTO,L3,Yes,Mandatory
EQ00002512,Line of Fire Awareness,L4,Yes,Preferred
EQ00002513,Drilling Operations,L5,Yes,Preferred
EQ00002513,Rig Floor Safety,L4,Yes,Mandatory
EQ00002513,Permit to Work,L3,No,Mandatory
EQ00002513,LOTO,L3,Yes,Mandatory
EQ00002513,Well Control,L5,No,Preferred
EQ00002514,Permit to Work,L3,Yes,Mandatory
EQ00002514,Process Operations,L4,No,Preferred
EQ00002515,Journey Management,L4,Yes,Preferred
EQ00002515,Vehicle Inspection,L5,Yes,Mandatory
EQ00002515,Hazardous Material Transport,L4,Yes,Mandatory
EQ00002516,Fire Water Systems,L4,Yes,Mandatory
EQ00002516,Emergency Response,L4,Yes,Preferred
EQ00002516,Permit to Work,L4,Yes,Preferred
EQ00002517,LOTO,L4,No,Preferred
EQ00002517,Hot Work,L5,Yes,Mandatory
EQ00002517,Machine Tool Operation,L5,Yes,Mandatory
EQ00002518,LOTO,L3,Yes,Mandatory
EQ00002518,Workshop Safety,L3,Yes,Mandatory
EQ00002518,Welding Safety,L4,Yes,Mandatory
EQ00002518,Hot Work,L4,Yes,Preferred
EQ00002519,Lubrication,L5,Yes,Mandatory
EQ00002519,Rotating Equipment,L3,Yes,Mandatory
EQ00002519,Pump Maintenance,L3,Yes,Mandatory
EQ00002519,Alignment,L5,Yes,Mandatory
EQ00002519,LOTO,L4,No,Preferred
EQ00002520,Lifting Gear Inspection,L4,Yes,Mandatory
EQ00002520,Rigging,L3,No,Mandatory
EQ00002521,Drilling Operations,L4,No,Mandatory
EQ00002521,LOTO,L3,Yes,Mandatory
EQ00002522,Mechanical Inspection,L5,Yes,Preferred
EQ00002522,Hydrotest Safety,L5,Yes,Mandatory
EQ00002522,Isolation/LOTO,L3,Yes,Mandatory
EQ00002522,Pressure Vessel Safety,L5,No,Mandatory
EQ00002522,Permit to Work,L4,Yes,Preferred
EQ00002523,Line of Fire Awareness,L3,Yes,Mandatory
EQ00002523,Lifting Gear Inspection,L4,No,Mandatory
EQ00002523,Crane Operation,L4,No,Mandatory
EQ00002523,Lifting Operations,L5,No,Mandatory
EQ00002523,Rigging,L5,Yes,Mandatory
EQ00002524,Arc Flash Awareness,L4,No,Preferred
EQ00002524,Electrical Isolation/LOTO,L5,Yes,Mandatory
EQ00002524,Electrical Safety,L4,Yes,Preferred
EQ00002524,Switchgear Operation,L4,Yes,Mandatory
EQ00002524,Motor Maintenance,L3,No,Mandatory
EQ00002525,SIS/ESD,L5,Yes,Mandatory
EQ00002525,Instrumentation,L4,No,Mandatory
EQ00002526,LOTO,L5,Yes,Mandatory
EQ00002526,SIS/ESD,L3,Yes,Mandatory
EQ00002526,Control Systems,L4,No,Mandatory
EQ00002526,Instrumentation,L5,Yes,Preferred
EQ00002526,Calibration,L5,Yes,Mandatory
EQ00002527,Gas Detection,L4,Yes,Mandatory
EQ00002527,Permit to Work,L5,Yes,Mandatory
EQ00002528,Well Control,L3,No,Mandatory
EQ00002528,Line of Fire Awareness,L3,No,Preferred
EQ00002528,Permit to Work,L3,No,Mandatory
EQ00002528,LOTO,L3,Yes,Mandatory
EQ00002529,Crane Operation,L3,No,Mandatory
EQ00002529,Lifting Operations,L3,Yes,Mandatory
EQ00002529,Line of Fire Awareness,L4,Yes,Mandatory
EQ00002530,Switchgear Operation,L3,Yes,Mandatory
EQ00002530,Arc Flash Awareness,L3,No,Mandatory
EQ00002530,Motor Maintenance,L3,No,Mandatory
EQ00002530,Electrical Isolation/LOTO,L3,Yes,Mandatory
EQ00002530,Electrical Safety,L4,No,Mandatory
EQ00002531,Emergency Response,L4,Yes,Mandatory
EQ00002531,Permit to Work,L5,No,Preferred
EQ00002531,Fire Fighting,L3,No,Mandatory
EQ00002531,Gas Detection,L4,Yes,Preferred
EQ00002531,Fire Water Systems,L4,No,Mandatory
EQ00002532,LOTO,L3,Yes,Mandatory
EQ00002532,Drilling Operations,L4,Yes,Mandatory
EQ00002532,Line of Fire Awareness,L4,No,Mandatory
EQ00002532,Rig Floor Safety,L3,Yes,Preferred
EQ00002532,Well Control,L5,Yes,Mandatory
EQ00002533,Permit to Work,L3,No,Preferred
EQ00002533,Gas Detection,L3,Yes,Mandatory
EQ00002533,Fire Water Systems,L5,Yes,Mandatory
EQ00002533,Fire Fighting,L3,Yes,Mandatory
EQ00002533,Emergency Response,L3,Yes,Preferred
EQ00002534,Gas Detection,L3,Yes,Mandatory
EQ00002534,Permit to Work,L3,Yes,Mandatory
EQ00002534,Emergency Response,L4,Yes,Preferred
EQ00002535,Arc Flash Awareness,L5,Yes,Mandatory
EQ00002535,Motor Maintenance,L5,Yes,Mandatory
EQ00002535,Electrical Safety,L3,Yes,Mandatory
EQ00002536,Instrumentation,L4,No,Mandatory
EQ00002536,Calibration,L5,No,Preferred
EQ00002537,Isolation/LOTO,L3,No,Mandatory
EQ00002537,Permit to Work,L3,Yes,Mandatory
EQ00002537,Hydrotest Safety,L5,Yes,Mandatory
EQ00002537,Pressure Vessel Safety,L3,No,Mandatory
EQ00002537,Mechanical Inspection,L5,No,Mandatory
EQ00002538,Vibration Monitoring,L5,No,Mandatory
EQ00002538,Alignment,L5,Yes,Preferred
EQ00002538,LOTO,L3,Yes,Mandatory
EQ00002539,Process Safety,L3,Yes,Preferred
EQ00002539,Chemical Handling,L3,Yes,Mandatory
EQ00002540,Valve Maintenance,L4,Yes,Preferred
EQ00002540,Pipeline Operations,L4,No,Mandatory
EQ00002541,Machine Tool Operation,L4,No,Preferred
EQ00002541,Welding Safety,L5,Yes,Mandatory
EQ00002541,Workshop Safety,L3,No,Preferred
EQ00002541,LOTO,L3,Yes,Mandatory
EQ00002541,Hot Work,L3,No,Mandatory
EQ00002542,Rig Floor Safety,L4,No,Mandatory
EQ00002542,Well Control,L5,No,Mandatory
EQ00002542,Permit to Work,L4,Yes,Mandatory
EQ00002543,Motor Maintenance,L5,Yes,Preferred
EQ00002543,Electrical Safety,L3,No,Mandatory
EQ00002543,Arc Flash Awareness,L3,No,Preferred
EQ00002543,Switchgear Operation,L3,No,Mandatory
EQ00002543,Electrical Isolation/LOTO,L5,Yes,Mandatory
EQ00002544,Gas Detection,L5,Yes,Preferred
EQ00002544,Fire Water Systems,L3,Yes,Preferred
EQ00002544,Emergency Response,L3,Yes,Preferred
EQ00002545,Motor Maintenance,L3,No,Mandatory
EQ00002545,Arc Flash Awareness,L5,Yes,Mandatory
EQ00002546,Process Operations,L5,No,Mandatory
EQ00002546,Process Isolation,L4,Yes,Mandatory
EQ00002547,Pressure Vessel Safety,L4,Yes,Preferred
EQ00002547,Hydrotest Safety,L5,No,Mandatory
EQ00002547,Permit to Work,L4,No,Mandatory
EQ00002547,Isolation/LOTO,L4,No,Mandatory
EQ00002548,Well Control,L3,Yes,Mandatory
EQ00002548,Drilling Operations,L4,Yes,Mandatory
EQ00002548,Line of Fire Awareness,L3,Yes,Mandatory
EQ00002548,Rig Floor Safety,L3,Yes,Mandatory
EQ00002548,Permit to Work,L5,Yes,Preferred
EQ00002549,LOTO,L3,No,Mandatory
EQ00002549,Machine Tool Operation,L3,No,Mandatory
EQ00002549,Workshop Safety,L3,Yes,Preferred
EQ00002550,Defensive Driving,L3,No,Mandatory
EQ00002550,Journey Management,L5,No,Mandatory
EQ00002551,Hydrotest Safety,L3,Yes,Mandatory
EQ00002551,Permit to Work,L4,No,Mandatory
EQ00002551,Mechanical Inspection,L4,Yes,Preferred
EQ00002551,Isolation/LOTO,L4,Yes,Mandatory
EQ00002551,Pressure Vessel Safety,L3,Yes,Mandatory
EQ00002552,Instrumentation,L5,Yes,Preferred
EQ00002552,Calibration,L3,Yes,Preferred
EQ00002552,Control Systems,L4,Yes,Mandatory
EQ00002552,LOTO,L4,Yes,Mandatory
EQ00002552,SIS/ESD,L5,Yes,Mandatory
EQ00002553,Permit to Work,L4,No,Mandatory
EQ00002553,Process Isolation,L5,Yes,Preferred
EQ00002554,Defensive Driving,L5,Yes,Mandatory
EQ00002554,Journey Management,L4,Yes,Mandatory
EQ00002554,Vehicle Inspection,L5,Yes,Mandatory
EQ00002554,Hazardous Material Transport,L5,Yes,Preferred
EQ00002555,Electrical Safety,L3,Yes,Mandatory
EQ00002555,Electrical Isolation/LOTO,L3,Yes,Mandatory
EQ00002555,Motor Maintenance,L5,No,Mandatory
EQ00002555,Switchgear Operation,L5,Yes,Mandatory
EQ00002556,Isolation/LOTO,L5,Yes,Preferred
EQ00002556,Permit to Work,L4,No,Preferred
EQ00002556,Mechanical Inspection,L5,Yes,Mandatory
EQ00002556,Pressure Vessel Safety,L5,Yes,Mandatory
EQ00002557,Pressure Systems Safety,L4,No,Preferred
EQ00002557,Process Isolation,L4,Yes,Preferred
EQ00002557,Permit to Work,L3,Yes,Mandatory
EQ00002558,Permit to Work,L5,Yes,Preferred
EQ00002558,Pressure Vessel Safety,L3,Yes,Preferred
EQ00002558,Isolation/LOTO,L5,Yes,Mandatory
EQ00002558,Hydrotest Safety,L5,Yes,Mandatory
EQ00002558,Mechanical Inspection,L3,Yes,Mandatory
EQ00002559,Drilling Operations,L4,Yes,Preferred
EQ00002559,LOTO,L5,No,Preferred
EQ00002559,Rig Floor Safety,L5,Yes,Mandatory
EQ00002559,Well Control,L3,Yes,Mandatory
EQ00002560,Pipeline Operations,L5,Yes,Preferred
EQ00002560,Pressure Testing,L4,Yes,Mandatory
EQ00002561,Pressure Testing,L3,No,Preferred
EQ00002561,Permit to Work,L3,Yes,Mandatory
EQ00002562,LOTO,L4,Yes,Mandatory
EQ00002562,Permit to Work,L4,Yes,Mandatory
EQ00002562,Drilling Operations,L3,No,Mandatory
EQ00002562,Rig Floor Safety,L4,Yes,Mandatory
EQ00002562,Well Control,L4,Yes,Preferred
EQ00002563,Welding Safety,L5,Yes,Preferred
EQ00002563,Workshop Safety,L5,No,Mandatory
EQ00002563,Machine Tool Operation,L5,No,Mandatory
EQ00002563,Hot Work,L5,Yes,Preferred
EQ00002563,LOTO,L4,No,Mandatory
EQ00002564,Lubrication,L5,Yes,Mandatory
EQ00002564,Pump Maintenance,L5,Yes,Mandatory
EQ00002564,LOTO,L4,Yes,Preferred
EQ00002564,Rotating Equipment,L4,Yes,Mandatory
EQ00002564,Alignment,L4,Yes,Mandatory
EQ00002565,Line of Fire Awareness,L4,No,Preferred
EQ00002565,Lifting Operations,L4,Yes,Mandatory
EQ00002566,Machine Tool Operation,L3,No,Preferred
EQ00002566,Hot Work,L5,Yes,Mandatory
EQ00002566,Workshop Safety,L4,Yes,Mandatory
EQ00002566,LOTO,L4,No,Mandatory
EQ00002567,Process Isolation,L4,No,Mandatory
EQ00002567,Process Operations,L5,Yes,Mandatory
EQ00002567,Permit to Work,L4,No,Mandatory
EQ00002567,Gas Testing,L3,No,Mandatory
EQ00002567,Pressure Systems Safety,L4,Yes,Mandatory
EQ00002568,Permit to Work,L3,Yes,Preferred
EQ00002568,Process Isolation,L3,Yes,Preferred
EQ00002568,Pressure Systems Safety,L4,Yes,Mandatory
EQ00002568,Gas Testing,L3,Yes,Preferred
EQ00002569,Process Safety,L3,No,Mandatory
EQ00002569,Wastewater Operations,L5,Yes,Mandatory
EQ00002569,Chemical Handling,L5,No,Preferred
EQ00002569,Environmental Monitoring,L3,Yes,Mandatory
EQ00002570,Permit to Work,L4,Yes,Mandatory
EQ00002570,Process Operations,L5,No,Mandatory
EQ00002570,Pressure Systems Safety,L3,Yes,Mandatory
EQ00002570,Process Isolation,L4,Yes,Preferred
EQ00002571,SIS/ESD,L3,Yes,Mandatory
EQ00002571,Control Systems,L5,Yes,Preferred
EQ00002571,Instrumentation,L3,Yes,Mandatory
EQ00002571,LOTO,L5,Yes,Mandatory
EQ00002571,Calibration,L3,Yes,Preferred
EQ00002572,Welding Safety,L3,Yes,Mandatory
EQ00002572,LOTO,L5,Yes,Preferred
EQ00002572,Machine Tool Operation,L3,Yes,Mandatory
EQ00002572,Hot Work,L3,Yes,Mandatory
EQ00002572,Workshop Safety,L5,Yes,Preferred
EQ00002573,Welding Safety,L4,No,Mandatory
EQ00002573,LOTO,L4,No,Mandatory
EQ00002573,Workshop Safety,L3,No,Mandatory
EQ00002574,Fire Water Systems,L4,No,Preferred
EQ00002574,Gas Detection,L5,No,Mandatory
EQ00002574,Permit to Work,L4,No,Mandatory
EQ00002574,Emergency Response,L4,Yes,Mandatory
EQ00002575,Workshop Safety,L4,Yes,Preferred
EQ00002575,Hot Work,L3,Yes,Mandatory
EQ00002575,Welding Safety,L4,Yes,Mandatory
EQ00002575,Machine Tool Operation,L5,No,Mandatory
EQ00002575,LOTO,L5,Yes,Mandatory
EQ00002576,Alignment,L3,No,Mandatory
EQ00002576,Pump Maintenance,L5,Yes,Preferred
EQ00002576,Lubrication,L5,Yes,Mandatory
EQ00002576,LOTO,L5,No,Preferred
EQ00002577,Lifting Operations,L3,Yes,Mandatory
EQ00002577,Crane Operation,L4,No,Mandatory
EQ00002578,Pressure Vessel Safety,L5,Yes,Mandatory
EQ00002578,Isolation/LOTO,L4,Yes,Mandatory
EQ00002578,Mechanical Inspection,L3,No,Mandatory
EQ00002578,Permit to Work,L5,Yes,Mandatory
EQ00002578,Hydrotest Safety,L5,Yes,Preferred
EQ00002579,Pipeline Operations,L4,No,Mandatory
EQ00002579,Valve Maintenance,L3,Yes,Mandatory
EQ00002579,Pressure Testing,L4,Yes,Preferred
EQ00002580,Pump Maintenance,L3,Yes,Preferred
EQ00002580,Lubrication,L5,No,Mandatory
EQ00002580,Alignment,L4,Yes,Preferred
EQ00002580,Rotating Equipment,L5,Yes,Mandatory
EQ00002581,Fire Water Systems,L4,No,Preferred
EQ00002581,Fire Fighting,L5,No,Preferred
EQ00002581,Gas Detection,L3,Yes,Mandatory
EQ00002581,Emergency Response,L5,Yes,Mandatory
EQ00002581,Permit to Work,L4,No,Mandatory
EQ00002582,Lifting Operations,L3,Yes,Mandatory
EQ00002582,Line of Fire Awareness,L4,Yes,Mandatory
EQ00002582,Lifting Gear Inspection,L5,Yes,Preferred
EQ00002582,Rigging,L3,No,Preferred
EQ00002582,Crane Operation,L4,No,Mandatory
EQ00002583,Welding Safety,L3,Yes,Preferred
EQ00002583,Hot Work,L5,No,Mandatory
EQ00002584,Permit to Work,L4,No,Mandatory
EQ00002584,Fire Water Systems,L4,No,Mandatory
EQ00002585,Control Systems,L3,Yes,Mandatory
EQ00002585,LOTO,L3,No,Preferred
EQ00002585,Calibration,L4,Yes,Preferred
EQ00002585,Instrumentation,L5,No,Mandatory
EQ00002585,SIS/ESD,L4,Yes,Mandatory
EQ00002586,Wastewater Operations,L3,Yes,Preferred
EQ00002586,Chemical Handling,L4,No,Preferred
EQ00002586,Process Safety,L5,Yes,Mandatory
EQ00002587,Alignment,L5,Yes,Preferred
EQ00002587,LOTO,L4,Yes,Preferred
EQ00002588,Pressure Vessel Safety,L5,No,Preferred
EQ00002588,Isolation/LOTO,L3,Yes,Preferred
EQ00002589,Process Isolation,L5,Yes,Preferred
EQ00002589,Permit to Work,L3,Yes,Preferred
EQ00002589,Pressure Systems Safety,L5,Yes,Mandatory
EQ00002589,Gas Testing,L5,Yes,Mandatory
EQ00002589,Process Operations,L3,Yes,Mandatory
EQ00002590,LOTO,L4,No,Mandatory
EQ00002590,Hot Work,L3,Yes,Preferred
EQ00002590,Machine Tool Operation,L3,Yes,Mandatory
EQ00002590,Welding Safety,L3,Yes,Mandatory
EQ00002590,Workshop Safety,L3,Yes,Preferred
EQ00002591,Calibration,L3,Yes,Preferred
EQ00002591,Instrumentation,L3,Yes,Mandatory
EQ00002592,Journey Management,L4,Yes,Mandatory
EQ00002592,Hazardous Material Transport,L4,Yes,Preferred
EQ00002593,Hydrotest Safety,L3,Yes,Mandatory
EQ00002593,Pressure Vessel Safety,L4,No,Preferred
EQ00002593,Permit to Work,L3,Yes,Preferred
EQ00002594,Line of Fire Awareness,L4,No,Preferred
EQ00002594,Drilling Operations,L3,No,Mandatory
EQ00002594,LOTO,L4,No,Mandatory
EQ00002594,Well Control,L5,Yes,Mandatory
EQ00002594,Permit to Work,L3,No,Preferred
EQ00002595,Isolation/LOTO,L5,Yes,Preferred
EQ00002595,Hydrotest Safety,L4,No,Mandatory
EQ00002595,Permit to Work,L4,No,Preferred
EQ00002595,Pressure Vessel Safety,L5,Yes,Mandatory
EQ00002596,Pump Maintenance,L5,No,Mandatory
EQ00002596,LOTO,L5,No,Mandatory
EQ00002597,Electrical Safety,L5,Yes,Preferred
EQ00002597,Switchgear Operation,L5,Yes,Mandatory
EQ00002598,Vibration Monitoring,L4,No,Mandatory
EQ00002598,Alignment,L3,Yes,Mandatory
EQ00002598,Pump Maintenance,L5,No,Mandatory
EQ00002598,Rotating Equipment,L4,No,Mandatory
EQ00002599,Rig Floor Safety,L5,Yes,Mandatory
EQ00002599,LOTO,L5,Yes,Mandatory
EQ00002600,Workshop Safety,L3,Yes,Mandatory
EQ00002600,LOTO,L5,Yes,Mandatory
EQ00002600,Hot Work,L4,Yes,Mandatory
EQ00002601,Lifting Operations,L3,Yes,Preferred
EQ00002601,Rigging,L4,No,Mandatory
EQ00002602,Pressure Vessel Safety,L4,Yes,Mandatory
EQ00002602,Mechanical Inspection,L5,Yes,Mandatory
EQ00002603,Instrumentation,L5,No,Preferred
EQ00002603,SIS/ESD,L5,No,Preferred
EQ00002603,LOTO,L4,Yes,Preferred
EQ00002603,Calibration,L4,Yes,Mandatory
EQ00002604,Defensive Driving,L4,Yes,Preferred
EQ00002604,Journey Management,L5,No,Mandatory
EQ00002605,Arc Flash Awareness,L4,No,Preferred
EQ00002605,Motor Maintenance,L4,Yes,Preferred
EQ00002605,Electrical Isolation/LOTO,L3,No,Mandatory
EQ00002606,Chemical Handling,L5,Yes,Mandatory
EQ00002606,Wastewater Operations,L3,Yes,Mandatory
EQ00002606,Process Safety,L5,No,Preferred
EQ00002606,Environmental Monitoring,L4,Yes,Mandatory
EQ00002607,Permit to Work,L3,Yes,Mandatory
EQ00002607,Mechanical Inspection,L5,Yes,Mandatory
EQ00002608,Alignment,L5,Yes,Mandatory
EQ00002608,Lubrication,L5,Yes,Mandatory
EQ00002608,Vibration Monitoring,L5,No,Preferred
EQ00002608,LOTO,L5,Yes,Preferred
EQ00002609,Wastewater Operations,L4,Yes,Preferred
EQ00002609,Chemical Handling,L3,Yes,Mandatory
EQ00002609,Process Safety,L4,Yes,Mandatory
EQ00002609,Environmental Monitoring,L4,Yes,Preferred
EQ00002610,Switchgear Operation,L5,No,Preferred
EQ00002610,Electrical Isolation/LOTO,L3,No,Mandatory
EQ00002610,Arc Flash Awareness,L3,No,Mandatory
EQ00002610,Electrical Safety,L5,Yes,Preferred
EQ00002610,Motor Maintenance,L3,No,Preferred
EQ00002611,Machine Tool Operation,L5,Yes,Mandatory
EQ00002611,Workshop Safety,L4,No,Mandatory
EQ00002611,Welding Safety,L5,Yes,Preferred
EQ00002612,LOTO,L4,Yes,Mandatory
EQ00002612,Rotating Equipment,L5,Yes,Mandatory
EQ00002612,Vibration Monitoring,L5,Yes,Mandatory
EQ00002612,Lubrication,L5,Yes,Mandatory
EQ00002612,Alignment,L4,Yes,Mandatory
EQ00002613,Arc Flash Awareness,L3,No,Mandatory
EQ00002613,Electrical Safety,L5,Yes,Mandatory
EQ00002613,Motor Maintenance,L4,Yes,Mandatory
EQ00002614,Lifting Gear Inspection,L3,No,Mandatory
EQ00002614,Line of Fire Awareness,L4,No,Preferred
EQ00002614,Lifting Operations,L5,Yes,Mandatory
EQ00002614,Crane Operation,L5,Yes,Preferred
EQ00002614,Rigging,L5,Yes,Preferred
EQ00002615,Process Isolation,L5,Yes,Mandatory
EQ00002615,Process Operations,L4,No,Mandatory
EQ00002615,Permit to Work,L5,Yes,Preferred
EQ00002615,Gas Testing,L4,No,Preferred
EQ00002615,Pressure Systems Safety,L4,No,Mandatory
EQ00002616,SIS/ESD,L4,No,Preferred
EQ00002616,Instrumentation,L3,Yes,Preferred
EQ00002616,Control Systems,L3,Yes,Mandatory
EQ00002616,Calibration,L5,Yes,Mandatory
EQ00002616,LOTO,L3,Yes,Mandatory
EQ00002617,Hydrotest Safety,L3,Yes,Preferred
EQ00002617,Pressure Vessel Safety,L4,Yes,Preferred
EQ00002617,Mechanical Inspection,L3,Yes,Mandatory
EQ00002617,Isolation/LOTO,L3,No,Mandatory
EQ00002617,Permit to Work,L4,Yes,Mandatory
EQ00002618,Rig Floor Safety,L3,Yes,Preferred
EQ00002618,Permit to Work,L3,No,Preferred
EQ00002618,LOTO,L4,Yes,Mandatory
EQ00002619,LOTO,L5,Yes,Mandatory
EQ00002619,Welding Safety,L5,Yes,Mandatory
EQ00002620,Well Control,L4,Yes,Preferred
EQ00002620,Permit to Work,L4,No,Mandatory
EQ00002620,Line of Fire Awareness,L4,Yes,Mandatory
EQ00002620,LOTO,L5,Yes,Mandatory
EQ00002620,Drilling Operations,L5,Yes,Preferred
EQ00002621,Line of Fire Awareness,L3,Yes,Mandatory
EQ00002621,Drilling Operations,L3,Yes,Mandatory
EQ00002621,Permit to Work,L5,No,Preferred
EQ00002621,Well Control,L5,No,Mandatory
EQ00002621,Rig Floor Safety,L3,No,Mandatory
EQ00002622,Permit to Work,L3,No,Preferred
EQ00002622,Pressure Testing,L4,Yes,Preferred
EQ00002622,Pipeline Operations,L3,Yes,Mandatory
EQ00002622,Valve Maintenance,L5,Yes,Mandatory
EQ00002622,Isolation/LOTO,L5,No,Preferred
EQ00002623,Fire Fighting,L3,Yes,Preferred
EQ00002623,Permit to Work,L5,Yes,Mandatory
EQ00002623,Gas Detection,L3,Yes,Mandatory
EQ00002624,Crane Operation,L5,Yes,Preferred
EQ00002624,Rigging,L3,Yes,Preferred
EQ00002624,Line of Fire Awareness,L4,Yes,Mandatory
EQ00002624,Lifting Gear Inspection,L4,Yes,Preferred
EQ00002625,Gas Testing,L4,No,Preferred
EQ00002625,Permit to Work,L5,Yes,Mandatory
EQ00002625,Process Isolation,L5,Yes,Mandatory
EQ00002626,Line of Fire Awareness,L4,Yes,Preferred
EQ00002626,Permit to Work,L5,Yes,Preferred
EQ00002626,LOTO,L3,No,Mandatory
EQ00002626,Drilling Operations,L4,Yes,Mandatory
EQ00002626,Well Control,L3,No,Mandatory
EQ00002627,Line of Fire Awareness,L5,Yes,Preferred
EQ00002627,Lifting Operations,L5,Yes,Mandatory
EQ00002627,Lifting Gear Inspection,L5,Yes,Preferred
EQ00002627,Crane Operation,L3,No,Mandatory
EQ00002627,Rigging,L4,No,Preferred
EQ00002628,LOTO,L3,Yes,Mandatory
EQ00002628,Workshop Safety,L5,Yes,Preferred
EQ00002629,Rig Floor Safety,L4,No,Preferred
EQ00002629,Line of Fire Awareness,L4,Yes,Mandatory
EQ00002629,LOTO,L4,Yes,Mandatory
EQ00002629,Drilling Operations,L3,Yes,Preferred
EQ00002630,LOTO,L4,Yes,Mandatory
EQ00002630,Pump Maintenance,L3,No,Mandatory
EQ00002630,Rotating Equipment,L3,No,Mandatory
EQ00002631,Fire Water Systems,L5,Yes,Preferred
EQ00002631,Permit to Work,L5,Yes,Preferred
EQ00002631,Emergency Response,L5,Yes,Mandatory
EQ00002632,Wastewater Operations,L4,No,Mandatory
EQ00002632,Chemical Handling,L5,Yes,Mandatory
EQ00002632,Process Safety,L5,Yes,Preferred
EQ00002633,Emergency Response,L4,Yes,Mandatory
EQ00002633,Fire Fighting,L5,No,Mandatory
EQ00002633,Gas Detection,L5,No,Mandatory
EQ00002633,Permit to Work,L5,Yes,Preferred
EQ00002634,Isolation/LOTO,L3,Yes,Mandatory
EQ00002634,Permit to Work,L3,No,Mandatory
EQ00002635,Line of Fire Awareness,L3,No,Mandatory
EQ00002635,Lifting Gear Inspection,L5,Yes,Mandatory
EQ00002635,Rigging,L4,Yes,Mandatory
EQ00002635,Crane Operation,L3,No,Mandatory
EQ00002636,Fire Fighting,L4,Yes,Mandatory
EQ00002636,Emergency Response,L5,Yes,Preferred
EQ00002636,Permit to Work,L3,Yes,Preferred
EQ00002636,Gas Detection,L4,Yes,Mandatory
EQ00002636,Fire Water Systems,L3,Yes,Mandatory
EQ00002637,Valve Maintenance,L4,Yes,Mandatory
EQ00002637,Pipeline Operations,L5,Yes,Preferred
EQ00002637,Permit to Work,L3,No,Mandatory
EQ00002638,LOTO,L3,No,Mandatory
EQ00002638,Rotating Equipment,L5,Yes,Mandatory
EQ00002639,Rigging,L4,No,Preferred
EQ00002639,Crane Operation,L4,Yes,Mandatory
EQ00002639,Lifting Gear Inspection,L3,Yes,Mandatory
EQ00002640,Process Operations,L3,No,Preferred
EQ00002640,Gas Testing,L4,Yes,Mandatory
EQ00002640,Process Isolation,L4,No,Mandatory
EQ00002640,Pressure Systems Safety,L5,Yes,Mandatory
EQ00002641,Hazardous Material Transport,L5,No,Preferred
EQ00002641,Journey Management,L5,Yes,Mandatory
EQ00002641,Defensive Driving,L3,Yes,Mandatory
EQ00002641,Vehicle Inspection,L4,Yes,Mandatory
EQ00002642,LOTO,L3,No,Mandatory
EQ00002642,Machine Tool Operation,L5,Yes,Preferred
EQ00002643,Arc Flash Awareness,L3,Yes,Mandatory
EQ00002643,Switchgear Operation,L3,No,Mandatory
EQ00002643,Electrical Isolation/LOTO,L4,Yes,Preferred
EQ00002644,Well Control,L3,Yes,Mandatory
EQ00002644,Drilling Operations,L4,No,Mandatory
EQ00002644,Permit to Work,L5,No,Mandatory
EQ00002644,Rig Floor Safety,L4,Yes,Mandatory
EQ00002644,LOTO,L5,Yes,Mandatory
EQ00002645,Control Systems,L5,No,Mandatory
EQ00002645,Instrumentation,L3,Yes,Preferred
EQ00002645,Calibration,L4,Yes,Mandatory
EQ00002645,SIS/ESD,L4,Yes,Mandatory
EQ00002645,LOTO,L5,Yes,Mandatory
EQ00002646,Electrical Safety,L5,Yes,Mandatory
EQ00002646,Arc Flash Awareness,L3,Yes,Preferred
EQ00002647,Pressure Vessel Safety,L5,No,Preferred
EQ00002647,Isolation/LOTO,L3,No,Preferred
EQ00002648,Mechanical Inspection,L5,No,Preferred
EQ00002648,Isolation/LOTO,L5,No,Mandatory
EQ00002648,Hydrotest Safety,L5,Yes,Preferred
EQ00002648,Permit to Work,L4,Yes,Mandatory
EQ00002649,Fire Water Systems,L3,No,Preferred
EQ00002649,Permit to Work,L3,Yes,Preferred
EQ00002649,Fire Fighting,L4,Yes,Mandatory
EQ00002650,Alignment,L3,No,Preferred
EQ00002650,LOTO,L4,Yes,Mandatory
EQ00002650,Vibration Monitoring,L3,Yes,Preferred
EQ00002650,Rotating Equipment,L4,No,Preferred
EQ00002650,Lubrication,L5,Yes,Mandatory
EQ00002651,Machine Tool Operation,L3,No,Mandatory
EQ00002651,Hot Work,L3,Yes,Preferred
EQ00002652,Defensive Driving,L3,Yes,Mandatory
EQ00002652,Hazardous Material Transport,L4,Yes,Preferred
EQ00002653,Vibration Monitoring,L5,Yes,Preferred
EQ00002653,LOTO,L3,Yes,Mandatory
EQ00002653,Lubrication,L3,No,Preferred
EQ00002653,Pump Maintenance,L5,Yes,Preferred
EQ00002654,Pressure Testing,L3,Yes,Mandatory
EQ00002654,Isolation/LOTO,L5,Yes,Preferred
EQ00002654,Permit to Work,L3,Yes,Mandatory
EQ00002654,Pipeline Operations,L5,No,Mandatory
EQ00002655,LOTO,L3,No,Mandatory
EQ00002655,Alignment,L5,Yes,Mandatory
EQ00002655,Pump Maintenance,L3,Yes,Mandatory
EQ00002656,LOTO,L5,Yes,Mandatory
EQ00002656,Hot Work,L4,Yes,Preferred
EQ00002656,Machine Tool Operation,L5,No,Mandatory
EQ00002656,Welding Safety,L5,Yes,Mandatory
EQ00002657,Permit to Work,L3,No,Mandatory
EQ00002657,Gas Detection,L5,No,Preferred
EQ00002658,Hot Work,L4,Yes,Preferred
EQ00002658,Workshop Safety,L5,No,Preferred
EQ00002658,Machine Tool Operation,L5,Yes,Mandatory
EQ00002658,LOTO,L5,No,Mandatory
EQ00002658,Welding Safety,L5,Yes,Mandatory
EQ00002659,Well Control,L3,No,Mandatory
EQ00002659,Permit to Work,L5,No,Mandatory
EQ00002659,Rig Floor Safety,L5,No,Preferred
EQ00002659,Drilling Operations,L4,Yes,Mandatory
EQ00002659,LOTO,L3,No,Mandatory
EQ00002660,Lifting Operations,L5,Yes,Mandatory
EQ00002660,Rigging,L3,Yes,Mandatory
EQ00002660,Line of Fire Awareness,L5,Yes,Preferred
EQ00002660,Lifting Gear Inspection,L5,No,Mandatory
EQ00002661,Lifting Gear Inspection,L5,Yes,Mandatory
EQ00002661,Crane Operation,L5,Yes,Mandatory
EQ00002661,Rigging,L5,No,Preferred
EQ00002661,Lifting Operations,L3,No,Mandatory
EQ00002661,Line of Fire Awareness,L5,Yes,Mandatory
EQ00002662,Machine Tool Operation,L4,Yes,Preferred
EQ00002662,Workshop Safety,L4,Yes,Mandatory
EQ00002662,Welding Safety,L4,Yes,Preferred
EQ00002662,Hot Work,L3,Yes,Mandatory
EQ00002663,Line of Fire Awareness,L4,Yes,Mandatory
EQ00002663,Lifting Operations,L4,Yes,Mandatory
EQ00002663,Rigging,L4,Yes,Mandatory
EQ00002663,Crane Operation,L5,Yes,Mandatory
EQ00002663,Lifting Gear Inspection,L4,Yes,Mandatory
EQ00002664,Fire Water Systems,L3,Yes,Mandatory
EQ00002664,Emergency Response,L5,Yes,Mandatory
EQ00002665,Valve Maintenance,L5,No,Mandatory
EQ00002665,Pipeline Operations,L3,No,Preferred
EQ00002665,Pressure Testing,L3,Yes,Preferred
EQ00002665,Isolation/LOTO,L5,Yes,Mandatory
EQ00002665,Permit to Work,L5,Yes,Mandatory
EQ00002666,Vehicle Inspection,L3,Yes,Preferred
EQ00002666,Hazardous Material Transport,L5,No,Preferred
EQ00002666,Defensive Driving,L3,Yes,Preferred
EQ00002667,Process Isolation,L4,No,Preferred
EQ00002667,Gas Testing,L4,No,Mandatory
EQ00002667,Permit to Work,L5,Yes,Mandatory
EQ00002667,Process Operations,L4,Yes,Mandatory
EQ00002668,Rig Floor Safety,L3,Yes,Mandatory
EQ00002668,Permit to Work,L3,No,Mandatory
EQ00002669,Isolation/LOTO,L4,Yes,Mandatory
EQ00002669,Pressure Testing,L4,Yes,Mandatory
EQ00002670,Journey Management,L3,Yes,Mandatory
EQ00002670,Vehicle Inspection,L5,Yes,Mandatory
EQ00002670,Defensive Driving,L3,Yes,Mandatory
EQ00002671,Vibration Monitoring,L5,No,Mandatory
EQ00002671,Alignment,L3,Yes,Mandatory
EQ00002671,Lubrication,L5,No,Mandatory
EQ00002672,Welding Safety,L4,Yes,Preferred
EQ00002672,Workshop Safety,L3,No,Preferred
EQ00002672,LOTO,L5,Yes,Preferred
EQ00002672,Hot Work,L5,No,Preferred
EQ00002673,Permit to Work,L4,Yes,Mandatory
EQ00002673,Isolation/LOTO,L5,Yes,Preferred
EQ00002673,Valve Maintenance,L3,Yes,Preferred
EQ00002673,Pipeline Operations,L3,No,Mandatory
EQ00002674,Pressure Testing,L5,Yes,Mandatory
EQ00002674,Isolation/LOTO,L3,Yes,Mandatory
EQ00002674,Valve Maintenance,L4,No,Mandatory
EQ00002675,Motor Maintenance,L3,No,Mandatory
EQ00002675,Electrical Isolation/LOTO,L3,Yes,Mandatory
EQ00002675,Arc Flash Awareness,L4,Yes,Mandatory
EQ00002675,Electrical Safety,L4,No,Mandatory
EQ00002676,Electrical Safety,L5,Yes,Mandatory
EQ00002676,Arc Flash Awareness,L3,No,Preferred
EQ00002676,Electrical Isolation/LOTO,L4,No,Preferred
EQ00002676,Motor Maintenance,L3,Yes,Mandatory
EQ00002676,Switchgear Operation,L4,Yes,Preferred
EQ00002677,Electrical Safety,L5,Yes,Mandatory
EQ00002677,Arc Flash Awareness,L3,Yes,Mandatory
EQ00002677,Switchgear Operation,L5,No,Mandatory
EQ00002677,Motor Maintenance,L3,Yes,Mandatory
EQ00002677,Electrical Isolation/LOTO,L5,Yes,Preferred
EQ00002678,Control Systems,L5,No,Preferred
EQ00002678,SIS/ESD,L4,Yes,Preferred
EQ00002679,Gas Testing,L3,Yes,Preferred
EQ00002679,Permit to Work,L3,No,Preferred
EQ00002679,Pressure Systems Safety,L4,Yes,Preferred
EQ00002679,Process Operations,L5,Yes,Preferred
EQ00002679,Process Isolation,L5,Yes,Preferred
EQ00002680,Permit to Work,L3,Yes,Mandatory
EQ00002680,Process Operations,L4,No,Mandatory
EQ00002681,SIS/ESD,L3,Yes,Mandatory
EQ00002681,Instrumentation,L3,Yes,Mandatory
EQ00002682,Hazardous Material Transport,L3,Yes,Mandatory
EQ00002682,Defensive Driving,L3,Yes,Mandatory
EQ00002682,Journey Management,L5,Yes,Mandatory
EQ00002683,SIS/ESD,L4,No,Preferred
EQ00002683,Calibration,L4,Yes,Preferred
EQ00002684,Lifting Gear Inspection,L4,Yes,Preferred
EQ00002684,Lifting Operations,L3,No,Mandatory
EQ00002684,Rigging,L3,Yes,Mandatory
EQ00002684,Crane Operation,L4,No,Preferred
EQ00002685,Instrumentation,L3,No,Mandatory
EQ00002685,Control Systems,L5,Yes,Mandatory
EQ00002685,LOTO,L4,No,Preferred
EQ00002686,Isolation/LOTO,L3,Yes,Mandatory
EQ00002686,Pipeline Operations,L4,Yes,Preferred
EQ00002686,Permit to Work,L4,No,Mandatory
EQ00002686,Valve Maintenance,L3,No,Mandatory
EQ00002687,Electrical Isolation/LOTO,L3,Yes,Mandatory
EQ00002687,Switchgear Operation,L4,No,Mandatory
EQ00002687,Motor Maintenance,L4,No,Mandatory
EQ00002688,Drilling Operations,L5,Yes,Mandatory
EQ00002688,Rig Floor Safety,L5,Yes,Mandatory
EQ00002688,LOTO,L3,Yes,Preferred
EQ00002689,Lubrication,L4,Yes,Preferred
EQ00002689,LOTO,L5,Yes,Mandatory
EQ00002689,Pump Maintenance,L3,No,Mandatory
EQ00002689,Alignment,L5,No,Preferred
EQ00002689,Rotating Equipment,L4,Yes,Preferred
EQ00002690,Pipeline Operations,L4,No,Preferred
EQ00002690,Valve Maintenance,L5,Yes,Preferred
EQ00002691,Pressure Testing,L3,Yes,Mandatory
EQ00002691,Permit to Work,L4,Yes,Mandatory
EQ00002692,Workshop Safety,L5,Yes,Preferred
EQ00002692,Hot Work,L4,Yes,Mandatory
EQ00002692,Machine Tool Operation,L3,Yes,Preferred
EQ00002693,Rig Floor Safety,L5,No,Mandatory
EQ00002693,Permit to Work,L5,Yes,Mandatory
EQ00002693,Drilling Operations,L3,No,Preferred
EQ00002693,Line of Fire Awareness,L5,Yes,Preferred
EQ00002694,Calibration,L5,No,Mandatory
EQ00002694,Instrumentation,L4,Yes,Mandatory
EQ00002694,SIS/ESD,L5,Yes,Mandatory
EQ00002694,LOTO,L5,Yes,Mandatory
EQ00002694,Control Systems,L5,Yes,Preferred
EQ00002695,Instrumentation,L3,No,Mandatory
EQ00002695,SIS/ESD,L4,No,Mandatory
EQ00002695,Calibration,L3,No,Preferred
EQ00002695,Control Systems,L3,Yes,Mandatory
EQ00002695,LOTO,L5,No,Mandatory
EQ00002696,Pressure Systems Safety,L4,Yes,Mandatory
EQ00002696,Process Isolation,L5,No,Preferred
EQ00002696,Gas Testing,L4,Yes,Mandatory
EQ00002697,Vibration Monitoring,L3,No,Preferred
EQ00002697,LOTO,L3,Yes,Preferred
EQ00002698,LOTO,L5,Yes,Mandatory
EQ00002698,Rotating Equipment,L4,Yes,Mandatory
EQ00002698,Lubrication,L3,No,Preferred
EQ00002698,Alignment,L3,Yes,Mandatory
EQ00002698,Pump Maintenance,L3,No,Mandatory
EQ00002699,Mechanical Inspection,L5,Yes,Mandatory
EQ00002699,Pressure Vessel Safety,L3,Yes,Mandatory
EQ00002700,Lubrication,L3,Yes,Mandatory
EQ00002700,Vibration Monitoring,L3,Yes,Mandatory
EQ00002701,Welding Safety,L4,Yes,Mandatory
EQ00002701,Machine Tool Operation,L4,No,Mandatory
EQ00002701,Workshop Safety,L3,Yes,Mandatory
EQ00002701,Hot Work,L4,No,Preferred
EQ00002702,Permit to Work,L3,No,Mandatory
EQ00002702,LOTO,L5,Yes,Preferred
EQ00002702,Line of Fire Awareness,L4,Yes,Preferred
EQ00002702,Rig Floor Safety,L5,Yes,Preferred
EQ00002703,Permit to Work,L5,Yes,Mandatory
EQ00002703,Rig Floor Safety,L5,No,Mandatory
EQ00002703,Drilling Operations,L5,No,Mandatory
EQ00002703,Well Control,L4,Yes,Mandatory
EQ00002704,Permit to Work,L4,No,Mandatory
EQ00002704,Line of Fire Awareness,L4,Yes,Mandatory
EQ00002704,LOTO,L3,Yes,Mandatory
EQ00002704,Rig Floor Safety,L5,Yes,Mandatory
EQ00002705,Valve Maintenance,L4,No,Mandatory
EQ00002705,Pipeline Operations,L3,Yes,Mandatory
EQ00002705,Permit to Work,L4,Yes,Mandatory
EQ00002705,Pressure Testing,L3,Yes,Mandatory
EQ00002706,LOTO,L3,Yes,Mandatory
EQ00002706,Control Systems,L4,Yes,Mandatory
EQ00002706,Calibration,L3,Yes,Preferred
EQ00002706,SIS/ESD,L3,No,Mandatory
EQ00002706,Instrumentation,L3,Yes,Preferred
EQ00002707,Workshop Safety,L3,Yes,Mandatory
EQ00002707,Welding Safety,L3,Yes,Preferred
EQ00002708,Control Systems,L4,No,Mandatory
EQ00002708,Calibration,L4,No,Preferred
EQ00002708,LOTO,L3,No,Mandatory
EQ00002708,Instrumentation,L4,Yes,Mandatory
EQ00002709,Pipeline Operations,L4,Yes,Preferred
EQ00002709,Permit to Work,L3,Yes,Preferred
EQ00002709,Isolation/LOTO,L3,Yes,Preferred
EQ00002709,Pressure Testing,L4,Yes,Mandatory
EQ00002710,Valve Maintenance,L3,Yes,Mandatory
EQ00002710,Pressure Testing,L4,Yes,Mandatory
EQ00002710,Pipeline Operations,L3,No,Mandatory
EQ00002710,Isolation/LOTO,L4,No,Preferred
EQ00002711,Machine Tool Operation,L4,No,Preferred
EQ00002711,Hot Work,L5,Yes,Mandatory
EQ00002712,Workshop Safety,L4,Yes,Mandatory
EQ00002712,LOTO,L5,No,Mandatory
EQ00002712,Welding Safety,L5,Yes,Mandatory
EQ00002712,Machine Tool Operation,L4,No,Mandatory
EQ00002712,Hot Work,L3,No,Preferred
EQ00002713,Well Control,L4,Yes,Mandatory
EQ00002713,Line of Fire Awareness,L3,Yes,Mandatory
EQ00002713,LOTO,L5,Yes,Mandatory
EQ00002713,Rig Floor Safety,L3,Yes,Preferred
EQ00002714,Permit to Work,L5,No,Mandatory
EQ00002714,Mechanical Inspection,L4,No,Preferred
EQ00002714,Isolation/LOTO,L3,Yes,Mandatory
EQ00002714,Hydrotest Safety,L5,Yes,Mandatory
EQ00002714,Pressure Vessel Safety,L4,No,Preferred
EQ00002715,LOTO,L4,Yes,Mandatory
EQ00002715,Rig Floor Safety,L3,Yes,Mandatory
EQ00002715,Well Control,L5,Yes,Mandatory
EQ00002715,Permit to Work,L5,No,Mandatory
EQ00002716,Line of Fire Awareness,L4,Yes,Mandatory
EQ00002716,Drilling Operations,L4,No,Mandatory
EQ00002716,LOTO,L3,Yes,Preferred
EQ00002717,LOTO,L4,No,Mandatory
EQ00002717,SIS/ESD,L3,Yes,Preferred
EQ00002717,Instrumentation,L5,Yes,Preferred
EQ00002718,Instrumentation,L5,No,Mandatory
EQ00002718,Calibration,L3,Yes,Mandatory
EQ00002718,SIS/ESD,L3,Yes,Mandatory
EQ00002718,LOTO,L3,Yes,Preferred
EQ00002718,Control Systems,L5,Yes,Mandatory
EQ00002719,LOTO,L5,Yes,Mandatory
EQ00002719,Alignment,L5,Yes,Preferred
EQ00002719,Pump Maintenance,L3,No,Mandatory
EQ00002719,Vibration Monitoring,L4,No,Mandatory
EQ00002720,Motor Maintenance,L3,Yes,Preferred
EQ00002720,Electrical Safety,L4,Yes,Preferred
EQ00002720,Arc Flash Awareness,L3,Yes,Mandatory
EQ00002720,Switchgear Operation,L3,Yes,Preferred
EQ00002721,Line of Fire Awareness,L4,No,Mandatory
EQ00002721,Well Control,L3,Yes,Mandatory
EQ00002722,Well Control,L5,Yes,Preferred
EQ00002722,Line of Fire Awareness,L3,Yes,Mandatory
EQ00002722,Permit to Work,L3,Yes,Mandatory
EQ00002722,Drilling Operations,L5,Yes,Preferred
EQ00002722,Rig Floor Safety,L5,Yes,Mandatory
EQ00002723,LOTO,L5,Yes,Mandatory
EQ00002723,Well Control,L5,Yes,Mandatory
EQ00002723,Rig Floor Safety,L4,Yes,Preferred
EQ00002723,Drilling Operations,L5,No,Preferred
EQ00002724,Crane Operation,L5,Yes,Mandatory
EQ00002724,Lifting Gear Inspection,L5,Yes,Preferred
EQ00002725,Crane Operation,L4,Yes,Mandatory
EQ00002725,Rigging,L5,Yes,Mandatory
EQ00002725,Line of Fire Awareness,L3,Yes,Preferred
EQ00002726,Electrical Safety,L3,Yes,Mandatory
EQ00002726,Electrical Isolation/LOTO,L3,Yes,Mandatory
EQ00002727,Workshop Safety,L3,Yes,Mandatory
EQ00002727,Machine Tool Operation,L5,Yes,Mandatory
EQ00002727,Welding Safety,L5,No,Preferred
EQ00002728,Gas Testing,L4,Yes,Preferred
EQ00002728,Permit to Work,L5,Yes,Preferred
EQ00002728,Process Operations,L3,Yes,Mandatory
EQ00002728,Process Isolation,L5,Yes,Mandatory
EQ00002728,Pressure Systems Safety,L4,Yes,Mandatory
EQ00002729,Pressure Systems Safety,L4,Yes,Mandatory
EQ00002729,Gas Testing,L4,Yes,Preferred
EQ00002729,Process Operations,L3,Yes,Mandatory
EQ00002729,Permit to Work,L3,Yes,Preferred
EQ00002729,Process Isolation,L5,No,Mandatory
EQ00002730,Wastewater Operations,L4,No,Mandatory
EQ00002730,Chemical Handling,L5,Yes,Mandatory
EQ00002730,Environmental Monitoring,L4,Yes,Mandatory
EQ00002730,Process Safety,L5,Yes,Mandatory
EQ00002731,Vehicle Inspection,L5,No,Mandatory
EQ00002731,Defensive Driving,L4,No,Preferred
EQ00002732,Rig Floor Safety,L4,Yes,Mandatory
EQ00002732,Permit to Work,L4,Yes,Preferred
EQ00002732,LOTO,L4,Yes,Mandatory
EQ00002733,Hazardous Material Transport,L5,Yes,Mandatory
EQ00002733,Defensive Driving,L3,No,Mandatory
EQ00002734,Lifting Operations,L5,Yes,Mandatory
EQ00002734,Line of Fire Awareness,L4,Yes,Mandatory
EQ00002734,Lifting Gear Inspection,L4,No,Preferred
EQ00002734,Rigging,L3,Yes,Preferred
EQ00002734,Crane Operation,L3,Yes,Mandatory
EQ00002735,Permit to Work,L4,No,Mandatory
EQ00002735,Isolation/LOTO,L4,Yes,Mandatory
EQ00002735,Hydrotest Safety,L5,Yes,Mandatory
EQ00002736,Line of Fire Awareness,L5,Yes,Preferred
EQ00002736,Crane Operation,L3,Yes,Mandatory
EQ00002736,Lifting Operations,L5,No,Preferred
EQ00002736,Rigging,L4,Yes,Mandatory
EQ00002737,Hydrotest Safety,L4,No,Mandatory
EQ00002737,Pressure Vessel Safety,L5,Yes,Mandatory
EQ00002737,Isolation/LOTO,L5,No,Mandatory
EQ00002737,Permit to Work,L4,No,Mandatory
EQ00002738,Workshop Safety,L4,No,Mandatory
EQ00002738,LOTO,L3,Yes,Mandatory
EQ00002738,Hot Work,L5,Yes,Preferred
EQ00002738,Machine Tool Operation,L4,Yes,Mandatory
EQ00002738,Welding Safety,L4,Yes,Preferred
EQ00002739,Rig Floor Safety,L4,Yes,Mandatory
EQ00002739,Drilling Operations,L4,Yes,Preferred
EQ00002740,Machine Tool Operation,L4,Yes,Mandatory
EQ00002740,Hot Work,L4,Yes,Preferred
EQ00002741,Pressure Testing,L5,Yes,Mandatory
EQ00002741,Pipeline Operations,L4,Yes,Mandatory
EQ00002742,Process Isolation,L4,Yes,Mandatory
EQ00002742,Permit to Work,L4,Yes,Mandatory
EQ00002742,Process Operations,L4,Yes,Mandatory
EQ00002742,Gas Testing,L4,Yes,Preferred
EQ00002742,Pressure Systems Safety,L4,Yes,Mandatory
EQ00002743,LOTO,L3,No,Mandatory
EQ00002743,Drilling Operations,L5,Yes,Mandatory
EQ00002743,Well Control,L5,Yes,Preferred
EQ00002743,Line of Fire Awareness,L4,Yes,Mandatory
EQ00002744,Line of Fire Awareness,L3,Yes,Mandatory
EQ00002744,LOTO,L3,Yes,Preferred
EQ00002744,Permit to Work,L4,Yes,Mandatory
EQ00002745,Defensive Driving,L4,No,Mandatory
EQ00002745,Journey Management,L5,Yes,Preferred
EQ00002745,Vehicle Inspection,L3,Yes,Preferred
EQ00002745,Hazardous Material Transport,L3,No,Preferred
EQ00002746,Chemical Handling,L5,Yes,Mandatory
EQ00002746,Environmental Monitoring,L5,Yes,Mandatory
EQ00002746,Process Safety,L5,Yes,Mandatory
EQ00002746,Wastewater Operations,L3,Yes,Preferred
EQ00002747,Gas Detection,L3,Yes,Mandatory
EQ00002747,Fire Water Systems,L3,No,Preferred
EQ00002747,Fire Fighting,L5,Yes,Preferred
EQ00002747,Permit to Work,L3,Yes,Mandatory
EQ00002747,Emergency Response,L3,Yes,Mandatory
EQ00002748,Mechanical Inspection,L5,No,Mandatory
EQ00002748,Pressure Vessel Safety,L3,No,Preferred
EQ00002748,Hydrotest Safety,L3,Yes,Preferred
EQ00002749,Defensive Driving,L3,No,Preferred
EQ00002749,Vehicle Inspection,L5,No,Mandatory
EQ00002749,Journey Management,L5,Yes,Preferred
EQ00002749,Hazardous Material Transport,L5,Yes,Mandatory
EQ00002750,Valve Maintenance,L4,No,Mandatory
EQ00002750,Isolation/LOTO,L5,Yes,Mandatory
EQ00002750,Permit to Work,L5,Yes,Mandatory
EQ00002750,Pressure Testing,L5,Yes,Mandatory
EQ00002751,Pump Maintenance,L5,Yes,Mandatory
EQ00002751,Rotating Equipment,L5,Yes,Mandatory
EQ00002751,Alignment,L3,Yes,Preferred
EQ00002751,Vibration Monitoring,L3,Yes,Mandatory
EQ00002751,Lubrication,L4,Yes,Mandatory
EQ00002752,Mechanical Inspection,L5,Yes,Preferred
EQ00002752,Isolation/LOTO,L3,No,Mandatory
EQ00002752,Pressure Vessel Safety,L4,Yes,Preferred
EQ00002752,Hydrotest Safety,L4,Yes,Mandatory
EQ00002752,Permit to Work,L3,No,Preferred
EQ00002753,SIS/ESD,L3,Yes,Preferred
EQ00002753,Instrumentation,L3,Yes,Mandatory
EQ00002753,LOTO,L4,Yes,Mandatory
EQ00002753,Calibration,L4,Yes,Mandatory
EQ00002753,Control Systems,L5,No,Mandatory
EQ00002754,Line of Fire Awareness,L4,No,Preferred
EQ00002754,Crane Operation,L4,No,Preferred
EQ00002754,Rigging,L4,No,Mandatory
EQ00002754,Lifting Operations,L3,Yes,Preferred
EQ00002755,Permit to Work,L4,Yes,Mandatory
EQ00002755,Pipeline Operations,L5,Yes,Mandatory
EQ00002755,Pressure Testing,L5,Yes,Mandatory
EQ00002756,Line of Fire Awareness,L4,Yes,Preferred
EQ00002756,Rigging,L5,Yes,Preferred
EQ00002756,Crane Operation,L5,No,Mandatory
EQ00002756,Lifting Operations,L4,Yes,Preferred
EQ00002756,Lifting Gear Inspection,L4,No,Preferred
EQ00002757,Calibration,L3,Yes,Mandatory
EQ00002757,SIS/ESD,L4,Yes,Mandatory
EQ00002758,Vibration Monitoring,L4,Yes,Mandatory
EQ00002758,Lubrication,L4,Yes,Preferred
EQ00002759,Fire Water Systems,L4,No,Mandatory
EQ00002759,Gas Detection,L3,Yes,Mandatory
EQ00002759,Permit to Work,L5,No,Preferred
EQ00002759,Fire Fighting,L5,No,Mandatory
EQ00002759,Emergency Response,L3,No,Preferred
EQ00002760,Pipeline Operations,L4,No,Mandatory
EQ00002760,Valve Maintenance,L3,Yes,Mandatory
EQ00002760,Isolation/LOTO,L3,Yes,Preferred
EQ00002761,Hydrotest Safety,L5,No,Mandatory
EQ00002761,Permit to Work,L4,Yes,Mandatory
EQ00002761,Isolation/LOTO,L4,No,Mandatory
EQ00002761,Mechanical Inspection,L4,No,Mandatory
EQ00002761,Pressure Vessel Safety,L4,Yes,Mandatory
EQ00002762,Pressure Systems Safety,L3,Yes,Preferred
EQ00002762,Process Operations,L3,Yes,Mandatory
EQ00002763,Isolation/LOTO,L4,Yes,Mandatory
EQ00002763,Valve Maintenance,L4,No,Mandatory
EQ00002763,Permit to Work,L3,Yes,Mandatory
EQ00002763,Pipeline Operations,L5,Yes,Mandatory
EQ00002764,Journey Management,L3,Yes,Mandatory
EQ00002764,Defensive Driving,L3,Yes,Mandatory
EQ00002764,Vehicle Inspection,L5,No,Mandatory
EQ00002765,Permit to Work,L5,No,Mandatory
EQ00002765,Drilling Operations,L5,Yes,Mandatory
EQ00002766,Hazardous Material Transport,L5,Yes,Preferred
EQ00002766,Journey Management,L4,Yes,Mandatory
EQ00002767,Gas Detection,L5,No,Mandatory
EQ00002767,Emergency Response,L5,No,Preferred
EQ00002767,Permit to Work,L4,No,Mandatory
EQ00002767,Fire Fighting,L3,No,Mandatory
EQ00002767,Fire Water Systems,L3,Yes,Preferred
EQ00002768,Machine Tool Operation,L3,Yes,Mandatory
EQ00002768,Welding Safety,L3,Yes,Mandatory
EQ00002768,Workshop Safety,L3,No,Mandatory
EQ00002769,Drilling Operations,L3,No,Mandatory
EQ00002769,Permit to Work,L5,Yes,Preferred
EQ00002769,LOTO,L5,Yes,Preferred
EQ00002770,Electrical Isolation/LOTO,L3,Yes,Mandatory
EQ00002770,Electrical Safety,L4,Yes,Preferred
EQ00002770,Motor Maintenance,L5,Yes,Mandatory
EQ00002770,Arc Flash Awareness,L5,No,Mandatory
EQ00002770,Switchgear Operation,L5,Yes,Preferred
EQ00002771,Well Control,L4,Yes,Preferred
EQ00002771,LOTO,L4,Yes,Mandatory
EQ00002772,LOTO,L3,Yes,Mandatory
EQ00002772,Permit to Work,L5,Yes,Mandatory
EQ00002773,Well Control,L4,Yes,Mandatory
EQ00002773,LOTO,L3,No,Mandatory
EQ00002773,Permit to Work,L4,No,Preferred
EQ00002774,Line of Fire Awareness,L3,Yes,Preferred
EQ00002774,Lifting Gear Inspection,L3,No,Preferred
EQ00002774,Crane Operation,L4,No,Mandatory
EQ00002775,Hot Work,L3,Yes,Mandatory
EQ00002775,Workshop Safety,L5,Yes,Mandatory
EQ00002776,Process Operations,L5,Yes,Mandatory
EQ00002776,Process Isolation,L5,No,Mandatory
EQ00002776,Gas Testing,L3,No,Mandatory
EQ00002776,Pressure Systems Safety,L3,No,Mandatory
EQ00002776,Permit to Work,L4,Yes,Mandatory
EQ00002777,Pressure Systems Safety,L5,Yes,Mandatory
EQ00002777,Gas Testing,L5,Yes,Mandatory
EQ00002778,Journey Management,L3,No,Mandatory
EQ00002778,Vehicle Inspection,L5,No,Preferred
EQ00002778,Defensive Driving,L5,Yes,Preferred
EQ00002779,Drilling Operations,L3,No,Mandatory
EQ00002779,Rig Floor Safety,L4,Yes,Mandatory
EQ00002780,Electrical Isolation/LOTO,L5,Yes,Mandatory
EQ00002780,Electrical Safety,L4,Yes,Mandatory
EQ00002780,Switchgear Operation,L3,Yes,Preferred
EQ00002780,Arc Flash Awareness,L5,Yes,Preferred
EQ00002780,Motor Maintenance,L3,No,Mandatory
EQ00002781,Crane Operation,L4,Yes,Mandatory
EQ00002781,Lifting Gear Inspection,L3,No,Preferred
EQ00002782,Defensive Driving,L3,No,Preferred
EQ00002782,Journey Management,L4,Yes,Mandatory
EQ00002782,Vehicle Inspection,L5,Yes,Mandatory
EQ00002782,Hazardous Material Transport,L5,Yes,Mandatory
EQ00002783,Permit to Work,L3,No,Mandatory
EQ00002783,Fire Fighting,L5,Yes,Mandatory
EQ00002783,Emergency Response,L4,Yes,Mandatory
EQ00002783,Fire Water Systems,L5,Yes,Mandatory
EQ00002784,Rigging,L4,Yes,Mandatory
EQ00002784,Line of Fire Awareness,L5,Yes,Preferred
EQ00002784,Crane Operation,L5,No,Mandatory
EQ00002784,Lifting Operations,L3,No,Preferred
EQ00002784,Lifting Gear Inspection,L4,No,Preferred
EQ00002785,Pressure Testing,L5,Yes,Preferred
EQ00002785,Pipeline Operations,L4,Yes,Mandatory
EQ00002785,Valve Maintenance,L3,No,Preferred
EQ00002785,Isolation/LOTO,L3,Yes,Mandatory
EQ00002786,Control Systems,L5,No,Mandatory
EQ00002786,LOTO,L4,Yes,Mandatory
EQ00002786,Calibration,L4,Yes,Preferred
EQ00002786,SIS/ESD,L5,No,Mandatory
EQ00002787,Control Systems,L3,No,Mandatory
EQ00002787,Calibration,L3,No,Mandatory
EQ00002787,SIS/ESD,L5,Yes,Mandatory
EQ00002788,Rig Floor Safety,L4,Yes,Mandatory
EQ00002788,Line of Fire Awareness,L4,Yes,Preferred
EQ00002789,Rigging,L4,Yes,Mandatory
EQ00002789,Lifting Operations,L4,Yes,Preferred
EQ00002789,Crane Operation,L4,Yes,Mandatory
EQ00002789,Lifting Gear Inspection,L3,Yes,Preferred
EQ00002789,Line of Fire Awareness,L5,No,Preferred
EQ00002790,Process Isolation,L5,No,Mandatory
EQ00002790,Gas Testing,L4,No,Mandatory
EQ00002790,Process Operations,L3,No,Preferred
EQ00002791,LOTO,L4,Yes,Mandatory
EQ00002791,Permit to Work,L5,No,Mandatory
EQ00002791,Rig Floor Safety,L3,Yes,Mandatory
EQ00002791,Drilling Operations,L4,Yes,Mandatory
EQ00002791,Well Control,L4,Yes,Mandatory
EQ00002792,Permit to Work,L3,Yes,Mandatory
EQ00002792,Rig Floor Safety,L4,Yes,Mandatory
EQ00002792,LOTO,L5,Yes,Mandatory
EQ00002792,Line of Fire Awareness,L3,No,Mandatory
EQ00002792,Drilling Operations,L4,Yes,Mandatory
EQ00002793,Permit to Work,L4,Yes,Mandatory
EQ00002793,Emergency Response,L3,No,Mandatory
EQ00002793,Fire Fighting,L3,No,Preferred
EQ00002793,Gas Detection,L4,No,Mandatory
EQ00002794,Fire Water Systems,L4,Yes,Preferred
EQ00002794,Permit to Work,L4,Yes,Mandatory
EQ00002794,Gas Detection,L4,No,Mandatory
EQ00002794,Fire Fighting,L3,Yes,Mandatory
EQ00002795,Welding Safety,L3,No,Preferred
EQ00002795,LOTO,L4,Yes,Mandatory
EQ00002795,Hot Work,L4,Yes,Preferred
EQ00002795,Workshop Safety,L3,Yes,Preferred
EQ00002796,Isolation/LOTO,L4,No,Mandatory
EQ00002796,Pipeline Operations,L3,Yes,Preferred
EQ00002796,Permit to Work,L5,Yes,Preferred
EQ00002797,Line of Fire Awareness,L5,No,Preferred
EQ00002797,Rig Floor Safety,L4,Yes,Mandatory
EQ00002797,Well Control,L4,Yes,Preferred
EQ00002797,Drilling Operations,L3,Yes,Mandatory
EQ00002797,Permit to Work,L4,Yes,Preferred
EQ00002798,Drilling Operations,L5,Yes,Mandatory
EQ00002798,LOTO,L5,Yes,Mandatory
EQ00002798,Line of Fire Awareness,L5,Yes,Mandatory
EQ00002799,Hazardous Material Transport,L3,Yes,Mandatory
EQ00002799,Defensive Driving,L4,No,Preferred
EQ00002799,Journey Management,L3,No,Preferred
EQ00002799,Vehicle Inspection,L5,Yes,Preferred
EQ00002800,Mechanical Inspection,L3,No,Mandatory
EQ00002800,Hydrotest Safety,L5,Yes,Mandatory
EQ00002801,Switchgear Operation,L5,Yes,Preferred
EQ00002801,Motor Maintenance,L4,Yes,Preferred
EQ00002802,Process Operations,L4,Yes,Mandatory
EQ00002802,Process Isolation,L5,No,Mandatory
EQ00002802,Gas Testing,L3,Yes,Mandatory
EQ00002802,Pressure Systems Safety,L4,Yes,Mandatory
EQ00002802,Permit to Work,L5,No,Preferred
EQ00002803,Pipeline Operations,L4,Yes,Mandatory
EQ00002803,Isolation/LOTO,L5,No,Mandatory
EQ00002803,Pressure Testing,L3,Yes,Preferred
EQ00002804,Rig Floor Safety,L3,Yes,Mandatory
EQ00002804,Line of Fire Awareness,L4,Yes,Preferred
EQ00002805,Mechanical Inspection,L3,Yes,Preferred
EQ00002805,Permit to Work,L4,Yes,Mandatory
EQ00002805,Isolation/LOTO,L4,Yes,Mandatory
EQ00002805,Hydrotest Safety,L5,No,Preferred
EQ00002805,Pressure Vessel Safety,L3,Yes,Mandatory
EQ00002806,Fire Fighting,L5,Yes,Mandatory
EQ00002806,Fire Water Systems,L4,Yes,Mandatory
EQ00002806,Gas Detection,L5,Yes,Mandatory
EQ00002806,Permit to Work,L5,No,Mandatory
EQ00002807,Permit to Work,L5,Yes,Preferred
EQ00002807,Valve Maintenance,L4,No,Preferred
EQ00002808,Well Control,L4,Yes,Mandatory
EQ00002808,LOTO,L3,Yes,Mandatory
EQ00002808,Rig Floor Safety,L5,Yes,Mandatory
EQ00002808,Drilling Operations,L4,No,Mandatory
EQ00002808,Permit to Work,L4,Yes,Mandatory
EQ00002809,Workshop Safety,L5,No,Mandatory
EQ00002809,LOTO,L3,No,Mandatory
EQ00002809,Machine Tool Operation,L3,No,Preferred
EQ00002809,Welding Safety,L3,Yes,Mandatory
EQ00002810,LOTO,L5,No,Mandatory
EQ00002810,Drilling Operations,L4,Yes,Mandatory
EQ00002811,Rig Floor Safety,L3,Yes,Mandatory
EQ00002811,Well Control,L4,Yes,Mandatory
EQ00002811,Drilling Operations,L3,No,Preferred
EQ00002811,LOTO,L4,No,Mandatory
