inspection_id,equipment_id,inspection_date,inspection_type,result,finding
INSP000000001,EQ00000001,2023-02-27,NDT,Defect Found,Vibration concern
INSP000000002,EQ00000001,2023-10-12,Thickness,Pass,Alarm test issue
INSP000000003,EQ00000002,2026-04-05,Electrical,Pass,None
INSP000000004,EQ00000002,2022-10-19,Safety Device,Conditional,None
INSP000000005,EQ00000002,2023-08-28,Safety Device,Pass,None
INSP000000006,EQ00000002,2024-10-20,Electrical,Conditional,None
INSP000000007,EQ00000002,2025-01-15,Visual,Defect Found,Leak indication
INSP000000008,EQ00000003,2023-02-27,Thickness,Defect Found,Vibration concern
INSP000000009,EQ00000003,2021-02-03,Safety Device,Pass,Alarm test issue
INSP000000010,EQ00000003,2024-10-22,Functional,Pass,Alarm test issue
INSP000000011,EQ00000004,2021-12-04,Visual,Pass,Minor corrosion
INSP000000012,EQ00000005,2021-09-07,Thickness,Pass,Minor corrosion
INSP000000013,EQ00000006,2025-04-03,NDT,Pass,Minor corrosion
INSP000000014,EQ00000006,2023-03-02,Visual,Pass,Leak indication
INSP000000015,EQ00000006,2024-06-12,Safety Device,Pass,Minor corrosion
INSP000000016,EQ00000007,2024-09-22,Visual,Pass,Minor corrosion
INSP000000017,EQ00000007,2021-09-14,Electrical,Pass,Vibration concern
INSP000000018,EQ00000007,2025-01-19,NDT,Conditional,Alarm test issue
INSP000000019,EQ00000007,2025-12-20,NDT,Pass,Leak indication
INSP000000020,EQ00000007,2022-05-14,Safety Device,Conditional,Alarm test issue
INSP000000021,EQ00000008,2022-02-15,Visual,Pass,None
INSP000000022,EQ00000009,2021-11-18,NDT,Pass,Alarm test issue
INSP000000023,EQ00000009,2026-03-26,Safety Device,Pass,Alarm test issue
INSP000000024,EQ00000010,2022-06-08,Visual,Pass,Vibration concern
INSP000000025,EQ00000010,2026-02-11,Thickness,Pass,Alarm test issue
INSP000000026,EQ00000011,2023-02-15,NDT,Pass,Leak indication
INSP000000027,EQ00000011,2025-01-09,Thickness,Pass,Leak indication
INSP000000028,EQ00000011,2021-07-23,Thickness,Pass,Minor corrosion
INSP000000029,EQ00000011,2025-12-04,Visual,Pass,Minor corrosion
INSP000000030,EQ00000011,2021-01-25,Thickness,Pass,None
INSP000000031,EQ00000012,2022-02-19,Functional,Pass,None
INSP000000032,EQ00000012,2021-12-02,Visual,Conditional,Alarm test issue
INSP000000033,EQ00000013,2026-01-24,Thickness,Conditional,Vibration concern
INSP000000034,EQ00000013,2024-05-23,Thickness,Defect Found,None
INSP000000035,EQ00000013,2024-06-12,Electrical,Pass,Minor corrosion
INSP000000036,EQ00000013,2022-07-21,Thickness,Defect Found,None
INSP000000037,EQ00000014,2026-02-02,Thickness,Defect Found,None
INSP000000038,EQ00000014,2022-03-08,Safety Device,Conditional,Vibration concern
INSP000000039,EQ00000014,2026-07-17,Visual,Pass,Minor corrosion
INSP000000040,EQ00000014,2023-11-10,NDT,Pass,None
INSP000000041,EQ00000014,2022-04-23,NDT,Defect Found,Alarm test issue
INSP000000042,EQ00000015,2025-06-25,Safety Device,Conditional,Leak indication
INSP000000043,EQ00000015,2021-04-23,Thickness,Pass,Vibration concern
INSP000000044,EQ00000015,2023-12-10,Safety Device,Defect Found,Minor corrosion
INSP000000045,EQ00000016,2024-04-16,Safety Device,Pass,Leak indication
INSP000000046,EQ00000016,2025-03-15,Thickness,Pass,Leak indication
INSP000000047,EQ00000016,2023-12-18,Electrical,Conditional,None
INSP000000048,EQ00000016,2024-11-06,NDT,Conditional,None
INSP000000049,EQ00000016,2022-06-13,NDT,Conditional,Leak indication
INSP000000050,EQ00000017,2024-09-05,Thickness,Pass,Leak indication
INSP000000051,EQ00000017,2024-06-18,NDT,Defect Found,Minor corrosion
INSP000000052,EQ00000018,2022-11-29,Visual,Pass,Vibration concern
INSP000000053,EQ00000018,2025-04-17,Visual,Conditional,Alarm test issue
INSP000000054,EQ00000018,2025-11-11,Visual,Pass,None
INSP000000055,EQ00000019,2026-07-12,Visual,Pass,Minor corrosion
INSP000000056,EQ00000019,2022-08-04,Visual,Defect Found,None
INSP000000057,EQ00000019,2023-12-23,Electrical,Defect Found,Vibration concern
INSP000000058,EQ00000019,2021-09-12,Visual,Defect Found,Vibration concern
INSP000000059,EQ00000019,2025-11-05,NDT,Pass,Alarm test issue
INSP000000060,EQ00000020,2024-04-24,Safety Device,Pass,Vibration concern
INSP000000061,EQ00000020,2025-11-16,Visual,Pass,Leak indication
INSP000000062,EQ00000021,2022-01-21,Visual,Pass,Minor corrosion
INSP000000063,EQ00000021,2024-07-09,Visual,Pass,Vibration concern
INSP000000064,EQ00000022,2025-06-14,Functional,Pass,None
INSP000000065,EQ00000022,2024-03-14,Visual,Pass,Alarm test issue
INSP000000066,EQ00000022,2023-10-24,Functional,Conditional,None
INSP000000067,EQ00000022,2022-08-24,Functional,Pass,Minor corrosion
INSP000000068,EQ00000023,2026-06-12,Functional,Defect Found,Leak indication
INSP000000069,EQ00000023,2021-03-19,NDT,Conditional,None
INSP000000070,EQ00000023,2021-01-01,Functional,Pass,None
INSP000000071,EQ00000023,2021-12-18,Thickness,Conditional,None
INSP000000072,EQ00000024,2026-04-29,NDT,Pass,Minor corrosion
INSP000000073,EQ00000025,2024-04-20,NDT,Pass,None
INSP000000074,EQ00000026,2024-03-07,Electrical,Defect Found,Vibration concern
INSP000000075,EQ00000026,2024-02-16,NDT,Pass,Minor corrosion
INSP000000076,EQ00000026,2021-04-19,Functional,Pass,Minor corrosion
INSP000000077,EQ00000026,2026-04-29,Electrical,Pass,Minor corrosion
INSP000000078,EQ00000027,2021-06-12,Electrical,Pass,Vibration concern
INSP000000079,EQ00000027,2023-01-04,NDT,Conditional,Leak indication
INSP000000080,EQ00000027,2023-07-18,Functional,Pass,Minor corrosion
INSP000000081,EQ00000027,2021-12-23,Functional,Pass,None
INSP000000082,EQ00000028,2021-10-23,Safety Device,Pass,None
INSP000000083,EQ00000028,2022-04-25,Safety Device,Conditional,Alarm test issue
INSP000000084,EQ00000029,2024-05-05,Electrical,Pass,Leak indication
INSP000000085,EQ00000029,2024-03-17,NDT,Pass,None
INSP000000086,EQ00000029,2021-01-20,NDT,Pass,None
INSP000000087,EQ00000029,2026-01-08,Electrical,Conditional,Alarm test issue
INSP000000088,EQ00000030,2022-04-02,Safety Device,Pass,Vibration concern
INSP000000089,EQ00000031,2022-05-11,Safety Device,Conditional,Alarm test issue
INSP000000090,EQ00000031,2022-12-14,Thickness,Pass,Vibration concern
INSP000000091,EQ00000031,2023-09-19,Visual,Pass,Vibration concern
INSP000000092,EQ00000032,2025-08-23,Safety Device,Defect Found,None
INSP000000093,EQ00000033,2021-02-07,Functional,Pass,Vibration concern
INSP000000094,EQ00000033,2025-08-10,Thickness,Pass,Vibration concern
INSP000000095,EQ00000033,2024-07-17,Safety Device,Pass,Alarm test issue
INSP000000096,EQ00000034,2023-07-05,NDT,Conditional,None
INSP000000097,EQ00000034,2022-12-26,Visual,Conditional,Leak indication
INSP000000098,EQ00000034,2026-08-22,Safety Device,Defect Found,Leak indication
INSP000000099,EQ00000034,2021-12-25,NDT,Pass,Alarm test issue
INSP000000100,EQ00000035,2026-01-05,Thickness,Pass,None
INSP000000101,EQ00000036,2022-02-02,Safety Device,Pass,None
INSP000000102,EQ00000036,2025-06-09,Functional,Pass,Minor corrosion
INSP000000103,EQ00000037,2021-01-08,NDT,Defect Found,Leak indication
INSP000000104,EQ00000038,2021-08-06,Visual,Conditional,Alarm test issue
INSP000000105,EQ00000038,2024-03-20,NDT,Pass,Alarm test issue
INSP000000106,EQ00000038,2025-06-30,Electrical,Pass,Alarm test issue
INSP000000107,EQ00000038,2024-04-17,Functional,Defect Found,Alarm test issue
INSP000000108,EQ00000038,2023-03-29,Safety Device,Pass,None
INSP000000109,EQ00000039,2026-08-08,Electrical,Pass,Alarm test issue
INSP000000110,EQ00000039,2021-07-26,Functional,Pass,None
INSP000000111,EQ00000039,2025-04-06,Functional,Pass,None
INSP000000112,EQ00000039,2025-06-19,Safety Device,Pass,Leak indication
INSP000000113,EQ00000039,2026-06-03,Safety Device,Pass,Alarm test issue
INSP000000114,EQ00000040,2024-09-07,Safety Device,Pass,Alarm test issue
INSP000000115,EQ00000041,2026-03-28,NDT,Conditional,Alarm test issue
INSP000000116,EQ00000041,2021-12-18,Thickness,Conditional,Leak indication
INSP000000117,EQ00000041,2025-03-13,NDT,Pass,Minor corrosion
INSP000000118,EQ00000041,2025-03-04,Electrical,Pass,Leak indication
INSP000000119,EQ00000041,2021-01-22,Visual,Conditional,Alarm test issue
INSP000000120,EQ00000042,2021-01-23,NDT,Pass,Alarm test issue
INSP000000121,EQ00000042,2022-01-28,NDT,Defect Found,Vibration concern
INSP000000122,EQ00000042,2026-03-02,Visual,Pass,Alarm test issue
INSP000000123,EQ00000042,2024-10-25,Safety Device,Pass,Minor corrosion
INSP000000124,EQ00000042,2024-08-22,Visual,Pass,Alarm test issue
INSP000000125,EQ00000043,2025-07-05,Electrical,Defect Found,Leak indication
INSP000000126,EQ00000043,2021-01-25,Electrical,Pass,None
INSP000000127,EQ00000044,2025-07-06,Safety Device,Conditional,Minor corrosion
INSP000000128,EQ00000044,2024-04-20,Functional,Conditional,Vibration concern
INSP000000129,EQ00000045,2022-01-15,Thickness,Pass,None
INSP000000130,EQ00000045,2023-02-10,Electrical,Pass,Alarm test issue
INSP000000131,EQ00000046,2026-04-08,Visual,Pass,None
INSP000000132,EQ00000047,2025-04-20,NDT,Pass,Minor corrosion
INSP000000133,EQ00000047,2021-05-30,Visual,Pass,None
INSP000000134,EQ00000047,2022-10-11,Visual,Defect Found,None
INSP000000135,EQ00000047,2023-07-28,Thickness,Conditional,Minor corrosion
INSP000000136,EQ00000048,2023-09-23,Electrical,Pass,None
INSP000000137,EQ00000048,2022-03-12,Visual,Pass,Alarm test issue
INSP000000138,EQ00000048,2024-07-17,Thickness,Pass,Alarm test issue
INSP000000139,EQ00000048,2024-09-09,NDT,Pass,Minor corrosion
INSP000000140,EQ00000048,2024-05-17,Visual,Pass,None
INSP000000141,EQ00000049,2023-06-10,Electrical,Conditional,Leak indication
INSP000000142,EQ00000049,2026-05-13,NDT,Defect Found,Minor corrosion
INSP000000143,EQ00000050,2021-11-15,Thickness,Pass,Minor corrosion
INSP000000144,EQ00000050,2022-12-28,Electrical,Pass,Vibration concern
INSP000000145,EQ00000050,2022-07-25,Thickness,Pass,None
INSP000000146,EQ00000051,2026-07-02,Thickness,Pass,Vibration concern
INSP000000147,EQ00000051,2022-03-28,Functional,Pass,Minor corrosion
INSP000000148,EQ00000052,2026-01-10,Thickness,Pass,None
INSP000000149,EQ00000052,2026-02-21,NDT,Pass,Leak indication
INSP000000150,EQ00000052,2026-08-18,Thickness,Pass,Leak indication
INSP000000151,EQ00000052,2022-02-01,Safety Device,Pass,Minor corrosion
INSP000000152,EQ00000052,2021-04-29,Electrical,Pass,Vibration concern
INSP000000153,EQ00000053,2026-08-14,Electrical,Pass,Minor corrosion
INSP000000154,EQ00000054,2021-08-16,Electrical,Defect Found,Alarm test issue
INSP000000155,EQ00000054,2026-01-18,Safety Device,Pass,None
INSP000000156,EQ00000054,2024-04-29,Thickness,Pass,Minor corrosion
INSP000000157,EQ00000054,2026-03-16,Safety Device,Pass,Vibration concern
INSP000000158,EQ00000055,2025-09-15,Safety Device,Pass,Leak indication
INSP000000159,EQ00000055,2026-07-06,NDT,Pass,Vibration concern
INSP000000160,EQ00000055,2022-11-09,Functional,Pass,Vibration concern
INSP000000161,EQ00000055,2025-12-08,Visual,Pass,Alarm test issue
INSP000000162,EQ00000055,2023-09-15,NDT,Pass,Alarm test issue
INSP000000163,EQ00000056,2021-06-24,Safety Device,Pass,Alarm test issue
INSP000000164,EQ00000056,2023-12-21,Electrical,Pass,None
INSP000000165,EQ00000057,2025-04-07,Functional,Pass,None
INSP000000166,EQ00000057,2022-02-09,Visual,Pass,None
INSP000000167,EQ00000058,2022-07-16,Thickness,Pass,Alarm test issue
INSP000000168,EQ00000058,2023-07-27,Thickness,Pass,Vibration concern
INSP000000169,EQ00000059,2022-08-29,NDT,Pass,Leak indication
INSP000000170,EQ00000059,2022-09-26,Functional,Pass,Vibration concern
INSP000000171,EQ00000059,2022-04-19,NDT,Defect Found,None
INSP000000172,EQ00000060,2023-07-01,NDT,Pass,None
INSP000000173,EQ00000060,2024-06-26,NDT,Pass,Leak indication
INSP000000174,EQ00000060,2023-09-23,NDT,Conditional,Leak indication
INSP000000175,EQ00000060,2022-08-13,NDT,Pass,Alarm test issue
INSP000000176,EQ00000060,2021-01-21,Visual,Pass,None
INSP000000177,EQ00000061,2025-02-22,NDT,Pass,None
INSP000000178,EQ00000061,2026-07-25,Electrical,Conditional,Vibration concern
INSP000000179,EQ00000061,2022-08-11,Thickness,Pass,Leak indication
INSP000000180,EQ00000061,2025-02-10,Electrical,Pass,None
INSP000000181,EQ00000062,2022-02-28,NDT,Pass,Alarm test issue
INSP000000182,EQ00000062,2023-09-29,Safety Device,Defect Found,None
INSP000000183,EQ00000063,2021-01-24,Safety Device,Pass,Alarm test issue
INSP000000184,EQ00000063,2023-07-23,NDT,Conditional,Vibration concern
INSP000000185,EQ00000064,2026-06-14,Visual,Pass,Leak indication
INSP000000186,EQ00000065,2021-06-09,Thickness,Pass,Minor corrosion
INSP000000187,EQ00000065,2022-02-28,Visual,Pass,Vibration concern
INSP000000188,EQ00000066,2021-04-19,Functional,Pass,Alarm test issue
INSP000000189,EQ00000066,2023-03-17,Functional,Conditional,Alarm test issue
INSP000000190,EQ00000066,2021-05-01,Electrical,Conditional,Vibration concern
INSP000000191,EQ00000066,2022-09-21,Functional,Pass,None
INSP000000192,EQ00000066,2021-03-10,Safety Device,Pass,Alarm test issue
INSP000000193,EQ00000067,2026-08-06,NDT,Conditional,Minor corrosion
INSP000000194,EQ00000067,2021-03-21,Visual,Conditional,Vibration concern
INSP000000195,EQ00000067,2025-09-04,Visual,Pass,Minor corrosion
INSP000000196,EQ00000067,2022-04-11,NDT,Pass,Alarm test issue
INSP000000197,EQ00000068,2023-03-05,Safety Device,Pass,Minor corrosion
INSP000000198,EQ00000068,2024-05-15,Thickness,Defect Found,Leak indication
INSP000000199,EQ00000068,2025-12-10,Thickness,Defect Found,Alarm test issue
INSP000000200,EQ00000068,2025-09-13,Electrical,Pass,Alarm test issue
INSP000000201,EQ00000068,2021-05-06,Visual,Pass,Alarm test issue
INSP000000202,EQ00000069,2021-01-22,Thickness,Conditional,Alarm test issue
INSP000000203,EQ00000069,2025-06-26,Safety Device,Pass,Alarm test issue
INSP000000204,EQ00000069,2024-07-05,NDT,Pass,Vibration concern
INSP000000205,EQ00000070,2023-02-28,Visual,Defect Found,None
INSP000000206,EQ00000071,2023-10-22,Safety Device,Pass,Leak indication
INSP000000207,EQ00000071,2023-09-10,Electrical,Pass,Leak indication
INSP000000208,EQ00000071,2023-10-28,Functional,Pass,None
INSP000000209,EQ00000072,2026-03-27,NDT,Pass,Leak indication
INSP000000210,EQ00000073,2021-08-03,Visual,Pass,Vibration concern
INSP000000211,EQ00000073,2021-09-27,NDT,Pass,Vibration concern
INSP000000212,EQ00000073,2023-03-24,NDT,Pass,Leak indication
INSP000000213,EQ00000074,2022-09-25,NDT,Pass,Vibration concern
INSP000000214,EQ00000074,2023-02-28,Electrical,Pass,Minor corrosion
INSP000000215,EQ00000074,2021-09-30,Safety Device,Pass,None
INSP000000216,EQ00000074,2021-08-18,Functional,Pass,Leak indication
INSP000000217,EQ00000075,2025-10-29,Thickness,Pass,Alarm test issue
INSP000000218,EQ00000075,2022-11-08,NDT,Pass,Vibration concern
INSP000000219,EQ00000075,2022-10-25,Safety Device,Defect Found,None
INSP000000220,EQ00000075,2024-06-01,Electrical,Defect Found,Alarm test issue
INSP000000221,EQ00000075,2024-11-23,Visual,Pass,Alarm test issue
INSP000000222,EQ00000076,2025-08-05,Functional,Defect Found,Minor corrosion
INSP000000223,EQ00000076,2023-05-10,NDT,Pass,Alarm test issue
INSP000000224,EQ00000076,2025-06-14,Visual,Pass,Alarm test issue
INSP000000225,EQ00000076,2023-02-09,Functional,Pass,Alarm test issue
INSP000000226,EQ00000077,2021-11-08,Visual,Defect Found,Vibration concern
INSP000000227,EQ00000077,2023-09-12,Safety Device,Pass,Vibration concern
INSP000000228,EQ00000078,2022-01-16,Electrical,Pass,None
INSP000000229,EQ00000078,2026-04-22,Safety Device,Pass,Leak indication
INSP000000230,EQ00000078,2025-05-25,Electrical,Pass,Vibration concern
INSP000000231,EQ00000079,2026-04-12,Safety Device,Pass,None
INSP000000232,EQ00000079,2025-05-20,NDT,Defect Found,Alarm test issue
INSP000000233,EQ00000080,2022-09-23,Safety Device,Defect Found,Leak indication
INSP000000234,EQ00000080,2023-08-29,Thickness,Conditional,Vibration concern
INSP000000235,EQ00000080,2026-07-26,Electrical,Pass,Alarm test issue
INSP000000236,EQ00000080,2025-03-10,Functional,Pass,Leak indication
INSP000000237,EQ00000080,2021-04-27,Functional,Pass,Leak indication
INSP000000238,EQ00000081,2024-07-11,Visual,Pass,Minor corrosion
INSP000000239,EQ00000081,2024-11-28,Functional,Conditional,Leak indication
INSP000000240,EQ00000082,2025-07-02,Functional,Pass,Minor corrosion
INSP000000241,EQ00000082,2021-11-20,NDT,Pass,Leak indication
INSP000000242,EQ00000083,2021-01-13,NDT,Pass,Alarm test issue
INSP000000243,EQ00000083,2026-01-29,Safety Device,Pass,Vibration concern
INSP000000244,EQ00000083,2023-10-05,Functional,Pass,None
INSP000000245,EQ00000083,2026-08-24,Thickness,Conditional,Vibration concern
INSP000000246,EQ00000083,2024-02-27,Safety Device,Pass,None
INSP000000247,EQ00000084,2022-02-12,Electrical,Pass,None
INSP000000248,EQ00000084,2022-06-20,Electrical,Conditional,Vibration concern
INSP000000249,EQ00000085,2024-06-10,Functional,Conditional,Alarm test issue
INSP000000250,EQ00000086,2023-08-25,Visual,Conditional,Leak indication
INSP000000251,EQ00000087,2024-02-20,Visual,Pass,Alarm test issue
INSP000000252,EQ00000087,2021-06-28,Electrical,Pass,Vibration concern
INSP000000253,EQ00000088,2021-07-29,Visual,Pass,None
INSP000000254,EQ00000088,2021-04-29,Functional,Pass,Vibration concern
INSP000000255,EQ00000088,2026-04-28,Safety Device,Pass,None
INSP000000256,EQ00000088,2024-06-23,Electrical,Pass,Minor corrosion
INSP000000257,EQ00000088,2023-01-18,Safety Device,Pass,None
INSP000000258,EQ00000089,2022-12-16,Thickness,Defect Found,None
INSP000000259,EQ00000090,2024-03-28,Electrical,Pass,None
INSP000000260,EQ00000090,2025-10-20,NDT,Pass,Vibration concern
INSP000000261,EQ00000090,2025-03-25,Thickness,Pass,Minor corrosion
INSP000000262,EQ00000090,2024-02-10,Visual,Pass,Leak indication
INSP000000263,EQ00000090,2022-08-19,NDT,Pass,Leak indication
INSP000000264,EQ00000091,2025-01-16,Electrical,Pass,Alarm test issue
INSP000000265,EQ00000091,2023-09-07,Safety Device,Pass,Leak indication
INSP000000266,EQ00000091,2024-08-22,Thickness,Pass,Leak indication
INSP000000267,EQ00000091,2025-04-16,Electrical,Defect Found,Vibration concern
INSP000000268,EQ00000091,2025-07-06,Electrical,Pass,None
INSP000000269,EQ00000092,2024-01-01,Thickness,Pass,Vibration concern
INSP000000270,EQ00000092,2025-01-23,Functional,Pass,Vibration concern
INSP000000271,EQ00000092,2024-12-23,Functional,Pass,Minor corrosion
INSP000000272,EQ00000092,2022-09-08,NDT,Pass,None
INSP000000273,EQ00000092,2022-01-15,NDT,Pass,Minor corrosion
INSP000000274,EQ00000093,2024-10-02,Safety Device,Pass,Minor corrosion
INSP000000275,EQ00000093,2023-04-19,Thickness,Pass,None
INSP000000276,EQ00000094,2025-04-13,Safety Device,Conditional,None
INSP000000277,EQ00000095,2023-03-09,NDT,Pass,Alarm test issue
INSP000000278,EQ00000095,2022-08-03,Safety Device,Pass,None
INSP000000279,EQ00000096,2024-08-19,Visual,Defect Found,Minor corrosion
INSP000000280,EQ00000096,2021-12-23,Safety Device,Conditional,Alarm test issue
INSP000000281,EQ00000096,2023-12-20,Thickness,Pass,None
INSP000000282,EQ00000096,2021-07-30,Functional,Pass,Vibration concern
INSP000000283,EQ00000096,2026-01-01,Safety Device,Conditional,Vibration concern
INSP000000284,EQ00000097,2021-12-30,NDT,Defect Found,Leak indication
INSP000000285,EQ00000097,2021-05-18,NDT,Defect Found,Alarm test issue
INSP000000286,EQ00000098,2023-03-07,NDT,Pass,None
INSP000000287,EQ00000098,2025-07-29,Functional,Pass,Vibration concern
INSP000000288,EQ00000098,2023-09-17,Thickness,Conditional,Alarm test issue
INSP000000289,EQ00000098,2022-02-20,NDT,Defect Found,None
INSP000000290,EQ00000099,2022-01-30,Safety Device,Pass,Alarm test issue
INSP000000291,EQ00000099,2024-11-11,Safety Device,Conditional,Minor corrosion
INSP000000292,EQ00000100,2022-03-06,Electrical,Pass,Leak indication
INSP000000293,EQ00000100,2024-01-20,NDT,Pass,None
INSP000000294,EQ00000100,2023-01-03,NDT,Pass,Alarm test issue
INSP000000295,EQ00000100,2023-05-30,Safety Device,Defect Found,Leak indication
INSP000000296,EQ00000101,2022-12-14,Electrical,Pass,Minor corrosion
INSP000000297,EQ00000101,2021-03-31,Functional,Pass,Leak indication
INSP000000298,EQ00000101,2024-11-01,Electrical,Pass,Alarm test issue
INSP000000299,EQ00000102,2024-03-24,NDT,Pass,None
INSP000000300,EQ00000103,2023-11-29,Thickness,Pass,Leak indication
INSP000000301,EQ00000103,2026-05-15,Safety Device,Pass,None
INSP000000302,EQ00000104,2026-04-21,Safety Device,Defect Found,Alarm test issue
INSP000000303,EQ00000104,2024-03-28,Functional,Conditional,Alarm test issue
INSP000000304,EQ00000104,2024-06-25,Safety Device,Pass,Leak indication
INSP000000305,EQ00000104,2024-05-23,Functional,Pass,None
INSP000000306,EQ00000105,2025-08-22,Safety Device,Pass,Minor corrosion
INSP000000307,EQ00000105,2021-08-31,Visual,Pass,Alarm test issue
INSP000000308,EQ00000105,2023-12-13,Visual,Pass,Minor corrosion
INSP000000309,EQ00000106,2022-06-23,Safety Device,Pass,Minor corrosion
INSP000000310,EQ00000107,2021-01-29,Safety Device,Pass,Vibration concern
INSP000000311,EQ00000107,2025-11-01,Thickness,Pass,Alarm test issue
INSP000000312,EQ00000107,2021-06-19,Safety Device,Pass,Alarm test issue
INSP000000313,EQ00000107,2021-07-13,Visual,Conditional,Minor corrosion
INSP000000314,EQ00000107,2022-04-27,Visual,Pass,Leak indication
INSP000000315,EQ00000108,2024-07-28,Thickness,Pass,Alarm test issue
INSP000000316,EQ00000108,2023-07-23,Functional,Pass,Leak indication
INSP000000317,EQ00000108,2022-12-29,Safety Device,Pass,Leak indication
INSP000000318,EQ00000108,2021-10-01,Functional,Conditional,None
INSP000000319,EQ00000109,2024-07-22,Electrical,Conditional,Leak indication
INSP000000320,EQ00000110,2024-10-29,Thickness,Defect Found,None
INSP000000321,EQ00000110,2023-01-01,NDT,Pass,Vibration concern
INSP000000322,EQ00000110,2023-04-03,Visual,Pass,Leak indication
INSP000000323,EQ00000110,2022-03-13,Visual,Pass,Vibration concern
INSP000000324,EQ00000110,2024-11-14,Electrical,Defect Found,Minor corrosion
INSP000000325,EQ00000111,2022-06-07,Visual,Pass,Minor corrosion
INSP000000326,EQ00000111,2023-10-29,Functional,Pass,Leak indication
INSP000000327,EQ00000111,2022-01-28,Thickness,Conditional,None
INSP000000328,EQ00000111,2024-01-30,Safety Device,Conditional,Vibration concern
INSP000000329,EQ00000112,2025-12-30,Thickness,Defect Found,Vibration concern
INSP000000330,EQ00000112,2022-04-20,Functional,Pass,Alarm test issue
INSP000000331,EQ00000113,2024-11-02,Electrical,Defect Found,Alarm test issue
INSP000000332,EQ00000113,2025-04-28,Visual,Conditional,Leak indication
INSP000000333,EQ00000114,2026-03-22,Visual,Conditional,None
INSP000000334,EQ00000114,2025-08-23,NDT,Defect Found,Vibration concern
INSP000000335,EQ00000114,2026-06-16,Functional,Conditional,Vibration concern
INSP000000336,EQ00000114,2023-08-13,Thickness,Conditional,Alarm test issue
INSP000000337,EQ00000114,2023-07-20,Thickness,Pass,Minor corrosion
INSP000000338,EQ00000115,2023-09-06,Functional,Conditional,Alarm test issue
INSP000000339,EQ00000115,2021-11-24,Thickness,Pass,Leak indication
INSP000000340,EQ00000115,2023-09-18,Functional,Pass,Leak indication
INSP000000341,EQ00000116,2023-07-11,Visual,Pass,None
INSP000000342,EQ00000116,2022-09-06,Functional,Pass,Minor corrosion
INSP000000343,EQ00000116,2021-11-27,Visual,Conditional,Vibration concern
INSP000000344,EQ00000116,2021-07-22,Safety Device,Pass,Vibration concern
INSP000000345,EQ00000117,2025-01-26,Thickness,Pass,Minor corrosion
INSP000000346,EQ00000118,2021-07-18,NDT,Conditional,Leak indication
INSP000000347,EQ00000119,2024-12-26,Visual,Defect Found,Minor corrosion
INSP000000348,EQ00000119,2022-03-01,Functional,Pass,Leak indication
INSP000000349,EQ00000119,2023-09-05,Functional,Defect Found,Alarm test issue
INSP000000350,EQ00000119,2022-10-06,Safety Device,Pass,None
INSP000000351,EQ00000119,2026-01-01,Electrical,Defect Found,Minor corrosion
INSP000000352,EQ00000120,2026-07-27,Thickness,Pass,Alarm test issue
INSP000000353,EQ00000120,2022-08-08,Thickness,Pass,None
INSP000000354,EQ00000120,2025-06-11,Functional,Pass,Leak indication
INSP000000355,EQ00000121,2025-05-09,Functional,Defect Found,None
INSP000000356,EQ00000121,2021-06-26,Safety Device,Pass,Vibration concern
INSP000000357,EQ00000121,2026-03-18,Thickness,Defect Found,Minor corrosion
INSP000000358,EQ00000121,2023-11-20,Thickness,Defect Found,Vibration concern
INSP000000359,EQ00000121,2021-07-14,Electrical,Pass,Vibration concern
INSP000000360,EQ00000122,2024-05-23,NDT,Defect Found,None
INSP000000361,EQ00000122,2026-04-12,NDT,Pass,Alarm test issue
INSP000000362,EQ00000122,2024-03-07,Safety Device,Defect Found,Minor corrosion
INSP000000363,EQ00000122,2026-01-13,Thickness,Pass,Leak indication
INSP000000364,EQ00000123,2021-03-07,Electrical,Pass,Vibration concern
INSP000000365,EQ00000123,2024-10-19,Electrical,Conditional,Minor corrosion
INSP000000366,EQ00000123,2023-07-09,Functional,Pass,Minor corrosion
INSP000000367,EQ00000123,2026-04-07,Safety Device,Pass,Vibration concern
INSP000000368,EQ00000123,2023-12-25,Visual,Pass,Alarm test issue
INSP000000369,EQ00000124,2023-11-12,Electrical,Pass,Vibration concern
INSP000000370,EQ00000125,2022-11-22,Functional,Pass,Alarm test issue
INSP000000371,EQ00000125,2023-10-20,NDT,Pass,Minor corrosion
INSP000000372,EQ00000125,2021-05-09,Visual,Pass,Alarm test issue
INSP000000373,EQ00000125,2021-07-07,Thickness,Pass,Vibration concern
INSP000000374,EQ00000126,2021-12-11,Visual,Pass,Leak indication
INSP000000375,EQ00000126,2026-04-08,Safety Device,Pass,Vibration concern
INSP000000376,EQ00000126,2024-10-18,Thickness,Pass,Vibration concern
INSP000000377,EQ00000126,2022-06-09,NDT,Conditional,Alarm test issue
INSP000000378,EQ00000126,2026-04-18,Visual,Pass,Alarm test issue
INSP000000379,EQ00000127,2021-10-13,Safety Device,Pass,None
INSP000000380,EQ00000127,2022-03-05,Thickness,Pass,Vibration concern
INSP000000381,EQ00000127,2023-06-03,NDT,Pass,Minor corrosion
INSP000000382,EQ00000127,2022-08-10,Electrical,Conditional,Vibration concern
INSP000000383,EQ00000128,2021-01-10,NDT,Pass,Alarm test issue
INSP000000384,EQ00000128,2023-06-18,Visual,Pass,Leak indication
INSP000000385,EQ00000128,2022-01-20,Thickness,Pass,Leak indication
INSP000000386,EQ00000128,2025-12-04,NDT,Pass,Minor corrosion
INSP000000387,EQ00000128,2024-09-12,Thickness,Pass,Alarm test issue
INSP000000388,EQ00000129,2022-10-17,Electrical,Pass,Leak indication
INSP000000389,EQ00000129,2026-04-10,Safety Device,Pass,None
INSP000000390,EQ00000130,2021-06-24,Functional,Pass,Vibration concern
INSP000000391,EQ00000130,2022-06-16,Visual,Pass,Leak indication
INSP000000392,EQ00000131,2025-04-14,Safety Device,Defect Found,Leak indication
INSP000000393,EQ00000131,2021-06-30,Visual,Defect Found,Alarm test issue
INSP000000394,EQ00000131,2022-12-04,Safety Device,Pass,Minor corrosion
INSP000000395,EQ00000131,2025-03-08,Visual,Pass,Vibration concern
INSP000000396,EQ00000132,2021-07-06,Visual,Defect Found,None
INSP000000397,EQ00000133,2024-12-20,Electrical,Conditional,Minor corrosion
INSP000000398,EQ00000133,2026-07-03,Visual,Pass,Vibration concern
INSP000000399,EQ00000134,2021-06-14,NDT,Defect Found,Minor corrosion
INSP000000400,EQ00000134,2021-06-18,Electrical,Conditional,Minor corrosion
INSP000000401,EQ00000134,2023-10-08,Electrical,Pass,Alarm test issue
INSP000000402,EQ00000135,2023-10-11,Thickness,Defect Found,Leak indication
INSP000000403,EQ00000135,2023-07-15,NDT,Pass,Vibration concern
INSP000000404,EQ00000135,2023-12-11,Electrical,Conditional,None
INSP000000405,EQ00000136,2025-05-28,Safety Device,Pass,Vibration concern
INSP000000406,EQ00000136,2022-01-05,Visual,Defect Found,Leak indication
INSP000000407,EQ00000136,2025-12-14,Functional,Defect Found,None
INSP000000408,EQ00000137,2021-11-19,Visual,Conditional,Alarm test issue
INSP000000409,EQ00000137,2021-10-27,Visual,Defect Found,Leak indication
INSP000000410,EQ00000137,2022-07-08,NDT,Pass,Alarm test issue
INSP000000411,EQ00000137,2024-03-01,Electrical,Conditional,Leak indication
INSP000000412,EQ00000137,2023-01-28,Thickness,Pass,Alarm test issue
INSP000000413,EQ00000138,2023-05-06,Visual,Pass,Vibration concern
INSP000000414,EQ00000138,2021-12-22,Safety Device,Pass,None
INSP000000415,EQ00000138,2026-03-07,Electrical,Pass,Alarm test issue
INSP000000416,EQ00000138,2024-02-24,Visual,Defect Found,Minor corrosion
INSP000000417,EQ00000138,2025-05-09,Safety Device,Pass,Minor corrosion
INSP000000418,EQ00000139,2022-05-04,Visual,Pass,Minor corrosion
INSP000000419,EQ00000139,2026-07-01,Safety Device,Pass,Alarm test issue
INSP000000420,EQ00000139,2022-03-13,Thickness,Defect Found,Alarm test issue
INSP000000421,EQ00000140,2022-07-31,Functional,Pass,Alarm test issue
INSP000000422,EQ00000140,2022-04-23,Safety Device,Defect Found,Minor corrosion
INSP000000423,EQ00000141,2025-10-05,Electrical,Defect Found,Alarm test issue
INSP000000424,EQ00000141,2022-06-19,Functional,Pass,Alarm test issue
INSP000000425,EQ00000141,2023-10-10,Visual,Conditional,Alarm test issue
INSP000000426,EQ00000141,2025-11-27,Functional,Pass,Vibration concern
INSP000000427,EQ00000141,2022-06-07,Safety Device,Pass,Vibration concern
INSP000000428,EQ00000142,2026-01-08,Visual,Pass,Vibration concern
INSP000000429,EQ00000142,2026-05-03,Functional,Pass,Minor corrosion
INSP000000430,EQ00000143,2026-01-03,Visual,Defect Found,Vibration concern
INSP000000431,EQ00000143,2024-10-16,Thickness,Conditional,None
INSP000000432,EQ00000144,2025-09-11,Safety Device,Conditional,Alarm test issue
INSP000000433,EQ00000144,2025-06-20,Visual,Defect Found,None
INSP000000434,EQ00000145,2022-04-16,Thickness,Pass,None
INSP000000435,EQ00000145,2024-09-07,Safety Device,Pass,Alarm test issue
INSP000000436,EQ00000145,2021-01-04,Electrical,Pass,Minor corrosion
INSP000000437,EQ00000146,2025-09-14,Safety Device,Pass,Vibration concern
INSP000000438,EQ00000146,2023-10-20,Visual,Defect Found,Minor corrosion
INSP000000439,EQ00000146,2023-04-04,Visual,Defect Found,Vibration concern
INSP000000440,EQ00000146,2022-06-28,Electrical,Conditional,Minor corrosion
INSP000000441,EQ00000146,2021-06-17,Thickness,Pass,Vibration concern
INSP000000442,EQ00000147,2021-11-17,Thickness,Pass,Minor corrosion
INSP000000443,EQ00000147,2022-04-29,Thickness,Pass,Leak indication
INSP000000444,EQ00000147,2021-06-06,Functional,Conditional,Minor corrosion
INSP000000445,EQ00000147,2024-01-22,NDT,Defect Found,Alarm test issue
INSP000000446,EQ00000148,2026-01-30,Thickness,Pass,None
INSP000000447,EQ00000148,2025-05-19,Electrical,Pass,Vibration concern
INSP000000448,EQ00000148,2024-06-09,Electrical,Pass,None
INSP000000449,EQ00000148,2023-08-06,Thickness,Conditional,Vibration concern
INSP000000450,EQ00000149,2022-08-18,Electrical,Pass,Leak indication
INSP000000451,EQ00000149,2025-01-28,Thickness,Pass,Vibration concern
INSP000000452,EQ00000149,2026-06-12,Visual,Conditional,Minor corrosion
INSP000000453,EQ00000149,2022-12-12,Visual,Conditional,Minor corrosion
INSP000000454,EQ00000149,2021-10-06,Thickness,Pass,None
INSP000000455,EQ00000150,2024-10-07,Visual,Conditional,Leak indication
INSP000000456,EQ00000151,2023-02-17,NDT,Defect Found,Leak indication
INSP000000457,EQ00000151,2025-11-24,Visual,Pass,Alarm test issue
INSP000000458,EQ00000152,2023-10-28,Functional,Pass,Vibration concern
INSP000000459,EQ00000152,2021-03-31,Thickness,Pass,None
INSP000000460,EQ00000152,2026-03-10,Safety Device,Pass,Vibration concern
INSP000000461,EQ00000152,2021-06-22,Thickness,Conditional,Leak indication
INSP000000462,EQ00000152,2022-03-09,Electrical,Pass,Leak indication
INSP000000463,EQ00000153,2023-07-07,Functional,Conditional,None
INSP000000464,EQ00000153,2023-09-04,Thickness,Defect Found,Minor corrosion
INSP000000465,EQ00000153,2026-05-02,Visual,Pass,Minor corrosion
INSP000000466,EQ00000153,2026-06-24,Functional,Pass,Minor corrosion
INSP000000467,EQ00000154,2024-05-08,Safety Device,Conditional,Minor corrosion
INSP000000468,EQ00000154,2025-12-30,Electrical,Pass,Leak indication
INSP000000469,EQ00000154,2024-02-14,Electrical,Pass,None
INSP000000470,EQ00000154,2024-04-01,Visual,Pass,Alarm test issue
INSP000000471,EQ00000155,2025-08-01,Functional,Pass,Vibration concern
INSP000000472,EQ00000156,2026-07-10,Thickness,Pass,Minor corrosion
INSP000000473,EQ00000157,2025-06-07,Thickness,Pass,Alarm test issue
INSP000000474,EQ00000157,2024-08-23,Safety Device,Pass,Leak indication
INSP000000475,EQ00000157,2021-04-16,Functional,Pass,None
INSP000000476,EQ00000157,2025-09-05,Functional,Pass,Minor corrosion
INSP000000477,EQ00000157,2025-11-28,Safety Device,Pass,Leak indication
INSP000000478,EQ00000158,2025-06-09,Visual,Conditional,None
INSP000000479,EQ00000158,2024-05-06,Thickness,Pass,Leak indication
INSP000000480,EQ00000158,2025-08-03,Visual,Pass,Minor corrosion
INSP000000481,EQ00000158,2026-03-09,Visual,Defect Found,Vibration concern
INSP000000482,EQ00000159,2026-01-22,Functional,Pass,Vibration concern
INSP000000483,EQ00000159,2025-03-27,Functional,Pass,None
INSP000000484,EQ00000160,2021-04-08,Thickness,Conditional,Minor corrosion
INSP000000485,EQ00000160,2022-08-06,Electrical,Defect Found,Alarm test issue
INSP000000486,EQ00000160,2022-05-28,Thickness,Defect Found,Minor corrosion
INSP000000487,EQ00000160,2023-07-18,Safety Device,Pass,None
INSP000000488,EQ00000160,2023-10-16,Safety Device,Conditional,None
INSP000000489,EQ00000161,2023-03-03,Visual,Pass,Alarm test issue
INSP000000490,EQ00000162,2025-04-02,Functional,Pass,Leak indication
INSP000000491,EQ00000163,2024-03-18,Safety Device,Pass,Leak indication
INSP000000492,EQ00000163,2023-09-10,Visual,Conditional,Minor corrosion
INSP000000493,EQ00000163,2026-06-23,NDT,Pass,None
INSP000000494,EQ00000163,2022-06-03,Safety Device,Conditional,Vibration concern
INSP000000495,EQ00000163,2022-06-28,Functional,Pass,None
INSP000000496,EQ00000164,2022-05-16,Safety Device,Pass,Vibration concern
INSP000000497,EQ00000164,2025-06-23,Functional,Pass,Vibration concern
INSP000000498,EQ00000164,2023-10-26,Thickness,Pass,Alarm test issue
INSP000000499,EQ00000164,2022-10-15,Electrical,Conditional,None
INSP000000500,EQ00000165,2026-04-15,Safety Device,Pass,None
INSP000000501,EQ00000165,2023-10-04,Functional,Conditional,Alarm test issue
INSP000000502,EQ00000165,2023-07-30,Visual,Conditional,Alarm test issue
INSP000000503,EQ00000165,2026-07-18,Visual,Pass,Alarm test issue
INSP000000504,EQ00000165,2024-08-28,Electrical,Pass,Leak indication
INSP000000505,EQ00000166,2022-01-07,Functional,Pass,Vibration concern
INSP000000506,EQ00000166,2025-05-03,Visual,Pass,Alarm test issue
INSP000000507,EQ00000166,2021-08-21,Safety Device,Pass,Leak indication
INSP000000508,EQ00000166,2025-09-09,NDT,Pass,None
INSP000000509,EQ00000166,2025-05-05,Thickness,Defect Found,Leak indication
INSP000000510,EQ00000167,2021-12-21,Functional,Conditional,None
INSP000000511,EQ00000167,2023-09-23,Thickness,Pass,None
INSP000000512,EQ00000167,2024-01-23,Thickness,Pass,Alarm test issue
INSP000000513,EQ00000168,2023-10-28,NDT,Pass,Leak indication
INSP000000514,EQ00000168,2025-11-05,NDT,Pass,Leak indication
INSP000000515,EQ00000168,2021-10-13,Functional,Pass,None
INSP000000516,EQ00000169,2023-07-18,NDT,Defect Found,Vibration concern
INSP000000517,EQ00000169,2021-09-13,Safety Device,Pass,Alarm test issue
INSP000000518,EQ00000170,2024-02-04,Electrical,Pass,Leak indication
INSP000000519,EQ00000170,2022-08-08,Thickness,Conditional,None
INSP000000520,EQ00000170,2023-06-17,Visual,Conditional,Leak indication
INSP000000521,EQ00000170,2024-09-22,Visual,Conditional,Vibration concern
INSP000000522,EQ00000171,2023-09-01,Functional,Pass,Vibration concern
INSP000000523,EQ00000171,2022-11-16,Thickness,Defect Found,Minor corrosion
INSP000000524,EQ00000171,2025-07-07,Electrical,Pass,Alarm test issue
INSP000000525,EQ00000171,2022-10-07,Visual,Pass,Vibration concern
INSP000000526,EQ00000172,2022-12-06,NDT,Pass,Leak indication
INSP000000527,EQ00000172,2022-03-01,Thickness,Pass,Vibration concern
INSP000000528,EQ00000172,2026-01-21,Functional,Pass,Leak indication
INSP000000529,EQ00000172,2025-01-23,Safety Device,Pass,Alarm test issue
INSP000000530,EQ00000172,2024-04-08,Thickness,Pass,Minor corrosion
INSP000000531,EQ00000173,2025-08-10,Functional,Pass,Alarm test issue
INSP000000532,EQ00000173,2022-06-30,Functional,Pass,Vibration concern
INSP000000533,EQ00000173,2024-04-22,NDT,Pass,Alarm test issue
INSP000000534,EQ00000173,2025-04-24,Electrical,Pass,Alarm test issue
INSP000000535,EQ00000173,2026-03-27,Thickness,Defect Found,Alarm test issue
INSP000000536,EQ00000174,2024-10-11,Functional,Conditional,Vibration concern
INSP000000537,EQ00000174,2025-11-29,Visual,Pass,Vibration concern
INSP000000538,EQ00000174,2022-04-17,Visual,Pass,Vibration concern
INSP000000539,EQ00000174,2024-04-12,NDT,Defect Found,Minor corrosion
INSP000000540,EQ00000174,2023-03-19,Thickness,Pass,Leak indication
INSP000000541,EQ00000175,2023-05-28,Thickness,Pass,Vibration concern
INSP000000542,EQ00000176,2022-02-01,Visual,Pass,Vibration concern
INSP000000543,EQ00000176,2026-07-05,Thickness,Pass,Leak indication
INSP000000544,EQ00000176,2022-12-10,Functional,Pass,Alarm test issue
INSP000000545,EQ00000177,2024-07-06,Safety Device,Pass,Vibration concern
INSP000000546,EQ00000177,2023-08-30,NDT,Defect Found,Vibration concern
INSP000000547,EQ00000177,2022-08-15,Electrical,Pass,Vibration concern
INSP000000548,EQ00000178,2023-03-07,NDT,Conditional,Leak indication
INSP000000549,EQ00000178,2026-05-12,Safety Device,Pass,Vibration concern
INSP000000550,EQ00000178,2022-09-11,Thickness,Pass,Leak indication
INSP000000551,EQ00000178,2023-03-27,Electrical,Pass,Minor corrosion
INSP000000552,EQ00000178,2025-08-21,Visual,Pass,Minor corrosion
INSP000000553,EQ00000179,2026-07-04,NDT,Pass,Leak indication
INSP000000554,EQ00000179,2022-03-29,NDT,Pass,Leak indication
INSP000000555,EQ00000179,2025-10-13,Visual,Defect Found,Minor corrosion
INSP000000556,EQ00000180,2024-10-20,Visual,Pass,Alarm test issue
INSP000000557,EQ00000180,2023-05-25,Safety Device,Pass,Minor corrosion
INSP000000558,EQ00000180,2023-01-18,NDT,Pass,Vibration concern
INSP000000559,EQ00000181,2025-09-22,Electrical,Conditional,Vibration concern
INSP000000560,EQ00000181,2025-04-05,Electrical,Pass,Minor corrosion
INSP000000561,EQ00000181,2022-05-29,Safety Device,Pass,Alarm test issue
INSP000000562,EQ00000181,2022-11-14,Functional,Pass,Vibration concern
INSP000000563,EQ00000182,2023-06-17,Safety Device,Defect Found,Alarm test issue
INSP000000564,EQ00000182,2021-02-25,Safety Device,Defect Found,Alarm test issue
INSP000000565,EQ00000182,2024-11-01,Thickness,Conditional,Leak indication
INSP000000566,EQ00000182,2024-12-27,Thickness,Pass,Leak indication
INSP000000567,EQ00000183,2024-03-20,Functional,Defect Found,Vibration concern
INSP000000568,EQ00000183,2024-07-22,NDT,Pass,Leak indication
INSP000000569,EQ00000183,2026-02-07,Safety Device,Defect Found,Minor corrosion
INSP000000570,EQ00000183,2024-09-14,Thickness,Pass,Leak indication
INSP000000571,EQ00000183,2021-11-07,Safety Device,Pass,Minor corrosion
INSP000000572,EQ00000184,2023-06-12,NDT,Pass,Vibration concern
INSP000000573,EQ00000184,2022-02-25,Electrical,Pass,Alarm test issue
INSP000000574,EQ00000184,2023-07-17,Safety Device,Pass,Vibration concern
INSP000000575,EQ00000184,2023-04-08,Safety Device,Pass,Minor corrosion
INSP000000576,EQ00000185,2025-07-02,Safety Device,Pass,Minor corrosion
INSP000000577,EQ00000185,2023-06-04,Thickness,Defect Found,None
INSP000000578,EQ00000186,2021-03-05,Visual,Pass,Alarm test issue
INSP000000579,EQ00000186,2023-05-29,Safety Device,Pass,Alarm test issue
INSP000000580,EQ00000186,2023-05-26,Safety Device,Conditional,Alarm test issue
INSP000000581,EQ00000187,2023-10-10,NDT,Pass,Vibration concern
INSP000000582,EQ00000187,2023-06-19,Functional,Pass,None
INSP000000583,EQ00000187,2022-03-14,NDT,Pass,Alarm test issue
INSP000000584,EQ00000188,2024-11-12,Safety Device,Pass,Vibration concern
INSP000000585,EQ00000188,2022-08-03,NDT,Pass,None
INSP000000586,EQ00000188,2025-06-05,Visual,Conditional,Leak indication
INSP000000587,EQ00000189,2023-08-16,NDT,Pass,Leak indication
INSP000000588,EQ00000189,2026-03-23,Functional,Defect Found,None
INSP000000589,EQ00000189,2025-07-11,Electrical,Conditional,Minor corrosion
INSP000000590,EQ00000189,2024-09-25,Functional,Conditional,Leak indication
INSP000000591,EQ00000189,2022-08-20,Safety Device,Pass,Leak indication
INSP000000592,EQ00000190,2025-09-05,Thickness,Pass,Minor corrosion
INSP000000593,EQ00000191,2021-09-03,Electrical,Conditional,None
INSP000000594,EQ00000191,2024-12-13,Functional,Conditional,None
INSP000000595,EQ00000192,2026-03-14,Electrical,Pass,Minor corrosion
INSP000000596,EQ00000193,2023-05-08,Visual,Pass,None
INSP000000597,EQ00000193,2023-05-10,Electrical,Pass,Alarm test issue
INSP000000598,EQ00000193,2025-06-01,Visual,Pass,Leak indication
INSP000000599,EQ00000194,2026-06-09,NDT,Defect Found,Leak indication
INSP000000600,EQ00000195,2026-01-11,Functional,Pass,Minor corrosion
INSP000000601,EQ00000195,2022-12-11,Safety Device,Pass,Alarm test issue
INSP000000602,EQ00000195,2024-03-24,Electrical,Pass,Vibration concern
INSP000000603,EQ00000195,2023-08-29,Safety Device,Pass,Alarm test issue
INSP000000604,EQ00000195,2025-12-19,Electrical,Pass,None
INSP000000605,EQ00000196,2022-10-24,Visual,Pass,Alarm test issue
INSP000000606,EQ00000196,2025-06-01,Functional,Pass,None
INSP000000607,EQ00000196,2022-02-01,Electrical,Pass,Minor corrosion
INSP000000608,EQ00000196,2024-07-13,NDT,Pass,Alarm test issue
INSP000000609,EQ00000197,2024-06-01,Functional,Pass,Minor corrosion
INSP000000610,EQ00000197,2026-05-02,Thickness,Pass,None
INSP000000611,EQ00000198,2025-07-05,Thickness,Pass,Vibration concern
INSP000000612,EQ00000198,2024-02-25,Electrical,Pass,None
INSP000000613,EQ00000198,2021-03-27,Electrical,Conditional,Leak indication
INSP000000614,EQ00000198,2021-02-09,Safety Device,Conditional,Vibration concern
INSP000000615,EQ00000199,2026-08-19,Safety Device,Pass,Minor corrosion
INSP000000616,EQ00000199,2026-07-11,NDT,Pass,Minor corrosion
INSP000000617,EQ00000199,2021-08-24,Safety Device,Pass,Vibration concern
INSP000000618,EQ00000200,2025-07-29,NDT,Pass,Vibration concern
INSP000000619,EQ00000201,2022-02-09,Safety Device,Pass,Minor corrosion
INSP000000620,EQ00000201,2022-05-13,Visual,Pass,Leak indication
INSP000000621,EQ00000201,2021-12-29,Functional,Pass,Vibration concern
INSP000000622,EQ00000201,2022-10-24,Safety Device,Pass,Alarm test issue
INSP000000623,EQ00000201,2022-02-15,Functional,Pass,Vibration concern
INSP000000624,EQ00000202,2024-03-02,Safety Device,Pass,Leak indication
INSP000000625,EQ00000202,2023-05-03,Electrical,Pass,Minor corrosion
INSP000000626,EQ00000202,2021-07-13,Safety Device,Pass,Minor corrosion
INSP000000627,EQ00000202,2021-06-03,NDT,Pass,Leak indication
INSP000000628,EQ00000203,2022-09-21,Safety Device,Pass,Minor corrosion
INSP000000629,EQ00000203,2025-01-20,NDT,Pass,None
INSP000000630,EQ00000203,2021-03-20,Thickness,Pass,Leak indication
INSP000000631,EQ00000203,2021-04-02,Electrical,Defect Found,None
INSP000000632,EQ00000203,2021-12-21,NDT,Pass,None
INSP000000633,EQ00000204,2026-06-13,Electrical,Defect Found,None
INSP000000634,EQ00000204,2021-05-24,Functional,Pass,Alarm test issue
INSP000000635,EQ00000205,2024-10-19,NDT,Pass,Leak indication
INSP000000636,EQ00000205,2023-01-25,Thickness,Pass,Minor corrosion
INSP000000637,EQ00000206,2025-08-29,Thickness,Defect Found,Alarm test issue
INSP000000638,EQ00000206,2022-04-09,NDT,Pass,Leak indication
INSP000000639,EQ00000206,2023-03-01,Visual,Defect Found,None
INSP000000640,EQ00000207,2021-08-12,NDT,Pass,None
INSP000000641,EQ00000207,2024-03-02,Safety Device,Pass,Vibration concern
INSP000000642,EQ00000207,2021-03-27,Visual,Pass,Leak indication
INSP000000643,EQ00000207,2023-05-02,Functional,Pass,Alarm test issue
INSP000000644,EQ00000207,2022-01-01,Thickness,Conditional,Vibration concern
INSP000000645,EQ00000208,2025-03-01,NDT,Pass,None
INSP000000646,EQ00000209,2025-01-25,Visual,Pass,Alarm test issue
INSP000000647,EQ00000209,2025-10-02,Thickness,Pass,Minor corrosion
INSP000000648,EQ00000209,2022-12-30,Functional,Pass,Alarm test issue
INSP000000649,EQ00000209,2024-10-26,Visual,Pass,None
INSP000000650,EQ00000209,2025-08-15,Electrical,Pass,None
INSP000000651,EQ00000210,2026-08-23,Electrical,Pass,Leak indication
INSP000000652,EQ00000210,2022-03-30,NDT,Pass,Vibration concern
INSP000000653,EQ00000211,2021-12-03,Functional,Defect Found,Leak indication
INSP000000654,EQ00000211,2023-10-07,Safety Device,Pass,Leak indication
INSP000000655,EQ00000211,2024-04-07,Functional,Pass,Vibration concern
INSP000000656,EQ00000211,2021-04-13,Visual,Pass,Minor corrosion
INSP000000657,EQ00000211,2026-05-04,Safety Device,Pass,Vibration concern
INSP000000658,EQ00000212,2021-09-22,Thickness,Pass,Leak indication
INSP000000659,EQ00000212,2022-05-01,Functional,Conditional,Vibration concern
INSP000000660,EQ00000212,2023-09-02,Electrical,Defect Found,Leak indication
INSP000000661,EQ00000212,2026-08-31,Safety Device,Pass,None
INSP000000662,EQ00000213,2022-10-29,NDT,Conditional,Alarm test issue
INSP000000663,EQ00000213,2025-12-25,Thickness,Pass,Alarm test issue
INSP000000664,EQ00000213,2024-07-30,Functional,Defect Found,None
INSP000000665,EQ00000213,2025-06-19,Visual,Conditional,Vibration concern
INSP000000666,EQ00000213,2026-07-10,Thickness,Pass,Alarm test issue
INSP000000667,EQ00000214,2022-09-23,NDT,Conditional,Minor corrosion
INSP000000668,EQ00000215,2023-07-15,Visual,Pass,Alarm test issue
INSP000000669,EQ00000215,2024-11-26,Visual,Pass,Alarm test issue
INSP000000670,EQ00000215,2024-09-09,NDT,Pass,Alarm test issue
INSP000000671,EQ00000215,2023-07-29,Visual,Pass,Minor corrosion
INSP000000672,EQ00000216,2023-02-16,Visual,Conditional,Vibration concern
INSP000000673,EQ00000216,2025-12-25,Safety Device,Pass,Leak indication
INSP000000674,EQ00000217,2024-07-22,Thickness,Pass,None
INSP000000675,EQ00000218,2021-11-18,Visual,Conditional,Vibration concern
INSP000000676,EQ00000218,2022-07-19,Visual,Pass,Leak indication
INSP000000677,EQ00000218,2023-06-06,Visual,Pass,Alarm test issue
INSP000000678,EQ00000219,2021-05-14,Safety Device,Pass,None
INSP000000679,EQ00000219,2021-01-16,Functional,Pass,Leak indication
INSP000000680,EQ00000220,2022-07-05,NDT,Pass,Minor corrosion
INSP000000681,EQ00000220,2022-03-27,Electrical,Pass,Alarm test issue
INSP000000682,EQ00000220,2021-05-14,Visual,Conditional,Vibration concern
INSP000000683,EQ00000220,2023-05-05,Visual,Pass,Vibration concern
INSP000000684,EQ00000220,2023-07-27,Thickness,Pass,Minor corrosion
INSP000000685,EQ00000221,2023-02-07,Thickness,Defect Found,Vibration concern
INSP000000686,EQ00000221,2025-04-11,Safety Device,Defect Found,Alarm test issue
INSP000000687,EQ00000221,2025-08-01,Visual,Pass,Vibration concern
INSP000000688,EQ00000221,2022-11-25,Visual,Pass,Leak indication
INSP000000689,EQ00000222,2023-10-21,NDT,Pass,Minor corrosion
INSP000000690,EQ00000222,2023-05-16,Visual,Pass,Alarm test issue
INSP000000691,EQ00000222,2026-08-11,Safety Device,Pass,None
INSP000000692,EQ00000223,2024-03-09,Functional,Pass,Minor corrosion
INSP000000693,EQ00000223,2023-02-28,Safety Device,Pass,Leak indication
INSP000000694,EQ00000223,2021-07-12,Safety Device,Pass,Minor corrosion
INSP000000695,EQ00000223,2021-09-05,Functional,Pass,Leak indication
INSP000000696,EQ00000224,2025-11-21,Electrical,Pass,Leak indication
INSP000000697,EQ00000225,2026-01-15,Safety Device,Pass,None
INSP000000698,EQ00000225,2022-05-10,Safety Device,Pass,None
INSP000000699,EQ00000225,2026-07-07,Safety Device,Pass,Leak indication
INSP000000700,EQ00000226,2022-02-22,Electrical,Pass,Vibration concern
INSP000000701,EQ00000226,2026-06-16,Electrical,Pass,Leak indication
INSP000000702,EQ00000226,2025-11-01,Functional,Pass,Alarm test issue
INSP000000703,EQ00000227,2022-07-01,Functional,Defect Found,Minor corrosion
INSP000000704,EQ00000228,2025-01-23,Thickness,Pass,None
INSP000000705,EQ00000229,2021-12-09,Visual,Pass,Alarm test issue
INSP000000706,EQ00000229,2021-06-02,Visual,Pass,Alarm test issue
INSP000000707,EQ00000230,2026-07-18,Safety Device,Defect Found,Leak indication
INSP000000708,EQ00000230,2022-02-20,Electrical,Pass,Leak indication
INSP000000709,EQ00000231,2024-05-19,Electrical,Defect Found,Leak indication
INSP000000710,EQ00000231,2025-09-24,Functional,Pass,Minor corrosion
INSP000000711,EQ00000231,2026-08-09,Safety Device,Pass,Minor corrosion
INSP000000712,EQ00000231,2022-02-24,Visual,Pass,Vibration concern
INSP000000713,EQ00000232,2022-01-12,Visual,Pass,Leak indication
INSP000000714,EQ00000232,2022-03-16,Visual,Conditional,Leak indication
INSP000000715,EQ00000233,2022-06-14,Electrical,Defect Found,None
INSP000000716,EQ00000233,2026-04-15,Visual,Pass,None
INSP000000717,EQ00000234,2023-09-13,Thickness,Pass,Leak indication
INSP000000718,EQ00000235,2023-03-16,Functional,Conditional,Alarm test issue
INSP000000719,EQ00000235,2023-08-14,Visual,Pass,Leak indication
INSP000000720,EQ00000235,2025-03-20,Visual,Pass,Leak indication
INSP000000721,EQ00000235,2025-03-28,Thickness,Pass,None
INSP000000722,EQ00000235,2022-11-16,Electrical,Pass,None
INSP000000723,EQ00000236,2021-03-22,Safety Device,Pass,None
INSP000000724,EQ00000236,2023-06-03,Safety Device,Pass,Minor corrosion
INSP000000725,EQ00000236,2022-07-09,Safety Device,Pass,Alarm test issue
INSP000000726,EQ00000236,2022-01-27,Electrical,Pass,Alarm test issue
INSP000000727,EQ00000236,2025-10-23,Electrical,Pass,Alarm test issue
INSP000000728,EQ00000237,2026-04-29,NDT,Pass,Alarm test issue
INSP000000729,EQ00000237,2025-05-13,Functional,Pass,Leak indication
INSP000000730,EQ00000237,2024-05-16,NDT,Conditional,Minor corrosion
INSP000000731,EQ00000238,2022-11-19,Visual,Pass,Leak indication
INSP000000732,EQ00000238,2021-10-07,Electrical,Pass,Leak indication
INSP000000733,EQ00000238,2021-01-23,Electrical,Pass,None
INSP000000734,EQ00000238,2025-01-20,Visual,Pass,Minor corrosion
INSP000000735,EQ00000238,2023-07-10,Functional,Conditional,Vibration concern
INSP000000736,EQ00000239,2023-08-03,Functional,Pass,Leak indication
INSP000000737,EQ00000240,2026-03-01,Thickness,Conditional,Leak indication
INSP000000738,EQ00000240,2023-06-14,Thickness,Conditional,Leak indication
INSP000000739,EQ00000240,2023-01-14,Safety Device,Pass,Vibration concern
INSP000000740,EQ00000240,2022-11-08,NDT,Pass,None
INSP000000741,EQ00000240,2021-02-11,Visual,Pass,Alarm test issue
INSP000000742,EQ00000241,2024-01-11,Electrical,Defect Found,Alarm test issue
INSP000000743,EQ00000241,2022-07-12,NDT,Pass,Minor corrosion
INSP000000744,EQ00000241,2021-09-16,Functional,Conditional,None
INSP000000745,EQ00000241,2022-08-20,NDT,Pass,Leak indication
INSP000000746,EQ00000241,2021-11-11,Electrical,Pass,Leak indication
INSP000000747,EQ00000242,2023-10-03,NDT,Defect Found,Leak indication
INSP000000748,EQ00000242,2022-07-11,Visual,Defect Found,None
INSP000000749,EQ00000243,2021-03-23,NDT,Pass,Minor corrosion
INSP000000750,EQ00000243,2021-05-25,Safety Device,Conditional,Leak indication
INSP000000751,EQ00000243,2022-01-29,Functional,Pass,Vibration concern
INSP000000752,EQ00000243,2026-08-04,NDT,Pass,Alarm test issue
INSP000000753,EQ00000243,2021-02-24,Visual,Pass,None
INSP000000754,EQ00000244,2025-01-06,Safety Device,Pass,Alarm test issue
INSP000000755,EQ00000245,2023-09-08,Functional,Pass,Minor corrosion
INSP000000756,EQ00000245,2022-11-28,Thickness,Pass,Alarm test issue
INSP000000757,EQ00000246,2022-11-12,Thickness,Conditional,Minor corrosion
INSP000000758,EQ00000246,2023-04-08,Electrical,Pass,None
INSP000000759,EQ00000246,2021-01-16,Thickness,Pass,Vibration concern
INSP000000760,EQ00000247,2022-11-26,Electrical,Defect Found,None
INSP000000761,EQ00000247,2025-04-28,Visual,Pass,Leak indication
INSP000000762,EQ00000247,2023-05-21,Thickness,Pass,None
INSP000000763,EQ00000247,2025-01-27,NDT,Conditional,Alarm test issue
INSP000000764,EQ00000247,2023-08-17,Safety Device,Pass,Minor corrosion
INSP000000765,EQ00000248,2021-09-29,Thickness,Conditional,Alarm test issue
INSP000000766,EQ00000248,2025-11-23,Thickness,Pass,Vibration concern
INSP000000767,EQ00000248,2021-06-12,Electrical,Pass,Alarm test issue
INSP000000768,EQ00000248,2023-02-16,Visual,Pass,Alarm test issue
INSP000000769,EQ00000248,2026-08-18,Visual,Conditional,Leak indication
INSP000000770,EQ00000249,2024-08-02,Functional,Pass,Leak indication
INSP000000771,EQ00000249,2022-12-29,NDT,Conditional,Leak indication
INSP000000772,EQ00000249,2025-05-02,Visual,Pass,Alarm test issue
INSP000000773,EQ00000250,2023-05-16,NDT,Pass,None
INSP000000774,EQ00000251,2022-09-06,Functional,Defect Found,None
INSP000000775,EQ00000251,2023-02-19,Safety Device,Defect Found,Leak indication
INSP000000776,EQ00000251,2022-04-22,Visual,Conditional,None
INSP000000777,EQ00000251,2022-10-09,Functional,Pass,Alarm test issue
INSP000000778,EQ00000252,2023-04-29,Functional,Defect Found,Vibration concern
INSP000000779,EQ00000252,2026-07-17,NDT,Pass,Vibration concern
INSP000000780,EQ00000253,2024-02-28,Thickness,Pass,Leak indication
INSP000000781,EQ00000253,2026-05-21,NDT,Pass,None
INSP000000782,EQ00000253,2026-05-09,NDT,Pass,Minor corrosion
INSP000000783,EQ00000254,2023-03-14,NDT,Pass,Minor corrosion
INSP000000784,EQ00000254,2022-08-11,Safety Device,Pass,Leak indication
INSP000000785,EQ00000254,2026-03-31,Electrical,Pass,Vibration concern
INSP000000786,EQ00000255,2021-12-31,Safety Device,Pass,Vibration concern
INSP000000787,EQ00000255,2025-06-16,Thickness,Pass,Vibration concern
INSP000000788,EQ00000255,2021-03-26,Electrical,Pass,Alarm test issue
INSP000000789,EQ00000256,2022-12-20,Visual,Pass,Leak indication
INSP000000790,EQ00000256,2024-03-04,Safety Device,Defect Found,Alarm test issue
INSP000000791,EQ00000256,2024-12-25,Functional,Conditional,Vibration concern
INSP000000792,EQ00000256,2023-02-22,NDT,Pass,Vibration concern
INSP000000793,EQ00000256,2024-06-14,Functional,Pass,None
INSP000000794,EQ00000257,2024-07-11,Electrical,Defect Found,Alarm test issue
INSP000000795,EQ00000257,2026-05-18,NDT,Pass,None
INSP000000796,EQ00000257,2026-02-13,Visual,Defect Found,None
INSP000000797,EQ00000257,2021-03-04,Thickness,Pass,Leak indication
INSP000000798,EQ00000257,2021-06-11,Functional,Pass,Minor corrosion
INSP000000799,EQ00000258,2025-02-03,Functional,Pass,Vibration concern
INSP000000800,EQ00000258,2024-06-30,Functional,Pass,None
INSP000000801,EQ00000258,2021-09-29,Thickness,Pass,Vibration concern
INSP000000802,EQ00000258,2024-10-20,Functional,Pass,Alarm test issue
INSP000000803,EQ00000259,2026-07-23,Safety Device,Conditional,Vibration concern
INSP000000804,EQ00000260,2023-09-02,Thickness,Pass,Leak indication
INSP000000805,EQ00000260,2023-01-08,Functional,Conditional,Vibration concern
INSP000000806,EQ00000260,2022-09-27,Visual,Defect Found,Leak indication
INSP000000807,EQ00000260,2021-08-12,Functional,Pass,Leak indication
INSP000000808,EQ00000261,2023-06-10,NDT,Pass,Minor corrosion
INSP000000809,EQ00000261,2023-12-03,NDT,Pass,Alarm test issue
INSP000000810,EQ00000261,2026-03-20,Safety Device,Pass,Leak indication
INSP000000811,EQ00000262,2024-08-21,Thickness,Pass,Minor corrosion
INSP000000812,EQ00000262,2026-06-04,Visual,Conditional,Vibration concern
INSP000000813,EQ00000263,2025-06-10,NDT,Defect Found,Vibration concern
INSP000000814,EQ00000263,2026-02-16,Thickness,Pass,Leak indication
INSP000000815,EQ00000263,2021-07-07,Electrical,Pass,None
INSP000000816,EQ00000264,2021-01-24,Functional,Pass,Minor corrosion
INSP000000817,EQ00000264,2025-08-02,Safety Device,Conditional,None
INSP000000818,EQ00000264,2021-01-15,Electrical,Defect Found,None
INSP000000819,EQ00000264,2021-07-06,Electrical,Pass,Leak indication
INSP000000820,EQ00000265,2024-08-10,Thickness,Pass,Minor corrosion
INSP000000821,EQ00000266,2025-03-08,Functional,Pass,Leak indication
INSP000000822,EQ00000267,2026-04-03,Thickness,Pass,Vibration concern
INSP000000823,EQ00000267,2026-08-12,NDT,Pass,Leak indication
INSP000000824,EQ00000267,2023-12-21,Functional,Pass,Minor corrosion
INSP000000825,EQ00000268,2023-09-16,NDT,Pass,None
INSP000000826,EQ00000268,2025-12-28,NDT,Pass,Minor corrosion
INSP000000827,EQ00000268,2023-11-13,Visual,Conditional,Alarm test issue
INSP000000828,EQ00000268,2024-06-19,Thickness,Pass,Leak indication
INSP000000829,EQ00000269,2023-10-27,Electrical,Pass,None
INSP000000830,EQ00000269,2026-03-12,Electrical,Defect Found,Leak indication
INSP000000831,EQ00000269,2023-03-30,Electrical,Defect Found,Vibration concern
INSP000000832,EQ00000269,2022-09-11,Thickness,Pass,Vibration concern
INSP000000833,EQ00000269,2026-03-31,Functional,Pass,Minor corrosion
INSP000000834,EQ00000270,2022-12-17,Functional,Pass,None
INSP000000835,EQ00000270,2022-11-22,Safety Device,Conditional,None
INSP000000836,EQ00000270,2025-07-25,Functional,Pass,Vibration concern
INSP000000837,EQ00000270,2025-07-19,Thickness,Pass,Alarm test issue
INSP000000838,EQ00000270,2022-10-08,Safety Device,Conditional,None
INSP000000839,EQ00000271,2024-05-28,Functional,Defect Found,Alarm test issue
INSP000000840,EQ00000272,2022-03-05,Visual,Pass,Minor corrosion
INSP000000841,EQ00000272,2025-08-05,NDT,Pass,Alarm test issue
INSP000000842,EQ00000272,2023-01-30,Functional,Pass,None
INSP000000843,EQ00000272,2022-07-16,Thickness,Pass,None
INSP000000844,EQ00000273,2023-12-12,Electrical,Defect Found,Leak indication
INSP000000845,EQ00000273,2026-06-08,Visual,Pass,Minor corrosion
INSP000000846,EQ00000273,2024-08-20,Electrical,Pass,Minor corrosion
INSP000000847,EQ00000273,2025-03-20,Thickness,Pass,Alarm test issue
INSP000000848,EQ00000274,2024-12-20,Electrical,Pass,Leak indication
INSP000000849,EQ00000274,2022-11-12,Safety Device,Conditional,Minor corrosion
INSP000000850,EQ00000274,2022-12-09,Visual,Pass,Alarm test issue
INSP000000851,EQ00000275,2025-06-01,Visual,Pass,None
INSP000000852,EQ00000275,2024-08-26,Electrical,Defect Found,None
INSP000000853,EQ00000276,2025-06-19,Electrical,Conditional,Minor corrosion
INSP000000854,EQ00000276,2021-12-28,Visual,Pass,Minor corrosion
INSP000000855,EQ00000276,2022-12-17,Visual,Defect Found,None
INSP000000856,EQ00000276,2024-08-19,NDT,Pass,Alarm test issue
INSP000000857,EQ00000276,2024-12-22,Visual,Pass,None
INSP000000858,EQ00000277,2021-09-01,Thickness,Pass,Vibration concern
INSP000000859,EQ00000277,2021-07-13,Electrical,Pass,Alarm test issue
INSP000000860,EQ00000277,2023-08-25,Visual,Conditional,Minor corrosion
INSP000000861,EQ00000277,2022-12-26,Electrical,Pass,Vibration concern
INSP000000862,EQ00000277,2023-11-02,Thickness,Defect Found,Minor corrosion
INSP000000863,EQ00000278,2026-01-26,Visual,Pass,Minor corrosion
INSP000000864,EQ00000278,2021-05-16,Safety Device,Pass,Minor corrosion
INSP000000865,EQ00000279,2024-03-10,Thickness,Pass,Leak indication
INSP000000866,EQ00000279,2022-03-10,Visual,Pass,Alarm test issue
INSP000000867,EQ00000279,2023-11-21,Thickness,Pass,Minor corrosion
INSP000000868,EQ00000279,2021-08-25,Thickness,Pass,None
INSP000000869,EQ00000279,2021-03-07,Safety Device,Pass,Leak indication
INSP000000870,EQ00000280,2023-04-04,NDT,Defect Found,None
INSP000000871,EQ00000280,2025-05-30,Visual,Defect Found,Minor corrosion
INSP000000872,EQ00000280,2021-03-06,Thickness,Pass,Leak indication
INSP000000873,EQ00000281,2025-11-19,Thickness,Pass,Alarm test issue
INSP000000874,EQ00000281,2024-08-29,Thickness,Pass,None
INSP000000875,EQ00000281,2023-06-14,Functional,Pass,Minor corrosion
INSP000000876,EQ00000282,2024-06-08,Visual,Pass,None
INSP000000877,EQ00000282,2025-11-13,NDT,Defect Found,None
INSP000000878,EQ00000282,2026-08-16,Safety Device,Pass,Leak indication
INSP000000879,EQ00000282,2023-07-12,Visual,Pass,Alarm test issue
INSP000000880,EQ00000282,2026-02-05,Safety Device,Conditional,Minor corrosion
INSP000000881,EQ00000283,2025-12-20,Thickness,Pass,Vibration concern
INSP000000882,EQ00000284,2025-12-20,Electrical,Conditional,Alarm test issue
INSP000000883,EQ00000284,2024-02-24,Functional,Pass,Alarm test issue
INSP000000884,EQ00000284,2022-05-05,Visual,Defect Found,Alarm test issue
INSP000000885,EQ00000284,2021-11-02,NDT,Pass,None
INSP000000886,EQ00000284,2024-05-31,NDT,Pass,Vibration concern
INSP000000887,EQ00000285,2024-06-11,NDT,Pass,Leak indication
INSP000000888,EQ00000285,2023-12-08,Visual,Pass,Leak indication
INSP000000889,EQ00000285,2022-04-02,Safety Device,Pass,Minor corrosion
INSP000000890,EQ00000285,2021-02-09,Electrical,Conditional,None
INSP000000891,EQ00000286,2022-07-05,Functional,Conditional,Alarm test issue
INSP000000892,EQ00000287,2021-11-15,Visual,Pass,None
INSP000000893,EQ00000287,2024-11-07,Functional,Pass,None
INSP000000894,EQ00000287,2024-11-07,Safety Device,Pass,Minor corrosion
INSP000000895,EQ00000287,2022-07-13,Thickness,Pass,None
INSP000000896,EQ00000288,2025-09-25,Electrical,Defect Found,Vibration concern
INSP000000897,EQ00000288,2022-09-09,Safety Device,Pass,Leak indication
INSP000000898,EQ00000288,2024-10-09,Visual,Pass,Minor corrosion
INSP000000899,EQ00000288,2024-08-13,Thickness,Conditional,None
INSP000000900,EQ00000288,2023-01-26,Thickness,Pass,Alarm test issue
INSP000000901,EQ00000289,2022-10-13,Safety Device,Conditional,Vibration concern
INSP000000902,EQ00000289,2022-06-14,Functional,Conditional,Vibration concern
INSP000000903,EQ00000289,2023-04-16,NDT,Defect Found,Leak indication
INSP000000904,EQ00000289,2023-02-21,Functional,Pass,Alarm test issue
INSP000000905,EQ00000289,2021-08-18,Thickness,Pass,Vibration concern
INSP000000906,EQ00000290,2023-01-11,Electrical,Pass,Leak indication
INSP000000907,EQ00000290,2024-11-07,Functional,Conditional,None
INSP000000908,EQ00000290,2023-07-01,Visual,Pass,None
INSP000000909,EQ00000290,2023-05-22,Functional,Defect Found,Vibration concern
INSP000000910,EQ00000290,2025-08-07,NDT,Pass,Vibration concern
INSP000000911,EQ00000291,2026-07-14,Safety Device,Conditional,Alarm test issue
INSP000000912,EQ00000292,2025-08-01,Thickness,Conditional,Vibration concern
INSP000000913,EQ00000292,2025-04-11,Functional,Pass,None
INSP000000914,EQ00000292,2021-05-25,NDT,Pass,Vibration concern
INSP000000915,EQ00000292,2025-11-23,NDT,Defect Found,Minor corrosion
INSP000000916,EQ00000292,2023-12-01,Safety Device,Pass,None
INSP000000917,EQ00000293,2023-09-08,Thickness,Pass,None
INSP000000918,EQ00000293,2024-04-21,NDT,Pass,None
INSP000000919,EQ00000293,2022-05-12,Thickness,Conditional,Vibration concern
INSP000000920,EQ00000294,2024-06-25,Visual,Pass,None
INSP000000921,EQ00000294,2024-11-23,Electrical,Pass,Vibration concern
INSP000000922,EQ00000294,2024-11-29,Safety Device,Pass,Vibration concern
INSP000000923,EQ00000295,2021-11-15,Thickness,Pass,Minor corrosion
INSP000000924,EQ00000295,2022-07-27,Safety Device,Defect Found,None
INSP000000925,EQ00000295,2024-11-01,Electrical,Pass,None
INSP000000926,EQ00000295,2022-11-22,Thickness,Pass,None
INSP000000927,EQ00000295,2026-07-05,NDT,Pass,None
INSP000000928,EQ00000296,2023-01-28,NDT,Pass,None
INSP000000929,EQ00000296,2023-02-03,Electrical,Pass,Minor corrosion
INSP000000930,EQ00000296,2026-02-27,Safety Device,Pass,Vibration concern
INSP000000931,EQ00000296,2025-10-02,NDT,Pass,Leak indication
INSP000000932,EQ00000296,2025-02-09,Thickness,Pass,Minor corrosion
INSP000000933,EQ00000297,2023-12-26,NDT,Pass,Alarm test issue
INSP000000934,EQ00000298,2026-08-08,Visual,Pass,Minor corrosion
INSP000000935,EQ00000298,2021-11-01,Visual,Pass,None
INSP000000936,EQ00000298,2022-01-22,Visual,Pass,Minor corrosion
INSP000000937,EQ00000299,2022-03-20,NDT,Pass,Alarm test issue
INSP000000938,EQ00000299,2021-02-20,Electrical,Conditional,None
INSP000000939,EQ00000299,2022-01-29,NDT,Pass,Vibration concern
INSP000000940,EQ00000299,2022-10-05,Electrical,Pass,Minor corrosion
INSP000000941,EQ00000299,2021-02-09,Visual,Pass,Vibration concern
INSP000000942,EQ00000300,2021-03-29,NDT,Pass,Vibration concern
INSP000000943,EQ00000300,2026-08-28,Thickness,Defect Found,Alarm test issue
INSP000000944,EQ00000300,2022-07-07,Thickness,Pass,None
INSP000000945,EQ00000300,2022-05-08,Functional,Pass,Alarm test issue
INSP000000946,EQ00000300,2026-07-14,Electrical,Defect Found,Leak indication
INSP000000947,EQ00000301,2021-06-21,Safety Device,Conditional,Leak indication
INSP000000948,EQ00000301,2022-02-24,Visual,Conditional,Alarm test issue
INSP000000949,EQ00000302,2024-03-18,Visual,Defect Found,Alarm test issue
INSP000000950,EQ00000302,2024-09-05,NDT,Pass,Minor corrosion
INSP000000951,EQ00000302,2024-05-01,Visual,Pass,None
INSP000000952,EQ00000302,2023-03-25,NDT,Pass,Vibration concern
INSP000000953,EQ00000303,2022-09-11,Safety Device,Pass,None
INSP000000954,EQ00000303,2024-07-09,Safety Device,Conditional,None
INSP000000955,EQ00000304,2024-11-29,Electrical,Pass,Leak indication
INSP000000956,EQ00000304,2023-09-26,Visual,Conditional,Minor corrosion
INSP000000957,EQ00000304,2023-05-09,Functional,Pass,Leak indication
INSP000000958,EQ00000304,2024-07-30,Visual,Pass,Vibration concern
INSP000000959,EQ00000304,2021-09-26,Functional,Pass,Leak indication
INSP000000960,EQ00000305,2021-06-11,Functional,Conditional,Minor corrosion
INSP000000961,EQ00000305,2021-03-06,NDT,Conditional,Minor corrosion
INSP000000962,EQ00000306,2023-07-19,Electrical,Pass,Alarm test issue
INSP000000963,EQ00000306,2026-07-26,NDT,Pass,Minor corrosion
INSP000000964,EQ00000306,2021-05-04,Functional,Pass,Leak indication
INSP000000965,EQ00000306,2024-03-31,NDT,Pass,Minor corrosion
INSP000000966,EQ00000306,2026-02-09,Visual,Pass,Minor corrosion
INSP000000967,EQ00000307,2023-08-02,Electrical,Pass,None
INSP000000968,EQ00000307,2023-10-28,Visual,Conditional,Alarm test issue
INSP000000969,EQ00000308,2024-01-17,Thickness,Pass,Vibration concern
INSP000000970,EQ00000308,2021-05-22,Electrical,Pass,Minor corrosion
INSP000000971,EQ00000308,2021-11-17,Safety Device,Pass,Leak indication
INSP000000972,EQ00000308,2021-02-16,NDT,Pass,None
INSP000000973,EQ00000308,2022-08-16,Functional,Pass,Vibration concern
INSP000000974,EQ00000309,2023-08-14,Functional,Defect Found,Minor corrosion
INSP000000975,EQ00000309,2021-01-08,Visual,Pass,None
INSP000000976,EQ00000309,2022-03-08,NDT,Pass,Leak indication
INSP000000977,EQ00000309,2023-07-15,Visual,Pass,Leak indication
INSP000000978,EQ00000310,2023-06-14,NDT,Conditional,Vibration concern
INSP000000979,EQ00000311,2021-12-24,Electrical,Conditional,Vibration concern
INSP000000980,EQ00000311,2026-05-21,Visual,Conditional,Minor corrosion
INSP000000981,EQ00000311,2024-06-15,NDT,Pass,Minor corrosion
INSP000000982,EQ00000311,2023-07-05,Functional,Pass,Vibration concern
INSP000000983,EQ00000312,2021-09-24,Safety Device,Pass,Leak indication
INSP000000984,EQ00000313,2025-04-26,Safety Device,Pass,Alarm test issue
INSP000000985,EQ00000313,2023-01-22,Safety Device,Pass,None
INSP000000986,EQ00000314,2025-07-31,Electrical,Conditional,Leak indication
INSP000000987,EQ00000314,2025-03-05,NDT,Conditional,Leak indication
INSP000000988,EQ00000314,2023-07-06,Electrical,Conditional,Alarm test issue
INSP000000989,EQ00000314,2022-03-28,Visual,Pass,Alarm test issue
INSP000000990,EQ00000314,2021-02-04,Visual,Pass,Alarm test issue
INSP000000991,EQ00000315,2024-01-17,Safety Device,Pass,Vibration concern
INSP000000992,EQ00000315,2021-03-02,Functional,Pass,Leak indication
INSP000000993,EQ00000315,2025-04-19,NDT,Pass,Vibration concern
INSP000000994,EQ00000315,2022-11-22,Visual,Pass,Vibration concern
INSP000000995,EQ00000316,2023-05-30,Safety Device,Pass,Alarm test issue
INSP000000996,EQ00000316,2024-06-10,Functional,Pass,Vibration concern
INSP000000997,EQ00000316,2024-11-04,Functional,Conditional,Alarm test issue
INSP000000998,EQ00000317,2025-12-16,Safety Device,Defect Found,None
INSP000000999,EQ00000317,2021-03-24,Electrical,Conditional,None
INSP000001000,EQ00000317,2021-11-19,Safety Device,Pass,Alarm test issue
INSP000001001,EQ00000317,2024-10-20,Functional,Pass,Minor corrosion
INSP000001002,EQ00000318,2021-03-19,Thickness,Pass,Alarm test issue
INSP000001003,EQ00000319,2024-11-05,Safety Device,Pass,Leak indication
INSP000001004,EQ00000319,2021-07-14,Safety Device,Pass,Leak indication
INSP000001005,EQ00000319,2026-07-02,Functional,Pass,Alarm test issue
INSP000001006,EQ00000320,2021-12-02,Safety Device,Pass,Vibration concern
INSP000001007,EQ00000320,2024-05-27,Visual,Pass,Vibration concern
INSP000001008,EQ00000321,2024-12-22,Functional,Pass,None
INSP000001009,EQ00000321,2021-12-25,Safety Device,Pass,Leak indication
INSP000001010,EQ00000321,2023-04-05,Thickness,Conditional,Minor corrosion
INSP000001011,EQ00000321,2026-05-18,Electrical,Conditional,None
INSP000001012,EQ00000321,2023-05-05,NDT,Defect Found,Leak indication
INSP000001013,EQ00000322,2026-02-01,Functional,Pass,Minor corrosion
INSP000001014,EQ00000322,2025-01-19,NDT,Pass,Vibration concern
INSP000001015,EQ00000322,2025-06-15,Visual,Pass,Alarm test issue
INSP000001016,EQ00000322,2024-03-08,Electrical,Conditional,Vibration concern
INSP000001017,EQ00000323,2025-03-25,Safety Device,Pass,Leak indication
INSP000001018,EQ00000323,2021-11-17,Functional,Pass,Leak indication
INSP000001019,EQ00000323,2025-11-13,Electrical,Pass,Leak indication
INSP000001020,EQ00000323,2024-09-21,Thickness,Conditional,Alarm test issue
INSP000001021,EQ00000323,2021-04-14,Safety Device,Pass,Leak indication
INSP000001022,EQ00000324,2026-01-02,Safety Device,Conditional,None
INSP000001023,EQ00000324,2025-05-14,Visual,Pass,Minor corrosion
INSP000001024,EQ00000324,2021-07-06,Visual,Pass,Leak indication
INSP000001025,EQ00000324,2021-02-21,NDT,Pass,Leak indication
INSP000001026,EQ00000324,2022-12-03,Thickness,Conditional,Vibration concern
INSP000001027,EQ00000325,2023-01-29,Functional,Pass,Leak indication
INSP000001028,EQ00000326,2022-02-21,Thickness,Conditional,Alarm test issue
INSP000001029,EQ00000326,2023-03-02,Functional,Defect Found,Minor corrosion
INSP000001030,EQ00000326,2023-03-20,NDT,Pass,Leak indication
INSP000001031,EQ00000326,2023-06-24,Electrical,Pass,Alarm test issue
INSP000001032,EQ00000327,2021-02-20,Electrical,Defect Found,Vibration concern
INSP000001033,EQ00000327,2024-02-16,Visual,Defect Found,Alarm test issue
INSP000001034,EQ00000327,2021-11-23,Visual,Conditional,Minor corrosion
INSP000001035,EQ00000327,2024-04-04,Safety Device,Pass,None
INSP000001036,EQ00000327,2022-03-25,Electrical,Pass,Vibration concern
INSP000001037,EQ00000328,2025-10-16,NDT,Pass,Minor corrosion
INSP000001038,EQ00000328,2024-05-18,Electrical,Conditional,Alarm test issue
INSP000001039,EQ00000328,2024-02-20,Safety Device,Pass,Vibration concern
INSP000001040,EQ00000328,2025-02-03,Visual,Conditional,None
INSP000001041,EQ00000328,2025-11-13,Thickness,Conditional,Alarm test issue
INSP000001042,EQ00000329,2022-07-20,NDT,Pass,None
INSP000001043,EQ00000330,2021-03-07,NDT,Defect Found,Leak indication
INSP000001044,EQ00000330,2023-07-25,NDT,Pass,Vibration concern
INSP000001045,EQ00000330,2022-08-31,Thickness,Pass,Leak indication
INSP000001046,EQ00000330,2025-07-18,Visual,Conditional,None
INSP000001047,EQ00000331,2023-08-20,Thickness,Pass,Vibration concern
INSP000001048,EQ00000331,2021-02-24,Functional,Pass,Alarm test issue
INSP000001049,EQ00000332,2022-11-09,Safety Device,Conditional,None
INSP000001050,EQ00000332,2026-06-17,Electrical,Conditional,Leak indication
INSP000001051,EQ00000333,2021-08-09,Visual,Pass,None
INSP000001052,EQ00000333,2025-03-15,Visual,Pass,Leak indication
INSP000001053,EQ00000333,2022-07-25,Visual,Pass,Alarm test issue
INSP000001054,EQ00000333,2022-02-06,Functional,Pass,Leak indication
INSP000001055,EQ00000334,2021-04-04,Visual,Conditional,Vibration concern
INSP000001056,EQ00000334,2023-10-16,Visual,Defect Found,Leak indication
INSP000001057,EQ00000334,2023-12-13,Safety Device,Pass,None
INSP000001058,EQ00000334,2024-05-23,NDT,Pass,Minor corrosion
INSP000001059,EQ00000335,2023-04-06,NDT,Pass,Vibration concern
INSP000001060,EQ00000335,2025-08-12,Visual,Defect Found,Leak indication
INSP000001061,EQ00000335,2021-01-02,Thickness,Defect Found,Alarm test issue
INSP000001062,EQ00000335,2023-08-26,Visual,Pass,Minor corrosion
INSP000001063,EQ00000335,2022-02-27,Visual,Pass,Alarm test issue
INSP000001064,EQ00000336,2026-07-10,Functional,Pass,None
INSP000001065,EQ00000336,2024-04-28,Thickness,Pass,Alarm test issue
INSP000001066,EQ00000336,2023-10-29,Electrical,Conditional,Leak indication
INSP000001067,EQ00000337,2023-06-01,Visual,Pass,Minor corrosion
INSP000001068,EQ00000337,2025-07-08,Visual,Pass,Minor corrosion
INSP000001069,EQ00000338,2023-12-02,Visual,Pass,Alarm test issue
INSP000001070,EQ00000339,2022-11-24,Safety Device,Pass,Vibration concern
INSP000001071,EQ00000339,2026-07-07,Thickness,Pass,Leak indication
INSP000001072,EQ00000339,2025-05-03,Electrical,Conditional,None
INSP000001073,EQ00000340,2025-03-25,Safety Device,Pass,Vibration concern
INSP000001074,EQ00000340,2022-08-04,Functional,Pass,None
INSP000001075,EQ00000341,2023-09-07,Electrical,Pass,Alarm test issue
INSP000001076,EQ00000341,2025-11-23,Functional,Pass,Alarm test issue
INSP000001077,EQ00000341,2021-03-23,Electrical,Pass,Leak indication
INSP000001078,EQ00000341,2022-07-07,Safety Device,Pass,Alarm test issue
INSP000001079,EQ00000342,2024-02-19,Visual,Pass,Alarm test issue
INSP000001080,EQ00000342,2022-07-01,Thickness,Pass,Alarm test issue
INSP000001081,EQ00000342,2023-11-17,Visual,Defect Found,Vibration concern
INSP000001082,EQ00000342,2022-01-02,Visual,Defect Found,None
INSP000001083,EQ00000342,2025-12-20,Functional,Pass,Minor corrosion
INSP000001084,EQ00000343,2024-01-04,NDT,Pass,Alarm test issue
INSP000001085,EQ00000344,2026-04-13,Visual,Pass,Vibration concern
INSP000001086,EQ00000344,2026-08-17,Safety Device,Conditional,Leak indication
INSP000001087,EQ00000344,2025-06-11,NDT,Pass,Leak indication
INSP000001088,EQ00000344,2023-12-17,Thickness,Pass,Leak indication
INSP000001089,EQ00000344,2021-01-09,Electrical,Defect Found,Vibration concern
INSP000001090,EQ00000345,2022-05-10,Thickness,Pass,Alarm test issue
INSP000001091,EQ00000345,2024-12-17,Thickness,Pass,Minor corrosion
INSP000001092,EQ00000345,2021-02-10,Functional,Conditional,Minor corrosion
INSP000001093,EQ00000346,2022-07-26,Safety Device,Pass,Minor corrosion
INSP000001094,EQ00000346,2021-02-12,Electrical,Defect Found,Leak indication
INSP000001095,EQ00000346,2024-10-24,Functional,Pass,Leak indication
INSP000001096,EQ00000346,2026-02-15,Thickness,Pass,Minor corrosion
INSP000001097,EQ00000347,2025-11-07,Safety Device,Pass,Alarm test issue
INSP000001098,EQ00000347,2021-04-05,NDT,Pass,Alarm test issue
INSP000001099,EQ00000347,2024-01-26,Electrical,Pass,Leak indication
INSP000001100,EQ00000347,2025-09-28,Functional,Pass,Alarm test issue
INSP000001101,EQ00000348,2022-02-11,Safety Device,Pass,Minor corrosion
INSP000001102,EQ00000348,2025-12-27,NDT,Pass,Vibration concern
INSP000001103,EQ00000348,2025-10-27,NDT,Conditional,None
INSP000001104,EQ00000348,2025-08-17,Thickness,Defect Found,Vibration concern
INSP000001105,EQ00000349,2023-07-28,Functional,Conditional,Vibration concern
INSP000001106,EQ00000349,2022-12-04,Visual,Pass,Minor corrosion
INSP000001107,EQ00000350,2023-04-27,Visual,Pass,None
INSP000001108,EQ00000351,2024-10-18,Safety Device,Pass,Minor corrosion
INSP000001109,EQ00000351,2024-02-28,Electrical,Pass,None
INSP000001110,EQ00000351,2023-01-24,Electrical,Pass,Leak indication
INSP000001111,EQ00000351,2023-08-21,Electrical,Pass,Leak indication
INSP000001112,EQ00000351,2022-12-27,Electrical,Defect Found,Vibration concern
INSP000001113,EQ00000352,2024-09-24,NDT,Pass,Minor corrosion
INSP000001114,EQ00000352,2024-09-19,Functional,Pass,Vibration concern
INSP000001115,EQ00000352,2025-03-19,NDT,Pass,Vibration concern
INSP000001116,EQ00000352,2025-12-01,Safety Device,Pass,Leak indication
INSP000001117,EQ00000353,2022-07-10,Safety Device,Pass,Alarm test issue
INSP000001118,EQ00000354,2024-12-12,Thickness,Pass,Alarm test issue
INSP000001119,EQ00000354,2024-05-22,NDT,Pass,Alarm test issue
INSP000001120,EQ00000354,2025-04-23,Safety Device,Pass,Minor corrosion
INSP000001121,EQ00000354,2021-08-28,NDT,Pass,Minor corrosion
INSP000001122,EQ00000354,2021-09-01,NDT,Pass,None
INSP000001123,EQ00000355,2021-09-25,Electrical,Pass,Alarm test issue
INSP000001124,EQ00000355,2021-09-21,NDT,Pass,Minor corrosion
INSP000001125,EQ00000355,2024-08-13,Thickness,Pass,Minor corrosion
INSP000001126,EQ00000355,2022-02-10,Functional,Pass,Leak indication
INSP000001127,EQ00000355,2021-10-28,Thickness,Pass,Vibration concern
INSP000001128,EQ00000356,2022-03-09,Functional,Pass,Minor corrosion
INSP000001129,EQ00000357,2026-02-08,Electrical,Pass,Alarm test issue
INSP000001130,EQ00000358,2025-06-21,NDT,Defect Found,Leak indication
INSP000001131,EQ00000358,2025-09-05,Safety Device,Pass,Leak indication
INSP000001132,EQ00000359,2025-12-22,Functional,Conditional,Leak indication
INSP000001133,EQ00000359,2021-04-03,Safety Device,Pass,Minor corrosion
INSP000001134,EQ00000359,2022-03-10,Safety Device,Pass,Vibration concern
INSP000001135,EQ00000360,2022-12-02,NDT,Conditional,Leak indication
INSP000001136,EQ00000360,2022-10-13,NDT,Pass,Alarm test issue
INSP000001137,EQ00000360,2025-05-20,Thickness,Defect Found,Vibration concern
INSP000001138,EQ00000360,2026-05-31,Functional,Defect Found,Minor corrosion
INSP000001139,EQ00000360,2022-03-30,Electrical,Pass,Minor corrosion
INSP000001140,EQ00000361,2026-08-06,NDT,Pass,Vibration concern
INSP000001141,EQ00000362,2024-07-05,Thickness,Pass,None
INSP000001142,EQ00000362,2024-02-05,Visual,Conditional,None
INSP000001143,EQ00000362,2026-03-19,Electrical,Conditional,None
INSP000001144,EQ00000363,2024-11-27,NDT,Defect Found,None
INSP000001145,EQ00000363,2021-10-06,NDT,Defect Found,Alarm test issue
INSP000001146,EQ00000364,2025-10-08,Thickness,Conditional,Leak indication
INSP000001147,EQ00000364,2026-07-22,Safety Device,Conditional,None
INSP000001148,EQ00000365,2023-03-02,Safety Device,Pass,Vibration concern
INSP000001149,EQ00000365,2022-01-21,Visual,Pass,Minor corrosion
INSP000001150,EQ00000365,2024-05-30,Thickness,Pass,Minor corrosion
INSP000001151,EQ00000365,2023-01-09,Safety Device,Defect Found,Vibration concern
INSP000001152,EQ00000366,2025-08-10,NDT,Conditional,Minor corrosion
INSP000001153,EQ00000366,2024-05-19,NDT,Pass,Alarm test issue
INSP000001154,EQ00000366,2022-09-12,Functional,Conditional,Alarm test issue
INSP000001155,EQ00000366,2024-09-05,Safety Device,Pass,Minor corrosion
INSP000001156,EQ00000366,2026-03-25,Thickness,Pass,Minor corrosion
INSP000001157,EQ00000367,2023-10-16,NDT,Pass,Minor corrosion
INSP000001158,EQ00000367,2022-01-07,Thickness,Pass,None
INSP000001159,EQ00000368,2021-10-03,Thickness,Conditional,Vibration concern
INSP000001160,EQ00000368,2025-01-05,Thickness,Pass,None
INSP000001161,EQ00000368,2023-12-25,NDT,Pass,Vibration concern
INSP000001162,EQ00000368,2024-03-16,Electrical,Pass,Alarm test issue
INSP000001163,EQ00000368,2025-12-11,Visual,Pass,None
INSP000001164,EQ00000369,2022-04-19,Visual,Defect Found,Vibration concern
INSP000001165,EQ00000369,2025-05-02,Visual,Defect Found,Leak indication
INSP000001166,EQ00000369,2023-03-08,Thickness,Pass,Alarm test issue
INSP000001167,EQ00000369,2023-04-13,Visual,Pass,Vibration concern
INSP000001168,EQ00000369,2023-02-17,Visual,Pass,Alarm test issue
INSP000001169,EQ00000370,2022-04-18,Safety Device,Pass,Minor corrosion
INSP000001170,EQ00000371,2026-03-18,Functional,Pass,Minor corrosion
INSP000001171,EQ00000371,2025-07-02,Electrical,Pass,Alarm test issue
INSP000001172,EQ00000371,2022-09-06,NDT,Pass,Minor corrosion
INSP000001173,EQ00000371,2023-02-12,NDT,Conditional,Leak indication
INSP000001174,EQ00000371,2024-11-07,Thickness,Pass,Alarm test issue
INSP000001175,EQ00000372,2026-01-08,Safety Device,Pass,None
INSP000001176,EQ00000372,2022-03-21,Functional,Pass,None
INSP000001177,EQ00000372,2021-01-29,Safety Device,Pass,Vibration concern
INSP000001178,EQ00000373,2024-01-20,Functional,Pass,Vibration concern
INSP000001179,EQ00000373,2024-05-26,NDT,Pass,Alarm test issue
INSP000001180,EQ00000373,2026-05-10,Thickness,Pass,Minor corrosion
INSP000001181,EQ00000374,2024-04-17,Functional,Defect Found,Leak indication
INSP000001182,EQ00000374,2021-12-25,Safety Device,Pass,Vibration concern
INSP000001183,EQ00000374,2023-07-13,Visual,Conditional,Minor corrosion
INSP000001184,EQ00000374,2026-03-02,Safety Device,Pass,Vibration concern
INSP000001185,EQ00000375,2025-10-08,Thickness,Conditional,Alarm test issue
INSP000001186,EQ00000375,2026-04-07,Thickness,Pass,Vibration concern
INSP000001187,EQ00000375,2025-11-07,NDT,Pass,Alarm test issue
INSP000001188,EQ00000375,2023-06-26,Electrical,Pass,Alarm test issue
INSP000001189,EQ00000375,2022-04-21,Safety Device,Pass,None
INSP000001190,EQ00000376,2026-05-21,Visual,Conditional,Vibration concern
INSP000001191,EQ00000376,2025-02-08,Visual,Pass,Alarm test issue
INSP000001192,EQ00000376,2023-02-18,NDT,Defect Found,None
INSP000001193,EQ00000377,2026-06-11,Visual,Pass,Alarm test issue
INSP000001194,EQ00000377,2021-08-30,Functional,Pass,Alarm test issue
INSP000001195,EQ00000377,2022-02-22,NDT,Pass,Minor corrosion
INSP000001196,EQ00000377,2026-08-30,Visual,Conditional,None
INSP000001197,EQ00000378,2022-05-09,NDT,Pass,Leak indication
INSP000001198,EQ00000378,2021-07-23,Functional,Pass,None
INSP000001199,EQ00000379,2021-03-28,NDT,Pass,None
INSP000001200,EQ00000379,2025-06-04,Safety Device,Pass,Minor corrosion
INSP000001201,EQ00000380,2021-10-15,Thickness,Pass,None
INSP000001202,EQ00000380,2024-07-19,Electrical,Conditional,Vibration concern
INSP000001203,EQ00000380,2023-01-07,Electrical,Conditional,Minor corrosion
INSP000001204,EQ00000381,2021-11-24,Safety Device,Conditional,None
INSP000001205,EQ00000382,2022-07-29,Safety Device,Pass,Vibration concern
INSP000001206,EQ00000382,2022-06-19,NDT,Pass,Vibration concern
INSP000001207,EQ00000382,2024-09-18,Safety Device,Pass,Leak indication
INSP000001208,EQ00000382,2023-09-05,Visual,Pass,Leak indication
INSP000001209,EQ00000382,2021-10-06,Thickness,Conditional,Leak indication
INSP000001210,EQ00000383,2026-01-10,Electrical,Defect Found,Alarm test issue
INSP000001211,EQ00000383,2021-10-07,Safety Device,Pass,Vibration concern
INSP000001212,EQ00000383,2022-02-10,NDT,Defect Found,None
INSP000001213,EQ00000384,2022-02-11,Visual,Defect Found,Alarm test issue
INSP000001214,EQ00000384,2025-12-06,Visual,Pass,Leak indication
INSP000001215,EQ00000385,2023-02-05,Functional,Pass,Leak indication
INSP000001216,EQ00000385,2026-01-10,Functional,Defect Found,Leak indication
INSP000001217,EQ00000385,2021-10-20,Visual,Defect Found,Alarm test issue
INSP000001218,EQ00000385,2026-07-14,Thickness,Defect Found,Alarm test issue
INSP000001219,EQ00000386,2021-09-29,Functional,Pass,Leak indication
INSP000001220,EQ00000386,2022-12-26,Electrical,Defect Found,Minor corrosion
INSP000001221,EQ00000386,2024-04-07,Thickness,Defect Found,Minor corrosion
INSP000001222,EQ00000386,2024-07-08,Functional,Pass,None
INSP000001223,EQ00000386,2021-07-25,Functional,Conditional,None
INSP000001224,EQ00000387,2024-11-29,Functional,Pass,None
INSP000001225,EQ00000387,2024-09-26,Safety Device,Pass,None
INSP000001226,EQ00000387,2023-02-01,Electrical,Defect Found,None
INSP000001227,EQ00000387,2022-12-22,Thickness,Pass,Vibration concern
INSP000001228,EQ00000388,2026-02-22,Visual,Defect Found,Vibration concern
INSP000001229,EQ00000388,2024-07-09,Functional,Defect Found,Alarm test issue
INSP000001230,EQ00000388,2025-09-25,Visual,Pass,Leak indication
INSP000001231,EQ00000388,2025-01-20,NDT,Pass,Leak indication
INSP000001232,EQ00000389,2024-01-25,Electrical,Pass,Leak indication
INSP000001233,EQ00000389,2025-07-19,Safety Device,Pass,Leak indication
INSP000001234,EQ00000389,2024-09-07,Thickness,Defect Found,Alarm test issue
INSP000001235,EQ00000389,2024-08-28,Thickness,Conditional,Vibration concern
INSP000001236,EQ00000389,2026-08-06,Functional,Pass,Leak indication
INSP000001237,EQ00000390,2026-07-11,Visual,Conditional,Leak indication
INSP000001238,EQ00000390,2023-01-15,Safety Device,Pass,Vibration concern
INSP000001239,EQ00000390,2023-02-14,Visual,Pass,Vibration concern
INSP000001240,EQ00000391,2023-08-16,Thickness,Pass,Alarm test issue
INSP000001241,EQ00000391,2021-09-02,NDT,Pass,Vibration concern
INSP000001242,EQ00000391,2021-11-26,NDT,Conditional,Alarm test issue
INSP000001243,EQ00000392,2023-01-03,Safety Device,Pass,None
INSP000001244,EQ00000392,2026-05-30,Electrical,Conditional,Minor corrosion
INSP000001245,EQ00000392,2024-01-06,Safety Device,Defect Found,Vibration concern
INSP000001246,EQ00000393,2021-10-17,Functional,Pass,Alarm test issue
INSP000001247,EQ00000393,2022-08-22,Electrical,Pass,Alarm test issue
INSP000001248,EQ00000393,2022-01-29,Safety Device,Conditional,Vibration concern
INSP000001249,EQ00000394,2023-04-26,Functional,Defect Found,Vibration concern
INSP000001250,EQ00000394,2021-02-27,Safety Device,Pass,Leak indication
INSP000001251,EQ00000394,2024-02-19,Visual,Pass,Minor corrosion
INSP000001252,EQ00000394,2026-06-22,Functional,Conditional,Vibration concern
INSP000001253,EQ00000394,2024-06-29,Thickness,Pass,Alarm test issue
INSP000001254,EQ00000395,2024-08-29,Functional,Pass,Alarm test issue
INSP000001255,EQ00000395,2023-07-22,NDT,Pass,None
INSP000001256,EQ00000396,2024-10-06,Thickness,Conditional,Vibration concern
INSP000001257,EQ00000397,2025-01-15,Functional,Defect Found,Minor corrosion
INSP000001258,EQ00000397,2023-09-16,Safety Device,Pass,Minor corrosion
INSP000001259,EQ00000397,2025-05-25,Visual,Defect Found,Leak indication
INSP000001260,EQ00000397,2025-06-11,Functional,Pass,Vibration concern
INSP000001261,EQ00000397,2022-01-29,NDT,Pass,Minor corrosion
INSP000001262,EQ00000398,2021-08-20,Functional,Defect Found,Minor corrosion
INSP000001263,EQ00000398,2023-10-30,Thickness,Pass,Alarm test issue
INSP000001264,EQ00000398,2026-03-12,Functional,Conditional,None
INSP000001265,EQ00000398,2022-03-24,Electrical,Pass,Alarm test issue
INSP000001266,EQ00000398,2021-10-19,Safety Device,Conditional,Minor corrosion
INSP000001267,EQ00000399,2024-06-13,NDT,Pass,Leak indication
INSP000001268,EQ00000399,2021-11-21,NDT,Pass,Vibration concern
INSP000001269,EQ00000399,2022-08-10,Functional,Defect Found,Vibration concern
INSP000001270,EQ00000400,2021-12-06,NDT,Conditional,Leak indication
INSP000001271,EQ00000401,2025-12-09,Safety Device,Pass,None
INSP000001272,EQ00000401,2023-08-18,Electrical,Pass,Leak indication
INSP000001273,EQ00000402,2024-10-07,NDT,Pass,Minor corrosion
INSP000001274,EQ00000402,2022-01-06,Thickness,Pass,None
INSP000001275,EQ00000402,2021-09-28,Thickness,Pass,Minor corrosion
INSP000001276,EQ00000402,2025-04-06,NDT,Pass,None
INSP000001277,EQ00000402,2026-02-03,Safety Device,Pass,Leak indication
INSP000001278,EQ00000403,2025-06-18,NDT,Defect Found,None
INSP000001279,EQ00000403,2022-10-05,NDT,Pass,Vibration concern
INSP000001280,EQ00000403,2025-07-20,Safety Device,Defect Found,Vibration concern
INSP000001281,EQ00000403,2022-12-03,Functional,Pass,Minor corrosion
INSP000001282,EQ00000403,2026-03-05,Functional,Pass,Alarm test issue
INSP000001283,EQ00000404,2022-12-22,NDT,Conditional,Leak indication
INSP000001284,EQ00000404,2024-09-10,Thickness,Pass,Alarm test issue
INSP000001285,EQ00000404,2024-11-19,NDT,Pass,Vibration concern
INSP000001286,EQ00000404,2023-06-23,Thickness,Pass,Minor corrosion
INSP000001287,EQ00000405,2022-05-07,Electrical,Pass,Minor corrosion
INSP000001288,EQ00000405,2023-11-24,Thickness,Pass,None
INSP000001289,EQ00000405,2021-07-04,Safety Device,Pass,Leak indication
INSP000001290,EQ00000405,2026-08-05,NDT,Pass,Vibration concern
INSP000001291,EQ00000405,2025-11-26,Safety Device,Pass,Minor corrosion
INSP000001292,EQ00000406,2025-07-05,Safety Device,Pass,Leak indication
INSP000001293,EQ00000406,2022-04-15,Thickness,Pass,Alarm test issue
INSP000001294,EQ00000406,2026-06-30,Thickness,Pass,Vibration concern
INSP000001295,EQ00000406,2022-10-04,Functional,Pass,Minor corrosion
INSP000001296,EQ00000407,2021-05-20,NDT,Pass,Leak indication
INSP000001297,EQ00000407,2024-05-27,Functional,Conditional,Minor corrosion
INSP000001298,EQ00000407,2021-06-26,Visual,Pass,Minor corrosion
INSP000001299,EQ00000407,2024-12-22,Electrical,Pass,Vibration concern
INSP000001300,EQ00000408,2022-02-03,Functional,Pass,Leak indication
INSP000001301,EQ00000409,2025-10-30,Visual,Pass,Minor corrosion
INSP000001302,EQ00000410,2023-12-30,Thickness,Pass,Leak indication
INSP000001303,EQ00000410,2021-05-29,Thickness,Pass,Vibration concern
INSP000001304,EQ00000411,2024-10-02,Electrical,Defect Found,Leak indication
INSP000001305,EQ00000412,2021-08-06,NDT,Pass,Minor corrosion
INSP000001306,EQ00000413,2022-04-14,Functional,Pass,None
INSP000001307,EQ00000413,2024-11-05,NDT,Pass,Vibration concern
INSP000001308,EQ00000413,2022-08-31,NDT,Pass,Vibration concern
INSP000001309,EQ00000413,2022-01-28,Electrical,Pass,Leak indication
INSP000001310,EQ00000413,2025-08-08,Electrical,Defect Found,Leak indication
INSP000001311,EQ00000414,2021-04-10,Safety Device,Pass,Minor corrosion
INSP000001312,EQ00000415,2023-03-02,Safety Device,Pass,None
INSP000001313,EQ00000416,2022-12-25,Functional,Pass,Leak indication
INSP000001314,EQ00000416,2022-07-23,Safety Device,Pass,Minor corrosion
INSP000001315,EQ00000417,2023-12-31,NDT,Pass,Leak indication
INSP000001316,EQ00000417,2025-06-19,NDT,Pass,Vibration concern
INSP000001317,EQ00000417,2025-04-24,Electrical,Defect Found,Alarm test issue
INSP000001318,EQ00000418,2023-03-27,NDT,Pass,Vibration concern
INSP000001319,EQ00000418,2023-10-17,Visual,Pass,None
INSP000001320,EQ00000418,2021-02-07,Safety Device,Pass,Leak indication
INSP000001321,EQ00000418,2022-04-22,Thickness,Pass,None
INSP000001322,EQ00000419,2022-09-09,NDT,Pass,Minor corrosion
INSP000001323,EQ00000419,2022-12-01,NDT,Pass,Alarm test issue
INSP000001324,EQ00000420,2024-06-15,Thickness,Defect Found,None
INSP000001325,EQ00000420,2024-09-17,Electrical,Pass,Leak indication
INSP000001326,EQ00000420,2024-11-15,Functional,Conditional,Minor corrosion
INSP000001327,EQ00000420,2023-02-23,Safety Device,Pass,Minor corrosion
INSP000001328,EQ00000421,2024-07-14,Electrical,Defect Found,Leak indication
INSP000001329,EQ00000421,2022-08-11,NDT,Defect Found,Minor corrosion
INSP000001330,EQ00000421,2022-05-29,Safety Device,Pass,Leak indication
INSP000001331,EQ00000422,2025-08-09,Functional,Pass,Leak indication
INSP000001332,EQ00000423,2026-02-20,Functional,Pass,Vibration concern
INSP000001333,EQ00000423,2022-04-29,Functional,Pass,Vibration concern
INSP000001334,EQ00000424,2025-02-12,Functional,Defect Found,Alarm test issue
INSP000001335,EQ00000425,2024-10-07,Electrical,Pass,Leak indication
INSP000001336,EQ00000426,2022-05-12,Functional,Pass,Alarm test issue
INSP000001337,EQ00000426,2026-06-23,NDT,Pass,Vibration concern
INSP000001338,EQ00000426,2023-10-29,Functional,Pass,Vibration concern
INSP000001339,EQ00000426,2023-04-14,Thickness,Conditional,Vibration concern
INSP000001340,EQ00000427,2025-12-26,Thickness,Defect Found,Vibration concern
INSP000001341,EQ00000427,2025-03-01,Thickness,Pass,None
INSP000001342,EQ00000427,2022-11-17,Thickness,Pass,None
INSP000001343,EQ00000427,2026-04-11,NDT,Conditional,Alarm test issue
INSP000001344,EQ00000428,2022-08-18,Safety Device,Pass,Minor corrosion
INSP000001345,EQ00000428,2022-12-14,Electrical,Pass,Leak indication
INSP000001346,EQ00000428,2026-02-06,Electrical,Defect Found,Alarm test issue
INSP000001347,EQ00000428,2021-04-20,NDT,Conditional,Vibration concern
INSP000001348,EQ00000428,2025-01-01,Thickness,Pass,Leak indication
INSP000001349,EQ00000429,2025-02-07,Safety Device,Pass,None
INSP000001350,EQ00000430,2026-07-08,Electrical,Pass,Minor corrosion
INSP000001351,EQ00000430,2024-06-06,Visual,Conditional,Alarm test issue
INSP000001352,EQ00000430,2025-11-09,Safety Device,Pass,Minor corrosion
INSP000001353,EQ00000430,2021-05-22,Visual,Pass,None
INSP000001354,EQ00000430,2026-05-20,Electrical,Conditional,None
INSP000001355,EQ00000431,2024-09-25,Functional,Pass,None
INSP000001356,EQ00000431,2024-06-24,Visual,Pass,Alarm test issue
INSP000001357,EQ00000432,2024-02-09,Electrical,Pass,None
INSP000001358,EQ00000432,2022-03-10,Safety Device,Conditional,Leak indication
INSP000001359,EQ00000433,2021-08-28,Safety Device,Defect Found,Alarm test issue
INSP000001360,EQ00000433,2021-05-18,Visual,Pass,Alarm test issue
INSP000001361,EQ00000433,2024-05-02,Thickness,Defect Found,Alarm test issue
INSP000001362,EQ00000434,2022-02-03,Visual,Pass,None
INSP000001363,EQ00000434,2023-12-31,Functional,Defect Found,Leak indication
INSP000001364,EQ00000435,2022-07-02,Visual,Pass,Vibration concern
INSP000001365,EQ00000435,2025-01-03,Thickness,Defect Found,Alarm test issue
INSP000001366,EQ00000435,2022-07-07,Visual,Pass,Vibration concern
INSP000001367,EQ00000436,2022-08-23,Visual,Pass,Leak indication
INSP000001368,EQ00000436,2025-01-18,Electrical,Conditional,Vibration concern
INSP000001369,EQ00000436,2025-08-04,Functional,Pass,Leak indication
INSP000001370,EQ00000436,2021-11-23,NDT,Conditional,None
INSP000001371,EQ00000437,2025-06-03,NDT,Pass,Minor corrosion
INSP000001372,EQ00000438,2024-07-17,NDT,Defect Found,Vibration concern
INSP000001373,EQ00000438,2021-01-04,Electrical,Conditional,Alarm test issue
INSP000001374,EQ00000439,2022-06-19,Functional,Pass,Leak indication
INSP000001375,EQ00000439,2026-08-06,NDT,Pass,Vibration concern
INSP000001376,EQ00000439,2023-06-25,Safety Device,Conditional,None
INSP000001377,EQ00000439,2024-06-26,NDT,Pass,Vibration concern
INSP000001378,EQ00000440,2021-02-26,NDT,Pass,None
INSP000001379,EQ00000441,2024-03-10,Safety Device,Defect Found,Minor corrosion
INSP000001380,EQ00000441,2023-07-23,Visual,Pass,Minor corrosion
INSP000001381,EQ00000441,2025-05-20,Visual,Conditional,Vibration concern
INSP000001382,EQ00000442,2026-01-23,NDT,Pass,Vibration concern
INSP000001383,EQ00000443,2023-08-16,Safety Device,Pass,Vibration concern
INSP000001384,EQ00000444,2024-06-04,NDT,Pass,Vibration concern
INSP000001385,EQ00000444,2021-11-09,Thickness,Conditional,Vibration concern
INSP000001386,EQ00000444,2025-01-12,Visual,Pass,None
INSP000001387,EQ00000445,2025-05-27,Electrical,Pass,Minor corrosion
INSP000001388,EQ00000445,2024-03-27,Functional,Conditional,None
INSP000001389,EQ00000445,2021-07-21,Visual,Pass,Alarm test issue
INSP000001390,EQ00000446,2021-01-04,Visual,Pass,Alarm test issue
INSP000001391,EQ00000447,2021-04-19,Visual,Pass,None
INSP000001392,EQ00000447,2024-07-04,NDT,Defect Found,Vibration concern
INSP000001393,EQ00000447,2025-04-10,Functional,Pass,Minor corrosion
INSP000001394,EQ00000448,2026-07-29,Thickness,Pass,Minor corrosion
INSP000001395,EQ00000448,2025-05-10,NDT,Pass,Vibration concern
INSP000001396,EQ00000448,2021-11-14,Functional,Pass,Leak indication
INSP000001397,EQ00000448,2025-12-01,Safety Device,Pass,None
INSP000001398,EQ00000449,2024-11-23,Visual,Pass,Minor corrosion
INSP000001399,EQ00000450,2022-11-11,Safety Device,Defect Found,Alarm test issue
INSP000001400,EQ00000451,2023-12-11,Electrical,Conditional,Vibration concern
INSP000001401,EQ00000451,2024-01-31,Safety Device,Pass,Minor corrosion
INSP000001402,EQ00000451,2026-04-13,Thickness,Pass,Alarm test issue
INSP000001403,EQ00000451,2021-03-02,Visual,Pass,Vibration concern
INSP000001404,EQ00000452,2023-05-20,Safety Device,Pass,None
INSP000001405,EQ00000453,2022-04-03,Visual,Pass,Vibration concern
INSP000001406,EQ00000453,2024-11-23,Safety Device,Pass,Leak indication
INSP000001407,EQ00000453,2021-11-04,Functional,Pass,Vibration concern
INSP000001408,EQ00000453,2022-01-05,Thickness,Pass,Minor corrosion
INSP000001409,EQ00000454,2023-08-31,NDT,Defect Found,Vibration concern
INSP000001410,EQ00000454,2024-04-07,Functional,Pass,Alarm test issue
INSP000001411,EQ00000454,2023-08-08,Safety Device,Conditional,Vibration concern
INSP000001412,EQ00000454,2021-10-16,NDT,Pass,Minor corrosion
INSP000001413,EQ00000454,2026-02-03,Functional,Pass,Vibration concern
INSP000001414,EQ00000455,2022-08-08,Thickness,Pass,Leak indication
INSP000001415,EQ00000455,2022-12-20,NDT,Pass,None
INSP000001416,EQ00000455,2023-06-28,NDT,Defect Found,Vibration concern
INSP000001417,EQ00000456,2021-03-30,Thickness,Pass,Leak indication
INSP000001418,EQ00000457,2022-02-28,Safety Device,Pass,None
INSP000001419,EQ00000457,2025-10-13,Thickness,Conditional,Leak indication
INSP000001420,EQ00000458,2025-10-06,Electrical,Pass,Vibration concern
INSP000001421,EQ00000458,2026-06-19,NDT,Pass,Alarm test issue
INSP000001422,EQ00000458,2023-01-03,NDT,Pass,Alarm test issue
INSP000001423,EQ00000458,2021-09-26,Functional,Pass,Minor corrosion
INSP000001424,EQ00000458,2022-02-27,NDT,Defect Found,Minor corrosion
INSP000001425,EQ00000459,2022-12-11,NDT,Pass,Leak indication
INSP000001426,EQ00000459,2022-12-14,Safety Device,Conditional,Minor corrosion
INSP000001427,EQ00000460,2024-05-24,Functional,Pass,Vibration concern
INSP000001428,EQ00000460,2022-01-30,Safety Device,Pass,Vibration concern
INSP000001429,EQ00000461,2023-10-15,Functional,Pass,Minor corrosion
INSP000001430,EQ00000462,2023-12-02,Safety Device,Pass,Alarm test issue
INSP000001431,EQ00000462,2024-12-08,Electrical,Pass,None
INSP000001432,EQ00000462,2022-04-24,Safety Device,Pass,Minor corrosion
INSP000001433,EQ00000462,2021-05-03,Functional,Pass,None
INSP000001434,EQ00000463,2026-05-27,NDT,Conditional,Vibration concern
INSP000001435,EQ00000463,2023-12-05,Visual,Pass,Minor corrosion
INSP000001436,EQ00000463,2021-03-11,NDT,Pass,Alarm test issue
INSP000001437,EQ00000464,2026-04-05,NDT,Defect Found,None
INSP000001438,EQ00000464,2023-12-12,Functional,Pass,None
INSP000001439,EQ00000465,2022-02-07,NDT,Pass,Minor corrosion
INSP000001440,EQ00000465,2023-01-21,Safety Device,Pass,Leak indication
INSP000001441,EQ00000466,2023-03-15,Safety Device,Pass,Alarm test issue
INSP000001442,EQ00000466,2026-01-02,NDT,Pass,None
INSP000001443,EQ00000467,2021-05-18,Visual,Pass,Minor corrosion
INSP000001444,EQ00000467,2025-09-15,Safety Device,Pass,Leak indication
INSP000001445,EQ00000467,2025-05-03,Visual,Pass,Minor corrosion
INSP000001446,EQ00000467,2021-03-02,Functional,Conditional,Alarm test issue
INSP000001447,EQ00000468,2022-04-19,Safety Device,Pass,Alarm test issue
INSP000001448,EQ00000468,2026-02-24,Functional,Conditional,Leak indication
INSP000001449,EQ00000468,2022-01-20,Thickness,Pass,Minor corrosion
INSP000001450,EQ00000468,2023-12-03,NDT,Pass,Vibration concern
INSP000001451,EQ00000468,2024-08-29,Thickness,Pass,Minor corrosion
INSP000001452,EQ00000469,2022-05-20,Electrical,Pass,Minor corrosion
INSP000001453,EQ00000469,2024-09-12,Electrical,Conditional,Minor corrosion
INSP000001454,EQ00000469,2026-07-01,NDT,Pass,Minor corrosion
INSP000001455,EQ00000469,2023-10-23,Safety Device,Pass,None
INSP000001456,EQ00000470,2026-02-16,Visual,Pass,Leak indication
INSP000001457,EQ00000470,2021-04-23,Thickness,Pass,Minor corrosion
INSP000001458,EQ00000470,2024-04-26,Visual,Pass,Alarm test issue
INSP000001459,EQ00000470,2026-01-12,Functional,Conditional,None
INSP000001460,EQ00000470,2024-07-15,NDT,Pass,Vibration concern
INSP000001461,EQ00000471,2023-01-20,Functional,Pass,None
INSP000001462,EQ00000471,2023-12-04,Functional,Pass,Vibration concern
INSP000001463,EQ00000471,2021-10-21,Safety Device,Pass,Leak indication
INSP000001464,EQ00000471,2022-10-30,Functional,Defect Found,Vibration concern
INSP000001465,EQ00000471,2025-11-04,Functional,Pass,None
INSP000001466,EQ00000472,2024-09-22,Functional,Pass,None
INSP000001467,EQ00000472,2023-07-25,Thickness,Pass,Alarm test issue
INSP000001468,EQ00000472,2025-06-22,NDT,Pass,Vibration concern
INSP000001469,EQ00000472,2024-02-01,NDT,Pass,Alarm test issue
INSP000001470,EQ00000473,2022-12-09,Safety Device,Conditional,Minor corrosion
INSP000001471,EQ00000473,2021-03-20,Functional,Conditional,Alarm test issue
INSP000001472,EQ00000473,2021-07-02,Electrical,Pass,Vibration concern
INSP000001473,EQ00000473,2023-02-15,Functional,Pass,Vibration concern
INSP000001474,EQ00000474,2021-12-12,NDT,Pass,Minor corrosion
INSP000001475,EQ00000474,2026-01-21,Thickness,Pass,Minor corrosion
INSP000001476,EQ00000474,2022-10-25,NDT,Pass,None
INSP000001477,EQ00000474,2024-03-24,NDT,Defect Found,None
INSP000001478,EQ00000475,2024-05-12,Safety Device,Conditional,Leak indication
INSP000001479,EQ00000475,2023-12-11,Visual,Pass,Vibration concern
INSP000001480,EQ00000475,2022-03-19,Visual,Pass,Vibration concern
INSP000001481,EQ00000476,2022-06-14,Functional,Pass,Alarm test issue
INSP000001482,EQ00000477,2023-09-29,Safety Device,Pass,Alarm test issue
INSP000001483,EQ00000477,2023-04-09,Electrical,Pass,Minor corrosion
INSP000001484,EQ00000477,2024-01-30,Thickness,Pass,Minor corrosion
INSP000001485,EQ00000477,2024-10-11,NDT,Pass,Leak indication
INSP000001486,EQ00000478,2022-07-20,Functional,Conditional,Alarm test issue
INSP000001487,EQ00000478,2026-01-08,Safety Device,Defect Found,Minor corrosion
INSP000001488,EQ00000478,2024-03-22,Functional,Defect Found,Leak indication
INSP000001489,EQ00000479,2024-10-31,Thickness,Conditional,Minor corrosion
INSP000001490,EQ00000479,2021-09-11,Visual,Pass,None
INSP000001491,EQ00000479,2025-11-21,Functional,Pass,Alarm test issue
INSP000001492,EQ00000479,2022-04-21,Electrical,Pass,Leak indication
INSP000001493,EQ00000479,2023-10-06,Thickness,Pass,Alarm test issue
INSP000001494,EQ00000480,2022-07-27,Electrical,Pass,Vibration concern
INSP000001495,EQ00000480,2024-11-28,Visual,Conditional,Vibration concern
INSP000001496,EQ00000481,2021-03-08,Thickness,Pass,None
INSP000001497,EQ00000481,2025-02-19,Visual,Pass,Leak indication
INSP000001498,EQ00000482,2023-05-07,Thickness,Conditional,Alarm test issue
INSP000001499,EQ00000483,2025-12-28,Thickness,Pass,Vibration concern
INSP000001500,EQ00000483,2021-10-21,Visual,Conditional,Alarm test issue
INSP000001501,EQ00000483,2025-03-02,NDT,Pass,Leak indication
INSP000001502,EQ00000483,2022-06-07,Visual,Pass,Minor corrosion
INSP000001503,EQ00000483,2021-05-22,Functional,Pass,Alarm test issue
INSP000001504,EQ00000484,2022-06-13,Safety Device,Pass,None
INSP000001505,EQ00000484,2022-03-07,Functional,Defect Found,Alarm test issue
INSP000001506,EQ00000485,2026-03-30,Electrical,Defect Found,Vibration concern
INSP000001507,EQ00000485,2021-08-04,Thickness,Pass,None
INSP000001508,EQ00000485,2026-06-18,NDT,Pass,Leak indication
INSP000001509,EQ00000485,2022-01-24,NDT,Pass,Vibration concern
INSP000001510,EQ00000486,2024-09-05,Visual,Defect Found,Minor corrosion
INSP000001511,EQ00000487,2022-04-20,Thickness,Pass,Leak indication
INSP000001512,EQ00000487,2023-04-10,Visual,Defect Found,Vibration concern
INSP000001513,EQ00000487,2021-03-14,Functional,Defect Found,Minor corrosion
INSP000001514,EQ00000488,2021-06-24,Thickness,Conditional,None
INSP000001515,EQ00000489,2021-11-29,Thickness,Defect Found,Minor corrosion
INSP000001516,EQ00000490,2021-11-17,Visual,Conditional,Vibration concern
INSP000001517,EQ00000490,2022-05-12,Thickness,Conditional,Minor corrosion
INSP000001518,EQ00000491,2025-08-12,Functional,Pass,Minor corrosion
INSP000001519,EQ00000491,2023-02-03,NDT,Pass,Vibration concern
INSP000001520,EQ00000492,2024-08-02,NDT,Conditional,Vibration concern
INSP000001521,EQ00000492,2022-02-23,Thickness,Pass,Leak indication
INSP000001522,EQ00000492,2023-09-23,Thickness,Pass,Alarm test issue
INSP000001523,EQ00000493,2023-11-29,Safety Device,Conditional,Minor corrosion
INSP000001524,EQ00000493,2022-03-07,Electrical,Conditional,None
INSP000001525,EQ00000493,2023-08-11,NDT,Pass,Alarm test issue
INSP000001526,EQ00000493,2024-08-04,Safety Device,Pass,None
INSP000001527,EQ00000493,2023-01-25,Functional,Pass,None
INSP000001528,EQ00000494,2023-10-14,Electrical,Pass,None
INSP000001529,EQ00000494,2024-08-28,Safety Device,Conditional,Minor corrosion
INSP000001530,EQ00000494,2026-04-13,Electrical,Pass,None
INSP000001531,EQ00000494,2023-03-20,Safety Device,Pass,Alarm test issue
INSP000001532,EQ00000494,2024-01-23,Visual,Conditional,Alarm test issue
INSP000001533,EQ00000495,2024-01-08,Safety Device,Pass,Alarm test issue
INSP000001534,EQ00000496,2021-07-06,Functional,Pass,Leak indication
INSP000001535,EQ00000496,2022-12-15,Thickness,Pass,None
INSP000001536,EQ00000496,2024-06-09,Visual,Defect Found,Minor corrosion
INSP000001537,EQ00000496,2021-08-10,Visual,Defect Found,Vibration concern
INSP000001538,EQ00000497,2025-03-19,NDT,Conditional,Alarm test issue
INSP000001539,EQ00000497,2025-01-04,Thickness,Pass,Vibration concern
INSP000001540,EQ00000497,2026-04-14,Thickness,Defect Found,Leak indication
INSP000001541,EQ00000498,2023-10-11,Functional,Pass,Leak indication
INSP000001542,EQ00000498,2022-09-10,Safety Device,Pass,Leak indication
INSP000001543,EQ00000499,2021-05-07,Visual,Pass,Vibration concern
INSP000001544,EQ00000499,2026-06-27,Safety Device,Defect Found,Vibration concern
INSP000001545,EQ00000499,2022-02-22,Thickness,Pass,Leak indication
INSP000001546,EQ00000500,2025-11-14,NDT,Defect Found,Minor corrosion
INSP000001547,EQ00000500,2025-08-21,Safety Device,Pass,Vibration concern
INSP000001548,EQ00000501,2021-10-24,NDT,Pass,Vibration concern
INSP000001549,EQ00000502,2024-08-28,Thickness,Defect Found,Leak indication
INSP000001550,EQ00000503,2023-08-18,Visual,Pass,None
INSP000001551,EQ00000503,2023-04-09,Visual,Pass,Leak indication
INSP000001552,EQ00000503,2024-08-13,Thickness,Conditional,Minor corrosion
INSP000001553,EQ00000504,2021-11-13,Safety Device,Pass,Minor corrosion
INSP000001554,EQ00000504,2021-01-19,NDT,Conditional,Minor corrosion
INSP000001555,EQ00000504,2024-02-12,Functional,Pass,Alarm test issue
INSP000001556,EQ00000505,2024-07-30,Safety Device,Defect Found,None
INSP000001557,EQ00000505,2024-03-29,Safety Device,Conditional,Leak indication
INSP000001558,EQ00000505,2021-12-22,Functional,Pass,Minor corrosion
INSP000001559,EQ00000506,2024-12-26,Visual,Conditional,Minor corrosion
INSP000001560,EQ00000506,2022-01-01,Electrical,Pass,Leak indication
INSP000001561,EQ00000506,2026-08-29,Functional,Pass,Leak indication
INSP000001562,EQ00000506,2026-02-18,Electrical,Defect Found,Leak indication
INSP000001563,EQ00000507,2025-05-23,Functional,Pass,Vibration concern
INSP000001564,EQ00000507,2023-12-06,Functional,Defect Found,Alarm test issue
INSP000001565,EQ00000507,2023-02-11,NDT,Pass,Minor corrosion
INSP000001566,EQ00000507,2022-04-08,Functional,Pass,Vibration concern
INSP000001567,EQ00000508,2024-09-26,NDT,Defect Found,Alarm test issue
INSP000001568,EQ00000508,2025-07-02,Safety Device,Pass,None
INSP000001569,EQ00000509,2023-06-18,Electrical,Pass,Vibration concern
INSP000001570,EQ00000509,2024-12-04,Thickness,Pass,Minor corrosion
INSP000001571,EQ00000510,2021-03-12,Electrical,Pass,Alarm test issue
INSP000001572,EQ00000510,2023-11-14,Thickness,Pass,Alarm test issue
INSP000001573,EQ00000511,2023-05-22,Functional,Pass,Alarm test issue
INSP000001574,EQ00000511,2023-10-20,Electrical,Pass,Minor corrosion
INSP000001575,EQ00000511,2021-07-05,Visual,Pass,Leak indication
INSP000001576,EQ00000512,2022-03-03,Safety Device,Pass,Leak indication
INSP000001577,EQ00000512,2021-09-16,Visual,Pass,Minor corrosion
INSP000001578,EQ00000513,2025-10-10,Thickness,Conditional,None
INSP000001579,EQ00000513,2024-06-10,Visual,Pass,Vibration concern
INSP000001580,EQ00000513,2021-08-26,Functional,Pass,Alarm test issue
INSP000001581,EQ00000513,2025-11-16,Thickness,Conditional,Leak indication
INSP000001582,EQ00000513,2025-02-15,NDT,Defect Found,Vibration concern
INSP000001583,EQ00000514,2021-08-13,NDT,Pass,Minor corrosion
INSP000001584,EQ00000514,2021-10-08,Safety Device,Pass,Vibration concern
INSP000001585,EQ00000515,2021-09-22,Electrical,Pass,Leak indication
INSP000001586,EQ00000515,2021-12-08,Electrical,Pass,Leak indication
INSP000001587,EQ00000515,2023-07-08,Safety Device,Pass,Alarm test issue
INSP000001588,EQ00000515,2024-01-18,Functional,Pass,None
INSP000001589,EQ00000516,2022-07-30,Electrical,Conditional,Leak indication
INSP000001590,EQ00000516,2022-06-07,Electrical,Conditional,Minor corrosion
INSP000001591,EQ00000516,2023-11-13,Thickness,Defect Found,Minor corrosion
INSP000001592,EQ00000516,2021-08-26,Thickness,Pass,Vibration concern
INSP000001593,EQ00000517,2025-04-23,Visual,Pass,Alarm test issue
INSP000001594,EQ00000518,2023-08-23,Electrical,Pass,Minor corrosion
INSP000001595,EQ00000518,2021-05-01,Electrical,Pass,Alarm test issue
INSP000001596,EQ00000518,2023-09-15,Functional,Pass,Alarm test issue
INSP000001597,EQ00000519,2021-11-03,Safety Device,Pass,Alarm test issue
INSP000001598,EQ00000520,2026-06-30,NDT,Defect Found,Vibration concern
INSP000001599,EQ00000520,2023-01-31,Safety Device,Pass,None
INSP000001600,EQ00000520,2023-10-19,Visual,Conditional,None
INSP000001601,EQ00000520,2022-08-29,NDT,Pass,Vibration concern
INSP000001602,EQ00000521,2022-11-29,Functional,Conditional,Minor corrosion
INSP000001603,EQ00000521,2025-06-24,Functional,Pass,Leak indication
INSP000001604,EQ00000521,2021-06-04,NDT,Conditional,Vibration concern
INSP000001605,EQ00000521,2021-10-22,Functional,Pass,Minor corrosion
INSP000001606,EQ00000521,2023-08-14,Visual,Pass,Minor corrosion
INSP000001607,EQ00000522,2024-05-18,NDT,Pass,None
INSP000001608,EQ00000522,2023-06-06,Visual,Pass,None
INSP000001609,EQ00000523,2025-04-27,NDT,Pass,Minor corrosion
INSP000001610,EQ00000524,2025-10-20,Thickness,Conditional,Minor corrosion
INSP000001611,EQ00000524,2024-05-04,NDT,Conditional,Leak indication
INSP000001612,EQ00000524,2026-03-17,NDT,Defect Found,Leak indication
INSP000001613,EQ00000524,2022-02-04,Functional,Pass,Vibration concern
INSP000001614,EQ00000524,2025-01-07,Electrical,Conditional,None
INSP000001615,EQ00000525,2025-06-30,Visual,Defect Found,None
INSP000001616,EQ00000526,2022-06-01,NDT,Pass,Leak indication
INSP000001617,EQ00000527,2022-10-12,Functional,Conditional,Leak indication
INSP000001618,EQ00000527,2021-02-06,Functional,Pass,Vibration concern
INSP000001619,EQ00000527,2025-04-21,Electrical,Pass,Alarm test issue
INSP000001620,EQ00000528,2025-11-19,Functional,Pass,Alarm test issue
INSP000001621,EQ00000528,2023-05-06,Electrical,Pass,Leak indication
INSP000001622,EQ00000528,2022-02-24,Electrical,Pass,None
INSP000001623,EQ00000529,2023-09-09,Functional,Conditional,Alarm test issue
INSP000001624,EQ00000529,2026-01-05,Functional,Pass,Minor corrosion
INSP000001625,EQ00000529,2021-05-15,Thickness,Pass,Alarm test issue
INSP000001626,EQ00000529,2023-08-12,Safety Device,Conditional,Alarm test issue
INSP000001627,EQ00000530,2022-03-18,Functional,Pass,Alarm test issue
INSP000001628,EQ00000531,2022-03-24,Electrical,Conditional,None
INSP000001629,EQ00000532,2022-05-16,NDT,Pass,Vibration concern
INSP000001630,EQ00000532,2024-04-16,Visual,Pass,Leak indication
INSP000001631,EQ00000533,2025-05-13,Safety Device,Pass,Alarm test issue
INSP000001632,EQ00000533,2025-06-21,Safety Device,Conditional,Minor corrosion
INSP000001633,EQ00000534,2022-08-21,NDT,Pass,Minor corrosion
INSP000001634,EQ00000534,2022-06-10,NDT,Pass,Alarm test issue
INSP000001635,EQ00000534,2023-06-22,NDT,Pass,None
INSP000001636,EQ00000534,2024-01-19,Electrical,Pass,Leak indication
INSP000001637,EQ00000534,2022-07-19,NDT,Pass,Minor corrosion
INSP000001638,EQ00000535,2021-08-24,Thickness,Pass,Minor corrosion
INSP000001639,EQ00000536,2024-09-17,Visual,Pass,Minor corrosion
INSP000001640,EQ00000536,2024-05-21,Functional,Pass,Vibration concern
INSP000001641,EQ00000536,2022-12-11,Visual,Conditional,Minor corrosion
INSP000001642,EQ00000536,2026-02-18,Thickness,Pass,Leak indication
INSP000001643,EQ00000537,2021-12-24,Thickness,Pass,Alarm test issue
INSP000001644,EQ00000537,2023-06-06,Visual,Pass,Minor corrosion
INSP000001645,EQ00000538,2022-01-03,Safety Device,Pass,Leak indication
INSP000001646,EQ00000538,2023-02-03,Visual,Conditional,Vibration concern
INSP000001647,EQ00000539,2025-03-18,Visual,Defect Found,Alarm test issue
INSP000001648,EQ00000540,2026-03-02,Thickness,Pass,Leak indication
INSP000001649,EQ00000540,2025-08-14,Safety Device,Conditional,None
INSP000001650,EQ00000541,2023-08-29,Thickness,Defect Found,None
INSP000001651,EQ00000541,2025-02-02,Functional,Pass,Leak indication
INSP000001652,EQ00000541,2024-12-07,Safety Device,Pass,Vibration concern
INSP000001653,EQ00000541,2026-06-26,Visual,Pass,Alarm test issue
INSP000001654,EQ00000542,2021-04-13,Functional,Pass,Leak indication
INSP000001655,EQ00000542,2024-02-13,Functional,Pass,Vibration concern
INSP000001656,EQ00000542,2025-05-14,Functional,Defect Found,Minor corrosion
INSP000001657,EQ00000542,2023-02-20,Electrical,Defect Found,Leak indication
INSP000001658,EQ00000542,2024-08-10,Electrical,Pass,Leak indication
INSP000001659,EQ00000543,2025-03-02,Visual,Pass,Minor corrosion
INSP000001660,EQ00000544,2025-08-05,Functional,Pass,Vibration concern
INSP000001661,EQ00000544,2021-07-02,Visual,Pass,Minor corrosion
INSP000001662,EQ00000545,2023-06-06,Safety Device,Conditional,Alarm test issue
INSP000001663,EQ00000546,2021-05-18,Electrical,Defect Found,Vibration concern
INSP000001664,EQ00000546,2023-03-23,Safety Device,Pass,None
INSP000001665,EQ00000546,2026-07-02,Electrical,Conditional,Alarm test issue
INSP000001666,EQ00000547,2024-02-23,Functional,Conditional,Alarm test issue
INSP000001667,EQ00000547,2025-10-24,Visual,Pass,None
INSP000001668,EQ00000547,2025-05-01,NDT,Defect Found,Vibration concern
INSP000001669,EQ00000548,2026-05-04,Thickness,Defect Found,Minor corrosion
INSP000001670,EQ00000548,2023-06-10,Functional,Pass,Leak indication
INSP000001671,EQ00000548,2024-09-24,Visual,Pass,Minor corrosion
INSP000001672,EQ00000548,2024-06-02,NDT,Pass,Alarm test issue
INSP000001673,EQ00000549,2025-05-03,Thickness,Pass,Leak indication
INSP000001674,EQ00000550,2022-05-27,Electrical,Pass,None
INSP000001675,EQ00000551,2021-01-06,Thickness,Pass,Leak indication
INSP000001676,EQ00000552,2023-06-06,Thickness,Pass,Minor corrosion
INSP000001677,EQ00000552,2025-02-13,Visual,Pass,Leak indication
INSP000001678,EQ00000552,2025-09-20,Thickness,Pass,Leak indication
INSP000001679,EQ00000552,2026-07-23,NDT,Defect Found,Vibration concern
INSP000001680,EQ00000553,2026-02-02,Safety Device,Pass,Leak indication
INSP000001681,EQ00000553,2024-04-27,Visual,Pass,Minor corrosion
INSP000001682,EQ00000553,2024-10-10,Functional,Pass,None
INSP000001683,EQ00000553,2023-12-01,Electrical,Pass,Alarm test issue
INSP000001684,EQ00000554,2025-06-28,Thickness,Pass,Leak indication
INSP000001685,EQ00000554,2024-08-24,Electrical,Conditional,None
INSP000001686,EQ00000554,2021-04-14,Thickness,Pass,Vibration concern
INSP000001687,EQ00000555,2025-04-21,Safety Device,Defect Found,Minor corrosion
INSP000001688,EQ00000555,2024-11-20,Thickness,Defect Found,Alarm test issue
INSP000001689,EQ00000555,2025-08-30,NDT,Pass,Vibration concern
INSP000001690,EQ00000556,2025-03-13,Functional,Pass,Minor corrosion
INSP000001691,EQ00000557,2025-10-18,Thickness,Conditional,Minor corrosion
INSP000001692,EQ00000557,2022-08-21,Thickness,Conditional,Alarm test issue
INSP000001693,EQ00000558,2024-07-13,Functional,Conditional,Minor corrosion
INSP000001694,EQ00000558,2023-09-25,Thickness,Defect Found,None
INSP000001695,EQ00000559,2023-09-12,NDT,Pass,Leak indication
INSP000001696,EQ00000559,2025-04-29,Electrical,Pass,Alarm test issue
INSP000001697,EQ00000560,2022-05-23,Functional,Defect Found,Vibration concern
INSP000001698,EQ00000560,2023-10-20,Visual,Defect Found,Minor corrosion
INSP000001699,EQ00000561,2025-07-13,Safety Device,Pass,None
INSP000001700,EQ00000561,2022-02-28,Visual,Defect Found,None
INSP000001701,EQ00000561,2022-05-13,Electrical,Pass,Vibration concern
INSP000001702,EQ00000562,2025-01-27,Functional,Pass,Vibration concern
INSP000001703,EQ00000563,2021-06-11,Safety Device,Pass,Vibration concern
INSP000001704,EQ00000564,2022-03-14,Functional,Defect Found,None
INSP000001705,EQ00000564,2024-06-08,NDT,Pass,Leak indication
INSP000001706,EQ00000564,2024-12-05,Thickness,Pass,Leak indication
INSP000001707,EQ00000564,2021-02-09,Visual,Conditional,Alarm test issue
INSP000001708,EQ00000565,2025-06-27,Thickness,Pass,None
INSP000001709,EQ00000565,2023-07-16,Electrical,Conditional,Minor corrosion
INSP000001710,EQ00000565,2022-10-10,Visual,Defect Found,Minor corrosion
INSP000001711,EQ00000565,2021-02-08,Thickness,Pass,Minor corrosion
INSP000001712,EQ00000566,2024-09-27,Safety Device,Pass,Minor corrosion
INSP000001713,EQ00000566,2022-09-21,Visual,Defect Found,Alarm test issue
INSP000001714,EQ00000566,2021-04-09,NDT,Pass,Minor corrosion
INSP000001715,EQ00000566,2024-06-25,Safety Device,Pass,Vibration concern
INSP000001716,EQ00000567,2024-12-09,Safety Device,Pass,Alarm test issue
INSP000001717,EQ00000568,2023-01-31,Electrical,Defect Found,None
INSP000001718,EQ00000568,2022-06-07,Safety Device,Pass,None
INSP000001719,EQ00000568,2022-03-09,Thickness,Pass,None
INSP000001720,EQ00000568,2022-10-26,Safety Device,Defect Found,Alarm test issue
INSP000001721,EQ00000569,2023-10-10,Functional,Conditional,Leak indication
INSP000001722,EQ00000569,2024-05-08,Functional,Conditional,Minor corrosion
INSP000001723,EQ00000570,2022-03-23,NDT,Pass,Alarm test issue
INSP000001724,EQ00000570,2022-12-13,Safety Device,Defect Found,None
INSP000001725,EQ00000570,2026-06-15,Electrical,Pass,None
INSP000001726,EQ00000570,2024-12-10,Thickness,Pass,None
INSP000001727,EQ00000571,2023-02-08,Functional,Pass,Minor corrosion
INSP000001728,EQ00000571,2026-03-17,Thickness,Conditional,Vibration concern
INSP000001729,EQ00000571,2023-10-12,Safety Device,Pass,Alarm test issue
INSP000001730,EQ00000571,2022-03-04,NDT,Pass,Alarm test issue
INSP000001731,EQ00000572,2025-01-01,NDT,Pass,None
INSP000001732,EQ00000572,2022-09-20,Visual,Conditional,Alarm test issue
INSP000001733,EQ00000572,2021-09-02,Safety Device,Pass,Alarm test issue
INSP000001734,EQ00000572,2023-09-14,Electrical,Pass,Vibration concern
INSP000001735,EQ00000572,2025-12-21,NDT,Pass,Leak indication
INSP000001736,EQ00000573,2021-01-04,Visual,Pass,Leak indication
INSP000001737,EQ00000573,2025-05-30,Electrical,Pass,Alarm test issue
INSP000001738,EQ00000574,2022-10-22,Electrical,Pass,Minor corrosion
INSP000001739,EQ00000575,2023-06-05,Functional,Pass,Leak indication
INSP000001740,EQ00000575,2026-03-02,Functional,Defect Found,Minor corrosion
INSP000001741,EQ00000575,2021-09-08,Safety Device,Pass,Leak indication
INSP000001742,EQ00000576,2024-02-12,NDT,Pass,Vibration concern
INSP000001743,EQ00000577,2026-07-11,Visual,Pass,None
INSP000001744,EQ00000577,2023-09-10,Electrical,Defect Found,Leak indication
INSP000001745,EQ00000577,2023-03-02,Electrical,Pass,Minor corrosion
INSP000001746,EQ00000578,2026-07-13,NDT,Pass,None
INSP000001747,EQ00000578,2026-08-22,Safety Device,Conditional,Vibration concern
INSP000001748,EQ00000579,2025-10-02,Functional,Conditional,Vibration concern
INSP000001749,EQ00000579,2026-07-09,Visual,Pass,None
INSP000001750,EQ00000580,2021-12-29,Thickness,Pass,Vibration concern
INSP000001751,EQ00000580,2024-08-23,Safety Device,Pass,Minor corrosion
INSP000001752,EQ00000580,2024-12-22,Safety Device,Conditional,None
INSP000001753,EQ00000581,2021-09-26,Electrical,Pass,None
INSP000001754,EQ00000581,2025-10-30,Thickness,Conditional,Leak indication
INSP000001755,EQ00000581,2025-03-24,Visual,Conditional,Vibration concern
INSP000001756,EQ00000582,2023-04-05,Electrical,Pass,Leak indication
INSP000001757,EQ00000583,2021-04-03,Safety Device,Pass,Vibration concern
INSP000001758,EQ00000583,2023-03-21,Visual,Pass,Minor corrosion
INSP000001759,EQ00000584,2021-10-11,Visual,Pass,Leak indication
INSP000001760,EQ00000584,2024-02-29,Visual,Pass,Alarm test issue
INSP000001761,EQ00000584,2025-04-05,Visual,Pass,Leak indication
INSP000001762,EQ00000584,2023-11-13,Functional,Pass,Minor corrosion
INSP000001763,EQ00000584,2021-02-19,Thickness,Defect Found,Minor corrosion
INSP000001764,EQ00000585,2026-01-09,Safety Device,Pass,Leak indication
INSP000001765,EQ00000585,2021-10-09,Safety Device,Conditional,Alarm test issue
INSP000001766,EQ00000585,2022-12-25,Thickness,Pass,Minor corrosion
INSP000001767,EQ00000586,2025-11-27,Electrical,Pass,Minor corrosion
INSP000001768,EQ00000587,2022-03-27,Functional,Pass,Alarm test issue
INSP000001769,EQ00000587,2025-12-02,Electrical,Pass,Minor corrosion
INSP000001770,EQ00000587,2025-01-06,Visual,Pass,Leak indication
INSP000001771,EQ00000587,2024-12-29,Safety Device,Defect Found,None
INSP000001772,EQ00000587,2022-01-16,Safety Device,Defect Found,Alarm test issue
INSP000001773,EQ00000588,2023-05-06,Functional,Conditional,Leak indication
INSP000001774,EQ00000588,2025-08-24,Visual,Defect Found,Vibration concern
INSP000001775,EQ00000589,2021-10-15,Visual,Pass,None
INSP000001776,EQ00000589,2022-12-13,Functional,Defect Found,None
INSP000001777,EQ00000589,2025-01-08,Safety Device,Defect Found,None
INSP000001778,EQ00000590,2023-12-16,Functional,Conditional,None
INSP000001779,EQ00000590,2023-03-03,Safety Device,Conditional,Minor corrosion
INSP000001780,EQ00000591,2023-01-06,Thickness,Pass,Leak indication
INSP000001781,EQ00000591,2024-11-11,Thickness,Pass,Leak indication
INSP000001782,EQ00000591,2023-04-14,Thickness,Pass,Leak indication
INSP000001783,EQ00000591,2024-05-04,Visual,Defect Found,None
INSP000001784,EQ00000592,2026-08-09,NDT,Pass,Alarm test issue
INSP000001785,EQ00000592,2021-04-18,Safety Device,Pass,Leak indication
INSP000001786,EQ00000592,2024-08-17,Visual,Conditional,None
INSP000001787,EQ00000593,2021-09-25,NDT,Defect Found,Vibration concern
INSP000001788,EQ00000593,2022-08-12,NDT,Pass,Leak indication
INSP000001789,EQ00000593,2025-12-26,Visual,Pass,None
INSP000001790,EQ00000594,2023-01-03,Visual,Pass,Alarm test issue
INSP000001791,EQ00000594,2022-03-10,Thickness,Conditional,Minor corrosion
INSP000001792,EQ00000594,2023-05-20,Thickness,Pass,Vibration concern
INSP000001793,EQ00000595,2023-11-02,Visual,Pass,Vibration concern
INSP000001794,EQ00000596,2021-05-25,NDT,Pass,Leak indication
INSP000001795,EQ00000596,2025-11-21,Functional,Pass,Vibration concern
INSP000001796,EQ00000597,2021-08-31,Visual,Pass,Alarm test issue
INSP000001797,EQ00000597,2025-09-16,Electrical,Conditional,Alarm test issue
INSP000001798,EQ00000597,2022-06-27,Safety Device,Conditional,Leak indication
INSP000001799,EQ00000598,2022-03-23,Thickness,Pass,Minor corrosion
INSP000001800,EQ00000599,2021-04-18,NDT,Pass,Leak indication
INSP000001801,EQ00000599,2024-06-09,NDT,Pass,Vibration concern
INSP000001802,EQ00000599,2023-12-08,Functional,Pass,Alarm test issue
INSP000001803,EQ00000599,2026-05-27,Safety Device,Conditional,Vibration concern
INSP000001804,EQ00000600,2021-07-25,Functional,Pass,Vibration concern
INSP000001805,EQ00000600,2022-10-30,NDT,Pass,Leak indication
INSP000001806,EQ00000600,2021-03-13,Electrical,Pass,Minor corrosion
INSP000001807,EQ00000600,2024-04-20,Functional,Pass,None
INSP000001808,EQ00000601,2021-03-29,Visual,Pass,None
INSP000001809,EQ00000601,2023-01-06,Functional,Conditional,Minor corrosion
INSP000001810,EQ00000601,2024-11-24,Safety Device,Pass,None
INSP000001811,EQ00000601,2021-02-04,Visual,Pass,Alarm test issue
INSP000001812,EQ00000602,2024-07-30,Functional,Pass,Alarm test issue
INSP000001813,EQ00000602,2024-07-28,Functional,Pass,Leak indication
INSP000001814,EQ00000603,2023-09-12,Safety Device,Conditional,None
INSP000001815,EQ00000603,2026-01-14,Electrical,Conditional,None
INSP000001816,EQ00000603,2025-12-24,Visual,Pass,Leak indication
INSP000001817,EQ00000604,2021-05-31,Functional,Pass,Minor corrosion
INSP000001818,EQ00000604,2025-09-23,Thickness,Conditional,Minor corrosion
INSP000001819,EQ00000604,2024-07-27,Thickness,Defect Found,None
INSP000001820,EQ00000604,2024-01-22,Safety Device,Conditional,Vibration concern
INSP000001821,EQ00000605,2023-06-24,NDT,Defect Found,Vibration concern
INSP000001822,EQ00000606,2026-02-01,Electrical,Pass,Minor corrosion
INSP000001823,EQ00000606,2026-03-20,Thickness,Pass,None
INSP000001824,EQ00000606,2021-08-19,Electrical,Pass,Vibration concern
INSP000001825,EQ00000607,2023-09-06,Safety Device,Pass,Vibration concern
INSP000001826,EQ00000607,2026-05-08,Electrical,Pass,Minor corrosion
INSP000001827,EQ00000607,2025-09-11,NDT,Pass,Alarm test issue
INSP000001828,EQ00000607,2021-06-18,Visual,Pass,Leak indication
INSP000001829,EQ00000607,2022-10-03,Electrical,Pass,Alarm test issue
INSP000001830,EQ00000608,2025-06-11,Thickness,Defect Found,Alarm test issue
INSP000001831,EQ00000608,2021-04-22,Visual,Pass,None
INSP000001832,EQ00000608,2025-08-01,NDT,Pass,Minor corrosion
INSP000001833,EQ00000608,2021-09-16,Safety Device,Pass,Minor corrosion
INSP000001834,EQ00000609,2023-01-03,Functional,Conditional,None
INSP000001835,EQ00000609,2022-01-11,Visual,Pass,Leak indication
INSP000001836,EQ00000609,2026-06-25,Thickness,Defect Found,Leak indication
INSP000001837,EQ00000610,2022-12-25,Thickness,Pass,None
INSP000001838,EQ00000610,2022-04-03,Visual,Pass,Alarm test issue
INSP000001839,EQ00000610,2021-01-04,Safety Device,Pass,Vibration concern
INSP000001840,EQ00000610,2024-04-04,NDT,Pass,Alarm test issue
INSP000001841,EQ00000610,2025-10-30,Visual,Pass,Alarm test issue
INSP000001842,EQ00000611,2024-07-10,Electrical,Pass,Vibration concern
INSP000001843,EQ00000612,2022-05-19,Thickness,Conditional,Vibration concern
INSP000001844,EQ00000612,2024-03-27,NDT,Conditional,None
INSP000001845,EQ00000612,2022-02-23,Visual,Pass,None
INSP000001846,EQ00000613,2021-01-28,Safety Device,Pass,Alarm test issue
INSP000001847,EQ00000613,2026-08-03,NDT,Defect Found,Alarm test issue
INSP000001848,EQ00000613,2024-04-17,Visual,Conditional,None
INSP000001849,EQ00000613,2022-07-30,Thickness,Pass,Leak indication
INSP000001850,EQ00000613,2026-03-10,Safety Device,Pass,Vibration concern
INSP000001851,EQ00000614,2023-02-15,Electrical,Pass,None
INSP000001852,EQ00000614,2021-08-07,Electrical,Pass,None
INSP000001853,EQ00000614,2026-02-13,Safety Device,Defect Found,Vibration concern
INSP000001854,EQ00000614,2021-03-26,Electrical,Pass,Vibration concern
INSP000001855,EQ00000614,2021-06-27,Thickness,Pass,Minor corrosion
INSP000001856,EQ00000615,2026-07-22,Visual,Pass,Minor corrosion
INSP000001857,EQ00000615,2023-09-09,NDT,Pass,Minor corrosion
INSP000001858,EQ00000616,2026-07-31,Thickness,Defect Found,Minor corrosion
INSP000001859,EQ00000616,2022-08-07,NDT,Defect Found,Vibration concern
INSP000001860,EQ00000616,2024-05-23,Thickness,Conditional,Alarm test issue
INSP000001861,EQ00000616,2023-03-05,Thickness,Defect Found,Alarm test issue
INSP000001862,EQ00000616,2023-04-05,Functional,Pass,Leak indication
INSP000001863,EQ00000617,2024-08-30,Electrical,Pass,Leak indication
INSP000001864,EQ00000617,2023-10-04,Functional,Defect Found,Leak indication
INSP000001865,EQ00000617,2024-07-14,Functional,Pass,None
INSP000001866,EQ00000618,2022-12-06,Functional,Pass,Minor corrosion
INSP000001867,EQ00000618,2023-03-31,Safety Device,Pass,Leak indication
INSP000001868,EQ00000619,2021-12-20,Electrical,Pass,Vibration concern
INSP000001869,EQ00000619,2023-01-03,Electrical,Conditional,Vibration concern
INSP000001870,EQ00000619,2024-08-01,Electrical,Pass,Minor corrosion
INSP000001871,EQ00000620,2024-02-28,NDT,Pass,Alarm test issue
INSP000001872,EQ00000620,2024-09-23,Functional,Conditional,Leak indication
INSP000001873,EQ00000621,2023-05-06,Electrical,Pass,Vibration concern
INSP000001874,EQ00000621,2026-03-21,Thickness,Defect Found,Vibration concern
INSP000001875,EQ00000621,2026-07-18,Functional,Conditional,None
INSP000001876,EQ00000622,2022-02-17,Visual,Pass,Alarm test issue
INSP000001877,EQ00000622,2023-10-16,NDT,Conditional,None
INSP000001878,EQ00000622,2021-10-30,Electrical,Pass,Leak indication
INSP000001879,EQ00000623,2022-08-02,Safety Device,Pass,Leak indication
INSP000001880,EQ00000623,2024-12-20,Safety Device,Pass,Minor corrosion
INSP000001881,EQ00000623,2026-07-02,Visual,Pass,Minor corrosion
INSP000001882,EQ00000623,2025-03-01,NDT,Conditional,Vibration concern
INSP000001883,EQ00000624,2022-02-26,Thickness,Pass,Leak indication
INSP000001884,EQ00000624,2021-09-21,Thickness,Conditional,Vibration concern
INSP000001885,EQ00000624,2024-02-12,Thickness,Pass,None
INSP000001886,EQ00000624,2024-10-26,Visual,Pass,Leak indication
INSP000001887,EQ00000624,2021-04-09,NDT,Pass,None
INSP000001888,EQ00000625,2024-01-29,Electrical,Pass,None
INSP000001889,EQ00000625,2024-11-29,Thickness,Pass,None
INSP000001890,EQ00000625,2023-07-07,Thickness,Pass,Minor corrosion
INSP000001891,EQ00000625,2022-05-19,Functional,Pass,Alarm test issue
INSP000001892,EQ00000625,2021-04-22,NDT,Conditional,Alarm test issue
INSP000001893,EQ00000626,2022-08-27,Electrical,Pass,None
INSP000001894,EQ00000626,2023-12-13,Functional,Pass,Leak indication
INSP000001895,EQ00000626,2024-03-24,Safety Device,Pass,Vibration concern
INSP000001896,EQ00000626,2026-08-12,Safety Device,Pass,Leak indication
INSP000001897,EQ00000627,2025-07-04,Safety Device,Defect Found,Alarm test issue
INSP000001898,EQ00000627,2025-08-25,Functional,Pass,Leak indication
INSP000001899,EQ00000627,2021-06-06,Visual,Pass,None
INSP000001900,EQ00000627,2025-06-21,Safety Device,Pass,Vibration concern
INSP000001901,EQ00000628,2023-07-02,Safety Device,Pass,None
INSP000001902,EQ00000628,2021-11-04,NDT,Conditional,Alarm test issue
INSP000001903,EQ00000629,2021-03-28,Safety Device,Pass,None
INSP000001904,EQ00000629,2021-06-05,Visual,Defect Found,Leak indication
INSP000001905,EQ00000629,2024-01-15,NDT,Pass,Minor corrosion
INSP000001906,EQ00000629,2022-08-31,NDT,Pass,Leak indication
INSP000001907,EQ00000629,2023-07-14,Functional,Pass,Leak indication
INSP000001908,EQ00000630,2021-10-25,Visual,Pass,Vibration concern
INSP000001909,EQ00000631,2023-09-17,Electrical,Pass,None
INSP000001910,EQ00000632,2025-10-25,Safety Device,Conditional,None
INSP000001911,EQ00000632,2023-06-03,Visual,Pass,Minor corrosion
INSP000001912,EQ00000632,2025-10-08,Visual,Pass,Minor corrosion
INSP000001913,EQ00000632,2025-02-04,Functional,Pass,Vibration concern
INSP000001914,EQ00000633,2022-02-14,Functional,Pass,Vibration concern
INSP000001915,EQ00000633,2023-05-07,Electrical,Conditional,Alarm test issue
INSP000001916,EQ00000633,2026-04-05,Electrical,Pass,Vibration concern
INSP000001917,EQ00000633,2025-03-23,NDT,Pass,Vibration concern
INSP000001918,EQ00000633,2024-12-08,Safety Device,Pass,Vibration concern
INSP000001919,EQ00000634,2021-07-13,Visual,Pass,Alarm test issue
INSP000001920,EQ00000634,2022-03-16,Electrical,Pass,Leak indication
INSP000001921,EQ00000635,2023-12-10,Safety Device,Pass,Vibration concern
INSP000001922,EQ00000635,2022-03-25,Visual,Pass,None
INSP000001923,EQ00000635,2025-02-28,Thickness,Pass,None
INSP000001924,EQ00000635,2022-03-21,Visual,Pass,Leak indication
INSP000001925,EQ00000635,2025-04-23,Safety Device,Conditional,Alarm test issue
INSP000001926,EQ00000636,2025-11-23,Electrical,Pass,Leak indication
INSP000001927,EQ00000637,2023-04-01,NDT,Defect Found,Minor corrosion
INSP000001928,EQ00000637,2021-12-01,Safety Device,Defect Found,None
INSP000001929,EQ00000638,2021-09-02,NDT,Pass,Minor corrosion
INSP000001930,EQ00000638,2026-06-11,Safety Device,Pass,Alarm test issue
INSP000001931,EQ00000638,2022-09-19,Visual,Pass,Alarm test issue
INSP000001932,EQ00000639,2021-11-25,NDT,Pass,Minor corrosion
INSP000001933,EQ00000639,2026-07-02,NDT,Pass,None
INSP000001934,EQ00000639,2024-06-30,Safety Device,Pass,Minor corrosion
INSP000001935,EQ00000639,2026-02-23,Functional,Pass,Vibration concern
INSP000001936,EQ00000639,2024-07-30,Functional,Defect Found,Vibration concern
INSP000001937,EQ00000640,2026-04-22,Visual,Pass,Vibration concern
INSP000001938,EQ00000640,2024-06-24,Electrical,Pass,None
INSP000001939,EQ00000640,2023-09-16,NDT,Pass,Minor corrosion
INSP000001940,EQ00000640,2024-08-07,Visual,Defect Found,Vibration concern
INSP000001941,EQ00000640,2025-10-07,Visual,Pass,None
INSP000001942,EQ00000641,2025-01-09,NDT,Conditional,Alarm test issue
INSP000001943,EQ00000642,2021-05-30,Functional,Pass,Minor corrosion
INSP000001944,EQ00000642,2022-06-10,Safety Device,Pass,Leak indication
INSP000001945,EQ00000643,2024-04-28,Thickness,Pass,Leak indication
INSP000001946,EQ00000643,2024-07-05,Functional,Defect Found,Leak indication
INSP000001947,EQ00000643,2024-06-27,Visual,Pass,Vibration concern
INSP000001948,EQ00000643,2022-11-20,Electrical,Pass,Minor corrosion
INSP000001949,EQ00000644,2025-04-29,Visual,Conditional,Minor corrosion
INSP000001950,EQ00000644,2026-07-09,NDT,Pass,Leak indication
INSP000001951,EQ00000644,2022-10-30,Visual,Defect Found,Leak indication
INSP000001952,EQ00000645,2022-03-23,Safety Device,Conditional,Minor corrosion
INSP000001953,EQ00000645,2025-08-19,Visual,Pass,Vibration concern
INSP000001954,EQ00000646,2022-04-21,NDT,Pass,Vibration concern
INSP000001955,EQ00000646,2023-08-09,Thickness,Pass,Leak indication
INSP000001956,EQ00000646,2023-04-21,Safety Device,Pass,None
INSP000001957,EQ00000646,2025-11-29,NDT,Pass,Vibration concern
INSP000001958,EQ00000646,2024-09-22,Electrical,Conditional,Alarm test issue
INSP000001959,EQ00000647,2024-08-18,Electrical,Pass,Leak indication
INSP000001960,EQ00000647,2021-07-18,Safety Device,Pass,Minor corrosion
INSP000001961,EQ00000647,2024-03-27,NDT,Conditional,Minor corrosion
INSP000001962,EQ00000647,2022-02-07,Thickness,Pass,Alarm test issue
INSP000001963,EQ00000647,2025-02-10,Safety Device,Pass,None
INSP000001964,EQ00000648,2022-06-24,Visual,Pass,Alarm test issue
INSP000001965,EQ00000648,2025-03-08,Visual,Pass,Leak indication
INSP000001966,EQ00000648,2026-03-23,Functional,Conditional,Vibration concern
INSP000001967,EQ00000648,2024-03-29,Electrical,Pass,None
INSP000001968,EQ00000649,2024-07-07,Electrical,Conditional,None
INSP000001969,EQ00000649,2021-01-13,Electrical,Conditional,Alarm test issue
INSP000001970,EQ00000649,2021-11-03,NDT,Pass,Vibration concern
INSP000001971,EQ00000650,2023-06-09,Electrical,Pass,Vibration concern
INSP000001972,EQ00000650,2023-08-03,Electrical,Defect Found,Minor corrosion
INSP000001973,EQ00000650,2026-04-12,Thickness,Pass,Leak indication
INSP000001974,EQ00000650,2022-05-28,NDT,Pass,None
INSP000001975,EQ00000651,2026-01-10,Functional,Conditional,Alarm test issue
INSP000001976,EQ00000651,2026-07-01,Functional,Defect Found,None
INSP000001977,EQ00000651,2023-07-11,Functional,Pass,None
INSP000001978,EQ00000651,2022-04-26,NDT,Defect Found,Minor corrosion
INSP000001979,EQ00000651,2024-04-26,Thickness,Conditional,None
INSP000001980,EQ00000652,2023-08-17,Safety Device,Pass,Leak indication
INSP000001981,EQ00000652,2023-11-28,Visual,Pass,Alarm test issue
INSP000001982,EQ00000652,2024-02-12,Thickness,Pass,None
INSP000001983,EQ00000652,2023-05-13,Visual,Pass,Alarm test issue
INSP000001984,EQ00000652,2022-03-31,Functional,Defect Found,None
INSP000001985,EQ00000653,2025-01-03,Visual,Defect Found,Alarm test issue
INSP000001986,EQ00000653,2021-11-23,Safety Device,Pass,Vibration concern
INSP000001987,EQ00000653,2024-11-21,Electrical,Pass,Minor corrosion
INSP000001988,EQ00000653,2023-12-29,Thickness,Pass,Alarm test issue
INSP000001989,EQ00000654,2021-10-01,Functional,Pass,Minor corrosion
INSP000001990,EQ00000654,2025-04-11,Electrical,Pass,Vibration concern
INSP000001991,EQ00000654,2023-02-26,Functional,Conditional,Alarm test issue
INSP000001992,EQ00000655,2022-03-15,Safety Device,Pass,Leak indication
INSP000001993,EQ00000656,2024-02-23,NDT,Defect Found,Vibration concern
INSP000001994,EQ00000657,2021-07-26,Functional,Pass,Leak indication
INSP000001995,EQ00000658,2022-04-19,Electrical,Conditional,Alarm test issue
INSP000001996,EQ00000658,2025-08-20,NDT,Pass,Leak indication
INSP000001997,EQ00000659,2023-04-30,Safety Device,Defect Found,Alarm test issue
INSP000001998,EQ00000659,2025-11-01,Visual,Defect Found,Minor corrosion
INSP000001999,EQ00000659,2025-11-15,Thickness,Pass,Alarm test issue
INSP000002000,EQ00000659,2024-06-21,Thickness,Pass,None
INSP000002001,EQ00000660,2023-10-25,NDT,Conditional,Leak indication
INSP000002002,EQ00000660,2023-07-16,Electrical,Pass,Alarm test issue
INSP000002003,EQ00000660,2025-05-23,Electrical,Conditional,Vibration concern
INSP000002004,EQ00000660,2025-10-02,Thickness,Conditional,None
INSP000002005,EQ00000661,2021-08-05,Electrical,Pass,Leak indication
INSP000002006,EQ00000661,2022-04-24,Thickness,Pass,Vibration concern
INSP000002007,EQ00000662,2021-05-10,Thickness,Defect Found,Minor corrosion
INSP000002008,EQ00000662,2026-07-16,Electrical,Pass,None
INSP000002009,EQ00000663,2023-04-17,Functional,Pass,Minor corrosion
INSP000002010,EQ00000664,2026-01-13,NDT,Defect Found,Leak indication
INSP000002011,EQ00000665,2022-01-05,NDT,Pass,Alarm test issue
INSP000002012,EQ00000665,2026-05-23,Visual,Conditional,Alarm test issue
INSP000002013,EQ00000665,2023-02-19,Functional,Pass,Minor corrosion
INSP000002014,EQ00000666,2021-12-27,Electrical,Conditional,None
INSP000002015,EQ00000666,2021-03-12,Electrical,Pass,Vibration concern
INSP000002016,EQ00000666,2022-11-08,Visual,Conditional,Vibration concern
INSP000002017,EQ00000666,2026-02-27,Electrical,Pass,Vibration concern
INSP000002018,EQ00000666,2024-06-19,Safety Device,Pass,None
INSP000002019,EQ00000667,2025-09-07,Safety Device,Pass,Vibration concern
INSP000002020,EQ00000667,2024-10-06,Visual,Pass,Leak indication
INSP000002021,EQ00000668,2021-12-22,Visual,Pass,Alarm test issue
INSP000002022,EQ00000668,2021-06-02,Visual,Conditional,Alarm test issue
INSP000002023,EQ00000668,2025-06-11,Functional,Pass,None
INSP000002024,EQ00000668,2024-11-17,Thickness,Pass,Vibration concern
INSP000002025,EQ00000668,2024-04-11,NDT,Pass,None
INSP000002026,EQ00000669,2023-11-24,Visual,Defect Found,Minor corrosion
INSP000002027,EQ00000669,2024-11-16,Functional,Pass,Alarm test issue
INSP000002028,EQ00000670,2025-02-07,Safety Device,Pass,Vibration concern
INSP000002029,EQ00000671,2026-02-19,Functional,Pass,Vibration concern
INSP000002030,EQ00000671,2023-10-11,Thickness,Pass,Alarm test issue
INSP000002031,EQ00000671,2023-09-19,Safety Device,Pass,None
INSP000002032,EQ00000671,2021-04-16,Visual,Defect Found,Alarm test issue
INSP000002033,EQ00000672,2022-10-18,Visual,Pass,None
INSP000002034,EQ00000672,2024-07-22,Functional,Conditional,None
INSP000002035,EQ00000673,2024-01-07,NDT,Pass,Vibration concern
INSP000002036,EQ00000673,2023-02-12,Safety Device,Pass,Minor corrosion
INSP000002037,EQ00000673,2024-05-25,Safety Device,Pass,Leak indication
INSP000002038,EQ00000673,2021-03-11,Electrical,Pass,Minor corrosion
INSP000002039,EQ00000673,2022-06-12,Visual,Defect Found,Leak indication
INSP000002040,EQ00000674,2025-12-06,Functional,Pass,Alarm test issue
INSP000002041,EQ00000674,2024-10-04,Functional,Conditional,None
INSP000002042,EQ00000674,2022-11-14,Functional,Pass,None
INSP000002043,EQ00000674,2023-06-21,Electrical,Pass,Minor corrosion
INSP000002044,EQ00000674,2026-03-30,Electrical,Pass,Leak indication
INSP000002045,EQ00000675,2026-01-27,Functional,Conditional,None
INSP000002046,EQ00000675,2026-05-04,Electrical,Pass,Vibration concern
INSP000002047,EQ00000675,2024-12-10,NDT,Pass,Minor corrosion
INSP000002048,EQ00000676,2026-03-09,Visual,Conditional,Minor corrosion
INSP000002049,EQ00000677,2023-05-16,Electrical,Pass,Vibration concern
INSP000002050,EQ00000678,2025-01-11,Electrical,Pass,Vibration concern
INSP000002051,EQ00000678,2025-05-22,Safety Device,Pass,Minor corrosion
INSP000002052,EQ00000679,2026-08-11,Thickness,Conditional,Alarm test issue
INSP000002053,EQ00000680,2024-01-16,Thickness,Pass,Minor corrosion
INSP000002054,EQ00000680,2021-05-03,Electrical,Conditional,Vibration concern
INSP000002055,EQ00000680,2024-08-08,Electrical,Pass,None
INSP000002056,EQ00000680,2021-11-25,Visual,Conditional,None
INSP000002057,EQ00000681,2026-07-03,Safety Device,Conditional,None
INSP000002058,EQ00000681,2022-11-20,Electrical,Pass,Leak indication
INSP000002059,EQ00000681,2025-03-19,Functional,Pass,None
INSP000002060,EQ00000681,2022-04-10,Safety Device,Pass,Alarm test issue
INSP000002061,EQ00000682,2022-07-31,Electrical,Pass,Minor corrosion
INSP000002062,EQ00000682,2025-03-11,Electrical,Conditional,Alarm test issue
INSP000002063,EQ00000682,2025-09-06,Thickness,Pass,Minor corrosion
INSP000002064,EQ00000682,2021-12-11,Electrical,Pass,Leak indication
INSP000002065,EQ00000683,2026-08-06,Safety Device,Pass,Minor corrosion
INSP000002066,EQ00000683,2022-05-07,Electrical,Pass,Vibration concern
INSP000002067,EQ00000683,2023-12-26,Electrical,Pass,Leak indication
INSP000002068,EQ00000683,2024-01-12,Visual,Conditional,Vibration concern
INSP000002069,EQ00000683,2023-12-07,Functional,Pass,Vibration concern
INSP000002070,EQ00000684,2024-11-11,NDT,Conditional,Alarm test issue
INSP000002071,EQ00000684,2023-07-11,Electrical,Pass,Leak indication
INSP000002072,EQ00000684,2024-11-02,Safety Device,Pass,Leak indication
INSP000002073,EQ00000684,2026-05-31,NDT,Pass,Alarm test issue
INSP000002074,EQ00000684,2025-08-23,NDT,Pass,Minor corrosion
INSP000002075,EQ00000685,2022-08-18,Safety Device,Pass,Minor corrosion
INSP000002076,EQ00000686,2021-10-19,Functional,Conditional,Alarm test issue
INSP000002077,EQ00000687,2025-05-02,Functional,Defect Found,Leak indication
INSP000002078,EQ00000688,2024-04-18,Safety Device,Conditional,Vibration concern
INSP000002079,EQ00000688,2025-12-10,NDT,Pass,None
INSP000002080,EQ00000689,2024-07-26,Functional,Pass,Vibration concern
INSP000002081,EQ00000689,2025-03-15,Functional,Defect Found,Leak indication
INSP000002082,EQ00000689,2026-06-18,Thickness,Pass,None
INSP000002083,EQ00000690,2022-08-12,Thickness,Pass,Minor corrosion
INSP000002084,EQ00000690,2024-08-30,Visual,Pass,Vibration concern
INSP000002085,EQ00000690,2025-02-08,NDT,Pass,Vibration concern
INSP000002086,EQ00000690,2024-12-02,Thickness,Pass,Vibration concern
INSP000002087,EQ00000691,2021-07-12,Safety Device,Conditional,Vibration concern
INSP000002088,EQ00000691,2026-06-22,Functional,Pass,Vibration concern
INSP000002089,EQ00000691,2021-06-11,Visual,Pass,Alarm test issue
INSP000002090,EQ00000691,2024-02-08,Functional,Pass,None
INSP000002091,EQ00000691,2023-09-03,NDT,Pass,Minor corrosion
INSP000002092,EQ00000692,2025-04-08,Electrical,Defect Found,None
INSP000002093,EQ00000693,2022-10-21,Thickness,Conditional,Vibration concern
INSP000002094,EQ00000694,2023-03-27,Visual,Pass,Leak indication
INSP000002095,EQ00000695,2024-12-15,NDT,Pass,Minor corrosion
INSP000002096,EQ00000695,2024-05-01,NDT,Pass,Minor corrosion
INSP000002097,EQ00000695,2025-07-03,NDT,Pass,None
INSP000002098,EQ00000695,2025-08-17,Electrical,Pass,Leak indication
INSP000002099,EQ00000696,2023-11-28,Visual,Conditional,Alarm test issue
INSP000002100,EQ00000697,2026-07-26,Visual,Conditional,None
INSP000002101,EQ00000697,2026-04-04,NDT,Pass,Leak indication
INSP000002102,EQ00000697,2022-06-08,Safety Device,Pass,Alarm test issue
INSP000002103,EQ00000698,2023-11-19,Safety Device,Defect Found,Vibration concern
INSP000002104,EQ00000698,2021-10-26,Visual,Pass,Minor corrosion
INSP000002105,EQ00000698,2023-10-16,Electrical,Defect Found,None
INSP000002106,EQ00000698,2025-04-09,Functional,Pass,Minor corrosion
INSP000002107,EQ00000699,2022-04-09,Visual,Pass,Alarm test issue
INSP000002108,EQ00000699,2023-09-23,NDT,Conditional,Minor corrosion
INSP000002109,EQ00000699,2024-04-29,NDT,Defect Found,Minor corrosion
INSP000002110,EQ00000700,2023-02-23,Safety Device,Pass,None
INSP000002111,EQ00000700,2024-04-04,Electrical,Pass,Alarm test issue
INSP000002112,EQ00000700,2025-08-11,Thickness,Pass,Vibration concern
INSP000002113,EQ00000700,2024-01-21,Functional,Pass,None
INSP000002114,EQ00000700,2025-11-24,Thickness,Defect Found,None
INSP000002115,EQ00000701,2022-09-18,Functional,Conditional,None
INSP000002116,EQ00000701,2023-07-29,Electrical,Pass,Vibration concern
INSP000002117,EQ00000701,2023-12-13,Visual,Conditional,None
INSP000002118,EQ00000701,2023-01-01,Visual,Pass,None
INSP000002119,EQ00000701,2022-11-24,Electrical,Pass,Leak indication
INSP000002120,EQ00000702,2022-09-09,Safety Device,Pass,None
INSP000002121,EQ00000702,2022-04-12,Electrical,Conditional,Minor corrosion
INSP000002122,EQ00000703,2026-06-19,Thickness,Pass,Leak indication
INSP000002123,EQ00000703,2025-08-31,Safety Device,Pass,Alarm test issue
INSP000002124,EQ00000704,2022-07-29,Thickness,Pass,Leak indication
INSP000002125,EQ00000705,2022-12-11,Electrical,Pass,None
INSP000002126,EQ00000705,2021-03-12,Safety Device,Pass,Vibration concern
INSP000002127,EQ00000705,2022-11-20,Visual,Defect Found,Vibration concern
INSP000002128,EQ00000705,2025-10-24,Visual,Pass,Vibration concern
INSP000002129,EQ00000705,2024-08-19,Visual,Pass,None
INSP000002130,EQ00000706,2023-11-13,Electrical,Pass,Vibration concern
INSP000002131,EQ00000707,2021-05-05,Functional,Defect Found,None
INSP000002132,EQ00000707,2025-06-27,NDT,Conditional,Alarm test issue
INSP000002133,EQ00000708,2026-03-12,NDT,Pass,Leak indication
INSP000002134,EQ00000708,2024-02-26,Visual,Conditional,Leak indication
INSP000002135,EQ00000709,2025-01-11,Safety Device,Pass,None
INSP000002136,EQ00000709,2023-05-11,Functional,Conditional,Leak indication
INSP000002137,EQ00000709,2025-04-28,Functional,Defect Found,Minor corrosion
INSP000002138,EQ00000710,2022-12-14,Functional,Pass,Minor corrosion
INSP000002139,EQ00000710,2025-02-18,Electrical,Pass,Vibration concern
INSP000002140,EQ00000710,2023-01-23,NDT,Pass,Vibration concern
INSP000002141,EQ00000710,2026-01-31,Functional,Defect Found,None
INSP000002142,EQ00000711,2023-04-07,Electrical,Conditional,Alarm test issue
INSP000002143,EQ00000711,2021-06-24,NDT,Pass,Minor corrosion
INSP000002144,EQ00000711,2024-02-28,NDT,Pass,Vibration concern
INSP000002145,EQ00000712,2024-07-01,Functional,Defect Found,None
INSP000002146,EQ00000712,2025-03-11,Electrical,Defect Found,Alarm test issue
INSP000002147,EQ00000712,2021-01-03,NDT,Defect Found,Alarm test issue
INSP000002148,EQ00000713,2023-02-08,NDT,Pass,Leak indication
INSP000002149,EQ00000713,2024-01-05,NDT,Pass,None
INSP000002150,EQ00000714,2023-04-20,Safety Device,Defect Found,Vibration concern
INSP000002151,EQ00000714,2026-05-30,Visual,Pass,Minor corrosion
INSP000002152,EQ00000714,2025-01-20,Electrical,Pass,Vibration concern
INSP000002153,EQ00000714,2023-06-19,Electrical,Pass,Vibration concern
INSP000002154,EQ00000715,2024-10-09,Visual,Pass,Leak indication
INSP000002155,EQ00000716,2024-09-16,Electrical,Conditional,Alarm test issue
INSP000002156,EQ00000716,2022-03-15,Safety Device,Pass,Alarm test issue
INSP000002157,EQ00000716,2024-06-18,NDT,Pass,Minor corrosion
INSP000002158,EQ00000716,2023-03-15,NDT,Defect Found,Leak indication
INSP000002159,EQ00000716,2023-10-12,Electrical,Conditional,Alarm test issue
INSP000002160,EQ00000717,2026-04-04,NDT,Pass,Leak indication
INSP000002161,EQ00000718,2025-04-07,Electrical,Pass,Alarm test issue
INSP000002162,EQ00000718,2025-03-03,NDT,Pass,None
INSP000002163,EQ00000719,2026-04-05,Electrical,Pass,Minor corrosion
INSP000002164,EQ00000720,2021-06-25,Visual,Pass,Leak indication
INSP000002165,EQ00000720,2021-07-09,Electrical,Pass,Leak indication
INSP000002166,EQ00000720,2025-09-13,Thickness,Pass,Alarm test issue
INSP000002167,EQ00000720,2021-10-18,Electrical,Conditional,Alarm test issue
INSP000002168,EQ00000721,2022-06-20,Visual,Pass,None
INSP000002169,EQ00000721,2025-06-15,Electrical,Pass,Vibration concern
INSP000002170,EQ00000721,2021-08-31,NDT,Pass,Vibration concern
INSP000002171,EQ00000722,2025-05-31,Safety Device,Defect Found,Alarm test issue
INSP000002172,EQ00000722,2022-09-22,Visual,Pass,Minor corrosion
INSP000002173,EQ00000722,2025-03-14,NDT,Pass,Leak indication
INSP000002174,EQ00000723,2021-09-22,NDT,Defect Found,Leak indication
INSP000002175,EQ00000723,2024-12-31,Functional,Pass,Alarm test issue
INSP000002176,EQ00000723,2022-08-19,Functional,Conditional,None
INSP000002177,EQ00000723,2023-03-16,Functional,Pass,Vibration concern
INSP000002178,EQ00000724,2021-05-29,Visual,Pass,Vibration concern
INSP000002179,EQ00000724,2021-01-08,Safety Device,Pass,Alarm test issue
INSP000002180,EQ00000724,2022-04-18,NDT,Pass,Minor corrosion
INSP000002181,EQ00000724,2025-01-08,Functional,Conditional,Alarm test issue
INSP000002182,EQ00000725,2021-10-19,Electrical,Pass,Vibration concern
INSP000002183,EQ00000725,2023-05-13,NDT,Conditional,None
INSP000002184,EQ00000725,2021-03-31,Thickness,Conditional,Vibration concern
INSP000002185,EQ00000725,2023-02-05,Thickness,Pass,Minor corrosion
INSP000002186,EQ00000726,2026-04-05,NDT,Conditional,Leak indication
INSP000002187,EQ00000726,2021-09-05,Thickness,Defect Found,Minor corrosion
INSP000002188,EQ00000726,2021-10-05,Functional,Pass,None
INSP000002189,EQ00000726,2024-12-07,Visual,Pass,Minor corrosion
INSP000002190,EQ00000727,2024-05-12,NDT,Defect Found,None
INSP000002191,EQ00000727,2026-07-30,NDT,Conditional,Minor corrosion
INSP000002192,EQ00000728,2026-07-18,Safety Device,Pass,Alarm test issue
INSP000002193,EQ00000728,2023-06-09,Electrical,Pass,Leak indication
INSP000002194,EQ00000728,2021-11-20,Safety Device,Pass,Leak indication
INSP000002195,EQ00000728,2021-11-26,Safety Device,Pass,Leak indication
INSP000002196,EQ00000728,2021-02-02,Functional,Pass,None
INSP000002197,EQ00000729,2025-05-10,Functional,Pass,Vibration concern
INSP000002198,EQ00000730,2024-10-21,Functional,Pass,None
INSP000002199,EQ00000730,2026-07-22,Visual,Defect Found,Vibration concern
INSP000002200,EQ00000730,2025-11-22,NDT,Defect Found,Alarm test issue
INSP000002201,EQ00000730,2023-04-19,Thickness,Pass,Leak indication
INSP000002202,EQ00000731,2023-11-06,Electrical,Pass,Alarm test issue
INSP000002203,EQ00000731,2023-01-06,Functional,Pass,Vibration concern
INSP000002204,EQ00000732,2024-11-29,Visual,Pass,Leak indication
INSP000002205,EQ00000732,2023-06-21,Safety Device,Pass,Minor corrosion
INSP000002206,EQ00000732,2024-08-31,Safety Device,Pass,None
INSP000002207,EQ00000732,2026-01-18,Functional,Pass,Minor corrosion
INSP000002208,EQ00000733,2022-08-27,Visual,Defect Found,Alarm test issue
INSP000002209,EQ00000733,2025-10-11,Electrical,Pass,Minor corrosion
INSP000002210,EQ00000734,2026-02-18,Electrical,Defect Found,Leak indication
INSP000002211,EQ00000734,2022-02-09,Safety Device,Pass,Alarm test issue
INSP000002212,EQ00000734,2023-01-15,Visual,Pass,Alarm test issue
INSP000002213,EQ00000734,2023-02-16,NDT,Conditional,Vibration concern
INSP000002214,EQ00000734,2026-05-11,NDT,Pass,None
INSP000002215,EQ00000735,2024-05-01,Thickness,Pass,Vibration concern
INSP000002216,EQ00000735,2022-11-07,Electrical,Pass,None
INSP000002217,EQ00000736,2025-03-29,Functional,Pass,Minor corrosion
INSP000002218,EQ00000736,2024-12-25,Electrical,Conditional,None
INSP000002219,EQ00000736,2021-05-06,Electrical,Pass,Alarm test issue
INSP000002220,EQ00000736,2023-02-14,Thickness,Pass,Alarm test issue
INSP000002221,EQ00000737,2026-07-10,NDT,Pass,Vibration concern
INSP000002222,EQ00000737,2023-12-13,NDT,Defect Found,Vibration concern
INSP000002223,EQ00000737,2023-08-02,Safety Device,Defect Found,Alarm test issue
INSP000002224,EQ00000738,2022-01-05,Safety Device,Pass,Leak indication
INSP000002225,EQ00000738,2026-04-22,Functional,Conditional,Leak indication
INSP000002226,EQ00000738,2023-05-24,Safety Device,Conditional,Minor corrosion
INSP000002227,EQ00000738,2024-10-22,Visual,Pass,None
INSP000002228,EQ00000739,2022-01-20,NDT,Conditional,None
INSP000002229,EQ00000739,2021-09-13,Safety Device,Defect Found,None
INSP000002230,EQ00000740,2023-08-26,NDT,Pass,Minor corrosion
INSP000002231,EQ00000741,2023-01-12,Functional,Pass,None
INSP000002232,EQ00000741,2026-07-25,Visual,Conditional,Minor corrosion
INSP000002233,EQ00000741,2023-09-07,Safety Device,Conditional,Vibration concern
INSP000002234,EQ00000741,2026-03-07,Functional,Pass,Minor corrosion
INSP000002235,EQ00000742,2022-02-12,Electrical,Pass,Vibration concern
INSP000002236,EQ00000743,2023-08-20,Functional,Defect Found,Minor corrosion
INSP000002237,EQ00000743,2026-03-05,Functional,Pass,Leak indication
INSP000002238,EQ00000744,2025-06-09,NDT,Pass,Leak indication
INSP000002239,EQ00000744,2023-07-19,Functional,Pass,Minor corrosion
INSP000002240,EQ00000744,2024-07-02,Electrical,Pass,Leak indication
INSP000002241,EQ00000745,2022-05-22,Functional,Pass,None
INSP000002242,EQ00000745,2021-10-11,Functional,Defect Found,None
INSP000002243,EQ00000746,2023-08-12,Electrical,Pass,Alarm test issue
INSP000002244,EQ00000747,2024-10-06,Thickness,Pass,Vibration concern
INSP000002245,EQ00000747,2025-01-16,NDT,Defect Found,Vibration concern
INSP000002246,EQ00000747,2024-02-22,Functional,Pass,Vibration concern
INSP000002247,EQ00000747,2024-03-15,Electrical,Pass,Alarm test issue
INSP000002248,EQ00000747,2025-01-10,Safety Device,Pass,Vibration concern
INSP000002249,EQ00000748,2024-04-27,Functional,Pass,Minor corrosion
INSP000002250,EQ00000748,2023-04-01,Visual,Pass,Vibration concern
INSP000002251,EQ00000748,2021-09-30,Safety Device,Pass,None
INSP000002252,EQ00000748,2021-04-06,Thickness,Conditional,Alarm test issue
INSP000002253,EQ00000749,2025-11-25,Safety Device,Pass,Leak indication
INSP000002254,EQ00000749,2026-03-30,NDT,Conditional,Vibration concern
INSP000002255,EQ00000750,2021-02-21,Electrical,Pass,None
INSP000002256,EQ00000751,2023-12-19,NDT,Pass,Vibration concern
INSP000002257,EQ00000751,2022-01-12,Electrical,Conditional,Vibration concern
INSP000002258,EQ00000751,2025-10-22,Thickness,Defect Found,Alarm test issue
INSP000002259,EQ00000752,2021-11-19,Electrical,Conditional,Alarm test issue
INSP000002260,EQ00000752,2022-06-09,Safety Device,Pass,Vibration concern
INSP000002261,EQ00000752,2024-10-17,Thickness,Defect Found,Vibration concern
INSP000002262,EQ00000753,2024-02-09,Safety Device,Pass,Minor corrosion
INSP000002263,EQ00000753,2023-05-07,Visual,Defect Found,Minor corrosion
INSP000002264,EQ00000753,2022-07-26,Visual,Pass,Leak indication
INSP000002265,EQ00000754,2021-02-04,Visual,Pass,Vibration concern
INSP000002266,EQ00000754,2021-05-15,Visual,Pass,None
INSP000002267,EQ00000754,2021-03-27,Visual,Pass,Minor corrosion
INSP000002268,EQ00000754,2022-02-19,NDT,Conditional,Vibration concern
INSP000002269,EQ00000755,2025-03-27,Thickness,Pass,Vibration concern
INSP000002270,EQ00000755,2023-08-12,Visual,Pass,None
INSP000002271,EQ00000756,2026-08-25,NDT,Pass,Minor corrosion
INSP000002272,EQ00000756,2023-04-13,Electrical,Pass,Leak indication
INSP000002273,EQ00000756,2024-01-07,Electrical,Conditional,None
INSP000002274,EQ00000757,2021-02-05,Functional,Pass,Vibration concern
INSP000002275,EQ00000757,2021-09-25,Functional,Pass,Leak indication
INSP000002276,EQ00000757,2022-06-02,Safety Device,Pass,Leak indication
INSP000002277,EQ00000757,2024-02-15,Safety Device,Conditional,Leak indication
INSP000002278,EQ00000757,2022-05-12,Visual,Pass,None
INSP000002279,EQ00000758,2025-10-26,Electrical,Pass,None
INSP000002280,EQ00000758,2025-12-13,Electrical,Defect Found,Minor corrosion
INSP000002281,EQ00000758,2021-12-29,NDT,Conditional,None
INSP000002282,EQ00000758,2024-06-01,Safety Device,Defect Found,Vibration concern
INSP000002283,EQ00000759,2023-02-08,Safety Device,Pass,Vibration concern
INSP000002284,EQ00000759,2022-02-17,Safety Device,Defect Found,None
INSP000002285,EQ00000760,2024-01-17,Electrical,Pass,Leak indication
INSP000002286,EQ00000760,2023-11-17,Functional,Pass,Leak indication
INSP000002287,EQ00000760,2026-04-02,Electrical,Pass,Vibration concern
INSP000002288,EQ00000760,2025-01-10,Safety Device,Pass,Minor corrosion
INSP000002289,EQ00000761,2024-09-18,Electrical,Pass,None
INSP000002290,EQ00000761,2023-09-28,Functional,Pass,Vibration concern
INSP000002291,EQ00000761,2024-02-02,Visual,Defect Found,Alarm test issue
INSP000002292,EQ00000761,2023-09-21,Electrical,Conditional,Leak indication
INSP000002293,EQ00000761,2026-04-25,Electrical,Pass,Minor corrosion
INSP000002294,EQ00000762,2021-11-27,Thickness,Pass,Alarm test issue
INSP000002295,EQ00000762,2024-10-01,Electrical,Pass,None
INSP000002296,EQ00000762,2024-01-13,Functional,Conditional,Alarm test issue
INSP000002297,EQ00000763,2026-02-08,Thickness,Pass,Leak indication
INSP000002298,EQ00000763,2026-04-21,Thickness,Pass,Minor corrosion
INSP000002299,EQ00000763,2024-09-19,Visual,Pass,Leak indication
INSP000002300,EQ00000763,2024-06-30,NDT,Pass,None
INSP000002301,EQ00000763,2025-06-03,Safety Device,Pass,Leak indication
INSP000002302,EQ00000764,2026-06-10,Visual,Pass,None
INSP000002303,EQ00000764,2024-05-24,NDT,Conditional,Vibration concern
INSP000002304,EQ00000765,2026-07-31,Thickness,Pass,Vibration concern
INSP000002305,EQ00000765,2026-07-15,Functional,Pass,Alarm test issue
INSP000002306,EQ00000765,2025-09-10,Electrical,Pass,Minor corrosion
INSP000002307,EQ00000765,2023-07-27,Thickness,Conditional,Leak indication
INSP000002308,EQ00000765,2024-12-31,NDT,Pass,Leak indication
INSP000002309,EQ00000766,2026-02-11,Safety Device,Conditional,None
INSP000002310,EQ00000766,2025-09-27,NDT,Pass,Vibration concern
INSP000002311,EQ00000766,2021-01-14,Functional,Pass,Vibration concern
INSP000002312,EQ00000767,2022-04-25,NDT,Pass,Leak indication
INSP000002313,EQ00000767,2021-01-21,Functional,Pass,Leak indication
INSP000002314,EQ00000768,2025-06-01,Thickness,Pass,Leak indication
INSP000002315,EQ00000768,2022-09-25,Electrical,Conditional,Minor corrosion
INSP000002316,EQ00000768,2024-05-21,Functional,Pass,None
INSP000002317,EQ00000769,2022-09-08,NDT,Pass,Leak indication
INSP000002318,EQ00000769,2025-09-14,NDT,Pass,Alarm test issue
INSP000002319,EQ00000769,2021-07-12,Visual,Pass,Leak indication
INSP000002320,EQ00000770,2023-09-10,NDT,Pass,None
INSP000002321,EQ00000770,2026-06-12,Thickness,Pass,Minor corrosion
INSP000002322,EQ00000771,2021-10-19,Visual,Pass,Alarm test issue
INSP000002323,EQ00000771,2026-03-23,Functional,Pass,Minor corrosion
INSP000002324,EQ00000771,2022-08-30,Functional,Pass,Minor corrosion
INSP000002325,EQ00000772,2023-09-10,Safety Device,Defect Found,None
INSP000002326,EQ00000772,2022-01-25,NDT,Conditional,Alarm test issue
INSP000002327,EQ00000772,2021-02-12,Electrical,Conditional,Vibration concern
INSP000002328,EQ00000772,2023-09-16,Functional,Pass,Minor corrosion
INSP000002329,EQ00000772,2022-07-02,Visual,Conditional,Minor corrosion
INSP000002330,EQ00000773,2021-01-08,Functional,Conditional,Leak indication
INSP000002331,EQ00000773,2024-11-19,NDT,Pass,Alarm test issue
INSP000002332,EQ00000774,2022-10-25,Safety Device,Pass,None
INSP000002333,EQ00000774,2024-03-31,NDT,Conditional,Vibration concern
INSP000002334,EQ00000774,2023-11-17,Functional,Pass,Vibration concern
INSP000002335,EQ00000775,2024-11-29,Safety Device,Conditional,Leak indication
INSP000002336,EQ00000775,2022-06-15,Thickness,Conditional,Alarm test issue
INSP000002337,EQ00000775,2026-02-01,Electrical,Defect Found,Minor corrosion
INSP000002338,EQ00000775,2026-01-09,Electrical,Pass,Leak indication
INSP000002339,EQ00000776,2025-02-08,Functional,Pass,None
INSP000002340,EQ00000776,2024-01-29,Thickness,Pass,Leak indication
INSP000002341,EQ00000776,2022-06-11,Electrical,Pass,Minor corrosion
INSP000002342,EQ00000776,2023-03-07,Thickness,Pass,Minor corrosion
INSP000002343,EQ00000777,2024-03-20,NDT,Pass,Minor corrosion
INSP000002344,EQ00000777,2022-07-15,Functional,Pass,Minor corrosion
INSP000002345,EQ00000777,2024-08-04,Visual,Conditional,None
INSP000002346,EQ00000777,2025-11-14,Electrical,Pass,Minor corrosion
INSP000002347,EQ00000777,2021-11-01,Thickness,Conditional,None
INSP000002348,EQ00000778,2025-11-01,Safety Device,Pass,Minor corrosion
INSP000002349,EQ00000778,2026-03-15,Thickness,Conditional,Minor corrosion
INSP000002350,EQ00000778,2021-09-23,Functional,Pass,Leak indication
INSP000002351,EQ00000778,2025-03-26,Thickness,Defect Found,Leak indication
INSP000002352,EQ00000778,2024-07-08,NDT,Pass,Vibration concern
INSP000002353,EQ00000779,2024-05-11,Electrical,Defect Found,Minor corrosion
INSP000002354,EQ00000780,2025-04-22,Functional,Pass,Minor corrosion
INSP000002355,EQ00000780,2023-09-08,Electrical,Defect Found,Minor corrosion
INSP000002356,EQ00000780,2026-08-25,NDT,Pass,None
INSP000002357,EQ00000781,2023-12-15,Thickness,Pass,None
INSP000002358,EQ00000781,2025-07-10,Electrical,Pass,None
INSP000002359,EQ00000781,2024-04-03,Visual,Pass,Leak indication
INSP000002360,EQ00000781,2022-06-12,Safety Device,Defect Found,Alarm test issue
INSP000002361,EQ00000781,2021-05-17,Safety Device,Pass,Alarm test issue
INSP000002362,EQ00000782,2023-01-26,Electrical,Pass,Alarm test issue
INSP000002363,EQ00000782,2024-01-28,Electrical,Pass,Minor corrosion
INSP000002364,EQ00000783,2025-03-12,Functional,Pass,Alarm test issue
INSP000002365,EQ00000783,2023-05-29,Visual,Pass,None
INSP000002366,EQ00000784,2026-04-30,Thickness,Pass,Alarm test issue
INSP000002367,EQ00000784,2025-11-23,Visual,Pass,Alarm test issue
INSP000002368,EQ00000785,2022-10-12,NDT,Pass,Vibration concern
INSP000002369,EQ00000785,2022-05-10,Safety Device,Defect Found,Vibration concern
INSP000002370,EQ00000785,2024-10-28,Thickness,Defect Found,Vibration concern
INSP000002371,EQ00000785,2023-01-19,Thickness,Pass,Alarm test issue
INSP000002372,EQ00000785,2026-05-21,Visual,Pass,Leak indication
INSP000002373,EQ00000786,2025-01-22,Electrical,Conditional,Vibration concern
INSP000002374,EQ00000786,2021-12-22,Electrical,Conditional,Leak indication
INSP000002375,EQ00000787,2022-11-15,Visual,Defect Found,None
INSP000002376,EQ00000787,2025-09-12,Thickness,Pass,Minor corrosion
INSP000002377,EQ00000787,2025-03-06,Functional,Pass,Vibration concern
INSP000002378,EQ00000787,2022-09-17,Functional,Pass,None
INSP000002379,EQ00000787,2025-03-11,Electrical,Pass,Alarm test issue
INSP000002380,EQ00000788,2025-07-11,Safety Device,Conditional,Alarm test issue
INSP000002381,EQ00000788,2023-02-17,Thickness,Pass,Leak indication
INSP000002382,EQ00000788,2022-12-26,Visual,Pass,Leak indication
INSP000002383,EQ00000788,2023-03-26,Thickness,Conditional,Leak indication
INSP000002384,EQ00000788,2022-05-21,Functional,Pass,Leak indication
INSP000002385,EQ00000789,2021-03-27,NDT,Pass,Vibration concern
INSP000002386,EQ00000789,2024-05-28,Thickness,Pass,Alarm test issue
INSP000002387,EQ00000789,2021-06-28,NDT,Conditional,None
INSP000002388,EQ00000789,2024-01-24,Safety Device,Pass,None
INSP000002389,EQ00000790,2022-10-13,Functional,Pass,Leak indication
INSP000002390,EQ00000790,2022-11-14,Functional,Conditional,Vibration concern
INSP000002391,EQ00000791,2021-05-17,Functional,Pass,Vibration concern
INSP000002392,EQ00000791,2024-02-01,Functional,Defect Found,Vibration concern
INSP000002393,EQ00000792,2024-10-26,Electrical,Pass,Alarm test issue
INSP000002394,EQ00000792,2025-02-08,Electrical,Conditional,Vibration concern
INSP000002395,EQ00000792,2025-12-24,Thickness,Pass,Minor corrosion
INSP000002396,EQ00000792,2025-02-28,Safety Device,Defect Found,Vibration concern
INSP000002397,EQ00000793,2025-05-06,Safety Device,Pass,Minor corrosion
INSP000002398,EQ00000793,2023-03-26,Functional,Defect Found,Vibration concern
INSP000002399,EQ00000793,2022-03-21,Functional,Pass,Vibration concern
INSP000002400,EQ00000793,2021-11-12,Thickness,Pass,Vibration concern
INSP000002401,EQ00000793,2023-08-18,NDT,Defect Found,Vibration concern
INSP000002402,EQ00000794,2024-03-01,Safety Device,Defect Found,Leak indication
INSP000002403,EQ00000794,2025-01-18,NDT,Defect Found,Vibration concern
INSP000002404,EQ00000794,2025-06-25,Functional,Conditional,None
INSP000002405,EQ00000795,2022-04-15,NDT,Pass,Leak indication
INSP000002406,EQ00000795,2025-12-21,Safety Device,Defect Found,Leak indication
INSP000002407,EQ00000796,2023-04-22,Safety Device,Pass,Leak indication
INSP000002408,EQ00000796,2023-08-28,Visual,Pass,Alarm test issue
INSP000002409,EQ00000796,2022-04-01,Safety Device,Conditional,Vibration concern
INSP000002410,EQ00000796,2021-10-29,Visual,Conditional,Alarm test issue
INSP000002411,EQ00000797,2023-04-07,Thickness,Conditional,Vibration concern
INSP000002412,EQ00000797,2026-05-31,Visual,Conditional,Leak indication
INSP000002413,EQ00000798,2022-09-28,Electrical,Pass,Alarm test issue
INSP000002414,EQ00000798,2024-12-01,Thickness,Conditional,Minor corrosion
INSP000002415,EQ00000798,2026-01-23,Thickness,Pass,Leak indication
INSP000002416,EQ00000798,2025-07-08,Safety Device,Defect Found,Vibration concern
INSP000002417,EQ00000799,2026-01-02,Thickness,Pass,None
INSP000002418,EQ00000800,2022-09-21,Safety Device,Pass,Alarm test issue
INSP000002419,EQ00000801,2026-01-21,Safety Device,Conditional,Leak indication
INSP000002420,EQ00000801,2026-01-29,NDT,Pass,None
INSP000002421,EQ00000802,2021-01-20,Thickness,Pass,Minor corrosion
INSP000002422,EQ00000802,2022-08-27,Visual,Pass,Minor corrosion
INSP000002423,EQ00000802,2023-07-23,Visual,Pass,Minor corrosion
INSP000002424,EQ00000802,2022-08-13,NDT,Pass,Alarm test issue
INSP000002425,EQ00000803,2024-02-14,Thickness,Pass,Leak indication
INSP000002426,EQ00000804,2022-04-03,Visual,Defect Found,Alarm test issue
INSP000002427,EQ00000804,2024-06-29,Functional,Defect Found,None
INSP000002428,EQ00000805,2021-08-17,Safety Device,Pass,Vibration concern
INSP000002429,EQ00000805,2023-11-03,Functional,Conditional,Leak indication
INSP000002430,EQ00000806,2022-05-05,Functional,Pass,Leak indication
INSP000002431,EQ00000807,2026-02-23,NDT,Defect Found,Alarm test issue
INSP000002432,EQ00000807,2025-02-14,Functional,Pass,None
INSP000002433,EQ00000807,2022-10-10,Thickness,Pass,None
INSP000002434,EQ00000807,2022-09-29,Visual,Pass,Minor corrosion
INSP000002435,EQ00000807,2024-04-26,Visual,Pass,Minor corrosion
INSP000002436,EQ00000808,2024-12-09,NDT,Pass,None
INSP000002437,EQ00000808,2025-04-16,Safety Device,Pass,Alarm test issue
INSP000002438,EQ00000809,2024-11-10,Electrical,Pass,Vibration concern
INSP000002439,EQ00000809,2025-01-23,Electrical,Pass,None
INSP000002440,EQ00000809,2025-02-17,Visual,Conditional,Leak indication
INSP000002441,EQ00000809,2026-04-25,Thickness,Pass,Vibration concern
INSP000002442,EQ00000809,2021-04-21,Electrical,Pass,Leak indication
INSP000002443,EQ00000810,2023-01-10,Functional,Pass,Leak indication
INSP000002444,EQ00000810,2023-05-08,Safety Device,Conditional,Vibration concern
INSP000002445,EQ00000810,2026-02-22,Visual,Pass,Alarm test issue
INSP000002446,EQ00000810,2026-03-20,Functional,Defect Found,None
INSP000002447,EQ00000810,2025-03-30,NDT,Pass,Leak indication
INSP000002448,EQ00000811,2022-11-16,Thickness,Pass,Alarm test issue
INSP000002449,EQ00000811,2022-06-15,Visual,Pass,None
INSP000002450,EQ00000812,2023-10-02,NDT,Defect Found,Alarm test issue
INSP000002451,EQ00000812,2022-03-22,Functional,Pass,Vibration concern
INSP000002452,EQ00000812,2025-04-25,Safety Device,Conditional,Alarm test issue
INSP000002453,EQ00000812,2025-12-21,Functional,Defect Found,Vibration concern
INSP000002454,EQ00000813,2022-12-29,Thickness,Defect Found,Minor corrosion
INSP000002455,EQ00000813,2026-05-25,Electrical,Defect Found,Minor corrosion
INSP000002456,EQ00000813,2022-07-15,Safety Device,Pass,Minor corrosion
INSP000002457,EQ00000814,2021-09-25,Safety Device,Defect Found,Alarm test issue
INSP000002458,EQ00000814,2023-10-08,Visual,Conditional,None
INSP000002459,EQ00000814,2026-08-18,Safety Device,Defect Found,Minor corrosion
INSP000002460,EQ00000814,2025-08-14,Functional,Pass,Vibration concern
INSP000002461,EQ00000815,2022-01-30,NDT,Pass,Vibration concern
INSP000002462,EQ00000815,2025-09-11,Thickness,Pass,Leak indication
INSP000002463,EQ00000815,2023-01-07,Safety Device,Pass,Vibration concern
INSP000002464,EQ00000815,2026-03-01,Visual,Pass,Alarm test issue
INSP000002465,EQ00000815,2023-12-13,Electrical,Pass,Leak indication
INSP000002466,EQ00000816,2025-01-07,Visual,Pass,Vibration concern
INSP000002467,EQ00000816,2024-12-02,Thickness,Pass,None
INSP000002468,EQ00000816,2023-05-11,Functional,Pass,Leak indication
INSP000002469,EQ00000817,2023-10-02,Safety Device,Defect Found,Minor corrosion
INSP000002470,EQ00000818,2021-03-03,Safety Device,Defect Found,Minor corrosion
INSP000002471,EQ00000818,2025-08-01,NDT,Conditional,Minor corrosion
INSP000002472,EQ00000819,2021-05-03,Thickness,Pass,None
INSP000002473,EQ00000819,2025-09-01,Thickness,Pass,None
INSP000002474,EQ00000820,2021-05-06,Electrical,Pass,Alarm test issue
INSP000002475,EQ00000821,2022-04-06,Safety Device,Pass,Vibration concern
INSP000002476,EQ00000821,2022-10-06,Functional,Pass,Alarm test issue
INSP000002477,EQ00000821,2023-03-22,Safety Device,Pass,Leak indication
INSP000002478,EQ00000821,2024-07-17,Thickness,Pass,Vibration concern
INSP000002479,EQ00000821,2023-05-08,Thickness,Pass,None
INSP000002480,EQ00000822,2025-01-26,NDT,Pass,Minor corrosion
INSP000002481,EQ00000823,2022-10-07,Safety Device,Defect Found,Vibration concern
INSP000002482,EQ00000823,2026-08-20,Safety Device,Pass,Leak indication
INSP000002483,EQ00000823,2026-01-21,Thickness,Pass,Leak indication
INSP000002484,EQ00000823,2023-08-21,Visual,Conditional,Minor corrosion
INSP000002485,EQ00000824,2025-02-08,NDT,Pass,Minor corrosion
INSP000002486,EQ00000825,2023-11-29,Safety Device,Defect Found,Alarm test issue
INSP000002487,EQ00000825,2023-07-10,Visual,Pass,Vibration concern
INSP000002488,EQ00000825,2025-02-28,Safety Device,Pass,Minor corrosion
INSP000002489,EQ00000826,2021-03-02,Thickness,Pass,Minor corrosion
INSP000002490,EQ00000826,2024-09-19,Functional,Pass,None
INSP000002491,EQ00000826,2021-01-02,Safety Device,Pass,None
INSP000002492,EQ00000826,2022-11-15,NDT,Defect Found,Vibration concern
INSP000002493,EQ00000827,2026-02-11,Thickness,Pass,Vibration concern
INSP000002494,EQ00000827,2022-11-04,Visual,Pass,Minor corrosion
INSP000002495,EQ00000827,2022-11-17,Safety Device,Defect Found,Vibration concern
INSP000002496,EQ00000827,2023-01-11,Safety Device,Conditional,Leak indication
INSP000002497,EQ00000827,2021-07-29,Electrical,Pass,None
INSP000002498,EQ00000828,2022-08-07,Functional,Pass,Alarm test issue
INSP000002499,EQ00000828,2021-06-07,Electrical,Pass,Minor corrosion
INSP000002500,EQ00000828,2021-08-10,Thickness,Pass,Leak indication
INSP000002501,EQ00000828,2021-04-11,Functional,Pass,None
INSP000002502,EQ00000828,2024-03-26,Functional,Pass,None
INSP000002503,EQ00000829,2021-12-12,Safety Device,Pass,Leak indication
INSP000002504,EQ00000829,2026-04-10,Visual,Pass,Vibration concern
INSP000002505,EQ00000829,2024-03-14,Functional,Defect Found,Minor corrosion
INSP000002506,EQ00000829,2023-05-22,NDT,Defect Found,Vibration concern
INSP000002507,EQ00000830,2024-03-17,Thickness,Pass,Leak indication
INSP000002508,EQ00000830,2023-03-28,Safety Device,Pass,None
INSP000002509,EQ00000830,2025-04-11,Electrical,Conditional,Vibration concern
INSP000002510,EQ00000830,2025-01-24,Functional,Defect Found,Minor corrosion
INSP000002511,EQ00000831,2023-02-10,Electrical,Pass,Minor corrosion
INSP000002512,EQ00000831,2021-12-12,Safety Device,Pass,None
INSP000002513,EQ00000831,2023-12-30,Thickness,Conditional,Leak indication
INSP000002514,EQ00000832,2025-07-23,Visual,Pass,Leak indication
INSP000002515,EQ00000832,2024-08-07,Functional,Pass,Alarm test issue
INSP000002516,EQ00000832,2021-07-16,Electrical,Pass,Leak indication
INSP000002517,EQ00000832,2023-05-29,Safety Device,Defect Found,Vibration concern
INSP000002518,EQ00000832,2025-01-05,Electrical,Pass,None
INSP000002519,EQ00000833,2025-07-09,Visual,Defect Found,Leak indication
INSP000002520,EQ00000834,2026-04-22,Functional,Conditional,Alarm test issue
INSP000002521,EQ00000834,2022-10-20,Visual,Pass,None
INSP000002522,EQ00000834,2021-11-27,Safety Device,Conditional,None
INSP000002523,EQ00000834,2021-10-07,Safety Device,Pass,None
INSP000002524,EQ00000835,2026-02-20,Functional,Defect Found,Minor corrosion
INSP000002525,EQ00000836,2022-03-18,Thickness,Conditional,Alarm test issue
INSP000002526,EQ00000837,2021-07-05,Visual,Pass,Vibration concern
INSP000002527,EQ00000837,2023-04-07,Electrical,Pass,Minor corrosion
INSP000002528,EQ00000837,2026-06-15,NDT,Defect Found,Minor corrosion
INSP000002529,EQ00000837,2023-08-10,Thickness,Conditional,Vibration concern
INSP000002530,EQ00000838,2023-06-18,NDT,Defect Found,None
INSP000002531,EQ00000838,2021-05-07,Electrical,Pass,Minor corrosion
INSP000002532,EQ00000838,2024-10-07,Functional,Conditional,Alarm test issue
INSP000002533,EQ00000838,2024-12-24,Safety Device,Pass,Minor corrosion
INSP000002534,EQ00000839,2025-12-06,Visual,Pass,Vibration concern
INSP000002535,EQ00000839,2023-07-11,NDT,Pass,None
INSP000002536,EQ00000840,2021-10-17,Electrical,Pass,Alarm test issue
INSP000002537,EQ00000841,2026-05-09,NDT,Defect Found,Minor corrosion
INSP000002538,EQ00000842,2023-05-11,Functional,Pass,Leak indication
INSP000002539,EQ00000842,2021-03-18,Thickness,Defect Found,None
INSP000002540,EQ00000842,2025-12-18,Safety Device,Pass,Alarm test issue
INSP000002541,EQ00000843,2021-11-24,Safety Device,Pass,Vibration concern
INSP000002542,EQ00000843,2024-06-09,Safety Device,Pass,None
INSP000002543,EQ00000844,2025-07-04,Safety Device,Pass,Vibration concern
INSP000002544,EQ00000844,2024-02-08,Functional,Pass,Leak indication
INSP000002545,EQ00000844,2023-09-28,Visual,Defect Found,Alarm test issue
INSP000002546,EQ00000845,2022-06-11,Electrical,Conditional,Minor corrosion
INSP000002547,EQ00000845,2022-12-25,NDT,Defect Found,Vibration concern
INSP000002548,EQ00000845,2021-06-30,Visual,Pass,Minor corrosion
INSP000002549,EQ00000846,2021-05-06,Functional,Defect Found,None
INSP000002550,EQ00000846,2021-06-09,NDT,Pass,Minor corrosion
INSP000002551,EQ00000847,2024-04-05,Functional,Defect Found,None
INSP000002552,EQ00000847,2023-04-18,Electrical,Pass,Leak indication
INSP000002553,EQ00000847,2022-08-08,Electrical,Pass,Minor corrosion
INSP000002554,EQ00000847,2024-04-15,Visual,Pass,Alarm test issue
INSP000002555,EQ00000848,2021-07-28,NDT,Pass,Vibration concern
INSP000002556,EQ00000848,2023-03-04,NDT,Defect Found,Vibration concern
INSP000002557,EQ00000848,2021-02-22,NDT,Pass,None
INSP000002558,EQ00000849,2026-08-21,Functional,Pass,Vibration concern
INSP000002559,EQ00000849,2022-04-11,Visual,Conditional,None
INSP000002560,EQ00000850,2023-08-13,NDT,Pass,None
INSP000002561,EQ00000850,2026-01-21,Thickness,Pass,Minor corrosion
INSP000002562,EQ00000851,2025-01-20,Electrical,Pass,Vibration concern
INSP000002563,EQ00000851,2024-03-31,NDT,Pass,Alarm test issue
INSP000002564,EQ00000851,2022-11-18,Safety Device,Pass,Leak indication
INSP000002565,EQ00000852,2021-10-10,Electrical,Pass,Alarm test issue
INSP000002566,EQ00000852,2022-07-02,Functional,Pass,Vibration concern
INSP000002567,EQ00000852,2025-05-11,NDT,Pass,Alarm test issue
INSP000002568,EQ00000852,2025-12-28,Visual,Pass,Minor corrosion
INSP000002569,EQ00000852,2024-06-29,Safety Device,Pass,None
INSP000002570,EQ00000853,2021-03-23,Electrical,Conditional,Vibration concern
INSP000002571,EQ00000853,2023-11-24,Electrical,Pass,Leak indication
INSP000002572,EQ00000854,2021-03-12,Safety Device,Pass,Vibration concern
INSP000002573,EQ00000854,2023-01-28,Electrical,Defect Found,Vibration concern
INSP000002574,EQ00000854,2023-07-03,Visual,Pass,Leak indication
INSP000002575,EQ00000854,2025-03-25,NDT,Pass,Minor corrosion
INSP000002576,EQ00000855,2021-10-11,Electrical,Pass,None
INSP000002577,EQ00000855,2022-01-21,NDT,Defect Found,Vibration concern
INSP000002578,EQ00000855,2025-10-21,Thickness,Pass,Vibration concern
INSP000002579,EQ00000855,2023-04-07,Visual,Defect Found,Alarm test issue
INSP000002580,EQ00000855,2024-11-23,Functional,Conditional,Alarm test issue
INSP000002581,EQ00000856,2022-06-26,NDT,Pass,Leak indication
INSP000002582,EQ00000856,2023-03-05,Functional,Pass,Minor corrosion
INSP000002583,EQ00000857,2023-08-23,NDT,Defect Found,Leak indication
INSP000002584,EQ00000857,2025-08-14,NDT,Pass,Minor corrosion
INSP000002585,EQ00000857,2025-11-11,Visual,Pass,Minor corrosion
INSP000002586,EQ00000857,2023-07-20,Functional,Pass,Minor corrosion
INSP000002587,EQ00000857,2024-03-22,Functional,Conditional,Leak indication
INSP000002588,EQ00000858,2025-09-18,Functional,Conditional,Minor corrosion
INSP000002589,EQ00000858,2023-02-01,NDT,Defect Found,Alarm test issue
INSP000002590,EQ00000858,2026-04-05,Electrical,Defect Found,Leak indication
INSP000002591,EQ00000859,2026-06-19,Thickness,Pass,Minor corrosion
INSP000002592,EQ00000860,2023-01-02,NDT,Pass,Vibration concern
INSP000002593,EQ00000860,2021-01-30,Thickness,Pass,None
INSP000002594,EQ00000860,2026-06-05,Electrical,Conditional,Vibration concern
INSP000002595,EQ00000860,2026-03-09,Visual,Defect Found,Minor corrosion
INSP000002596,EQ00000861,2026-07-28,Electrical,Pass,Minor corrosion
INSP000002597,EQ00000861,2023-11-26,Safety Device,Pass,None
INSP000002598,EQ00000861,2025-06-30,Functional,Pass,None
INSP000002599,EQ00000862,2025-12-23,Thickness,Conditional,None
INSP000002600,EQ00000862,2025-03-24,Safety Device,Pass,Leak indication
INSP000002601,EQ00000863,2025-05-13,NDT,Conditional,Leak indication
INSP000002602,EQ00000864,2026-03-11,Safety Device,Pass,Vibration concern
INSP000002603,EQ00000865,2023-09-18,Functional,Pass,Vibration concern
INSP000002604,EQ00000866,2024-02-08,Electrical,Defect Found,Leak indication
INSP000002605,EQ00000866,2024-02-28,Functional,Conditional,Vibration concern
INSP000002606,EQ00000866,2024-02-01,Functional,Pass,None
INSP000002607,EQ00000866,2026-01-24,Electrical,Pass,None
INSP000002608,EQ00000866,2024-04-18,Thickness,Pass,Leak indication
INSP000002609,EQ00000867,2022-08-06,Safety Device,Pass,Leak indication
INSP000002610,EQ00000868,2021-05-19,Functional,Pass,None
INSP000002611,EQ00000868,2023-10-20,Visual,Conditional,Leak indication
INSP000002612,EQ00000868,2025-05-09,Functional,Pass,Alarm test issue
INSP000002613,EQ00000868,2022-07-09,NDT,Pass,Vibration concern
INSP000002614,EQ00000868,2023-05-11,Functional,Pass,Alarm test issue
INSP000002615,EQ00000869,2021-03-12,Thickness,Defect Found,Minor corrosion
INSP000002616,EQ00000870,2023-10-09,Safety Device,Defect Found,Alarm test issue
INSP000002617,EQ00000870,2024-01-29,Safety Device,Pass,Minor corrosion
INSP000002618,EQ00000870,2024-02-24,Functional,Defect Found,Vibration concern
INSP000002619,EQ00000871,2023-01-15,NDT,Conditional,Vibration concern
INSP000002620,EQ00000871,2022-06-12,Electrical,Pass,None
INSP000002621,EQ00000871,2022-09-09,Electrical,Pass,Minor corrosion
INSP000002622,EQ00000871,2026-07-27,Electrical,Pass,Minor corrosion
INSP000002623,EQ00000872,2021-10-19,NDT,Pass,Leak indication
INSP000002624,EQ00000873,2024-08-20,Safety Device,Pass,Leak indication
INSP000002625,EQ00000873,2022-07-31,Functional,Defect Found,Alarm test issue
INSP000002626,EQ00000873,2024-12-14,Safety Device,Pass,Leak indication
INSP000002627,EQ00000873,2022-05-29,NDT,Pass,Alarm test issue
INSP000002628,EQ00000874,2023-02-04,Functional,Pass,Leak indication
INSP000002629,EQ00000874,2022-10-23,Functional,Pass,Minor corrosion
INSP000002630,EQ00000874,2023-10-06,Thickness,Pass,Alarm test issue
INSP000002631,EQ00000874,2025-08-17,NDT,Pass,Minor corrosion
INSP000002632,EQ00000874,2023-01-20,NDT,Pass,Vibration concern
INSP000002633,EQ00000875,2024-09-17,Thickness,Pass,Minor corrosion
INSP000002634,EQ00000875,2022-11-11,Electrical,Pass,Alarm test issue
INSP000002635,EQ00000875,2023-12-28,NDT,Pass,Alarm test issue
INSP000002636,EQ00000876,2022-01-22,Safety Device,Pass,None
INSP000002637,EQ00000876,2023-10-27,Thickness,Conditional,Leak indication
INSP000002638,EQ00000876,2024-05-21,Safety Device,Conditional,Vibration concern
INSP000002639,EQ00000876,2026-02-11,Thickness,Pass,Minor corrosion
INSP000002640,EQ00000877,2022-02-06,NDT,Pass,Minor corrosion
INSP000002641,EQ00000877,2021-01-19,NDT,Defect Found,None
INSP000002642,EQ00000877,2022-10-24,Safety Device,Pass,Minor corrosion
INSP000002643,EQ00000877,2023-05-10,Functional,Pass,Alarm test issue
INSP000002644,EQ00000878,2021-02-05,Thickness,Pass,Minor corrosion
INSP000002645,EQ00000879,2022-06-21,NDT,Pass,Alarm test issue
INSP000002646,EQ00000879,2026-05-26,Safety Device,Defect Found,Alarm test issue
INSP000002647,EQ00000879,2021-01-22,Visual,Pass,Alarm test issue
INSP000002648,EQ00000880,2026-05-16,Safety Device,Pass,None
INSP000002649,EQ00000880,2023-02-18,Visual,Pass,Leak indication
INSP000002650,EQ00000881,2025-10-13,Safety Device,Pass,Vibration concern
INSP000002651,EQ00000881,2026-02-27,Visual,Defect Found,None
INSP000002652,EQ00000881,2026-01-09,Safety Device,Pass,None
INSP000002653,EQ00000881,2021-10-24,NDT,Pass,Alarm test issue
INSP000002654,EQ00000881,2026-03-23,Electrical,Pass,None
INSP000002655,EQ00000882,2023-08-02,Safety Device,Pass,Alarm test issue
INSP000002656,EQ00000882,2021-12-25,Electrical,Pass,None
INSP000002657,EQ00000882,2023-09-28,Visual,Pass,Vibration concern
INSP000002658,EQ00000883,2022-09-10,Thickness,Conditional,Vibration concern
INSP000002659,EQ00000883,2022-05-17,Electrical,Pass,Vibration concern
INSP000002660,EQ00000883,2026-05-02,Safety Device,Pass,None
INSP000002661,EQ00000883,2022-04-10,Functional,Pass,Leak indication
INSP000002662,EQ00000883,2026-07-13,Thickness,Pass,Vibration concern
INSP000002663,EQ00000884,2021-09-03,Functional,Pass,Alarm test issue
INSP000002664,EQ00000884,2022-05-21,Functional,Pass,Leak indication
INSP000002665,EQ00000884,2025-01-20,NDT,Pass,Vibration concern
INSP000002666,EQ00000884,2025-08-14,Electrical,Defect Found,Minor corrosion
INSP000002667,EQ00000885,2026-08-04,Thickness,Pass,None
INSP000002668,EQ00000885,2024-01-05,Thickness,Pass,Alarm test issue
INSP000002669,EQ00000886,2024-01-20,Functional,Conditional,Leak indication
INSP000002670,EQ00000886,2026-04-30,Safety Device,Pass,Vibration concern
INSP000002671,EQ00000886,2023-05-15,Visual,Pass,Vibration concern
INSP000002672,EQ00000887,2021-01-30,Thickness,Pass,Leak indication
INSP000002673,EQ00000887,2025-06-30,Visual,Conditional,None
INSP000002674,EQ00000887,2026-04-30,Thickness,Pass,Alarm test issue
INSP000002675,EQ00000887,2024-11-14,Visual,Conditional,Leak indication
INSP000002676,EQ00000887,2022-07-14,Thickness,Pass,None
INSP000002677,EQ00000888,2024-07-21,Electrical,Pass,Minor corrosion
INSP000002678,EQ00000889,2025-05-13,Safety Device,Pass,Leak indication
INSP000002679,EQ00000889,2024-10-17,Thickness,Conditional,None
INSP000002680,EQ00000889,2025-09-21,Thickness,Pass,None
INSP000002681,EQ00000889,2022-04-05,Thickness,Pass,Leak indication
INSP000002682,EQ00000890,2023-10-02,Visual,Pass,Vibration concern
INSP000002683,EQ00000890,2026-04-10,Visual,Defect Found,None
INSP000002684,EQ00000890,2024-10-20,Thickness,Defect Found,Vibration concern
INSP000002685,EQ00000890,2022-12-03,Thickness,Pass,Vibration concern
INSP000002686,EQ00000890,2022-09-07,Safety Device,Defect Found,Vibration concern
INSP000002687,EQ00000891,2024-09-26,Electrical,Defect Found,Vibration concern
INSP000002688,EQ00000892,2025-01-22,Functional,Pass,Leak indication
INSP000002689,EQ00000892,2023-01-30,Visual,Conditional,Leak indication
INSP000002690,EQ00000892,2026-07-30,Visual,Conditional,Vibration concern
INSP000002691,EQ00000892,2025-08-15,Safety Device,Conditional,None
INSP000002692,EQ00000893,2023-07-02,Visual,Conditional,Minor corrosion
INSP000002693,EQ00000893,2026-04-14,Visual,Pass,None
INSP000002694,EQ00000893,2023-11-28,Functional,Pass,Leak indication
INSP000002695,EQ00000894,2026-03-22,Thickness,Pass,None
INSP000002696,EQ00000894,2022-12-08,Visual,Pass,None
INSP000002697,EQ00000894,2023-10-09,Functional,Pass,Leak indication
INSP000002698,EQ00000895,2026-04-28,Safety Device,Pass,Minor corrosion
INSP000002699,EQ00000896,2026-01-24,Electrical,Pass,Minor corrosion
INSP000002700,EQ00000896,2021-04-15,Visual,Pass,Alarm test issue
INSP000002701,EQ00000896,2021-12-10,Safety Device,Defect Found,Leak indication
INSP000002702,EQ00000897,2022-10-19,Electrical,Defect Found,Minor corrosion
INSP000002703,EQ00000897,2025-03-04,Visual,Pass,Vibration concern
INSP000002704,EQ00000898,2026-08-18,Functional,Pass,None
INSP000002705,EQ00000899,2021-11-14,Visual,Pass,Alarm test issue
INSP000002706,EQ00000899,2022-12-23,Safety Device,Pass,None
INSP000002707,EQ00000899,2023-08-13,Electrical,Pass,Alarm test issue
INSP000002708,EQ00000899,2024-12-27,Safety Device,Pass,Alarm test issue
INSP000002709,EQ00000899,2026-02-23,NDT,Defect Found,Vibration concern
INSP000002710,EQ00000900,2022-05-11,Functional,Pass,Alarm test issue
INSP000002711,EQ00000900,2025-04-02,Electrical,Pass,None
INSP000002712,EQ00000900,2021-10-01,NDT,Pass,Vibration concern
INSP000002713,EQ00000900,2024-01-03,Electrical,Pass,Minor corrosion
INSP000002714,EQ00000900,2022-05-09,NDT,Pass,Vibration concern
INSP000002715,EQ00000901,2021-02-06,Electrical,Pass,Leak indication
INSP000002716,EQ00000901,2024-03-23,NDT,Pass,Minor corrosion
INSP000002717,EQ00000902,2022-05-09,Visual,Pass,Leak indication
INSP000002718,EQ00000902,2026-06-14,Electrical,Pass,None
INSP000002719,EQ00000902,2024-12-09,Safety Device,Pass,Leak indication
INSP000002720,EQ00000902,2021-09-03,Electrical,Pass,Alarm test issue
INSP000002721,EQ00000902,2025-11-10,NDT,Pass,Vibration concern
INSP000002722,EQ00000903,2022-08-23,Functional,Pass,Alarm test issue
INSP000002723,EQ00000904,2021-12-10,NDT,Conditional,None
INSP000002724,EQ00000904,2023-08-10,Thickness,Defect Found,Alarm test issue
INSP000002725,EQ00000904,2022-07-15,Safety Device,Pass,Leak indication
INSP000002726,EQ00000904,2025-09-27,Visual,Pass,None
INSP000002727,EQ00000905,2022-08-17,Visual,Conditional,Alarm test issue
INSP000002728,EQ00000906,2025-04-06,Electrical,Pass,Alarm test issue
INSP000002729,EQ00000906,2026-07-01,Visual,Pass,None
INSP000002730,EQ00000907,2024-06-28,Visual,Pass,Alarm test issue
INSP000002731,EQ00000907,2022-07-13,Electrical,Defect Found,Minor corrosion
INSP000002732,EQ00000907,2023-12-02,NDT,Conditional,Minor corrosion
INSP000002733,EQ00000907,2022-07-08,NDT,Pass,Leak indication
INSP000002734,EQ00000907,2025-03-08,Visual,Pass,None
INSP000002735,EQ00000908,2021-02-01,Visual,Pass,Leak indication
INSP000002736,EQ00000908,2024-08-31,Visual,Pass,Minor corrosion
INSP000002737,EQ00000908,2024-03-09,Visual,Conditional,Leak indication
INSP000002738,EQ00000908,2024-11-01,Thickness,Pass,Alarm test issue
INSP000002739,EQ00000909,2025-01-11,Electrical,Pass,Leak indication
INSP000002740,EQ00000909,2025-11-08,Functional,Conditional,Vibration concern
INSP000002741,EQ00000909,2024-06-03,Thickness,Pass,Vibration concern
INSP000002742,EQ00000910,2024-03-13,Safety Device,Pass,Alarm test issue
INSP000002743,EQ00000910,2023-06-05,Visual,Pass,Leak indication
INSP000002744,EQ00000910,2025-11-15,Electrical,Defect Found,Minor corrosion
INSP000002745,EQ00000910,2026-07-15,Safety Device,Defect Found,Alarm test issue
INSP000002746,EQ00000910,2024-08-01,Thickness,Defect Found,Vibration concern
INSP000002747,EQ00000911,2021-07-08,Electrical,Conditional,Minor corrosion
INSP000002748,EQ00000912,2023-06-02,Functional,Pass,Leak indication
INSP000002749,EQ00000912,2022-06-14,NDT,Pass,Leak indication
INSP000002750,EQ00000912,2021-07-25,Safety Device,Defect Found,Alarm test issue
INSP000002751,EQ00000912,2024-01-04,NDT,Pass,None
INSP000002752,EQ00000913,2022-05-19,NDT,Pass,None
INSP000002753,EQ00000913,2022-02-24,NDT,Pass,Alarm test issue
INSP000002754,EQ00000914,2024-02-05,Thickness,Pass,None
INSP000002755,EQ00000914,2023-10-28,NDT,Pass,Leak indication
INSP000002756,EQ00000914,2025-11-10,Safety Device,Defect Found,None
INSP000002757,EQ00000915,2026-03-10,Functional,Pass,Alarm test issue
INSP000002758,EQ00000915,2024-11-22,NDT,Pass,Vibration concern
INSP000002759,EQ00000916,2021-03-15,Electrical,Pass,Vibration concern
INSP000002760,EQ00000917,2024-10-10,Visual,Pass,Leak indication
INSP000002761,EQ00000918,2021-10-27,NDT,Pass,None
INSP000002762,EQ00000918,2024-09-09,Functional,Pass,None
INSP000002763,EQ00000918,2024-12-02,Electrical,Defect Found,Alarm test issue
INSP000002764,EQ00000918,2025-05-04,Functional,Pass,Vibration concern
INSP000002765,EQ00000919,2023-03-28,Thickness,Pass,Minor corrosion
INSP000002766,EQ00000919,2021-06-11,NDT,Defect Found,Vibration concern
INSP000002767,EQ00000919,2026-02-04,NDT,Defect Found,Alarm test issue
INSP000002768,EQ00000920,2023-05-17,NDT,Pass,Alarm test issue
INSP000002769,EQ00000920,2021-08-04,Thickness,Pass,Minor corrosion
INSP000002770,EQ00000920,2022-06-22,Thickness,Defect Found,Vibration concern
INSP000002771,EQ00000920,2025-03-11,Visual,Conditional,Leak indication
INSP000002772,EQ00000921,2024-05-15,Visual,Pass,Vibration concern
INSP000002773,EQ00000921,2021-11-23,NDT,Pass,Vibration concern
INSP000002774,EQ00000921,2024-08-09,Electrical,Pass,Alarm test issue
INSP000002775,EQ00000921,2024-07-27,NDT,Conditional,None
INSP000002776,EQ00000921,2024-10-18,Electrical,Conditional,None
INSP000002777,EQ00000922,2026-08-15,Safety Device,Pass,Minor corrosion
INSP000002778,EQ00000923,2025-09-17,Safety Device,Defect Found,Leak indication
INSP000002779,EQ00000923,2023-11-04,Visual,Conditional,Minor corrosion
INSP000002780,EQ00000924,2024-08-12,NDT,Pass,Vibration concern
INSP000002781,EQ00000925,2023-02-19,Safety Device,Conditional,None
INSP000002782,EQ00000925,2023-03-09,Functional,Pass,Leak indication
INSP000002783,EQ00000926,2021-10-23,Visual,Conditional,Minor corrosion
INSP000002784,EQ00000926,2023-10-12,Visual,Pass,None
INSP000002785,EQ00000927,2025-05-28,Safety Device,Conditional,Minor corrosion
INSP000002786,EQ00000927,2021-03-20,Safety Device,Pass,Minor corrosion
INSP000002787,EQ00000927,2025-08-22,Functional,Pass,Minor corrosion
INSP000002788,EQ00000928,2022-07-13,Visual,Pass,Alarm test issue
INSP000002789,EQ00000928,2022-07-19,Functional,Pass,None
INSP000002790,EQ00000928,2025-07-06,Functional,Defect Found,Alarm test issue
INSP000002791,EQ00000929,2021-03-28,Electrical,Pass,Alarm test issue
INSP000002792,EQ00000929,2022-01-21,Electrical,Defect Found,Leak indication
INSP000002793,EQ00000930,2026-06-01,Functional,Defect Found,Vibration concern
INSP000002794,EQ00000930,2023-11-24,Functional,Pass,Alarm test issue
INSP000002795,EQ00000931,2025-02-19,Visual,Pass,Vibration concern
INSP000002796,EQ00000931,2023-06-24,Visual,Pass,Minor corrosion
INSP000002797,EQ00000932,2025-08-09,NDT,Defect Found,Alarm test issue
INSP000002798,EQ00000932,2023-03-19,Safety Device,Pass,Vibration concern
INSP000002799,EQ00000932,2022-02-20,NDT,Conditional,Vibration concern
INSP000002800,EQ00000932,2023-07-17,Thickness,Pass,Alarm test issue
INSP000002801,EQ00000933,2023-08-07,Visual,Conditional,Vibration concern
INSP000002802,EQ00000933,2026-05-31,Visual,Pass,Leak indication
INSP000002803,EQ00000934,2021-12-07,Thickness,Pass,Vibration concern
INSP000002804,EQ00000934,2026-04-05,Electrical,Pass,Minor corrosion
INSP000002805,EQ00000934,2025-03-14,NDT,Conditional,Alarm test issue
INSP000002806,EQ00000935,2024-02-01,NDT,Defect Found,Alarm test issue
INSP000002807,EQ00000936,2021-09-17,Electrical,Pass,None
INSP000002808,EQ00000937,2021-05-08,Thickness,Pass,Minor corrosion
INSP000002809,EQ00000937,2023-06-26,Electrical,Pass,Vibration concern
INSP000002810,EQ00000937,2022-03-07,Thickness,Defect Found,Vibration concern
INSP000002811,EQ00000937,2024-01-04,Safety Device,Conditional,Vibration concern
INSP000002812,EQ00000938,2022-08-04,Electrical,Pass,Minor corrosion
INSP000002813,EQ00000938,2021-06-21,Safety Device,Pass,Vibration concern
INSP000002814,EQ00000938,2024-08-28,Functional,Pass,Alarm test issue
INSP000002815,EQ00000938,2025-07-17,NDT,Pass,Alarm test issue
INSP000002816,EQ00000939,2021-10-08,Thickness,Pass,Vibration concern
INSP000002817,EQ00000939,2026-01-13,Functional,Pass,Leak indication
INSP000002818,EQ00000939,2023-11-22,Thickness,Conditional,Minor corrosion
INSP000002819,EQ00000939,2024-06-09,Thickness,Conditional,Alarm test issue
INSP000002820,EQ00000940,2022-05-16,NDT,Pass,Alarm test issue
INSP000002821,EQ00000940,2024-12-24,Thickness,Pass,Alarm test issue
INSP000002822,EQ00000941,2025-01-10,Functional,Pass,Alarm test issue
INSP000002823,EQ00000941,2024-03-05,NDT,Conditional,Leak indication
INSP000002824,EQ00000941,2022-04-22,Electrical,Pass,Minor corrosion
INSP000002825,EQ00000942,2021-10-16,Visual,Pass,None
INSP000002826,EQ00000943,2025-09-09,NDT,Pass,Leak indication
INSP000002827,EQ00000944,2024-03-29,Visual,Pass,None
INSP000002828,EQ00000944,2023-11-24,Thickness,Pass,Leak indication
INSP000002829,EQ00000944,2021-02-15,Electrical,Pass,Leak indication
INSP000002830,EQ00000944,2021-03-09,Thickness,Pass,Leak indication
INSP000002831,EQ00000944,2024-01-17,Thickness,Pass,Leak indication
INSP000002832,EQ00000945,2023-04-22,NDT,Pass,Leak indication
INSP000002833,EQ00000945,2026-01-17,Thickness,Conditional,Leak indication
INSP000002834,EQ00000945,2026-08-16,Functional,Pass,Vibration concern
INSP000002835,EQ00000945,2026-01-05,NDT,Pass,Alarm test issue
INSP000002836,EQ00000945,2023-07-25,Functional,Pass,Leak indication
INSP000002837,EQ00000946,2025-11-27,Functional,Pass,Leak indication
INSP000002838,EQ00000946,2022-09-26,Visual,Defect Found,None
INSP000002839,EQ00000946,2021-10-08,NDT,Pass,Minor corrosion
INSP000002840,EQ00000946,2024-09-02,Safety Device,Defect Found,Minor corrosion
INSP000002841,EQ00000947,2023-06-24,Safety Device,Pass,Vibration concern
INSP000002842,EQ00000947,2024-11-07,Thickness,Defect Found,None
INSP000002843,EQ00000947,2025-04-09,Visual,Pass,Alarm test issue
INSP000002844,EQ00000947,2025-12-31,Safety Device,Defect Found,Minor corrosion
INSP000002845,EQ00000947,2021-09-30,NDT,Pass,Alarm test issue
INSP000002846,EQ00000948,2024-01-02,Thickness,Pass,Leak indication
INSP000002847,EQ00000948,2022-02-14,Electrical,Defect Found,None
INSP000002848,EQ00000948,2021-02-17,Electrical,Pass,Alarm test issue
INSP000002849,EQ00000948,2022-05-29,NDT,Pass,Vibration concern
INSP000002850,EQ00000948,2022-06-10,Thickness,Pass,Vibration concern
INSP000002851,EQ00000949,2024-01-29,Thickness,Pass,Alarm test issue
INSP000002852,EQ00000950,2023-10-13,Electrical,Pass,Minor corrosion
INSP000002853,EQ00000950,2024-04-05,NDT,Pass,Vibration concern
INSP000002854,EQ00000950,2021-05-19,Functional,Pass,Minor corrosion
INSP000002855,EQ00000950,2023-03-13,NDT,Pass,Alarm test issue
INSP000002856,EQ00000951,2024-09-30,Functional,Defect Found,Alarm test issue
INSP000002857,EQ00000951,2023-04-21,Functional,Pass,Leak indication
INSP000002858,EQ00000952,2021-05-13,Visual,Pass,Alarm test issue
INSP000002859,EQ00000952,2024-03-29,Thickness,Conditional,Minor corrosion
INSP000002860,EQ00000952,2025-08-17,Thickness,Conditional,Leak indication
INSP000002861,EQ00000952,2021-11-25,Functional,Pass,Minor corrosion
INSP000002862,EQ00000953,2024-07-02,Visual,Pass,Alarm test issue
INSP000002863,EQ00000954,2026-05-30,Thickness,Conditional,Leak indication
INSP000002864,EQ00000954,2022-10-26,Functional,Pass,Alarm test issue
INSP000002865,EQ00000954,2025-03-24,Safety Device,Pass,Alarm test issue
INSP000002866,EQ00000954,2026-02-21,Visual,Pass,Leak indication
INSP000002867,EQ00000954,2023-10-27,Safety Device,Pass,None
INSP000002868,EQ00000955,2025-05-29,NDT,Pass,Leak indication
INSP000002869,EQ00000956,2024-11-03,Electrical,Pass,Leak indication
INSP000002870,EQ00000956,2024-07-17,Thickness,Pass,Leak indication
INSP000002871,EQ00000957,2021-02-26,Electrical,Defect Found,None
INSP000002872,EQ00000957,2025-01-20,Thickness,Conditional,Vibration concern
INSP000002873,EQ00000957,2024-03-22,Thickness,Conditional,Minor corrosion
INSP000002874,EQ00000957,2025-06-21,Thickness,Conditional,Alarm test issue
INSP000002875,EQ00000958,2024-12-05,Electrical,Defect Found,Alarm test issue
INSP000002876,EQ00000959,2023-03-21,Functional,Defect Found,Vibration concern
INSP000002877,EQ00000959,2022-03-23,Safety Device,Pass,Vibration concern
INSP000002878,EQ00000960,2026-08-24,Safety Device,Pass,Minor corrosion
INSP000002879,EQ00000960,2026-08-31,Safety Device,Defect Found,Vibration concern
INSP000002880,EQ00000961,2022-01-15,Thickness,Pass,Minor corrosion
INSP000002881,EQ00000961,2021-03-10,Safety Device,Pass,None
INSP000002882,EQ00000961,2026-04-17,Functional,Pass,Alarm test issue
INSP000002883,EQ00000961,2021-04-08,NDT,Pass,Vibration concern
INSP000002884,EQ00000961,2025-06-20,NDT,Pass,Minor corrosion
INSP000002885,EQ00000962,2024-01-10,Functional,Pass,Alarm test issue
INSP000002886,EQ00000962,2022-10-12,Electrical,Conditional,None
INSP000002887,EQ00000962,2022-03-30,Electrical,Pass,Vibration concern
INSP000002888,EQ00000962,2025-06-12,Safety Device,Pass,Leak indication
INSP000002889,EQ00000963,2022-05-31,Functional,Defect Found,Vibration concern
INSP000002890,EQ00000963,2022-01-28,NDT,Pass,Leak indication
INSP000002891,EQ00000963,2025-03-08,Electrical,Conditional,Leak indication
INSP000002892,EQ00000963,2025-05-15,Visual,Pass,Alarm test issue
INSP000002893,EQ00000964,2025-04-04,Visual,Pass,None
INSP000002894,EQ00000964,2022-12-23,NDT,Defect Found,Vibration concern
INSP000002895,EQ00000965,2023-05-27,Thickness,Pass,None
INSP000002896,EQ00000965,2022-12-18,Visual,Pass,None
INSP000002897,EQ00000965,2026-05-05,NDT,Conditional,Alarm test issue
INSP000002898,EQ00000966,2022-04-14,Electrical,Pass,Minor corrosion
INSP000002899,EQ00000966,2023-05-23,NDT,Pass,None
INSP000002900,EQ00000966,2022-11-10,NDT,Conditional,Leak indication
INSP000002901,EQ00000966,2023-05-07,NDT,Pass,Minor corrosion
INSP000002902,EQ00000966,2023-02-22,Visual,Pass,Minor corrosion
INSP000002903,EQ00000967,2024-01-28,NDT,Pass,Alarm test issue
INSP000002904,EQ00000967,2023-10-10,Thickness,Pass,Minor corrosion
INSP000002905,EQ00000967,2025-01-15,Thickness,Conditional,Vibration concern
INSP000002906,EQ00000968,2026-04-24,Thickness,Pass,Minor corrosion
INSP000002907,EQ00000968,2024-09-07,NDT,Conditional,Leak indication
INSP000002908,EQ00000968,2021-09-30,Thickness,Defect Found,Minor corrosion
INSP000002909,EQ00000968,2024-09-14,Electrical,Pass,None
INSP000002910,EQ00000968,2021-02-27,Electrical,Pass,Leak indication
INSP000002911,EQ00000969,2024-05-10,Functional,Pass,Minor corrosion
INSP000002912,EQ00000969,2026-05-11,Thickness,Pass,Minor corrosion
INSP000002913,EQ00000969,2026-05-31,Visual,Pass,None
INSP000002914,EQ00000970,2025-05-27,NDT,Pass,Vibration concern
INSP000002915,EQ00000970,2021-01-07,NDT,Pass,None
INSP000002916,EQ00000970,2021-09-30,NDT,Pass,None
INSP000002917,EQ00000970,2021-07-28,Functional,Defect Found,Leak indication
INSP000002918,EQ00000970,2025-10-01,Safety Device,Pass,Vibration concern
INSP000002919,EQ00000971,2022-03-03,Thickness,Conditional,None
INSP000002920,EQ00000971,2022-10-10,NDT,Pass,Minor corrosion
INSP000002921,EQ00000971,2022-01-30,Safety Device,Pass,None
INSP000002922,EQ00000971,2023-02-20,Thickness,Pass,Vibration concern
INSP000002923,EQ00000971,2021-01-09,Thickness,Pass,Vibration concern
INSP000002924,EQ00000972,2023-11-02,Thickness,Pass,Vibration concern
INSP000002925,EQ00000972,2026-04-04,NDT,Pass,Leak indication
INSP000002926,EQ00000973,2025-01-03,NDT,Pass,None
INSP000002927,EQ00000973,2022-08-20,Electrical,Conditional,Minor corrosion
INSP000002928,EQ00000974,2021-03-06,Safety Device,Conditional,Vibration concern
INSP000002929,EQ00000974,2021-12-15,Functional,Pass,Leak indication
INSP000002930,EQ00000974,2026-01-25,NDT,Pass,Alarm test issue
INSP000002931,EQ00000974,2025-03-12,Visual,Pass,Vibration concern
INSP000002932,EQ00000974,2021-03-28,Safety Device,Defect Found,Leak indication
INSP000002933,EQ00000975,2021-05-22,Functional,Conditional,Alarm test issue
INSP000002934,EQ00000975,2024-12-27,Functional,Pass,Leak indication
INSP000002935,EQ00000975,2025-11-05,NDT,Conditional,Leak indication
INSP000002936,EQ00000976,2026-07-10,Thickness,Conditional,Minor corrosion
INSP000002937,EQ00000976,2023-06-21,NDT,Conditional,Leak indication
INSP000002938,EQ00000977,2021-03-26,Thickness,Conditional,Alarm test issue
INSP000002939,EQ00000977,2023-03-19,Safety Device,Pass,Minor corrosion
INSP000002940,EQ00000977,2021-03-27,Visual,Pass,Minor corrosion
INSP000002941,EQ00000977,2022-10-20,Electrical,Conditional,Leak indication
INSP000002942,EQ00000977,2022-07-03,Visual,Defect Found,None
INSP000002943,EQ00000978,2026-06-28,Electrical,Conditional,Minor corrosion
INSP000002944,EQ00000978,2022-04-13,Thickness,Pass,Vibration concern
INSP000002945,EQ00000978,2026-06-15,Thickness,Pass,Leak indication
INSP000002946,EQ00000978,2021-01-25,Functional,Pass,Minor corrosion
INSP000002947,EQ00000978,2025-05-09,Visual,Pass,None
INSP000002948,EQ00000979,2023-06-16,Visual,Pass,Vibration concern
INSP000002949,EQ00000979,2024-10-03,Thickness,Pass,Vibration concern
INSP000002950,EQ00000979,2022-07-13,Visual,Pass,Vibration concern
INSP000002951,EQ00000979,2021-03-12,NDT,Pass,Leak indication
INSP000002952,EQ00000979,2024-04-28,NDT,Defect Found,Vibration concern
INSP000002953,EQ00000980,2025-02-07,Thickness,Conditional,Leak indication
INSP000002954,EQ00000981,2025-06-06,Thickness,Pass,Alarm test issue
INSP000002955,EQ00000982,2025-08-22,Functional,Pass,Minor corrosion
INSP000002956,EQ00000982,2023-06-01,Thickness,Pass,Leak indication
INSP000002957,EQ00000983,2021-03-27,Thickness,Pass,None
INSP000002958,EQ00000983,2026-08-03,Functional,Pass,Vibration concern
INSP000002959,EQ00000984,2023-06-01,Thickness,Defect Found,None
INSP000002960,EQ00000984,2023-08-22,Thickness,Pass,Leak indication
INSP000002961,EQ00000984,2021-07-02,NDT,Conditional,None
INSP000002962,EQ00000984,2026-04-20,Electrical,Pass,Leak indication
INSP000002963,EQ00000984,2024-09-11,NDT,Defect Found,Vibration concern
INSP000002964,EQ00000985,2022-06-24,Electrical,Pass,Alarm test issue
INSP000002965,EQ00000985,2025-02-12,NDT,Defect Found,Minor corrosion
INSP000002966,EQ00000986,2025-02-23,Thickness,Pass,None
INSP000002967,EQ00000986,2024-09-23,Visual,Pass,None
INSP000002968,EQ00000987,2022-01-28,Safety Device,Defect Found,None
INSP000002969,EQ00000987,2026-05-02,Electrical,Defect Found,Minor corrosion
INSP000002970,EQ00000987,2024-02-19,Thickness,Pass,Minor corrosion
INSP000002971,EQ00000987,2025-04-09,Safety Device,Pass,Minor corrosion
INSP000002972,EQ00000987,2022-10-14,NDT,Defect Found,Minor corrosion
INSP000002973,EQ00000988,2022-11-01,Thickness,Pass,Leak indication
INSP000002974,EQ00000989,2024-12-24,Visual,Pass,Leak indication
INSP000002975,EQ00000989,2021-12-28,NDT,Pass,Leak indication
INSP000002976,EQ00000989,2023-03-24,Electrical,Pass,None
INSP000002977,EQ00000989,2021-03-13,NDT,Pass,Vibration concern
INSP000002978,EQ00000989,2024-03-20,Visual,Pass,Alarm test issue
INSP000002979,EQ00000990,2025-08-21,NDT,Conditional,None
INSP000002980,EQ00000990,2025-05-17,Electrical,Defect Found,Alarm test issue
INSP000002981,EQ00000990,2022-04-20,Functional,Defect Found,None
INSP000002982,EQ00000990,2021-04-28,Visual,Pass,Vibration concern
INSP000002983,EQ00000990,2023-01-05,Thickness,Pass,Leak indication
INSP000002984,EQ00000991,2022-01-31,Functional,Pass,Leak indication
INSP000002985,EQ00000991,2022-08-18,Functional,Pass,Minor corrosion
INSP000002986,EQ00000991,2025-06-07,Visual,Pass,Vibration concern
INSP000002987,EQ00000992,2022-09-04,Thickness,Defect Found,Alarm test issue
INSP000002988,EQ00000993,2022-02-28,Thickness,Pass,Leak indication
INSP000002989,EQ00000994,2022-11-13,Safety Device,Pass,Vibration concern
INSP000002990,EQ00000994,2021-07-29,Functional,Conditional,None
INSP000002991,EQ00000994,2023-03-17,Visual,Pass,None
INSP000002992,EQ00000995,2024-01-06,NDT,Pass,Vibration concern
INSP000002993,EQ00000995,2022-06-20,NDT,Defect Found,Minor corrosion
INSP000002994,EQ00000995,2022-12-31,Thickness,Pass,Minor corrosion
INSP000002995,EQ00000995,2022-07-20,Safety Device,Pass,Vibration concern
INSP000002996,EQ00000996,2024-06-22,Electrical,Pass,Vibration concern
INSP000002997,EQ00000997,2024-08-26,Thickness,Conditional,Minor corrosion
INSP000002998,EQ00000997,2025-08-24,Visual,Conditional,Minor corrosion
INSP000002999,EQ00000997,2022-10-02,Functional,Pass,None
INSP000003000,EQ00000998,2025-10-08,Electrical,Conditional,Minor corrosion
INSP000003001,EQ00000998,2021-06-28,NDT,Pass,Leak indication
INSP000003002,EQ00000998,2025-10-12,Visual,Pass,Leak indication
INSP000003003,EQ00000998,2021-01-03,Safety Device,Pass,Alarm test issue
INSP000003004,EQ00000999,2021-08-23,Electrical,Pass,Vibration concern
INSP000003005,EQ00000999,2025-12-30,Visual,Conditional,Alarm test issue
INSP000003006,EQ00000999,2026-05-19,Safety Device,Pass,Alarm test issue
INSP000003007,EQ00000999,2022-08-19,Electrical,Conditional,Vibration concern
INSP000003008,EQ00000999,2025-02-14,Thickness,Pass,Alarm test issue
INSP000003009,EQ00001000,2023-12-29,NDT,Defect Found,Vibration concern
INSP000003010,EQ00001000,2022-12-29,Safety Device,Pass,Vibration concern
INSP000003011,EQ00001000,2024-12-09,Functional,Pass,None
INSP000003012,EQ00001000,2022-05-18,Thickness,Pass,Alarm test issue
INSP000003013,EQ00001001,2021-03-22,Functional,Pass,Minor corrosion
INSP000003014,EQ00001001,2023-12-23,Thickness,Conditional,Minor corrosion
INSP000003015,EQ00001001,2021-01-27,Visual,Pass,Alarm test issue
INSP000003016,EQ00001002,2023-03-10,Electrical,Pass,Leak indication
INSP000003017,EQ00001002,2021-02-22,Functional,Pass,Minor corrosion
INSP000003018,EQ00001002,2024-01-03,Thickness,Defect Found,Leak indication
INSP000003019,EQ00001003,2021-05-30,Thickness,Pass,Leak indication
INSP000003020,EQ00001003,2025-01-12,Visual,Pass,Leak indication
INSP000003021,EQ00001003,2023-03-30,Electrical,Pass,Vibration concern
INSP000003022,EQ00001004,2021-10-17,NDT,Pass,Vibration concern
INSP000003023,EQ00001005,2023-07-23,Thickness,Conditional,Alarm test issue
INSP000003024,EQ00001005,2024-08-23,Safety Device,Pass,Alarm test issue
INSP000003025,EQ00001006,2024-05-27,Electrical,Pass,None
INSP000003026,EQ00001006,2021-05-12,Safety Device,Conditional,Vibration concern
INSP000003027,EQ00001006,2024-03-07,Electrical,Pass,Leak indication
INSP000003028,EQ00001006,2023-08-17,Visual,Pass,None
INSP000003029,EQ00001006,2026-02-15,Visual,Pass,Leak indication
INSP000003030,EQ00001007,2023-09-21,Functional,Conditional,Vibration concern
INSP000003031,EQ00001007,2025-12-14,Visual,Pass,Minor corrosion
INSP000003032,EQ00001007,2025-02-09,Functional,Conditional,Leak indication
INSP000003033,EQ00001007,2021-02-18,Electrical,Conditional,Minor corrosion
INSP000003034,EQ00001007,2023-01-15,Functional,Pass,Vibration concern
INSP000003035,EQ00001008,2021-07-12,Thickness,Conditional,Minor corrosion
INSP000003036,EQ00001008,2021-07-23,NDT,Pass,Minor corrosion
INSP000003037,EQ00001008,2021-08-15,NDT,Pass,Minor corrosion
INSP000003038,EQ00001008,2021-08-26,NDT,Pass,Alarm test issue
INSP000003039,EQ00001009,2022-10-27,Safety Device,Pass,None
INSP000003040,EQ00001009,2021-06-02,Thickness,Pass,None
INSP000003041,EQ00001009,2022-10-26,Functional,Pass,None
INSP000003042,EQ00001010,2021-01-14,Electrical,Pass,Leak indication
INSP000003043,EQ00001010,2021-09-25,Electrical,Conditional,Alarm test issue
INSP000003044,EQ00001010,2025-07-27,Functional,Defect Found,Vibration concern
INSP000003045,EQ00001010,2026-05-22,Visual,Defect Found,Minor corrosion
INSP000003046,EQ00001011,2022-05-06,Visual,Conditional,Alarm test issue
INSP000003047,EQ00001011,2025-11-29,Functional,Conditional,None
INSP000003048,EQ00001012,2026-03-05,Thickness,Pass,Vibration concern
INSP000003049,EQ00001012,2022-07-04,Safety Device,Pass,Alarm test issue
INSP000003050,EQ00001013,2022-12-21,Functional,Conditional,Leak indication
INSP000003051,EQ00001013,2023-05-28,NDT,Defect Found,Minor corrosion
INSP000003052,EQ00001013,2021-07-24,Functional,Conditional,Alarm test issue
INSP000003053,EQ00001014,2024-11-18,Electrical,Pass,Alarm test issue
INSP000003054,EQ00001014,2025-11-22,Electrical,Pass,None
INSP000003055,EQ00001014,2026-04-10,NDT,Defect Found,Vibration concern
INSP000003056,EQ00001014,2025-05-27,NDT,Pass,Alarm test issue
INSP000003057,EQ00001014,2021-11-10,Safety Device,Pass,None
INSP000003058,EQ00001015,2023-07-18,Functional,Pass,Alarm test issue
INSP000003059,EQ00001015,2022-03-18,Visual,Defect Found,Minor corrosion
INSP000003060,EQ00001015,2025-03-12,Functional,Pass,None
INSP000003061,EQ00001016,2021-11-14,Visual,Conditional,Vibration concern
INSP000003062,EQ00001016,2025-05-04,NDT,Defect Found,Vibration concern
INSP000003063,EQ00001016,2023-12-20,NDT,Pass,Minor corrosion
INSP000003064,EQ00001016,2023-02-14,Visual,Pass,None
INSP000003065,EQ00001016,2021-09-29,NDT,Conditional,Leak indication
INSP000003066,EQ00001017,2023-08-19,Thickness,Pass,Alarm test issue
INSP000003067,EQ00001017,2026-04-22,Visual,Defect Found,Alarm test issue
INSP000003068,EQ00001017,2025-03-17,Thickness,Pass,Vibration concern
INSP000003069,EQ00001018,2024-05-16,Visual,Pass,Minor corrosion
INSP000003070,EQ00001018,2022-02-26,Electrical,Pass,Alarm test issue
INSP000003071,EQ00001018,2022-10-25,Safety Device,Pass,None
INSP000003072,EQ00001018,2026-02-04,Visual,Pass,Vibration concern
INSP000003073,EQ00001019,2021-08-23,Functional,Defect Found,None
INSP000003074,EQ00001019,2026-08-02,Electrical,Pass,Vibration concern
INSP000003075,EQ00001019,2025-02-11,NDT,Pass,Vibration concern
INSP000003076,EQ00001019,2022-07-09,Thickness,Pass,Vibration concern
INSP000003077,EQ00001020,2021-01-23,Functional,Conditional,Vibration concern
INSP000003078,EQ00001021,2025-02-10,Thickness,Pass,Leak indication
INSP000003079,EQ00001021,2025-03-21,Visual,Pass,Alarm test issue
INSP000003080,EQ00001021,2024-03-07,Thickness,Pass,Vibration concern
INSP000003081,EQ00001022,2024-05-27,Safety Device,Pass,Alarm test issue
INSP000003082,EQ00001022,2021-11-19,Electrical,Pass,Leak indication
INSP000003083,EQ00001022,2022-07-08,NDT,Pass,Minor corrosion
INSP000003084,EQ00001022,2025-02-06,Visual,Defect Found,None
INSP000003085,EQ00001022,2021-07-15,Visual,Defect Found,Leak indication
INSP000003086,EQ00001023,2026-01-28,Functional,Pass,Minor corrosion
INSP000003087,EQ00001023,2025-11-05,Functional,Pass,Vibration concern
INSP000003088,EQ00001023,2022-04-06,NDT,Pass,Vibration concern
INSP000003089,EQ00001023,2023-08-15,Functional,Pass,None
INSP000003090,EQ00001024,2023-04-24,Visual,Pass,Vibration concern
INSP000003091,EQ00001025,2022-11-29,Visual,Pass,Alarm test issue
INSP000003092,EQ00001025,2024-11-09,Visual,Conditional,Leak indication
INSP000003093,EQ00001025,2023-05-18,Thickness,Conditional,Alarm test issue
INSP000003094,EQ00001025,2021-09-09,Electrical,Pass,Minor corrosion
INSP000003095,EQ00001025,2025-08-15,Thickness,Defect Found,Vibration concern
INSP000003096,EQ00001026,2023-03-08,Functional,Conditional,Leak indication
INSP000003097,EQ00001027,2026-01-08,Electrical,Pass,Leak indication
INSP000003098,EQ00001027,2026-05-21,NDT,Conditional,Alarm test issue
INSP000003099,EQ00001027,2025-02-12,NDT,Pass,None
INSP000003100,EQ00001028,2022-01-23,Thickness,Defect Found,Alarm test issue
INSP000003101,EQ00001028,2022-07-30,Electrical,Pass,Alarm test issue
INSP000003102,EQ00001028,2024-04-04,NDT,Pass,Minor corrosion
INSP000003103,EQ00001029,2025-06-19,Functional,Pass,Alarm test issue
INSP000003104,EQ00001029,2025-04-18,Electrical,Defect Found,Leak indication
INSP000003105,EQ00001029,2025-07-13,NDT,Pass,Vibration concern
INSP000003106,EQ00001029,2022-11-05,Thickness,Pass,None
INSP000003107,EQ00001030,2026-03-04,Safety Device,Pass,Minor corrosion
INSP000003108,EQ00001031,2024-12-31,Safety Device,Pass,Minor corrosion
INSP000003109,EQ00001031,2021-11-13,Electrical,Pass,None
INSP000003110,EQ00001032,2024-06-07,Visual,Conditional,Minor corrosion
INSP000003111,EQ00001032,2023-05-03,Visual,Pass,Alarm test issue
INSP000003112,EQ00001032,2023-09-17,NDT,Pass,None
INSP000003113,EQ00001033,2025-05-18,Electrical,Pass,Vibration concern
INSP000003114,EQ00001033,2021-07-17,Visual,Pass,Minor corrosion
INSP000003115,EQ00001033,2022-05-27,Safety Device,Pass,Leak indication
INSP000003116,EQ00001033,2024-06-28,Functional,Pass,Leak indication
INSP000003117,EQ00001034,2024-08-01,Safety Device,Pass,Minor corrosion
INSP000003118,EQ00001035,2024-06-25,Safety Device,Pass,Leak indication
INSP000003119,EQ00001035,2022-02-14,NDT,Pass,Alarm test issue
INSP000003120,EQ00001036,2023-04-26,Electrical,Pass,None
INSP000003121,EQ00001037,2022-02-20,Safety Device,Pass,Leak indication
INSP000003122,EQ00001038,2023-12-19,Safety Device,Pass,Minor corrosion
INSP000003123,EQ00001038,2024-02-16,Functional,Pass,Leak indication
INSP000003124,EQ00001038,2021-02-28,Functional,Pass,None
INSP000003125,EQ00001039,2022-10-03,Safety Device,Conditional,Alarm test issue
INSP000003126,EQ00001039,2021-04-16,Thickness,Conditional,Vibration concern
INSP000003127,EQ00001039,2025-12-07,Visual,Pass,Alarm test issue
INSP000003128,EQ00001039,2026-05-21,Thickness,Defect Found,Alarm test issue
INSP000003129,EQ00001040,2022-04-18,NDT,Conditional,Alarm test issue
INSP000003130,EQ00001040,2023-10-27,Thickness,Defect Found,Vibration concern
INSP000003131,EQ00001040,2023-09-10,Functional,Conditional,Alarm test issue
INSP000003132,EQ00001041,2024-09-09,Visual,Pass,None
INSP000003133,EQ00001041,2024-01-12,Functional,Pass,Leak indication
INSP000003134,EQ00001041,2021-04-09,NDT,Pass,Vibration concern
INSP000003135,EQ00001041,2023-09-07,Electrical,Pass,Leak indication
INSP000003136,EQ00001041,2026-03-09,Visual,Pass,Vibration concern
INSP000003137,EQ00001042,2022-03-03,Electrical,Conditional,Vibration concern
INSP000003138,EQ00001042,2023-11-22,NDT,Defect Found,Vibration concern
INSP000003139,EQ00001043,2023-09-11,NDT,Pass,Leak indication
INSP000003140,EQ00001043,2024-07-15,Thickness,Defect Found,Alarm test issue
INSP000003141,EQ00001043,2022-01-17,Visual,Pass,Minor corrosion
INSP000003142,EQ00001043,2023-12-21,Safety Device,Pass,None
INSP000003143,EQ00001043,2021-03-31,Thickness,Pass,Leak indication
INSP000003144,EQ00001044,2024-08-12,NDT,Pass,Minor corrosion
INSP000003145,EQ00001044,2026-08-18,Safety Device,Defect Found,Alarm test issue
INSP000003146,EQ00001044,2025-11-28,Functional,Conditional,Minor corrosion
INSP000003147,EQ00001044,2022-11-21,Thickness,Defect Found,Leak indication
INSP000003148,EQ00001045,2023-11-24,Safety Device,Conditional,Vibration concern
INSP000003149,EQ00001045,2025-08-06,Electrical,Conditional,None
INSP000003150,EQ00001045,2024-10-27,Electrical,Pass,Minor corrosion
INSP000003151,EQ00001045,2023-06-06,Safety Device,Conditional,Leak indication
INSP000003152,EQ00001046,2021-02-24,Visual,Conditional,Leak indication
INSP000003153,EQ00001046,2026-03-10,NDT,Pass,Vibration concern
INSP000003154,EQ00001046,2023-05-26,Visual,Conditional,Vibration concern
INSP000003155,EQ00001047,2022-03-29,Functional,Pass,Alarm test issue
INSP000003156,EQ00001047,2022-03-10,NDT,Defect Found,None
INSP000003157,EQ00001047,2024-05-17,Visual,Pass,Alarm test issue
INSP000003158,EQ00001047,2022-08-15,Safety Device,Pass,Vibration concern
INSP000003159,EQ00001047,2022-12-17,Electrical,Pass,Minor corrosion
INSP000003160,EQ00001048,2022-11-24,Visual,Pass,Vibration concern
INSP000003161,EQ00001048,2023-05-30,Functional,Pass,Leak indication
INSP000003162,EQ00001048,2025-10-17,Electrical,Pass,Vibration concern
INSP000003163,EQ00001048,2025-03-15,Safety Device,Defect Found,Vibration concern
INSP000003164,EQ00001048,2021-01-15,Safety Device,Pass,Vibration concern
INSP000003165,EQ00001049,2022-01-15,Functional,Defect Found,None
INSP000003166,EQ00001049,2021-05-27,Thickness,Pass,Minor corrosion
INSP000003167,EQ00001050,2026-03-31,Safety Device,Pass,Alarm test issue
INSP000003168,EQ00001050,2024-12-23,Visual,Pass,Leak indication
INSP000003169,EQ00001050,2021-03-08,Functional,Conditional,Minor corrosion
INSP000003170,EQ00001050,2024-06-28,Safety Device,Conditional,Minor corrosion
INSP000003171,EQ00001050,2022-06-23,Visual,Pass,Alarm test issue
INSP000003172,EQ00001051,2025-07-21,Thickness,Pass,None
INSP000003173,EQ00001051,2024-10-02,Electrical,Conditional,Leak indication
INSP000003174,EQ00001051,2022-03-08,Electrical,Conditional,Alarm test issue
INSP000003175,EQ00001052,2026-05-24,Functional,Pass,None
INSP000003176,EQ00001052,2023-04-15,Visual,Defect Found,Vibration concern
INSP000003177,EQ00001052,2023-02-27,Electrical,Pass,Alarm test issue
INSP000003178,EQ00001052,2021-08-06,Safety Device,Pass,Vibration concern
INSP000003179,EQ00001052,2021-06-20,NDT,Defect Found,Leak indication
INSP000003180,EQ00001053,2025-06-21,Visual,Pass,None
INSP000003181,EQ00001053,2021-04-29,Thickness,Defect Found,Leak indication
INSP000003182,EQ00001054,2023-06-05,Electrical,Pass,Leak indication
INSP000003183,EQ00001054,2023-07-30,Functional,Conditional,Leak indication
INSP000003184,EQ00001054,2023-01-11,Safety Device,Pass,None
INSP000003185,EQ00001054,2025-09-29,Thickness,Pass,Leak indication
INSP000003186,EQ00001055,2025-11-05,NDT,Conditional,Alarm test issue
INSP000003187,EQ00001055,2025-01-21,Electrical,Pass,Alarm test issue
INSP000003188,EQ00001055,2023-05-13,Safety Device,Defect Found,Alarm test issue
INSP000003189,EQ00001055,2025-04-06,Thickness,Pass,None
INSP000003190,EQ00001055,2026-04-26,Visual,Pass,None
INSP000003191,EQ00001056,2021-09-24,Functional,Pass,None
INSP000003192,EQ00001056,2022-07-16,Functional,Pass,Alarm test issue
INSP000003193,EQ00001056,2022-02-24,Safety Device,Conditional,Alarm test issue
INSP000003194,EQ00001056,2023-07-11,Safety Device,Pass,None
INSP000003195,EQ00001056,2026-02-27,NDT,Pass,Leak indication
INSP000003196,EQ00001057,2024-02-14,Visual,Pass,Alarm test issue
INSP000003197,EQ00001058,2026-05-25,Visual,Pass,None
INSP000003198,EQ00001058,2021-08-15,Electrical,Pass,Leak indication
INSP000003199,EQ00001058,2026-03-04,Functional,Pass,Alarm test issue
INSP000003200,EQ00001059,2024-09-12,Visual,Pass,Leak indication
INSP000003201,EQ00001060,2023-08-31,Safety Device,Defect Found,Alarm test issue
INSP000003202,EQ00001060,2024-12-08,Functional,Pass,Minor corrosion
INSP000003203,EQ00001060,2021-01-04,Electrical,Pass,None
INSP000003204,EQ00001060,2023-03-17,NDT,Defect Found,Leak indication
INSP000003205,EQ00001060,2025-02-01,Visual,Pass,Minor corrosion
INSP000003206,EQ00001061,2023-03-09,Thickness,Pass,None
INSP000003207,EQ00001061,2021-10-09,Functional,Conditional,Leak indication
INSP000003208,EQ00001061,2022-06-22,NDT,Pass,Vibration concern
INSP000003209,EQ00001061,2023-04-28,Electrical,Pass,Minor corrosion
INSP000003210,EQ00001061,2024-11-08,Safety Device,Pass,Minor corrosion
INSP000003211,EQ00001062,2023-11-24,NDT,Pass,Minor corrosion
INSP000003212,EQ00001062,2024-07-20,NDT,Pass,Minor corrosion
INSP000003213,EQ00001062,2025-02-24,Safety Device,Pass,Alarm test issue
INSP000003214,EQ00001062,2025-11-16,Electrical,Defect Found,Leak indication
INSP000003215,EQ00001062,2022-05-16,Safety Device,Pass,Alarm test issue
INSP000003216,EQ00001063,2026-04-23,Thickness,Pass,Alarm test issue
INSP000003217,EQ00001063,2021-03-08,Safety Device,Conditional,Vibration concern
INSP000003218,EQ00001063,2022-03-04,Visual,Pass,Alarm test issue
INSP000003219,EQ00001063,2022-12-17,Safety Device,Pass,Minor corrosion
INSP000003220,EQ00001063,2026-08-19,Visual,Pass,None
INSP000003221,EQ00001064,2026-02-01,Visual,Pass,Minor corrosion
INSP000003222,EQ00001064,2026-07-06,Thickness,Conditional,Minor corrosion
INSP000003223,EQ00001065,2021-06-08,Visual,Pass,Leak indication
INSP000003224,EQ00001066,2022-05-13,NDT,Pass,Alarm test issue
INSP000003225,EQ00001067,2022-11-01,Electrical,Pass,Minor corrosion
INSP000003226,EQ00001067,2025-10-23,Thickness,Conditional,Minor corrosion
INSP000003227,EQ00001067,2025-11-01,Thickness,Conditional,Minor corrosion
INSP000003228,EQ00001067,2026-01-10,NDT,Pass,Minor corrosion
INSP000003229,EQ00001067,2026-08-02,Electrical,Pass,Alarm test issue
INSP000003230,EQ00001068,2025-03-08,Visual,Defect Found,Leak indication
INSP000003231,EQ00001068,2026-03-19,NDT,Conditional,Vibration concern
INSP000003232,EQ00001068,2024-07-19,Safety Device,Conditional,Leak indication
INSP000003233,EQ00001069,2021-10-22,Safety Device,Pass,Leak indication
INSP000003234,EQ00001069,2021-09-14,Thickness,Pass,Alarm test issue
INSP000003235,EQ00001069,2025-02-11,Thickness,Pass,None
INSP000003236,EQ00001069,2024-04-19,NDT,Pass,Alarm test issue
INSP000003237,EQ00001069,2026-01-23,Visual,Defect Found,None
INSP000003238,EQ00001070,2021-09-04,NDT,Defect Found,None
INSP000003239,EQ00001070,2022-12-19,Visual,Pass,Minor corrosion
INSP000003240,EQ00001070,2024-06-18,Visual,Defect Found,Alarm test issue
INSP000003241,EQ00001071,2025-01-31,NDT,Pass,Leak indication
INSP000003242,EQ00001071,2023-09-23,Visual,Pass,None
INSP000003243,EQ00001071,2024-03-30,NDT,Pass,Minor corrosion
INSP000003244,EQ00001071,2024-07-28,Visual,Defect Found,Vibration concern
INSP000003245,EQ00001072,2022-06-29,Functional,Pass,Leak indication
INSP000003246,EQ00001072,2025-02-03,Visual,Pass,Vibration concern
INSP000003247,EQ00001072,2024-08-25,Functional,Defect Found,Alarm test issue
INSP000003248,EQ00001072,2026-04-11,Thickness,Pass,Leak indication
INSP000003249,EQ00001072,2022-08-29,Thickness,Defect Found,Minor corrosion
INSP000003250,EQ00001073,2025-05-31,Safety Device,Defect Found,None
INSP000003251,EQ00001073,2023-10-31,Visual,Pass,Vibration concern
INSP000003252,EQ00001073,2025-09-19,Functional,Conditional,Alarm test issue
INSP000003253,EQ00001073,2022-07-04,Thickness,Defect Found,None
INSP000003254,EQ00001073,2024-05-21,NDT,Conditional,Minor corrosion
INSP000003255,EQ00001074,2022-02-02,Visual,Pass,Vibration concern
INSP000003256,EQ00001074,2024-04-27,NDT,Pass,Alarm test issue
INSP000003257,EQ00001074,2021-11-22,NDT,Pass,None
INSP000003258,EQ00001074,2021-01-09,Visual,Pass,Minor corrosion
INSP000003259,EQ00001075,2025-04-29,NDT,Pass,Minor corrosion
INSP000003260,EQ00001075,2022-08-04,NDT,Pass,Vibration concern
INSP000003261,EQ00001075,2024-08-02,Thickness,Conditional,Leak indication
INSP000003262,EQ00001075,2021-07-21,Electrical,Defect Found,Minor corrosion
INSP000003263,EQ00001076,2022-08-13,Functional,Defect Found,Minor corrosion
INSP000003264,EQ00001077,2022-03-10,Functional,Pass,Leak indication
INSP000003265,EQ00001077,2022-08-10,NDT,Pass,Minor corrosion
INSP000003266,EQ00001077,2026-07-10,NDT,Defect Found,Minor corrosion
INSP000003267,EQ00001077,2023-09-20,Functional,Conditional,Leak indication
INSP000003268,EQ00001077,2021-05-05,Electrical,Pass,Minor corrosion
INSP000003269,EQ00001078,2025-10-04,NDT,Conditional,Alarm test issue
INSP000003270,EQ00001078,2026-07-01,Functional,Pass,Leak indication
INSP000003271,EQ00001078,2024-09-29,NDT,Defect Found,Vibration concern
INSP000003272,EQ00001079,2023-01-04,Thickness,Pass,Vibration concern
INSP000003273,EQ00001080,2026-08-24,Functional,Pass,Minor corrosion
INSP000003274,EQ00001080,2021-01-27,NDT,Pass,Alarm test issue
INSP000003275,EQ00001080,2024-07-06,Thickness,Conditional,Alarm test issue
INSP000003276,EQ00001080,2025-08-22,NDT,Pass,Vibration concern
INSP000003277,EQ00001080,2021-10-21,NDT,Pass,Vibration concern
INSP000003278,EQ00001081,2021-09-17,Thickness,Defect Found,Alarm test issue
INSP000003279,EQ00001081,2025-03-12,NDT,Pass,Vibration concern
INSP000003280,EQ00001081,2025-11-28,NDT,Pass,Vibration concern
INSP000003281,EQ00001081,2021-10-07,Electrical,Pass,Leak indication
INSP000003282,EQ00001082,2024-08-25,Visual,Pass,None
INSP000003283,EQ00001082,2024-04-01,Visual,Conditional,Leak indication
INSP000003284,EQ00001082,2023-10-01,Thickness,Pass,Vibration concern
INSP000003285,EQ00001083,2021-03-23,Electrical,Pass,None
INSP000003286,EQ00001084,2023-12-17,Functional,Pass,Vibration concern
INSP000003287,EQ00001085,2025-03-23,NDT,Pass,Minor corrosion
INSP000003288,EQ00001086,2021-09-16,Thickness,Pass,Vibration concern
INSP000003289,EQ00001086,2022-01-18,Visual,Pass,Leak indication
INSP000003290,EQ00001087,2025-04-06,Visual,Defect Found,Leak indication
INSP000003291,EQ00001087,2021-02-24,Visual,Defect Found,Vibration concern
INSP000003292,EQ00001087,2025-07-30,Thickness,Pass,Minor corrosion
INSP000003293,EQ00001088,2023-07-02,Thickness,Pass,Leak indication
INSP000003294,EQ00001088,2024-07-08,Electrical,Pass,Vibration concern
INSP000003295,EQ00001088,2022-08-17,Functional,Pass,Minor corrosion
INSP000003296,EQ00001088,2022-12-05,Thickness,Pass,Alarm test issue
INSP000003297,EQ00001089,2025-12-07,NDT,Defect Found,Alarm test issue
INSP000003298,EQ00001089,2024-01-05,Thickness,Pass,None
INSP000003299,EQ00001089,2021-02-09,Functional,Pass,Leak indication
INSP000003300,EQ00001089,2021-05-23,Safety Device,Pass,Vibration concern
INSP000003301,EQ00001090,2022-01-02,Thickness,Pass,Leak indication
INSP000003302,EQ00001090,2023-08-05,Functional,Pass,Leak indication
INSP000003303,EQ00001091,2022-05-26,Safety Device,Conditional,Alarm test issue
INSP000003304,EQ00001091,2022-06-01,Thickness,Defect Found,Minor corrosion
INSP000003305,EQ00001091,2021-01-31,Electrical,Defect Found,Minor corrosion
INSP000003306,EQ00001091,2022-06-01,Visual,Pass,Leak indication
INSP000003307,EQ00001092,2026-05-20,Visual,Pass,None
INSP000003308,EQ00001092,2026-03-01,Electrical,Conditional,Alarm test issue
INSP000003309,EQ00001092,2025-03-22,Functional,Conditional,Alarm test issue
INSP000003310,EQ00001092,2022-11-15,Thickness,Defect Found,Vibration concern
INSP000003311,EQ00001093,2024-11-05,Thickness,Conditional,Vibration concern
INSP000003312,EQ00001094,2023-08-30,Functional,Pass,None
INSP000003313,EQ00001094,2026-07-03,Electrical,Pass,None
INSP000003314,EQ00001094,2023-10-30,Thickness,Pass,Vibration concern
INSP000003315,EQ00001094,2025-04-08,Functional,Defect Found,Leak indication
INSP000003316,EQ00001094,2023-02-06,Visual,Conditional,Minor corrosion
INSP000003317,EQ00001095,2023-07-05,Visual,Defect Found,Vibration concern
INSP000003318,EQ00001095,2023-06-14,Electrical,Pass,None
INSP000003319,EQ00001095,2024-06-28,Functional,Pass,Vibration concern
INSP000003320,EQ00001096,2022-04-30,Functional,Pass,Minor corrosion
INSP000003321,EQ00001097,2023-11-19,Functional,Pass,Vibration concern
INSP000003322,EQ00001097,2023-06-16,NDT,Pass,Vibration concern
INSP000003323,EQ00001097,2021-10-19,Thickness,Defect Found,Minor corrosion
INSP000003324,EQ00001097,2023-10-12,NDT,Defect Found,Leak indication
INSP000003325,EQ00001097,2022-10-03,Functional,Pass,None
INSP000003326,EQ00001098,2021-09-24,Safety Device,Pass,None
INSP000003327,EQ00001098,2022-06-14,Thickness,Conditional,None
INSP000003328,EQ00001098,2025-05-05,Visual,Pass,None
INSP000003329,EQ00001098,2025-03-29,Safety Device,Defect Found,Alarm test issue
INSP000003330,EQ00001098,2024-11-19,Safety Device,Conditional,None
INSP000003331,EQ00001099,2024-09-05,Functional,Pass,Minor corrosion
INSP000003332,EQ00001100,2022-04-07,Safety Device,Pass,Minor corrosion
INSP000003333,EQ00001100,2025-05-05,Electrical,Pass,Alarm test issue
INSP000003334,EQ00001100,2022-02-04,Electrical,Pass,None
INSP000003335,EQ00001100,2023-05-22,NDT,Pass,Alarm test issue
INSP000003336,EQ00001100,2024-07-07,Electrical,Conditional,Vibration concern
INSP000003337,EQ00001101,2021-08-02,Safety Device,Conditional,Vibration concern
INSP000003338,EQ00001101,2024-07-13,Visual,Pass,Alarm test issue
INSP000003339,EQ00001101,2026-03-29,Safety Device,Conditional,Minor corrosion
INSP000003340,EQ00001101,2023-02-19,Thickness,Conditional,None
INSP000003341,EQ00001101,2023-09-29,Thickness,Defect Found,Vibration concern
INSP000003342,EQ00001102,2022-08-15,Thickness,Pass,Leak indication
INSP000003343,EQ00001102,2021-04-12,Electrical,Pass,Minor corrosion
INSP000003344,EQ00001103,2022-03-13,Functional,Conditional,Leak indication
INSP000003345,EQ00001103,2023-07-29,Functional,Pass,Vibration concern
INSP000003346,EQ00001104,2024-05-16,Visual,Pass,None
INSP000003347,EQ00001105,2026-06-13,Safety Device,Pass,None
INSP000003348,EQ00001105,2024-06-26,Functional,Pass,Leak indication
INSP000003349,EQ00001105,2025-04-04,NDT,Pass,Leak indication
INSP000003350,EQ00001105,2021-04-09,Visual,Conditional,Minor corrosion
INSP000003351,EQ00001106,2022-07-07,Electrical,Conditional,None
INSP000003352,EQ00001106,2023-04-22,Electrical,Conditional,None
INSP000003353,EQ00001106,2024-11-06,Electrical,Conditional,Alarm test issue
INSP000003354,EQ00001107,2021-08-30,NDT,Pass,Alarm test issue
INSP000003355,EQ00001107,2022-01-16,Safety Device,Conditional,Alarm test issue
INSP000003356,EQ00001107,2024-07-22,Visual,Conditional,Leak indication
INSP000003357,EQ00001108,2025-07-28,Electrical,Pass,Vibration concern
INSP000003358,EQ00001109,2021-04-09,Safety Device,Pass,None
INSP000003359,EQ00001109,2022-05-04,Electrical,Pass,None
INSP000003360,EQ00001109,2021-10-08,Electrical,Defect Found,Alarm test issue
INSP000003361,EQ00001109,2026-03-31,Functional,Pass,Minor corrosion
INSP000003362,EQ00001110,2025-04-26,NDT,Pass,Alarm test issue
INSP000003363,EQ00001110,2024-04-12,NDT,Conditional,Minor corrosion
INSP000003364,EQ00001110,2026-07-17,Functional,Pass,Alarm test issue
INSP000003365,EQ00001110,2023-02-13,NDT,Defect Found,Vibration concern
INSP000003366,EQ00001111,2025-06-03,Functional,Pass,None
INSP000003367,EQ00001111,2021-12-11,Safety Device,Conditional,Minor corrosion
INSP000003368,EQ00001111,2021-02-19,Functional,Pass,None
INSP000003369,EQ00001111,2022-05-27,Functional,Pass,Minor corrosion
INSP000003370,EQ00001112,2024-11-26,Safety Device,Pass,Vibration concern
INSP000003371,EQ00001112,2024-09-24,Functional,Defect Found,Vibration concern
INSP000003372,EQ00001112,2026-07-14,Thickness,Conditional,Vibration concern
INSP000003373,EQ00001112,2024-02-19,NDT,Pass,Vibration concern
INSP000003374,EQ00001112,2025-02-19,NDT,Pass,Leak indication
INSP000003375,EQ00001113,2024-09-20,NDT,Pass,Leak indication
INSP000003376,EQ00001113,2022-08-02,Thickness,Pass,Minor corrosion
INSP000003377,EQ00001114,2026-08-08,NDT,Conditional,Vibration concern
INSP000003378,EQ00001115,2026-01-25,NDT,Defect Found,Vibration concern
INSP000003379,EQ00001115,2021-04-06,NDT,Pass,None
INSP000003380,EQ00001115,2024-08-14,Functional,Pass,Minor corrosion
INSP000003381,EQ00001116,2023-07-04,Safety Device,Pass,Leak indication
INSP000003382,EQ00001116,2021-05-11,Thickness,Defect Found,Leak indication
INSP000003383,EQ00001116,2026-05-05,NDT,Conditional,Vibration concern
INSP000003384,EQ00001116,2023-03-10,Visual,Defect Found,Alarm test issue
INSP000003385,EQ00001117,2021-11-24,NDT,Conditional,Alarm test issue
INSP000003386,EQ00001118,2023-12-26,Electrical,Pass,Vibration concern
INSP000003387,EQ00001118,2023-06-10,Visual,Pass,Leak indication
INSP000003388,EQ00001119,2025-08-18,Safety Device,Conditional,Vibration concern
INSP000003389,EQ00001119,2022-09-29,Thickness,Pass,None
INSP000003390,EQ00001119,2023-02-16,Visual,Pass,None
INSP000003391,EQ00001119,2025-04-22,Functional,Pass,Alarm test issue
INSP000003392,EQ00001119,2022-01-22,Visual,Conditional,None
INSP000003393,EQ00001120,2024-06-08,NDT,Pass,Leak indication
INSP000003394,EQ00001120,2023-04-28,Thickness,Defect Found,Vibration concern
INSP000003395,EQ00001120,2022-04-23,Electrical,Pass,Minor corrosion
INSP000003396,EQ00001120,2022-03-07,Visual,Pass,Vibration concern
INSP000003397,EQ00001121,2025-09-05,Functional,Pass,Leak indication
INSP000003398,EQ00001122,2023-02-24,Visual,Pass,Vibration concern
INSP000003399,EQ00001122,2025-05-14,Visual,Pass,None
INSP000003400,EQ00001122,2025-10-02,Safety Device,Conditional,None
INSP000003401,EQ00001122,2023-11-08,Electrical,Pass,Minor corrosion
INSP000003402,EQ00001123,2021-12-29,Visual,Pass,Vibration concern
INSP000003403,EQ00001124,2023-05-17,Functional,Pass,Vibration concern
INSP000003404,EQ00001125,2022-01-06,NDT,Defect Found,Vibration concern
INSP000003405,EQ00001125,2023-08-01,Functional,Defect Found,None
INSP000003406,EQ00001125,2023-02-12,Electrical,Pass,Minor corrosion
INSP000003407,EQ00001126,2026-07-24,Safety Device,Defect Found,Vibration concern
INSP000003408,EQ00001126,2024-08-14,Visual,Pass,Alarm test issue
INSP000003409,EQ00001126,2026-02-26,NDT,Pass,Leak indication
INSP000003410,EQ00001126,2025-03-06,Visual,Pass,Leak indication
INSP000003411,EQ00001127,2026-04-27,Functional,Pass,None
INSP000003412,EQ00001128,2023-10-06,Electrical,Pass,Alarm test issue
INSP000003413,EQ00001128,2023-09-03,Safety Device,Conditional,Minor corrosion
INSP000003414,EQ00001129,2021-01-18,Safety Device,Pass,Vibration concern
INSP000003415,EQ00001130,2021-05-03,Visual,Pass,None
INSP000003416,EQ00001130,2025-12-01,Safety Device,Pass,Alarm test issue
INSP000003417,EQ00001130,2024-03-26,NDT,Defect Found,None
INSP000003418,EQ00001130,2023-02-04,Functional,Conditional,Alarm test issue
INSP000003419,EQ00001131,2026-08-03,Visual,Pass,Alarm test issue
INSP000003420,EQ00001131,2025-12-10,Safety Device,Conditional,Minor corrosion
INSP000003421,EQ00001132,2022-11-11,Visual,Pass,Minor corrosion
INSP000003422,EQ00001132,2025-09-04,Functional,Pass,None
INSP000003423,EQ00001133,2025-08-29,Functional,Pass,Vibration concern
INSP000003424,EQ00001133,2022-01-22,NDT,Pass,Minor corrosion
INSP000003425,EQ00001133,2023-09-11,Thickness,Defect Found,Vibration concern
INSP000003426,EQ00001133,2024-10-27,Electrical,Pass,Leak indication
INSP000003427,EQ00001133,2023-12-17,Electrical,Pass,Leak indication
INSP000003428,EQ00001134,2021-03-24,NDT,Pass,None
INSP000003429,EQ00001134,2021-08-25,Thickness,Defect Found,Vibration concern
INSP000003430,EQ00001135,2024-08-18,NDT,Pass,Vibration concern
INSP000003431,EQ00001135,2022-04-20,Safety Device,Conditional,Leak indication
INSP000003432,EQ00001136,2025-11-29,Electrical,Defect Found,Alarm test issue
INSP000003433,EQ00001136,2023-01-20,NDT,Pass,Minor corrosion
INSP000003434,EQ00001136,2023-09-26,Electrical,Pass,None
INSP000003435,EQ00001137,2023-05-09,Safety Device,Conditional,Alarm test issue
INSP000003436,EQ00001137,2026-07-11,Thickness,Pass,Alarm test issue
INSP000003437,EQ00001137,2025-11-29,Thickness,Pass,Vibration concern
INSP000003438,EQ00001137,2022-08-31,Functional,Pass,Vibration concern
INSP000003439,EQ00001138,2021-11-27,NDT,Conditional,Leak indication
INSP000003440,EQ00001138,2023-08-02,Safety Device,Pass,Vibration concern
INSP000003441,EQ00001138,2022-09-28,NDT,Pass,Leak indication
INSP000003442,EQ00001138,2026-07-21,Visual,Pass,Minor corrosion
INSP000003443,EQ00001138,2024-01-21,Thickness,Pass,Alarm test issue
INSP000003444,EQ00001139,2023-08-29,Thickness,Pass,None
INSP000003445,EQ00001139,2022-11-01,Safety Device,Pass,Leak indication
INSP000003446,EQ00001139,2026-05-17,Electrical,Conditional,None
INSP000003447,EQ00001140,2024-09-18,Electrical,Conditional,Minor corrosion
INSP000003448,EQ00001140,2023-04-17,Functional,Pass,Minor corrosion
INSP000003449,EQ00001141,2024-08-26,Safety Device,Pass,Alarm test issue
INSP000003450,EQ00001141,2021-05-20,Thickness,Pass,Alarm test issue
INSP000003451,EQ00001141,2021-08-07,Thickness,Defect Found,Leak indication
INSP000003452,EQ00001141,2025-01-04,Functional,Pass,Leak indication
INSP000003453,EQ00001142,2023-09-02,Thickness,Pass,Leak indication
INSP000003454,EQ00001142,2026-02-06,Thickness,Pass,Minor corrosion
INSP000003455,EQ00001142,2022-07-02,Safety Device,Pass,Leak indication
INSP000003456,EQ00001143,2025-07-22,NDT,Pass,None
INSP000003457,EQ00001144,2023-07-22,Safety Device,Pass,Leak indication
INSP000003458,EQ00001144,2023-08-11,Safety Device,Pass,None
INSP000003459,EQ00001145,2021-09-25,Visual,Pass,Leak indication
INSP000003460,EQ00001146,2022-04-07,Visual,Conditional,Leak indication
INSP000003461,EQ00001146,2022-01-20,Electrical,Conditional,Vibration concern
INSP000003462,EQ00001147,2023-02-08,Visual,Pass,Alarm test issue
INSP000003463,EQ00001147,2025-03-08,NDT,Defect Found,Minor corrosion
INSP000003464,EQ00001147,2024-03-03,Visual,Pass,None
INSP000003465,EQ00001147,2021-03-19,Functional,Pass,Minor corrosion
INSP000003466,EQ00001147,2025-12-20,Electrical,Pass,Vibration concern
INSP000003467,EQ00001148,2022-05-21,Functional,Pass,None
INSP000003468,EQ00001148,2024-06-20,NDT,Pass,None
INSP000003469,EQ00001149,2023-06-24,Electrical,Conditional,Alarm test issue
INSP000003470,EQ00001150,2025-03-23,Safety Device,Pass,Vibration concern
INSP000003471,EQ00001150,2025-12-31,Visual,Conditional,None
INSP000003472,EQ00001151,2021-03-02,Visual,Pass,Minor corrosion
INSP000003473,EQ00001151,2024-09-22,Thickness,Defect Found,Leak indication
INSP000003474,EQ00001152,2026-04-05,NDT,Conditional,Leak indication
INSP000003475,EQ00001153,2026-03-30,Visual,Pass,None
INSP000003476,EQ00001154,2021-01-26,Functional,Pass,Alarm test issue
INSP000003477,EQ00001155,2026-03-24,Visual,Pass,Leak indication
INSP000003478,EQ00001155,2025-11-12,Electrical,Pass,None
INSP000003479,EQ00001155,2025-04-26,Visual,Pass,Leak indication
INSP000003480,EQ00001155,2024-10-10,Functional,Pass,Minor corrosion
INSP000003481,EQ00001156,2024-10-21,Functional,Conditional,Leak indication
INSP000003482,EQ00001156,2022-08-07,Visual,Pass,Leak indication
INSP000003483,EQ00001157,2023-01-11,Functional,Pass,Leak indication
INSP000003484,EQ00001157,2024-02-25,Electrical,Defect Found,None
INSP000003485,EQ00001157,2025-01-01,Electrical,Pass,Vibration concern
INSP000003486,EQ00001157,2023-09-14,Safety Device,Conditional,None
INSP000003487,EQ00001158,2022-02-27,Visual,Conditional,Leak indication
INSP000003488,EQ00001158,2022-05-23,Safety Device,Pass,Leak indication
INSP000003489,EQ00001158,2023-11-18,Electrical,Pass,Alarm test issue
INSP000003490,EQ00001159,2024-02-28,Functional,Pass,Leak indication
INSP000003491,EQ00001160,2024-12-20,Electrical,Conditional,Minor corrosion
INSP000003492,EQ00001160,2025-05-18,Functional,Pass,Alarm test issue
INSP000003493,EQ00001160,2024-01-22,Functional,Pass,Vibration concern
INSP000003494,EQ00001160,2025-03-31,Functional,Pass,Vibration concern
INSP000003495,EQ00001161,2026-06-29,NDT,Conditional,Minor corrosion
INSP000003496,EQ00001161,2022-10-05,Safety Device,Pass,Minor corrosion
INSP000003497,EQ00001161,2022-12-02,Functional,Defect Found,None
INSP000003498,EQ00001161,2024-07-17,Functional,Pass,Vibration concern
INSP000003499,EQ00001161,2024-01-23,Thickness,Conditional,Vibration concern
INSP000003500,EQ00001162,2021-03-01,Safety Device,Pass,Minor corrosion
INSP000003501,EQ00001162,2023-01-03,Thickness,Pass,None
INSP000003502,EQ00001162,2024-03-22,NDT,Pass,Leak indication
INSP000003503,EQ00001162,2023-07-05,Functional,Pass,Alarm test issue
INSP000003504,EQ00001162,2021-01-21,Electrical,Pass,None
INSP000003505,EQ00001163,2024-10-23,NDT,Pass,Vibration concern
INSP000003506,EQ00001163,2022-05-17,Functional,Defect Found,Minor corrosion
INSP000003507,EQ00001163,2024-11-06,Electrical,Pass,Leak indication
INSP000003508,EQ00001164,2025-01-19,Functional,Pass,None
INSP000003509,EQ00001164,2026-02-27,Visual,Pass,Vibration concern
INSP000003510,EQ00001164,2023-01-24,Electrical,Pass,None
INSP000003511,EQ00001165,2022-12-16,Safety Device,Pass,Minor corrosion
INSP000003512,EQ00001166,2023-11-08,Thickness,Conditional,Alarm test issue
INSP000003513,EQ00001166,2022-02-26,Visual,Defect Found,Vibration concern
INSP000003514,EQ00001166,2025-09-29,Thickness,Pass,None
INSP000003515,EQ00001166,2023-01-18,Safety Device,Conditional,Vibration concern
INSP000003516,EQ00001167,2023-12-19,Electrical,Pass,Minor corrosion
INSP000003517,EQ00001167,2026-07-15,Thickness,Defect Found,None
INSP000003518,EQ00001167,2022-06-24,Electrical,Pass,Alarm test issue
INSP000003519,EQ00001167,2024-10-05,Electrical,Defect Found,Minor corrosion
INSP000003520,EQ00001168,2026-05-26,Safety Device,Conditional,None
INSP000003521,EQ00001168,2024-04-04,Safety Device,Pass,Vibration concern
INSP000003522,EQ00001168,2023-10-03,Safety Device,Pass,Vibration concern
INSP000003523,EQ00001168,2021-06-26,Visual,Pass,Alarm test issue
INSP000003524,EQ00001169,2022-07-10,Safety Device,Pass,Minor corrosion
INSP000003525,EQ00001169,2022-02-28,Thickness,Pass,Leak indication
INSP000003526,EQ00001169,2024-12-27,Thickness,Pass,None
INSP000003527,EQ00001169,2024-01-11,NDT,Pass,None
INSP000003528,EQ00001170,2021-11-20,Electrical,Pass,Vibration concern
INSP000003529,EQ00001170,2023-09-02,Safety Device,Conditional,Leak indication
INSP000003530,EQ00001170,2022-05-11,Safety Device,Pass,Vibration concern
INSP000003531,EQ00001170,2026-08-31,Functional,Pass,Vibration concern
INSP000003532,EQ00001171,2023-03-22,Functional,Conditional,Vibration concern
INSP000003533,EQ00001172,2025-07-30,Visual,Pass,Vibration concern
INSP000003534,EQ00001173,2026-07-23,Safety Device,Pass,Vibration concern
INSP000003535,EQ00001173,2024-11-01,Visual,Pass,Leak indication
INSP000003536,EQ00001174,2025-05-26,NDT,Defect Found,Alarm test issue
INSP000003537,EQ00001174,2021-11-12,Visual,Defect Found,Alarm test issue
INSP000003538,EQ00001175,2022-04-03,Safety Device,Pass,None
INSP000003539,EQ00001175,2025-09-06,Safety Device,Pass,Vibration concern
INSP000003540,EQ00001175,2024-05-19,NDT,Pass,None
INSP000003541,EQ00001175,2026-08-02,NDT,Pass,Vibration concern
INSP000003542,EQ00001175,2023-01-18,NDT,Conditional,None
INSP000003543,EQ00001176,2025-11-07,Safety Device,Pass,None
INSP000003544,EQ00001176,2021-05-25,Functional,Pass,Minor corrosion
INSP000003545,EQ00001176,2025-07-29,Electrical,Pass,Alarm test issue
INSP000003546,EQ00001176,2022-09-30,Functional,Conditional,None
INSP000003547,EQ00001176,2022-08-21,Visual,Pass,Vibration concern
INSP000003548,EQ00001177,2021-03-14,Functional,Pass,None
INSP000003549,EQ00001177,2023-01-20,NDT,Pass,Vibration concern
INSP000003550,EQ00001178,2022-06-27,Functional,Conditional,Alarm test issue
INSP000003551,EQ00001178,2021-02-27,Thickness,Pass,Minor corrosion
INSP000003552,EQ00001178,2024-10-27,Electrical,Pass,Vibration concern
INSP000003553,EQ00001178,2021-09-19,NDT,Pass,None
INSP000003554,EQ00001178,2023-02-20,Visual,Defect Found,Minor corrosion
INSP000003555,EQ00001179,2025-09-12,Electrical,Pass,Leak indication
INSP000003556,EQ00001179,2025-04-02,Visual,Conditional,None
INSP000003557,EQ00001180,2025-05-21,Safety Device,Conditional,Minor corrosion
INSP000003558,EQ00001181,2025-03-23,Electrical,Pass,Leak indication
INSP000003559,EQ00001182,2026-05-13,Thickness,Pass,Alarm test issue
INSP000003560,EQ00001182,2024-02-02,Safety Device,Pass,None
INSP000003561,EQ00001182,2023-07-13,Safety Device,Pass,Alarm test issue
INSP000003562,EQ00001183,2021-11-30,Thickness,Pass,Vibration concern
INSP000003563,EQ00001183,2022-02-06,NDT,Pass,None
INSP000003564,EQ00001183,2025-04-20,Thickness,Pass,Minor corrosion
INSP000003565,EQ00001183,2026-06-15,Electrical,Pass,Vibration concern
INSP000003566,EQ00001184,2024-08-08,Electrical,Conditional,None
INSP000003567,EQ00001184,2025-03-19,Safety Device,Conditional,Minor corrosion
INSP000003568,EQ00001184,2021-02-12,Visual,Defect Found,Alarm test issue
INSP000003569,EQ00001184,2021-03-31,Visual,Pass,Vibration concern
INSP000003570,EQ00001184,2022-11-14,Visual,Pass,Alarm test issue
INSP000003571,EQ00001185,2024-01-27,Functional,Pass,Vibration concern
INSP000003572,EQ00001185,2024-09-30,Safety Device,Pass,Alarm test issue
INSP000003573,EQ00001185,2025-05-05,Thickness,Pass,Vibration concern
INSP000003574,EQ00001185,2021-01-25,Visual,Conditional,None
INSP000003575,EQ00001185,2021-06-29,Safety Device,Conditional,Minor corrosion
INSP000003576,EQ00001186,2023-10-11,Thickness,Pass,Leak indication
INSP000003577,EQ00001187,2022-09-13,NDT,Conditional,Vibration concern
INSP000003578,EQ00001187,2023-10-19,Visual,Pass,Vibration concern
INSP000003579,EQ00001187,2022-01-20,NDT,Pass,Vibration concern
INSP000003580,EQ00001188,2025-06-05,NDT,Conditional,Leak indication
INSP000003581,EQ00001188,2024-01-21,Visual,Pass,Leak indication
INSP000003582,EQ00001188,2021-08-05,NDT,Pass,Alarm test issue
INSP000003583,EQ00001188,2023-01-25,Safety Device,Conditional,Minor corrosion
INSP000003584,EQ00001188,2024-11-06,Thickness,Conditional,Minor corrosion
INSP000003585,EQ00001189,2021-08-14,Thickness,Pass,Leak indication
INSP000003586,EQ00001189,2022-12-15,Functional,Pass,None
INSP000003587,EQ00001189,2021-06-07,Thickness,Pass,Vibration concern
INSP000003588,EQ00001190,2024-07-19,Thickness,Defect Found,Vibration concern
INSP000003589,EQ00001190,2025-02-11,Functional,Pass,None
INSP000003590,EQ00001190,2025-01-08,NDT,Pass,None
INSP000003591,EQ00001191,2025-03-27,Safety Device,Pass,None
INSP000003592,EQ00001191,2023-12-04,Electrical,Pass,Vibration concern
INSP000003593,EQ00001192,2021-09-15,Visual,Pass,Leak indication
INSP000003594,EQ00001192,2022-10-12,Safety Device,Pass,Leak indication
INSP000003595,EQ00001192,2024-06-03,Thickness,Pass,Alarm test issue
INSP000003596,EQ00001192,2023-10-16,Electrical,Pass,Vibration concern
INSP000003597,EQ00001192,2023-01-02,Functional,Pass,None
INSP000003598,EQ00001193,2021-09-09,Visual,Defect Found,Vibration concern
INSP000003599,EQ00001193,2021-12-28,NDT,Pass,Alarm test issue
INSP000003600,EQ00001194,2021-07-10,Functional,Pass,Minor corrosion
INSP000003601,EQ00001194,2026-01-01,NDT,Pass,Leak indication
INSP000003602,EQ00001194,2022-11-04,Electrical,Conditional,Vibration concern
INSP000003603,EQ00001194,2021-05-10,Thickness,Pass,Vibration concern
INSP000003604,EQ00001194,2022-04-22,Safety Device,Defect Found,Vibration concern
INSP000003605,EQ00001195,2025-01-14,NDT,Pass,None
INSP000003606,EQ00001195,2024-10-25,Thickness,Pass,Alarm test issue
INSP000003607,EQ00001196,2026-01-09,Visual,Pass,Minor corrosion
INSP000003608,EQ00001196,2025-08-12,Functional,Pass,Minor corrosion
INSP000003609,EQ00001196,2024-09-23,Thickness,Pass,Vibration concern
INSP000003610,EQ00001197,2022-09-13,Safety Device,Pass,None
INSP000003611,EQ00001198,2026-08-24,Safety Device,Conditional,Minor corrosion
INSP000003612,EQ00001198,2022-03-12,NDT,Pass,None
INSP000003613,EQ00001198,2023-02-09,Electrical,Pass,None
INSP000003614,EQ00001198,2022-05-03,Electrical,Pass,None
INSP000003615,EQ00001199,2024-12-12,Visual,Pass,Minor corrosion
INSP000003616,EQ00001199,2026-03-14,Electrical,Pass,Minor corrosion
INSP000003617,EQ00001199,2024-08-07,NDT,Pass,Leak indication
INSP000003618,EQ00001199,2024-05-28,Visual,Defect Found,Alarm test issue
INSP000003619,EQ00001200,2021-12-15,Thickness,Pass,Vibration concern
INSP000003620,EQ00001200,2025-01-02,Electrical,Pass,Leak indication
INSP000003621,EQ00001201,2024-10-05,NDT,Pass,None
INSP000003622,EQ00001201,2023-01-25,Safety Device,Pass,None
INSP000003623,EQ00001201,2021-08-11,Functional,Defect Found,Leak indication
INSP000003624,EQ00001202,2025-06-07,Functional,Pass,Leak indication
INSP000003625,EQ00001202,2025-05-20,Visual,Pass,None
INSP000003626,EQ00001202,2021-04-19,Safety Device,Pass,Minor corrosion
INSP000003627,EQ00001202,2025-09-30,Thickness,Pass,Alarm test issue
INSP000003628,EQ00001202,2021-03-02,Safety Device,Pass,Vibration concern
INSP000003629,EQ00001203,2025-01-22,NDT,Pass,Leak indication
INSP000003630,EQ00001203,2026-05-18,Electrical,Pass,None
INSP000003631,EQ00001203,2026-06-04,Functional,Pass,Vibration concern
INSP000003632,EQ00001204,2021-12-29,Thickness,Pass,None
INSP000003633,EQ00001204,2021-08-12,Functional,Pass,Minor corrosion
INSP000003634,EQ00001204,2026-04-20,Electrical,Defect Found,Minor corrosion
INSP000003635,EQ00001204,2022-10-01,Electrical,Pass,None
INSP000003636,EQ00001205,2026-02-24,Electrical,Pass,Leak indication
INSP000003637,EQ00001205,2022-11-23,Thickness,Pass,Vibration concern
INSP000003638,EQ00001205,2023-11-13,Visual,Conditional,None
INSP000003639,EQ00001205,2022-07-16,Functional,Pass,None
INSP000003640,EQ00001205,2021-02-04,Functional,Pass,Alarm test issue
INSP000003641,EQ00001206,2021-12-03,Functional,Pass,Vibration concern
INSP000003642,EQ00001206,2024-12-07,Safety Device,Pass,Minor corrosion
INSP000003643,EQ00001206,2021-10-16,Functional,Defect Found,Alarm test issue
INSP000003644,EQ00001207,2022-09-30,Electrical,Pass,Alarm test issue
INSP000003645,EQ00001207,2024-05-01,Functional,Pass,None
INSP000003646,EQ00001208,2026-06-24,Electrical,Conditional,None
INSP000003647,EQ00001209,2023-02-02,Safety Device,Defect Found,Leak indication
INSP000003648,EQ00001209,2026-02-22,Visual,Pass,Minor corrosion
INSP000003649,EQ00001209,2023-03-23,Safety Device,Conditional,None
INSP000003650,EQ00001210,2023-06-21,Visual,Conditional,Leak indication
INSP000003651,EQ00001210,2024-11-28,Electrical,Conditional,Minor corrosion
INSP000003652,EQ00001211,2021-10-10,Safety Device,Pass,Vibration concern
INSP000003653,EQ00001211,2022-06-20,Thickness,Pass,None
INSP000003654,EQ00001212,2023-11-28,Functional,Pass,Alarm test issue
INSP000003655,EQ00001212,2024-04-03,NDT,Pass,Vibration concern
INSP000003656,EQ00001212,2026-08-15,Safety Device,Pass,Vibration concern
INSP000003657,EQ00001213,2024-06-15,Thickness,Pass,None
INSP000003658,EQ00001213,2024-11-06,NDT,Pass,None
INSP000003659,EQ00001213,2021-10-21,Thickness,Pass,Vibration concern
INSP000003660,EQ00001213,2022-05-03,Thickness,Pass,Vibration concern
INSP000003661,EQ00001214,2024-10-15,Electrical,Pass,Minor corrosion
INSP000003662,EQ00001215,2023-02-17,Functional,Pass,Vibration concern
INSP000003663,EQ00001215,2022-09-03,Safety Device,Pass,Leak indication
INSP000003664,EQ00001215,2024-10-17,NDT,Conditional,Vibration concern
INSP000003665,EQ00001215,2023-03-10,NDT,Conditional,Alarm test issue
INSP000003666,EQ00001216,2025-09-09,Safety Device,Pass,Leak indication
INSP000003667,EQ00001216,2022-01-31,Functional,Pass,Vibration concern
INSP000003668,EQ00001216,2025-08-25,NDT,Pass,Minor corrosion
INSP000003669,EQ00001216,2025-12-18,Electrical,Pass,Vibration concern
INSP000003670,EQ00001217,2022-11-03,Electrical,Pass,Alarm test issue
INSP000003671,EQ00001217,2024-02-15,Thickness,Pass,Minor corrosion
INSP000003672,EQ00001217,2023-01-11,Electrical,Pass,Minor corrosion
INSP000003673,EQ00001217,2023-06-09,Electrical,Pass,None
INSP000003674,EQ00001217,2021-05-13,Thickness,Pass,Vibration concern
INSP000003675,EQ00001218,2025-03-18,NDT,Pass,Alarm test issue
INSP000003676,EQ00001218,2023-10-29,Functional,Defect Found,Alarm test issue
INSP000003677,EQ00001218,2022-02-02,Thickness,Conditional,Alarm test issue
INSP000003678,EQ00001218,2026-01-29,NDT,Pass,None
INSP000003679,EQ00001219,2021-08-31,Thickness,Pass,Minor corrosion
INSP000003680,EQ00001219,2021-12-26,NDT,Defect Found,None
INSP000003681,EQ00001220,2023-11-13,Electrical,Pass,Alarm test issue
INSP000003682,EQ00001220,2026-08-09,Visual,Conditional,Leak indication
INSP000003683,EQ00001220,2026-08-11,Electrical,Defect Found,Vibration concern
INSP000003684,EQ00001221,2025-03-26,NDT,Pass,Minor corrosion
INSP000003685,EQ00001221,2021-05-18,Visual,Pass,Vibration concern
INSP000003686,EQ00001221,2023-04-03,Functional,Pass,Leak indication
INSP000003687,EQ00001221,2022-10-22,Visual,Pass,Leak indication
INSP000003688,EQ00001221,2024-09-03,Visual,Pass,Minor corrosion
INSP000003689,EQ00001222,2022-04-13,Electrical,Defect Found,Vibration concern
INSP000003690,EQ00001222,2023-03-16,Electrical,Pass,Alarm test issue
INSP000003691,EQ00001223,2025-01-28,Safety Device,Conditional,Leak indication
INSP000003692,EQ00001223,2021-09-21,Thickness,Pass,Vibration concern
INSP000003693,EQ00001223,2024-04-15,Thickness,Pass,Vibration concern
INSP000003694,EQ00001224,2022-05-20,Electrical,Pass,Alarm test issue
INSP000003695,EQ00001224,2024-06-21,Thickness,Pass,None
INSP000003696,EQ00001224,2021-04-05,NDT,Pass,Alarm test issue
INSP000003697,EQ00001224,2024-02-11,Visual,Pass,Leak indication
INSP000003698,EQ00001225,2021-10-24,Visual,Pass,Vibration concern
INSP000003699,EQ00001225,2022-08-20,Safety Device,Defect Found,Alarm test issue
INSP000003700,EQ00001225,2022-12-21,Safety Device,Pass,Vibration concern
INSP000003701,EQ00001226,2026-05-13,NDT,Pass,Minor corrosion
INSP000003702,EQ00001226,2026-08-15,Safety Device,Defect Found,Minor corrosion
INSP000003703,EQ00001226,2023-07-17,Functional,Conditional,Minor corrosion
INSP000003704,EQ00001226,2022-02-21,NDT,Pass,Leak indication
INSP000003705,EQ00001226,2025-05-01,Functional,Conditional,Leak indication
INSP000003706,EQ00001227,2023-05-05,Visual,Pass,Leak indication
INSP000003707,EQ00001227,2024-05-23,Visual,Defect Found,Vibration concern
INSP000003708,EQ00001227,2026-03-13,Thickness,Pass,None
INSP000003709,EQ00001227,2023-01-17,Thickness,Pass,Alarm test issue
INSP000003710,EQ00001228,2022-01-02,NDT,Defect Found,Vibration concern
INSP000003711,EQ00001228,2022-11-02,Safety Device,Pass,None
INSP000003712,EQ00001229,2021-06-13,Visual,Defect Found,Vibration concern
INSP000003713,EQ00001229,2026-08-14,Electrical,Pass,Minor corrosion
INSP000003714,EQ00001230,2026-06-30,NDT,Pass,None
INSP000003715,EQ00001230,2024-03-28,Safety Device,Pass,Minor corrosion
INSP000003716,EQ00001230,2022-03-06,NDT,Pass,None
INSP000003717,EQ00001231,2025-04-07,NDT,Pass,Minor corrosion
INSP000003718,EQ00001231,2021-09-18,Thickness,Pass,Alarm test issue
INSP000003719,EQ00001231,2025-01-03,NDT,Conditional,Vibration concern
INSP000003720,EQ00001231,2022-05-14,Visual,Pass,Vibration concern
INSP000003721,EQ00001232,2025-02-09,Electrical,Pass,Leak indication
INSP000003722,EQ00001232,2022-04-22,NDT,Pass,Vibration concern
INSP000003723,EQ00001232,2024-01-01,Functional,Pass,Alarm test issue
INSP000003724,EQ00001232,2022-01-01,Safety Device,Conditional,Vibration concern
INSP000003725,EQ00001233,2024-05-10,Functional,Defect Found,None
INSP000003726,EQ00001234,2026-05-20,Safety Device,Pass,Leak indication
INSP000003727,EQ00001234,2024-09-02,Electrical,Pass,Minor corrosion
INSP000003728,EQ00001234,2022-06-07,Thickness,Pass,None
INSP000003729,EQ00001234,2023-02-07,Electrical,Pass,Alarm test issue
INSP000003730,EQ00001235,2024-11-08,Functional,Pass,Vibration concern
INSP000003731,EQ00001235,2023-06-27,Electrical,Defect Found,Alarm test issue
INSP000003732,EQ00001235,2022-09-14,Electrical,Pass,Leak indication
INSP000003733,EQ00001235,2024-11-30,NDT,Pass,None
INSP000003734,EQ00001235,2024-04-15,NDT,Pass,Alarm test issue
INSP000003735,EQ00001236,2024-03-19,Electrical,Pass,Minor corrosion
INSP000003736,EQ00001236,2025-10-07,Functional,Conditional,None
INSP000003737,EQ00001237,2022-02-18,Visual,Defect Found,None
INSP000003738,EQ00001237,2021-01-11,Electrical,Pass,Alarm test issue
INSP000003739,EQ00001238,2023-11-11,Functional,Pass,Alarm test issue
INSP000003740,EQ00001238,2023-05-27,Visual,Pass,None
INSP000003741,EQ00001238,2024-03-15,NDT,Conditional,Leak indication
INSP000003742,EQ00001238,2023-04-06,Thickness,Pass,Leak indication
INSP000003743,EQ00001238,2026-03-10,Thickness,Pass,Leak indication
INSP000003744,EQ00001239,2023-08-31,Visual,Pass,Alarm test issue
INSP000003745,EQ00001239,2024-12-23,Safety Device,Pass,Leak indication
INSP000003746,EQ00001239,2024-01-11,Electrical,Defect Found,Alarm test issue
INSP000003747,EQ00001239,2021-02-12,Safety Device,Conditional,None
INSP000003748,EQ00001239,2023-10-14,Visual,Pass,Minor corrosion
INSP000003749,EQ00001240,2026-08-03,Electrical,Pass,Vibration concern
INSP000003750,EQ00001240,2026-07-23,NDT,Pass,Leak indication
INSP000003751,EQ00001241,2021-06-26,Electrical,Pass,Alarm test issue
INSP000003752,EQ00001241,2021-02-12,Visual,Pass,Minor corrosion
INSP000003753,EQ00001242,2023-10-25,Functional,Pass,Minor corrosion
INSP000003754,EQ00001242,2024-04-17,Safety Device,Conditional,Minor corrosion
INSP000003755,EQ00001242,2024-01-09,Visual,Pass,None
INSP000003756,EQ00001243,2024-10-18,Functional,Conditional,Vibration concern
INSP000003757,EQ00001244,2025-01-10,Functional,Pass,Minor corrosion
INSP000003758,EQ00001244,2024-02-10,NDT,Pass,Minor corrosion
INSP000003759,EQ00001244,2023-01-30,Thickness,Pass,Leak indication
INSP000003760,EQ00001244,2024-06-09,NDT,Conditional,Vibration concern
INSP000003761,EQ00001245,2024-06-16,Safety Device,Pass,Leak indication
INSP000003762,EQ00001245,2021-04-03,Electrical,Defect Found,None
INSP000003763,EQ00001245,2021-02-22,NDT,Pass,None
INSP000003764,EQ00001245,2023-01-26,Visual,Defect Found,Minor corrosion
INSP000003765,EQ00001245,2024-05-13,Visual,Pass,Minor corrosion
INSP000003766,EQ00001246,2022-09-23,Thickness,Pass,None
INSP000003767,EQ00001246,2025-09-14,Visual,Defect Found,Alarm test issue
INSP000003768,EQ00001246,2026-01-02,Thickness,Pass,Leak indication
INSP000003769,EQ00001246,2024-05-01,Safety Device,Defect Found,Leak indication
INSP000003770,EQ00001246,2023-02-25,Safety Device,Pass,Vibration concern
INSP000003771,EQ00001247,2024-01-07,Safety Device,Pass,Minor corrosion
INSP000003772,EQ00001247,2024-11-21,Thickness,Pass,Alarm test issue
INSP000003773,EQ00001248,2025-12-13,Electrical,Pass,Vibration concern
INSP000003774,EQ00001248,2021-05-05,NDT,Pass,Vibration concern
INSP000003775,EQ00001248,2022-03-30,Functional,Pass,Leak indication
INSP000003776,EQ00001248,2026-02-22,NDT,Pass,Vibration concern
INSP000003777,EQ00001249,2025-01-06,Safety Device,Pass,Alarm test issue
INSP000003778,EQ00001250,2023-01-03,Safety Device,Pass,Leak indication
INSP000003779,EQ00001250,2024-05-28,Functional,Pass,Alarm test issue
INSP000003780,EQ00001250,2022-03-03,NDT,Pass,Vibration concern
INSP000003781,EQ00001251,2021-04-29,Visual,Pass,Leak indication
INSP000003782,EQ00001251,2025-03-02,Visual,Conditional,Alarm test issue
INSP000003783,EQ00001252,2024-06-03,Visual,Defect Found,Leak indication
INSP000003784,EQ00001252,2025-10-14,Electrical,Pass,Minor corrosion
INSP000003785,EQ00001253,2022-10-11,Safety Device,Pass,Vibration concern
INSP000003786,EQ00001253,2022-09-11,Safety Device,Defect Found,Leak indication
INSP000003787,EQ00001253,2022-10-20,Visual,Pass,Leak indication
INSP000003788,EQ00001253,2022-02-18,Thickness,Pass,Leak indication
INSP000003789,EQ00001253,2021-05-24,Visual,Pass,Vibration concern
INSP000003790,EQ00001254,2021-04-26,Electrical,Pass,Leak indication
INSP000003791,EQ00001255,2022-02-20,Thickness,Defect Found,None
INSP000003792,EQ00001256,2026-06-07,Electrical,Pass,Alarm test issue
INSP000003793,EQ00001256,2021-08-10,Electrical,Defect Found,Alarm test issue
INSP000003794,EQ00001257,2024-01-03,Safety Device,Pass,Leak indication
INSP000003795,EQ00001257,2023-12-30,Safety Device,Conditional,Leak indication
INSP000003796,EQ00001257,2021-10-08,Thickness,Defect Found,Leak indication
INSP000003797,EQ00001258,2021-08-12,Functional,Defect Found,Vibration concern
INSP000003798,EQ00001259,2023-08-26,Functional,Pass,Vibration concern
INSP000003799,EQ00001260,2022-06-29,NDT,Pass,None
INSP000003800,EQ00001260,2025-08-12,Visual,Pass,Minor corrosion
INSP000003801,EQ00001261,2023-07-19,NDT,Pass,Leak indication
INSP000003802,EQ00001261,2022-07-20,Safety Device,Pass,Minor corrosion
INSP000003803,EQ00001262,2026-06-17,Visual,Pass,None
INSP000003804,EQ00001262,2024-06-10,Safety Device,Pass,Minor corrosion
INSP000003805,EQ00001262,2021-10-20,Safety Device,Pass,None
INSP000003806,EQ00001262,2023-08-24,Functional,Pass,Vibration concern
INSP000003807,EQ00001262,2024-04-19,Visual,Pass,Minor corrosion
INSP000003808,EQ00001263,2025-08-23,Thickness,Pass,Vibration concern
INSP000003809,EQ00001263,2021-10-20,Functional,Pass,Minor corrosion
INSP000003810,EQ00001263,2023-08-08,Visual,Pass,Vibration concern
INSP000003811,EQ00001263,2021-10-19,Visual,Pass,Vibration concern
INSP000003812,EQ00001263,2023-09-08,Visual,Pass,Alarm test issue
INSP000003813,EQ00001264,2024-04-18,Functional,Pass,Vibration concern
INSP000003814,EQ00001264,2024-06-12,Safety Device,Pass,None
INSP000003815,EQ00001264,2023-01-18,NDT,Defect Found,Minor corrosion
INSP000003816,EQ00001264,2024-06-12,Electrical,Pass,Alarm test issue
INSP000003817,EQ00001265,2025-01-14,Visual,Conditional,Leak indication
INSP000003818,EQ00001266,2021-01-24,Electrical,Pass,Leak indication
INSP000003819,EQ00001266,2023-11-25,Visual,Defect Found,Alarm test issue
INSP000003820,EQ00001266,2021-02-07,Visual,Pass,Vibration concern
INSP000003821,EQ00001266,2021-07-14,Safety Device,Pass,Leak indication
INSP000003822,EQ00001266,2022-09-12,Electrical,Pass,None
INSP000003823,EQ00001267,2021-12-28,Thickness,Pass,Vibration concern
INSP000003824,EQ00001267,2025-09-01,NDT,Pass,Alarm test issue
INSP000003825,EQ00001267,2021-11-08,Thickness,Conditional,Vibration concern
INSP000003826,EQ00001267,2021-03-18,Electrical,Conditional,Alarm test issue
INSP000003827,EQ00001268,2023-09-18,Visual,Pass,Alarm test issue
INSP000003828,EQ00001268,2025-07-17,Safety Device,Pass,Leak indication
INSP000003829,EQ00001268,2025-02-16,Thickness,Pass,Vibration concern
INSP000003830,EQ00001268,2023-04-26,Thickness,Pass,Minor corrosion
INSP000003831,EQ00001269,2024-05-27,Functional,Defect Found,None
INSP000003832,EQ00001270,2025-02-19,Electrical,Pass,Minor corrosion
INSP000003833,EQ00001271,2023-06-14,Functional,Pass,Minor corrosion
INSP000003834,EQ00001271,2022-03-15,NDT,Pass,None
INSP000003835,EQ00001271,2021-10-29,NDT,Conditional,Vibration concern
INSP000003836,EQ00001271,2023-08-25,NDT,Pass,None
INSP000003837,EQ00001272,2021-07-24,Functional,Defect Found,Leak indication
INSP000003838,EQ00001272,2023-10-01,Electrical,Pass,Leak indication
INSP000003839,EQ00001272,2025-05-02,Electrical,Pass,None
INSP000003840,EQ00001273,2025-09-05,NDT,Pass,Leak indication
INSP000003841,EQ00001273,2023-04-02,Electrical,Pass,Minor corrosion
INSP000003842,EQ00001273,2023-06-12,Safety Device,Pass,Leak indication
INSP000003843,EQ00001273,2025-03-02,NDT,Pass,Minor corrosion
INSP000003844,EQ00001274,2026-02-21,Electrical,Defect Found,Minor corrosion
INSP000003845,EQ00001274,2025-01-09,Visual,Pass,Vibration concern
INSP000003846,EQ00001274,2022-01-22,Electrical,Pass,Minor corrosion
INSP000003847,EQ00001274,2021-07-27,NDT,Defect Found,Leak indication
INSP000003848,EQ00001274,2024-06-08,NDT,Pass,Alarm test issue
INSP000003849,EQ00001275,2022-09-04,NDT,Pass,Vibration concern
INSP000003850,EQ00001275,2026-01-07,Visual,Pass,Leak indication
INSP000003851,EQ00001275,2023-08-31,Electrical,Pass,None
INSP000003852,EQ00001276,2023-06-06,Thickness,Pass,Alarm test issue
INSP000003853,EQ00001276,2023-03-23,Visual,Pass,Vibration concern
INSP000003854,EQ00001276,2022-03-22,Safety Device,Pass,Leak indication
INSP000003855,EQ00001276,2021-08-23,Electrical,Pass,Leak indication
INSP000003856,EQ00001277,2021-06-20,Electrical,Pass,Vibration concern
INSP000003857,EQ00001277,2021-10-11,Electrical,Pass,Vibration concern
INSP000003858,EQ00001277,2023-12-28,Electrical,Defect Found,Alarm test issue
INSP000003859,EQ00001277,2024-05-10,Safety Device,Pass,Vibration concern
INSP000003860,EQ00001278,2025-09-23,Safety Device,Conditional,Vibration concern
INSP000003861,EQ00001278,2022-11-12,Functional,Pass,Minor corrosion
INSP000003862,EQ00001279,2024-12-10,Visual,Pass,Vibration concern
INSP000003863,EQ00001279,2023-02-02,Electrical,Pass,Leak indication
INSP000003864,EQ00001279,2024-03-02,Thickness,Pass,Minor corrosion
INSP000003865,EQ00001279,2021-01-01,Thickness,Defect Found,None
INSP000003866,EQ00001279,2024-11-16,Functional,Pass,Vibration concern
INSP000003867,EQ00001280,2022-01-13,Thickness,Defect Found,None
INSP000003868,EQ00001281,2024-11-01,Electrical,Pass,Leak indication
INSP000003869,EQ00001281,2021-08-14,NDT,Defect Found,Leak indication
INSP000003870,EQ00001281,2022-06-17,Safety Device,Pass,Minor corrosion
INSP000003871,EQ00001282,2022-01-22,Thickness,Conditional,None
INSP000003872,EQ00001282,2026-04-21,Thickness,Pass,None
INSP000003873,EQ00001282,2024-02-28,NDT,Conditional,Alarm test issue
INSP000003874,EQ00001282,2026-06-25,Visual,Pass,Alarm test issue
INSP000003875,EQ00001282,2025-05-07,Safety Device,Pass,Minor corrosion
INSP000003876,EQ00001283,2024-04-21,Functional,Pass,None
INSP000003877,EQ00001283,2022-04-13,Electrical,Pass,Vibration concern
INSP000003878,EQ00001283,2023-07-18,Functional,Pass,Minor corrosion
INSP000003879,EQ00001284,2024-04-16,Visual,Pass,Vibration concern
INSP000003880,EQ00001284,2021-01-15,Visual,Pass,Alarm test issue
INSP000003881,EQ00001285,2021-04-09,NDT,Pass,None
INSP000003882,EQ00001285,2023-05-17,Functional,Defect Found,Alarm test issue
INSP000003883,EQ00001285,2025-11-19,NDT,Pass,Vibration concern
INSP000003884,EQ00001286,2021-09-11,NDT,Pass,Vibration concern
INSP000003885,EQ00001286,2026-08-24,Functional,Pass,Vibration concern
INSP000003886,EQ00001286,2026-06-04,Electrical,Pass,Minor corrosion
INSP000003887,EQ00001287,2023-01-27,Electrical,Defect Found,Alarm test issue
INSP000003888,EQ00001287,2024-08-22,NDT,Conditional,None
INSP000003889,EQ00001288,2021-01-16,Safety Device,Conditional,Alarm test issue
INSP000003890,EQ00001289,2024-11-17,Thickness,Pass,Leak indication
INSP000003891,EQ00001290,2025-06-17,Safety Device,Pass,Leak indication
INSP000003892,EQ00001290,2025-01-04,Visual,Pass,Minor corrosion
INSP000003893,EQ00001290,2024-02-24,Visual,Pass,Alarm test issue
INSP000003894,EQ00001290,2026-02-09,NDT,Conditional,Alarm test issue
INSP000003895,EQ00001291,2023-01-27,Electrical,Pass,Alarm test issue
INSP000003896,EQ00001291,2021-08-09,Safety Device,Pass,Vibration concern
INSP000003897,EQ00001291,2023-12-04,Thickness,Defect Found,Vibration concern
INSP000003898,EQ00001291,2021-02-28,Functional,Pass,Vibration concern
INSP000003899,EQ00001291,2023-03-17,Safety Device,Defect Found,Leak indication
INSP000003900,EQ00001292,2025-01-16,Electrical,Pass,Leak indication
INSP000003901,EQ00001293,2025-06-15,Thickness,Pass,Alarm test issue
INSP000003902,EQ00001293,2025-12-28,Thickness,Pass,Alarm test issue
INSP000003903,EQ00001294,2021-03-02,Functional,Pass,Vibration concern
INSP000003904,EQ00001294,2025-01-02,Visual,Pass,None
INSP000003905,EQ00001295,2024-10-15,Electrical,Pass,Alarm test issue
INSP000003906,EQ00001295,2024-11-28,Electrical,Pass,None
INSP000003907,EQ00001295,2022-08-25,Electrical,Pass,None
INSP000003908,EQ00001296,2022-04-08,Electrical,Conditional,None
INSP000003909,EQ00001296,2024-07-15,Thickness,Pass,Alarm test issue
INSP000003910,EQ00001297,2023-07-04,Safety Device,Conditional,Alarm test issue
INSP000003911,EQ00001298,2024-07-04,Safety Device,Pass,Vibration concern
INSP000003912,EQ00001298,2023-07-25,Safety Device,Conditional,Minor corrosion
INSP000003913,EQ00001298,2024-02-05,Electrical,Pass,Vibration concern
INSP000003914,EQ00001298,2024-12-08,Safety Device,Pass,Leak indication
INSP000003915,EQ00001298,2022-05-28,Visual,Conditional,Leak indication
INSP000003916,EQ00001299,2025-09-27,NDT,Pass,Alarm test issue
INSP000003917,EQ00001299,2021-12-19,NDT,Pass,Alarm test issue
INSP000003918,EQ00001299,2021-05-29,Safety Device,Conditional,Alarm test issue
INSP000003919,EQ00001300,2023-01-23,Safety Device,Pass,Minor corrosion
INSP000003920,EQ00001300,2025-01-27,Safety Device,Pass,Vibration concern
INSP000003921,EQ00001300,2026-07-28,Visual,Pass,None
INSP000003922,EQ00001300,2021-04-25,Thickness,Pass,Leak indication
INSP000003923,EQ00001301,2021-05-11,Electrical,Pass,Alarm test issue
INSP000003924,EQ00001301,2024-09-04,Thickness,Pass,Alarm test issue
INSP000003925,EQ00001301,2022-07-12,Safety Device,Pass,Vibration concern
INSP000003926,EQ00001301,2026-06-14,Visual,Pass,Alarm test issue
INSP000003927,EQ00001301,2025-04-26,Safety Device,Pass,Vibration concern
INSP000003928,EQ00001302,2025-11-30,Thickness,Defect Found,Leak indication
INSP000003929,EQ00001302,2026-06-01,Visual,Pass,None
INSP000003930,EQ00001302,2024-01-09,NDT,Pass,None
INSP000003931,EQ00001302,2021-10-13,Visual,Pass,Leak indication
INSP000003932,EQ00001303,2021-12-20,NDT,Pass,Alarm test issue
INSP000003933,EQ00001303,2025-02-19,NDT,Pass,Vibration concern
INSP000003934,EQ00001303,2025-12-05,Thickness,Pass,Leak indication
INSP000003935,EQ00001303,2026-05-15,NDT,Pass,Alarm test issue
INSP000003936,EQ00001304,2023-12-12,Visual,Defect Found,None
INSP000003937,EQ00001304,2024-05-16,NDT,Pass,None
INSP000003938,EQ00001304,2022-02-24,Electrical,Defect Found,Vibration concern
INSP000003939,EQ00001305,2024-08-26,Thickness,Defect Found,None
INSP000003940,EQ00001305,2022-04-07,Safety Device,Pass,Leak indication
INSP000003941,EQ00001306,2023-09-01,Safety Device,Pass,Alarm test issue
INSP000003942,EQ00001306,2025-07-27,Functional,Pass,None
INSP000003943,EQ00001306,2023-03-14,Safety Device,Pass,Minor corrosion
INSP000003944,EQ00001307,2026-02-03,Safety Device,Pass,Leak indication
INSP000003945,EQ00001307,2024-08-16,Safety Device,Pass,None
INSP000003946,EQ00001307,2025-08-18,Functional,Pass,Minor corrosion
INSP000003947,EQ00001307,2026-08-11,Functional,Defect Found,None
INSP000003948,EQ00001308,2022-08-15,NDT,Defect Found,None
INSP000003949,EQ00001308,2023-03-20,Electrical,Pass,Leak indication
INSP000003950,EQ00001308,2022-12-13,Visual,Pass,Leak indication
INSP000003951,EQ00001309,2023-05-14,Visual,Pass,Leak indication
INSP000003952,EQ00001309,2021-07-09,Visual,Conditional,Minor corrosion
INSP000003953,EQ00001310,2023-05-16,Safety Device,Pass,Leak indication
INSP000003954,EQ00001310,2022-04-30,NDT,Pass,Minor corrosion
INSP000003955,EQ00001310,2026-01-15,NDT,Pass,Leak indication
INSP000003956,EQ00001310,2025-03-02,Thickness,Pass,None
INSP000003957,EQ00001310,2024-02-02,Electrical,Pass,Alarm test issue
INSP000003958,EQ00001311,2023-04-28,NDT,Pass,None
INSP000003959,EQ00001311,2024-06-04,Visual,Pass,None
INSP000003960,EQ00001311,2026-02-01,Visual,Defect Found,None
INSP000003961,EQ00001311,2021-03-06,Thickness,Pass,Vibration concern
INSP000003962,EQ00001312,2023-09-03,Functional,Pass,Minor corrosion
INSP000003963,EQ00001312,2026-01-26,Functional,Defect Found,None
INSP000003964,EQ00001312,2021-10-12,Visual,Conditional,Vibration concern
INSP000003965,EQ00001312,2025-07-01,Safety Device,Defect Found,Alarm test issue
INSP000003966,EQ00001312,2024-12-21,Thickness,Pass,Leak indication
INSP000003967,EQ00001313,2026-02-15,Visual,Defect Found,Minor corrosion
INSP000003968,EQ00001314,2022-06-19,Functional,Conditional,None
INSP000003969,EQ00001314,2022-03-14,Electrical,Defect Found,Minor corrosion
INSP000003970,EQ00001314,2024-04-14,Functional,Pass,Alarm test issue
INSP000003971,EQ00001314,2026-02-27,Functional,Conditional,Minor corrosion
INSP000003972,EQ00001315,2021-09-02,Safety Device,Conditional,Alarm test issue
INSP000003973,EQ00001316,2022-11-06,Functional,Pass,Vibration concern
INSP000003974,EQ00001317,2021-07-23,Safety Device,Defect Found,None
INSP000003975,EQ00001317,2025-12-09,Visual,Defect Found,Vibration concern
INSP000003976,EQ00001317,2024-02-04,Safety Device,Pass,Vibration concern
INSP000003977,EQ00001317,2023-08-20,Thickness,Pass,Leak indication
INSP000003978,EQ00001317,2022-11-02,Electrical,Pass,Alarm test issue
INSP000003979,EQ00001318,2021-10-19,Visual,Pass,Minor corrosion
INSP000003980,EQ00001319,2023-08-25,Functional,Pass,Alarm test issue
INSP000003981,EQ00001319,2025-09-01,Visual,Pass,None
INSP000003982,EQ00001319,2023-02-21,Thickness,Pass,None
INSP000003983,EQ00001319,2026-03-10,Thickness,Pass,Alarm test issue
INSP000003984,EQ00001320,2023-03-17,Safety Device,Pass,Vibration concern
INSP000003985,EQ00001321,2024-09-02,Functional,Pass,Minor corrosion
INSP000003986,EQ00001321,2022-07-08,Safety Device,Defect Found,Minor corrosion
INSP000003987,EQ00001321,2023-08-16,Visual,Pass,None
INSP000003988,EQ00001321,2022-08-07,Electrical,Pass,Leak indication
INSP000003989,EQ00001321,2026-04-22,Functional,Pass,Minor corrosion
INSP000003990,EQ00001322,2026-03-22,NDT,Defect Found,Vibration concern
INSP000003991,EQ00001322,2025-12-19,Safety Device,Pass,Leak indication
INSP000003992,EQ00001322,2022-12-31,Functional,Defect Found,Leak indication
INSP000003993,EQ00001323,2021-07-19,Safety Device,Conditional,Vibration concern
INSP000003994,EQ00001324,2021-07-26,Functional,Pass,None
INSP000003995,EQ00001325,2025-12-25,Visual,Pass,Alarm test issue
INSP000003996,EQ00001325,2024-07-28,NDT,Pass,Alarm test issue
INSP000003997,EQ00001326,2024-05-06,Thickness,Pass,None
INSP000003998,EQ00001326,2023-12-31,Functional,Pass,Leak indication
INSP000003999,EQ00001326,2025-12-10,Visual,Pass,None
INSP000004000,EQ00001326,2025-02-11,Functional,Pass,Minor corrosion
INSP000004001,EQ00001326,2023-10-23,Functional,Pass,Leak indication
INSP000004002,EQ00001327,2025-11-07,NDT,Pass,Vibration concern
INSP000004003,EQ00001327,2026-06-19,Visual,Pass,None
INSP000004004,EQ00001327,2023-08-28,NDT,Conditional,None
INSP000004005,EQ00001327,2022-11-18,Electrical,Pass,Minor corrosion
INSP000004006,EQ00001328,2025-01-10,Electrical,Pass,Minor corrosion
INSP000004007,EQ00001328,2025-08-05,Visual,Pass,Leak indication
INSP000004008,EQ00001329,2021-08-07,Functional,Pass,Minor corrosion
INSP000004009,EQ00001329,2023-05-24,Safety Device,Pass,Vibration concern
INSP000004010,EQ00001329,2021-04-02,Electrical,Pass,Leak indication
INSP000004011,EQ00001329,2025-04-11,Thickness,Pass,None
INSP000004012,EQ00001329,2022-10-06,NDT,Pass,Vibration concern
INSP000004013,EQ00001330,2024-03-30,Electrical,Defect Found,Minor corrosion
INSP000004014,EQ00001330,2026-04-21,Thickness,Pass,None
INSP000004015,EQ00001330,2022-08-05,NDT,Conditional,Leak indication
INSP000004016,EQ00001331,2023-09-18,Safety Device,Pass,Minor corrosion
INSP000004017,EQ00001331,2023-03-31,Safety Device,Pass,Minor corrosion
INSP000004018,EQ00001331,2022-09-04,Electrical,Pass,Leak indication
INSP000004019,EQ00001332,2024-08-05,Visual,Pass,Vibration concern
INSP000004020,EQ00001333,2026-06-26,Thickness,Conditional,None
INSP000004021,EQ00001333,2025-09-24,Functional,Pass,None
INSP000004022,EQ00001333,2022-02-16,Functional,Pass,None
INSP000004023,EQ00001333,2022-11-18,Functional,Pass,Vibration concern
INSP000004024,EQ00001334,2021-01-21,Safety Device,Conditional,None
INSP000004025,EQ00001334,2023-07-19,Visual,Pass,Alarm test issue
INSP000004026,EQ00001334,2024-02-06,Electrical,Pass,Vibration concern
INSP000004027,EQ00001335,2021-06-25,Electrical,Conditional,Vibration concern
INSP000004028,EQ00001335,2022-11-09,Safety Device,Pass,Leak indication
INSP000004029,EQ00001335,2024-01-20,Functional,Pass,Vibration concern
INSP000004030,EQ00001335,2026-06-16,Functional,Conditional,None
INSP000004031,EQ00001335,2022-11-19,Thickness,Defect Found,Vibration concern
INSP000004032,EQ00001336,2025-10-24,Electrical,Conditional,Leak indication
INSP000004033,EQ00001336,2024-11-05,Functional,Pass,Vibration concern
INSP000004034,EQ00001337,2025-07-01,Electrical,Pass,Minor corrosion
INSP000004035,EQ00001338,2024-10-22,Safety Device,Defect Found,None
INSP000004036,EQ00001338,2026-07-24,Thickness,Defect Found,Alarm test issue
INSP000004037,EQ00001338,2024-03-07,Visual,Conditional,Alarm test issue
INSP000004038,EQ00001339,2025-10-30,Thickness,Pass,Leak indication
INSP000004039,EQ00001339,2023-07-09,Functional,Pass,Alarm test issue
INSP000004040,EQ00001340,2023-07-23,NDT,Pass,None
INSP000004041,EQ00001340,2023-04-22,Safety Device,Pass,Alarm test issue
INSP000004042,EQ00001340,2024-03-26,Visual,Pass,None
INSP000004043,EQ00001340,2025-07-03,NDT,Pass,Alarm test issue
INSP000004044,EQ00001341,2021-03-26,Safety Device,Pass,Minor corrosion
INSP000004045,EQ00001341,2024-02-19,Functional,Pass,Minor corrosion
INSP000004046,EQ00001341,2023-11-23,NDT,Pass,Alarm test issue
INSP000004047,EQ00001341,2026-03-30,Functional,Pass,Alarm test issue
INSP000004048,EQ00001342,2023-03-28,Thickness,Pass,Minor corrosion
INSP000004049,EQ00001343,2021-04-19,Electrical,Pass,Leak indication
INSP000004050,EQ00001343,2023-01-01,Thickness,Defect Found,Alarm test issue
INSP000004051,EQ00001344,2021-04-04,Electrical,Pass,Leak indication
INSP000004052,EQ00001344,2023-02-04,NDT,Conditional,Minor corrosion
INSP000004053,EQ00001344,2025-03-23,Electrical,Pass,Leak indication
INSP000004054,EQ00001344,2024-04-02,Thickness,Defect Found,Vibration concern
INSP000004055,EQ00001345,2022-02-01,Electrical,Pass,None
INSP000004056,EQ00001345,2024-11-14,Safety Device,Pass,Leak indication
INSP000004057,EQ00001345,2026-07-19,Visual,Pass,Alarm test issue
INSP000004058,EQ00001345,2023-08-10,Thickness,Conditional,Leak indication
INSP000004059,EQ00001345,2022-03-30,Electrical,Pass,Alarm test issue
INSP000004060,EQ00001346,2022-02-01,Thickness,Defect Found,Leak indication
INSP000004061,EQ00001346,2022-10-18,NDT,Pass,None
INSP000004062,EQ00001346,2023-01-27,Functional,Defect Found,Vibration concern
INSP000004063,EQ00001346,2025-11-07,Thickness,Pass,Leak indication
INSP000004064,EQ00001347,2026-08-20,Functional,Pass,None
INSP000004065,EQ00001348,2023-12-02,Functional,Pass,Alarm test issue
INSP000004066,EQ00001348,2025-05-31,Functional,Pass,Vibration concern
INSP000004067,EQ00001348,2024-11-11,NDT,Pass,None
INSP000004068,EQ00001348,2024-10-04,NDT,Pass,Minor corrosion
INSP000004069,EQ00001349,2021-01-16,Electrical,Pass,Minor corrosion
INSP000004070,EQ00001349,2025-02-25,Electrical,Pass,Alarm test issue
INSP000004071,EQ00001350,2024-12-09,Thickness,Pass,None
INSP000004072,EQ00001350,2023-08-31,Thickness,Pass,Leak indication
INSP000004073,EQ00001350,2025-08-28,Functional,Defect Found,None
INSP000004074,EQ00001350,2023-09-15,NDT,Pass,None
INSP000004075,EQ00001350,2024-06-10,NDT,Defect Found,Leak indication
INSP000004076,EQ00001351,2025-03-14,Functional,Pass,Vibration concern
INSP000004077,EQ00001351,2026-03-21,Safety Device,Pass,Leak indication
INSP000004078,EQ00001351,2025-08-21,Safety Device,Pass,Alarm test issue
INSP000004079,EQ00001351,2022-08-24,Functional,Pass,Minor corrosion
INSP000004080,EQ00001352,2024-09-20,NDT,Defect Found,Alarm test issue
INSP000004081,EQ00001352,2023-03-20,Functional,Pass,Alarm test issue
INSP000004082,EQ00001353,2021-09-09,Functional,Pass,None
INSP000004083,EQ00001353,2022-04-02,Functional,Pass,None
INSP000004084,EQ00001353,2025-01-07,Functional,Conditional,Minor corrosion
INSP000004085,EQ00001353,2024-01-02,Functional,Pass,Vibration concern
INSP000004086,EQ00001354,2021-01-27,Thickness,Conditional,Alarm test issue
INSP000004087,EQ00001355,2025-11-16,Functional,Pass,None
INSP000004088,EQ00001355,2021-07-13,Functional,Conditional,Alarm test issue
INSP000004089,EQ00001355,2022-06-25,Visual,Pass,Alarm test issue
INSP000004090,EQ00001355,2023-09-16,Visual,Conditional,Alarm test issue
INSP000004091,EQ00001355,2022-07-26,Electrical,Pass,Alarm test issue
INSP000004092,EQ00001356,2025-03-19,Visual,Defect Found,None
INSP000004093,EQ00001356,2023-05-15,NDT,Pass,None
INSP000004094,EQ00001357,2021-07-08,Functional,Pass,Leak indication
INSP000004095,EQ00001357,2021-05-03,Visual,Pass,Leak indication
INSP000004096,EQ00001357,2025-12-05,Visual,Pass,Minor corrosion
INSP000004097,EQ00001357,2022-10-21,Thickness,Conditional,Leak indication
INSP000004098,EQ00001357,2026-05-12,Electrical,Defect Found,Vibration concern
INSP000004099,EQ00001358,2023-02-02,Functional,Conditional,Vibration concern
INSP000004100,EQ00001358,2022-04-28,NDT,Pass,Vibration concern
INSP000004101,EQ00001358,2025-01-08,Electrical,Pass,Leak indication
INSP000004102,EQ00001358,2025-01-24,NDT,Pass,Alarm test issue
INSP000004103,EQ00001358,2025-03-30,Visual,Pass,None
INSP000004104,EQ00001359,2021-06-22,Functional,Pass,Leak indication
INSP000004105,EQ00001359,2025-01-10,NDT,Pass,None
INSP000004106,EQ00001359,2026-04-06,Functional,Conditional,Vibration concern
INSP000004107,EQ00001359,2022-02-28,Electrical,Pass,Leak indication
INSP000004108,EQ00001359,2024-11-01,Thickness,Pass,Leak indication
INSP000004109,EQ00001360,2023-08-28,Visual,Defect Found,Vibration concern
INSP000004110,EQ00001360,2026-02-04,Functional,Defect Found,Minor corrosion
INSP000004111,EQ00001360,2025-01-10,Visual,Pass,Alarm test issue
INSP000004112,EQ00001360,2021-05-03,Visual,Pass,Vibration concern
INSP000004113,EQ00001361,2024-12-01,Functional,Pass,Alarm test issue
INSP000004114,EQ00001361,2023-03-28,NDT,Pass,Vibration concern
INSP000004115,EQ00001362,2024-11-08,Electrical,Conditional,Minor corrosion
INSP000004116,EQ00001362,2021-03-15,Functional,Pass,Leak indication
INSP000004117,EQ00001362,2024-09-08,Visual,Pass,Leak indication
INSP000004118,EQ00001363,2024-08-14,Visual,Defect Found,None
INSP000004119,EQ00001363,2021-05-20,Thickness,Conditional,Leak indication
INSP000004120,EQ00001363,2023-09-12,Visual,Pass,Leak indication
INSP000004121,EQ00001363,2022-08-06,Functional,Pass,None
INSP000004122,EQ00001364,2026-01-31,Safety Device,Pass,None
INSP000004123,EQ00001364,2023-10-17,Electrical,Pass,Leak indication
INSP000004124,EQ00001364,2022-10-05,NDT,Pass,None
INSP000004125,EQ00001365,2023-06-11,Visual,Conditional,Leak indication
INSP000004126,EQ00001365,2026-05-19,Visual,Pass,Leak indication
INSP000004127,EQ00001365,2021-10-09,NDT,Conditional,None
INSP000004128,EQ00001366,2022-04-11,Visual,Conditional,Minor corrosion
INSP000004129,EQ00001367,2021-04-17,Electrical,Pass,None
INSP000004130,EQ00001367,2022-08-14,Safety Device,Pass,Alarm test issue
INSP000004131,EQ00001367,2026-05-10,Visual,Pass,Minor corrosion
INSP000004132,EQ00001368,2022-04-20,NDT,Defect Found,None
INSP000004133,EQ00001368,2025-11-04,Thickness,Defect Found,Alarm test issue
INSP000004134,EQ00001368,2026-07-18,Thickness,Pass,Vibration concern
INSP000004135,EQ00001369,2024-07-12,Electrical,Conditional,Leak indication
INSP000004136,EQ00001369,2025-09-05,Thickness,Pass,Vibration concern
INSP000004137,EQ00001369,2025-06-14,Electrical,Pass,None
INSP000004138,EQ00001370,2026-06-15,NDT,Pass,Leak indication
INSP000004139,EQ00001370,2021-06-13,Visual,Pass,Alarm test issue
INSP000004140,EQ00001370,2021-05-03,Visual,Defect Found,Alarm test issue
INSP000004141,EQ00001370,2025-03-31,Electrical,Defect Found,Vibration concern
INSP000004142,EQ00001371,2023-01-09,Safety Device,Pass,Alarm test issue
INSP000004143,EQ00001371,2024-01-09,NDT,Conditional,None
INSP000004144,EQ00001371,2025-02-26,NDT,Pass,Alarm test issue
INSP000004145,EQ00001371,2024-04-21,NDT,Pass,Leak indication
INSP000004146,EQ00001372,2021-12-12,NDT,Conditional,Minor corrosion
INSP000004147,EQ00001372,2022-08-19,Safety Device,Pass,None
INSP000004148,EQ00001373,2022-05-31,NDT,Pass,None
INSP000004149,EQ00001374,2024-10-08,Visual,Pass,Leak indication
INSP000004150,EQ00001374,2021-07-28,Electrical,Pass,Leak indication
INSP000004151,EQ00001374,2024-09-24,Electrical,Pass,Leak indication
INSP000004152,EQ00001374,2021-08-03,Safety Device,Pass,Leak indication
INSP000004153,EQ00001375,2026-06-08,Visual,Pass,Vibration concern
INSP000004154,EQ00001375,2025-09-29,Functional,Pass,Alarm test issue
INSP000004155,EQ00001375,2026-06-02,Visual,Pass,Alarm test issue
INSP000004156,EQ00001375,2021-03-29,Electrical,Conditional,Leak indication
INSP000004157,EQ00001376,2023-04-12,Electrical,Conditional,Vibration concern
INSP000004158,EQ00001376,2021-08-11,Safety Device,Pass,Minor corrosion
INSP000004159,EQ00001376,2026-05-20,Functional,Pass,Minor corrosion
INSP000004160,EQ00001377,2025-10-12,Visual,Defect Found,Leak indication
INSP000004161,EQ00001377,2021-05-21,Thickness,Pass,Leak indication
INSP000004162,EQ00001377,2024-03-05,Safety Device,Pass,None
INSP000004163,EQ00001377,2023-12-12,Thickness,Conditional,Alarm test issue
INSP000004164,EQ00001377,2021-03-08,Electrical,Pass,Minor corrosion
INSP000004165,EQ00001378,2025-09-04,Safety Device,Pass,None
INSP000004166,EQ00001378,2022-06-25,Safety Device,Pass,Leak indication
INSP000004167,EQ00001379,2024-09-01,Thickness,Pass,Minor corrosion
INSP000004168,EQ00001379,2023-06-13,Safety Device,Pass,None
INSP000004169,EQ00001379,2021-07-17,Thickness,Pass,Minor corrosion
INSP000004170,EQ00001380,2026-06-28,Visual,Pass,Vibration concern
INSP000004171,EQ00001381,2022-01-11,Thickness,Pass,None
INSP000004172,EQ00001381,2022-02-28,Safety Device,Defect Found,Minor corrosion
INSP000004173,EQ00001381,2024-02-28,Functional,Pass,Vibration concern
INSP000004174,EQ00001381,2024-10-22,Functional,Pass,Vibration concern
INSP000004175,EQ00001381,2024-02-12,Electrical,Conditional,None
INSP000004176,EQ00001382,2024-05-29,Thickness,Pass,Vibration concern
INSP000004177,EQ00001382,2025-01-11,Safety Device,Conditional,Alarm test issue
INSP000004178,EQ00001382,2023-06-07,Safety Device,Pass,Vibration concern
INSP000004179,EQ00001382,2026-07-07,Thickness,Pass,Vibration concern
INSP000004180,EQ00001382,2025-02-23,Thickness,Pass,Vibration concern
INSP000004181,EQ00001383,2024-08-23,Electrical,Pass,None
INSP000004182,EQ00001384,2022-06-24,Electrical,Pass,Alarm test issue
INSP000004183,EQ00001384,2022-10-29,Functional,Pass,Minor corrosion
INSP000004184,EQ00001384,2026-07-13,Functional,Pass,None
INSP000004185,EQ00001385,2025-11-20,Thickness,Pass,Minor corrosion
INSP000004186,EQ00001385,2022-07-03,Electrical,Pass,Vibration concern
INSP000004187,EQ00001385,2021-08-06,Electrical,Pass,Leak indication
INSP000004188,EQ00001385,2023-05-06,Thickness,Pass,None
INSP000004189,EQ00001385,2024-04-19,NDT,Pass,None
INSP000004190,EQ00001386,2023-12-18,Functional,Conditional,Minor corrosion
INSP000004191,EQ00001386,2026-01-08,Visual,Pass,Vibration concern
INSP000004192,EQ00001386,2022-01-15,Thickness,Defect Found,Minor corrosion
INSP000004193,EQ00001387,2023-11-30,Visual,Pass,None
INSP000004194,EQ00001387,2025-03-07,Electrical,Pass,None
INSP000004195,EQ00001387,2024-04-30,Thickness,Pass,Leak indication
INSP000004196,EQ00001387,2024-02-12,Electrical,Pass,Leak indication
INSP000004197,EQ00001388,2025-11-11,Electrical,Pass,Minor corrosion
INSP000004198,EQ00001388,2026-08-31,Safety Device,Conditional,Vibration concern
INSP000004199,EQ00001388,2022-06-14,Functional,Pass,Vibration concern
INSP000004200,EQ00001389,2024-11-03,Thickness,Defect Found,Leak indication
INSP000004201,EQ00001389,2021-09-25,NDT,Pass,None
INSP000004202,EQ00001390,2021-04-18,Thickness,Pass,None
INSP000004203,EQ00001391,2023-01-31,NDT,Conditional,Minor corrosion
INSP000004204,EQ00001391,2021-01-14,Visual,Pass,Vibration concern
INSP000004205,EQ00001391,2021-12-08,Visual,Defect Found,Vibration concern
INSP000004206,EQ00001391,2023-07-22,NDT,Pass,Vibration concern
INSP000004207,EQ00001392,2023-05-08,Electrical,Pass,Minor corrosion
INSP000004208,EQ00001392,2024-07-14,Visual,Conditional,Leak indication
INSP000004209,EQ00001393,2026-05-23,Electrical,Defect Found,Minor corrosion
INSP000004210,EQ00001393,2022-04-29,NDT,Pass,Leak indication
INSP000004211,EQ00001394,2024-02-19,Safety Device,Pass,Minor corrosion
INSP000004212,EQ00001394,2022-11-16,Visual,Conditional,Vibration concern
INSP000004213,EQ00001394,2023-02-01,Visual,Pass,Leak indication
INSP000004214,EQ00001394,2022-12-28,Visual,Defect Found,Leak indication
INSP000004215,EQ00001395,2026-01-01,Safety Device,Defect Found,Leak indication
INSP000004216,EQ00001395,2021-07-21,Visual,Conditional,Leak indication
INSP000004217,EQ00001395,2021-11-15,Safety Device,Pass,None
INSP000004218,EQ00001396,2024-10-16,Safety Device,Defect Found,Vibration concern
INSP000004219,EQ00001397,2021-06-24,Visual,Pass,Minor corrosion
INSP000004220,EQ00001398,2025-05-04,NDT,Pass,Vibration concern
INSP000004221,EQ00001399,2025-10-30,Functional,Pass,Alarm test issue
INSP000004222,EQ00001400,2024-11-01,Thickness,Pass,Alarm test issue
INSP000004223,EQ00001400,2022-08-06,Electrical,Pass,None
INSP000004224,EQ00001400,2021-05-27,Functional,Pass,Vibration concern
INSP000004225,EQ00001400,2021-07-16,Thickness,Defect Found,Alarm test issue
INSP000004226,EQ00001401,2023-09-26,Functional,Pass,Minor corrosion
INSP000004227,EQ00001401,2025-12-12,Thickness,Conditional,None
INSP000004228,EQ00001402,2023-06-24,Thickness,Pass,Vibration concern
INSP000004229,EQ00001402,2023-02-24,Electrical,Pass,Minor corrosion
INSP000004230,EQ00001403,2021-05-23,Safety Device,Pass,Alarm test issue
INSP000004231,EQ00001403,2025-03-31,Thickness,Pass,None
INSP000004232,EQ00001403,2025-07-09,Thickness,Pass,None
INSP000004233,EQ00001403,2022-05-07,Safety Device,Pass,Leak indication
INSP000004234,EQ00001404,2023-01-27,Visual,Defect Found,Leak indication
INSP000004235,EQ00001405,2026-06-14,NDT,Defect Found,None
INSP000004236,EQ00001405,2023-11-14,Visual,Pass,Minor corrosion
INSP000004237,EQ00001406,2023-03-18,NDT,Conditional,Vibration concern
INSP000004238,EQ00001406,2021-06-26,NDT,Pass,Leak indication
INSP000004239,EQ00001406,2023-05-21,Thickness,Defect Found,Leak indication
INSP000004240,EQ00001407,2021-01-02,Safety Device,Pass,Minor corrosion
INSP000004241,EQ00001407,2024-09-02,Functional,Pass,Vibration concern
INSP000004242,EQ00001408,2025-11-25,Electrical,Pass,Leak indication
INSP000004243,EQ00001408,2022-05-10,Thickness,Defect Found,Leak indication
INSP000004244,EQ00001408,2025-03-29,Safety Device,Pass,Leak indication
INSP000004245,EQ00001408,2022-01-10,Visual,Pass,Minor corrosion
INSP000004246,EQ00001408,2021-01-30,Thickness,Pass,Leak indication
INSP000004247,EQ00001409,2025-04-19,Electrical,Pass,Vibration concern
INSP000004248,EQ00001409,2021-09-11,NDT,Conditional,None
INSP000004249,EQ00001410,2022-03-03,NDT,Pass,Alarm test issue
INSP000004250,EQ00001410,2022-07-22,Functional,Pass,Minor corrosion
INSP000004251,EQ00001411,2022-03-30,Thickness,Conditional,Vibration concern
INSP000004252,EQ00001412,2022-06-11,Safety Device,Pass,None
INSP000004253,EQ00001413,2022-02-08,Thickness,Pass,Vibration concern
INSP000004254,EQ00001414,2023-03-17,Thickness,Pass,Vibration concern
INSP000004255,EQ00001414,2021-05-27,Safety Device,Pass,Vibration concern
INSP000004256,EQ00001414,2025-12-10,Safety Device,Defect Found,Vibration concern
INSP000004257,EQ00001414,2022-11-15,Visual,Pass,Minor corrosion
INSP000004258,EQ00001415,2026-06-13,Thickness,Pass,Leak indication
INSP000004259,EQ00001415,2022-02-23,Visual,Defect Found,None
INSP000004260,EQ00001415,2026-02-22,Visual,Pass,Vibration concern
INSP000004261,EQ00001415,2025-03-07,Thickness,Pass,Minor corrosion
INSP000004262,EQ00001416,2021-03-01,Visual,Conditional,Alarm test issue
INSP000004263,EQ00001416,2025-06-08,Electrical,Pass,Alarm test issue
INSP000004264,EQ00001416,2022-08-29,NDT,Pass,Leak indication
INSP000004265,EQ00001416,2022-10-13,Thickness,Conditional,None
INSP000004266,EQ00001417,2025-05-25,Functional,Pass,Vibration concern
INSP000004267,EQ00001417,2025-03-09,Visual,Pass,None
INSP000004268,EQ00001417,2025-11-21,Functional,Pass,None
INSP000004269,EQ00001418,2026-02-25,Functional,Pass,Leak indication
INSP000004270,EQ00001419,2026-01-19,Electrical,Defect Found,Vibration concern
INSP000004271,EQ00001420,2024-10-07,Thickness,Pass,Leak indication
INSP000004272,EQ00001420,2023-05-26,Safety Device,Pass,Vibration concern
INSP000004273,EQ00001421,2021-08-02,Visual,Pass,Alarm test issue
INSP000004274,EQ00001422,2023-12-18,Safety Device,Pass,Vibration concern
INSP000004275,EQ00001422,2022-11-28,NDT,Pass,Leak indication
INSP000004276,EQ00001422,2022-04-25,Safety Device,Defect Found,Vibration concern
INSP000004277,EQ00001423,2025-04-05,Visual,Pass,Vibration concern
INSP000004278,EQ00001423,2023-01-04,Functional,Conditional,Alarm test issue
INSP000004279,EQ00001423,2022-05-17,NDT,Pass,Vibration concern
INSP000004280,EQ00001423,2021-07-19,Visual,Pass,Minor corrosion
INSP000004281,EQ00001424,2024-12-17,NDT,Defect Found,Minor corrosion
INSP000004282,EQ00001424,2021-07-29,NDT,Pass,Minor corrosion
INSP000004283,EQ00001424,2022-03-22,Thickness,Pass,Alarm test issue
INSP000004284,EQ00001424,2024-05-18,NDT,Pass,Alarm test issue
INSP000004285,EQ00001425,2023-03-25,Visual,Pass,Vibration concern
INSP000004286,EQ00001425,2024-01-24,Thickness,Defect Found,Minor corrosion
INSP000004287,EQ00001425,2023-03-25,NDT,Conditional,Minor corrosion
INSP000004288,EQ00001425,2022-11-20,Safety Device,Defect Found,Alarm test issue
INSP000004289,EQ00001425,2026-05-30,Safety Device,Pass,None
INSP000004290,EQ00001426,2022-01-10,Safety Device,Pass,None
INSP000004291,EQ00001426,2022-11-06,Thickness,Pass,Minor corrosion
INSP000004292,EQ00001426,2022-02-18,Visual,Defect Found,Leak indication
INSP000004293,EQ00001426,2025-07-22,Thickness,Conditional,Leak indication
INSP000004294,EQ00001426,2021-10-06,Thickness,Pass,Leak indication
INSP000004295,EQ00001427,2022-11-29,Functional,Pass,Alarm test issue
INSP000004296,EQ00001427,2023-02-06,Thickness,Defect Found,Vibration concern
INSP000004297,EQ00001427,2023-12-19,Thickness,Pass,Vibration concern
INSP000004298,EQ00001427,2023-03-25,Electrical,Pass,None
INSP000004299,EQ00001427,2022-08-27,Thickness,Conditional,Alarm test issue
INSP000004300,EQ00001428,2025-09-05,Visual,Conditional,Vibration concern
INSP000004301,EQ00001428,2022-08-11,Visual,Conditional,Alarm test issue
INSP000004302,EQ00001428,2024-02-21,NDT,Pass,None
INSP000004303,EQ00001428,2021-04-05,Thickness,Defect Found,Leak indication
INSP000004304,EQ00001428,2025-02-04,Thickness,Pass,None
INSP000004305,EQ00001429,2022-08-09,Functional,Pass,Minor corrosion
INSP000004306,EQ00001429,2025-12-15,NDT,Defect Found,Minor corrosion
INSP000004307,EQ00001429,2025-02-09,Safety Device,Pass,None
INSP000004308,EQ00001429,2023-08-18,Electrical,Pass,Minor corrosion
INSP000004309,EQ00001430,2022-09-26,NDT,Pass,Alarm test issue
INSP000004310,EQ00001430,2026-08-14,Safety Device,Pass,Alarm test issue
INSP000004311,EQ00001431,2023-07-03,Visual,Conditional,Alarm test issue
INSP000004312,EQ00001431,2022-12-16,Safety Device,Pass,Minor corrosion
INSP000004313,EQ00001432,2022-11-17,Visual,Pass,None
INSP000004314,EQ00001432,2023-07-06,Functional,Defect Found,Alarm test issue
INSP000004315,EQ00001433,2026-06-12,Thickness,Conditional,Minor corrosion
INSP000004316,EQ00001433,2022-10-24,Visual,Defect Found,Leak indication
INSP000004317,EQ00001433,2022-02-24,Thickness,Defect Found,Minor corrosion
INSP000004318,EQ00001433,2026-01-26,Safety Device,Pass,Minor corrosion
INSP000004319,EQ00001434,2023-05-14,Functional,Defect Found,None
INSP000004320,EQ00001434,2025-04-17,Visual,Pass,Minor corrosion
INSP000004321,EQ00001435,2023-11-02,Visual,Pass,Vibration concern
INSP000004322,EQ00001435,2026-05-15,Functional,Pass,Leak indication
INSP000004323,EQ00001435,2025-05-03,Electrical,Pass,Leak indication
INSP000004324,EQ00001435,2024-07-28,Visual,Conditional,Alarm test issue
INSP000004325,EQ00001435,2025-07-26,Thickness,Pass,None
INSP000004326,EQ00001436,2024-04-13,NDT,Pass,Vibration concern
INSP000004327,EQ00001436,2025-11-29,Electrical,Pass,Alarm test issue
INSP000004328,EQ00001437,2023-02-15,Visual,Defect Found,Alarm test issue
INSP000004329,EQ00001437,2021-01-06,NDT,Pass,None
INSP000004330,EQ00001437,2022-02-28,Functional,Pass,None
INSP000004331,EQ00001437,2024-04-06,Functional,Defect Found,Minor corrosion
INSP000004332,EQ00001437,2021-03-22,Visual,Pass,None
INSP000004333,EQ00001438,2021-12-04,Functional,Pass,Alarm test issue
INSP000004334,EQ00001438,2022-06-12,Visual,Pass,Alarm test issue
INSP000004335,EQ00001438,2026-04-06,Thickness,Pass,None
INSP000004336,EQ00001439,2026-02-14,Visual,Pass,Minor corrosion
INSP000004337,EQ00001439,2025-10-19,Functional,Defect Found,Leak indication
INSP000004338,EQ00001439,2022-07-20,Thickness,Defect Found,Vibration concern
INSP000004339,EQ00001440,2026-07-23,Electrical,Conditional,Minor corrosion
INSP000004340,EQ00001440,2026-01-11,Visual,Pass,Alarm test issue
INSP000004341,EQ00001441,2024-07-08,Electrical,Pass,Leak indication
INSP000004342,EQ00001441,2021-12-17,Thickness,Conditional,Alarm test issue
INSP000004343,EQ00001442,2023-10-30,Thickness,Pass,Minor corrosion
INSP000004344,EQ00001443,2026-02-10,Thickness,Pass,Alarm test issue
INSP000004345,EQ00001443,2023-04-20,Electrical,Pass,Vibration concern
INSP000004346,EQ00001443,2022-09-16,Thickness,Pass,None
INSP000004347,EQ00001443,2025-02-12,Visual,Pass,Alarm test issue
INSP000004348,EQ00001443,2023-08-06,Electrical,Defect Found,None
INSP000004349,EQ00001444,2022-04-06,Electrical,Pass,Alarm test issue
INSP000004350,EQ00001444,2025-09-12,Electrical,Pass,None
INSP000004351,EQ00001445,2022-09-02,Thickness,Pass,Leak indication
INSP000004352,EQ00001445,2022-08-27,Electrical,Conditional,Minor corrosion
INSP000004353,EQ00001445,2022-03-07,Visual,Defect Found,None
INSP000004354,EQ00001445,2021-11-06,Electrical,Pass,Alarm test issue
INSP000004355,EQ00001445,2025-09-10,Visual,Pass,None
INSP000004356,EQ00001446,2023-03-11,NDT,Pass,None
INSP000004357,EQ00001447,2026-03-05,NDT,Pass,Leak indication
INSP000004358,EQ00001447,2024-06-22,Safety Device,Pass,Minor corrosion
INSP000004359,EQ00001447,2022-05-11,Thickness,Pass,Vibration concern
INSP000004360,EQ00001448,2025-08-24,Visual,Pass,Alarm test issue
INSP000004361,EQ00001449,2026-06-27,Safety Device,Pass,Vibration concern
INSP000004362,EQ00001449,2022-01-14,Electrical,Pass,Alarm test issue
INSP000004363,EQ00001449,2023-02-18,Electrical,Pass,Minor corrosion
INSP000004364,EQ00001449,2024-12-14,NDT,Defect Found,Alarm test issue
INSP000004365,EQ00001450,2021-11-30,Safety Device,Pass,Minor corrosion
INSP000004366,EQ00001451,2026-02-09,Safety Device,Pass,Minor corrosion
INSP000004367,EQ00001451,2025-01-25,Thickness,Pass,None
INSP000004368,EQ00001452,2021-12-08,Safety Device,Pass,None
INSP000004369,EQ00001452,2021-09-27,Visual,Pass,Minor corrosion
INSP000004370,EQ00001452,2024-10-15,NDT,Pass,Leak indication
INSP000004371,EQ00001453,2025-02-11,Functional,Conditional,Vibration concern
INSP000004372,EQ00001453,2026-05-14,Visual,Pass,None
INSP000004373,EQ00001453,2022-10-24,Thickness,Pass,Minor corrosion
INSP000004374,EQ00001453,2023-04-29,Safety Device,Pass,Vibration concern
INSP000004375,EQ00001454,2026-07-19,Visual,Pass,None
INSP000004376,EQ00001454,2023-06-22,NDT,Defect Found,Vibration concern
INSP000004377,EQ00001455,2023-02-24,Visual,Defect Found,Alarm test issue
INSP000004378,EQ00001456,2022-09-05,Electrical,Pass,Alarm test issue
INSP000004379,EQ00001456,2021-12-02,Safety Device,Pass,None
INSP000004380,EQ00001456,2026-03-19,Electrical,Pass,Minor corrosion
INSP000004381,EQ00001457,2022-02-26,Electrical,Pass,None
INSP000004382,EQ00001457,2025-05-16,Visual,Pass,Leak indication
INSP000004383,EQ00001457,2021-08-16,Electrical,Pass,Minor corrosion
INSP000004384,EQ00001457,2024-04-25,Functional,Defect Found,None
INSP000004385,EQ00001457,2021-05-27,Visual,Pass,Leak indication
INSP000004386,EQ00001458,2022-07-02,Visual,Defect Found,Minor corrosion
INSP000004387,EQ00001458,2022-01-02,Functional,Pass,Minor corrosion
INSP000004388,EQ00001458,2022-08-18,Thickness,Pass,Alarm test issue
INSP000004389,EQ00001459,2023-11-18,NDT,Conditional,Alarm test issue
INSP000004390,EQ00001459,2022-01-30,NDT,Pass,Minor corrosion
INSP000004391,EQ00001459,2023-08-08,Safety Device,Pass,None
INSP000004392,EQ00001460,2025-01-01,Safety Device,Pass,Vibration concern
INSP000004393,EQ00001460,2021-02-26,Thickness,Pass,Vibration concern
INSP000004394,EQ00001460,2022-02-25,Functional,Pass,Minor corrosion
INSP000004395,EQ00001461,2021-04-29,Functional,Conditional,Alarm test issue
INSP000004396,EQ00001461,2022-05-28,Functional,Pass,Leak indication
INSP000004397,EQ00001462,2021-02-16,Safety Device,Pass,None
INSP000004398,EQ00001462,2024-10-25,Electrical,Pass,Vibration concern
INSP000004399,EQ00001462,2024-12-11,Visual,Pass,Vibration concern
INSP000004400,EQ00001463,2023-10-06,NDT,Pass,Minor corrosion
INSP000004401,EQ00001463,2022-03-03,Safety Device,Pass,Vibration concern
INSP000004402,EQ00001463,2024-05-08,Electrical,Pass,Vibration concern
INSP000004403,EQ00001464,2026-07-12,Electrical,Pass,Vibration concern
INSP000004404,EQ00001465,2023-07-24,Visual,Defect Found,Alarm test issue
INSP000004405,EQ00001466,2023-02-26,Safety Device,Pass,None
INSP000004406,EQ00001466,2021-04-21,Functional,Defect Found,Alarm test issue
INSP000004407,EQ00001466,2024-02-29,Functional,Pass,Vibration concern
INSP000004408,EQ00001466,2024-02-15,Electrical,Pass,None
INSP000004409,EQ00001467,2026-04-28,Thickness,Conditional,Vibration concern
INSP000004410,EQ00001467,2025-01-11,Safety Device,Pass,Minor corrosion
INSP000004411,EQ00001467,2021-10-13,NDT,Pass,Leak indication
INSP000004412,EQ00001467,2021-11-17,Thickness,Defect Found,None
INSP000004413,EQ00001467,2024-10-20,Thickness,Pass,Leak indication
INSP000004414,EQ00001468,2023-12-27,Thickness,Pass,None
INSP000004415,EQ00001468,2024-03-09,Functional,Pass,Alarm test issue
INSP000004416,EQ00001468,2021-10-15,NDT,Defect Found,Leak indication
INSP000004417,EQ00001468,2025-09-09,Safety Device,Pass,Vibration concern
INSP000004418,EQ00001469,2022-04-15,NDT,Pass,Leak indication
INSP000004419,EQ00001469,2021-10-19,Functional,Defect Found,Vibration concern
INSP000004420,EQ00001469,2021-01-12,Functional,Defect Found,Alarm test issue
INSP000004421,EQ00001470,2021-02-13,Safety Device,Pass,Vibration concern
INSP000004422,EQ00001470,2023-11-04,Thickness,Pass,None
INSP000004423,EQ00001471,2021-02-08,Functional,Pass,Leak indication
INSP000004424,EQ00001471,2023-10-19,Thickness,Pass,Minor corrosion
INSP000004425,EQ00001472,2025-12-28,Thickness,Pass,Vibration concern
INSP000004426,EQ00001472,2021-04-10,Thickness,Pass,Minor corrosion
INSP000004427,EQ00001473,2023-02-23,Visual,Pass,None
INSP000004428,EQ00001473,2021-06-22,NDT,Pass,Minor corrosion
INSP000004429,EQ00001473,2023-08-28,Thickness,Pass,Leak indication
INSP000004430,EQ00001473,2025-01-19,NDT,Pass,Leak indication
INSP000004431,EQ00001473,2023-04-10,Functional,Conditional,Leak indication
INSP000004432,EQ00001474,2025-12-10,Safety Device,Pass,None
INSP000004433,EQ00001474,2024-01-16,Thickness,Conditional,Leak indication
INSP000004434,EQ00001475,2025-06-27,Safety Device,Pass,Leak indication
INSP000004435,EQ00001475,2024-02-14,Functional,Conditional,Minor corrosion
INSP000004436,EQ00001475,2024-04-09,Visual,Pass,Minor corrosion
INSP000004437,EQ00001475,2021-05-18,Safety Device,Pass,Alarm test issue
INSP000004438,EQ00001475,2021-10-29,Safety Device,Pass,Vibration concern
INSP000004439,EQ00001476,2023-05-28,Safety Device,Pass,Vibration concern
INSP000004440,EQ00001476,2022-08-05,Electrical,Conditional,Alarm test issue
INSP000004441,EQ00001476,2026-04-29,Safety Device,Pass,None
INSP000004442,EQ00001476,2026-01-11,Electrical,Conditional,Vibration concern
INSP000004443,EQ00001477,2025-04-27,Safety Device,Pass,Minor corrosion
INSP000004444,EQ00001478,2025-11-13,Functional,Defect Found,None
INSP000004445,EQ00001478,2024-05-28,Safety Device,Pass,Leak indication
INSP000004446,EQ00001478,2022-04-26,Electrical,Conditional,None
INSP000004447,EQ00001478,2023-01-12,Safety Device,Pass,Leak indication
INSP000004448,EQ00001478,2024-10-17,NDT,Pass,Minor corrosion
INSP000004449,EQ00001479,2021-09-05,Thickness,Conditional,Minor corrosion
INSP000004450,EQ00001480,2022-01-03,Thickness,Pass,Vibration concern
INSP000004451,EQ00001480,2024-09-23,Functional,Pass,Alarm test issue
INSP000004452,EQ00001480,2025-08-12,Thickness,Pass,Leak indication
INSP000004453,EQ00001480,2023-06-13,NDT,Pass,Minor corrosion
INSP000004454,EQ00001480,2026-01-16,Electrical,Pass,Leak indication
INSP000004455,EQ00001481,2024-07-11,NDT,Pass,None
INSP000004456,EQ00001481,2021-06-02,Visual,Pass,Leak indication
INSP000004457,EQ00001482,2021-03-04,Thickness,Defect Found,Minor corrosion
INSP000004458,EQ00001482,2023-07-14,Electrical,Defect Found,Alarm test issue
INSP000004459,EQ00001482,2024-04-21,Visual,Pass,None
INSP000004460,EQ00001482,2024-12-11,Safety Device,Pass,Alarm test issue
INSP000004461,EQ00001482,2025-11-10,Visual,Pass,None
INSP000004462,EQ00001483,2023-07-19,Visual,Defect Found,None
INSP000004463,EQ00001484,2025-03-16,Visual,Defect Found,Alarm test issue
INSP000004464,EQ00001484,2026-08-23,Electrical,Defect Found,Leak indication
INSP000004465,EQ00001484,2023-11-06,NDT,Pass,Minor corrosion
INSP000004466,EQ00001485,2023-02-17,NDT,Pass,Leak indication
INSP000004467,EQ00001485,2021-05-18,Visual,Defect Found,Vibration concern
INSP000004468,EQ00001485,2026-02-15,Thickness,Pass,Alarm test issue
INSP000004469,EQ00001485,2025-06-13,Functional,Pass,None
INSP000004470,EQ00001485,2023-01-18,Electrical,Pass,Vibration concern
INSP000004471,EQ00001486,2021-06-15,Functional,Pass,None
INSP000004472,EQ00001486,2022-02-26,Thickness,Conditional,Alarm test issue
INSP000004473,EQ00001486,2024-11-29,Electrical,Pass,Leak indication
INSP000004474,EQ00001486,2026-04-01,Visual,Pass,None
INSP000004475,EQ00001487,2023-12-14,Thickness,Pass,None
INSP000004476,EQ00001487,2023-02-28,Thickness,Conditional,Minor corrosion
INSP000004477,EQ00001487,2023-07-30,NDT,Conditional,Vibration concern
INSP000004478,EQ00001487,2025-07-18,NDT,Pass,Alarm test issue
INSP000004479,EQ00001487,2024-06-03,Functional,Defect Found,Vibration concern
INSP000004480,EQ00001488,2026-04-23,Functional,Pass,None
INSP000004481,EQ00001488,2021-05-06,Visual,Pass,Vibration concern
INSP000004482,EQ00001488,2024-08-05,Electrical,Conditional,Leak indication
INSP000004483,EQ00001488,2022-06-01,Functional,Pass,Minor corrosion
INSP000004484,EQ00001488,2021-09-19,Visual,Pass,Leak indication
INSP000004485,EQ00001489,2022-06-10,Visual,Pass,Vibration concern
INSP000004486,EQ00001489,2025-02-23,Safety Device,Pass,Leak indication
INSP000004487,EQ00001489,2024-04-04,NDT,Pass,Vibration concern
INSP000004488,EQ00001490,2022-06-20,NDT,Pass,Leak indication
INSP000004489,EQ00001490,2023-12-27,Visual,Pass,Vibration concern
INSP000004490,EQ00001490,2021-08-10,Visual,Pass,Minor corrosion
INSP000004491,EQ00001491,2023-04-16,Visual,Pass,Minor corrosion
INSP000004492,EQ00001492,2021-02-13,Electrical,Pass,Leak indication
INSP000004493,EQ00001492,2021-05-19,NDT,Defect Found,Leak indication
INSP000004494,EQ00001492,2023-05-17,NDT,Pass,Alarm test issue
INSP000004495,EQ00001492,2022-08-12,Safety Device,Pass,Alarm test issue
INSP000004496,EQ00001492,2021-10-22,Visual,Pass,Leak indication
INSP000004497,EQ00001493,2022-08-05,Visual,Pass,Alarm test issue
INSP000004498,EQ00001493,2024-07-05,Thickness,Pass,Vibration concern
INSP000004499,EQ00001493,2026-07-28,Electrical,Pass,Minor corrosion
INSP000004500,EQ00001493,2025-07-04,Functional,Pass,Minor corrosion
INSP000004501,EQ00001493,2025-06-17,Safety Device,Pass,Minor corrosion
INSP000004502,EQ00001494,2023-10-29,Thickness,Defect Found,Minor corrosion
INSP000004503,EQ00001494,2023-02-14,Electrical,Pass,Alarm test issue
INSP000004504,EQ00001494,2024-08-23,Safety Device,Pass,Leak indication
INSP000004505,EQ00001494,2022-05-30,Electrical,Defect Found,None
INSP000004506,EQ00001495,2023-02-08,NDT,Pass,Alarm test issue
INSP000004507,EQ00001496,2021-02-19,Thickness,Defect Found,Alarm test issue
INSP000004508,EQ00001496,2024-04-25,Electrical,Pass,Minor corrosion
INSP000004509,EQ00001496,2022-09-17,Functional,Pass,Alarm test issue
INSP000004510,EQ00001496,2023-09-09,Safety Device,Conditional,Minor corrosion
INSP000004511,EQ00001497,2022-10-02,Functional,Defect Found,Alarm test issue
INSP000004512,EQ00001497,2023-12-13,NDT,Defect Found,None
INSP000004513,EQ00001497,2025-04-15,Electrical,Pass,Leak indication
INSP000004514,EQ00001497,2025-02-04,Visual,Pass,Alarm test issue
INSP000004515,EQ00001498,2024-08-28,Safety Device,Defect Found,Minor corrosion
INSP000004516,EQ00001498,2023-04-07,Thickness,Conditional,None
INSP000004517,EQ00001499,2026-04-08,Functional,Conditional,Alarm test issue
INSP000004518,EQ00001499,2024-07-06,Safety Device,Pass,Vibration concern
INSP000004519,EQ00001499,2024-09-27,NDT,Pass,None
INSP000004520,EQ00001499,2022-02-20,NDT,Defect Found,Alarm test issue
INSP000004521,EQ00001499,2022-06-30,Visual,Pass,Minor corrosion
INSP000004522,EQ00001500,2025-02-10,Electrical,Pass,Vibration concern
INSP000004523,EQ00001500,2022-02-01,Electrical,Defect Found,Leak indication
INSP000004524,EQ00001501,2022-01-17,Safety Device,Pass,Vibration concern
INSP000004525,EQ00001501,2023-09-04,Electrical,Pass,Minor corrosion
INSP000004526,EQ00001502,2022-09-06,Functional,Pass,Alarm test issue
INSP000004527,EQ00001502,2024-11-12,Thickness,Conditional,Alarm test issue
INSP000004528,EQ00001502,2021-04-12,Thickness,Defect Found,Vibration concern
INSP000004529,EQ00001502,2025-12-22,Functional,Conditional,Alarm test issue
INSP000004530,EQ00001502,2025-08-27,Functional,Conditional,None
INSP000004531,EQ00001503,2021-03-15,NDT,Pass,Vibration concern
INSP000004532,EQ00001503,2026-03-19,Visual,Pass,Vibration concern
INSP000004533,EQ00001504,2025-03-23,Thickness,Pass,None
INSP000004534,EQ00001505,2025-10-03,Electrical,Defect Found,Vibration concern
INSP000004535,EQ00001505,2024-04-18,Electrical,Pass,Leak indication
INSP000004536,EQ00001506,2023-10-18,Visual,Pass,Leak indication
INSP000004537,EQ00001506,2022-03-16,Safety Device,Pass,Vibration concern
INSP000004538,EQ00001506,2023-10-12,Functional,Pass,Minor corrosion
INSP000004539,EQ00001506,2026-05-05,Visual,Defect Found,Vibration concern
INSP000004540,EQ00001507,2025-06-09,Thickness,Pass,Vibration concern
INSP000004541,EQ00001507,2022-08-19,Electrical,Pass,None
INSP000004542,EQ00001507,2025-12-01,Functional,Pass,Minor corrosion
INSP000004543,EQ00001507,2025-07-27,Safety Device,Pass,Leak indication
INSP000004544,EQ00001507,2024-02-29,Visual,Pass,Vibration concern
INSP000004545,EQ00001508,2023-09-03,Safety Device,Pass,Alarm test issue
INSP000004546,EQ00001509,2021-09-19,Safety Device,Pass,Vibration concern
INSP000004547,EQ00001509,2021-09-16,Electrical,Conditional,None
INSP000004548,EQ00001509,2023-07-19,Thickness,Pass,Vibration concern
INSP000004549,EQ00001510,2026-05-23,Functional,Pass,Vibration concern
INSP000004550,EQ00001510,2024-01-31,NDT,Pass,Alarm test issue
INSP000004551,EQ00001510,2021-06-07,Electrical,Pass,Alarm test issue
INSP000004552,EQ00001511,2021-08-17,Safety Device,Conditional,Minor corrosion
INSP000004553,EQ00001511,2026-05-13,Visual,Defect Found,Alarm test issue
INSP000004554,EQ00001512,2022-08-25,Thickness,Pass,None
INSP000004555,EQ00001512,2023-05-07,Functional,Pass,Vibration concern
INSP000004556,EQ00001513,2021-03-01,Safety Device,Pass,Vibration concern
INSP000004557,EQ00001514,2025-04-04,Safety Device,Defect Found,Vibration concern
INSP000004558,EQ00001514,2025-08-06,Functional,Pass,None
INSP000004559,EQ00001515,2021-06-26,Visual,Pass,Minor corrosion
INSP000004560,EQ00001515,2021-05-10,Safety Device,Pass,Minor corrosion
INSP000004561,EQ00001516,2025-03-10,Safety Device,Pass,Leak indication
INSP000004562,EQ00001516,2025-07-13,Safety Device,Pass,Vibration concern
INSP000004563,EQ00001516,2022-03-22,Safety Device,Pass,Leak indication
INSP000004564,EQ00001516,2021-03-01,Safety Device,Pass,Vibration concern
INSP000004565,EQ00001517,2024-06-09,Thickness,Pass,Leak indication
INSP000004566,EQ00001518,2021-07-10,Visual,Defect Found,Minor corrosion
INSP000004567,EQ00001518,2026-03-17,Thickness,Defect Found,Minor corrosion
INSP000004568,EQ00001518,2021-01-19,Safety Device,Pass,None
INSP000004569,EQ00001518,2026-04-08,NDT,Conditional,Alarm test issue
INSP000004570,EQ00001519,2025-10-14,Visual,Pass,Leak indication
INSP000004571,EQ00001519,2024-08-16,Safety Device,Pass,None
INSP000004572,EQ00001519,2026-06-24,Visual,Pass,None
INSP000004573,EQ00001519,2021-07-06,Electrical,Pass,Vibration concern
INSP000004574,EQ00001519,2022-03-22,Visual,Defect Found,Vibration concern
INSP000004575,EQ00001520,2025-01-22,NDT,Pass,Leak indication
INSP000004576,EQ00001520,2022-07-02,Thickness,Defect Found,None
INSP000004577,EQ00001520,2023-05-23,NDT,Pass,Minor corrosion
INSP000004578,EQ00001520,2022-06-13,Thickness,Pass,None
INSP000004579,EQ00001521,2026-05-04,Functional,Pass,Alarm test issue
INSP000004580,EQ00001521,2021-01-15,Visual,Pass,Minor corrosion
INSP000004581,EQ00001521,2021-04-22,Functional,Pass,Vibration concern
INSP000004582,EQ00001521,2025-05-21,Visual,Pass,Minor corrosion
INSP000004583,EQ00001522,2025-10-02,Visual,Pass,Vibration concern
INSP000004584,EQ00001522,2023-01-30,Thickness,Conditional,None
INSP000004585,EQ00001522,2022-12-14,Safety Device,Defect Found,Vibration concern
INSP000004586,EQ00001522,2025-11-13,Electrical,Pass,None
INSP000004587,EQ00001523,2022-04-19,NDT,Pass,Alarm test issue
INSP000004588,EQ00001524,2023-09-16,Functional,Pass,None
INSP000004589,EQ00001524,2023-04-08,Electrical,Pass,Minor corrosion
INSP000004590,EQ00001524,2026-08-13,Functional,Defect Found,Leak indication
INSP000004591,EQ00001525,2021-08-06,Thickness,Defect Found,Leak indication
INSP000004592,EQ00001525,2022-10-06,Electrical,Pass,Vibration concern
INSP000004593,EQ00001526,2026-07-23,NDT,Conditional,Leak indication
INSP000004594,EQ00001526,2023-06-06,Thickness,Pass,Leak indication
INSP000004595,EQ00001526,2023-03-20,Thickness,Conditional,Leak indication
INSP000004596,EQ00001527,2023-02-09,Safety Device,Pass,Alarm test issue
INSP000004597,EQ00001527,2022-03-05,Visual,Pass,Leak indication
INSP000004598,EQ00001527,2025-06-19,Electrical,Pass,Minor corrosion
INSP000004599,EQ00001527,2022-10-20,Functional,Conditional,Leak indication
INSP000004600,EQ00001528,2023-03-05,Visual,Pass,Alarm test issue
INSP000004601,EQ00001528,2024-02-03,Thickness,Pass,Leak indication
INSP000004602,EQ00001528,2021-09-28,NDT,Pass,Alarm test issue
INSP000004603,EQ00001528,2023-12-04,Functional,Conditional,None
INSP000004604,EQ00001528,2021-02-21,NDT,Pass,None
INSP000004605,EQ00001529,2021-04-02,Thickness,Pass,None
INSP000004606,EQ00001529,2023-11-27,Electrical,Pass,Vibration concern
INSP000004607,EQ00001530,2023-04-01,Safety Device,Pass,Minor corrosion
INSP000004608,EQ00001530,2024-02-09,Visual,Defect Found,None
INSP000004609,EQ00001531,2022-04-06,Visual,Pass,Vibration concern
INSP000004610,EQ00001531,2021-04-07,Visual,Pass,Vibration concern
INSP000004611,EQ00001531,2021-06-21,Visual,Pass,Alarm test issue
INSP000004612,EQ00001531,2022-09-22,Safety Device,Pass,Leak indication
INSP000004613,EQ00001531,2024-03-26,Electrical,Pass,Vibration concern
INSP000004614,EQ00001532,2024-12-19,Electrical,Pass,Vibration concern
INSP000004615,EQ00001532,2025-08-19,Safety Device,Defect Found,Alarm test issue
INSP000004616,EQ00001533,2023-11-09,Safety Device,Pass,Minor corrosion
INSP000004617,EQ00001533,2024-08-24,Functional,Conditional,Alarm test issue
INSP000004618,EQ00001534,2021-03-20,Safety Device,Pass,Minor corrosion
INSP000004619,EQ00001534,2022-05-31,Electrical,Defect Found,Minor corrosion
INSP000004620,EQ00001534,2021-09-09,Visual,Conditional,Alarm test issue
INSP000004621,EQ00001534,2021-06-27,NDT,Defect Found,None
INSP000004622,EQ00001535,2025-10-03,Safety Device,Pass,Vibration concern
INSP000004623,EQ00001535,2023-12-23,Visual,Pass,Vibration concern
INSP000004624,EQ00001535,2023-06-18,Thickness,Pass,None
INSP000004625,EQ00001535,2022-08-07,Visual,Pass,None
INSP000004626,EQ00001536,2021-05-15,NDT,Conditional,Leak indication
INSP000004627,EQ00001536,2022-09-24,NDT,Pass,Leak indication
INSP000004628,EQ00001537,2024-05-27,Electrical,Pass,Vibration concern
INSP000004629,EQ00001537,2026-06-15,Thickness,Pass,Minor corrosion
INSP000004630,EQ00001538,2025-12-13,NDT,Pass,Leak indication
INSP000004631,EQ00001538,2022-03-06,Thickness,Pass,Vibration concern
INSP000004632,EQ00001538,2021-08-05,NDT,Pass,Leak indication
INSP000004633,EQ00001538,2021-04-20,Thickness,Defect Found,None
INSP000004634,EQ00001539,2024-02-27,NDT,Pass,Alarm test issue
INSP000004635,EQ00001539,2023-04-24,Visual,Pass,None
INSP000004636,EQ00001539,2022-03-14,Functional,Pass,Alarm test issue
INSP000004637,EQ00001540,2024-04-13,Functional,Pass,Leak indication
INSP000004638,EQ00001540,2024-10-15,Functional,Pass,Alarm test issue
INSP000004639,EQ00001540,2022-11-22,Safety Device,Pass,None
INSP000004640,EQ00001540,2025-07-24,Electrical,Pass,Leak indication
INSP000004641,EQ00001541,2023-03-14,Functional,Conditional,None
INSP000004642,EQ00001541,2022-08-19,Visual,Defect Found,Leak indication
INSP000004643,EQ00001541,2021-12-24,Safety Device,Conditional,Minor corrosion
INSP000004644,EQ00001541,2026-03-16,Visual,Pass,Alarm test issue
INSP000004645,EQ00001541,2022-12-09,Safety Device,Pass,Vibration concern
INSP000004646,EQ00001542,2024-07-05,NDT,Pass,None
INSP000004647,EQ00001543,2024-02-19,Functional,Pass,Alarm test issue
INSP000004648,EQ00001543,2022-05-04,Electrical,Pass,Minor corrosion
INSP000004649,EQ00001543,2023-02-14,Thickness,Pass,Alarm test issue
INSP000004650,EQ00001543,2023-09-09,Functional,Conditional,Leak indication
INSP000004651,EQ00001543,2022-09-26,Functional,Pass,Vibration concern
INSP000004652,EQ00001544,2022-02-05,Thickness,Pass,None
INSP000004653,EQ00001544,2024-07-21,Electrical,Pass,Leak indication
INSP000004654,EQ00001544,2023-06-05,Functional,Pass,Alarm test issue
INSP000004655,EQ00001545,2021-03-04,Thickness,Conditional,Vibration concern
INSP000004656,EQ00001545,2021-06-19,Safety Device,Pass,None
INSP000004657,EQ00001545,2025-10-05,Safety Device,Pass,Leak indication
INSP000004658,EQ00001546,2024-09-01,Safety Device,Conditional,None
INSP000004659,EQ00001546,2024-12-02,Visual,Conditional,Alarm test issue
INSP000004660,EQ00001546,2021-02-15,Electrical,Pass,Vibration concern
INSP000004661,EQ00001546,2021-01-20,Functional,Pass,Vibration concern
INSP000004662,EQ00001547,2024-04-16,NDT,Pass,Alarm test issue
INSP000004663,EQ00001547,2021-05-05,Functional,Pass,Vibration concern
INSP000004664,EQ00001548,2026-03-05,Thickness,Pass,Minor corrosion
INSP000004665,EQ00001548,2022-08-28,Functional,Pass,Minor corrosion
INSP000004666,EQ00001549,2023-08-22,Safety Device,Conditional,None
INSP000004667,EQ00001549,2021-04-13,NDT,Pass,Minor corrosion
INSP000004668,EQ00001549,2023-01-28,Safety Device,Defect Found,Minor corrosion
INSP000004669,EQ00001550,2025-09-05,Electrical,Defect Found,Vibration concern
INSP000004670,EQ00001550,2025-02-03,Electrical,Defect Found,Alarm test issue
INSP000004671,EQ00001550,2022-09-23,Visual,Conditional,Alarm test issue
INSP000004672,EQ00001550,2021-08-19,Visual,Conditional,Leak indication
INSP000004673,EQ00001551,2026-04-28,Visual,Pass,Leak indication
INSP000004674,EQ00001551,2025-02-09,Functional,Pass,None
INSP000004675,EQ00001551,2021-11-18,Functional,Pass,Alarm test issue
INSP000004676,EQ00001552,2022-07-31,Electrical,Pass,None
INSP000004677,EQ00001552,2024-05-21,Visual,Pass,Leak indication
INSP000004678,EQ00001552,2022-03-25,Functional,Conditional,None
INSP000004679,EQ00001552,2026-07-28,Safety Device,Pass,Alarm test issue
INSP000004680,EQ00001552,2022-01-01,Visual,Pass,Alarm test issue
INSP000004681,EQ00001553,2024-10-09,Thickness,Conditional,Alarm test issue
INSP000004682,EQ00001553,2022-01-29,Safety Device,Conditional,Leak indication
INSP000004683,EQ00001553,2022-12-28,Safety Device,Pass,None
INSP000004684,EQ00001553,2024-09-09,NDT,Defect Found,Minor corrosion
INSP000004685,EQ00001554,2021-04-21,Safety Device,Pass,None
INSP000004686,EQ00001555,2022-03-30,Electrical,Pass,Leak indication
INSP000004687,EQ00001556,2022-03-29,Safety Device,Pass,None
INSP000004688,EQ00001556,2024-12-31,Functional,Defect Found,Alarm test issue
INSP000004689,EQ00001556,2025-10-06,Thickness,Pass,Leak indication
INSP000004690,EQ00001556,2023-08-12,Visual,Defect Found,Alarm test issue
INSP000004691,EQ00001556,2022-02-06,Safety Device,Defect Found,Alarm test issue
INSP000004692,EQ00001557,2022-01-21,Functional,Pass,Leak indication
INSP000004693,EQ00001557,2023-03-29,Thickness,Pass,Leak indication
INSP000004694,EQ00001558,2025-05-02,NDT,Defect Found,None
INSP000004695,EQ00001559,2025-08-03,Thickness,Defect Found,Vibration concern
INSP000004696,EQ00001560,2025-01-20,NDT,Conditional,None
INSP000004697,EQ00001560,2024-06-09,Visual,Defect Found,Minor corrosion
INSP000004698,EQ00001560,2026-04-26,Visual,Defect Found,Leak indication
INSP000004699,EQ00001561,2023-11-25,Visual,Conditional,Vibration concern
INSP000004700,EQ00001561,2023-10-17,Electrical,Pass,Leak indication
INSP000004701,EQ00001561,2023-05-14,Functional,Conditional,Minor corrosion
INSP000004702,EQ00001561,2021-05-05,NDT,Pass,Leak indication
INSP000004703,EQ00001561,2022-04-18,NDT,Pass,Minor corrosion
INSP000004704,EQ00001562,2022-12-14,Thickness,Pass,Alarm test issue
INSP000004705,EQ00001562,2025-02-13,Functional,Pass,Alarm test issue
INSP000004706,EQ00001562,2022-11-11,Electrical,Pass,Leak indication
INSP000004707,EQ00001562,2024-08-01,Electrical,Pass,Alarm test issue
INSP000004708,EQ00001562,2021-01-31,Visual,Pass,Minor corrosion
INSP000004709,EQ00001563,2025-08-08,Electrical,Pass,None
INSP000004710,EQ00001563,2025-11-03,NDT,Defect Found,Leak indication
INSP000004711,EQ00001563,2021-03-27,Visual,Pass,None
INSP000004712,EQ00001564,2023-04-03,Safety Device,Conditional,Leak indication
INSP000004713,EQ00001564,2026-03-18,Thickness,Pass,None
INSP000004714,EQ00001564,2023-10-08,Visual,Pass,Alarm test issue
INSP000004715,EQ00001564,2024-11-10,Safety Device,Pass,Alarm test issue
INSP000004716,EQ00001564,2021-02-20,Electrical,Defect Found,Leak indication
INSP000004717,EQ00001565,2024-02-09,Safety Device,Pass,Minor corrosion
INSP000004718,EQ00001565,2022-09-30,Electrical,Pass,Vibration concern
INSP000004719,EQ00001566,2026-08-19,Visual,Pass,None
INSP000004720,EQ00001566,2024-06-05,Safety Device,Pass,Minor corrosion
INSP000004721,EQ00001566,2021-05-21,Electrical,Pass,Leak indication
INSP000004722,EQ00001566,2026-04-02,Safety Device,Defect Found,None
INSP000004723,EQ00001566,2024-12-08,Safety Device,Pass,Minor corrosion
INSP000004724,EQ00001567,2022-04-16,NDT,Defect Found,None
INSP000004725,EQ00001567,2021-12-07,Visual,Pass,Minor corrosion
INSP000004726,EQ00001567,2022-04-15,Functional,Pass,Vibration concern
INSP000004727,EQ00001568,2022-08-14,Functional,Pass,Minor corrosion
INSP000004728,EQ00001568,2023-01-03,Safety Device,Defect Found,Minor corrosion
INSP000004729,EQ00001568,2021-10-11,Thickness,Pass,None
INSP000004730,EQ00001568,2023-10-15,Visual,Pass,Vibration concern
INSP000004731,EQ00001568,2021-12-14,Functional,Conditional,Leak indication
INSP000004732,EQ00001569,2024-12-30,Visual,Defect Found,Alarm test issue
INSP000004733,EQ00001569,2021-03-17,Safety Device,Pass,Vibration concern
INSP000004734,EQ00001570,2021-06-15,Visual,Pass,Alarm test issue
INSP000004735,EQ00001570,2024-06-14,NDT,Pass,Leak indication
INSP000004736,EQ00001570,2023-03-26,NDT,Conditional,Leak indication
INSP000004737,EQ00001570,2024-05-10,Functional,Pass,Minor corrosion
INSP000004738,EQ00001571,2022-11-14,Safety Device,Defect Found,Minor corrosion
INSP000004739,EQ00001571,2025-03-08,Electrical,Conditional,Vibration concern
INSP000004740,EQ00001571,2022-04-30,Safety Device,Pass,None
INSP000004741,EQ00001571,2024-05-08,NDT,Conditional,Alarm test issue
INSP000004742,EQ00001572,2021-12-02,Safety Device,Pass,Minor corrosion
INSP000004743,EQ00001572,2021-02-25,Visual,Pass,None
INSP000004744,EQ00001572,2024-03-28,Visual,Pass,Vibration concern
INSP000004745,EQ00001572,2023-03-19,Functional,Pass,Vibration concern
INSP000004746,EQ00001573,2026-07-08,Safety Device,Conditional,Leak indication
INSP000004747,EQ00001574,2022-07-06,NDT,Pass,Alarm test issue
INSP000004748,EQ00001574,2021-08-11,NDT,Pass,Vibration concern
INSP000004749,EQ00001575,2022-06-16,Visual,Defect Found,Minor corrosion
INSP000004750,EQ00001575,2024-07-24,NDT,Pass,None
INSP000004751,EQ00001575,2021-05-19,NDT,Pass,Minor corrosion
INSP000004752,EQ00001576,2024-08-08,Functional,Pass,Leak indication
INSP000004753,EQ00001576,2024-07-12,Electrical,Defect Found,Leak indication
INSP000004754,EQ00001576,2026-04-18,Thickness,Pass,None
INSP000004755,EQ00001576,2025-05-03,Thickness,Conditional,Minor corrosion
INSP000004756,EQ00001576,2023-03-20,Electrical,Pass,Vibration concern
INSP000004757,EQ00001577,2023-11-26,Thickness,Pass,Alarm test issue
INSP000004758,EQ00001578,2022-06-12,Functional,Defect Found,Vibration concern
INSP000004759,EQ00001578,2025-03-09,Thickness,Conditional,Alarm test issue
INSP000004760,EQ00001578,2024-01-12,Visual,Defect Found,Leak indication
INSP000004761,EQ00001578,2026-06-04,Electrical,Pass,Leak indication
INSP000004762,EQ00001579,2023-07-27,Functional,Pass,Leak indication
INSP000004763,EQ00001579,2024-02-14,NDT,Conditional,Vibration concern
INSP000004764,EQ00001579,2025-11-27,NDT,Defect Found,Leak indication
INSP000004765,EQ00001579,2024-05-26,Functional,Pass,Alarm test issue
INSP000004766,EQ00001580,2026-08-22,Visual,Pass,Minor corrosion
INSP000004767,EQ00001580,2023-04-18,Safety Device,Defect Found,None
INSP000004768,EQ00001580,2023-01-01,Thickness,Defect Found,Minor corrosion
INSP000004769,EQ00001580,2023-12-02,Safety Device,Conditional,None
INSP000004770,EQ00001581,2021-06-20,Visual,Pass,None
INSP000004771,EQ00001581,2022-05-22,Electrical,Conditional,Minor corrosion
INSP000004772,EQ00001582,2026-01-27,Visual,Pass,Alarm test issue
INSP000004773,EQ00001582,2026-02-01,NDT,Defect Found,Leak indication
INSP000004774,EQ00001582,2025-10-29,Safety Device,Defect Found,Leak indication
INSP000004775,EQ00001583,2026-03-23,Safety Device,Pass,Leak indication
INSP000004776,EQ00001583,2024-07-22,Functional,Conditional,Alarm test issue
INSP000004777,EQ00001583,2022-10-06,Functional,Pass,Vibration concern
INSP000004778,EQ00001584,2021-11-02,Safety Device,Pass,Minor corrosion
INSP000004779,EQ00001584,2023-03-11,Electrical,Pass,Leak indication
INSP000004780,EQ00001585,2022-08-23,Visual,Pass,Minor corrosion
INSP000004781,EQ00001586,2026-01-18,Electrical,Pass,Alarm test issue
INSP000004782,EQ00001586,2026-01-15,Thickness,Pass,Alarm test issue
INSP000004783,EQ00001586,2022-06-09,NDT,Conditional,Alarm test issue
INSP000004784,EQ00001586,2024-08-09,Functional,Pass,Minor corrosion
INSP000004785,EQ00001587,2024-02-21,Electrical,Pass,Vibration concern
INSP000004786,EQ00001587,2023-11-29,Functional,Pass,Minor corrosion
INSP000004787,EQ00001587,2023-06-21,NDT,Pass,None
INSP000004788,EQ00001587,2021-11-25,NDT,Pass,Minor corrosion
INSP000004789,EQ00001587,2023-07-20,Thickness,Pass,None
INSP000004790,EQ00001588,2023-03-16,Safety Device,Defect Found,None
INSP000004791,EQ00001589,2026-03-10,Safety Device,Defect Found,Alarm test issue
INSP000004792,EQ00001589,2025-09-10,Electrical,Pass,Alarm test issue
INSP000004793,EQ00001590,2022-12-12,NDT,Defect Found,Leak indication
INSP000004794,EQ00001591,2023-11-06,NDT,Pass,Vibration concern
INSP000004795,EQ00001591,2026-06-27,Functional,Defect Found,Minor corrosion
INSP000004796,EQ00001592,2021-11-16,Safety Device,Conditional,None
INSP000004797,EQ00001592,2026-07-06,Electrical,Pass,Minor corrosion
INSP000004798,EQ00001592,2025-06-25,Safety Device,Pass,Leak indication
INSP000004799,EQ00001592,2023-11-11,Electrical,Conditional,Minor corrosion
INSP000004800,EQ00001592,2024-11-06,Thickness,Pass,Minor corrosion
INSP000004801,EQ00001593,2023-08-01,NDT,Pass,None
INSP000004802,EQ00001593,2025-04-29,NDT,Pass,Vibration concern
INSP000004803,EQ00001594,2021-02-24,NDT,Pass,Vibration concern
INSP000004804,EQ00001594,2021-02-17,NDT,Pass,Leak indication
INSP000004805,EQ00001594,2021-01-13,Electrical,Defect Found,None
INSP000004806,EQ00001594,2023-02-04,NDT,Pass,None
INSP000004807,EQ00001594,2026-02-23,Safety Device,Conditional,Vibration concern
INSP000004808,EQ00001595,2024-06-10,Functional,Defect Found,None
INSP000004809,EQ00001595,2025-03-15,Electrical,Pass,Vibration concern
INSP000004810,EQ00001595,2022-05-11,Safety Device,Pass,Leak indication
INSP000004811,EQ00001595,2025-07-11,Safety Device,Pass,Minor corrosion
INSP000004812,EQ00001596,2023-01-08,NDT,Defect Found,Alarm test issue
INSP000004813,EQ00001596,2024-12-09,Visual,Pass,Vibration concern
INSP000004814,EQ00001597,2021-05-02,Functional,Pass,Vibration concern
INSP000004815,EQ00001598,2021-07-18,NDT,Conditional,Leak indication
INSP000004816,EQ00001599,2021-01-25,Visual,Pass,None
INSP000004817,EQ00001599,2022-06-21,Safety Device,Pass,Leak indication
INSP000004818,EQ00001599,2025-02-12,Safety Device,Pass,Alarm test issue
INSP000004819,EQ00001599,2021-09-20,Safety Device,Defect Found,Leak indication
INSP000004820,EQ00001599,2022-06-16,Visual,Pass,Vibration concern
INSP000004821,EQ00001600,2021-01-18,NDT,Pass,Minor corrosion
INSP000004822,EQ00001600,2023-12-28,Safety Device,Pass,Minor corrosion
INSP000004823,EQ00001600,2026-08-03,Visual,Pass,Minor corrosion
INSP000004824,EQ00001600,2026-08-09,Thickness,Pass,Minor corrosion
INSP000004825,EQ00001600,2022-02-23,Thickness,Pass,Minor corrosion
INSP000004826,EQ00001601,2023-09-17,Safety Device,Pass,Minor corrosion
INSP000004827,EQ00001601,2023-08-20,Thickness,Conditional,Leak indication
INSP000004828,EQ00001601,2023-03-22,NDT,Pass,Alarm test issue
INSP000004829,EQ00001602,2025-07-03,Thickness,Pass,None
INSP000004830,EQ00001602,2026-07-26,Visual,Pass,Alarm test issue
INSP000004831,EQ00001603,2023-11-25,NDT,Pass,Minor corrosion
INSP000004832,EQ00001603,2023-02-12,Safety Device,Pass,Leak indication
INSP000004833,EQ00001603,2024-03-19,NDT,Conditional,Vibration concern
INSP000004834,EQ00001603,2023-04-22,Thickness,Pass,Minor corrosion
INSP000004835,EQ00001603,2021-08-20,Visual,Pass,Leak indication
INSP000004836,EQ00001604,2024-10-07,Thickness,Pass,Leak indication
INSP000004837,EQ00001604,2021-02-18,Electrical,Pass,Minor corrosion
INSP000004838,EQ00001604,2025-03-05,Safety Device,Pass,Leak indication
INSP000004839,EQ00001604,2023-03-09,Visual,Pass,None
INSP000004840,EQ00001605,2023-03-17,Electrical,Pass,Vibration concern
INSP000004841,EQ00001605,2024-10-04,NDT,Defect Found,Minor corrosion
INSP000004842,EQ00001605,2021-03-27,Electrical,Defect Found,None
INSP000004843,EQ00001605,2023-12-27,Visual,Pass,Leak indication
INSP000004844,EQ00001605,2021-03-19,Thickness,Pass,Leak indication
INSP000004845,EQ00001606,2024-02-14,Thickness,Pass,None
INSP000004846,EQ00001606,2022-09-19,Visual,Pass,Alarm test issue
INSP000004847,EQ00001606,2026-06-06,Thickness,Pass,Leak indication
INSP000004848,EQ00001606,2023-09-11,Electrical,Pass,Minor corrosion
INSP000004849,EQ00001607,2021-08-05,NDT,Defect Found,Vibration concern
INSP000004850,EQ00001607,2024-02-11,Electrical,Pass,Leak indication
INSP000004851,EQ00001607,2024-07-17,Visual,Pass,Vibration concern
INSP000004852,EQ00001607,2023-07-31,Safety Device,Pass,None
INSP000004853,EQ00001607,2025-12-13,Safety Device,Pass,Minor corrosion
INSP000004854,EQ00001608,2025-10-23,Thickness,Pass,Minor corrosion
INSP000004855,EQ00001608,2021-02-01,Visual,Pass,Vibration concern
INSP000004856,EQ00001609,2022-08-30,Electrical,Pass,Alarm test issue
INSP000004857,EQ00001609,2025-06-16,Safety Device,Pass,Minor corrosion
INSP000004858,EQ00001609,2022-04-20,Safety Device,Pass,Alarm test issue
INSP000004859,EQ00001609,2021-06-25,Thickness,Pass,Alarm test issue
INSP000004860,EQ00001610,2021-07-20,Thickness,Pass,Minor corrosion
INSP000004861,EQ00001610,2024-07-20,Functional,Defect Found,None
INSP000004862,EQ00001611,2021-04-02,Visual,Pass,None
INSP000004863,EQ00001612,2026-04-03,Visual,Conditional,Minor corrosion
INSP000004864,EQ00001612,2021-09-29,Functional,Pass,Vibration concern
INSP000004865,EQ00001612,2023-01-26,Thickness,Pass,Alarm test issue
INSP000004866,EQ00001612,2022-10-25,Thickness,Conditional,Minor corrosion
INSP000004867,EQ00001612,2021-10-21,Safety Device,Pass,Leak indication
INSP000004868,EQ00001613,2026-08-15,Functional,Defect Found,Alarm test issue
INSP000004869,EQ00001613,2024-10-11,Functional,Pass,Leak indication
INSP000004870,EQ00001613,2026-01-11,Safety Device,Pass,Minor corrosion
INSP000004871,EQ00001613,2023-10-20,Visual,Pass,Minor corrosion
INSP000004872,EQ00001614,2026-03-09,Electrical,Defect Found,Leak indication
INSP000004873,EQ00001615,2026-05-30,Functional,Defect Found,Vibration concern
INSP000004874,EQ00001615,2023-08-25,Functional,Pass,Alarm test issue
INSP000004875,EQ00001616,2024-07-04,Safety Device,Pass,Alarm test issue
INSP000004876,EQ00001617,2021-09-21,Safety Device,Pass,None
INSP000004877,EQ00001617,2024-06-20,Thickness,Defect Found,Alarm test issue
INSP000004878,EQ00001617,2023-06-09,Functional,Pass,Minor corrosion
INSP000004879,EQ00001618,2025-07-12,Thickness,Conditional,Vibration concern
INSP000004880,EQ00001618,2021-01-21,Safety Device,Pass,Leak indication
INSP000004881,EQ00001619,2025-09-12,Electrical,Pass,Vibration concern
INSP000004882,EQ00001619,2024-01-19,Electrical,Defect Found,Leak indication
INSP000004883,EQ00001619,2021-12-14,Safety Device,Pass,Alarm test issue
INSP000004884,EQ00001619,2024-01-30,Functional,Pass,Minor corrosion
INSP000004885,EQ00001619,2022-12-08,Safety Device,Conditional,Alarm test issue
INSP000004886,EQ00001620,2026-04-04,Safety Device,Pass,Leak indication
INSP000004887,EQ00001621,2021-05-28,NDT,Conditional,Vibration concern
INSP000004888,EQ00001622,2022-09-04,NDT,Conditional,Alarm test issue
INSP000004889,EQ00001623,2024-02-04,Visual,Defect Found,Minor corrosion
INSP000004890,EQ00001624,2023-11-09,Thickness,Defect Found,Vibration concern
INSP000004891,EQ00001624,2026-05-01,Thickness,Defect Found,Minor corrosion
INSP000004892,EQ00001624,2025-07-05,Safety Device,Pass,None
INSP000004893,EQ00001624,2024-04-16,Functional,Pass,Alarm test issue
INSP000004894,EQ00001624,2025-07-05,Thickness,Pass,Leak indication
INSP000004895,EQ00001625,2025-03-20,Functional,Pass,Vibration concern
INSP000004896,EQ00001625,2025-07-07,Visual,Pass,Alarm test issue
INSP000004897,EQ00001626,2026-07-30,Safety Device,Defect Found,Leak indication
INSP000004898,EQ00001626,2021-02-23,Safety Device,Pass,Minor corrosion
INSP000004899,EQ00001626,2023-06-08,Electrical,Defect Found,Alarm test issue
INSP000004900,EQ00001627,2021-04-20,NDT,Conditional,None
INSP000004901,EQ00001627,2025-09-10,NDT,Pass,Alarm test issue
INSP000004902,EQ00001628,2025-12-24,NDT,Conditional,Vibration concern
INSP000004903,EQ00001629,2025-04-19,Functional,Pass,Minor corrosion
INSP000004904,EQ00001629,2026-07-23,Safety Device,Conditional,Minor corrosion
INSP000004905,EQ00001629,2024-05-28,NDT,Pass,None
INSP000004906,EQ00001630,2024-04-15,Functional,Defect Found,Vibration concern
INSP000004907,EQ00001631,2026-06-12,Thickness,Pass,Alarm test issue
INSP000004908,EQ00001632,2024-01-07,Functional,Conditional,Leak indication
INSP000004909,EQ00001632,2026-07-24,Thickness,Pass,Minor corrosion
INSP000004910,EQ00001632,2024-05-16,Electrical,Pass,Minor corrosion
INSP000004911,EQ00001633,2023-07-28,Thickness,Conditional,Minor corrosion
INSP000004912,EQ00001633,2022-07-01,Visual,Pass,Alarm test issue
INSP000004913,EQ00001633,2025-02-04,Electrical,Pass,Leak indication
INSP000004914,EQ00001633,2021-11-26,NDT,Pass,Vibration concern
INSP000004915,EQ00001634,2022-12-13,Electrical,Pass,Minor corrosion
INSP000004916,EQ00001635,2022-06-24,Safety Device,Pass,Minor corrosion
INSP000004917,EQ00001635,2025-01-31,Electrical,Conditional,Vibration concern
INSP000004918,EQ00001636,2024-03-01,Visual,Pass,Leak indication
INSP000004919,EQ00001636,2022-09-24,Safety Device,Defect Found,None
INSP000004920,EQ00001637,2025-10-15,Safety Device,Pass,Minor corrosion
INSP000004921,EQ00001638,2022-09-16,Electrical,Conditional,None
INSP000004922,EQ00001638,2022-11-28,Electrical,Pass,Vibration concern
INSP000004923,EQ00001638,2022-12-15,Electrical,Pass,None
INSP000004924,EQ00001639,2022-09-17,Thickness,Defect Found,Alarm test issue
INSP000004925,EQ00001639,2021-05-12,Safety Device,Pass,Vibration concern
INSP000004926,EQ00001639,2022-11-08,NDT,Pass,Vibration concern
INSP000004927,EQ00001640,2023-05-26,Safety Device,Defect Found,Vibration concern
INSP000004928,EQ00001640,2025-06-25,Safety Device,Pass,Alarm test issue
INSP000004929,EQ00001641,2026-06-05,Visual,Pass,Leak indication
INSP000004930,EQ00001641,2024-08-29,Thickness,Conditional,Minor corrosion
INSP000004931,EQ00001641,2025-06-11,Functional,Pass,None
INSP000004932,EQ00001642,2021-11-19,Safety Device,Pass,Leak indication
INSP000004933,EQ00001642,2023-07-24,Functional,Pass,Vibration concern
INSP000004934,EQ00001642,2023-10-10,Safety Device,Pass,Minor corrosion
INSP000004935,EQ00001642,2024-06-01,Visual,Pass,Minor corrosion
INSP000004936,EQ00001643,2024-09-17,Functional,Pass,Minor corrosion
INSP000004937,EQ00001643,2023-01-11,Functional,Pass,None
INSP000004938,EQ00001643,2026-01-13,Functional,Pass,Alarm test issue
INSP000004939,EQ00001643,2023-03-08,Thickness,Defect Found,Alarm test issue
INSP000004940,EQ00001644,2022-02-13,Electrical,Defect Found,Vibration concern
INSP000004941,EQ00001644,2022-09-13,Safety Device,Pass,Vibration concern
INSP000004942,EQ00001645,2024-02-25,Visual,Pass,Leak indication
INSP000004943,EQ00001645,2022-06-21,Functional,Pass,Alarm test issue
INSP000004944,EQ00001645,2021-09-24,Electrical,Pass,Leak indication
INSP000004945,EQ00001645,2026-02-09,Thickness,Pass,None
INSP000004946,EQ00001645,2024-11-10,NDT,Pass,Vibration concern
INSP000004947,EQ00001646,2024-01-19,Electrical,Pass,Alarm test issue
INSP000004948,EQ00001646,2021-03-21,Safety Device,Pass,Leak indication
INSP000004949,EQ00001646,2024-09-01,NDT,Pass,Alarm test issue
INSP000004950,EQ00001646,2024-09-26,Safety Device,Pass,Alarm test issue
INSP000004951,EQ00001646,2024-06-01,Safety Device,Conditional,Vibration concern
INSP000004952,EQ00001647,2024-12-10,Visual,Pass,Vibration concern
INSP000004953,EQ00001647,2024-02-19,Safety Device,Pass,Minor corrosion
INSP000004954,EQ00001647,2023-01-06,Safety Device,Conditional,None
INSP000004955,EQ00001648,2022-02-23,Functional,Conditional,None
INSP000004956,EQ00001649,2024-12-02,Safety Device,Pass,Vibration concern
INSP000004957,EQ00001649,2021-07-19,Visual,Conditional,None
INSP000004958,EQ00001649,2021-09-30,Visual,Pass,Leak indication
INSP000004959,EQ00001650,2024-07-19,Electrical,Pass,Alarm test issue
INSP000004960,EQ00001650,2023-12-18,Electrical,Pass,Alarm test issue
INSP000004961,EQ00001650,2023-03-06,NDT,Pass,Vibration concern
INSP000004962,EQ00001650,2025-05-16,Functional,Pass,None
INSP000004963,EQ00001651,2022-10-29,Functional,Pass,Minor corrosion
INSP000004964,EQ00001652,2024-03-04,Functional,Pass,Alarm test issue
INSP000004965,EQ00001652,2021-11-14,Functional,Pass,None
INSP000004966,EQ00001652,2023-08-21,Electrical,Pass,Alarm test issue
INSP000004967,EQ00001653,2023-01-25,Safety Device,Pass,Alarm test issue
INSP000004968,EQ00001653,2024-02-22,NDT,Conditional,Vibration concern
INSP000004969,EQ00001653,2021-11-09,NDT,Pass,None
INSP000004970,EQ00001653,2022-11-03,Thickness,Conditional,Leak indication
INSP000004971,EQ00001653,2026-01-15,Thickness,Pass,Vibration concern
INSP000004972,EQ00001654,2024-02-11,Safety Device,Pass,Leak indication
INSP000004973,EQ00001654,2026-02-28,Safety Device,Conditional,Minor corrosion
INSP000004974,EQ00001655,2023-04-06,Functional,Pass,Alarm test issue
INSP000004975,EQ00001656,2024-07-30,Electrical,Conditional,Vibration concern
INSP000004976,EQ00001657,2026-06-26,Safety Device,Pass,Leak indication
INSP000004977,EQ00001658,2023-05-24,Thickness,Pass,None
INSP000004978,EQ00001659,2024-06-28,Safety Device,Pass,None
INSP000004979,EQ00001659,2025-12-11,Thickness,Conditional,None
INSP000004980,EQ00001659,2026-02-01,Safety Device,Pass,Leak indication
INSP000004981,EQ00001659,2025-03-21,Electrical,Conditional,None
INSP000004982,EQ00001659,2022-06-04,NDT,Pass,None
INSP000004983,EQ00001660,2021-06-06,Visual,Pass,Vibration concern
INSP000004984,EQ00001660,2024-02-17,Visual,Pass,Minor corrosion
INSP000004985,EQ00001661,2025-06-30,Functional,Defect Found,Leak indication
INSP000004986,EQ00001661,2024-12-26,Thickness,Pass,Leak indication
INSP000004987,EQ00001661,2022-12-23,Electrical,Pass,Alarm test issue
INSP000004988,EQ00001662,2022-09-10,Thickness,Conditional,Leak indication
INSP000004989,EQ00001662,2025-08-15,Functional,Conditional,Vibration concern
INSP000004990,EQ00001662,2023-04-09,Thickness,Pass,Vibration concern
INSP000004991,EQ00001663,2022-09-03,Electrical,Defect Found,Vibration concern
INSP000004992,EQ00001663,2021-08-18,NDT,Pass,Minor corrosion
INSP000004993,EQ00001663,2025-02-24,Thickness,Pass,Vibration concern
INSP000004994,EQ00001663,2022-06-19,Electrical,Pass,Leak indication
INSP000004995,EQ00001663,2023-11-14,Thickness,Pass,Minor corrosion
INSP000004996,EQ00001664,2023-04-01,Electrical,Defect Found,Vibration concern
INSP000004997,EQ00001664,2025-06-09,Safety Device,Defect Found,Leak indication
INSP000004998,EQ00001664,2024-08-05,Functional,Defect Found,Vibration concern
INSP000004999,EQ00001664,2024-09-15,Electrical,Defect Found,Minor corrosion
INSP000005000,EQ00001665,2024-07-16,Safety Device,Pass,Minor corrosion
INSP000005001,EQ00001665,2024-02-03,Thickness,Defect Found,Alarm test issue
INSP000005002,EQ00001665,2026-03-20,Functional,Pass,Minor corrosion
INSP000005003,EQ00001665,2021-06-06,Functional,Conditional,None
INSP000005004,EQ00001666,2021-11-05,Thickness,Conditional,Alarm test issue
INSP000005005,EQ00001666,2025-02-28,Thickness,Pass,Minor corrosion
INSP000005006,EQ00001666,2026-05-07,NDT,Pass,Alarm test issue
INSP000005007,EQ00001666,2025-03-03,Functional,Defect Found,Alarm test issue
INSP000005008,EQ00001666,2024-04-06,Functional,Conditional,Minor corrosion
INSP000005009,EQ00001667,2026-03-09,Visual,Pass,Vibration concern
INSP000005010,EQ00001667,2023-12-28,Thickness,Conditional,Minor corrosion
INSP000005011,EQ00001667,2023-01-10,Safety Device,Pass,None
INSP000005012,EQ00001667,2023-04-07,Electrical,Pass,Leak indication
INSP000005013,EQ00001667,2024-09-18,NDT,Pass,Leak indication
INSP000005014,EQ00001668,2021-05-23,Safety Device,Pass,Leak indication
INSP000005015,EQ00001668,2024-09-22,Safety Device,Defect Found,Minor corrosion
INSP000005016,EQ00001668,2024-06-10,Visual,Pass,Vibration concern
INSP000005017,EQ00001669,2022-03-17,Visual,Pass,Minor corrosion
INSP000005018,EQ00001669,2024-08-05,Visual,Pass,Alarm test issue
INSP000005019,EQ00001669,2024-04-11,Thickness,Conditional,Vibration concern
INSP000005020,EQ00001670,2021-03-14,Thickness,Pass,Vibration concern
INSP000005021,EQ00001670,2022-01-07,Functional,Pass,Vibration concern
INSP000005022,EQ00001670,2021-01-27,Thickness,Conditional,Alarm test issue
INSP000005023,EQ00001671,2023-12-28,Thickness,Pass,None
INSP000005024,EQ00001671,2025-07-01,Functional,Pass,Alarm test issue
INSP000005025,EQ00001671,2023-03-12,Visual,Conditional,Vibration concern
INSP000005026,EQ00001671,2026-07-03,Thickness,Conditional,None
INSP000005027,EQ00001671,2025-04-26,Thickness,Pass,Alarm test issue
INSP000005028,EQ00001672,2021-04-21,Safety Device,Conditional,Alarm test issue
INSP000005029,EQ00001672,2022-07-05,Functional,Pass,None
INSP000005030,EQ00001673,2025-01-07,Visual,Conditional,Minor corrosion
INSP000005031,EQ00001673,2024-04-29,NDT,Pass,Leak indication
INSP000005032,EQ00001673,2025-09-16,Safety Device,Pass,Leak indication
INSP000005033,EQ00001673,2023-08-08,Functional,Pass,Leak indication
INSP000005034,EQ00001673,2023-12-12,Thickness,Defect Found,Leak indication
INSP000005035,EQ00001674,2023-07-21,Safety Device,Pass,Vibration concern
INSP000005036,EQ00001674,2021-08-27,Safety Device,Defect Found,Alarm test issue
INSP000005037,EQ00001674,2021-09-29,Functional,Defect Found,Minor corrosion
INSP000005038,EQ00001674,2024-04-04,NDT,Pass,Leak indication
INSP000005039,EQ00001674,2021-08-03,Functional,Defect Found,Alarm test issue
INSP000005040,EQ00001675,2023-04-05,Electrical,Defect Found,Alarm test issue
INSP000005041,EQ00001675,2022-09-03,Functional,Pass,Alarm test issue
INSP000005042,EQ00001675,2024-05-17,Thickness,Defect Found,Minor corrosion
INSP000005043,EQ00001675,2023-06-13,Safety Device,Pass,Leak indication
INSP000005044,EQ00001675,2023-09-12,NDT,Pass,Vibration concern
INSP000005045,EQ00001676,2023-10-04,Functional,Pass,Alarm test issue
INSP000005046,EQ00001676,2026-03-17,Thickness,Defect Found,Leak indication
INSP000005047,EQ00001676,2023-04-16,Safety Device,Pass,Minor corrosion
INSP000005048,EQ00001677,2023-01-05,Functional,Pass,None
INSP000005049,EQ00001677,2024-09-04,NDT,Pass,Minor corrosion
INSP000005050,EQ00001677,2026-06-04,Safety Device,Pass,Vibration concern
INSP000005051,EQ00001677,2022-12-21,Safety Device,Pass,Vibration concern
INSP000005052,EQ00001677,2025-08-11,Safety Device,Defect Found,None
INSP000005053,EQ00001678,2023-03-27,NDT,Pass,Leak indication
INSP000005054,EQ00001679,2023-07-10,Functional,Pass,Leak indication
INSP000005055,EQ00001680,2026-02-12,Thickness,Defect Found,Leak indication
INSP000005056,EQ00001680,2025-02-24,Thickness,Pass,Alarm test issue
INSP000005057,EQ00001680,2025-05-22,Thickness,Pass,Vibration concern
INSP000005058,EQ00001681,2023-12-29,Visual,Pass,Alarm test issue
INSP000005059,EQ00001681,2026-01-23,Visual,Pass,Alarm test issue
INSP000005060,EQ00001681,2025-10-13,Visual,Pass,Alarm test issue
INSP000005061,EQ00001681,2021-04-21,Electrical,Pass,None
INSP000005062,EQ00001681,2022-08-13,Safety Device,Pass,Vibration concern
INSP000005063,EQ00001682,2025-08-21,Functional,Pass,None
INSP000005064,EQ00001682,2025-05-28,NDT,Pass,Minor corrosion
INSP000005065,EQ00001682,2026-02-10,NDT,Pass,Vibration concern
INSP000005066,EQ00001682,2021-02-06,Safety Device,Conditional,Minor corrosion
INSP000005067,EQ00001683,2024-07-21,Visual,Defect Found,Alarm test issue
INSP000005068,EQ00001683,2026-01-31,Thickness,Pass,Alarm test issue
INSP000005069,EQ00001683,2025-07-06,Electrical,Pass,Leak indication
INSP000005070,EQ00001683,2026-05-18,Electrical,Pass,None
INSP000005071,EQ00001684,2025-11-08,Safety Device,Pass,Leak indication
INSP000005072,EQ00001684,2025-06-05,Functional,Defect Found,Minor corrosion
INSP000005073,EQ00001684,2022-10-15,NDT,Pass,None
INSP000005074,EQ00001684,2022-04-22,Thickness,Conditional,Vibration concern
INSP000005075,EQ00001685,2026-08-05,Safety Device,Pass,Alarm test issue
INSP000005076,EQ00001685,2021-05-08,Thickness,Defect Found,None
INSP000005077,EQ00001686,2026-03-22,Functional,Defect Found,Leak indication
INSP000005078,EQ00001686,2022-05-23,Thickness,Defect Found,Minor corrosion
INSP000005079,EQ00001686,2024-03-04,Thickness,Pass,Alarm test issue
INSP000005080,EQ00001687,2026-01-06,NDT,Conditional,Leak indication
INSP000005081,EQ00001687,2026-06-27,NDT,Pass,Leak indication
INSP000005082,EQ00001687,2022-01-04,Electrical,Pass,Alarm test issue
INSP000005083,EQ00001688,2024-03-02,Thickness,Pass,Leak indication
INSP000005084,EQ00001688,2022-07-10,Visual,Conditional,Vibration concern
INSP000005085,EQ00001688,2023-10-25,Safety Device,Pass,Leak indication
INSP000005086,EQ00001688,2021-10-07,Visual,Pass,Leak indication
INSP000005087,EQ00001688,2025-03-20,NDT,Pass,Alarm test issue
INSP000005088,EQ00001689,2024-08-20,NDT,Pass,Leak indication
INSP000005089,EQ00001690,2023-10-18,Electrical,Pass,Vibration concern
INSP000005090,EQ00001690,2021-11-12,NDT,Pass,None
INSP000005091,EQ00001690,2026-04-29,Electrical,Pass,Leak indication
INSP000005092,EQ00001691,2021-10-28,Functional,Pass,None
INSP000005093,EQ00001691,2022-10-02,Thickness,Pass,Leak indication
INSP000005094,EQ00001692,2026-03-30,Functional,Defect Found,Leak indication
INSP000005095,EQ00001693,2021-10-28,NDT,Pass,Alarm test issue
INSP000005096,EQ00001693,2021-03-08,Safety Device,Pass,None
INSP000005097,EQ00001693,2022-06-06,Safety Device,Pass,Alarm test issue
INSP000005098,EQ00001693,2025-04-26,Visual,Conditional,Leak indication
INSP000005099,EQ00001693,2025-12-03,Functional,Pass,Leak indication
INSP000005100,EQ00001694,2021-05-31,Thickness,Conditional,Minor corrosion
INSP000005101,EQ00001694,2026-06-19,Safety Device,Pass,None
INSP000005102,EQ00001695,2022-05-03,Functional,Pass,None
INSP000005103,EQ00001695,2022-04-28,Visual,Pass,Minor corrosion
INSP000005104,EQ00001695,2024-11-26,Safety Device,Defect Found,Vibration concern
INSP000005105,EQ00001695,2024-04-21,Visual,Pass,Minor corrosion
INSP000005106,EQ00001695,2022-06-01,Functional,Defect Found,None
INSP000005107,EQ00001696,2023-11-28,Electrical,Conditional,Minor corrosion
INSP000005108,EQ00001696,2025-12-12,Functional,Pass,None
INSP000005109,EQ00001696,2023-07-07,Electrical,Pass,Alarm test issue
INSP000005110,EQ00001696,2021-01-11,Thickness,Pass,Minor corrosion
INSP000005111,EQ00001697,2025-02-28,Visual,Conditional,Vibration concern
INSP000005112,EQ00001697,2023-07-04,Thickness,Pass,Alarm test issue
INSP000005113,EQ00001698,2021-10-21,Visual,Pass,Leak indication
INSP000005114,EQ00001698,2021-02-11,Functional,Defect Found,Minor corrosion
INSP000005115,EQ00001699,2021-07-11,Thickness,Pass,Vibration concern
INSP000005116,EQ00001699,2022-12-26,Electrical,Defect Found,Alarm test issue
INSP000005117,EQ00001699,2024-06-24,Electrical,Pass,Vibration concern
INSP000005118,EQ00001699,2021-07-19,Safety Device,Pass,Leak indication
INSP000005119,EQ00001700,2021-04-10,Safety Device,Pass,Alarm test issue
INSP000005120,EQ00001700,2022-05-15,Visual,Pass,Leak indication
INSP000005121,EQ00001700,2025-09-06,Thickness,Pass,Leak indication
INSP000005122,EQ00001700,2025-04-06,NDT,Pass,Vibration concern
INSP000005123,EQ00001701,2023-02-08,Safety Device,Pass,Alarm test issue
INSP000005124,EQ00001701,2025-08-07,Visual,Pass,Leak indication
INSP000005125,EQ00001701,2023-01-31,Electrical,Pass,Leak indication
INSP000005126,EQ00001702,2022-03-11,NDT,Pass,Leak indication
INSP000005127,EQ00001702,2026-01-28,NDT,Pass,None
INSP000005128,EQ00001702,2023-09-28,Functional,Conditional,Alarm test issue
INSP000005129,EQ00001702,2024-12-29,Visual,Pass,None
INSP000005130,EQ00001703,2024-06-13,NDT,Pass,Alarm test issue
INSP000005131,EQ00001704,2026-05-23,Electrical,Pass,Leak indication
INSP000005132,EQ00001704,2021-09-02,Functional,Pass,Alarm test issue
INSP000005133,EQ00001704,2024-06-25,NDT,Pass,Alarm test issue
INSP000005134,EQ00001704,2022-01-02,Electrical,Pass,None
INSP000005135,EQ00001704,2024-01-27,Visual,Pass,Vibration concern
INSP000005136,EQ00001705,2022-09-14,Thickness,Pass,Leak indication
INSP000005137,EQ00001705,2021-05-02,Electrical,Conditional,Alarm test issue
INSP000005138,EQ00001705,2025-08-11,Safety Device,Conditional,Alarm test issue
INSP000005139,EQ00001705,2024-06-14,Functional,Pass,Alarm test issue
INSP000005140,EQ00001706,2022-01-21,Thickness,Pass,None
INSP000005141,EQ00001706,2024-04-08,Safety Device,Defect Found,Alarm test issue
INSP000005142,EQ00001706,2022-01-11,Visual,Pass,Leak indication
INSP000005143,EQ00001707,2025-11-23,Thickness,Pass,None
INSP000005144,EQ00001708,2022-10-07,Thickness,Pass,Alarm test issue
INSP000005145,EQ00001708,2025-06-20,Safety Device,Defect Found,None
INSP000005146,EQ00001708,2023-09-30,Functional,Pass,Alarm test issue
INSP000005147,EQ00001708,2025-08-23,Visual,Pass,None
INSP000005148,EQ00001709,2026-01-31,Visual,Pass,Minor corrosion
INSP000005149,EQ00001710,2021-03-03,NDT,Pass,Minor corrosion
INSP000005150,EQ00001710,2024-08-07,Thickness,Pass,None
INSP000005151,EQ00001710,2021-03-19,Safety Device,Pass,None
INSP000005152,EQ00001711,2025-03-27,NDT,Pass,Vibration concern
INSP000005153,EQ00001711,2025-04-25,Visual,Conditional,Alarm test issue
INSP000005154,EQ00001711,2022-11-10,Safety Device,Pass,Vibration concern
INSP000005155,EQ00001712,2023-09-29,Safety Device,Pass,Minor corrosion
INSP000005156,EQ00001712,2025-01-13,Safety Device,Pass,None
INSP000005157,EQ00001712,2026-07-13,NDT,Conditional,Leak indication
INSP000005158,EQ00001713,2021-12-17,Visual,Pass,None
INSP000005159,EQ00001714,2026-08-20,Visual,Pass,Alarm test issue
INSP000005160,EQ00001714,2023-12-21,Electrical,Conditional,Vibration concern
INSP000005161,EQ00001714,2023-08-07,Thickness,Pass,Minor corrosion
INSP000005162,EQ00001714,2024-10-27,Visual,Pass,None
INSP000005163,EQ00001714,2026-01-06,Thickness,Conditional,Alarm test issue
INSP000005164,EQ00001715,2025-02-13,Electrical,Defect Found,None
INSP000005165,EQ00001715,2023-09-08,NDT,Conditional,None
INSP000005166,EQ00001715,2022-03-02,Visual,Pass,None
INSP000005167,EQ00001716,2025-06-28,Safety Device,Pass,Minor corrosion
INSP000005168,EQ00001716,2023-10-15,Electrical,Defect Found,None
INSP000005169,EQ00001717,2024-05-09,Functional,Pass,None
INSP000005170,EQ00001717,2023-04-06,NDT,Pass,Minor corrosion
INSP000005171,EQ00001718,2022-05-30,Functional,Pass,None
INSP000005172,EQ00001718,2026-01-20,Safety Device,Defect Found,None
INSP000005173,EQ00001718,2023-12-17,Safety Device,Defect Found,Vibration concern
INSP000005174,EQ00001718,2021-10-29,Functional,Pass,Leak indication
INSP000005175,EQ00001718,2024-08-27,Electrical,Defect Found,Minor corrosion
INSP000005176,EQ00001719,2021-12-16,Electrical,Pass,None
INSP000005177,EQ00001720,2021-06-08,Safety Device,Pass,Vibration concern
INSP000005178,EQ00001720,2023-08-13,Electrical,Pass,None
INSP000005179,EQ00001720,2022-12-20,Electrical,Defect Found,Leak indication
INSP000005180,EQ00001721,2025-05-08,Functional,Pass,None
INSP000005181,EQ00001721,2022-02-27,NDT,Defect Found,Minor corrosion
INSP000005182,EQ00001721,2024-10-18,Visual,Pass,Alarm test issue
INSP000005183,EQ00001721,2023-11-02,Safety Device,Defect Found,Vibration concern
INSP000005184,EQ00001722,2021-04-28,Thickness,Pass,Leak indication
INSP000005185,EQ00001723,2021-11-23,Thickness,Conditional,Minor corrosion
INSP000005186,EQ00001723,2023-04-23,Electrical,Pass,Alarm test issue
INSP000005187,EQ00001723,2024-04-11,Visual,Defect Found,Vibration concern
INSP000005188,EQ00001723,2022-06-11,NDT,Defect Found,Vibration concern
INSP000005189,EQ00001724,2026-08-31,Safety Device,Defect Found,Minor corrosion
INSP000005190,EQ00001724,2023-09-17,Visual,Conditional,Leak indication
INSP000005191,EQ00001725,2025-10-03,Functional,Conditional,Alarm test issue
INSP000005192,EQ00001725,2024-08-18,NDT,Pass,None
INSP000005193,EQ00001725,2023-07-23,NDT,Pass,Alarm test issue
INSP000005194,EQ00001726,2026-03-01,Functional,Pass,Alarm test issue
INSP000005195,EQ00001726,2021-06-12,NDT,Pass,None
INSP000005196,EQ00001726,2026-01-05,Visual,Pass,Leak indication
INSP000005197,EQ00001726,2025-06-24,Safety Device,Pass,Minor corrosion
INSP000005198,EQ00001727,2022-01-24,Functional,Pass,Vibration concern
INSP000005199,EQ00001727,2022-07-19,Visual,Pass,None
INSP000005200,EQ00001727,2025-02-06,Electrical,Pass,Leak indication
INSP000005201,EQ00001728,2024-01-04,Electrical,Conditional,Minor corrosion
INSP000005202,EQ00001728,2026-03-10,Visual,Pass,Leak indication
INSP000005203,EQ00001729,2024-02-15,NDT,Conditional,Leak indication
INSP000005204,EQ00001729,2022-06-16,Functional,Pass,Vibration concern
INSP000005205,EQ00001729,2021-08-15,Functional,Pass,Alarm test issue
INSP000005206,EQ00001730,2025-01-23,Electrical,Pass,Alarm test issue
INSP000005207,EQ00001730,2024-10-04,Thickness,Pass,Alarm test issue
INSP000005208,EQ00001730,2023-11-17,Visual,Pass,Vibration concern
INSP000005209,EQ00001731,2025-06-06,Visual,Conditional,Leak indication
INSP000005210,EQ00001732,2024-11-23,NDT,Defect Found,Alarm test issue
INSP000005211,EQ00001732,2024-04-15,Electrical,Defect Found,Leak indication
INSP000005212,EQ00001733,2026-08-03,Functional,Pass,Vibration concern
INSP000005213,EQ00001733,2026-07-18,Functional,Pass,Vibration concern
INSP000005214,EQ00001734,2023-04-21,NDT,Pass,Leak indication
INSP000005215,EQ00001734,2021-12-21,Visual,Pass,Vibration concern
INSP000005216,EQ00001734,2022-04-01,Thickness,Pass,Leak indication
INSP000005217,EQ00001735,2022-03-24,Electrical,Pass,None
INSP000005218,EQ00001735,2023-12-09,Safety Device,Conditional,None
INSP000005219,EQ00001735,2023-08-05,Visual,Defect Found,Alarm test issue
INSP000005220,EQ00001736,2021-10-12,Safety Device,Pass,Vibration concern
INSP000005221,EQ00001736,2021-10-08,Safety Device,Conditional,Alarm test issue
INSP000005222,EQ00001736,2023-01-16,Visual,Pass,Vibration concern
INSP000005223,EQ00001737,2022-07-06,NDT,Defect Found,Minor corrosion
INSP000005224,EQ00001737,2022-01-28,Visual,Pass,Vibration concern
INSP000005225,EQ00001737,2021-11-13,Functional,Pass,None
INSP000005226,EQ00001737,2024-04-22,Electrical,Pass,None
INSP000005227,EQ00001738,2021-08-30,NDT,Pass,Vibration concern
INSP000005228,EQ00001738,2025-07-21,Safety Device,Pass,None
INSP000005229,EQ00001739,2022-10-26,NDT,Conditional,Minor corrosion
INSP000005230,EQ00001739,2024-10-24,Functional,Pass,Vibration concern
INSP000005231,EQ00001739,2021-09-21,Thickness,Conditional,Alarm test issue
INSP000005232,EQ00001740,2024-06-30,Functional,Pass,Leak indication
INSP000005233,EQ00001740,2024-01-27,Safety Device,Pass,Leak indication
INSP000005234,EQ00001740,2021-09-08,Functional,Defect Found,Vibration concern
INSP000005235,EQ00001740,2023-03-02,Electrical,Pass,Alarm test issue
INSP000005236,EQ00001741,2025-12-08,Electrical,Pass,None
INSP000005237,EQ00001741,2025-04-20,NDT,Pass,Vibration concern
INSP000005238,EQ00001741,2022-05-18,Electrical,Pass,Vibration concern
INSP000005239,EQ00001742,2026-05-29,Functional,Defect Found,None
INSP000005240,EQ00001742,2023-12-17,Visual,Pass,Minor corrosion
INSP000005241,EQ00001742,2022-09-08,Functional,Defect Found,Alarm test issue
INSP000005242,EQ00001742,2025-10-12,Visual,Pass,Vibration concern
INSP000005243,EQ00001742,2022-11-20,Thickness,Pass,Vibration concern
INSP000005244,EQ00001743,2021-06-02,Electrical,Conditional,Leak indication
INSP000005245,EQ00001744,2023-12-24,Functional,Pass,None
INSP000005246,EQ00001745,2021-02-24,Safety Device,Pass,Alarm test issue
INSP000005247,EQ00001745,2025-05-23,Visual,Pass,Alarm test issue
INSP000005248,EQ00001745,2025-11-29,Thickness,Pass,Minor corrosion
INSP000005249,EQ00001745,2024-12-16,Visual,Pass,Minor corrosion
INSP000005250,EQ00001746,2022-10-08,Electrical,Pass,Leak indication
INSP000005251,EQ00001746,2026-08-11,NDT,Pass,Minor corrosion
INSP000005252,EQ00001747,2021-06-22,NDT,Pass,None
INSP000005253,EQ00001747,2025-07-01,Electrical,Defect Found,Vibration concern
INSP000005254,EQ00001747,2021-12-21,NDT,Pass,Leak indication
INSP000005255,EQ00001748,2021-12-31,Visual,Conditional,None
INSP000005256,EQ00001748,2022-08-27,Functional,Pass,Leak indication
INSP000005257,EQ00001748,2025-06-05,NDT,Conditional,Vibration concern
INSP000005258,EQ00001748,2021-08-22,Thickness,Defect Found,Vibration concern
INSP000005259,EQ00001748,2022-07-18,Safety Device,Pass,Leak indication
INSP000005260,EQ00001749,2021-01-07,Visual,Pass,Vibration concern
INSP000005261,EQ00001749,2025-08-24,Functional,Pass,Leak indication
INSP000005262,EQ00001749,2026-06-09,Functional,Pass,Leak indication
INSP000005263,EQ00001749,2026-04-06,Functional,Pass,Alarm test issue
INSP000005264,EQ00001749,2021-09-15,Thickness,Pass,Minor corrosion
INSP000005265,EQ00001750,2024-03-27,Safety Device,Pass,None
INSP000005266,EQ00001750,2024-01-08,Safety Device,Pass,Alarm test issue
INSP000005267,EQ00001750,2021-10-28,Visual,Conditional,Minor corrosion
INSP000005268,EQ00001750,2022-04-09,Functional,Pass,Vibration concern
INSP000005269,EQ00001750,2024-12-27,Functional,Conditional,Vibration concern
INSP000005270,EQ00001751,2026-03-01,Functional,Pass,Vibration concern
INSP000005271,EQ00001751,2025-12-16,Safety Device,Pass,Leak indication
INSP000005272,EQ00001751,2024-06-11,Electrical,Pass,Vibration concern
INSP000005273,EQ00001751,2023-05-29,Safety Device,Pass,Leak indication
INSP000005274,EQ00001752,2022-03-26,Visual,Pass,Vibration concern
INSP000005275,EQ00001752,2025-11-15,NDT,Pass,Vibration concern
INSP000005276,EQ00001752,2022-10-15,Functional,Pass,Leak indication
INSP000005277,EQ00001752,2022-02-28,Thickness,Pass,Alarm test issue
INSP000005278,EQ00001752,2023-06-17,Functional,Defect Found,Minor corrosion
INSP000005279,EQ00001753,2023-07-11,Electrical,Conditional,Leak indication
INSP000005280,EQ00001753,2026-01-29,Safety Device,Conditional,None
INSP000005281,EQ00001753,2026-03-15,Functional,Defect Found,Vibration concern
INSP000005282,EQ00001753,2022-09-12,NDT,Pass,Leak indication
INSP000005283,EQ00001753,2021-08-19,Functional,Pass,Leak indication
INSP000005284,EQ00001754,2024-04-16,Safety Device,Defect Found,None
INSP000005285,EQ00001754,2021-05-01,NDT,Conditional,Vibration concern
INSP000005286,EQ00001754,2023-04-23,Functional,Pass,Alarm test issue
INSP000005287,EQ00001754,2023-09-14,NDT,Pass,Leak indication
INSP000005288,EQ00001755,2021-05-28,Functional,Conditional,Alarm test issue
INSP000005289,EQ00001755,2022-04-27,Visual,Pass,Leak indication
INSP000005290,EQ00001755,2021-04-05,Visual,Conditional,Minor corrosion
INSP000005291,EQ00001756,2021-07-15,Functional,Pass,Leak indication
INSP000005292,EQ00001756,2025-09-22,Functional,Pass,None
INSP000005293,EQ00001757,2026-07-04,Visual,Pass,Minor corrosion
INSP000005294,EQ00001757,2022-07-16,Safety Device,Pass,Alarm test issue
INSP000005295,EQ00001758,2021-07-09,Electrical,Defect Found,Leak indication
INSP000005296,EQ00001759,2025-01-31,NDT,Pass,None
INSP000005297,EQ00001760,2026-06-24,Thickness,Pass,Minor corrosion
INSP000005298,EQ00001761,2026-05-10,Visual,Pass,Vibration concern
INSP000005299,EQ00001761,2026-03-05,Safety Device,Pass,None
INSP000005300,EQ00001762,2025-12-01,NDT,Pass,Alarm test issue
INSP000005301,EQ00001763,2021-02-27,Visual,Pass,Vibration concern
INSP000005302,EQ00001763,2024-07-31,Functional,Defect Found,Vibration concern
INSP000005303,EQ00001764,2026-04-11,Electrical,Defect Found,Leak indication
INSP000005304,EQ00001764,2021-05-16,NDT,Pass,Vibration concern
INSP000005305,EQ00001764,2021-05-01,Thickness,Pass,Alarm test issue
INSP000005306,EQ00001764,2023-08-24,Thickness,Conditional,Minor corrosion
INSP000005307,EQ00001765,2021-03-22,NDT,Conditional,Leak indication
INSP000005308,EQ00001765,2023-11-10,Visual,Pass,Alarm test issue
INSP000005309,EQ00001765,2021-02-18,NDT,Conditional,None
INSP000005310,EQ00001766,2024-06-13,NDT,Pass,Minor corrosion
INSP000005311,EQ00001766,2025-11-03,Functional,Defect Found,Alarm test issue
INSP000005312,EQ00001766,2023-01-24,Safety Device,Pass,Alarm test issue
INSP000005313,EQ00001767,2023-05-17,Safety Device,Pass,None
INSP000005314,EQ00001767,2025-01-30,NDT,Conditional,Leak indication
INSP000005315,EQ00001767,2024-10-30,Safety Device,Defect Found,Vibration concern
INSP000005316,EQ00001767,2021-10-27,Thickness,Pass,Alarm test issue
INSP000005317,EQ00001767,2021-05-25,Thickness,Pass,Leak indication
INSP000005318,EQ00001768,2026-01-30,Safety Device,Pass,Leak indication
INSP000005319,EQ00001768,2025-02-15,Thickness,Pass,None
INSP000005320,EQ00001768,2023-03-31,Safety Device,Conditional,Alarm test issue
INSP000005321,EQ00001768,2023-07-14,Thickness,Pass,Minor corrosion
INSP000005322,EQ00001769,2021-02-08,Visual,Pass,Alarm test issue
INSP000005323,EQ00001769,2021-12-26,Electrical,Defect Found,Alarm test issue
INSP000005324,EQ00001770,2024-10-18,Electrical,Pass,Minor corrosion
INSP000005325,EQ00001770,2026-01-30,Safety Device,Pass,Leak indication
INSP000005326,EQ00001770,2021-09-08,Safety Device,Defect Found,Leak indication
INSP000005327,EQ00001770,2022-03-25,NDT,Pass,Alarm test issue
INSP000005328,EQ00001770,2021-11-29,Electrical,Pass,None
INSP000005329,EQ00001771,2026-04-22,Functional,Defect Found,Minor corrosion
INSP000005330,EQ00001771,2025-09-01,Functional,Pass,Leak indication
INSP000005331,EQ00001771,2023-04-21,Thickness,Pass,Alarm test issue
INSP000005332,EQ00001771,2025-04-16,Visual,Conditional,Vibration concern
INSP000005333,EQ00001772,2025-06-21,Visual,Pass,Vibration concern
INSP000005334,EQ00001772,2024-12-22,Thickness,Pass,Minor corrosion
INSP000005335,EQ00001773,2022-02-24,Electrical,Pass,Alarm test issue
INSP000005336,EQ00001773,2023-12-31,Functional,Conditional,Minor corrosion
INSP000005337,EQ00001773,2024-07-17,Thickness,Pass,Vibration concern
INSP000005338,EQ00001773,2024-05-16,Visual,Conditional,Vibration concern
INSP000005339,EQ00001773,2022-10-11,Thickness,Pass,Vibration concern
INSP000005340,EQ00001774,2025-06-30,Visual,Pass,Vibration concern
INSP000005341,EQ00001774,2022-03-10,NDT,Pass,Alarm test issue
INSP000005342,EQ00001774,2021-11-02,NDT,Pass,Leak indication
INSP000005343,EQ00001775,2021-12-07,Visual,Pass,Leak indication
INSP000005344,EQ00001775,2021-04-11,Functional,Conditional,Leak indication
INSP000005345,EQ00001775,2021-05-29,NDT,Pass,Vibration concern
INSP000005346,EQ00001775,2025-01-28,Safety Device,Pass,Leak indication
INSP000005347,EQ00001775,2022-02-23,NDT,Conditional,Minor corrosion
INSP000005348,EQ00001776,2022-08-22,Safety Device,Defect Found,Minor corrosion
INSP000005349,EQ00001776,2025-11-15,Functional,Defect Found,Vibration concern
INSP000005350,EQ00001776,2022-02-18,Safety Device,Pass,Alarm test issue
INSP000005351,EQ00001776,2022-02-11,Visual,Pass,None
INSP000005352,EQ00001776,2023-02-25,Safety Device,Pass,Minor corrosion
INSP000005353,EQ00001777,2022-04-11,Functional,Pass,None
INSP000005354,EQ00001777,2024-06-22,NDT,Pass,None
INSP000005355,EQ00001777,2025-12-01,Electrical,Pass,None
INSP000005356,EQ00001777,2026-04-25,Thickness,Pass,None
INSP000005357,EQ00001777,2025-09-17,Functional,Pass,Alarm test issue
INSP000005358,EQ00001778,2024-04-17,Thickness,Pass,Minor corrosion
INSP000005359,EQ00001779,2022-12-02,Functional,Pass,Alarm test issue
INSP000005360,EQ00001779,2022-03-14,Safety Device,Pass,Vibration concern
INSP000005361,EQ00001779,2021-06-25,Safety Device,Pass,Leak indication
INSP000005362,EQ00001779,2021-11-18,Thickness,Pass,Leak indication
INSP000005363,EQ00001780,2026-04-20,Electrical,Pass,Minor corrosion
INSP000005364,EQ00001780,2026-05-04,Thickness,Pass,None
INSP000005365,EQ00001780,2021-04-14,Electrical,Pass,Vibration concern
INSP000005366,EQ00001780,2022-04-13,Safety Device,Pass,None
INSP000005367,EQ00001780,2024-09-06,NDT,Pass,None
INSP000005368,EQ00001781,2023-09-23,NDT,Pass,Vibration concern
INSP000005369,EQ00001782,2025-09-14,Functional,Pass,Leak indication
INSP000005370,EQ00001782,2023-03-17,Electrical,Pass,None
INSP000005371,EQ00001782,2023-05-19,NDT,Defect Found,None
INSP000005372,EQ00001783,2026-07-11,Thickness,Pass,Minor corrosion
INSP000005373,EQ00001784,2021-01-24,NDT,Defect Found,Leak indication
INSP000005374,EQ00001785,2024-12-05,Safety Device,Defect Found,Vibration concern
INSP000005375,EQ00001785,2021-08-01,Safety Device,Conditional,None
INSP000005376,EQ00001785,2025-01-29,Electrical,Pass,Vibration concern
INSP000005377,EQ00001785,2025-01-10,Safety Device,Pass,Vibration concern
INSP000005378,EQ00001786,2025-06-09,Thickness,Pass,Alarm test issue
INSP000005379,EQ00001786,2024-03-09,Functional,Defect Found,Minor corrosion
INSP000005380,EQ00001786,2022-05-07,Electrical,Conditional,Alarm test issue
INSP000005381,EQ00001787,2026-02-18,NDT,Pass,Vibration concern
INSP000005382,EQ00001787,2022-06-25,Visual,Conditional,Minor corrosion
INSP000005383,EQ00001787,2023-09-22,Electrical,Defect Found,Minor corrosion
INSP000005384,EQ00001787,2023-02-04,Electrical,Pass,None
INSP000005385,EQ00001787,2021-02-03,NDT,Pass,Minor corrosion
INSP000005386,EQ00001788,2021-06-19,Thickness,Pass,Minor corrosion
INSP000005387,EQ00001788,2023-07-23,Functional,Pass,Minor corrosion
INSP000005388,EQ00001788,2021-02-19,Thickness,Pass,Leak indication
INSP000005389,EQ00001789,2022-04-23,Thickness,Defect Found,Vibration concern
INSP000005390,EQ00001789,2023-09-05,Safety Device,Pass,Vibration concern
INSP000005391,EQ00001790,2022-08-26,Functional,Defect Found,Vibration concern
INSP000005392,EQ00001790,2025-02-16,Functional,Pass,Minor corrosion
INSP000005393,EQ00001791,2022-12-29,NDT,Pass,Vibration concern
INSP000005394,EQ00001791,2021-05-02,Electrical,Pass,Minor corrosion
INSP000005395,EQ00001791,2026-08-31,Safety Device,Defect Found,Vibration concern
INSP000005396,EQ00001791,2021-06-24,Thickness,Conditional,Leak indication
INSP000005397,EQ00001791,2021-08-29,Functional,Conditional,None
INSP000005398,EQ00001792,2023-11-27,Functional,Pass,Vibration concern
INSP000005399,EQ00001793,2025-11-29,Safety Device,Pass,Alarm test issue
INSP000005400,EQ00001793,2023-11-28,Electrical,Pass,Alarm test issue
INSP000005401,EQ00001793,2026-08-07,Safety Device,Pass,Minor corrosion
INSP000005402,EQ00001794,2024-02-25,Functional,Pass,Alarm test issue
INSP000005403,EQ00001794,2021-07-30,Visual,Pass,Alarm test issue
INSP000005404,EQ00001794,2021-08-21,Thickness,Defect Found,Leak indication
INSP000005405,EQ00001794,2023-04-16,NDT,Defect Found,None
INSP000005406,EQ00001795,2021-10-04,Safety Device,Defect Found,Minor corrosion
INSP000005407,EQ00001795,2025-03-25,Visual,Pass,Alarm test issue
INSP000005408,EQ00001795,2025-06-01,Thickness,Pass,Minor corrosion
INSP000005409,EQ00001795,2022-09-26,Electrical,Conditional,Alarm test issue
INSP000005410,EQ00001796,2021-05-06,Functional,Pass,Minor corrosion
INSP000005411,EQ00001796,2025-10-19,Visual,Pass,Alarm test issue
INSP000005412,EQ00001797,2023-03-20,Visual,Pass,Alarm test issue
INSP000005413,EQ00001797,2022-09-16,Functional,Defect Found,None
INSP000005414,EQ00001797,2022-11-30,Safety Device,Defect Found,None
INSP000005415,EQ00001797,2023-09-10,Functional,Defect Found,Leak indication
INSP000005416,EQ00001797,2022-04-20,Functional,Pass,Alarm test issue
INSP000005417,EQ00001798,2023-10-22,Thickness,Pass,Leak indication
INSP000005418,EQ00001798,2024-08-11,Safety Device,Pass,Alarm test issue
INSP000005419,EQ00001799,2021-10-09,Thickness,Conditional,None
INSP000005420,EQ00001799,2023-06-02,Thickness,Pass,Alarm test issue
INSP000005421,EQ00001799,2023-08-06,Safety Device,Pass,Leak indication
INSP000005422,EQ00001799,2021-01-14,NDT,Defect Found,Alarm test issue
INSP000005423,EQ00001799,2026-05-22,Functional,Conditional,Vibration concern
INSP000005424,EQ00001800,2026-02-08,NDT,Pass,Minor corrosion
INSP000005425,EQ00001801,2025-05-03,Functional,Pass,Leak indication
INSP000005426,EQ00001801,2022-09-28,Electrical,Defect Found,Alarm test issue
INSP000005427,EQ00001801,2021-10-17,Electrical,Conditional,None
INSP000005428,EQ00001801,2021-05-23,NDT,Defect Found,Alarm test issue
INSP000005429,EQ00001801,2023-05-26,Functional,Pass,Alarm test issue
INSP000005430,EQ00001802,2024-09-05,Visual,Pass,None
INSP000005431,EQ00001802,2023-07-01,Visual,Pass,Vibration concern
INSP000005432,EQ00001803,2023-03-09,Thickness,Pass,None
INSP000005433,EQ00001803,2024-06-11,Electrical,Defect Found,None
INSP000005434,EQ00001804,2022-07-05,Electrical,Defect Found,Vibration concern
INSP000005435,EQ00001804,2023-11-29,Functional,Conditional,Minor corrosion
INSP000005436,EQ00001804,2022-05-14,Functional,Pass,Vibration concern
INSP000005437,EQ00001804,2025-06-26,NDT,Pass,Alarm test issue
INSP000005438,EQ00001804,2021-04-19,Visual,Pass,Leak indication
INSP000005439,EQ00001805,2026-01-19,Functional,Pass,None
INSP000005440,EQ00001805,2023-06-27,Safety Device,Pass,Alarm test issue
INSP000005441,EQ00001806,2026-07-03,Visual,Pass,Leak indication
INSP000005442,EQ00001806,2025-03-29,Safety Device,Pass,Alarm test issue
INSP000005443,EQ00001806,2023-08-31,Visual,Pass,Alarm test issue
INSP000005444,EQ00001806,2021-10-14,Thickness,Pass,Vibration concern
INSP000005445,EQ00001806,2021-02-16,Thickness,Pass,Minor corrosion
INSP000005446,EQ00001807,2025-05-31,Thickness,Pass,Alarm test issue
INSP000005447,EQ00001807,2026-01-23,Functional,Pass,None
INSP000005448,EQ00001807,2026-07-01,Functional,Conditional,Alarm test issue
INSP000005449,EQ00001807,2021-05-27,Functional,Pass,Minor corrosion
INSP000005450,EQ00001807,2024-03-31,Visual,Defect Found,Leak indication
INSP000005451,EQ00001808,2024-04-14,Visual,Pass,Alarm test issue
INSP000005452,EQ00001808,2025-05-09,Thickness,Defect Found,Vibration concern
INSP000005453,EQ00001808,2026-05-09,Functional,Conditional,None
INSP000005454,EQ00001809,2025-02-15,NDT,Pass,Minor corrosion
INSP000005455,EQ00001810,2025-05-20,Visual,Defect Found,Minor corrosion
INSP000005456,EQ00001810,2021-04-07,Functional,Defect Found,Vibration concern
INSP000005457,EQ00001810,2021-03-16,Electrical,Conditional,Leak indication
INSP000005458,EQ00001810,2022-05-23,Electrical,Conditional,Alarm test issue
INSP000005459,EQ00001811,2023-03-22,Electrical,Pass,Alarm test issue
INSP000005460,EQ00001811,2021-10-03,Electrical,Pass,Alarm test issue
INSP000005461,EQ00001811,2022-09-04,Functional,Pass,Vibration concern
INSP000005462,EQ00001811,2022-01-10,Electrical,Pass,None
INSP000005463,EQ00001811,2026-01-18,Electrical,Pass,Vibration concern
INSP000005464,EQ00001812,2025-10-31,NDT,Conditional,Alarm test issue
INSP000005465,EQ00001813,2025-12-01,Visual,Defect Found,Leak indication
INSP000005466,EQ00001813,2022-08-12,NDT,Conditional,Minor corrosion
INSP000005467,EQ00001813,2023-05-09,Safety Device,Defect Found,Vibration concern
INSP000005468,EQ00001814,2025-04-16,Safety Device,Pass,Alarm test issue
INSP000005469,EQ00001815,2024-09-20,NDT,Pass,Minor corrosion
INSP000005470,EQ00001815,2023-08-08,Functional,Pass,Alarm test issue
INSP000005471,EQ00001816,2022-06-12,Safety Device,Pass,Leak indication
INSP000005472,EQ00001816,2026-08-01,Functional,Pass,Vibration concern
INSP000005473,EQ00001817,2021-03-10,NDT,Pass,Vibration concern
INSP000005474,EQ00001817,2023-06-26,NDT,Conditional,Alarm test issue
INSP000005475,EQ00001817,2025-09-18,Thickness,Conditional,Leak indication
INSP000005476,EQ00001817,2023-01-08,Functional,Pass,Minor corrosion
INSP000005477,EQ00001817,2023-11-26,Functional,Conditional,Minor corrosion
INSP000005478,EQ00001818,2026-05-29,Electrical,Pass,Leak indication
INSP000005479,EQ00001818,2024-06-17,Safety Device,Pass,Alarm test issue
INSP000005480,EQ00001818,2022-09-24,Visual,Pass,Leak indication
INSP000005481,EQ00001819,2024-05-25,NDT,Pass,None
INSP000005482,EQ00001819,2026-06-05,Visual,Conditional,Leak indication
INSP000005483,EQ00001820,2023-03-29,Safety Device,Defect Found,Vibration concern
INSP000005484,EQ00001820,2023-08-01,Functional,Pass,Minor corrosion
INSP000005485,EQ00001820,2025-09-04,NDT,Pass,Alarm test issue
INSP000005486,EQ00001820,2025-02-25,Safety Device,Pass,Minor corrosion
INSP000005487,EQ00001821,2023-07-12,Safety Device,Pass,None
INSP000005488,EQ00001822,2022-05-17,Functional,Pass,Alarm test issue
INSP000005489,EQ00001822,2023-12-06,Electrical,Pass,Leak indication
INSP000005490,EQ00001822,2023-10-05,Functional,Conditional,None
INSP000005491,EQ00001822,2024-09-13,Electrical,Conditional,None
INSP000005492,EQ00001822,2023-05-29,Functional,Pass,Vibration concern
INSP000005493,EQ00001823,2021-04-16,Electrical,Conditional,Minor corrosion
INSP000005494,EQ00001824,2025-09-23,Thickness,Pass,Vibration concern
INSP000005495,EQ00001824,2025-12-14,Thickness,Pass,Minor corrosion
INSP000005496,EQ00001824,2023-09-08,Safety Device,Defect Found,Alarm test issue
INSP000005497,EQ00001825,2026-01-24,Safety Device,Pass,Leak indication
INSP000005498,EQ00001825,2025-08-22,Electrical,Pass,None
INSP000005499,EQ00001825,2026-07-26,Thickness,Defect Found,Minor corrosion
INSP000005500,EQ00001825,2022-01-16,NDT,Defect Found,Minor corrosion
INSP000005501,EQ00001826,2024-11-22,Functional,Pass,None
INSP000005502,EQ00001826,2023-06-19,Visual,Pass,Minor corrosion
INSP000005503,EQ00001826,2023-03-20,Visual,Pass,None
INSP000005504,EQ00001827,2024-12-29,NDT,Pass,Leak indication
INSP000005505,EQ00001827,2022-12-01,NDT,Pass,Vibration concern
INSP000005506,EQ00001827,2023-04-17,Safety Device,Defect Found,Alarm test issue
INSP000005507,EQ00001828,2025-04-18,Functional,Pass,None
INSP000005508,EQ00001828,2026-01-24,Functional,Pass,Vibration concern
INSP000005509,EQ00001828,2022-10-11,Safety Device,Pass,Vibration concern
INSP000005510,EQ00001829,2023-08-22,Safety Device,Conditional,Vibration concern
INSP000005511,EQ00001830,2021-10-19,Electrical,Pass,Leak indication
INSP000005512,EQ00001830,2021-04-13,Thickness,Conditional,Alarm test issue
INSP000005513,EQ00001830,2026-03-26,NDT,Defect Found,None
INSP000005514,EQ00001830,2025-04-21,Electrical,Pass,Leak indication
INSP000005515,EQ00001830,2022-08-06,Electrical,Defect Found,Alarm test issue
INSP000005516,EQ00001831,2021-12-29,Visual,Pass,Alarm test issue
INSP000005517,EQ00001832,2021-05-27,Visual,Defect Found,Minor corrosion
INSP000005518,EQ00001833,2026-04-03,Functional,Conditional,Minor corrosion
INSP000005519,EQ00001833,2023-10-09,Visual,Pass,Alarm test issue
INSP000005520,EQ00001833,2025-10-31,Thickness,Pass,Alarm test issue
INSP000005521,EQ00001833,2023-08-24,NDT,Defect Found,Leak indication
INSP000005522,EQ00001834,2026-06-03,Visual,Pass,None
INSP000005523,EQ00001834,2023-03-24,Electrical,Pass,Alarm test issue
INSP000005524,EQ00001835,2022-06-10,Electrical,Pass,Leak indication
INSP000005525,EQ00001835,2026-07-03,Electrical,Pass,Alarm test issue
INSP000005526,EQ00001836,2026-02-28,NDT,Pass,Leak indication
INSP000005527,EQ00001837,2025-03-28,Visual,Pass,Vibration concern
INSP000005528,EQ00001838,2021-08-30,NDT,Defect Found,Vibration concern
INSP000005529,EQ00001838,2022-12-03,Electrical,Defect Found,Vibration concern
INSP000005530,EQ00001838,2024-01-23,Visual,Pass,Vibration concern
INSP000005531,EQ00001838,2023-11-26,Electrical,Pass,Minor corrosion
INSP000005532,EQ00001838,2024-11-17,Functional,Pass,Vibration concern
INSP000005533,EQ00001839,2021-02-13,NDT,Defect Found,Vibration concern
INSP000005534,EQ00001839,2022-10-24,NDT,Pass,Alarm test issue
INSP000005535,EQ00001839,2025-05-27,Thickness,Pass,Vibration concern
INSP000005536,EQ00001839,2021-04-27,NDT,Pass,Leak indication
INSP000005537,EQ00001839,2024-10-17,Electrical,Pass,Alarm test issue
INSP000005538,EQ00001840,2022-07-20,Safety Device,Pass,Alarm test issue
INSP000005539,EQ00001840,2022-07-29,Electrical,Pass,Minor corrosion
INSP000005540,EQ00001840,2022-07-05,Thickness,Pass,Minor corrosion
INSP000005541,EQ00001840,2021-06-02,Visual,Pass,Leak indication
INSP000005542,EQ00001841,2021-05-30,Electrical,Pass,None
INSP000005543,EQ00001841,2025-08-04,NDT,Pass,Leak indication
INSP000005544,EQ00001841,2021-08-30,NDT,Pass,Vibration concern
INSP000005545,EQ00001841,2023-09-17,Thickness,Defect Found,Minor corrosion
INSP000005546,EQ00001841,2024-06-15,Functional,Pass,None
INSP000005547,EQ00001842,2023-08-20,Electrical,Pass,Leak indication
INSP000005548,EQ00001842,2022-08-02,Thickness,Pass,Vibration concern
INSP000005549,EQ00001842,2022-01-27,Visual,Pass,Vibration concern
INSP000005550,EQ00001843,2025-05-19,Visual,Defect Found,None
INSP000005551,EQ00001843,2022-08-19,Visual,Pass,Minor corrosion
INSP000005552,EQ00001843,2026-01-30,Safety Device,Pass,Vibration concern
INSP000005553,EQ00001843,2025-12-01,Electrical,Pass,Vibration concern
INSP000005554,EQ00001844,2022-06-16,Electrical,Pass,Leak indication
INSP000005555,EQ00001844,2023-11-16,Safety Device,Conditional,Vibration concern
INSP000005556,EQ00001844,2024-08-14,Functional,Defect Found,Alarm test issue
INSP000005557,EQ00001844,2021-11-21,Functional,Conditional,Vibration concern
INSP000005558,EQ00001844,2022-10-13,Safety Device,Pass,Minor corrosion
INSP000005559,EQ00001845,2022-05-28,Safety Device,Conditional,None
INSP000005560,EQ00001846,2023-11-30,NDT,Pass,Vibration concern
INSP000005561,EQ00001846,2022-11-27,Functional,Pass,Minor corrosion
INSP000005562,EQ00001847,2022-10-10,Safety Device,Pass,Leak indication
INSP000005563,EQ00001848,2025-07-17,NDT,Pass,Vibration concern
INSP000005564,EQ00001849,2025-06-30,NDT,Pass,Minor corrosion
INSP000005565,EQ00001849,2024-11-10,Safety Device,Pass,Alarm test issue
INSP000005566,EQ00001849,2025-07-11,Safety Device,Pass,Leak indication
INSP000005567,EQ00001849,2025-08-19,Thickness,Pass,Vibration concern
INSP000005568,EQ00001850,2024-07-13,Visual,Defect Found,None
INSP000005569,EQ00001850,2026-06-07,Functional,Pass,Minor corrosion
INSP000005570,EQ00001850,2024-01-20,Functional,Pass,Leak indication
INSP000005571,EQ00001851,2026-07-29,Functional,Pass,Minor corrosion
INSP000005572,EQ00001851,2023-05-18,Visual,Pass,Alarm test issue
INSP000005573,EQ00001851,2024-07-15,Electrical,Pass,Minor corrosion
INSP000005574,EQ00001851,2025-06-14,Electrical,Pass,Vibration concern
INSP000005575,EQ00001851,2024-03-20,Functional,Pass,Alarm test issue
INSP000005576,EQ00001852,2021-05-05,Safety Device,Defect Found,Vibration concern
INSP000005577,EQ00001852,2025-01-02,Visual,Defect Found,Minor corrosion
INSP000005578,EQ00001852,2026-02-01,NDT,Conditional,Alarm test issue
INSP000005579,EQ00001853,2024-08-23,NDT,Pass,Minor corrosion
INSP000005580,EQ00001853,2024-01-20,NDT,Pass,Minor corrosion
INSP000005581,EQ00001854,2022-09-03,Electrical,Pass,Minor corrosion
INSP000005582,EQ00001854,2022-02-03,NDT,Pass,Alarm test issue
INSP000005583,EQ00001854,2025-08-13,Visual,Pass,Leak indication
INSP000005584,EQ00001854,2022-09-20,Electrical,Pass,Minor corrosion
INSP000005585,EQ00001854,2021-06-06,Thickness,Conditional,Alarm test issue
INSP000005586,EQ00001855,2022-07-15,Functional,Pass,Minor corrosion
INSP000005587,EQ00001855,2022-01-04,Electrical,Pass,Minor corrosion
INSP000005588,EQ00001856,2025-02-23,Thickness,Pass,Leak indication
INSP000005589,EQ00001856,2025-03-15,Visual,Pass,Leak indication
INSP000005590,EQ00001857,2023-06-06,Functional,Defect Found,None
INSP000005591,EQ00001857,2024-07-08,Visual,Pass,None
INSP000005592,EQ00001857,2023-01-13,Thickness,Pass,None
INSP000005593,EQ00001857,2024-07-11,NDT,Defect Found,Minor corrosion
INSP000005594,EQ00001858,2026-06-27,NDT,Pass,Alarm test issue
INSP000005595,EQ00001858,2022-04-12,Safety Device,Pass,Vibration concern
INSP000005596,EQ00001858,2025-01-27,Safety Device,Pass,Leak indication
INSP000005597,EQ00001858,2024-11-28,NDT,Pass,None
INSP000005598,EQ00001859,2024-08-13,Safety Device,Pass,Vibration concern
INSP000005599,EQ00001859,2023-08-29,Thickness,Defect Found,None
INSP000005600,EQ00001860,2023-02-11,Safety Device,Pass,Minor corrosion
INSP000005601,EQ00001860,2023-08-26,Visual,Pass,Vibration concern
INSP000005602,EQ00001860,2023-10-31,Safety Device,Defect Found,Vibration concern
INSP000005603,EQ00001861,2023-03-02,Thickness,Pass,Alarm test issue
INSP000005604,EQ00001861,2022-01-01,Visual,Pass,Alarm test issue
INSP000005605,EQ00001861,2023-06-15,Thickness,Defect Found,Vibration concern
INSP000005606,EQ00001862,2026-04-05,Visual,Pass,None
INSP000005607,EQ00001862,2022-05-30,Visual,Defect Found,Vibration concern
INSP000005608,EQ00001862,2022-06-02,Visual,Pass,Vibration concern
INSP000005609,EQ00001862,2025-03-29,NDT,Pass,Vibration concern
INSP000005610,EQ00001863,2023-12-31,Thickness,Pass,Minor corrosion
INSP000005611,EQ00001863,2025-11-12,Visual,Pass,Minor corrosion
INSP000005612,EQ00001863,2025-04-28,Safety Device,Pass,Minor corrosion
INSP000005613,EQ00001863,2021-06-02,Safety Device,Conditional,Alarm test issue
INSP000005614,EQ00001863,2022-08-26,NDT,Defect Found,None
INSP000005615,EQ00001864,2022-10-28,Functional,Conditional,Alarm test issue
INSP000005616,EQ00001864,2024-05-17,Safety Device,Pass,Vibration concern
INSP000005617,EQ00001864,2024-02-05,Visual,Pass,Vibration concern
INSP000005618,EQ00001865,2022-02-14,Visual,Conditional,Vibration concern
INSP000005619,EQ00001866,2021-09-25,Thickness,Pass,Minor corrosion
INSP000005620,EQ00001866,2026-04-15,Safety Device,Pass,Alarm test issue
INSP000005621,EQ00001866,2025-09-09,Visual,Defect Found,Vibration concern
INSP000005622,EQ00001866,2024-03-03,Safety Device,Defect Found,Vibration concern
INSP000005623,EQ00001867,2024-03-16,Functional,Conditional,Alarm test issue
INSP000005624,EQ00001867,2025-08-30,NDT,Pass,Alarm test issue
INSP000005625,EQ00001867,2024-10-29,Functional,Pass,None
INSP000005626,EQ00001867,2026-03-20,Electrical,Pass,None
INSP000005627,EQ00001868,2022-01-24,Thickness,Pass,Leak indication
INSP000005628,EQ00001868,2025-04-05,Electrical,Pass,Leak indication
INSP000005629,EQ00001868,2023-12-24,Thickness,Pass,Leak indication
INSP000005630,EQ00001868,2021-01-20,NDT,Defect Found,Leak indication
INSP000005631,EQ00001869,2024-03-02,Visual,Conditional,Vibration concern
INSP000005632,EQ00001869,2024-11-20,Thickness,Pass,Vibration concern
INSP000005633,EQ00001869,2023-06-17,Visual,Pass,None
INSP000005634,EQ00001869,2024-02-22,Safety Device,Pass,Minor corrosion
INSP000005635,EQ00001870,2024-04-14,Functional,Conditional,Alarm test issue
INSP000005636,EQ00001870,2021-02-08,Safety Device,Pass,Alarm test issue
INSP000005637,EQ00001870,2025-11-10,NDT,Defect Found,Leak indication
INSP000005638,EQ00001870,2024-10-09,Functional,Pass,Vibration concern
INSP000005639,EQ00001870,2021-11-30,Functional,Pass,Vibration concern
INSP000005640,EQ00001871,2024-02-14,Electrical,Conditional,Minor corrosion
INSP000005641,EQ00001871,2023-07-22,NDT,Pass,Alarm test issue
INSP000005642,EQ00001871,2022-11-13,Thickness,Pass,Leak indication
INSP000005643,EQ00001871,2022-09-28,Thickness,Conditional,Vibration concern
INSP000005644,EQ00001872,2024-10-13,Visual,Pass,None
INSP000005645,EQ00001872,2023-05-04,Functional,Pass,Leak indication
INSP000005646,EQ00001872,2021-07-26,Visual,Pass,Leak indication
INSP000005647,EQ00001872,2025-05-04,Functional,Pass,None
INSP000005648,EQ00001872,2022-05-23,Functional,Pass,None
INSP000005649,EQ00001873,2026-02-24,Electrical,Pass,None
INSP000005650,EQ00001873,2021-08-12,Functional,Pass,Alarm test issue
INSP000005651,EQ00001873,2022-03-14,Functional,Pass,Vibration concern
INSP000005652,EQ00001874,2025-11-07,NDT,Pass,Vibration concern
INSP000005653,EQ00001874,2022-08-15,Functional,Pass,Leak indication
INSP000005654,EQ00001874,2021-08-31,NDT,Pass,Vibration concern
INSP000005655,EQ00001875,2021-12-12,Thickness,Pass,Vibration concern
INSP000005656,EQ00001875,2021-12-25,Safety Device,Pass,Minor corrosion
INSP000005657,EQ00001875,2021-08-07,Thickness,Pass,Leak indication
INSP000005658,EQ00001875,2024-12-29,Electrical,Pass,Alarm test issue
INSP000005659,EQ00001875,2024-11-05,NDT,Pass,Minor corrosion
INSP000005660,EQ00001876,2022-10-05,NDT,Pass,Leak indication
INSP000005661,EQ00001876,2023-06-06,NDT,Pass,Leak indication
INSP000005662,EQ00001876,2023-07-01,Thickness,Pass,Leak indication
INSP000005663,EQ00001877,2025-06-09,Electrical,Defect Found,Leak indication
INSP000005664,EQ00001877,2026-01-15,Visual,Defect Found,Alarm test issue
INSP000005665,EQ00001877,2023-05-20,Thickness,Defect Found,Leak indication
INSP000005666,EQ00001878,2021-10-31,Functional,Pass,Leak indication
INSP000005667,EQ00001878,2021-06-01,NDT,Pass,Minor corrosion
INSP000005668,EQ00001878,2024-03-22,Visual,Defect Found,None
INSP000005669,EQ00001879,2022-01-06,Safety Device,Defect Found,Alarm test issue
INSP000005670,EQ00001879,2024-12-12,NDT,Pass,Alarm test issue
INSP000005671,EQ00001879,2023-05-30,Thickness,Pass,Minor corrosion
INSP000005672,EQ00001879,2024-06-27,Functional,Pass,Alarm test issue
INSP000005673,EQ00001880,2025-02-11,NDT,Pass,Leak indication
INSP000005674,EQ00001881,2021-12-11,Electrical,Conditional,Leak indication
INSP000005675,EQ00001881,2022-11-10,Visual,Pass,Minor corrosion
INSP000005676,EQ00001882,2022-09-25,Electrical,Conditional,Minor corrosion
INSP000005677,EQ00001882,2024-07-21,Electrical,Pass,Minor corrosion
INSP000005678,EQ00001882,2022-08-17,Safety Device,Defect Found,Alarm test issue
INSP000005679,EQ00001882,2024-05-27,NDT,Defect Found,Vibration concern
INSP000005680,EQ00001882,2022-03-01,Safety Device,Pass,None
INSP000005681,EQ00001883,2026-02-11,Functional,Pass,None
INSP000005682,EQ00001883,2024-08-19,Thickness,Conditional,Alarm test issue
INSP000005683,EQ00001884,2021-11-22,Safety Device,Pass,Vibration concern
INSP000005684,EQ00001885,2025-09-20,NDT,Conditional,Vibration concern
INSP000005685,EQ00001885,2025-04-18,Thickness,Pass,Leak indication
INSP000005686,EQ00001885,2021-03-16,Electrical,Pass,Leak indication
INSP000005687,EQ00001885,2026-05-03,Thickness,Pass,Minor corrosion
INSP000005688,EQ00001886,2026-07-11,Visual,Conditional,Leak indication
INSP000005689,EQ00001886,2021-06-30,Visual,Pass,Alarm test issue
INSP000005690,EQ00001887,2022-06-20,Functional,Pass,Minor corrosion
INSP000005691,EQ00001888,2023-09-08,Functional,Pass,None
INSP000005692,EQ00001888,2021-11-22,Electrical,Pass,Vibration concern
INSP000005693,EQ00001888,2023-11-05,Safety Device,Conditional,Vibration concern
INSP000005694,EQ00001889,2023-03-29,Electrical,Defect Found,Vibration concern
INSP000005695,EQ00001889,2023-10-14,Thickness,Pass,Minor corrosion
INSP000005696,EQ00001889,2023-04-05,Thickness,Defect Found,Leak indication
INSP000005697,EQ00001889,2022-02-11,NDT,Conditional,Vibration concern
INSP000005698,EQ00001889,2024-05-15,Safety Device,Pass,Vibration concern
INSP000005699,EQ00001890,2021-05-29,Functional,Conditional,Alarm test issue
INSP000005700,EQ00001890,2021-11-24,Thickness,Conditional,Leak indication
INSP000005701,EQ00001890,2021-01-31,Electrical,Defect Found,Alarm test issue
INSP000005702,EQ00001890,2023-12-06,Thickness,Conditional,Leak indication
INSP000005703,EQ00001891,2022-02-24,Thickness,Pass,Alarm test issue
INSP000005704,EQ00001891,2022-11-29,NDT,Pass,Leak indication
INSP000005705,EQ00001891,2024-07-10,Functional,Pass,Alarm test issue
INSP000005706,EQ00001891,2023-06-20,Visual,Pass,None
INSP000005707,EQ00001891,2024-05-20,Functional,Pass,None
INSP000005708,EQ00001892,2022-07-26,Visual,Pass,None
INSP000005709,EQ00001892,2025-08-02,Thickness,Pass,Vibration concern
INSP000005710,EQ00001893,2022-04-09,NDT,Pass,Alarm test issue
INSP000005711,EQ00001893,2025-08-20,Thickness,Defect Found,Vibration concern
INSP000005712,EQ00001893,2022-05-03,Electrical,Pass,Leak indication
INSP000005713,EQ00001893,2022-03-15,Functional,Pass,Minor corrosion
INSP000005714,EQ00001893,2025-11-24,NDT,Conditional,Alarm test issue
INSP000005715,EQ00001894,2023-11-08,NDT,Pass,Minor corrosion
INSP000005716,EQ00001894,2025-08-27,NDT,Conditional,None
INSP000005717,EQ00001895,2021-05-14,Electrical,Pass,Leak indication
INSP000005718,EQ00001895,2023-09-01,Functional,Conditional,None
INSP000005719,EQ00001895,2025-05-14,Visual,Pass,Leak indication
INSP000005720,EQ00001895,2021-02-10,Functional,Pass,Leak indication
INSP000005721,EQ00001896,2021-11-23,Safety Device,Pass,Leak indication
INSP000005722,EQ00001897,2024-11-08,Thickness,Conditional,Minor corrosion
INSP000005723,EQ00001897,2025-03-08,Visual,Conditional,Vibration concern
INSP000005724,EQ00001897,2022-09-14,Thickness,Pass,Vibration concern
INSP000005725,EQ00001898,2021-10-01,Electrical,Pass,Vibration concern
INSP000005726,EQ00001898,2021-08-28,Safety Device,Pass,None
INSP000005727,EQ00001898,2023-02-14,Visual,Pass,Alarm test issue
INSP000005728,EQ00001899,2025-10-27,Thickness,Conditional,Leak indication
INSP000005729,EQ00001900,2025-01-11,Visual,Pass,Leak indication
INSP000005730,EQ00001901,2024-02-06,Safety Device,Defect Found,Leak indication
INSP000005731,EQ00001901,2026-02-13,Thickness,Defect Found,Leak indication
INSP000005732,EQ00001901,2021-11-04,NDT,Defect Found,None
INSP000005733,EQ00001902,2024-08-07,Visual,Pass,Minor corrosion
INSP000005734,EQ00001902,2025-07-15,Functional,Conditional,Vibration concern
INSP000005735,EQ00001902,2021-07-31,Safety Device,Pass,Vibration concern
INSP000005736,EQ00001903,2021-08-31,Electrical,Pass,Leak indication
INSP000005737,EQ00001903,2022-02-14,Thickness,Pass,Vibration concern
INSP000005738,EQ00001904,2022-08-05,Functional,Pass,Minor corrosion
INSP000005739,EQ00001905,2022-07-26,NDT,Pass,Vibration concern
INSP000005740,EQ00001905,2023-10-24,Thickness,Defect Found,Vibration concern
INSP000005741,EQ00001905,2026-01-16,NDT,Pass,Alarm test issue
INSP000005742,EQ00001905,2021-05-06,Safety Device,Pass,Vibration concern
INSP000005743,EQ00001906,2025-03-25,Safety Device,Pass,Vibration concern
INSP000005744,EQ00001906,2024-07-28,Visual,Defect Found,Minor corrosion
INSP000005745,EQ00001907,2024-11-20,Safety Device,Pass,Minor corrosion
INSP000005746,EQ00001907,2025-01-11,Visual,Pass,Leak indication
INSP000005747,EQ00001907,2023-11-28,Safety Device,Pass,None
INSP000005748,EQ00001908,2021-02-25,Safety Device,Pass,Leak indication
INSP000005749,EQ00001908,2025-03-31,NDT,Pass,Vibration concern
INSP000005750,EQ00001908,2025-11-13,Safety Device,Conditional,Minor corrosion
INSP000005751,EQ00001909,2024-02-15,Safety Device,Defect Found,Alarm test issue
INSP000005752,EQ00001909,2021-11-23,Thickness,Pass,Leak indication
INSP000005753,EQ00001909,2023-03-26,Visual,Pass,Vibration concern
INSP000005754,EQ00001910,2024-01-13,Safety Device,Conditional,Leak indication
INSP000005755,EQ00001910,2021-12-31,Safety Device,Pass,Alarm test issue
INSP000005756,EQ00001910,2026-07-02,Visual,Pass,Leak indication
INSP000005757,EQ00001910,2021-07-06,NDT,Conditional,Minor corrosion
INSP000005758,EQ00001910,2021-02-25,Thickness,Pass,Leak indication
INSP000005759,EQ00001911,2026-06-14,Thickness,Pass,Leak indication
INSP000005760,EQ00001911,2025-08-01,Visual,Defect Found,Vibration concern
INSP000005761,EQ00001911,2024-03-17,Visual,Pass,None
INSP000005762,EQ00001911,2026-02-06,Functional,Conditional,Vibration concern
INSP000005763,EQ00001911,2022-04-22,Electrical,Conditional,Leak indication
INSP000005764,EQ00001912,2023-11-18,NDT,Conditional,None
INSP000005765,EQ00001912,2022-02-25,Safety Device,Conditional,Alarm test issue
INSP000005766,EQ00001912,2024-07-28,Safety Device,Pass,Alarm test issue
INSP000005767,EQ00001912,2022-05-08,Visual,Defect Found,Leak indication
INSP000005768,EQ00001913,2021-03-16,Safety Device,Pass,None
INSP000005769,EQ00001913,2026-03-17,Safety Device,Pass,Alarm test issue
INSP000005770,EQ00001913,2025-05-18,Safety Device,Pass,Minor corrosion
INSP000005771,EQ00001914,2021-04-28,Visual,Pass,None
INSP000005772,EQ00001914,2023-08-05,Thickness,Pass,None
INSP000005773,EQ00001915,2023-07-27,NDT,Conditional,Alarm test issue
INSP000005774,EQ00001916,2021-06-02,Electrical,Conditional,None
INSP000005775,EQ00001916,2021-01-15,NDT,Pass,Alarm test issue
INSP000005776,EQ00001916,2023-11-14,Functional,Pass,Alarm test issue
INSP000005777,EQ00001916,2021-05-29,Visual,Defect Found,Leak indication
INSP000005778,EQ00001916,2023-04-03,Visual,Pass,Alarm test issue
INSP000005779,EQ00001917,2026-03-19,NDT,Pass,Minor corrosion
INSP000005780,EQ00001917,2025-07-01,NDT,Defect Found,Alarm test issue
INSP000005781,EQ00001918,2025-09-29,Functional,Conditional,Vibration concern
INSP000005782,EQ00001918,2021-05-01,NDT,Conditional,Alarm test issue
INSP000005783,EQ00001918,2025-08-13,Electrical,Pass,Vibration concern
INSP000005784,EQ00001918,2024-01-13,NDT,Pass,Minor corrosion
INSP000005785,EQ00001919,2022-06-17,Safety Device,Defect Found,Leak indication
INSP000005786,EQ00001919,2022-04-03,Functional,Pass,Vibration concern
INSP000005787,EQ00001920,2023-11-22,NDT,Conditional,Minor corrosion
INSP000005788,EQ00001920,2026-03-31,Electrical,Defect Found,Alarm test issue
INSP000005789,EQ00001920,2025-05-19,Functional,Pass,None
INSP000005790,EQ00001920,2024-04-02,Thickness,Pass,None
INSP000005791,EQ00001921,2021-04-01,Functional,Conditional,Minor corrosion
INSP000005792,EQ00001921,2022-09-03,Visual,Pass,Vibration concern
INSP000005793,EQ00001921,2022-04-17,NDT,Pass,Vibration concern
INSP000005794,EQ00001921,2025-06-07,Functional,Pass,Minor corrosion
INSP000005795,EQ00001922,2026-02-17,Functional,Conditional,Minor corrosion
INSP000005796,EQ00001922,2022-12-31,Safety Device,Pass,None
INSP000005797,EQ00001922,2023-02-08,NDT,Defect Found,Minor corrosion
INSP000005798,EQ00001923,2022-09-03,Thickness,Pass,Minor corrosion
INSP000005799,EQ00001923,2022-12-17,Functional,Conditional,Leak indication
INSP000005800,EQ00001924,2026-02-20,Thickness,Conditional,None
INSP000005801,EQ00001924,2024-02-28,Functional,Defect Found,Minor corrosion
INSP000005802,EQ00001925,2021-08-24,Electrical,Defect Found,Alarm test issue
INSP000005803,EQ00001925,2022-11-30,Safety Device,Pass,None
INSP000005804,EQ00001926,2025-04-25,NDT,Pass,None
INSP000005805,EQ00001926,2024-11-23,Safety Device,Pass,Minor corrosion
INSP000005806,EQ00001926,2025-09-16,Thickness,Pass,Minor corrosion
INSP000005807,EQ00001927,2025-04-24,Electrical,Pass,Vibration concern
INSP000005808,EQ00001927,2023-09-04,Thickness,Pass,Vibration concern
INSP000005809,EQ00001927,2022-03-01,Safety Device,Conditional,Minor corrosion
INSP000005810,EQ00001927,2021-01-23,Thickness,Pass,Leak indication
INSP000005811,EQ00001928,2024-01-15,Thickness,Pass,Alarm test issue
INSP000005812,EQ00001928,2026-07-20,Visual,Pass,Vibration concern
INSP000005813,EQ00001928,2025-01-10,Functional,Pass,Leak indication
INSP000005814,EQ00001928,2021-08-12,Visual,Pass,Vibration concern
INSP000005815,EQ00001929,2025-04-06,Functional,Pass,Minor corrosion
INSP000005816,EQ00001929,2025-12-13,NDT,Conditional,Leak indication
INSP000005817,EQ00001929,2023-12-04,Thickness,Conditional,Alarm test issue
INSP000005818,EQ00001929,2022-04-09,Visual,Pass,Leak indication
INSP000005819,EQ00001930,2023-11-18,Thickness,Conditional,Alarm test issue
INSP000005820,EQ00001931,2022-03-26,Safety Device,Pass,None
INSP000005821,EQ00001931,2024-04-29,Visual,Pass,Alarm test issue
INSP000005822,EQ00001931,2021-02-22,Visual,Pass,None
INSP000005823,EQ00001931,2026-06-05,Safety Device,Conditional,Vibration concern
INSP000005824,EQ00001931,2022-11-01,Safety Device,Defect Found,Minor corrosion
INSP000005825,EQ00001932,2023-10-06,Safety Device,Defect Found,Minor corrosion
INSP000005826,EQ00001932,2025-05-08,Electrical,Pass,Alarm test issue
INSP000005827,EQ00001933,2024-07-18,Electrical,Pass,Alarm test issue
INSP000005828,EQ00001933,2026-06-27,Electrical,Defect Found,None
INSP000005829,EQ00001933,2025-05-06,Safety Device,Defect Found,Alarm test issue
INSP000005830,EQ00001933,2024-11-20,Thickness,Pass,Minor corrosion
INSP000005831,EQ00001933,2026-03-24,NDT,Pass,Vibration concern
INSP000005832,EQ00001934,2026-08-12,Safety Device,Pass,Alarm test issue
INSP000005833,EQ00001934,2025-11-16,Electrical,Pass,Alarm test issue
INSP000005834,EQ00001935,2021-11-05,Thickness,Pass,Leak indication
INSP000005835,EQ00001935,2026-01-25,Safety Device,Pass,Minor corrosion
INSP000005836,EQ00001935,2024-12-04,Safety Device,Conditional,Alarm test issue
INSP000005837,EQ00001935,2023-06-17,Functional,Pass,Alarm test issue
INSP000005838,EQ00001935,2023-04-26,Safety Device,Conditional,Minor corrosion
INSP000005839,EQ00001936,2025-11-12,Functional,Conditional,Alarm test issue
INSP000005840,EQ00001937,2023-01-12,Electrical,Pass,None
INSP000005841,EQ00001937,2021-06-24,Thickness,Pass,Minor corrosion
INSP000005842,EQ00001937,2024-02-05,Safety Device,Defect Found,Alarm test issue
INSP000005843,EQ00001937,2021-10-23,NDT,Pass,Alarm test issue
INSP000005844,EQ00001937,2024-08-24,Thickness,Defect Found,Minor corrosion
INSP000005845,EQ00001938,2022-03-17,Electrical,Pass,Vibration concern
INSP000005846,EQ00001938,2024-04-04,Safety Device,Pass,Minor corrosion
INSP000005847,EQ00001939,2025-03-26,Safety Device,Pass,Leak indication
INSP000005848,EQ00001940,2023-03-18,Functional,Pass,Leak indication
INSP000005849,EQ00001940,2022-01-14,Visual,Pass,Vibration concern
INSP000005850,EQ00001940,2021-03-07,Electrical,Pass,Vibration concern
INSP000005851,EQ00001940,2022-03-23,NDT,Conditional,Leak indication
INSP000005852,EQ00001940,2026-03-01,Electrical,Pass,None
INSP000005853,EQ00001941,2025-05-29,Safety Device,Pass,None
INSP000005854,EQ00001941,2024-06-17,Electrical,Pass,Vibration concern
INSP000005855,EQ00001941,2023-02-26,Visual,Pass,Minor corrosion
INSP000005856,EQ00001942,2023-04-19,Functional,Pass,Alarm test issue
INSP000005857,EQ00001943,2022-06-24,Electrical,Conditional,Vibration concern
INSP000005858,EQ00001943,2025-10-08,Thickness,Pass,Vibration concern
INSP000005859,EQ00001943,2025-05-10,Visual,Defect Found,Leak indication
INSP000005860,EQ00001943,2024-09-27,NDT,Pass,Alarm test issue
INSP000005861,EQ00001943,2021-11-28,Functional,Pass,Vibration concern
INSP000005862,EQ00001944,2021-02-26,Electrical,Pass,Alarm test issue
INSP000005863,EQ00001944,2023-05-03,NDT,Pass,Minor corrosion
INSP000005864,EQ00001944,2022-10-14,Thickness,Pass,Leak indication
INSP000005865,EQ00001944,2024-02-13,Safety Device,Conditional,Leak indication
INSP000005866,EQ00001945,2025-08-11,Thickness,Conditional,None
INSP000005867,EQ00001945,2023-10-27,Functional,Defect Found,Minor corrosion
INSP000005868,EQ00001945,2024-09-23,Electrical,Pass,Minor corrosion
INSP000005869,EQ00001945,2022-06-04,Thickness,Pass,Minor corrosion
INSP000005870,EQ00001946,2022-04-11,NDT,Pass,Minor corrosion
INSP000005871,EQ00001946,2021-06-08,Functional,Defect Found,Leak indication
INSP000005872,EQ00001946,2026-01-28,NDT,Pass,Leak indication
INSP000005873,EQ00001946,2021-12-20,Safety Device,Conditional,None
INSP000005874,EQ00001947,2023-05-26,NDT,Pass,Minor corrosion
INSP000005875,EQ00001947,2022-07-15,Electrical,Defect Found,Leak indication
INSP000005876,EQ00001947,2022-09-02,Electrical,Pass,Alarm test issue
INSP000005877,EQ00001947,2023-09-07,NDT,Defect Found,Leak indication
INSP000005878,EQ00001947,2021-03-25,Electrical,Pass,None
INSP000005879,EQ00001948,2025-12-02,Thickness,Pass,Leak indication
INSP000005880,EQ00001948,2022-11-19,Thickness,Pass,Leak indication
INSP000005881,EQ00001948,2025-12-17,Safety Device,Pass,Minor corrosion
INSP000005882,EQ00001948,2025-03-20,Thickness,Pass,Vibration concern
INSP000005883,EQ00001948,2023-04-28,Thickness,Defect Found,Vibration concern
INSP000005884,EQ00001949,2023-03-14,Functional,Pass,None
INSP000005885,EQ00001949,2026-06-25,Electrical,Pass,Leak indication
INSP000005886,EQ00001949,2022-05-30,Thickness,Conditional,Leak indication
INSP000005887,EQ00001949,2023-01-17,Thickness,Conditional,Vibration concern
INSP000005888,EQ00001950,2023-12-05,Functional,Conditional,Alarm test issue
INSP000005889,EQ00001951,2024-10-24,Thickness,Conditional,None
INSP000005890,EQ00001951,2024-02-19,Functional,Pass,Leak indication
INSP000005891,EQ00001951,2023-04-22,Electrical,Pass,Vibration concern
INSP000005892,EQ00001951,2025-11-24,Functional,Pass,Alarm test issue
INSP000005893,EQ00001952,2026-06-21,Functional,Pass,None
INSP000005894,EQ00001952,2024-08-07,Functional,Pass,Alarm test issue
INSP000005895,EQ00001953,2024-05-24,Safety Device,Pass,Leak indication
INSP000005896,EQ00001953,2024-01-25,Visual,Conditional,Alarm test issue
INSP000005897,EQ00001953,2025-01-08,Thickness,Defect Found,Vibration concern
INSP000005898,EQ00001954,2021-11-16,Visual,Pass,Alarm test issue
INSP000005899,EQ00001954,2021-04-25,Thickness,Pass,None
INSP000005900,EQ00001955,2021-10-04,NDT,Pass,Leak indication
INSP000005901,EQ00001955,2026-05-26,Safety Device,Conditional,Minor corrosion
INSP000005902,EQ00001955,2022-05-16,Visual,Pass,Alarm test issue
INSP000005903,EQ00001955,2023-12-09,Safety Device,Conditional,Vibration concern
INSP000005904,EQ00001955,2023-12-02,Thickness,Pass,Minor corrosion
INSP000005905,EQ00001956,2026-03-19,Electrical,Pass,Minor corrosion
INSP000005906,EQ00001956,2026-06-05,NDT,Pass,Leak indication
INSP000005907,EQ00001956,2023-11-03,Safety Device,Conditional,None
INSP000005908,EQ00001956,2025-01-25,Electrical,Conditional,Vibration concern
INSP000005909,EQ00001956,2023-08-14,NDT,Defect Found,Vibration concern
INSP000005910,EQ00001957,2022-05-09,Thickness,Defect Found,Minor corrosion
INSP000005911,EQ00001957,2024-04-08,Electrical,Pass,None
INSP000005912,EQ00001958,2023-06-25,NDT,Conditional,Minor corrosion
INSP000005913,EQ00001958,2022-04-03,Electrical,Defect Found,None
INSP000005914,EQ00001959,2024-07-29,NDT,Defect Found,Alarm test issue
INSP000005915,EQ00001960,2025-03-31,NDT,Conditional,Alarm test issue
INSP000005916,EQ00001961,2022-12-13,Safety Device,Defect Found,Leak indication
INSP000005917,EQ00001962,2024-11-22,NDT,Pass,Vibration concern
INSP000005918,EQ00001962,2024-02-09,Safety Device,Pass,Minor corrosion
INSP000005919,EQ00001963,2026-08-02,Electrical,Pass,Minor corrosion
INSP000005920,EQ00001963,2023-06-16,Thickness,Pass,Vibration concern
INSP000005921,EQ00001963,2021-03-12,Visual,Defect Found,Minor corrosion
INSP000005922,EQ00001963,2021-05-30,Electrical,Pass,None
INSP000005923,EQ00001963,2026-07-08,Electrical,Pass,Leak indication
INSP000005924,EQ00001964,2021-12-24,Visual,Pass,Vibration concern
INSP000005925,EQ00001964,2024-03-16,Safety Device,Pass,Vibration concern
INSP000005926,EQ00001964,2022-02-22,Electrical,Defect Found,Vibration concern
INSP000005927,EQ00001965,2024-09-29,Safety Device,Pass,None
INSP000005928,EQ00001965,2023-11-07,Functional,Pass,Minor corrosion
INSP000005929,EQ00001965,2023-02-19,Thickness,Pass,None
INSP000005930,EQ00001965,2021-09-14,Visual,Pass,None
INSP000005931,EQ00001966,2022-12-24,Thickness,Defect Found,Vibration concern
INSP000005932,EQ00001966,2022-04-29,Visual,Pass,Minor corrosion
INSP000005933,EQ00001966,2026-05-28,Safety Device,Defect Found,Minor corrosion
INSP000005934,EQ00001966,2021-01-11,Thickness,Pass,Vibration concern
INSP000005935,EQ00001966,2024-06-13,Safety Device,Pass,Alarm test issue
INSP000005936,EQ00001967,2026-08-28,NDT,Pass,Alarm test issue
INSP000005937,EQ00001967,2023-11-04,NDT,Conditional,Vibration concern
INSP000005938,EQ00001967,2021-05-27,Functional,Pass,Alarm test issue
INSP000005939,EQ00001967,2026-01-30,Electrical,Conditional,Vibration concern
INSP000005940,EQ00001967,2022-12-16,Functional,Pass,None
INSP000005941,EQ00001968,2023-12-16,Electrical,Pass,Alarm test issue
INSP000005942,EQ00001968,2025-07-19,Visual,Pass,Alarm test issue
INSP000005943,EQ00001969,2022-12-21,Thickness,Pass,Alarm test issue
INSP000005944,EQ00001969,2024-11-11,Thickness,Conditional,None
INSP000005945,EQ00001970,2021-05-24,NDT,Pass,None
INSP000005946,EQ00001970,2023-12-31,Functional,Pass,Leak indication
INSP000005947,EQ00001970,2023-05-21,NDT,Pass,Minor corrosion
INSP000005948,EQ00001971,2025-02-22,Electrical,Pass,Minor corrosion
INSP000005949,EQ00001971,2022-06-20,Safety Device,Conditional,Alarm test issue
INSP000005950,EQ00001972,2025-07-28,Thickness,Conditional,Vibration concern
INSP000005951,EQ00001973,2021-04-18,Safety Device,Defect Found,None
INSP000005952,EQ00001973,2024-01-27,Functional,Conditional,Vibration concern
INSP000005953,EQ00001973,2025-11-02,NDT,Pass,Alarm test issue
INSP000005954,EQ00001973,2023-12-18,Thickness,Pass,None
INSP000005955,EQ00001974,2023-08-08,Visual,Pass,Alarm test issue
INSP000005956,EQ00001975,2022-08-25,Functional,Defect Found,Alarm test issue
INSP000005957,EQ00001975,2026-04-03,NDT,Pass,Minor corrosion
INSP000005958,EQ00001975,2025-01-02,Functional,Pass,None
INSP000005959,EQ00001975,2023-10-12,Functional,Pass,Vibration concern
INSP000005960,EQ00001976,2023-05-22,Functional,Pass,Alarm test issue
INSP000005961,EQ00001976,2022-01-16,Visual,Conditional,None
INSP000005962,EQ00001976,2023-06-28,Safety Device,Pass,None
INSP000005963,EQ00001976,2025-06-25,Safety Device,Pass,Alarm test issue
INSP000005964,EQ00001976,2023-09-09,NDT,Defect Found,Leak indication
INSP000005965,EQ00001977,2024-10-17,Safety Device,Pass,Minor corrosion
INSP000005966,EQ00001977,2025-02-10,Functional,Pass,Vibration concern
INSP000005967,EQ00001977,2021-03-02,Visual,Pass,Alarm test issue
INSP000005968,EQ00001977,2025-11-22,Safety Device,Pass,Leak indication
INSP000005969,EQ00001978,2024-01-08,Functional,Pass,Leak indication
INSP000005970,EQ00001978,2024-03-11,Thickness,Pass,None
INSP000005971,EQ00001978,2023-07-17,Functional,Defect Found,None
INSP000005972,EQ00001979,2023-12-18,Thickness,Defect Found,Leak indication
INSP000005973,EQ00001979,2024-01-08,NDT,Pass,Leak indication
INSP000005974,EQ00001979,2023-06-16,Visual,Pass,Vibration concern
INSP000005975,EQ00001980,2022-05-25,Functional,Pass,None
INSP000005976,EQ00001980,2024-08-02,Visual,Pass,None
INSP000005977,EQ00001980,2022-05-07,Thickness,Conditional,Alarm test issue
INSP000005978,EQ00001981,2021-02-28,Safety Device,Pass,Minor corrosion
INSP000005979,EQ00001982,2025-09-03,Thickness,Pass,Leak indication
INSP000005980,EQ00001982,2022-10-24,Visual,Conditional,None
INSP000005981,EQ00001982,2024-12-05,Safety Device,Pass,Minor corrosion
INSP000005982,EQ00001982,2026-03-11,Safety Device,Pass,Alarm test issue
INSP000005983,EQ00001983,2023-02-06,NDT,Pass,Minor corrosion
INSP000005984,EQ00001984,2021-12-07,Visual,Pass,Minor corrosion
INSP000005985,EQ00001984,2026-04-22,Electrical,Pass,Leak indication
INSP000005986,EQ00001984,2025-03-09,Electrical,Pass,Minor corrosion
INSP000005987,EQ00001985,2025-05-17,Visual,Pass,Leak indication
INSP000005988,EQ00001985,2021-08-17,Functional,Pass,Minor corrosion
INSP000005989,EQ00001985,2024-04-09,NDT,Conditional,Vibration concern
INSP000005990,EQ00001985,2021-09-30,Thickness,Pass,Vibration concern
INSP000005991,EQ00001986,2023-09-23,Thickness,Defect Found,None
INSP000005992,EQ00001987,2021-10-03,Functional,Defect Found,Alarm test issue
INSP000005993,EQ00001987,2022-09-08,Safety Device,Pass,Minor corrosion
INSP000005994,EQ00001988,2026-02-28,Visual,Pass,Alarm test issue
INSP000005995,EQ00001988,2024-09-17,Safety Device,Defect Found,Leak indication
INSP000005996,EQ00001988,2021-04-07,Safety Device,Pass,Minor corrosion
INSP000005997,EQ00001988,2021-05-07,Visual,Pass,Alarm test issue
INSP000005998,EQ00001989,2022-03-27,Safety Device,Pass,None
INSP000005999,EQ00001989,2026-07-22,Electrical,Pass,None
INSP000006000,EQ00001989,2022-09-01,Functional,Defect Found,Leak indication
INSP000006001,EQ00001990,2023-11-20,Thickness,Conditional,Leak indication
INSP000006002,EQ00001990,2024-12-02,Thickness,Pass,Leak indication
INSP000006003,EQ00001991,2024-08-22,NDT,Pass,None
INSP000006004,EQ00001991,2023-01-07,Safety Device,Conditional,Alarm test issue
INSP000006005,EQ00001992,2024-06-10,Visual,Pass,Leak indication
INSP000006006,EQ00001993,2026-01-23,Functional,Pass,Leak indication
INSP000006007,EQ00001993,2024-11-23,Visual,Pass,Leak indication
INSP000006008,EQ00001993,2022-11-27,Functional,Defect Found,None
INSP000006009,EQ00001993,2024-04-24,Visual,Pass,None
INSP000006010,EQ00001994,2024-06-24,Thickness,Defect Found,Alarm test issue
INSP000006011,EQ00001994,2025-01-05,Functional,Conditional,Vibration concern
INSP000006012,EQ00001995,2023-11-22,NDT,Conditional,Alarm test issue
INSP000006013,EQ00001995,2021-11-24,Visual,Conditional,Alarm test issue
INSP000006014,EQ00001995,2023-11-20,Thickness,Pass,Alarm test issue
INSP000006015,EQ00001995,2022-02-14,Electrical,Pass,Leak indication
INSP000006016,EQ00001995,2021-06-25,NDT,Conditional,Alarm test issue
INSP000006017,EQ00001996,2026-05-28,Safety Device,Pass,Alarm test issue
INSP000006018,EQ00001996,2025-01-31,Safety Device,Pass,Alarm test issue
INSP000006019,EQ00001997,2024-05-03,Safety Device,Pass,Minor corrosion
INSP000006020,EQ00001997,2025-05-24,Visual,Pass,Vibration concern
INSP000006021,EQ00001997,2021-02-18,Safety Device,Pass,None
INSP000006022,EQ00001997,2021-09-15,Functional,Pass,Vibration concern
INSP000006023,EQ00001998,2021-09-17,NDT,Pass,Minor corrosion
INSP000006024,EQ00001999,2024-10-09,NDT,Pass,Leak indication
INSP000006025,EQ00001999,2026-01-01,NDT,Conditional,None
INSP000006026,EQ00002000,2021-02-06,Visual,Pass,Minor corrosion
INSP000006027,EQ00002000,2026-01-18,Functional,Defect Found,None
INSP000006028,EQ00002000,2022-11-13,Safety Device,Pass,None
INSP000006029,EQ00002001,2023-04-25,Thickness,Pass,Alarm test issue
INSP000006030,EQ00002002,2026-01-30,Visual,Conditional,Alarm test issue
INSP000006031,EQ00002002,2025-07-23,Safety Device,Conditional,Minor corrosion
INSP000006032,EQ00002002,2022-01-20,Thickness,Pass,Alarm test issue
INSP000006033,EQ00002002,2025-05-29,NDT,Conditional,None
INSP000006034,EQ00002002,2022-05-21,NDT,Pass,Minor corrosion
INSP000006035,EQ00002003,2021-05-03,NDT,Pass,Alarm test issue
INSP000006036,EQ00002003,2025-06-18,Thickness,Pass,None
INSP000006037,EQ00002003,2021-07-26,Thickness,Pass,Vibration concern
INSP000006038,EQ00002003,2025-06-30,Electrical,Pass,Leak indication
INSP000006039,EQ00002003,2024-08-19,Safety Device,Pass,Vibration concern
INSP000006040,EQ00002004,2025-01-27,Electrical,Pass,Leak indication
INSP000006041,EQ00002004,2024-12-01,Safety Device,Defect Found,Alarm test issue
INSP000006042,EQ00002005,2026-08-03,Functional,Defect Found,Vibration concern
INSP000006043,EQ00002006,2024-11-18,Safety Device,Defect Found,Alarm test issue
INSP000006044,EQ00002007,2022-04-19,NDT,Pass,Leak indication
INSP000006045,EQ00002007,2025-04-29,Electrical,Pass,Alarm test issue
INSP000006046,EQ00002007,2023-09-06,Electrical,Pass,Leak indication
INSP000006047,EQ00002008,2022-03-07,Electrical,Pass,Vibration concern
INSP000006048,EQ00002008,2026-04-12,Safety Device,Pass,Minor corrosion
INSP000006049,EQ00002008,2022-11-09,Safety Device,Pass,Alarm test issue
INSP000006050,EQ00002008,2026-03-06,Functional,Pass,Vibration concern
INSP000006051,EQ00002008,2023-01-23,Electrical,Pass,Alarm test issue
INSP000006052,EQ00002009,2022-12-19,Safety Device,Pass,Vibration concern
INSP000006053,EQ00002009,2023-06-20,Thickness,Pass,Leak indication
INSP000006054,EQ00002009,2024-02-20,NDT,Pass,Alarm test issue
INSP000006055,EQ00002009,2022-05-19,Functional,Pass,Leak indication
INSP000006056,EQ00002009,2024-12-01,Functional,Conditional,Alarm test issue
INSP000006057,EQ00002010,2022-03-13,Functional,Pass,Leak indication
INSP000006058,EQ00002011,2023-01-06,Functional,Pass,Alarm test issue
INSP000006059,EQ00002011,2025-05-03,Safety Device,Pass,Leak indication
INSP000006060,EQ00002011,2022-06-09,Electrical,Pass,None
INSP000006061,EQ00002011,2021-07-12,Functional,Pass,Leak indication
INSP000006062,EQ00002012,2026-02-28,Functional,Conditional,Leak indication
INSP000006063,EQ00002012,2023-01-17,Electrical,Conditional,Minor corrosion
INSP000006064,EQ00002012,2023-07-31,NDT,Conditional,Leak indication
INSP000006065,EQ00002012,2021-05-18,Electrical,Pass,Minor corrosion
INSP000006066,EQ00002012,2026-04-09,Safety Device,Pass,None
INSP000006067,EQ00002013,2022-05-26,NDT,Conditional,Minor corrosion
INSP000006068,EQ00002013,2022-07-20,Safety Device,Pass,None
INSP000006069,EQ00002013,2024-12-05,NDT,Pass,Vibration concern
INSP000006070,EQ00002013,2023-07-18,Thickness,Pass,Leak indication
INSP000006071,EQ00002014,2021-04-03,NDT,Pass,Minor corrosion
INSP000006072,EQ00002014,2024-02-20,NDT,Pass,Leak indication
INSP000006073,EQ00002014,2026-05-04,Electrical,Pass,Minor corrosion
INSP000006074,EQ00002014,2021-04-14,Safety Device,Pass,Alarm test issue
INSP000006075,EQ00002015,2021-03-12,NDT,Pass,Leak indication
INSP000006076,EQ00002015,2026-02-22,Thickness,Pass,Alarm test issue
INSP000006077,EQ00002016,2022-10-15,Electrical,Conditional,Alarm test issue
INSP000006078,EQ00002016,2022-05-09,Functional,Defect Found,None
INSP000006079,EQ00002016,2021-10-12,Safety Device,Defect Found,Alarm test issue
INSP000006080,EQ00002016,2022-10-28,Thickness,Pass,None
INSP000006081,EQ00002016,2022-04-28,Electrical,Defect Found,Alarm test issue
INSP000006082,EQ00002017,2024-04-25,Functional,Pass,Leak indication
INSP000006083,EQ00002017,2021-01-28,NDT,Pass,Minor corrosion
INSP000006084,EQ00002017,2025-02-28,Visual,Defect Found,Vibration concern
INSP000006085,EQ00002017,2024-04-21,Electrical,Pass,Alarm test issue
INSP000006086,EQ00002017,2022-01-12,Thickness,Conditional,Leak indication
INSP000006087,EQ00002018,2026-07-01,Functional,Pass,Minor corrosion
INSP000006088,EQ00002018,2021-10-30,NDT,Pass,None
INSP000006089,EQ00002018,2023-05-26,Functional,Pass,Leak indication
INSP000006090,EQ00002019,2026-05-20,Visual,Conditional,Minor corrosion
INSP000006091,EQ00002019,2026-06-01,Functional,Pass,Vibration concern
INSP000006092,EQ00002019,2022-10-31,Safety Device,Pass,Alarm test issue
INSP000006093,EQ00002020,2021-11-10,Visual,Pass,Leak indication
INSP000006094,EQ00002020,2024-07-25,NDT,Defect Found,Alarm test issue
INSP000006095,EQ00002020,2022-06-15,Thickness,Conditional,Vibration concern
INSP000006096,EQ00002020,2024-04-06,Thickness,Conditional,Leak indication
INSP000006097,EQ00002020,2024-06-25,Thickness,Pass,Alarm test issue
INSP000006098,EQ00002021,2024-09-27,Functional,Defect Found,Leak indication
INSP000006099,EQ00002021,2021-07-08,Thickness,Pass,Leak indication
INSP000006100,EQ00002021,2022-02-28,NDT,Pass,Vibration concern
INSP000006101,EQ00002021,2021-09-13,NDT,Pass,Leak indication
INSP000006102,EQ00002022,2026-01-20,NDT,Pass,Leak indication
INSP000006103,EQ00002022,2021-11-29,Visual,Pass,Alarm test issue
INSP000006104,EQ00002022,2024-02-27,Visual,Defect Found,Minor corrosion
INSP000006105,EQ00002022,2022-11-30,Thickness,Conditional,None
INSP000006106,EQ00002022,2023-03-19,NDT,Conditional,Minor corrosion
INSP000006107,EQ00002023,2024-01-03,Functional,Conditional,None
INSP000006108,EQ00002023,2025-01-02,Functional,Pass,Leak indication
INSP000006109,EQ00002023,2025-05-25,Electrical,Pass,Vibration concern
INSP000006110,EQ00002023,2024-08-16,NDT,Defect Found,Alarm test issue
INSP000006111,EQ00002023,2023-02-17,Visual,Pass,Minor corrosion
INSP000006112,EQ00002024,2021-06-28,Safety Device,Pass,Minor corrosion
INSP000006113,EQ00002024,2023-03-28,Safety Device,Pass,Minor corrosion
INSP000006114,EQ00002025,2023-01-12,Electrical,Pass,Minor corrosion
INSP000006115,EQ00002025,2022-07-24,Functional,Pass,Alarm test issue
INSP000006116,EQ00002025,2023-03-16,Safety Device,Conditional,Alarm test issue
INSP000006117,EQ00002025,2025-05-09,NDT,Pass,Leak indication
INSP000006118,EQ00002026,2026-02-01,Safety Device,Defect Found,Minor corrosion
INSP000006119,EQ00002026,2023-11-30,Functional,Pass,Alarm test issue
INSP000006120,EQ00002027,2024-04-05,Thickness,Pass,Leak indication
INSP000006121,EQ00002027,2021-11-23,Functional,Pass,Minor corrosion
INSP000006122,EQ00002027,2021-03-06,Electrical,Conditional,None
INSP000006123,EQ00002027,2022-03-16,NDT,Pass,Alarm test issue
INSP000006124,EQ00002028,2021-07-26,Functional,Pass,None
INSP000006125,EQ00002029,2023-06-08,NDT,Pass,Alarm test issue
INSP000006126,EQ00002029,2021-08-12,Thickness,Defect Found,Minor corrosion
INSP000006127,EQ00002029,2023-12-07,Safety Device,Pass,Leak indication
INSP000006128,EQ00002029,2026-08-14,Thickness,Pass,Vibration concern
INSP000006129,EQ00002029,2026-01-10,NDT,Conditional,Alarm test issue
INSP000006130,EQ00002030,2022-03-28,Safety Device,Pass,Minor corrosion
INSP000006131,EQ00002031,2026-07-23,Thickness,Conditional,Alarm test issue
INSP000006132,EQ00002031,2021-04-26,Visual,Pass,Minor corrosion
INSP000006133,EQ00002031,2025-06-25,Safety Device,Defect Found,Leak indication
INSP000006134,EQ00002031,2021-05-06,Electrical,Pass,None
INSP000006135,EQ00002032,2026-04-12,NDT,Pass,Vibration concern
INSP000006136,EQ00002032,2021-12-13,NDT,Pass,Minor corrosion
INSP000006137,EQ00002033,2024-06-02,Visual,Pass,Minor corrosion
INSP000006138,EQ00002034,2026-08-31,Functional,Pass,Vibration concern
INSP000006139,EQ00002035,2025-11-08,Visual,Pass,Vibration concern
INSP000006140,EQ00002036,2024-09-13,Electrical,Pass,Leak indication
INSP000006141,EQ00002036,2023-08-10,Visual,Pass,Leak indication
INSP000006142,EQ00002036,2023-03-26,NDT,Pass,Minor corrosion
INSP000006143,EQ00002037,2025-12-30,Safety Device,Defect Found,Minor corrosion
INSP000006144,EQ00002037,2023-08-18,Visual,Conditional,Vibration concern
INSP000006145,EQ00002037,2024-07-30,Thickness,Pass,Vibration concern
INSP000006146,EQ00002037,2021-05-12,Visual,Defect Found,None
INSP000006147,EQ00002038,2025-04-13,Thickness,Pass,Vibration concern
INSP000006148,EQ00002038,2021-10-17,NDT,Pass,None
INSP000006149,EQ00002038,2024-01-22,Safety Device,Pass,Minor corrosion
INSP000006150,EQ00002038,2022-03-19,Thickness,Pass,Vibration concern
INSP000006151,EQ00002038,2021-01-22,Electrical,Pass,Alarm test issue
INSP000006152,EQ00002039,2022-09-02,Functional,Pass,Minor corrosion
INSP000006153,EQ00002040,2021-08-18,Electrical,Conditional,Vibration concern
INSP000006154,EQ00002040,2022-04-04,Thickness,Pass,Vibration concern
INSP000006155,EQ00002041,2021-04-21,Functional,Conditional,Minor corrosion
INSP000006156,EQ00002041,2023-06-24,NDT,Pass,Minor corrosion
INSP000006157,EQ00002041,2021-10-29,NDT,Pass,Vibration concern
INSP000006158,EQ00002041,2022-01-25,Functional,Pass,Alarm test issue
INSP000006159,EQ00002042,2022-02-09,Functional,Defect Found,Minor corrosion
INSP000006160,EQ00002042,2021-03-05,Functional,Pass,Leak indication
INSP000006161,EQ00002043,2022-04-15,Thickness,Pass,None
INSP000006162,EQ00002043,2026-08-28,NDT,Pass,Minor corrosion
INSP000006163,EQ00002044,2024-11-08,Functional,Pass,None
INSP000006164,EQ00002044,2025-03-22,Thickness,Pass,None
INSP000006165,EQ00002044,2024-07-16,Visual,Pass,Leak indication
INSP000006166,EQ00002044,2021-08-03,Electrical,Defect Found,None
INSP000006167,EQ00002044,2024-06-04,Visual,Pass,Vibration concern
INSP000006168,EQ00002045,2021-01-14,Visual,Pass,Alarm test issue
INSP000006169,EQ00002045,2024-10-05,Visual,Pass,Leak indication
INSP000006170,EQ00002045,2026-08-01,Safety Device,Pass,Minor corrosion
INSP000006171,EQ00002045,2024-06-12,Thickness,Pass,Vibration concern
INSP000006172,EQ00002045,2022-10-14,Visual,Pass,Vibration concern
INSP000006173,EQ00002046,2021-06-21,Functional,Conditional,Leak indication
INSP000006174,EQ00002047,2022-05-31,Electrical,Pass,Leak indication
INSP000006175,EQ00002047,2023-01-29,Functional,Pass,None
INSP000006176,EQ00002047,2023-01-27,Functional,Pass,Leak indication
INSP000006177,EQ00002047,2022-03-20,Safety Device,Conditional,None
INSP000006178,EQ00002047,2021-10-17,Visual,Pass,Alarm test issue
INSP000006179,EQ00002048,2022-10-10,Thickness,Pass,None
INSP000006180,EQ00002048,2024-02-12,Safety Device,Pass,Minor corrosion
INSP000006181,EQ00002048,2024-05-17,NDT,Pass,Alarm test issue
INSP000006182,EQ00002048,2026-05-29,NDT,Pass,Minor corrosion
INSP000006183,EQ00002048,2024-09-06,Visual,Pass,Vibration concern
INSP000006184,EQ00002049,2022-04-21,Functional,Pass,Minor corrosion
INSP000006185,EQ00002050,2022-08-09,Safety Device,Pass,None
INSP000006186,EQ00002050,2025-10-04,Visual,Pass,Alarm test issue
INSP000006187,EQ00002051,2022-07-25,NDT,Pass,Leak indication
INSP000006188,EQ00002051,2024-04-10,Functional,Pass,Vibration concern
INSP000006189,EQ00002052,2024-01-07,NDT,Pass,Minor corrosion
INSP000006190,EQ00002053,2023-09-28,Thickness,Pass,Leak indication
INSP000006191,EQ00002053,2022-01-10,NDT,Pass,None
INSP000006192,EQ00002054,2024-10-05,Visual,Pass,Alarm test issue
INSP000006193,EQ00002055,2024-11-26,NDT,Defect Found,None
INSP000006194,EQ00002055,2024-10-18,NDT,Conditional,Minor corrosion
INSP000006195,EQ00002055,2024-07-08,Functional,Defect Found,Alarm test issue
INSP000006196,EQ00002055,2022-09-25,Safety Device,Pass,Alarm test issue
INSP000006197,EQ00002056,2026-07-03,Visual,Pass,Vibration concern
INSP000006198,EQ00002056,2024-07-11,Functional,Defect Found,Vibration concern
INSP000006199,EQ00002056,2021-01-20,Visual,Defect Found,Vibration concern
INSP000006200,EQ00002056,2025-10-16,Functional,Pass,Leak indication
INSP000006201,EQ00002056,2021-09-16,Functional,Pass,Minor corrosion
INSP000006202,EQ00002057,2024-03-31,Electrical,Pass,Leak indication
INSP000006203,EQ00002057,2025-02-12,Electrical,Conditional,Minor corrosion
INSP000006204,EQ00002057,2022-05-19,Electrical,Conditional,Alarm test issue
INSP000006205,EQ00002058,2023-03-18,NDT,Defect Found,Leak indication
INSP000006206,EQ00002058,2025-01-31,Electrical,Defect Found,Vibration concern
INSP000006207,EQ00002058,2025-02-13,Functional,Conditional,Minor corrosion
INSP000006208,EQ00002058,2023-08-28,Visual,Defect Found,Alarm test issue
INSP000006209,EQ00002059,2021-06-01,Electrical,Pass,Leak indication
INSP000006210,EQ00002059,2022-08-09,Visual,Pass,Leak indication
INSP000006211,EQ00002059,2022-01-22,Safety Device,Pass,None
INSP000006212,EQ00002060,2022-08-07,Visual,Pass,Alarm test issue
INSP000006213,EQ00002061,2025-07-24,Electrical,Defect Found,Leak indication
INSP000006214,EQ00002061,2023-02-15,Thickness,Pass,Minor corrosion
INSP000006215,EQ00002061,2025-04-01,Electrical,Pass,Minor corrosion
INSP000006216,EQ00002062,2025-07-18,Safety Device,Pass,Leak indication
INSP000006217,EQ00002063,2022-09-12,Thickness,Defect Found,Minor corrosion
INSP000006218,EQ00002063,2024-04-27,Functional,Conditional,Leak indication
INSP000006219,EQ00002063,2024-12-31,NDT,Pass,Vibration concern
INSP000006220,EQ00002063,2022-01-15,NDT,Defect Found,None
INSP000006221,EQ00002063,2021-02-03,Electrical,Defect Found,Minor corrosion
INSP000006222,EQ00002064,2026-02-11,Functional,Defect Found,Vibration concern
INSP000006223,EQ00002064,2024-05-25,Thickness,Pass,Leak indication
INSP000006224,EQ00002064,2024-12-25,Safety Device,Pass,Vibration concern
INSP000006225,EQ00002064,2025-08-08,Visual,Defect Found,Vibration concern
INSP000006226,EQ00002065,2025-01-15,Thickness,Defect Found,Leak indication
INSP000006227,EQ00002065,2024-09-26,Thickness,Pass,Vibration concern
INSP000006228,EQ00002065,2023-04-25,NDT,Conditional,Alarm test issue
INSP000006229,EQ00002066,2021-10-17,Thickness,Defect Found,Leak indication
INSP000006230,EQ00002066,2025-08-25,Functional,Conditional,Leak indication
INSP000006231,EQ00002067,2022-08-21,Functional,Pass,Minor corrosion
INSP000006232,EQ00002067,2024-08-29,Functional,Pass,Leak indication
INSP000006233,EQ00002067,2021-02-25,Thickness,Pass,Leak indication
INSP000006234,EQ00002068,2023-10-10,Visual,Pass,Minor corrosion
INSP000006235,EQ00002068,2024-03-11,Functional,Conditional,Alarm test issue
INSP000006236,EQ00002068,2022-07-02,Functional,Defect Found,Vibration concern
INSP000006237,EQ00002069,2024-06-25,Functional,Pass,Leak indication
INSP000006238,EQ00002069,2023-09-04,Electrical,Defect Found,Vibration concern
INSP000006239,EQ00002070,2025-07-26,Electrical,Pass,Minor corrosion
INSP000006240,EQ00002070,2025-07-16,NDT,Pass,None
INSP000006241,EQ00002070,2023-01-26,NDT,Pass,None
INSP000006242,EQ00002071,2021-10-21,Safety Device,Pass,Minor corrosion
INSP000006243,EQ00002071,2021-07-12,Safety Device,Pass,Leak indication
INSP000006244,EQ00002072,2025-05-16,Electrical,Conditional,None
INSP000006245,EQ00002073,2022-05-22,Safety Device,Conditional,Leak indication
INSP000006246,EQ00002073,2025-04-18,Visual,Defect Found,None
INSP000006247,EQ00002074,2025-02-19,Visual,Conditional,Leak indication
INSP000006248,EQ00002074,2021-08-22,NDT,Pass,None
INSP000006249,EQ00002074,2022-08-14,Functional,Pass,Minor corrosion
INSP000006250,EQ00002074,2022-06-13,Thickness,Pass,Alarm test issue
INSP000006251,EQ00002074,2022-07-13,Electrical,Pass,Leak indication
INSP000006252,EQ00002075,2023-09-15,Electrical,Pass,Alarm test issue
INSP000006253,EQ00002075,2022-09-26,Safety Device,Pass,Leak indication
INSP000006254,EQ00002075,2026-01-29,Visual,Defect Found,None
INSP000006255,EQ00002075,2021-07-30,Functional,Pass,None
INSP000006256,EQ00002075,2024-09-10,Visual,Pass,Leak indication
INSP000006257,EQ00002076,2024-12-12,NDT,Conditional,Minor corrosion
INSP000006258,EQ00002076,2021-03-04,Visual,Pass,None
INSP000006259,EQ00002076,2024-01-16,Thickness,Defect Found,Minor corrosion
INSP000006260,EQ00002076,2022-08-25,NDT,Defect Found,Alarm test issue
INSP000006261,EQ00002077,2024-06-09,Visual,Conditional,Minor corrosion
INSP000006262,EQ00002077,2023-02-10,Thickness,Defect Found,Minor corrosion
INSP000006263,EQ00002077,2023-10-27,NDT,Pass,Alarm test issue
INSP000006264,EQ00002077,2023-09-15,Visual,Conditional,Leak indication
INSP000006265,EQ00002077,2026-01-18,Visual,Defect Found,Leak indication
INSP000006266,EQ00002078,2025-02-02,Functional,Conditional,Minor corrosion
INSP000006267,EQ00002078,2022-05-27,Safety Device,Defect Found,Minor corrosion
INSP000006268,EQ00002078,2022-12-05,Functional,Conditional,Alarm test issue
INSP000006269,EQ00002078,2024-03-03,Thickness,Pass,Alarm test issue
INSP000006270,EQ00002078,2021-05-18,Safety Device,Conditional,None
INSP000006271,EQ00002079,2024-07-09,Thickness,Defect Found,Minor corrosion
INSP000006272,EQ00002079,2025-10-09,Electrical,Pass,None
INSP000006273,EQ00002079,2023-11-10,NDT,Pass,None
INSP000006274,EQ00002080,2023-02-16,NDT,Pass,Minor corrosion
INSP000006275,EQ00002080,2021-08-16,NDT,Pass,Alarm test issue
INSP000006276,EQ00002080,2025-10-15,Thickness,Pass,Minor corrosion
INSP000006277,EQ00002080,2025-11-28,Visual,Pass,Minor corrosion
INSP000006278,EQ00002081,2021-11-17,Visual,Conditional,Minor corrosion
INSP000006279,EQ00002081,2025-05-12,Thickness,Pass,Vibration concern
INSP000006280,EQ00002082,2026-01-13,Visual,Pass,Alarm test issue
INSP000006281,EQ00002082,2025-10-30,Safety Device,Pass,None
INSP000006282,EQ00002082,2021-04-20,NDT,Pass,Alarm test issue
INSP000006283,EQ00002082,2021-08-12,Thickness,Pass,None
INSP000006284,EQ00002083,2021-07-03,NDT,Defect Found,Leak indication
INSP000006285,EQ00002084,2024-06-04,Electrical,Pass,Vibration concern
INSP000006286,EQ00002084,2024-05-01,Functional,Pass,Leak indication
INSP000006287,EQ00002084,2024-05-08,Safety Device,Pass,Minor corrosion
INSP000006288,EQ00002084,2024-09-04,Electrical,Pass,Minor corrosion
INSP000006289,EQ00002085,2021-10-24,Visual,Pass,None
INSP000006290,EQ00002085,2022-04-04,NDT,Pass,Alarm test issue
INSP000006291,EQ00002085,2024-08-24,NDT,Defect Found,Vibration concern
INSP000006292,EQ00002086,2025-07-07,Thickness,Pass,Minor corrosion
INSP000006293,EQ00002086,2026-05-12,Functional,Defect Found,Alarm test issue
INSP000006294,EQ00002086,2023-05-11,Functional,Conditional,None
INSP000006295,EQ00002086,2022-01-30,Visual,Pass,Alarm test issue
INSP000006296,EQ00002087,2023-04-15,NDT,Pass,Leak indication
INSP000006297,EQ00002087,2022-01-04,Electrical,Conditional,Leak indication
INSP000006298,EQ00002087,2024-06-29,Visual,Pass,None
INSP000006299,EQ00002088,2023-06-06,NDT,Pass,Leak indication
INSP000006300,EQ00002088,2023-08-04,NDT,Pass,Vibration concern
INSP000006301,EQ00002088,2023-11-09,Safety Device,Pass,Alarm test issue
INSP000006302,EQ00002088,2021-02-12,Thickness,Pass,Vibration concern
INSP000006303,EQ00002089,2022-06-07,Functional,Pass,Alarm test issue
INSP000006304,EQ00002090,2023-06-07,Safety Device,Pass,Minor corrosion
INSP000006305,EQ00002090,2026-02-23,Functional,Pass,Alarm test issue
INSP000006306,EQ00002090,2022-12-22,Thickness,Pass,Alarm test issue
INSP000006307,EQ00002091,2023-04-19,Functional,Pass,Alarm test issue
INSP000006308,EQ00002092,2023-12-22,Visual,Defect Found,Alarm test issue
INSP000006309,EQ00002092,2024-12-26,Functional,Defect Found,Alarm test issue
INSP000006310,EQ00002092,2026-01-19,Safety Device,Pass,Leak indication
INSP000006311,EQ00002093,2023-04-20,NDT,Pass,Leak indication
INSP000006312,EQ00002093,2021-05-25,NDT,Conditional,Alarm test issue
INSP000006313,EQ00002093,2025-11-28,Thickness,Pass,None
INSP000006314,EQ00002094,2023-10-07,Functional,Pass,Minor corrosion
INSP000006315,EQ00002095,2024-05-04,NDT,Conditional,Minor corrosion
INSP000006316,EQ00002095,2024-12-01,Safety Device,Defect Found,Alarm test issue
INSP000006317,EQ00002095,2021-10-29,Visual,Pass,Leak indication
INSP000006318,EQ00002095,2022-02-04,Safety Device,Conditional,None
INSP000006319,EQ00002096,2025-05-20,Electrical,Conditional,Leak indication
INSP000006320,EQ00002096,2022-10-21,Thickness,Pass,None
INSP000006321,EQ00002096,2021-03-25,NDT,Defect Found,None
INSP000006322,EQ00002096,2021-07-04,Functional,Pass,None
INSP000006323,EQ00002097,2026-06-19,Safety Device,Pass,Alarm test issue
INSP000006324,EQ00002097,2024-04-11,Safety Device,Pass,Leak indication
INSP000006325,EQ00002097,2022-01-15,Electrical,Defect Found,Minor corrosion
INSP000006326,EQ00002097,2022-11-30,Safety Device,Pass,Minor corrosion
INSP000006327,EQ00002097,2021-02-28,Functional,Conditional,None
INSP000006328,EQ00002098,2022-01-29,Functional,Defect Found,None
INSP000006329,EQ00002098,2025-04-16,Functional,Pass,None
INSP000006330,EQ00002099,2023-12-28,Functional,Conditional,Minor corrosion
INSP000006331,EQ00002099,2025-03-01,Safety Device,Defect Found,Leak indication
INSP000006332,EQ00002100,2024-10-14,NDT,Conditional,None
INSP000006333,EQ00002100,2021-08-30,Safety Device,Pass,Vibration concern
INSP000006334,EQ00002100,2023-01-16,Functional,Pass,Leak indication
INSP000006335,EQ00002100,2023-07-31,Electrical,Pass,Minor corrosion
INSP000006336,EQ00002101,2026-07-27,Safety Device,Pass,Leak indication
INSP000006337,EQ00002101,2026-07-24,Electrical,Pass,Leak indication
INSP000006338,EQ00002101,2026-01-12,Safety Device,Pass,None
INSP000006339,EQ00002102,2023-10-16,Safety Device,Defect Found,Leak indication
INSP000006340,EQ00002102,2023-06-05,Thickness,Defect Found,None
INSP000006341,EQ00002103,2023-04-17,Safety Device,Defect Found,Vibration concern
INSP000006342,EQ00002103,2023-03-31,Thickness,Pass,Alarm test issue
INSP000006343,EQ00002103,2022-12-30,NDT,Pass,Leak indication
INSP000006344,EQ00002104,2025-11-26,Visual,Pass,Leak indication
INSP000006345,EQ00002104,2021-07-25,Safety Device,Pass,Leak indication
INSP000006346,EQ00002105,2021-07-09,Electrical,Defect Found,Vibration concern
INSP000006347,EQ00002105,2025-12-14,Visual,Pass,None
INSP000006348,EQ00002105,2026-05-11,Safety Device,Pass,Alarm test issue
INSP000006349,EQ00002105,2021-06-26,Thickness,Pass,Vibration concern
INSP000006350,EQ00002105,2021-02-18,Thickness,Pass,Alarm test issue
INSP000006351,EQ00002106,2026-02-28,Visual,Pass,Leak indication
INSP000006352,EQ00002106,2024-10-15,Electrical,Pass,Alarm test issue
INSP000006353,EQ00002106,2021-01-06,NDT,Defect Found,Leak indication
INSP000006354,EQ00002107,2022-10-20,Safety Device,Pass,Vibration concern
INSP000006355,EQ00002107,2023-08-27,Visual,Conditional,Alarm test issue
INSP000006356,EQ00002108,2024-09-27,Functional,Pass,None
INSP000006357,EQ00002108,2026-03-24,Visual,Pass,None
INSP000006358,EQ00002108,2023-11-11,Electrical,Pass,Alarm test issue
INSP000006359,EQ00002109,2026-08-13,Electrical,Pass,Leak indication
INSP000006360,EQ00002109,2024-06-08,NDT,Pass,Minor corrosion
INSP000006361,EQ00002109,2026-01-30,Electrical,Defect Found,Leak indication
INSP000006362,EQ00002110,2021-06-11,Safety Device,Pass,Vibration concern
INSP000006363,EQ00002110,2023-05-30,Visual,Pass,None
INSP000006364,EQ00002110,2023-02-27,Safety Device,Conditional,Leak indication
INSP000006365,EQ00002110,2025-05-24,Visual,Pass,Minor corrosion
INSP000006366,EQ00002111,2021-02-22,Safety Device,Pass,None
INSP000006367,EQ00002111,2026-03-30,Electrical,Pass,Alarm test issue
INSP000006368,EQ00002111,2023-06-27,Thickness,Conditional,Leak indication
INSP000006369,EQ00002111,2024-12-04,Functional,Pass,Leak indication
INSP000006370,EQ00002111,2026-05-10,Functional,Defect Found,Alarm test issue
INSP000006371,EQ00002112,2023-01-03,Thickness,Pass,Minor corrosion
INSP000006372,EQ00002112,2026-08-02,Thickness,Pass,Leak indication
INSP000006373,EQ00002113,2024-03-03,Thickness,Conditional,Leak indication
INSP000006374,EQ00002113,2021-02-26,NDT,Pass,Vibration concern
INSP000006375,EQ00002114,2022-08-05,Thickness,Defect Found,Vibration concern
INSP000006376,EQ00002114,2025-08-18,Safety Device,Pass,Alarm test issue
INSP000006377,EQ00002114,2021-11-20,Thickness,Defect Found,Minor corrosion
INSP000006378,EQ00002115,2023-05-04,Safety Device,Pass,Vibration concern
INSP000006379,EQ00002116,2023-06-06,Visual,Pass,Minor corrosion
INSP000006380,EQ00002116,2022-07-08,Visual,Pass,Alarm test issue
INSP000006381,EQ00002116,2022-04-03,Thickness,Conditional,Vibration concern
INSP000006382,EQ00002116,2023-02-11,Electrical,Pass,Leak indication
INSP000006383,EQ00002116,2024-07-11,Electrical,Pass,None
INSP000006384,EQ00002117,2023-03-09,Visual,Conditional,Vibration concern
INSP000006385,EQ00002117,2024-08-02,Electrical,Pass,None
INSP000006386,EQ00002118,2023-11-08,Safety Device,Pass,Minor corrosion
INSP000006387,EQ00002118,2026-03-31,Functional,Pass,None
INSP000006388,EQ00002119,2025-10-17,Visual,Pass,Minor corrosion
INSP000006389,EQ00002119,2024-08-15,Visual,Pass,Alarm test issue
INSP000006390,EQ00002120,2022-11-08,Thickness,Pass,None
INSP000006391,EQ00002120,2025-06-06,NDT,Conditional,Minor corrosion
INSP000006392,EQ00002120,2021-05-14,Safety Device,Pass,Alarm test issue
INSP000006393,EQ00002121,2021-02-16,Visual,Pass,Alarm test issue
INSP000006394,EQ00002121,2024-03-14,Visual,Conditional,None
INSP000006395,EQ00002121,2024-12-15,Thickness,Pass,None
INSP000006396,EQ00002121,2021-01-15,Thickness,Pass,Alarm test issue
INSP000006397,EQ00002122,2026-07-17,Thickness,Conditional,Leak indication
INSP000006398,EQ00002122,2021-11-29,Thickness,Conditional,None
INSP000006399,EQ00002123,2023-04-06,Electrical,Pass,Vibration concern
INSP000006400,EQ00002123,2023-08-25,Functional,Pass,Alarm test issue
INSP000006401,EQ00002123,2022-10-26,NDT,Pass,Vibration concern
INSP000006402,EQ00002123,2026-07-09,Visual,Defect Found,None
INSP000006403,EQ00002123,2024-05-08,Safety Device,Pass,Vibration concern
INSP000006404,EQ00002124,2025-05-27,Safety Device,Pass,Leak indication
INSP000006405,EQ00002124,2025-12-08,NDT,Pass,None
INSP000006406,EQ00002124,2025-03-01,Visual,Pass,Vibration concern
INSP000006407,EQ00002124,2021-04-15,Safety Device,Pass,Alarm test issue
INSP000006408,EQ00002125,2024-02-29,Visual,Pass,Leak indication
INSP000006409,EQ00002125,2023-01-09,Functional,Pass,Leak indication
INSP000006410,EQ00002125,2026-07-07,Functional,Pass,Minor corrosion
INSP000006411,EQ00002126,2021-02-24,Thickness,Defect Found,Leak indication
INSP000006412,EQ00002126,2025-08-29,Thickness,Pass,Vibration concern
INSP000006413,EQ00002126,2025-08-15,Visual,Pass,Minor corrosion
INSP000006414,EQ00002127,2025-05-05,NDT,Defect Found,Vibration concern
INSP000006415,EQ00002127,2021-03-25,Safety Device,Defect Found,Vibration concern
INSP000006416,EQ00002127,2023-02-25,Safety Device,Pass,Minor corrosion
INSP000006417,EQ00002127,2021-11-18,Thickness,Pass,Leak indication
INSP000006418,EQ00002127,2021-07-23,NDT,Pass,Leak indication
INSP000006419,EQ00002128,2021-02-04,Visual,Pass,None
INSP000006420,EQ00002128,2021-10-18,NDT,Conditional,None
INSP000006421,EQ00002128,2022-01-10,Visual,Pass,Vibration concern
INSP000006422,EQ00002128,2023-08-25,Electrical,Pass,Alarm test issue
INSP000006423,EQ00002129,2023-12-07,NDT,Conditional,None
INSP000006424,EQ00002129,2025-07-04,NDT,Pass,Leak indication
INSP000006425,EQ00002129,2026-04-18,Visual,Defect Found,Alarm test issue
INSP000006426,EQ00002129,2026-07-18,Safety Device,Pass,Vibration concern
INSP000006427,EQ00002129,2021-09-27,NDT,Pass,Minor corrosion
INSP000006428,EQ00002130,2025-06-16,Thickness,Pass,Alarm test issue
INSP000006429,EQ00002130,2021-02-21,Functional,Pass,Alarm test issue
INSP000006430,EQ00002130,2026-07-01,Safety Device,Conditional,None
INSP000006431,EQ00002130,2022-10-18,Functional,Pass,Vibration concern
INSP000006432,EQ00002130,2022-10-07,Safety Device,Pass,Leak indication
INSP000006433,EQ00002131,2022-09-12,Electrical,Conditional,Alarm test issue
INSP000006434,EQ00002131,2022-08-31,Visual,Conditional,None
INSP000006435,EQ00002131,2026-06-19,Safety Device,Defect Found,Vibration concern
INSP000006436,EQ00002131,2023-06-15,NDT,Pass,Minor corrosion
INSP000006437,EQ00002132,2024-02-07,NDT,Conditional,Alarm test issue
INSP000006438,EQ00002133,2021-09-06,Electrical,Pass,Minor corrosion
INSP000006439,EQ00002133,2022-03-08,Electrical,Conditional,Leak indication
INSP000006440,EQ00002133,2024-03-21,Electrical,Conditional,Leak indication
INSP000006441,EQ00002134,2024-02-11,Electrical,Pass,Minor corrosion
INSP000006442,EQ00002134,2023-11-29,Thickness,Pass,Vibration concern
INSP000006443,EQ00002134,2022-11-10,Thickness,Defect Found,None
INSP000006444,EQ00002134,2025-12-09,NDT,Pass,Leak indication
INSP000006445,EQ00002134,2026-08-07,Electrical,Pass,Minor corrosion
INSP000006446,EQ00002135,2026-03-30,Thickness,Pass,Minor corrosion
INSP000006447,EQ00002136,2026-05-21,Safety Device,Pass,Minor corrosion
INSP000006448,EQ00002136,2025-03-23,Thickness,Pass,Vibration concern
INSP000006449,EQ00002136,2021-05-19,Visual,Pass,Vibration concern
INSP000006450,EQ00002137,2021-05-15,Visual,Pass,Vibration concern
INSP000006451,EQ00002138,2025-08-13,Safety Device,Pass,None
INSP000006452,EQ00002138,2024-05-30,Safety Device,Defect Found,None
INSP000006453,EQ00002139,2023-12-01,Electrical,Conditional,Vibration concern
INSP000006454,EQ00002139,2025-05-09,Safety Device,Conditional,Minor corrosion
INSP000006455,EQ00002139,2022-01-14,Visual,Pass,None
INSP000006456,EQ00002140,2024-02-27,Thickness,Conditional,Vibration concern
INSP000006457,EQ00002141,2025-03-26,Electrical,Pass,Minor corrosion
INSP000006458,EQ00002141,2024-11-12,NDT,Pass,Alarm test issue
INSP000006459,EQ00002141,2022-05-24,Electrical,Pass,Minor corrosion
INSP000006460,EQ00002142,2023-01-28,Safety Device,Pass,Vibration concern
INSP000006461,EQ00002142,2025-02-02,Thickness,Pass,Alarm test issue
INSP000006462,EQ00002142,2025-08-05,Functional,Conditional,Alarm test issue
INSP000006463,EQ00002142,2024-04-15,Safety Device,Pass,Leak indication
INSP000006464,EQ00002142,2025-09-29,Visual,Pass,Leak indication
INSP000006465,EQ00002143,2022-03-04,NDT,Defect Found,Leak indication
INSP000006466,EQ00002143,2025-09-15,Functional,Conditional,Vibration concern
INSP000006467,EQ00002143,2021-01-16,Thickness,Pass,Vibration concern
INSP000006468,EQ00002144,2026-04-27,Safety Device,Pass,Minor corrosion
INSP000006469,EQ00002144,2023-03-14,NDT,Defect Found,Minor corrosion
INSP000006470,EQ00002144,2025-01-10,Functional,Pass,Alarm test issue
INSP000006471,EQ00002144,2023-09-25,Thickness,Defect Found,None
INSP000006472,EQ00002144,2021-02-03,NDT,Pass,Leak indication
INSP000006473,EQ00002145,2026-06-20,Visual,Pass,Vibration concern
INSP000006474,EQ00002145,2023-10-25,Safety Device,Pass,Leak indication
INSP000006475,EQ00002146,2023-07-11,Visual,Defect Found,Leak indication
INSP000006476,EQ00002146,2026-08-14,Visual,Pass,Alarm test issue
INSP000006477,EQ00002146,2021-04-10,Thickness,Conditional,Vibration concern
INSP000006478,EQ00002146,2024-11-25,Safety Device,Pass,None
INSP000006479,EQ00002146,2021-02-23,NDT,Defect Found,None
INSP000006480,EQ00002147,2024-05-29,Functional,Conditional,None
INSP000006481,EQ00002147,2024-04-18,Thickness,Pass,None
INSP000006482,EQ00002147,2022-06-15,Visual,Pass,None
INSP000006483,EQ00002147,2021-03-01,Functional,Pass,None
INSP000006484,EQ00002147,2026-06-26,Visual,Conditional,Alarm test issue
INSP000006485,EQ00002148,2022-08-03,Functional,Pass,None
INSP000006486,EQ00002148,2021-04-07,Electrical,Pass,Alarm test issue
INSP000006487,EQ00002148,2022-09-17,Safety Device,Pass,Vibration concern
INSP000006488,EQ00002149,2022-06-10,Thickness,Conditional,Leak indication
INSP000006489,EQ00002149,2022-06-11,Visual,Defect Found,Vibration concern
INSP000006490,EQ00002149,2021-03-14,Visual,Pass,Vibration concern
INSP000006491,EQ00002149,2024-10-04,Functional,Conditional,Vibration concern
INSP000006492,EQ00002149,2023-04-10,Electrical,Pass,Vibration concern
INSP000006493,EQ00002150,2026-07-24,Thickness,Conditional,Alarm test issue
INSP000006494,EQ00002150,2024-12-07,Safety Device,Pass,Alarm test issue
INSP000006495,EQ00002150,2021-04-26,Visual,Pass,Vibration concern
INSP000006496,EQ00002150,2022-12-16,Functional,Pass,Alarm test issue
INSP000006497,EQ00002151,2022-08-11,Electrical,Pass,Minor corrosion
INSP000006498,EQ00002151,2021-06-26,Safety Device,Pass,Vibration concern
INSP000006499,EQ00002151,2023-02-15,NDT,Pass,Leak indication
INSP000006500,EQ00002152,2021-09-25,Safety Device,Pass,Minor corrosion
INSP000006501,EQ00002152,2022-08-18,NDT,Pass,Minor corrosion
INSP000006502,EQ00002152,2023-05-04,Thickness,Pass,None
INSP000006503,EQ00002153,2021-02-14,Functional,Pass,Alarm test issue
INSP000006504,EQ00002153,2026-05-05,Thickness,Defect Found,Minor corrosion
INSP000006505,EQ00002153,2021-07-21,Thickness,Pass,Leak indication
INSP000006506,EQ00002154,2025-01-08,Functional,Conditional,Minor corrosion
INSP000006507,EQ00002155,2024-05-21,NDT,Pass,Vibration concern
INSP000006508,EQ00002155,2026-08-23,Electrical,Pass,Alarm test issue
INSP000006509,EQ00002155,2021-09-22,Visual,Pass,Vibration concern
INSP000006510,EQ00002155,2022-10-02,NDT,Pass,Vibration concern
INSP000006511,EQ00002155,2026-06-28,Visual,Pass,Leak indication
INSP000006512,EQ00002156,2023-12-27,NDT,Pass,Vibration concern
INSP000006513,EQ00002156,2023-07-17,NDT,Defect Found,None
INSP000006514,EQ00002157,2024-05-13,NDT,Pass,Leak indication
INSP000006515,EQ00002158,2021-01-26,Electrical,Pass,Vibration concern
INSP000006516,EQ00002158,2023-08-20,Safety Device,Pass,Alarm test issue
INSP000006517,EQ00002158,2021-03-26,Electrical,Pass,Vibration concern
INSP000006518,EQ00002158,2025-05-27,Safety Device,Pass,Vibration concern
INSP000006519,EQ00002159,2024-10-23,Functional,Pass,Minor corrosion
INSP000006520,EQ00002159,2023-08-05,Functional,Pass,Vibration concern
INSP000006521,EQ00002159,2021-09-18,Safety Device,Conditional,Alarm test issue
INSP000006522,EQ00002159,2021-02-23,Thickness,Pass,Leak indication
INSP000006523,EQ00002160,2024-08-06,Thickness,Pass,None
INSP000006524,EQ00002161,2024-12-27,Safety Device,Conditional,Alarm test issue
INSP000006525,EQ00002161,2022-04-05,Functional,Conditional,None
INSP000006526,EQ00002161,2023-09-06,Functional,Pass,None
INSP000006527,EQ00002161,2024-07-10,Visual,Pass,None
INSP000006528,EQ00002161,2021-09-18,NDT,Defect Found,None
INSP000006529,EQ00002162,2021-04-03,Visual,Pass,None
INSP000006530,EQ00002162,2022-08-08,Visual,Conditional,Minor corrosion
INSP000006531,EQ00002162,2024-02-02,NDT,Pass,Alarm test issue
INSP000006532,EQ00002163,2025-09-26,Electrical,Pass,Vibration concern
INSP000006533,EQ00002164,2022-05-25,Safety Device,Defect Found,None
INSP000006534,EQ00002164,2024-08-19,Safety Device,Defect Found,Vibration concern
INSP000006535,EQ00002164,2023-09-06,NDT,Pass,Minor corrosion
INSP000006536,EQ00002164,2024-10-30,Safety Device,Pass,Alarm test issue
INSP000006537,EQ00002164,2021-08-15,Electrical,Pass,Leak indication
INSP000006538,EQ00002165,2025-09-03,NDT,Conditional,Vibration concern
INSP000006539,EQ00002165,2022-12-17,Thickness,Pass,Alarm test issue
INSP000006540,EQ00002165,2024-03-08,NDT,Pass,None
INSP000006541,EQ00002166,2023-09-01,Electrical,Pass,Vibration concern
INSP000006542,EQ00002167,2024-07-19,Electrical,Pass,Alarm test issue
INSP000006543,EQ00002167,2021-10-01,Safety Device,Pass,Minor corrosion
INSP000006544,EQ00002168,2025-03-23,Electrical,Conditional,Alarm test issue
INSP000006545,EQ00002169,2022-08-21,Visual,Pass,Alarm test issue
INSP000006546,EQ00002169,2022-12-30,Functional,Conditional,Minor corrosion
INSP000006547,EQ00002170,2026-05-11,Visual,Pass,None
INSP000006548,EQ00002170,2021-12-15,Safety Device,Pass,Vibration concern
INSP000006549,EQ00002170,2021-09-22,Visual,Pass,Alarm test issue
INSP000006550,EQ00002171,2021-11-03,Safety Device,Pass,Leak indication
INSP000006551,EQ00002171,2023-09-04,NDT,Pass,Vibration concern
INSP000006552,EQ00002171,2021-10-01,Safety Device,Pass,Minor corrosion
INSP000006553,EQ00002171,2022-03-19,Visual,Defect Found,None
INSP000006554,EQ00002172,2024-06-08,Safety Device,Pass,Vibration concern
INSP000006555,EQ00002172,2022-06-24,Thickness,Conditional,Leak indication
INSP000006556,EQ00002172,2025-06-07,Safety Device,Pass,Vibration concern
INSP000006557,EQ00002172,2024-12-18,Safety Device,Pass,None
INSP000006558,EQ00002172,2024-04-11,NDT,Defect Found,Alarm test issue
INSP000006559,EQ00002173,2022-09-20,NDT,Pass,Alarm test issue
INSP000006560,EQ00002174,2023-06-23,NDT,Pass,Alarm test issue
INSP000006561,EQ00002174,2022-09-05,Functional,Conditional,Leak indication
INSP000006562,EQ00002174,2025-03-16,Visual,Defect Found,Vibration concern
INSP000006563,EQ00002174,2026-01-18,Visual,Pass,Minor corrosion
INSP000006564,EQ00002174,2023-07-27,Visual,Conditional,None
INSP000006565,EQ00002175,2022-05-02,Visual,Defect Found,None
INSP000006566,EQ00002176,2023-08-01,NDT,Conditional,Alarm test issue
INSP000006567,EQ00002176,2025-11-10,Visual,Pass,Alarm test issue
INSP000006568,EQ00002176,2021-07-29,Safety Device,Pass,Leak indication
INSP000006569,EQ00002176,2025-02-28,NDT,Pass,Leak indication
INSP000006570,EQ00002176,2024-01-02,Functional,Conditional,Alarm test issue
INSP000006571,EQ00002177,2024-05-26,Thickness,Pass,Vibration concern
INSP000006572,EQ00002177,2022-07-08,Safety Device,Pass,Minor corrosion
INSP000006573,EQ00002177,2022-06-09,Safety Device,Pass,Alarm test issue
INSP000006574,EQ00002177,2023-05-17,NDT,Pass,None
INSP000006575,EQ00002178,2022-06-03,Functional,Defect Found,Vibration concern
INSP000006576,EQ00002179,2026-01-11,NDT,Pass,Minor corrosion
INSP000006577,EQ00002179,2024-02-18,NDT,Pass,None
INSP000006578,EQ00002180,2024-10-16,Functional,Defect Found,Vibration concern
INSP000006579,EQ00002180,2024-10-01,NDT,Pass,None
INSP000006580,EQ00002181,2022-01-02,Electrical,Defect Found,Minor corrosion
INSP000006581,EQ00002181,2022-01-30,Safety Device,Pass,Minor corrosion
INSP000006582,EQ00002181,2025-10-24,Functional,Defect Found,Minor corrosion
INSP000006583,EQ00002181,2021-09-04,Visual,Defect Found,None
INSP000006584,EQ00002182,2026-08-28,Electrical,Conditional,Leak indication
INSP000006585,EQ00002183,2026-02-11,Functional,Pass,Alarm test issue
INSP000006586,EQ00002184,2025-11-21,Functional,Conditional,Minor corrosion
INSP000006587,EQ00002184,2025-07-16,Electrical,Pass,Alarm test issue
INSP000006588,EQ00002184,2024-03-30,Functional,Pass,None
INSP000006589,EQ00002184,2026-03-31,Safety Device,Pass,None
INSP000006590,EQ00002184,2026-05-03,Safety Device,Pass,Alarm test issue
INSP000006591,EQ00002185,2025-05-18,Electrical,Pass,Vibration concern
INSP000006592,EQ00002185,2023-04-21,Safety Device,Conditional,None
INSP000006593,EQ00002185,2024-05-11,Thickness,Pass,None
INSP000006594,EQ00002185,2021-07-05,Functional,Defect Found,Leak indication
INSP000006595,EQ00002186,2021-09-14,NDT,Pass,Alarm test issue
INSP000006596,EQ00002187,2025-10-30,NDT,Pass,Vibration concern
INSP000006597,EQ00002187,2026-03-20,Thickness,Pass,Alarm test issue
INSP000006598,EQ00002187,2022-02-25,Visual,Conditional,Alarm test issue
INSP000006599,EQ00002187,2026-01-27,Visual,Defect Found,Leak indication
INSP000006600,EQ00002188,2026-06-13,Thickness,Conditional,Alarm test issue
INSP000006601,EQ00002188,2024-01-17,Safety Device,Conditional,Vibration concern
INSP000006602,EQ00002189,2024-03-13,Functional,Conditional,None
INSP000006603,EQ00002189,2024-02-03,Thickness,Conditional,None
INSP000006604,EQ00002189,2025-01-16,Visual,Conditional,None
INSP000006605,EQ00002189,2021-03-18,Safety Device,Pass,Alarm test issue
INSP000006606,EQ00002190,2025-12-23,Thickness,Defect Found,Minor corrosion
INSP000006607,EQ00002190,2022-06-06,NDT,Pass,Minor corrosion
INSP000006608,EQ00002190,2025-11-08,Electrical,Pass,Alarm test issue
INSP000006609,EQ00002190,2023-06-16,Safety Device,Defect Found,Alarm test issue
INSP000006610,EQ00002190,2023-03-27,Functional,Pass,None
INSP000006611,EQ00002191,2022-07-22,NDT,Pass,Leak indication
INSP000006612,EQ00002191,2022-10-30,Safety Device,Pass,Leak indication
INSP000006613,EQ00002191,2024-03-27,Visual,Conditional,None
INSP000006614,EQ00002191,2021-10-23,Thickness,Pass,Alarm test issue
INSP000006615,EQ00002192,2026-06-18,Electrical,Conditional,Alarm test issue
INSP000006616,EQ00002192,2023-02-28,Thickness,Defect Found,Alarm test issue
INSP000006617,EQ00002192,2025-10-19,Electrical,Pass,None
INSP000006618,EQ00002193,2021-02-26,NDT,Pass,Leak indication
INSP000006619,EQ00002193,2023-01-02,Thickness,Pass,Vibration concern
INSP000006620,EQ00002193,2023-05-17,Thickness,Pass,Alarm test issue
INSP000006621,EQ00002193,2024-01-03,Visual,Pass,Vibration concern
INSP000006622,EQ00002193,2022-10-28,Thickness,Defect Found,Leak indication
INSP000006623,EQ00002194,2022-09-22,NDT,Pass,Alarm test issue
INSP000006624,EQ00002194,2024-07-23,Visual,Pass,None
INSP000006625,EQ00002194,2023-07-23,Safety Device,Pass,Vibration concern
INSP000006626,EQ00002194,2025-01-08,Visual,Pass,Minor corrosion
INSP000006627,EQ00002194,2026-07-15,Electrical,Conditional,Alarm test issue
INSP000006628,EQ00002195,2021-08-11,Thickness,Conditional,Vibration concern
INSP000006629,EQ00002195,2022-08-23,Thickness,Pass,Vibration concern
INSP000006630,EQ00002195,2025-04-16,Thickness,Pass,Alarm test issue
INSP000006631,EQ00002196,2023-07-01,Thickness,Pass,Minor corrosion
INSP000006632,EQ00002196,2024-06-15,Functional,Pass,Alarm test issue
INSP000006633,EQ00002196,2023-06-27,Thickness,Conditional,Minor corrosion
INSP000006634,EQ00002196,2025-09-10,Safety Device,Pass,Vibration concern
INSP000006635,EQ00002196,2021-11-16,Thickness,Defect Found,Vibration concern
INSP000006636,EQ00002197,2026-04-18,Thickness,Pass,Alarm test issue
INSP000006637,EQ00002197,2021-02-24,Visual,Pass,Leak indication
INSP000006638,EQ00002197,2025-10-09,NDT,Pass,Leak indication
INSP000006639,EQ00002198,2022-12-15,Safety Device,Defect Found,Minor corrosion
INSP000006640,EQ00002198,2025-02-17,Thickness,Pass,Minor corrosion
INSP000006641,EQ00002198,2021-03-13,Thickness,Conditional,Leak indication
INSP000006642,EQ00002198,2021-12-13,Visual,Conditional,Minor corrosion
INSP000006643,EQ00002199,2021-08-27,NDT,Pass,None
INSP000006644,EQ00002200,2024-12-01,NDT,Pass,None
INSP000006645,EQ00002200,2021-09-07,Functional,Pass,Alarm test issue
INSP000006646,EQ00002200,2023-12-31,Thickness,Pass,Vibration concern
INSP000006647,EQ00002200,2025-02-12,Functional,Conditional,None
INSP000006648,EQ00002201,2022-06-07,Visual,Pass,Leak indication
INSP000006649,EQ00002201,2025-11-05,Visual,Pass,Leak indication
INSP000006650,EQ00002202,2025-08-09,Functional,Defect Found,Leak indication
INSP000006651,EQ00002202,2021-12-17,Functional,Conditional,Minor corrosion
INSP000006652,EQ00002202,2024-08-18,Functional,Defect Found,Alarm test issue
INSP000006653,EQ00002202,2023-10-24,Safety Device,Pass,Leak indication
INSP000006654,EQ00002203,2025-09-13,Electrical,Conditional,Vibration concern
INSP000006655,EQ00002203,2024-07-07,Thickness,Pass,None
INSP000006656,EQ00002203,2023-08-15,Safety Device,Pass,None
INSP000006657,EQ00002203,2025-09-22,Electrical,Pass,Minor corrosion
INSP000006658,EQ00002204,2023-06-07,Safety Device,Conditional,Minor corrosion
INSP000006659,EQ00002205,2023-02-03,Electrical,Pass,Vibration concern
INSP000006660,EQ00002205,2021-03-12,Electrical,Pass,Alarm test issue
INSP000006661,EQ00002205,2022-12-26,Safety Device,Defect Found,Leak indication
INSP000006662,EQ00002205,2024-09-28,Electrical,Pass,Minor corrosion
INSP000006663,EQ00002206,2025-12-26,Safety Device,Pass,Minor corrosion
INSP000006664,EQ00002206,2021-07-11,Electrical,Conditional,Alarm test issue
INSP000006665,EQ00002206,2024-01-26,Safety Device,Pass,Alarm test issue
INSP000006666,EQ00002207,2025-11-03,NDT,Pass,Minor corrosion
INSP000006667,EQ00002207,2022-04-21,Visual,Pass,Vibration concern
INSP000006668,EQ00002207,2024-12-25,Thickness,Pass,None
INSP000006669,EQ00002207,2022-01-18,Functional,Defect Found,Minor corrosion
INSP000006670,EQ00002208,2022-01-25,NDT,Pass,Leak indication
INSP000006671,EQ00002208,2022-02-22,Safety Device,Pass,Minor corrosion
INSP000006672,EQ00002208,2023-10-28,Visual,Pass,Minor corrosion
INSP000006673,EQ00002209,2025-09-01,Visual,Conditional,Leak indication
INSP000006674,EQ00002209,2021-05-12,Electrical,Pass,Leak indication
INSP000006675,EQ00002209,2021-11-28,NDT,Pass,Leak indication
INSP000006676,EQ00002209,2024-03-05,Thickness,Defect Found,Vibration concern
INSP000006677,EQ00002210,2025-05-17,Electrical,Pass,Alarm test issue
INSP000006678,EQ00002211,2023-05-13,NDT,Pass,Leak indication
INSP000006679,EQ00002211,2025-09-25,Safety Device,Pass,Minor corrosion
INSP000006680,EQ00002211,2022-07-25,Safety Device,Pass,Alarm test issue
INSP000006681,EQ00002211,2023-12-22,Safety Device,Pass,None
INSP000006682,EQ00002212,2026-06-07,Thickness,Conditional,Minor corrosion
INSP000006683,EQ00002212,2023-08-20,Thickness,Pass,None
INSP000006684,EQ00002212,2025-02-20,Electrical,Defect Found,Alarm test issue
INSP000006685,EQ00002212,2022-07-29,Thickness,Conditional,None
INSP000006686,EQ00002212,2021-11-19,NDT,Pass,Leak indication
INSP000006687,EQ00002213,2025-05-11,NDT,Conditional,Leak indication
INSP000006688,EQ00002214,2026-06-16,NDT,Defect Found,Minor corrosion
INSP000006689,EQ00002215,2024-08-20,NDT,Defect Found,Leak indication
INSP000006690,EQ00002216,2024-01-23,Visual,Conditional,Leak indication
INSP000006691,EQ00002217,2026-06-02,Thickness,Pass,Vibration concern
INSP000006692,EQ00002217,2024-10-29,NDT,Pass,Vibration concern
INSP000006693,EQ00002218,2024-11-15,Electrical,Conditional,Minor corrosion
INSP000006694,EQ00002218,2024-03-07,Thickness,Conditional,Minor corrosion
INSP000006695,EQ00002218,2023-12-25,Electrical,Pass,Minor corrosion
INSP000006696,EQ00002218,2021-07-28,Functional,Defect Found,Vibration concern
INSP000006697,EQ00002218,2022-04-27,Functional,Defect Found,Minor corrosion
INSP000006698,EQ00002219,2025-06-04,Safety Device,Pass,Minor corrosion
INSP000006699,EQ00002220,2024-04-11,Safety Device,Defect Found,Alarm test issue
INSP000006700,EQ00002221,2023-08-11,Electrical,Pass,Minor corrosion
INSP000006701,EQ00002222,2021-05-29,Thickness,Pass,None
INSP000006702,EQ00002222,2023-10-19,Visual,Pass,Vibration concern
INSP000006703,EQ00002223,2022-11-13,Safety Device,Pass,Alarm test issue
INSP000006704,EQ00002223,2021-08-19,Safety Device,Defect Found,Vibration concern
INSP000006705,EQ00002224,2022-10-06,Visual,Pass,Alarm test issue
INSP000006706,EQ00002224,2025-01-02,Safety Device,Conditional,Leak indication
INSP000006707,EQ00002224,2026-07-20,Thickness,Pass,Minor corrosion
INSP000006708,EQ00002225,2026-04-28,Electrical,Pass,Minor corrosion
INSP000006709,EQ00002226,2024-06-03,Functional,Pass,Minor corrosion
INSP000006710,EQ00002226,2021-08-04,NDT,Pass,Leak indication
INSP000006711,EQ00002226,2024-10-28,NDT,Pass,None
INSP000006712,EQ00002226,2023-07-30,Thickness,Pass,None
INSP000006713,EQ00002226,2023-07-31,Functional,Pass,Leak indication
INSP000006714,EQ00002227,2023-03-26,Electrical,Pass,Vibration concern
INSP000006715,EQ00002227,2021-03-21,Safety Device,Pass,Minor corrosion
INSP000006716,EQ00002227,2024-12-19,NDT,Pass,Leak indication
INSP000006717,EQ00002228,2024-06-16,Thickness,Conditional,Vibration concern
INSP000006718,EQ00002228,2023-09-07,Thickness,Defect Found,Vibration concern
INSP000006719,EQ00002228,2025-05-24,Functional,Conditional,Alarm test issue
INSP000006720,EQ00002229,2021-11-05,Electrical,Pass,Minor corrosion
INSP000006721,EQ00002229,2022-06-19,Safety Device,Defect Found,Alarm test issue
INSP000006722,EQ00002229,2022-08-12,Functional,Pass,Minor corrosion
INSP000006723,EQ00002229,2022-04-21,NDT,Pass,None
INSP000006724,EQ00002229,2025-09-30,Thickness,Pass,None
INSP000006725,EQ00002230,2025-04-04,Functional,Pass,Vibration concern
INSP000006726,EQ00002230,2026-01-03,Functional,Conditional,Leak indication
INSP000006727,EQ00002230,2024-02-02,Visual,Pass,Alarm test issue
INSP000006728,EQ00002231,2023-03-03,Functional,Pass,Leak indication
INSP000006729,EQ00002231,2022-07-01,Functional,Pass,Minor corrosion
INSP000006730,EQ00002231,2026-03-25,Functional,Pass,Minor corrosion
INSP000006731,EQ00002231,2025-11-22,Electrical,Pass,Leak indication
INSP000006732,EQ00002231,2026-02-21,Visual,Pass,Vibration concern
INSP000006733,EQ00002232,2023-09-22,Thickness,Pass,Leak indication
INSP000006734,EQ00002232,2025-03-09,Functional,Pass,Minor corrosion
INSP000006735,EQ00002232,2025-09-17,Visual,Defect Found,None
INSP000006736,EQ00002232,2025-04-05,Functional,Pass,None
INSP000006737,EQ00002233,2023-08-19,Functional,Pass,Alarm test issue
INSP000006738,EQ00002234,2026-04-21,Visual,Pass,None
INSP000006739,EQ00002234,2024-03-01,Safety Device,Pass,Alarm test issue
INSP000006740,EQ00002234,2022-04-10,Visual,Pass,Minor corrosion
INSP000006741,EQ00002234,2025-11-29,NDT,Pass,Alarm test issue
INSP000006742,EQ00002235,2026-08-04,Functional,Conditional,Vibration concern
INSP000006743,EQ00002235,2024-02-09,Functional,Pass,Alarm test issue
INSP000006744,EQ00002236,2023-09-06,NDT,Pass,None
INSP000006745,EQ00002237,2025-05-28,Electrical,Pass,Alarm test issue
INSP000006746,EQ00002237,2021-07-06,Safety Device,Pass,Alarm test issue
INSP000006747,EQ00002237,2026-07-26,Thickness,Pass,Alarm test issue
INSP000006748,EQ00002237,2021-04-06,Thickness,Conditional,Alarm test issue
INSP000006749,EQ00002237,2022-07-01,Safety Device,Pass,Alarm test issue
INSP000006750,EQ00002238,2024-07-02,Safety Device,Pass,Vibration concern
INSP000006751,EQ00002239,2021-01-06,Safety Device,Pass,None
INSP000006752,EQ00002239,2023-01-24,Functional,Pass,None
INSP000006753,EQ00002239,2022-12-30,Visual,Defect Found,Vibration concern
INSP000006754,EQ00002239,2024-03-18,NDT,Conditional,Leak indication
INSP000006755,EQ00002239,2022-05-05,NDT,Pass,None
INSP000006756,EQ00002240,2024-11-08,Thickness,Pass,None
INSP000006757,EQ00002240,2022-10-12,Thickness,Defect Found,Vibration concern
INSP000006758,EQ00002240,2023-06-04,Thickness,Conditional,Minor corrosion
INSP000006759,EQ00002240,2023-02-20,Safety Device,Pass,Leak indication
INSP000006760,EQ00002240,2023-06-13,Functional,Pass,Leak indication
INSP000006761,EQ00002241,2025-08-04,Functional,Pass,Minor corrosion
INSP000006762,EQ00002242,2021-05-11,Functional,Pass,Leak indication
INSP000006763,EQ00002242,2022-01-28,NDT,Defect Found,None
INSP000006764,EQ00002242,2021-06-23,NDT,Pass,None
INSP000006765,EQ00002242,2023-10-05,Safety Device,Pass,Leak indication
INSP000006766,EQ00002242,2026-03-13,Visual,Pass,Alarm test issue
INSP000006767,EQ00002243,2023-09-11,Functional,Pass,Vibration concern
INSP000006768,EQ00002243,2023-01-11,Safety Device,Pass,Alarm test issue
INSP000006769,EQ00002244,2022-09-03,Functional,Conditional,None
INSP000006770,EQ00002244,2025-09-12,Functional,Pass,Alarm test issue
INSP000006771,EQ00002244,2025-08-01,Thickness,Conditional,Vibration concern
INSP000006772,EQ00002244,2021-12-01,Functional,Conditional,Alarm test issue
INSP000006773,EQ00002244,2024-02-06,Safety Device,Pass,Vibration concern
INSP000006774,EQ00002245,2021-01-22,Electrical,Pass,Minor corrosion
INSP000006775,EQ00002245,2021-07-29,Thickness,Pass,Leak indication
INSP000006776,EQ00002245,2022-04-28,Thickness,Defect Found,Leak indication
INSP000006777,EQ00002245,2023-11-10,Electrical,Defect Found,Minor corrosion
INSP000006778,EQ00002245,2021-11-26,Electrical,Pass,Leak indication
INSP000006779,EQ00002246,2026-01-27,Visual,Pass,Alarm test issue
INSP000006780,EQ00002246,2022-01-25,Safety Device,Pass,None
INSP000006781,EQ00002247,2022-12-30,Safety Device,Pass,Minor corrosion
INSP000006782,EQ00002247,2021-03-27,Visual,Conditional,None
INSP000006783,EQ00002248,2025-11-23,Electrical,Pass,Alarm test issue
INSP000006784,EQ00002248,2022-02-14,Safety Device,Conditional,Alarm test issue
INSP000006785,EQ00002248,2022-02-08,Visual,Pass,Minor corrosion
INSP000006786,EQ00002248,2022-04-30,Visual,Pass,Leak indication
INSP000006787,EQ00002249,2022-11-28,Thickness,Defect Found,Vibration concern
INSP000006788,EQ00002249,2025-06-26,NDT,Pass,Minor corrosion
INSP000006789,EQ00002249,2024-08-10,Thickness,Defect Found,None
INSP000006790,EQ00002249,2026-05-31,Visual,Pass,None
INSP000006791,EQ00002249,2024-11-26,Safety Device,Pass,Alarm test issue
INSP000006792,EQ00002250,2024-07-22,Electrical,Pass,Alarm test issue
INSP000006793,EQ00002251,2024-08-20,Visual,Pass,Vibration concern
INSP000006794,EQ00002251,2025-05-10,Electrical,Pass,Minor corrosion
INSP000006795,EQ00002251,2024-10-22,Visual,Pass,Vibration concern
INSP000006796,EQ00002251,2023-05-05,Thickness,Pass,Vibration concern
INSP000006797,EQ00002251,2023-01-27,NDT,Conditional,Alarm test issue
INSP000006798,EQ00002252,2023-06-13,Visual,Pass,Leak indication
INSP000006799,EQ00002252,2023-05-26,Thickness,Defect Found,Alarm test issue
INSP000006800,EQ00002252,2025-10-30,Electrical,Pass,Vibration concern
INSP000006801,EQ00002253,2021-11-28,Thickness,Defect Found,Leak indication
INSP000006802,EQ00002253,2026-06-11,Visual,Pass,Minor corrosion
INSP000006803,EQ00002253,2025-12-18,Functional,Conditional,Minor corrosion
INSP000006804,EQ00002253,2025-04-11,NDT,Defect Found,Vibration concern
INSP000006805,EQ00002254,2024-12-14,Safety Device,Pass,Alarm test issue
INSP000006806,EQ00002254,2023-11-01,Safety Device,Pass,Alarm test issue
INSP000006807,EQ00002254,2022-01-01,Thickness,Pass,Leak indication
INSP000006808,EQ00002254,2024-01-26,Electrical,Defect Found,Leak indication
INSP000006809,EQ00002254,2024-07-22,Functional,Pass,Minor corrosion
INSP000006810,EQ00002255,2022-05-02,Thickness,Defect Found,Leak indication
INSP000006811,EQ00002255,2023-05-26,Thickness,Pass,Minor corrosion
INSP000006812,EQ00002255,2026-06-27,Visual,Pass,Alarm test issue
INSP000006813,EQ00002255,2023-05-10,Functional,Pass,Vibration concern
INSP000006814,EQ00002256,2021-08-17,NDT,Pass,Leak indication
INSP000006815,EQ00002256,2021-03-09,NDT,Defect Found,None
INSP000006816,EQ00002256,2024-04-03,Electrical,Pass,Alarm test issue
INSP000006817,EQ00002257,2021-12-26,Electrical,Pass,Leak indication
INSP000006818,EQ00002258,2024-07-01,Safety Device,Conditional,Vibration concern
INSP000006819,EQ00002258,2021-07-23,Functional,Pass,None
INSP000006820,EQ00002258,2026-07-12,Safety Device,Conditional,None
INSP000006821,EQ00002258,2025-11-05,Functional,Pass,None
INSP000006822,EQ00002258,2025-08-31,Electrical,Pass,Alarm test issue
INSP000006823,EQ00002259,2025-03-19,Safety Device,Pass,None
INSP000006824,EQ00002259,2024-07-19,Safety Device,Conditional,Alarm test issue
INSP000006825,EQ00002260,2023-09-29,Functional,Pass,Minor corrosion
INSP000006826,EQ00002261,2021-09-05,Safety Device,Conditional,None
INSP000006827,EQ00002261,2024-04-01,Functional,Pass,Leak indication
INSP000006828,EQ00002261,2024-11-15,Safety Device,Pass,Minor corrosion
INSP000006829,EQ00002262,2025-01-07,Thickness,Pass,None
INSP000006830,EQ00002262,2025-01-02,Functional,Pass,Vibration concern
INSP000006831,EQ00002263,2025-11-30,Electrical,Pass,Alarm test issue
INSP000006832,EQ00002263,2022-08-22,Visual,Defect Found,Vibration concern
INSP000006833,EQ00002263,2025-01-20,NDT,Pass,None
INSP000006834,EQ00002263,2022-09-07,Thickness,Defect Found,Alarm test issue
INSP000006835,EQ00002264,2026-06-23,Visual,Pass,Vibration concern
INSP000006836,EQ00002264,2024-07-24,Electrical,Conditional,Leak indication
INSP000006837,EQ00002264,2021-10-10,Visual,Pass,Vibration concern
INSP000006838,EQ00002265,2022-01-23,NDT,Defect Found,None
INSP000006839,EQ00002266,2022-07-16,Visual,Defect Found,Leak indication
INSP000006840,EQ00002266,2022-01-13,Safety Device,Pass,Vibration concern
INSP000006841,EQ00002267,2026-04-29,Safety Device,Conditional,None
INSP000006842,EQ00002268,2023-09-24,NDT,Defect Found,Vibration concern
INSP000006843,EQ00002268,2023-09-04,Thickness,Pass,Vibration concern
INSP000006844,EQ00002268,2022-10-23,Thickness,Pass,Vibration concern
INSP000006845,EQ00002268,2021-06-23,NDT,Pass,Minor corrosion
INSP000006846,EQ00002268,2021-04-15,Safety Device,Pass,Alarm test issue
INSP000006847,EQ00002269,2021-12-10,Safety Device,Conditional,Leak indication
INSP000006848,EQ00002269,2025-07-16,Thickness,Pass,Vibration concern
INSP000006849,EQ00002269,2024-12-16,Thickness,Pass,Alarm test issue
INSP000006850,EQ00002269,2024-09-19,Thickness,Pass,Alarm test issue
INSP000006851,EQ00002270,2022-07-14,Electrical,Pass,None
INSP000006852,EQ00002270,2025-11-11,Safety Device,Defect Found,Minor corrosion
INSP000006853,EQ00002271,2021-08-07,Electrical,Pass,None
INSP000006854,EQ00002271,2023-02-26,NDT,Conditional,Alarm test issue
INSP000006855,EQ00002271,2024-06-04,Safety Device,Pass,Vibration concern
INSP000006856,EQ00002271,2023-12-17,Electrical,Conditional,None
INSP000006857,EQ00002272,2021-11-14,Thickness,Pass,Alarm test issue
INSP000006858,EQ00002272,2023-02-12,Thickness,Pass,Minor corrosion
INSP000006859,EQ00002272,2022-03-08,Functional,Pass,None
INSP000006860,EQ00002272,2024-09-03,Functional,Conditional,Leak indication
INSP000006861,EQ00002272,2023-01-06,Functional,Pass,Minor corrosion
INSP000006862,EQ00002273,2025-12-19,NDT,Pass,Leak indication
INSP000006863,EQ00002273,2022-08-09,Thickness,Pass,Minor corrosion
INSP000006864,EQ00002273,2024-04-11,Electrical,Pass,None
INSP000006865,EQ00002273,2025-05-12,Electrical,Pass,None
INSP000006866,EQ00002273,2022-12-01,Electrical,Pass,Minor corrosion
INSP000006867,EQ00002274,2024-02-24,Visual,Pass,Minor corrosion
INSP000006868,EQ00002274,2023-12-12,Visual,Pass,Vibration concern
INSP000006869,EQ00002274,2023-08-31,NDT,Pass,Vibration concern
INSP000006870,EQ00002274,2024-02-25,Thickness,Conditional,None
INSP000006871,EQ00002275,2025-11-01,Functional,Pass,Vibration concern
INSP000006872,EQ00002275,2022-07-24,Electrical,Pass,Leak indication
INSP000006873,EQ00002275,2024-03-27,Electrical,Conditional,Minor corrosion
INSP000006874,EQ00002276,2021-08-22,Safety Device,Pass,Alarm test issue
INSP000006875,EQ00002276,2026-04-19,Visual,Pass,None
INSP000006876,EQ00002277,2022-10-10,Thickness,Pass,Vibration concern
INSP000006877,EQ00002277,2022-08-04,Electrical,Pass,None
INSP000006878,EQ00002277,2022-02-26,NDT,Conditional,Alarm test issue
INSP000006879,EQ00002277,2023-02-12,Electrical,Defect Found,Minor corrosion
INSP000006880,EQ00002277,2024-12-07,Functional,Pass,Vibration concern
INSP000006881,EQ00002278,2021-01-26,Safety Device,Pass,Minor corrosion
INSP000006882,EQ00002279,2023-02-21,Thickness,Pass,None
INSP000006883,EQ00002280,2025-06-28,Visual,Pass,Minor corrosion
INSP000006884,EQ00002280,2024-01-02,NDT,Conditional,None
INSP000006885,EQ00002281,2024-11-09,Functional,Conditional,Leak indication
INSP000006886,EQ00002281,2022-10-05,Thickness,Pass,Leak indication
INSP000006887,EQ00002281,2026-03-25,Thickness,Pass,Minor corrosion
INSP000006888,EQ00002281,2021-01-07,Electrical,Defect Found,None
INSP000006889,EQ00002281,2021-04-14,Functional,Pass,Leak indication
INSP000006890,EQ00002282,2024-10-26,Electrical,Pass,Minor corrosion
INSP000006891,EQ00002282,2025-06-03,Visual,Defect Found,None
INSP000006892,EQ00002283,2023-06-25,Visual,Pass,Leak indication
INSP000006893,EQ00002284,2024-06-07,Visual,Defect Found,Alarm test issue
INSP000006894,EQ00002284,2023-06-07,Functional,Conditional,None
INSP000006895,EQ00002285,2025-08-21,Functional,Pass,None
INSP000006896,EQ00002285,2022-07-04,Functional,Pass,Leak indication
INSP000006897,EQ00002285,2021-12-19,Electrical,Pass,None
INSP000006898,EQ00002285,2023-03-05,Safety Device,Defect Found,Minor corrosion
INSP000006899,EQ00002285,2021-06-19,Functional,Pass,Minor corrosion
INSP000006900,EQ00002286,2025-09-16,Safety Device,Conditional,Leak indication
INSP000006901,EQ00002286,2026-07-02,Visual,Conditional,Alarm test issue
INSP000006902,EQ00002286,2021-08-15,Visual,Pass,Leak indication
INSP000006903,EQ00002286,2026-04-26,Electrical,Pass,Leak indication
INSP000006904,EQ00002286,2024-06-11,NDT,Pass,None
INSP000006905,EQ00002287,2026-06-05,Thickness,Pass,Leak indication
INSP000006906,EQ00002288,2022-07-08,NDT,Defect Found,Vibration concern
INSP000006907,EQ00002289,2023-05-06,Functional,Pass,Minor corrosion
INSP000006908,EQ00002289,2021-06-14,Electrical,Conditional,Minor corrosion
INSP000006909,EQ00002289,2025-05-13,Visual,Pass,Vibration concern
INSP000006910,EQ00002289,2021-03-11,Electrical,Pass,Leak indication
INSP000006911,EQ00002289,2022-11-28,Thickness,Pass,Minor corrosion
INSP000006912,EQ00002290,2023-03-11,Visual,Pass,Leak indication
INSP000006913,EQ00002290,2022-08-13,Visual,Defect Found,Alarm test issue
INSP000006914,EQ00002290,2024-08-14,Safety Device,Pass,Vibration concern
INSP000006915,EQ00002290,2025-10-07,Safety Device,Pass,Alarm test issue
INSP000006916,EQ00002290,2021-11-23,Safety Device,Pass,Vibration concern
INSP000006917,EQ00002291,2026-07-31,Functional,Pass,Vibration concern
INSP000006918,EQ00002291,2024-06-18,Functional,Defect Found,Leak indication
INSP000006919,EQ00002291,2023-11-14,Electrical,Pass,Vibration concern
INSP000006920,EQ00002291,2023-09-09,Safety Device,Pass,None
INSP000006921,EQ00002291,2021-02-13,Functional,Defect Found,Minor corrosion
INSP000006922,EQ00002292,2023-10-25,Safety Device,Conditional,Vibration concern
INSP000006923,EQ00002292,2025-12-19,Visual,Defect Found,Alarm test issue
INSP000006924,EQ00002292,2023-06-22,Electrical,Defect Found,Vibration concern
INSP000006925,EQ00002292,2024-09-17,Functional,Conditional,Leak indication
INSP000006926,EQ00002292,2023-04-10,NDT,Pass,Alarm test issue
INSP000006927,EQ00002293,2021-06-28,Functional,Defect Found,Vibration concern
INSP000006928,EQ00002293,2021-04-20,Thickness,Pass,Alarm test issue
INSP000006929,EQ00002293,2025-12-30,NDT,Pass,Minor corrosion
INSP000006930,EQ00002293,2021-12-08,Visual,Defect Found,Leak indication
INSP000006931,EQ00002293,2024-01-09,Safety Device,Pass,Minor corrosion
INSP000006932,EQ00002294,2024-05-22,Electrical,Pass,Vibration concern
INSP000006933,EQ00002294,2024-06-02,Functional,Pass,Leak indication
INSP000006934,EQ00002295,2022-02-13,Functional,Pass,Leak indication
INSP000006935,EQ00002295,2023-01-15,Functional,Pass,Alarm test issue
INSP000006936,EQ00002295,2025-09-09,Thickness,Defect Found,Vibration concern
INSP000006937,EQ00002296,2021-05-07,Electrical,Pass,None
INSP000006938,EQ00002296,2024-04-05,NDT,Pass,Leak indication
INSP000006939,EQ00002297,2025-03-03,NDT,Defect Found,Vibration concern
INSP000006940,EQ00002298,2021-06-14,Safety Device,Pass,Leak indication
INSP000006941,EQ00002299,2024-09-27,Electrical,Defect Found,Leak indication
INSP000006942,EQ00002299,2023-01-21,NDT,Pass,Minor corrosion
INSP000006943,EQ00002299,2025-02-05,Electrical,Pass,None
INSP000006944,EQ00002299,2025-10-28,Visual,Conditional,Vibration concern
INSP000006945,EQ00002300,2021-12-12,Thickness,Conditional,Leak indication
INSP000006946,EQ00002300,2021-10-20,Functional,Pass,None
INSP000006947,EQ00002300,2024-03-20,Functional,Defect Found,Leak indication
INSP000006948,EQ00002301,2022-04-17,Visual,Defect Found,Vibration concern
INSP000006949,EQ00002301,2025-10-28,Functional,Pass,Minor corrosion
INSP000006950,EQ00002301,2023-09-13,Safety Device,Pass,Alarm test issue
INSP000006951,EQ00002301,2024-11-13,NDT,Defect Found,Minor corrosion
INSP000006952,EQ00002301,2025-03-02,Visual,Pass,Leak indication
INSP000006953,EQ00002302,2025-05-12,Safety Device,Pass,None
INSP000006954,EQ00002302,2021-04-25,Thickness,Pass,Vibration concern
INSP000006955,EQ00002302,2024-03-02,Functional,Pass,Alarm test issue
INSP000006956,EQ00002303,2025-12-16,NDT,Pass,Minor corrosion
INSP000006957,EQ00002303,2021-05-27,NDT,Pass,Vibration concern
INSP000006958,EQ00002303,2025-10-23,NDT,Pass,Vibration concern
INSP000006959,EQ00002304,2023-01-02,Thickness,Conditional,Minor corrosion
INSP000006960,EQ00002305,2021-12-17,Safety Device,Defect Found,None
INSP000006961,EQ00002306,2025-03-27,NDT,Pass,Vibration concern
INSP000006962,EQ00002306,2026-05-08,NDT,Pass,Vibration concern
INSP000006963,EQ00002306,2022-05-02,Functional,Pass,Vibration concern
INSP000006964,EQ00002306,2024-11-01,Electrical,Pass,None
INSP000006965,EQ00002307,2026-05-25,NDT,Pass,Vibration concern
INSP000006966,EQ00002307,2025-09-11,Visual,Pass,Vibration concern
INSP000006967,EQ00002308,2024-07-01,Safety Device,Defect Found,Minor corrosion
INSP000006968,EQ00002308,2025-12-03,Safety Device,Pass,Vibration concern
INSP000006969,EQ00002308,2025-09-28,Visual,Defect Found,Minor corrosion
INSP000006970,EQ00002308,2021-05-25,Thickness,Pass,Vibration concern
INSP000006971,EQ00002308,2025-07-09,Safety Device,Pass,Vibration concern
INSP000006972,EQ00002309,2024-03-13,Safety Device,Defect Found,Vibration concern
INSP000006973,EQ00002310,2024-01-21,Safety Device,Pass,Alarm test issue
INSP000006974,EQ00002310,2022-02-23,Electrical,Pass,Leak indication
INSP000006975,EQ00002311,2025-06-22,Functional,Pass,None
INSP000006976,EQ00002311,2021-10-21,Safety Device,Defect Found,Vibration concern
INSP000006977,EQ00002312,2025-06-14,Thickness,Pass,None
INSP000006978,EQ00002312,2023-06-26,Functional,Pass,Minor corrosion
INSP000006979,EQ00002312,2021-08-08,Safety Device,Defect Found,Alarm test issue
INSP000006980,EQ00002312,2025-03-07,Thickness,Pass,None
INSP000006981,EQ00002312,2026-05-28,Thickness,Conditional,Vibration concern
INSP000006982,EQ00002313,2021-02-04,Thickness,Pass,Alarm test issue
INSP000006983,EQ00002313,2024-02-10,Functional,Pass,None
INSP000006984,EQ00002314,2021-08-26,Electrical,Pass,Minor corrosion
INSP000006985,EQ00002314,2025-03-14,Electrical,Pass,Leak indication
INSP000006986,EQ00002314,2026-08-22,Thickness,Defect Found,Minor corrosion
INSP000006987,EQ00002314,2021-07-04,Visual,Pass,Vibration concern
INSP000006988,EQ00002315,2021-09-08,Visual,Pass,Leak indication
INSP000006989,EQ00002316,2025-04-22,NDT,Defect Found,Vibration concern
INSP000006990,EQ00002317,2022-08-06,Visual,Pass,Minor corrosion
INSP000006991,EQ00002317,2026-07-26,NDT,Pass,Minor corrosion
INSP000006992,EQ00002317,2024-02-26,Thickness,Pass,Vibration concern
INSP000006993,EQ00002318,2025-07-26,Electrical,Conditional,Vibration concern
INSP000006994,EQ00002318,2022-10-05,Thickness,Pass,None
INSP000006995,EQ00002318,2025-04-24,NDT,Pass,Alarm test issue
INSP000006996,EQ00002319,2022-02-17,Visual,Defect Found,Vibration concern
INSP000006997,EQ00002319,2023-06-05,NDT,Defect Found,Vibration concern
INSP000006998,EQ00002319,2025-02-25,Safety Device,Pass,Minor corrosion
INSP000006999,EQ00002319,2026-08-11,NDT,Pass,Leak indication
INSP000007000,EQ00002320,2024-01-09,NDT,Pass,None
INSP000007001,EQ00002320,2023-08-14,Visual,Pass,Vibration concern
INSP000007002,EQ00002320,2021-03-19,Functional,Pass,Minor corrosion
INSP000007003,EQ00002321,2024-11-29,Functional,Conditional,Alarm test issue
INSP000007004,EQ00002321,2024-05-30,Visual,Conditional,Leak indication
INSP000007005,EQ00002322,2021-07-13,NDT,Pass,None
INSP000007006,EQ00002322,2022-03-16,Functional,Pass,Alarm test issue
INSP000007007,EQ00002322,2022-04-09,Electrical,Pass,Vibration concern
INSP000007008,EQ00002322,2021-07-16,Electrical,Pass,Minor corrosion
INSP000007009,EQ00002322,2021-06-28,Thickness,Pass,Leak indication
INSP000007010,EQ00002323,2023-09-28,NDT,Pass,Alarm test issue
INSP000007011,EQ00002323,2022-02-21,Thickness,Pass,Minor corrosion
INSP000007012,EQ00002323,2021-12-22,Visual,Pass,Leak indication
INSP000007013,EQ00002324,2024-05-24,Visual,Pass,Alarm test issue
INSP000007014,EQ00002324,2024-10-13,Electrical,Pass,Leak indication
INSP000007015,EQ00002324,2025-07-24,Visual,Defect Found,Vibration concern
INSP000007016,EQ00002324,2022-07-19,NDT,Conditional,Alarm test issue
INSP000007017,EQ00002324,2026-01-12,Safety Device,Conditional,Leak indication
INSP000007018,EQ00002325,2024-02-18,Safety Device,Conditional,Leak indication
INSP000007019,EQ00002325,2025-01-09,Functional,Defect Found,Minor corrosion
INSP000007020,EQ00002325,2026-08-29,Safety Device,Pass,None
INSP000007021,EQ00002325,2024-08-26,Visual,Pass,Alarm test issue
INSP000007022,EQ00002326,2026-02-21,Electrical,Pass,None
INSP000007023,EQ00002327,2022-04-06,Visual,Pass,Alarm test issue
INSP000007024,EQ00002327,2024-09-28,Electrical,Pass,Vibration concern
INSP000007025,EQ00002327,2022-11-17,Thickness,Pass,Alarm test issue
INSP000007026,EQ00002327,2022-05-31,Electrical,Pass,Vibration concern
INSP000007027,EQ00002328,2022-06-16,Electrical,Conditional,Vibration concern
INSP000007028,EQ00002328,2024-03-26,Thickness,Conditional,None
INSP000007029,EQ00002328,2024-06-13,Electrical,Pass,Vibration concern
INSP000007030,EQ00002328,2024-09-05,Visual,Pass,Leak indication
INSP000007031,EQ00002329,2024-01-28,Electrical,Conditional,Leak indication
INSP000007032,EQ00002330,2022-08-31,Visual,Pass,None
INSP000007033,EQ00002330,2022-01-05,Visual,Pass,Minor corrosion
INSP000007034,EQ00002330,2024-11-15,Thickness,Pass,Vibration concern
INSP000007035,EQ00002330,2026-08-03,Safety Device,Pass,Minor corrosion
INSP000007036,EQ00002330,2023-01-30,Functional,Pass,Minor corrosion
INSP000007037,EQ00002331,2021-10-19,Functional,Conditional,Leak indication
INSP000007038,EQ00002331,2021-11-17,Visual,Pass,None
INSP000007039,EQ00002331,2021-06-09,Visual,Pass,Vibration concern
INSP000007040,EQ00002332,2026-05-05,Functional,Conditional,Alarm test issue
INSP000007041,EQ00002332,2021-09-28,Functional,Pass,None
INSP000007042,EQ00002332,2024-06-18,Visual,Defect Found,Leak indication
INSP000007043,EQ00002332,2026-04-26,NDT,Pass,None
INSP000007044,EQ00002333,2022-07-16,Visual,Pass,Minor corrosion
INSP000007045,EQ00002333,2026-05-21,Thickness,Pass,Minor corrosion
INSP000007046,EQ00002334,2022-05-08,Visual,Pass,Alarm test issue
INSP000007047,EQ00002335,2024-09-04,Functional,Pass,Alarm test issue
INSP000007048,EQ00002335,2024-02-15,NDT,Pass,Vibration concern
INSP000007049,EQ00002335,2023-05-07,Electrical,Pass,Minor corrosion
INSP000007050,EQ00002335,2022-04-08,Visual,Pass,Minor corrosion
INSP000007051,EQ00002336,2026-01-02,Visual,Conditional,Minor corrosion
INSP000007052,EQ00002336,2023-01-29,Safety Device,Pass,Alarm test issue
INSP000007053,EQ00002336,2023-05-26,Thickness,Defect Found,Minor corrosion
INSP000007054,EQ00002336,2022-07-13,Electrical,Pass,Minor corrosion
INSP000007055,EQ00002336,2023-09-18,Thickness,Pass,None
INSP000007056,EQ00002337,2023-03-10,Functional,Pass,Minor corrosion
INSP000007057,EQ00002337,2025-02-11,Safety Device,Pass,Leak indication
INSP000007058,EQ00002337,2023-05-04,NDT,Pass,Alarm test issue
INSP000007059,EQ00002338,2026-05-06,Visual,Pass,Leak indication
INSP000007060,EQ00002338,2025-06-10,Safety Device,Pass,Alarm test issue
INSP000007061,EQ00002338,2026-08-16,Thickness,Defect Found,Vibration concern
INSP000007062,EQ00002338,2021-12-16,Thickness,Conditional,Alarm test issue
INSP000007063,EQ00002338,2026-07-10,NDT,Pass,Alarm test issue
INSP000007064,EQ00002339,2021-01-21,NDT,Pass,Leak indication
INSP000007065,EQ00002339,2023-08-28,Electrical,Pass,Minor corrosion
INSP000007066,EQ00002339,2025-06-03,NDT,Conditional,None
INSP000007067,EQ00002339,2025-10-22,Visual,Pass,Minor corrosion
INSP000007068,EQ00002339,2025-09-09,Electrical,Pass,None
INSP000007069,EQ00002340,2022-04-22,Thickness,Conditional,Vibration concern
INSP000007070,EQ00002341,2021-11-15,NDT,Conditional,None
INSP000007071,EQ00002341,2024-03-11,Visual,Pass,Leak indication
INSP000007072,EQ00002341,2021-06-07,Electrical,Pass,Minor corrosion
INSP000007073,EQ00002342,2022-05-03,Safety Device,Pass,None
INSP000007074,EQ00002342,2021-03-03,Visual,Defect Found,Minor corrosion
INSP000007075,EQ00002342,2021-02-09,Safety Device,Conditional,Vibration concern
INSP000007076,EQ00002342,2023-05-27,Visual,Conditional,Minor corrosion
INSP000007077,EQ00002342,2021-01-17,Visual,Pass,Leak indication
INSP000007078,EQ00002343,2025-01-28,Electrical,Pass,Vibration concern
INSP000007079,EQ00002343,2022-10-08,Visual,Pass,Leak indication
INSP000007080,EQ00002343,2024-05-16,Functional,Pass,Alarm test issue
INSP000007081,EQ00002343,2022-07-08,Visual,Pass,Vibration concern
INSP000007082,EQ00002344,2025-11-28,Functional,Defect Found,Alarm test issue
INSP000007083,EQ00002345,2022-03-13,Electrical,Defect Found,Minor corrosion
INSP000007084,EQ00002345,2026-04-06,Functional,Pass,Alarm test issue
INSP000007085,EQ00002345,2025-10-03,Functional,Pass,None
INSP000007086,EQ00002345,2026-05-18,Visual,Pass,Alarm test issue
INSP000007087,EQ00002345,2023-11-13,Electrical,Conditional,Leak indication
INSP000007088,EQ00002346,2024-12-27,Visual,Pass,Leak indication
INSP000007089,EQ00002347,2025-02-14,Functional,Pass,Leak indication
INSP000007090,EQ00002348,2024-01-22,Functional,Pass,Minor corrosion
INSP000007091,EQ00002348,2025-07-27,Visual,Conditional,Vibration concern
INSP000007092,EQ00002348,2021-12-12,Functional,Pass,None
INSP000007093,EQ00002348,2022-03-01,Functional,Pass,Minor corrosion
INSP000007094,EQ00002349,2022-02-07,Visual,Pass,None
INSP000007095,EQ00002349,2023-02-07,Visual,Pass,Minor corrosion
INSP000007096,EQ00002349,2026-05-21,Electrical,Pass,Minor corrosion
INSP000007097,EQ00002350,2022-09-10,Safety Device,Pass,Minor corrosion
INSP000007098,EQ00002351,2026-07-27,Safety Device,Pass,Minor corrosion
INSP000007099,EQ00002352,2022-03-02,Safety Device,Conditional,Alarm test issue
INSP000007100,EQ00002352,2024-01-31,Electrical,Defect Found,Minor corrosion
INSP000007101,EQ00002352,2026-04-05,Safety Device,Pass,Minor corrosion
INSP000007102,EQ00002353,2021-01-01,Electrical,Defect Found,None
INSP000007103,EQ00002353,2025-08-13,NDT,Conditional,Alarm test issue
INSP000007104,EQ00002354,2023-01-22,Safety Device,Pass,None
INSP000007105,EQ00002354,2023-04-17,Electrical,Conditional,Vibration concern
INSP000007106,EQ00002354,2024-03-20,Functional,Pass,Leak indication
INSP000007107,EQ00002354,2025-02-21,Visual,Pass,Vibration concern
INSP000007108,EQ00002355,2022-11-09,Electrical,Defect Found,Minor corrosion
INSP000007109,EQ00002355,2026-04-19,Electrical,Defect Found,Minor corrosion
INSP000007110,EQ00002355,2025-03-12,Functional,Pass,Vibration concern
INSP000007111,EQ00002356,2026-05-08,Electrical,Pass,Alarm test issue
INSP000007112,EQ00002356,2025-01-01,Safety Device,Conditional,Vibration concern
INSP000007113,EQ00002356,2022-05-24,Functional,Defect Found,Leak indication
INSP000007114,EQ00002356,2021-05-21,Electrical,Pass,Leak indication
INSP000007115,EQ00002356,2025-05-10,Thickness,Pass,Minor corrosion
INSP000007116,EQ00002357,2022-10-19,Functional,Pass,Minor corrosion
INSP000007117,EQ00002357,2021-10-03,Functional,Pass,Leak indication
INSP000007118,EQ00002358,2026-04-08,NDT,Conditional,None
INSP000007119,EQ00002359,2024-02-15,Thickness,Conditional,Alarm test issue
INSP000007120,EQ00002359,2026-04-26,Visual,Pass,Vibration concern
INSP000007121,EQ00002359,2026-02-26,Safety Device,Conditional,Minor corrosion
INSP000007122,EQ00002359,2024-06-11,Visual,Conditional,None
INSP000007123,EQ00002360,2024-07-11,Safety Device,Conditional,None
INSP000007124,EQ00002360,2022-01-30,Functional,Defect Found,Alarm test issue
INSP000007125,EQ00002360,2021-09-01,Safety Device,Defect Found,Minor corrosion
INSP000007126,EQ00002360,2025-11-27,Functional,Pass,Minor corrosion
INSP000007127,EQ00002361,2023-01-31,Electrical,Pass,None
INSP000007128,EQ00002361,2025-08-04,Electrical,Pass,Vibration concern
INSP000007129,EQ00002361,2024-03-03,Thickness,Pass,Vibration concern
INSP000007130,EQ00002361,2021-01-04,Visual,Pass,Alarm test issue
INSP000007131,EQ00002362,2025-02-11,Safety Device,Pass,Vibration concern
INSP000007132,EQ00002362,2025-12-14,NDT,Pass,Minor corrosion
INSP000007133,EQ00002362,2026-05-04,Thickness,Pass,Alarm test issue
INSP000007134,EQ00002362,2023-11-07,Safety Device,Pass,Vibration concern
INSP000007135,EQ00002363,2024-11-07,Safety Device,Pass,Leak indication
INSP000007136,EQ00002363,2026-01-19,Functional,Defect Found,Vibration concern
INSP000007137,EQ00002363,2026-07-31,Thickness,Conditional,None
INSP000007138,EQ00002363,2025-01-21,Thickness,Pass,None
INSP000007139,EQ00002363,2023-12-14,Electrical,Defect Found,None
INSP000007140,EQ00002364,2025-03-24,Thickness,Conditional,Alarm test issue
INSP000007141,EQ00002364,2021-08-30,Safety Device,Pass,Alarm test issue
INSP000007142,EQ00002365,2021-07-01,Thickness,Defect Found,None
INSP000007143,EQ00002365,2021-10-07,Electrical,Pass,Vibration concern
INSP000007144,EQ00002365,2024-11-14,Electrical,Pass,Alarm test issue
INSP000007145,EQ00002365,2025-07-01,Functional,Pass,None
INSP000007146,EQ00002365,2022-08-17,Visual,Conditional,None
INSP000007147,EQ00002366,2022-07-13,NDT,Pass,Alarm test issue
INSP000007148,EQ00002367,2022-10-19,Functional,Pass,None
INSP000007149,EQ00002367,2026-06-27,Electrical,Conditional,Vibration concern
INSP000007150,EQ00002367,2023-06-02,Safety Device,Pass,Leak indication
INSP000007151,EQ00002367,2021-06-29,Thickness,Pass,Alarm test issue
INSP000007152,EQ00002367,2026-03-31,Functional,Defect Found,Leak indication
INSP000007153,EQ00002368,2023-09-25,NDT,Conditional,None
INSP000007154,EQ00002368,2022-05-30,Safety Device,Conditional,Vibration concern
INSP000007155,EQ00002369,2025-09-21,NDT,Pass,Leak indication
INSP000007156,EQ00002370,2023-04-07,Safety Device,Defect Found,None
INSP000007157,EQ00002371,2024-06-15,Electrical,Pass,Alarm test issue
INSP000007158,EQ00002372,2021-05-09,NDT,Pass,Minor corrosion
INSP000007159,EQ00002372,2021-01-28,Functional,Defect Found,Vibration concern
INSP000007160,EQ00002372,2026-06-14,Thickness,Pass,Alarm test issue
INSP000007161,EQ00002372,2022-01-08,Safety Device,Pass,None
INSP000007162,EQ00002373,2024-09-29,Functional,Pass,Alarm test issue
INSP000007163,EQ00002373,2022-11-23,Electrical,Conditional,Alarm test issue
INSP000007164,EQ00002374,2022-01-28,Electrical,Pass,Minor corrosion
INSP000007165,EQ00002374,2023-03-21,Safety Device,Pass,Leak indication
INSP000007166,EQ00002374,2025-11-21,Visual,Pass,Leak indication
INSP000007167,EQ00002374,2021-07-26,Thickness,Conditional,Minor corrosion
INSP000007168,EQ00002375,2024-12-13,Thickness,Defect Found,None
INSP000007169,EQ00002375,2022-06-07,Thickness,Conditional,Alarm test issue
INSP000007170,EQ00002376,2022-07-10,Functional,Pass,None
INSP000007171,EQ00002376,2021-07-26,Safety Device,Conditional,Vibration concern
INSP000007172,EQ00002376,2026-01-10,Electrical,Pass,Minor corrosion
INSP000007173,EQ00002376,2025-04-18,Electrical,Pass,Minor corrosion
INSP000007174,EQ00002377,2026-01-12,Safety Device,Conditional,Leak indication
INSP000007175,EQ00002377,2025-07-07,Safety Device,Pass,Alarm test issue
INSP000007176,EQ00002377,2025-11-10,NDT,Pass,Leak indication
INSP000007177,EQ00002377,2023-04-05,Functional,Defect Found,Minor corrosion
INSP000007178,EQ00002377,2023-06-26,Visual,Conditional,Minor corrosion
INSP000007179,EQ00002378,2025-10-05,Electrical,Pass,None
INSP000007180,EQ00002378,2021-03-22,Functional,Pass,Minor corrosion
INSP000007181,EQ00002378,2023-08-20,Electrical,Pass,Minor corrosion
INSP000007182,EQ00002379,2023-06-14,Safety Device,Pass,None
INSP000007183,EQ00002380,2024-09-17,Safety Device,Defect Found,Minor corrosion
INSP000007184,EQ00002380,2024-11-19,Safety Device,Defect Found,None
INSP000007185,EQ00002380,2023-04-03,Functional,Pass,None
INSP000007186,EQ00002380,2022-04-13,Safety Device,Pass,Alarm test issue
INSP000007187,EQ00002381,2023-09-25,NDT,Defect Found,None
INSP000007188,EQ00002381,2023-07-28,Thickness,Pass,Leak indication
INSP000007189,EQ00002381,2026-04-13,Electrical,Defect Found,Alarm test issue
INSP000007190,EQ00002381,2024-04-11,Thickness,Pass,Alarm test issue
INSP000007191,EQ00002381,2023-05-16,NDT,Pass,Alarm test issue
INSP000007192,EQ00002382,2024-03-26,Thickness,Pass,Leak indication
INSP000007193,EQ00002383,2026-07-15,Thickness,Pass,Minor corrosion
INSP000007194,EQ00002384,2025-03-27,NDT,Conditional,Alarm test issue
INSP000007195,EQ00002384,2022-01-31,NDT,Pass,Minor corrosion
INSP000007196,EQ00002384,2023-12-16,Electrical,Pass,Alarm test issue
INSP000007197,EQ00002384,2025-05-15,Visual,Pass,Alarm test issue
INSP000007198,EQ00002384,2021-11-22,Thickness,Defect Found,Minor corrosion
INSP000007199,EQ00002385,2023-11-30,Safety Device,Pass,Vibration concern
INSP000007200,EQ00002385,2024-07-28,NDT,Pass,Vibration concern
INSP000007201,EQ00002385,2024-03-01,Electrical,Pass,None
INSP000007202,EQ00002385,2025-04-09,Thickness,Pass,None
INSP000007203,EQ00002386,2024-09-30,Functional,Defect Found,Leak indication
INSP000007204,EQ00002386,2021-05-21,NDT,Pass,Alarm test issue
INSP000007205,EQ00002386,2022-04-04,Electrical,Pass,Minor corrosion
INSP000007206,EQ00002386,2022-10-05,Safety Device,Pass,Alarm test issue
INSP000007207,EQ00002387,2026-07-18,Functional,Pass,Leak indication
INSP000007208,EQ00002387,2024-01-08,Visual,Conditional,Minor corrosion
INSP000007209,EQ00002387,2025-04-22,Thickness,Defect Found,None
INSP000007210,EQ00002387,2021-02-11,NDT,Pass,None
INSP000007211,EQ00002388,2025-12-20,Electrical,Pass,Vibration concern
INSP000007212,EQ00002389,2025-08-29,Functional,Pass,None
INSP000007213,EQ00002389,2021-12-16,Visual,Pass,Vibration concern
INSP000007214,EQ00002389,2021-03-28,Thickness,Pass,Leak indication
INSP000007215,EQ00002389,2023-01-17,NDT,Conditional,Minor corrosion
INSP000007216,EQ00002390,2024-12-08,Visual,Pass,Minor corrosion
INSP000007217,EQ00002390,2022-02-16,Electrical,Pass,Minor corrosion
INSP000007218,EQ00002390,2022-05-12,Functional,Pass,None
INSP000007219,EQ00002391,2023-02-20,Safety Device,Defect Found,Leak indication
INSP000007220,EQ00002392,2022-08-17,Safety Device,Pass,Alarm test issue
INSP000007221,EQ00002392,2023-01-06,Visual,Conditional,Alarm test issue
INSP000007222,EQ00002392,2024-01-17,NDT,Pass,Leak indication
INSP000007223,EQ00002392,2023-10-29,NDT,Pass,Alarm test issue
INSP000007224,EQ00002392,2026-05-27,Electrical,Pass,None
INSP000007225,EQ00002393,2023-02-15,Safety Device,Pass,Alarm test issue
INSP000007226,EQ00002393,2022-03-01,Thickness,Pass,Leak indication
INSP000007227,EQ00002393,2021-10-16,Functional,Pass,Minor corrosion
INSP000007228,EQ00002393,2024-11-05,NDT,Conditional,Alarm test issue
INSP000007229,EQ00002394,2021-04-29,Electrical,Pass,Leak indication
INSP000007230,EQ00002394,2021-09-28,NDT,Defect Found,Vibration concern
INSP000007231,EQ00002394,2023-08-09,Safety Device,Pass,Leak indication
INSP000007232,EQ00002395,2022-04-01,NDT,Defect Found,Alarm test issue
INSP000007233,EQ00002396,2022-09-12,NDT,Pass,Vibration concern
INSP000007234,EQ00002396,2024-06-22,Electrical,Pass,None
INSP000007235,EQ00002396,2022-04-12,Safety Device,Pass,Leak indication
INSP000007236,EQ00002397,2023-07-29,Visual,Defect Found,None
INSP000007237,EQ00002397,2021-09-28,Visual,Pass,Minor corrosion
INSP000007238,EQ00002397,2022-03-12,Electrical,Pass,None
INSP000007239,EQ00002398,2021-06-21,Visual,Conditional,Leak indication
INSP000007240,EQ00002398,2024-07-03,Thickness,Pass,Minor corrosion
INSP000007241,EQ00002398,2023-01-31,NDT,Pass,Alarm test issue
INSP000007242,EQ00002399,2021-12-23,Functional,Pass,Minor corrosion
INSP000007243,EQ00002399,2026-05-18,Thickness,Pass,Minor corrosion
INSP000007244,EQ00002399,2025-05-28,Visual,Defect Found,None
INSP000007245,EQ00002399,2023-04-24,Thickness,Conditional,Minor corrosion
INSP000007246,EQ00002400,2023-09-02,Thickness,Pass,Minor corrosion
INSP000007247,EQ00002400,2024-09-29,Safety Device,Conditional,Vibration concern
INSP000007248,EQ00002400,2025-12-12,Visual,Pass,Minor corrosion
INSP000007249,EQ00002400,2021-06-01,Electrical,Defect Found,Vibration concern
INSP000007250,EQ00002401,2022-07-24,Electrical,Pass,Minor corrosion
INSP000007251,EQ00002401,2022-03-22,Safety Device,Pass,Alarm test issue
INSP000007252,EQ00002401,2022-10-08,Electrical,Pass,Minor corrosion
INSP000007253,EQ00002402,2026-03-11,Visual,Defect Found,Vibration concern
INSP000007254,EQ00002402,2024-07-03,Functional,Conditional,Leak indication
INSP000007255,EQ00002402,2024-09-21,Electrical,Pass,None
INSP000007256,EQ00002402,2024-07-28,NDT,Pass,Vibration concern
INSP000007257,EQ00002402,2022-09-04,NDT,Conditional,Leak indication
INSP000007258,EQ00002403,2026-08-13,Thickness,Pass,None
INSP000007259,EQ00002403,2023-09-27,NDT,Pass,Vibration concern
INSP000007260,EQ00002403,2025-08-05,Electrical,Pass,None
INSP000007261,EQ00002404,2025-09-05,NDT,Conditional,Vibration concern
INSP000007262,EQ00002404,2021-07-25,Safety Device,Defect Found,None
INSP000007263,EQ00002404,2023-07-30,Electrical,Pass,Minor corrosion
INSP000007264,EQ00002404,2023-07-16,Visual,Defect Found,Vibration concern
INSP000007265,EQ00002404,2022-08-31,Thickness,Pass,Leak indication
INSP000007266,EQ00002405,2024-08-29,Electrical,Pass,None
INSP000007267,EQ00002405,2022-11-03,NDT,Pass,Alarm test issue
INSP000007268,EQ00002405,2024-06-25,Functional,Conditional,Minor corrosion
INSP000007269,EQ00002405,2025-02-24,Functional,Pass,Minor corrosion
INSP000007270,EQ00002405,2025-02-02,NDT,Pass,Vibration concern
INSP000007271,EQ00002406,2025-09-24,Safety Device,Pass,None
INSP000007272,EQ00002406,2022-03-01,Safety Device,Pass,Minor corrosion
INSP000007273,EQ00002406,2025-10-17,Functional,Defect Found,Leak indication
INSP000007274,EQ00002406,2022-08-05,Thickness,Pass,Vibration concern
INSP000007275,EQ00002407,2021-06-25,Visual,Pass,Minor corrosion
INSP000007276,EQ00002407,2024-08-21,Thickness,Pass,None
INSP000007277,EQ00002408,2024-01-22,Thickness,Defect Found,Vibration concern
INSP000007278,EQ00002408,2024-12-13,Functional,Defect Found,Vibration concern
INSP000007279,EQ00002408,2026-08-03,NDT,Conditional,Vibration concern
INSP000007280,EQ00002408,2025-08-19,Visual,Pass,None
INSP000007281,EQ00002408,2021-12-15,Thickness,Defect Found,Minor corrosion
INSP000007282,EQ00002409,2024-09-15,NDT,Pass,Alarm test issue
INSP000007283,EQ00002409,2024-11-27,Thickness,Pass,Minor corrosion
INSP000007284,EQ00002409,2022-03-01,Thickness,Conditional,Leak indication
INSP000007285,EQ00002410,2024-06-12,Electrical,Pass,None
INSP000007286,EQ00002410,2024-03-17,Visual,Pass,Leak indication
INSP000007287,EQ00002410,2023-01-29,Electrical,Pass,Leak indication
INSP000007288,EQ00002410,2023-04-08,Safety Device,Defect Found,None
INSP000007289,EQ00002410,2026-01-01,Safety Device,Pass,Leak indication
INSP000007290,EQ00002411,2021-03-20,Visual,Pass,Vibration concern
INSP000007291,EQ00002411,2021-03-22,Functional,Pass,Vibration concern
INSP000007292,EQ00002412,2023-05-21,Safety Device,Defect Found,Minor corrosion
INSP000007293,EQ00002412,2025-05-14,NDT,Defect Found,Alarm test issue
INSP000007294,EQ00002412,2025-11-16,Electrical,Pass,Alarm test issue
INSP000007295,EQ00002412,2022-04-01,Electrical,Pass,Alarm test issue
INSP000007296,EQ00002413,2021-04-30,Thickness,Pass,None
INSP000007297,EQ00002413,2024-12-14,Safety Device,Pass,Alarm test issue
INSP000007298,EQ00002414,2022-08-15,Electrical,Pass,None
INSP000007299,EQ00002414,2024-02-22,Thickness,Pass,Minor corrosion
INSP000007300,EQ00002415,2022-08-08,Thickness,Pass,None
INSP000007301,EQ00002415,2022-11-17,Electrical,Defect Found,Leak indication
INSP000007302,EQ00002415,2023-09-18,Thickness,Pass,None
INSP000007303,EQ00002415,2025-02-13,Electrical,Pass,Leak indication
INSP000007304,EQ00002416,2026-08-30,Visual,Pass,Vibration concern
INSP000007305,EQ00002417,2024-02-12,Visual,Conditional,Vibration concern
INSP000007306,EQ00002417,2026-01-19,NDT,Pass,Alarm test issue
INSP000007307,EQ00002417,2026-05-19,Thickness,Pass,Leak indication
INSP000007308,EQ00002418,2022-01-06,Functional,Pass,Leak indication
INSP000007309,EQ00002418,2025-07-12,Safety Device,Conditional,None
INSP000007310,EQ00002419,2023-04-15,Safety Device,Pass,Vibration concern
INSP000007311,EQ00002420,2021-03-21,Functional,Pass,Alarm test issue
INSP000007312,EQ00002421,2025-12-05,Electrical,Pass,Vibration concern
INSP000007313,EQ00002421,2022-08-17,Safety Device,Pass,Vibration concern
INSP000007314,EQ00002421,2026-03-20,Thickness,Pass,Leak indication
INSP000007315,EQ00002421,2021-05-22,Thickness,Pass,Leak indication
INSP000007316,EQ00002422,2025-05-21,Electrical,Pass,Vibration concern
INSP000007317,EQ00002422,2022-07-04,Visual,Pass,Vibration concern
INSP000007318,EQ00002422,2021-05-23,Visual,Conditional,Alarm test issue
INSP000007319,EQ00002423,2023-01-14,Safety Device,Pass,Vibration concern
INSP000007320,EQ00002423,2021-12-30,Electrical,Pass,Leak indication
INSP000007321,EQ00002423,2022-09-13,NDT,Pass,Alarm test issue
INSP000007322,EQ00002423,2024-02-04,Functional,Pass,Alarm test issue
INSP000007323,EQ00002423,2026-07-24,Thickness,Conditional,Minor corrosion
INSP000007324,EQ00002424,2025-10-14,Functional,Conditional,Leak indication
INSP000007325,EQ00002424,2026-06-27,Electrical,Conditional,Vibration concern
INSP000007326,EQ00002424,2021-12-13,Functional,Conditional,Leak indication
INSP000007327,EQ00002424,2024-10-12,Thickness,Pass,Alarm test issue
INSP000007328,EQ00002425,2023-01-10,NDT,Pass,Alarm test issue
INSP000007329,EQ00002426,2024-10-07,Functional,Pass,Minor corrosion
INSP000007330,EQ00002426,2021-03-25,Electrical,Defect Found,Vibration concern
INSP000007331,EQ00002426,2024-09-21,Thickness,Pass,None
INSP000007332,EQ00002426,2025-08-04,Visual,Pass,Minor corrosion
INSP000007333,EQ00002427,2024-12-08,Electrical,Pass,Minor corrosion
INSP000007334,EQ00002427,2025-07-18,Safety Device,Defect Found,None
INSP000007335,EQ00002427,2021-07-22,Visual,Pass,Minor corrosion
INSP000007336,EQ00002428,2022-05-19,Thickness,Defect Found,Leak indication
INSP000007337,EQ00002428,2023-05-09,Functional,Conditional,Alarm test issue
INSP000007338,EQ00002428,2021-03-25,Thickness,Pass,Alarm test issue
INSP000007339,EQ00002429,2025-01-08,NDT,Pass,Minor corrosion
INSP000007340,EQ00002429,2024-04-15,Electrical,Pass,None
INSP000007341,EQ00002429,2026-05-04,Safety Device,Pass,None
INSP000007342,EQ00002429,2026-06-11,Safety Device,Defect Found,Minor corrosion
INSP000007343,EQ00002430,2024-04-23,Functional,Pass,Vibration concern
INSP000007344,EQ00002431,2023-08-20,NDT,Pass,Vibration concern
INSP000007345,EQ00002431,2024-06-19,Safety Device,Pass,Minor corrosion
INSP000007346,EQ00002432,2026-07-25,Safety Device,Pass,Alarm test issue
INSP000007347,EQ00002432,2024-08-30,Safety Device,Pass,Alarm test issue
INSP000007348,EQ00002432,2023-02-18,Functional,Defect Found,Vibration concern
INSP000007349,EQ00002432,2023-06-16,Functional,Pass,Vibration concern
INSP000007350,EQ00002433,2023-03-19,NDT,Pass,Leak indication
INSP000007351,EQ00002433,2025-12-15,Safety Device,Pass,Leak indication
INSP000007352,EQ00002434,2021-12-13,Functional,Defect Found,Alarm test issue
INSP000007353,EQ00002434,2025-11-11,Thickness,Pass,Minor corrosion
INSP000007354,EQ00002434,2021-09-03,Safety Device,Pass,None
INSP000007355,EQ00002434,2025-07-10,Safety Device,Defect Found,Leak indication
INSP000007356,EQ00002434,2023-08-02,NDT,Pass,Alarm test issue
INSP000007357,EQ00002435,2026-03-22,Visual,Pass,Minor corrosion
INSP000007358,EQ00002436,2023-02-21,Safety Device,Pass,None
INSP000007359,EQ00002436,2026-05-16,NDT,Pass,Leak indication
INSP000007360,EQ00002436,2024-06-08,NDT,Pass,None
INSP000007361,EQ00002436,2025-12-18,Visual,Pass,None
INSP000007362,EQ00002437,2024-04-11,NDT,Pass,Vibration concern
INSP000007363,EQ00002437,2025-08-12,Thickness,Pass,Minor corrosion
INSP000007364,EQ00002438,2026-04-10,Visual,Conditional,Leak indication
INSP000007365,EQ00002438,2024-05-08,Visual,Defect Found,Vibration concern
INSP000007366,EQ00002438,2021-10-19,NDT,Defect Found,Leak indication
INSP000007367,EQ00002439,2022-12-28,Visual,Conditional,Vibration concern
INSP000007368,EQ00002439,2024-12-19,Visual,Pass,Minor corrosion
INSP000007369,EQ00002439,2021-04-06,Functional,Pass,Vibration concern
INSP000007370,EQ00002439,2021-12-12,Visual,Defect Found,Minor corrosion
INSP000007371,EQ00002440,2026-05-05,Functional,Defect Found,Vibration concern
INSP000007372,EQ00002440,2023-08-12,Thickness,Defect Found,Vibration concern
INSP000007373,EQ00002440,2025-10-04,Electrical,Conditional,Vibration concern
INSP000007374,EQ00002441,2025-02-15,Safety Device,Pass,Leak indication
INSP000007375,EQ00002441,2024-01-09,Electrical,Pass,Alarm test issue
INSP000007376,EQ00002441,2021-06-23,Thickness,Pass,Alarm test issue
INSP000007377,EQ00002442,2026-02-08,NDT,Pass,Minor corrosion
INSP000007378,EQ00002443,2025-09-01,Safety Device,Pass,None
INSP000007379,EQ00002443,2021-08-13,Safety Device,Defect Found,Minor corrosion
INSP000007380,EQ00002443,2025-03-20,Electrical,Pass,Alarm test issue
INSP000007381,EQ00002443,2023-03-13,Electrical,Pass,Alarm test issue
INSP000007382,EQ00002444,2022-06-09,Thickness,Pass,Minor corrosion
INSP000007383,EQ00002444,2023-05-26,Functional,Conditional,Leak indication
INSP000007384,EQ00002444,2024-03-09,Thickness,Pass,Vibration concern
INSP000007385,EQ00002444,2025-03-12,Safety Device,Pass,Minor corrosion
INSP000007386,EQ00002445,2026-06-30,Thickness,Conditional,Minor corrosion
INSP000007387,EQ00002445,2024-03-07,NDT,Conditional,Alarm test issue
INSP000007388,EQ00002445,2024-01-09,Thickness,Pass,Vibration concern
INSP000007389,EQ00002445,2025-08-04,Functional,Conditional,Vibration concern
INSP000007390,EQ00002445,2021-06-25,Safety Device,Defect Found,Vibration concern
INSP000007391,EQ00002446,2024-02-19,Thickness,Pass,Leak indication
INSP000007392,EQ00002446,2023-04-25,Electrical,Pass,Minor corrosion
INSP000007393,EQ00002447,2023-06-18,Safety Device,Conditional,Alarm test issue
INSP000007394,EQ00002447,2026-03-02,Safety Device,Pass,Alarm test issue
INSP000007395,EQ00002447,2025-11-18,Electrical,Pass,Alarm test issue
INSP000007396,EQ00002448,2025-10-11,NDT,Pass,None
INSP000007397,EQ00002448,2021-12-07,Functional,Defect Found,Alarm test issue
INSP000007398,EQ00002448,2022-04-28,Visual,Pass,Leak indication
INSP000007399,EQ00002449,2025-11-12,NDT,Pass,Alarm test issue
INSP000007400,EQ00002449,2021-08-13,Safety Device,Pass,Vibration concern
INSP000007401,EQ00002450,2025-03-16,Electrical,Pass,None
INSP000007402,EQ00002450,2025-05-09,Electrical,Pass,Alarm test issue
INSP000007403,EQ00002451,2025-10-21,Electrical,Pass,Alarm test issue
INSP000007404,EQ00002451,2024-06-07,Electrical,Pass,Leak indication
INSP000007405,EQ00002451,2021-03-28,Electrical,Pass,Vibration concern
INSP000007406,EQ00002451,2021-01-27,Safety Device,Conditional,Alarm test issue
INSP000007407,EQ00002451,2025-03-24,NDT,Conditional,Minor corrosion
INSP000007408,EQ00002452,2026-01-04,Thickness,Defect Found,Leak indication
INSP000007409,EQ00002452,2024-12-02,Thickness,Pass,Vibration concern
INSP000007410,EQ00002453,2024-07-23,Thickness,Pass,None
INSP000007411,EQ00002454,2025-12-12,Functional,Pass,Leak indication
INSP000007412,EQ00002454,2023-12-19,Visual,Defect Found,Leak indication
INSP000007413,EQ00002454,2026-02-06,Visual,Pass,Alarm test issue
INSP000007414,EQ00002454,2026-03-06,Functional,Pass,Vibration concern
INSP000007415,EQ00002454,2025-04-03,Functional,Pass,Vibration concern
INSP000007416,EQ00002455,2024-01-04,NDT,Defect Found,Minor corrosion
INSP000007417,EQ00002455,2023-08-24,Electrical,Pass,Minor corrosion
INSP000007418,EQ00002456,2026-08-01,NDT,Pass,Vibration concern
INSP000007419,EQ00002457,2021-04-02,Safety Device,Conditional,Vibration concern
INSP000007420,EQ00002457,2022-01-20,NDT,Defect Found,Minor corrosion
INSP000007421,EQ00002458,2022-12-16,Functional,Pass,Vibration concern
INSP000007422,EQ00002458,2022-08-05,Visual,Conditional,Vibration concern
INSP000007423,EQ00002458,2025-05-27,Electrical,Pass,None
INSP000007424,EQ00002458,2023-03-15,Functional,Pass,Minor corrosion
INSP000007425,EQ00002459,2021-03-22,NDT,Defect Found,Vibration concern
INSP000007426,EQ00002459,2025-08-17,Thickness,Conditional,None
INSP000007427,EQ00002460,2026-01-16,Safety Device,Pass,Leak indication
INSP000007428,EQ00002461,2024-03-22,Functional,Defect Found,Alarm test issue
INSP000007429,EQ00002462,2026-04-14,NDT,Pass,Vibration concern
INSP000007430,EQ00002462,2022-12-10,Visual,Pass,None
INSP000007431,EQ00002463,2022-12-07,Functional,Pass,Minor corrosion
INSP000007432,EQ00002463,2024-09-09,Visual,Pass,Vibration concern
INSP000007433,EQ00002463,2021-01-24,Thickness,Pass,Leak indication
INSP000007434,EQ00002463,2022-04-18,NDT,Defect Found,Alarm test issue
INSP000007435,EQ00002463,2024-08-23,Functional,Pass,Vibration concern
INSP000007436,EQ00002464,2026-04-26,Functional,Conditional,None
INSP000007437,EQ00002464,2026-05-23,Visual,Pass,None
INSP000007438,EQ00002464,2023-05-21,Visual,Pass,Leak indication
INSP000007439,EQ00002464,2022-08-05,Safety Device,Pass,Minor corrosion
INSP000007440,EQ00002464,2025-01-04,NDT,Pass,Leak indication
INSP000007441,EQ00002465,2024-10-11,Thickness,Defect Found,Vibration concern
INSP000007442,EQ00002465,2021-10-25,Electrical,Pass,Leak indication
INSP000007443,EQ00002465,2026-06-07,Safety Device,Defect Found,Minor corrosion
INSP000007444,EQ00002465,2024-11-12,Functional,Pass,None
INSP000007445,EQ00002465,2025-08-08,Functional,Defect Found,Alarm test issue
INSP000007446,EQ00002466,2022-05-22,Visual,Pass,Leak indication
INSP000007447,EQ00002466,2024-12-05,Functional,Defect Found,Alarm test issue
INSP000007448,EQ00002466,2022-11-28,NDT,Defect Found,Vibration concern
INSP000007449,EQ00002466,2023-02-19,Safety Device,Pass,Leak indication
INSP000007450,EQ00002466,2022-01-07,Safety Device,Defect Found,Vibration concern
INSP000007451,EQ00002467,2025-06-26,Visual,Pass,Alarm test issue
INSP000007452,EQ00002467,2022-06-09,Thickness,Conditional,None
INSP000007453,EQ00002468,2021-02-15,Electrical,Defect Found,Leak indication
INSP000007454,EQ00002468,2025-08-03,Thickness,Conditional,None
INSP000007455,EQ00002468,2021-09-12,Thickness,Conditional,Vibration concern
INSP000007456,EQ00002469,2023-12-20,Visual,Conditional,Minor corrosion
INSP000007457,EQ00002469,2021-11-26,Safety Device,Pass,None
INSP000007458,EQ00002469,2023-05-10,Safety Device,Pass,None
INSP000007459,EQ00002469,2023-06-13,NDT,Pass,Minor corrosion
INSP000007460,EQ00002469,2026-06-03,Electrical,Pass,Leak indication
INSP000007461,EQ00002470,2023-10-23,NDT,Pass,Leak indication
INSP000007462,EQ00002470,2023-10-07,Thickness,Pass,Minor corrosion
INSP000007463,EQ00002470,2022-01-23,Visual,Defect Found,Vibration concern
INSP000007464,EQ00002470,2024-03-23,Safety Device,Pass,None
INSP000007465,EQ00002470,2021-11-14,Thickness,Pass,Alarm test issue
INSP000007466,EQ00002471,2023-04-09,Thickness,Conditional,Leak indication
INSP000007467,EQ00002471,2022-08-08,Safety Device,Pass,None
INSP000007468,EQ00002471,2021-08-24,Visual,Pass,Alarm test issue
INSP000007469,EQ00002472,2026-05-19,Thickness,Pass,Leak indication
INSP000007470,EQ00002472,2021-11-21,Thickness,Pass,Leak indication
INSP000007471,EQ00002472,2025-06-23,Safety Device,Conditional,Vibration concern
INSP000007472,EQ00002472,2022-10-23,Visual,Pass,Alarm test issue
INSP000007473,EQ00002472,2021-04-03,Electrical,Pass,None
INSP000007474,EQ00002473,2021-03-18,Functional,Pass,Leak indication
INSP000007475,EQ00002473,2025-06-06,Thickness,Pass,Vibration concern
INSP000007476,EQ00002473,2022-10-19,Thickness,Pass,Leak indication
INSP000007477,EQ00002473,2021-06-11,NDT,Pass,Leak indication
INSP000007478,EQ00002474,2023-11-20,Visual,Conditional,Vibration concern
INSP000007479,EQ00002474,2022-01-06,Safety Device,Pass,Alarm test issue
INSP000007480,EQ00002474,2025-03-06,Safety Device,Pass,Alarm test issue
INSP000007481,EQ00002474,2022-05-31,Safety Device,Pass,Alarm test issue
INSP000007482,EQ00002475,2024-03-20,Electrical,Pass,Alarm test issue
INSP000007483,EQ00002475,2025-02-01,NDT,Pass,None
INSP000007484,EQ00002475,2025-04-01,Thickness,Pass,Alarm test issue
INSP000007485,EQ00002475,2023-06-08,Electrical,Conditional,Alarm test issue
INSP000007486,EQ00002476,2022-05-06,Thickness,Pass,Vibration concern
INSP000007487,EQ00002476,2023-07-07,Electrical,Pass,Minor corrosion
INSP000007488,EQ00002476,2025-07-31,NDT,Pass,Leak indication
INSP000007489,EQ00002476,2024-01-07,Thickness,Pass,Leak indication
INSP000007490,EQ00002477,2021-04-28,Safety Device,Pass,Minor corrosion
INSP000007491,EQ00002477,2021-08-08,Electrical,Defect Found,Alarm test issue
INSP000007492,EQ00002477,2023-11-23,NDT,Defect Found,Vibration concern
INSP000007493,EQ00002477,2021-10-01,NDT,Pass,Alarm test issue
INSP000007494,EQ00002478,2024-11-25,NDT,Pass,Leak indication
INSP000007495,EQ00002478,2022-09-18,Thickness,Defect Found,Leak indication
INSP000007496,EQ00002478,2021-03-30,Functional,Pass,Vibration concern
INSP000007497,EQ00002478,2024-07-21,Thickness,Pass,Minor corrosion
INSP000007498,EQ00002479,2026-04-22,NDT,Pass,Vibration concern
INSP000007499,EQ00002479,2025-01-10,Thickness,Pass,Leak indication
INSP000007500,EQ00002479,2021-06-08,NDT,Pass,Alarm test issue
INSP000007501,EQ00002480,2023-07-13,Visual,Pass,Minor corrosion
INSP000007502,EQ00002480,2021-04-04,Thickness,Conditional,None
INSP000007503,EQ00002480,2023-09-24,Thickness,Conditional,Alarm test issue
INSP000007504,EQ00002480,2022-03-16,Safety Device,Defect Found,Leak indication
INSP000007505,EQ00002481,2022-06-04,Safety Device,Conditional,Minor corrosion
INSP000007506,EQ00002481,2023-08-22,Safety Device,Pass,Minor corrosion
INSP000007507,EQ00002481,2022-01-15,Visual,Pass,Alarm test issue
INSP000007508,EQ00002481,2021-02-06,Functional,Pass,Minor corrosion
INSP000007509,EQ00002481,2025-04-22,Safety Device,Pass,Minor corrosion
INSP000007510,EQ00002482,2024-07-26,Safety Device,Pass,Alarm test issue
INSP000007511,EQ00002482,2025-06-08,Safety Device,Pass,Alarm test issue
INSP000007512,EQ00002482,2024-05-18,NDT,Pass,Minor corrosion
INSP000007513,EQ00002482,2022-07-28,Thickness,Pass,Vibration concern
INSP000007514,EQ00002483,2022-09-03,Visual,Pass,Leak indication
INSP000007515,EQ00002483,2024-09-01,Safety Device,Pass,Alarm test issue
INSP000007516,EQ00002483,2026-02-08,Thickness,Pass,None
INSP000007517,EQ00002484,2021-07-25,Electrical,Defect Found,Alarm test issue
INSP000007518,EQ00002484,2024-09-21,NDT,Defect Found,Vibration concern
INSP000007519,EQ00002485,2026-05-26,NDT,Pass,Leak indication
INSP000007520,EQ00002485,2022-01-28,Safety Device,Defect Found,None
INSP000007521,EQ00002485,2024-04-04,Thickness,Pass,None
INSP000007522,EQ00002485,2021-12-23,Safety Device,Pass,Leak indication
INSP000007523,EQ00002485,2023-06-13,Thickness,Defect Found,Minor corrosion
INSP000007524,EQ00002486,2025-12-22,Functional,Conditional,Vibration concern
INSP000007525,EQ00002487,2024-09-29,Thickness,Pass,Leak indication
INSP000007526,EQ00002488,2021-12-12,Safety Device,Defect Found,Vibration concern
INSP000007527,EQ00002488,2021-06-20,Thickness,Pass,Minor corrosion
INSP000007528,EQ00002488,2021-12-18,Electrical,Pass,Leak indication
INSP000007529,EQ00002489,2023-08-06,NDT,Pass,Leak indication
INSP000007530,EQ00002489,2025-07-04,Visual,Defect Found,Vibration concern
INSP000007531,EQ00002489,2023-12-16,Visual,Defect Found,Vibration concern
INSP000007532,EQ00002489,2021-10-27,Functional,Conditional,Minor corrosion
INSP000007533,EQ00002489,2025-09-28,Visual,Pass,Minor corrosion
INSP000007534,EQ00002490,2023-07-05,Thickness,Conditional,None
INSP000007535,EQ00002490,2022-07-29,NDT,Pass,Minor corrosion
INSP000007536,EQ00002490,2024-10-27,Thickness,Defect Found,Leak indication
INSP000007537,EQ00002491,2023-05-05,Electrical,Pass,Leak indication
INSP000007538,EQ00002492,2022-08-10,Functional,Pass,Leak indication
INSP000007539,EQ00002492,2022-05-30,Safety Device,Pass,Minor corrosion
INSP000007540,EQ00002492,2021-07-09,Electrical,Defect Found,Alarm test issue
INSP000007541,EQ00002493,2025-12-07,Safety Device,Pass,Vibration concern
INSP000007542,EQ00002493,2024-02-18,Visual,Defect Found,Minor corrosion
INSP000007543,EQ00002493,2025-02-15,Visual,Pass,Leak indication
INSP000007544,EQ00002493,2025-11-14,Thickness,Pass,None
INSP000007545,EQ00002494,2024-06-09,Electrical,Conditional,Alarm test issue
INSP000007546,EQ00002494,2021-12-06,Thickness,Defect Found,Vibration concern
INSP000007547,EQ00002494,2021-04-20,Visual,Pass,Minor corrosion
INSP000007548,EQ00002494,2025-04-30,Visual,Conditional,Leak indication
INSP000007549,EQ00002494,2022-07-11,NDT,Pass,Leak indication
INSP000007550,EQ00002495,2026-02-24,Safety Device,Pass,Minor corrosion
INSP000007551,EQ00002495,2021-01-19,Functional,Defect Found,None
INSP000007552,EQ00002496,2025-01-20,Safety Device,Pass,Minor corrosion
INSP000007553,EQ00002496,2025-01-16,NDT,Conditional,Leak indication
INSP000007554,EQ00002496,2021-05-23,Safety Device,Pass,Minor corrosion
INSP000007555,EQ00002496,2022-05-10,Functional,Pass,None
INSP000007556,EQ00002497,2021-01-29,NDT,Pass,None
INSP000007557,EQ00002497,2026-02-23,Thickness,Pass,Leak indication
INSP000007558,EQ00002497,2022-04-02,Thickness,Pass,Leak indication
INSP000007559,EQ00002498,2026-04-25,Electrical,Pass,None
INSP000007560,EQ00002499,2022-05-11,NDT,Defect Found,Alarm test issue
INSP000007561,EQ00002499,2022-05-25,NDT,Pass,Vibration concern
INSP000007562,EQ00002499,2022-09-22,Thickness,Pass,Alarm test issue
INSP000007563,EQ00002499,2025-08-27,NDT,Pass,Minor corrosion
INSP000007564,EQ00002499,2021-05-28,Thickness,Defect Found,None
INSP000007565,EQ00002500,2023-08-04,Safety Device,Defect Found,Minor corrosion
INSP000007566,EQ00002500,2023-10-29,Functional,Defect Found,Alarm test issue
INSP000007567,EQ00002500,2023-01-18,Thickness,Pass,Minor corrosion
INSP000007568,EQ00002500,2021-07-29,Electrical,Pass,Leak indication
INSP000007569,EQ00002501,2024-04-20,Functional,Pass,Leak indication
INSP000007570,EQ00002501,2024-03-04,Visual,Pass,Vibration concern
INSP000007571,EQ00002501,2025-08-20,Electrical,Pass,None
INSP000007572,EQ00002502,2024-06-04,Functional,Defect Found,Alarm test issue
INSP000007573,EQ00002503,2024-12-01,Safety Device,Conditional,Vibration concern
INSP000007574,EQ00002503,2021-04-23,Thickness,Pass,Minor corrosion
INSP000007575,EQ00002503,2025-01-16,Safety Device,Defect Found,Vibration concern
INSP000007576,EQ00002503,2021-03-27,Visual,Pass,Minor corrosion
INSP000007577,EQ00002503,2025-06-19,Safety Device,Conditional,None
INSP000007578,EQ00002504,2025-07-13,Electrical,Pass,Leak indication
INSP000007579,EQ00002505,2023-12-21,Functional,Conditional,Vibration concern
INSP000007580,EQ00002505,2025-04-02,Electrical,Conditional,Leak indication
INSP000007581,EQ00002505,2025-04-29,Thickness,Defect Found,None
INSP000007582,EQ00002505,2024-09-30,NDT,Pass,Vibration concern
INSP000007583,EQ00002505,2023-11-05,Visual,Conditional,Leak indication
INSP000007584,EQ00002506,2021-05-10,Visual,Pass,Minor corrosion
INSP000007585,EQ00002506,2021-09-21,Visual,Pass,None
INSP000007586,EQ00002506,2026-01-19,Safety Device,Pass,Minor corrosion
INSP000007587,EQ00002507,2021-01-10,Electrical,Pass,Vibration concern
INSP000007588,EQ00002507,2023-02-08,Visual,Defect Found,Alarm test issue
INSP000007589,EQ00002508,2023-06-12,Thickness,Pass,Minor corrosion
INSP000007590,EQ00002509,2022-01-10,Visual,Pass,Leak indication
INSP000007591,EQ00002509,2025-01-04,Functional,Defect Found,None
INSP000007592,EQ00002510,2021-11-07,NDT,Pass,Minor corrosion
INSP000007593,EQ00002510,2024-03-29,NDT,Pass,Vibration concern
INSP000007594,EQ00002511,2022-08-16,Safety Device,Pass,Leak indication
INSP000007595,EQ00002511,2023-09-28,NDT,Conditional,Minor corrosion
INSP000007596,EQ00002511,2024-06-28,Visual,Pass,Alarm test issue
INSP000007597,EQ00002511,2025-10-01,Functional,Pass,Alarm test issue
INSP000007598,EQ00002511,2022-10-15,Functional,Pass,Leak indication
INSP000007599,EQ00002512,2024-06-20,Thickness,Pass,Alarm test issue
INSP000007600,EQ00002513,2021-05-10,Functional,Pass,Minor corrosion
INSP000007601,EQ00002514,2021-12-07,Thickness,Pass,None
INSP000007602,EQ00002514,2025-09-13,Thickness,Pass,Vibration concern
INSP000007603,EQ00002514,2023-03-24,Thickness,Pass,Alarm test issue
INSP000007604,EQ00002514,2026-01-12,Visual,Pass,Minor corrosion
INSP000007605,EQ00002515,2024-10-17,Visual,Pass,Leak indication
INSP000007606,EQ00002516,2024-03-22,Electrical,Pass,None
INSP000007607,EQ00002516,2024-07-22,Visual,Defect Found,None
INSP000007608,EQ00002516,2022-09-26,Functional,Pass,Leak indication
INSP000007609,EQ00002516,2025-09-22,Safety Device,Conditional,Leak indication
INSP000007610,EQ00002516,2024-04-23,NDT,Pass,Vibration concern
INSP000007611,EQ00002517,2024-05-12,Functional,Pass,Minor corrosion
INSP000007612,EQ00002518,2025-09-11,NDT,Pass,Alarm test issue
INSP000007613,EQ00002518,2025-08-12,NDT,Pass,Alarm test issue
INSP000007614,EQ00002518,2026-04-17,Electrical,Pass,None
INSP000007615,EQ00002519,2022-09-26,Electrical,Conditional,Alarm test issue
INSP000007616,EQ00002519,2023-03-28,Functional,Pass,Minor corrosion
INSP000007617,EQ00002519,2022-06-06,Electrical,Pass,Alarm test issue
INSP000007618,EQ00002519,2026-06-29,Safety Device,Conditional,Alarm test issue
INSP000007619,EQ00002519,2026-08-01,Functional,Pass,Vibration concern
INSP000007620,EQ00002520,2025-04-09,Thickness,Conditional,Vibration concern
INSP000007621,EQ00002520,2026-02-17,Electrical,Conditional,None
INSP000007622,EQ00002521,2024-06-13,Functional,Conditional,None
INSP000007623,EQ00002521,2022-10-31,Thickness,Pass,Alarm test issue
INSP000007624,EQ00002521,2025-05-25,Visual,Pass,Alarm test issue
INSP000007625,EQ00002521,2023-06-03,NDT,Pass,Leak indication
INSP000007626,EQ00002521,2025-10-22,Electrical,Defect Found,Alarm test issue
INSP000007627,EQ00002522,2024-06-05,NDT,Pass,Leak indication
INSP000007628,EQ00002522,2024-09-01,Thickness,Pass,Alarm test issue
INSP000007629,EQ00002523,2024-07-19,Electrical,Pass,Alarm test issue
INSP000007630,EQ00002524,2024-10-05,Visual,Pass,Alarm test issue
INSP000007631,EQ00002524,2021-07-30,Visual,Pass,Minor corrosion
INSP000007632,EQ00002524,2023-07-24,Functional,Pass,Leak indication
INSP000007633,EQ00002524,2021-08-02,Electrical,Pass,None
INSP000007634,EQ00002524,2023-12-14,NDT,Pass,Minor corrosion
INSP000007635,EQ00002525,2024-05-12,Visual,Pass,None
INSP000007636,EQ00002525,2023-12-09,Thickness,Pass,Alarm test issue
INSP000007637,EQ00002525,2025-04-25,NDT,Conditional,Alarm test issue
INSP000007638,EQ00002526,2021-02-13,Electrical,Defect Found,Alarm test issue
INSP000007639,EQ00002526,2025-04-23,Thickness,Defect Found,None
INSP000007640,EQ00002526,2023-06-07,NDT,Conditional,Leak indication
INSP000007641,EQ00002526,2023-05-15,Safety Device,Conditional,Leak indication
INSP000007642,EQ00002527,2026-05-20,Visual,Pass,Alarm test issue
INSP000007643,EQ00002527,2024-01-21,Visual,Pass,Alarm test issue
INSP000007644,EQ00002527,2026-01-23,NDT,Pass,Alarm test issue
INSP000007645,EQ00002528,2024-09-23,Electrical,Pass,Minor corrosion
INSP000007646,EQ00002529,2025-09-14,Thickness,Pass,Minor corrosion
INSP000007647,EQ00002530,2024-12-22,NDT,Pass,Minor corrosion
INSP000007648,EQ00002530,2021-04-29,Thickness,Conditional,Alarm test issue
INSP000007649,EQ00002530,2024-11-20,NDT,Defect Found,None
INSP000007650,EQ00002530,2023-01-09,Electrical,Defect Found,Leak indication
INSP000007651,EQ00002531,2021-10-27,Visual,Conditional,Vibration concern
INSP000007652,EQ00002531,2025-11-17,Thickness,Pass,Minor corrosion
INSP000007653,EQ00002531,2021-06-21,Functional,Pass,Alarm test issue
INSP000007654,EQ00002532,2025-08-11,Safety Device,Pass,Leak indication
INSP000007655,EQ00002533,2026-05-17,Electrical,Pass,Vibration concern
INSP000007656,EQ00002533,2025-09-20,Thickness,Pass,None
INSP000007657,EQ00002533,2021-08-30,Safety Device,Pass,Alarm test issue
INSP000007658,EQ00002534,2022-01-08,NDT,Defect Found,Vibration concern
INSP000007659,EQ00002534,2024-07-19,Visual,Conditional,None
INSP000007660,EQ00002534,2025-12-27,Electrical,Pass,Minor corrosion
INSP000007661,EQ00002535,2023-10-24,Thickness,Defect Found,None
INSP000007662,EQ00002535,2024-12-16,NDT,Pass,Minor corrosion
INSP000007663,EQ00002536,2022-06-09,Safety Device,Defect Found,Leak indication
INSP000007664,EQ00002536,2025-06-01,Visual,Pass,None
INSP000007665,EQ00002536,2022-01-03,Functional,Pass,None
INSP000007666,EQ00002537,2022-10-02,NDT,Pass,Vibration concern
INSP000007667,EQ00002537,2021-05-29,Electrical,Pass,Minor corrosion
INSP000007668,EQ00002537,2023-07-21,NDT,Pass,Vibration concern
INSP000007669,EQ00002537,2023-11-17,Electrical,Pass,Minor corrosion
INSP000007670,EQ00002537,2022-09-03,Safety Device,Defect Found,Vibration concern
INSP000007671,EQ00002538,2022-06-15,Electrical,Conditional,None
INSP000007672,EQ00002538,2024-12-14,Electrical,Pass,Minor corrosion
INSP000007673,EQ00002538,2025-01-12,Safety Device,Defect Found,None
INSP000007674,EQ00002538,2025-09-27,Thickness,Pass,Vibration concern
INSP000007675,EQ00002538,2025-05-26,Electrical,Pass,None
INSP000007676,EQ00002539,2023-10-01,Electrical,Pass,Vibration concern
INSP000007677,EQ00002539,2024-02-01,NDT,Pass,Minor corrosion
INSP000007678,EQ00002539,2021-07-09,Electrical,Pass,Minor corrosion
INSP000007679,EQ00002540,2021-10-07,Functional,Defect Found,Leak indication
INSP000007680,EQ00002540,2025-08-07,Safety Device,Pass,Leak indication
INSP000007681,EQ00002541,2024-10-24,Safety Device,Pass,Minor corrosion
INSP000007682,EQ00002541,2022-10-06,Thickness,Pass,Vibration concern
INSP000007683,EQ00002541,2022-03-03,Visual,Pass,Leak indication
INSP000007684,EQ00002541,2022-02-26,Visual,Pass,Alarm test issue
INSP000007685,EQ00002542,2023-04-27,Electrical,Pass,Alarm test issue
INSP000007686,EQ00002543,2025-09-28,Functional,Pass,Vibration concern
INSP000007687,EQ00002544,2024-11-02,Functional,Pass,None
INSP000007688,EQ00002544,2023-02-03,Thickness,Defect Found,Alarm test issue
INSP000007689,EQ00002544,2023-07-21,Electrical,Pass,Alarm test issue
INSP000007690,EQ00002545,2024-05-25,Safety Device,Pass,None
INSP000007691,EQ00002545,2025-07-03,Functional,Conditional,None
INSP000007692,EQ00002545,2024-05-17,Thickness,Defect Found,Vibration concern
INSP000007693,EQ00002546,2021-05-28,Functional,Pass,Minor corrosion
INSP000007694,EQ00002546,2026-01-03,NDT,Pass,Alarm test issue
INSP000007695,EQ00002547,2021-07-09,Electrical,Conditional,Minor corrosion
INSP000007696,EQ00002547,2024-09-23,Functional,Pass,Alarm test issue
INSP000007697,EQ00002547,2024-01-24,Thickness,Conditional,Alarm test issue
INSP000007698,EQ00002548,2026-07-23,Electrical,Conditional,Minor corrosion
INSP000007699,EQ00002549,2024-04-01,Functional,Pass,Minor corrosion
INSP000007700,EQ00002549,2023-12-17,Thickness,Defect Found,Alarm test issue
INSP000007701,EQ00002549,2023-03-08,Visual,Conditional,Leak indication
INSP000007702,EQ00002549,2025-01-30,Electrical,Conditional,None
INSP000007703,EQ00002549,2024-07-28,NDT,Pass,Minor corrosion
INSP000007704,EQ00002550,2025-05-08,Safety Device,Pass,Leak indication
INSP000007705,EQ00002550,2022-07-28,Thickness,Pass,None
INSP000007706,EQ00002551,2023-11-11,Electrical,Conditional,Minor corrosion
INSP000007707,EQ00002551,2021-08-09,Thickness,Defect Found,Leak indication
INSP000007708,EQ00002551,2026-02-18,Functional,Pass,Leak indication
INSP000007709,EQ00002552,2024-07-08,NDT,Pass,Alarm test issue
INSP000007710,EQ00002552,2025-09-20,Electrical,Conditional,Alarm test issue
INSP000007711,EQ00002553,2022-06-19,Visual,Pass,Alarm test issue
INSP000007712,EQ00002553,2022-06-01,Safety Device,Defect Found,Minor corrosion
INSP000007713,EQ00002554,2024-06-17,NDT,Conditional,None
INSP000007714,EQ00002554,2023-02-19,NDT,Pass,Minor corrosion
INSP000007715,EQ00002555,2021-10-01,Safety Device,Defect Found,Vibration concern
INSP000007716,EQ00002555,2024-05-01,Safety Device,Pass,Minor corrosion
INSP000007717,EQ00002555,2025-05-01,NDT,Pass,Leak indication
INSP000007718,EQ00002556,2025-08-25,Visual,Pass,Minor corrosion
INSP000007719,EQ00002556,2023-02-08,Safety Device,Defect Found,Alarm test issue
INSP000007720,EQ00002556,2024-07-25,Thickness,Defect Found,Minor corrosion
INSP000007721,EQ00002557,2023-02-04,Visual,Pass,Minor corrosion
INSP000007722,EQ00002557,2023-07-30,Electrical,Pass,Vibration concern
INSP000007723,EQ00002557,2023-01-10,Electrical,Pass,Alarm test issue
INSP000007724,EQ00002557,2021-06-16,Electrical,Pass,Minor corrosion
INSP000007725,EQ00002558,2025-03-21,NDT,Conditional,None
INSP000007726,EQ00002558,2024-10-02,NDT,Defect Found,Vibration concern
INSP000007727,EQ00002558,2024-02-10,Electrical,Pass,Leak indication
INSP000007728,EQ00002558,2025-01-08,Visual,Pass,Leak indication
INSP000007729,EQ00002558,2022-04-06,Electrical,Defect Found,Alarm test issue
INSP000007730,EQ00002559,2021-08-14,Electrical,Defect Found,Vibration concern
INSP000007731,EQ00002560,2025-09-28,Thickness,Defect Found,Alarm test issue
INSP000007732,EQ00002560,2021-11-11,Electrical,Conditional,None
INSP000007733,EQ00002561,2023-03-10,Functional,Pass,Vibration concern
INSP000007734,EQ00002562,2021-03-12,Thickness,Conditional,Leak indication
INSP000007735,EQ00002563,2023-02-07,Electrical,Defect Found,None
INSP000007736,EQ00002563,2021-07-21,Thickness,Pass,Vibration concern
INSP000007737,EQ00002563,2025-07-12,Visual,Defect Found,Vibration concern
INSP000007738,EQ00002563,2023-02-25,Electrical,Defect Found,Leak indication
INSP000007739,EQ00002563,2021-09-29,Electrical,Defect Found,None
INSP000007740,EQ00002564,2025-10-08,Safety Device,Pass,Leak indication
INSP000007741,EQ00002564,2024-01-13,Electrical,Defect Found,Leak indication
INSP000007742,EQ00002564,2025-05-25,Functional,Defect Found,Leak indication
INSP000007743,EQ00002565,2025-02-16,Electrical,Pass,Minor corrosion
INSP000007744,EQ00002566,2024-07-28,Electrical,Conditional,Vibration concern
INSP000007745,EQ00002566,2026-08-22,Electrical,Conditional,Leak indication
INSP000007746,EQ00002566,2025-11-08,Safety Device,Pass,Minor corrosion
INSP000007747,EQ00002566,2025-09-21,Functional,Pass,Alarm test issue
INSP000007748,EQ00002566,2022-09-30,NDT,Pass,None
INSP000007749,EQ00002567,2025-03-22,NDT,Conditional,Vibration concern
INSP000007750,EQ00002568,2022-03-14,NDT,Pass,Vibration concern
INSP000007751,EQ00002569,2021-04-07,NDT,Pass,Minor corrosion
INSP000007752,EQ00002569,2021-05-31,Visual,Defect Found,None
INSP000007753,EQ00002569,2021-07-08,Electrical,Conditional,None
INSP000007754,EQ00002569,2023-11-19,Thickness,Conditional,Leak indication
INSP000007755,EQ00002570,2025-11-22,Thickness,Pass,Alarm test issue
INSP000007756,EQ00002570,2023-12-14,Safety Device,Pass,Minor corrosion
INSP000007757,EQ00002570,2024-10-10,Functional,Pass,Leak indication
INSP000007758,EQ00002571,2025-08-08,Safety Device,Conditional,Alarm test issue
INSP000007759,EQ00002571,2022-03-01,Functional,Conditional,None
INSP000007760,EQ00002572,2023-07-08,Thickness,Conditional,Minor corrosion
INSP000007761,EQ00002573,2024-04-20,Visual,Pass,Leak indication
INSP000007762,EQ00002574,2025-03-11,Electrical,Pass,None
INSP000007763,EQ00002575,2025-01-30,NDT,Pass,Leak indication
INSP000007764,EQ00002575,2025-03-20,Electrical,Pass,None
INSP000007765,EQ00002575,2022-04-22,Thickness,Pass,Alarm test issue
INSP000007766,EQ00002576,2025-08-05,Visual,Pass,Vibration concern
INSP000007767,EQ00002576,2021-11-05,Safety Device,Defect Found,Minor corrosion
INSP000007768,EQ00002576,2023-05-11,Safety Device,Pass,None
INSP000007769,EQ00002576,2021-06-11,Safety Device,Pass,None
INSP000007770,EQ00002577,2025-10-26,Functional,Defect Found,Leak indication
INSP000007771,EQ00002577,2026-02-02,Functional,Conditional,Vibration concern
INSP000007772,EQ00002577,2023-07-23,Visual,Pass,Leak indication
INSP000007773,EQ00002577,2021-04-08,Functional,Pass,None
INSP000007774,EQ00002578,2021-07-25,Thickness,Pass,Minor corrosion
INSP000007775,EQ00002578,2022-05-20,Electrical,Conditional,Vibration concern
INSP000007776,EQ00002578,2026-07-06,NDT,Pass,Leak indication
INSP000007777,EQ00002579,2024-11-11,Visual,Pass,Vibration concern
INSP000007778,EQ00002579,2025-10-15,Functional,Pass,Minor corrosion
INSP000007779,EQ00002579,2021-08-21,Electrical,Pass,Leak indication
INSP000007780,EQ00002579,2021-07-30,Safety Device,Defect Found,Alarm test issue
INSP000007781,EQ00002580,2022-10-22,Visual,Conditional,Leak indication
INSP000007782,EQ00002581,2022-09-21,Functional,Conditional,Leak indication
INSP000007783,EQ00002581,2023-10-19,Visual,Defect Found,Vibration concern
INSP000007784,EQ00002581,2024-03-22,Thickness,Pass,Alarm test issue
INSP000007785,EQ00002581,2026-02-02,Electrical,Pass,None
INSP000007786,EQ00002582,2021-11-10,Safety Device,Pass,Vibration concern
INSP000007787,EQ00002582,2026-02-02,NDT,Conditional,Leak indication
INSP000007788,EQ00002583,2023-08-29,Safety Device,Pass,Vibration concern
INSP000007789,EQ00002583,2021-05-31,Safety Device,Conditional,Minor corrosion
INSP000007790,EQ00002583,2024-08-22,Electrical,Pass,None
INSP000007791,EQ00002583,2023-03-19,Functional,Conditional,Alarm test issue
INSP000007792,EQ00002583,2024-12-03,Electrical,Defect Found,Alarm test issue
INSP000007793,EQ00002584,2025-11-16,Thickness,Pass,Leak indication
INSP000007794,EQ00002585,2022-05-06,Safety Device,Defect Found,Leak indication
INSP000007795,EQ00002585,2025-01-27,Safety Device,Pass,Minor corrosion
INSP000007796,EQ00002585,2025-09-24,Functional,Pass,Leak indication
INSP000007797,EQ00002585,2024-12-09,Safety Device,Pass,Minor corrosion
INSP000007798,EQ00002586,2025-08-23,Thickness,Pass,Alarm test issue
INSP000007799,EQ00002586,2021-04-27,Visual,Pass,Vibration concern
INSP000007800,EQ00002586,2025-12-06,Electrical,Pass,Vibration concern
INSP000007801,EQ00002586,2025-04-23,Functional,Pass,Leak indication
INSP000007802,EQ00002587,2025-04-19,Electrical,Conditional,Vibration concern
INSP000007803,EQ00002587,2022-03-28,Thickness,Pass,Vibration concern
INSP000007804,EQ00002587,2025-02-27,Visual,Pass,Leak indication
INSP000007805,EQ00002588,2021-09-17,Functional,Conditional,Vibration concern
INSP000007806,EQ00002588,2022-01-25,Safety Device,Pass,Alarm test issue
INSP000007807,EQ00002588,2023-06-06,Safety Device,Pass,None
INSP000007808,EQ00002588,2023-02-08,Thickness,Defect Found,Alarm test issue
INSP000007809,EQ00002589,2022-02-26,Safety Device,Pass,Minor corrosion
INSP000007810,EQ00002589,2026-06-19,NDT,Conditional,None
INSP000007811,EQ00002589,2023-08-30,Functional,Conditional,Leak indication
INSP000007812,EQ00002589,2021-07-08,Functional,Conditional,None
INSP000007813,EQ00002590,2025-10-21,Thickness,Pass,None
INSP000007814,EQ00002590,2022-03-23,Thickness,Defect Found,Alarm test issue
INSP000007815,EQ00002590,2025-02-04,Visual,Pass,Alarm test issue
INSP000007816,EQ00002590,2024-08-13,Visual,Defect Found,None
INSP000007817,EQ00002590,2022-08-09,Safety Device,Pass,Alarm test issue
INSP000007818,EQ00002591,2026-07-25,Thickness,Pass,Vibration concern
INSP000007819,EQ00002591,2025-06-14,Electrical,Pass,Minor corrosion
INSP000007820,EQ00002591,2026-03-19,Safety Device,Pass,Vibration concern
INSP000007821,EQ00002592,2026-01-07,Thickness,Pass,Vibration concern
INSP000007822,EQ00002592,2026-01-11,NDT,Conditional,Leak indication
INSP000007823,EQ00002593,2024-01-01,NDT,Conditional,None
INSP000007824,EQ00002594,2024-09-07,Thickness,Pass,Vibration concern
INSP000007825,EQ00002594,2022-11-03,Thickness,Pass,Leak indication
INSP000007826,EQ00002595,2025-05-26,NDT,Conditional,Leak indication
INSP000007827,EQ00002596,2021-02-26,Electrical,Pass,Leak indication
INSP000007828,EQ00002596,2022-03-17,Thickness,Pass,Vibration concern
INSP000007829,EQ00002597,2025-01-25,Electrical,Pass,Vibration concern
INSP000007830,EQ00002597,2021-10-18,Safety Device,Pass,Vibration concern
INSP000007831,EQ00002598,2023-10-06,Safety Device,Pass,Alarm test issue
INSP000007832,EQ00002598,2021-11-16,Thickness,Pass,Alarm test issue
INSP000007833,EQ00002598,2021-10-22,Thickness,Defect Found,Minor corrosion
INSP000007834,EQ00002598,2024-02-25,Functional,Pass,Minor corrosion
INSP000007835,EQ00002598,2022-04-01,NDT,Pass,Alarm test issue
INSP000007836,EQ00002599,2026-05-23,Safety Device,Pass,Leak indication
INSP000007837,EQ00002600,2022-01-01,Thickness,Pass,Leak indication
INSP000007838,EQ00002600,2025-06-10,Visual,Pass,None
INSP000007839,EQ00002601,2022-04-07,Safety Device,Pass,None
INSP000007840,EQ00002601,2022-03-31,Thickness,Defect Found,Alarm test issue
INSP000007841,EQ00002601,2024-04-05,NDT,Pass,Leak indication
INSP000007842,EQ00002601,2021-11-02,Safety Device,Pass,Alarm test issue
INSP000007843,EQ00002601,2022-07-04,Thickness,Pass,Minor corrosion
INSP000007844,EQ00002602,2024-04-09,Thickness,Conditional,Vibration concern
INSP000007845,EQ00002602,2025-01-26,Safety Device,Pass,Minor corrosion
INSP000007846,EQ00002602,2024-08-16,NDT,Pass,Vibration concern
INSP000007847,EQ00002603,2023-01-07,Functional,Conditional,Minor corrosion
INSP000007848,EQ00002603,2026-07-29,Electrical,Pass,Leak indication
INSP000007849,EQ00002603,2022-08-01,Visual,Pass,Vibration concern
INSP000007850,EQ00002603,2023-06-18,Thickness,Conditional,Alarm test issue
INSP000007851,EQ00002604,2022-01-22,Functional,Pass,Leak indication
INSP000007852,EQ00002604,2022-11-23,Electrical,Conditional,Alarm test issue
INSP000007853,EQ00002604,2023-03-26,Visual,Defect Found,Minor corrosion
INSP000007854,EQ00002604,2023-03-01,Electrical,Pass,Leak indication
INSP000007855,EQ00002605,2021-08-13,Visual,Pass,Alarm test issue
INSP000007856,EQ00002605,2025-08-13,Thickness,Pass,Leak indication
INSP000007857,EQ00002605,2022-09-10,Visual,Pass,Vibration concern
INSP000007858,EQ00002605,2021-08-30,Visual,Pass,Alarm test issue
INSP000007859,EQ00002606,2022-07-26,Safety Device,Defect Found,Vibration concern
INSP000007860,EQ00002606,2025-01-09,Thickness,Pass,Leak indication
INSP000007861,EQ00002606,2023-03-31,Electrical,Conditional,None
INSP000007862,EQ00002606,2025-03-18,Safety Device,Defect Found,Leak indication
INSP000007863,EQ00002607,2022-07-18,Electrical,Pass,Vibration concern
INSP000007864,EQ00002607,2026-05-18,Electrical,Defect Found,Leak indication
INSP000007865,EQ00002607,2022-05-30,Electrical,Pass,Minor corrosion
INSP000007866,EQ00002607,2026-05-17,Visual,Pass,Minor corrosion
INSP000007867,EQ00002607,2021-09-12,Thickness,Conditional,Alarm test issue
INSP000007868,EQ00002608,2023-12-12,NDT,Pass,Vibration concern
INSP000007869,EQ00002608,2026-03-22,Electrical,Defect Found,None
INSP000007870,EQ00002609,2021-02-20,Visual,Pass,None
INSP000007871,EQ00002609,2022-10-16,Visual,Pass,Leak indication
INSP000007872,EQ00002609,2022-05-12,Visual,Pass,Minor corrosion
INSP000007873,EQ00002609,2025-01-29,Safety Device,Conditional,Minor corrosion
INSP000007874,EQ00002610,2022-10-11,Visual,Defect Found,Minor corrosion
INSP000007875,EQ00002610,2022-01-20,Safety Device,Pass,Minor corrosion
INSP000007876,EQ00002610,2023-01-28,Visual,Pass,Vibration concern
INSP000007877,EQ00002611,2022-07-24,Thickness,Defect Found,None
INSP000007878,EQ00002611,2021-01-26,Safety Device,Conditional,None
INSP000007879,EQ00002611,2022-10-22,Thickness,Pass,Minor corrosion
INSP000007880,EQ00002611,2022-07-07,NDT,Defect Found,Minor corrosion
INSP000007881,EQ00002611,2021-02-25,Electrical,Pass,Vibration concern
INSP000007882,EQ00002612,2022-12-21,Visual,Defect Found,Alarm test issue
INSP000007883,EQ00002612,2022-12-11,Electrical,Pass,None
INSP000007884,EQ00002612,2021-11-26,Safety Device,Pass,Leak indication
INSP000007885,EQ00002613,2025-10-19,Functional,Defect Found,Minor corrosion
INSP000007886,EQ00002613,2023-02-23,Electrical,Pass,Minor corrosion
INSP000007887,EQ00002613,2024-10-30,Visual,Pass,None
INSP000007888,EQ00002613,2026-07-25,Safety Device,Defect Found,None
INSP000007889,EQ00002613,2025-08-06,Safety Device,Pass,Vibration concern
INSP000007890,EQ00002614,2021-06-27,NDT,Pass,None
INSP000007891,EQ00002614,2025-09-15,Functional,Pass,Leak indication
INSP000007892,EQ00002614,2023-01-29,Thickness,Conditional,Vibration concern
INSP000007893,EQ00002614,2025-07-02,Electrical,Conditional,Vibration concern
INSP000007894,EQ00002614,2021-09-13,Thickness,Defect Found,None
INSP000007895,EQ00002615,2025-04-25,Thickness,Pass,Alarm test issue
INSP000007896,EQ00002615,2023-09-28,Electrical,Pass,Minor corrosion
INSP000007897,EQ00002615,2021-02-27,Thickness,Conditional,Vibration concern
INSP000007898,EQ00002615,2021-10-03,NDT,Defect Found,Vibration concern
INSP000007899,EQ00002615,2026-04-10,Visual,Conditional,Alarm test issue
INSP000007900,EQ00002616,2023-12-13,NDT,Conditional,None
INSP000007901,EQ00002617,2024-11-13,Visual,Pass,Minor corrosion
INSP000007902,EQ00002617,2023-03-26,Electrical,Pass,Minor corrosion
INSP000007903,EQ00002617,2022-07-02,Functional,Pass,Vibration concern
INSP000007904,EQ00002618,2026-05-12,Electrical,Pass,Minor corrosion
INSP000007905,EQ00002618,2023-12-11,NDT,Pass,None
INSP000007906,EQ00002619,2024-05-09,Visual,Conditional,None
INSP000007907,EQ00002619,2021-08-11,Visual,Pass,Vibration concern
INSP000007908,EQ00002620,2026-07-16,Electrical,Pass,None
INSP000007909,EQ00002620,2023-10-01,NDT,Pass,Vibration concern
INSP000007910,EQ00002621,2023-10-13,NDT,Pass,Alarm test issue
INSP000007911,EQ00002621,2022-06-20,Thickness,Pass,Alarm test issue
INSP000007912,EQ00002621,2024-09-12,Thickness,Pass,Leak indication
INSP000007913,EQ00002621,2025-01-27,Functional,Pass,Minor corrosion
INSP000007914,EQ00002621,2021-02-28,NDT,Conditional,Vibration concern
INSP000007915,EQ00002622,2026-08-17,Visual,Conditional,None
INSP000007916,EQ00002622,2024-04-30,Functional,Pass,Alarm test issue
INSP000007917,EQ00002623,2025-06-08,Electrical,Defect Found,Alarm test issue
INSP000007918,EQ00002623,2021-06-08,Visual,Pass,Leak indication
INSP000007919,EQ00002624,2025-07-16,Electrical,Pass,Vibration concern
INSP000007920,EQ00002624,2024-12-04,Thickness,Pass,Minor corrosion
INSP000007921,EQ00002625,2026-05-25,Functional,Conditional,Leak indication
INSP000007922,EQ00002625,2024-12-23,Safety Device,Pass,Minor corrosion
INSP000007923,EQ00002626,2023-06-26,Electrical,Defect Found,Minor corrosion
INSP000007924,EQ00002626,2021-08-27,Functional,Defect Found,Leak indication
INSP000007925,EQ00002626,2025-04-28,Safety Device,Conditional,Minor corrosion
INSP000007926,EQ00002626,2021-04-08,Visual,Pass,None
INSP000007927,EQ00002626,2023-01-31,Thickness,Pass,Minor corrosion
INSP000007928,EQ00002627,2026-04-10,Functional,Pass,None
INSP000007929,EQ00002627,2025-12-11,Safety Device,Pass,None
INSP000007930,EQ00002627,2025-04-03,NDT,Pass,Minor corrosion
INSP000007931,EQ00002627,2024-03-15,Functional,Pass,Vibration concern
INSP000007932,EQ00002628,2021-05-14,Safety Device,Pass,Leak indication
INSP000007933,EQ00002628,2025-03-18,Safety Device,Pass,None
INSP000007934,EQ00002628,2025-07-07,Safety Device,Pass,Vibration concern
INSP000007935,EQ00002628,2022-10-01,Thickness,Pass,Minor corrosion
INSP000007936,EQ00002629,2024-09-22,Thickness,Pass,Alarm test issue
INSP000007937,EQ00002629,2023-10-09,Electrical,Pass,Minor corrosion
INSP000007938,EQ00002629,2024-02-11,Visual,Pass,Leak indication
INSP000007939,EQ00002629,2025-08-01,NDT,Conditional,Vibration concern
INSP000007940,EQ00002629,2025-01-25,Electrical,Conditional,Vibration concern
INSP000007941,EQ00002630,2024-06-30,Visual,Pass,None
INSP000007942,EQ00002630,2025-11-11,Thickness,Pass,Minor corrosion
INSP000007943,EQ00002631,2021-07-25,Safety Device,Pass,Minor corrosion
INSP000007944,EQ00002631,2022-04-20,Thickness,Pass,Leak indication
INSP000007945,EQ00002631,2026-05-18,Electrical,Pass,Alarm test issue
INSP000007946,EQ00002631,2025-12-06,Electrical,Pass,Vibration concern
INSP000007947,EQ00002632,2026-01-25,Functional,Defect Found,Minor corrosion
INSP000007948,EQ00002632,2022-01-24,Thickness,Pass,Minor corrosion
INSP000007949,EQ00002633,2023-07-28,Thickness,Pass,Alarm test issue
INSP000007950,EQ00002633,2024-10-06,Safety Device,Pass,Vibration concern
INSP000007951,EQ00002633,2021-09-25,Visual,Pass,Leak indication
INSP000007952,EQ00002633,2023-08-18,Visual,Pass,None
INSP000007953,EQ00002633,2026-02-03,Functional,Pass,Minor corrosion
INSP000007954,EQ00002634,2025-02-06,Thickness,Pass,Alarm test issue
INSP000007955,EQ00002634,2023-01-08,Thickness,Pass,Alarm test issue
INSP000007956,EQ00002635,2024-07-10,Electrical,Pass,None
INSP000007957,EQ00002636,2023-11-07,Functional,Pass,Minor corrosion
INSP000007958,EQ00002636,2023-10-21,Safety Device,Conditional,Alarm test issue
INSP000007959,EQ00002636,2023-08-09,Electrical,Pass,None
INSP000007960,EQ00002637,2021-10-16,Safety Device,Pass,None
INSP000007961,EQ00002637,2024-03-28,Visual,Pass,None
INSP000007962,EQ00002637,2025-08-11,Functional,Pass,None
INSP000007963,EQ00002637,2021-05-27,Safety Device,Defect Found,Vibration concern
INSP000007964,EQ00002637,2025-07-26,Safety Device,Pass,Alarm test issue
INSP000007965,EQ00002638,2025-02-10,NDT,Pass,None
INSP000007966,EQ00002638,2022-06-02,Safety Device,Pass,Leak indication
INSP000007967,EQ00002638,2025-01-16,Electrical,Pass,Vibration concern
INSP000007968,EQ00002638,2022-03-16,Thickness,Pass,Leak indication
INSP000007969,EQ00002638,2022-11-24,Safety Device,Pass,None
INSP000007970,EQ00002639,2022-01-04,Thickness,Pass,Leak indication
INSP000007971,EQ00002639,2021-10-28,Safety Device,Pass,Minor corrosion
INSP000007972,EQ00002640,2026-06-13,NDT,Pass,Alarm test issue
INSP000007973,EQ00002641,2022-03-07,Visual,Conditional,None
INSP000007974,EQ00002641,2025-12-13,Electrical,Pass,Minor corrosion
INSP000007975,EQ00002641,2026-03-17,Visual,Pass,None
INSP000007976,EQ00002641,2022-03-10,Thickness,Conditional,Vibration concern
INSP000007977,EQ00002641,2022-05-27,Thickness,Pass,Minor corrosion
INSP000007978,EQ00002642,2021-02-21,Electrical,Pass,Alarm test issue
INSP000007979,EQ00002642,2021-06-21,NDT,Defect Found,Alarm test issue
INSP000007980,EQ00002643,2021-08-15,Electrical,Pass,None
INSP000007981,EQ00002643,2022-06-28,Electrical,Defect Found,Vibration concern
INSP000007982,EQ00002643,2025-04-22,Electrical,Pass,Minor corrosion
INSP000007983,EQ00002643,2023-08-11,Thickness,Pass,Alarm test issue
INSP000007984,EQ00002644,2026-02-21,Thickness,Conditional,None
INSP000007985,EQ00002644,2022-10-10,Safety Device,Conditional,None
INSP000007986,EQ00002645,2025-02-03,Visual,Pass,Minor corrosion
INSP000007987,EQ00002645,2022-09-07,Thickness,Conditional,Minor corrosion
INSP000007988,EQ00002645,2025-03-10,Visual,Pass,Leak indication
INSP000007989,EQ00002645,2023-08-22,NDT,Pass,Alarm test issue
INSP000007990,EQ00002646,2022-09-02,Electrical,Pass,Vibration concern
INSP000007991,EQ00002646,2023-12-21,Safety Device,Defect Found,None
INSP000007992,EQ00002647,2024-07-31,Safety Device,Defect Found,None
INSP000007993,EQ00002647,2022-01-23,Electrical,Conditional,Minor corrosion
INSP000007994,EQ00002647,2021-10-28,Thickness,Pass,Minor corrosion
INSP000007995,EQ00002648,2021-10-12,Electrical,Conditional,None
INSP000007996,EQ00002648,2022-06-20,Safety Device,Pass,Alarm test issue
INSP000007997,EQ00002648,2023-06-06,NDT,Pass,None
INSP000007998,EQ00002649,2025-01-06,NDT,Defect Found,Minor corrosion
INSP000007999,EQ00002649,2022-06-01,Functional,Defect Found,Alarm test issue
INSP000008000,EQ00002649,2021-11-06,NDT,Pass,None
INSP000008001,EQ00002649,2026-03-21,Thickness,Conditional,Vibration concern
INSP000008002,EQ00002649,2024-10-29,Electrical,Conditional,None
INSP000008003,EQ00002650,2025-06-16,Functional,Conditional,Alarm test issue
INSP000008004,EQ00002650,2023-06-16,Safety Device,Pass,None
INSP000008005,EQ00002650,2023-05-05,Functional,Pass,Vibration concern
INSP000008006,EQ00002651,2023-07-26,Visual,Pass,None
INSP000008007,EQ00002651,2025-04-16,Functional,Defect Found,None
INSP000008008,EQ00002651,2022-08-03,Thickness,Pass,Leak indication
INSP000008009,EQ00002651,2022-04-11,Functional,Defect Found,Alarm test issue
INSP000008010,EQ00002651,2025-07-22,Thickness,Pass,Alarm test issue
INSP000008011,EQ00002652,2022-03-21,NDT,Conditional,Vibration concern
INSP000008012,EQ00002652,2024-06-06,Safety Device,Pass,None
INSP000008013,EQ00002653,2025-12-19,Thickness,Conditional,Minor corrosion
INSP000008014,EQ00002653,2023-05-31,NDT,Pass,None
INSP000008015,EQ00002653,2021-06-21,NDT,Conditional,None
INSP000008016,EQ00002653,2022-09-02,Electrical,Pass,Minor corrosion
INSP000008017,EQ00002653,2022-12-07,Electrical,Conditional,Alarm test issue
INSP000008018,EQ00002654,2023-07-12,NDT,Pass,Alarm test issue
INSP000008019,EQ00002654,2022-09-16,Thickness,Pass,Leak indication
INSP000008020,EQ00002654,2021-04-17,Safety Device,Pass,Leak indication
INSP000008021,EQ00002654,2021-06-08,Functional,Pass,Minor corrosion
INSP000008022,EQ00002654,2022-01-16,Safety Device,Pass,Alarm test issue
INSP000008023,EQ00002655,2026-05-17,NDT,Defect Found,Leak indication
INSP000008024,EQ00002655,2023-01-22,Safety Device,Pass,Minor corrosion
INSP000008025,EQ00002655,2025-11-06,Electrical,Defect Found,Alarm test issue
INSP000008026,EQ00002655,2025-11-29,Functional,Pass,None
INSP000008027,EQ00002656,2025-11-25,Safety Device,Defect Found,None
INSP000008028,EQ00002656,2024-02-29,NDT,Conditional,None
INSP000008029,EQ00002657,2026-01-14,Functional,Pass,Leak indication
INSP000008030,EQ00002658,2022-02-08,Functional,Pass,Minor corrosion
INSP000008031,EQ00002658,2022-01-26,Safety Device,Pass,Vibration concern
INSP000008032,EQ00002659,2026-03-03,Electrical,Pass,Minor corrosion
INSP000008033,EQ00002660,2021-12-19,NDT,Pass,Alarm test issue
INSP000008034,EQ00002661,2024-01-26,Safety Device,Pass,None
INSP000008035,EQ00002661,2022-02-21,Electrical,Pass,Vibration concern
INSP000008036,EQ00002661,2022-09-15,NDT,Pass,Alarm test issue
INSP000008037,EQ00002661,2025-03-12,Electrical,Pass,Minor corrosion
INSP000008038,EQ00002661,2021-05-18,Visual,Pass,Leak indication
INSP000008039,EQ00002662,2022-09-28,Safety Device,Pass,Alarm test issue
INSP000008040,EQ00002662,2024-05-20,Electrical,Pass,Leak indication
INSP000008041,EQ00002662,2022-07-03,Electrical,Defect Found,None
INSP000008042,EQ00002663,2023-01-07,Safety Device,Pass,Alarm test issue
INSP000008043,EQ00002663,2021-09-10,Visual,Pass,Leak indication
INSP000008044,EQ00002663,2025-02-06,Electrical,Conditional,None
INSP000008045,EQ00002664,2024-10-19,Visual,Conditional,None
INSP000008046,EQ00002664,2023-07-10,Thickness,Pass,Minor corrosion
INSP000008047,EQ00002665,2021-03-04,Thickness,Conditional,Vibration concern
INSP000008048,EQ00002665,2023-04-15,Electrical,Conditional,Minor corrosion
INSP000008049,EQ00002665,2023-07-27,NDT,Conditional,Vibration concern
INSP000008050,EQ00002666,2025-08-02,NDT,Pass,Minor corrosion
INSP000008051,EQ00002666,2022-11-26,Functional,Pass,Vibration concern
INSP000008052,EQ00002666,2021-06-16,Thickness,Defect Found,Minor corrosion
INSP000008053,EQ00002666,2026-04-15,Thickness,Defect Found,Alarm test issue
INSP000008054,EQ00002667,2024-08-15,Safety Device,Pass,Vibration concern
INSP000008055,EQ00002668,2022-11-03,Thickness,Pass,Minor corrosion
INSP000008056,EQ00002669,2023-08-15,Functional,Defect Found,Alarm test issue
INSP000008057,EQ00002669,2022-11-15,Functional,Pass,Alarm test issue
INSP000008058,EQ00002670,2022-03-27,Electrical,Conditional,None
INSP000008059,EQ00002671,2025-12-10,Thickness,Pass,Alarm test issue
INSP000008060,EQ00002671,2024-02-26,Safety Device,Pass,Alarm test issue
INSP000008061,EQ00002672,2021-12-09,Thickness,Conditional,Vibration concern
INSP000008062,EQ00002672,2022-08-10,Functional,Pass,Vibration concern
INSP000008063,EQ00002672,2023-08-16,Safety Device,Pass,Leak indication
INSP000008064,EQ00002672,2022-03-01,Safety Device,Pass,Vibration concern
INSP000008065,EQ00002672,2024-07-31,Electrical,Pass,Leak indication
INSP000008066,EQ00002673,2026-04-03,Visual,Pass,Minor corrosion
INSP000008067,EQ00002673,2022-03-15,Visual,Pass,Leak indication
INSP000008068,EQ00002673,2023-05-21,Thickness,Pass,Leak indication
INSP000008069,EQ00002673,2023-11-27,Thickness,Pass,Minor corrosion
INSP000008070,EQ00002673,2022-02-10,Safety Device,Defect Found,None
INSP000008071,EQ00002674,2021-09-11,Thickness,Pass,Alarm test issue
INSP000008072,EQ00002674,2024-06-12,Safety Device,Conditional,None
INSP000008073,EQ00002674,2025-05-11,Electrical,Defect Found,None
INSP000008074,EQ00002674,2026-07-19,Functional,Conditional,Minor corrosion
INSP000008075,EQ00002674,2023-09-18,Electrical,Pass,Leak indication
INSP000008076,EQ00002675,2026-08-02,Thickness,Defect Found,None
INSP000008077,EQ00002675,2025-10-23,NDT,Pass,Vibration concern
INSP000008078,EQ00002675,2023-11-08,Electrical,Defect Found,Vibration concern
INSP000008079,EQ00002676,2022-10-13,Electrical,Conditional,Leak indication
INSP000008080,EQ00002677,2024-01-16,Electrical,Pass,Minor corrosion
INSP000008081,EQ00002677,2026-07-14,Visual,Pass,Vibration concern
INSP000008082,EQ00002677,2022-10-08,Safety Device,Conditional,Leak indication
INSP000008083,EQ00002678,2024-08-24,Visual,Pass,Alarm test issue
INSP000008084,EQ00002679,2022-08-11,Electrical,Pass,Alarm test issue
INSP000008085,EQ00002679,2024-06-16,Functional,Pass,Minor corrosion
INSP000008086,EQ00002679,2023-04-12,Functional,Defect Found,Alarm test issue
INSP000008087,EQ00002679,2024-10-30,NDT,Pass,Minor corrosion
INSP000008088,EQ00002680,2026-06-20,Thickness,Defect Found,Alarm test issue
INSP000008089,EQ00002680,2022-06-06,Electrical,Pass,None
INSP000008090,EQ00002680,2022-04-13,Electrical,Conditional,Alarm test issue
INSP000008091,EQ00002680,2024-11-25,Electrical,Pass,Alarm test issue
INSP000008092,EQ00002680,2024-10-31,Safety Device,Pass,Leak indication
INSP000008093,EQ00002681,2026-07-04,NDT,Pass,Alarm test issue
INSP000008094,EQ00002681,2024-03-23,Functional,Conditional,Vibration concern
INSP000008095,EQ00002681,2022-01-29,NDT,Pass,Minor corrosion
INSP000008096,EQ00002681,2021-04-26,Electrical,Pass,Leak indication
INSP000008097,EQ00002681,2024-11-11,NDT,Pass,Alarm test issue
INSP000008098,EQ00002682,2025-07-27,NDT,Pass,Alarm test issue
INSP000008099,EQ00002683,2021-08-11,Visual,Conditional,Vibration concern
INSP000008100,EQ00002684,2023-07-12,Safety Device,Defect Found,Alarm test issue
INSP000008101,EQ00002684,2025-11-17,Electrical,Defect Found,None
INSP000008102,EQ00002684,2022-06-14,Electrical,Pass,Alarm test issue
INSP000008103,EQ00002684,2026-01-23,Functional,Defect Found,Leak indication
INSP000008104,EQ00002684,2023-08-18,Thickness,Pass,Minor corrosion
INSP000008105,EQ00002685,2024-01-01,Electrical,Pass,None
INSP000008106,EQ00002685,2026-08-19,Visual,Pass,None
INSP000008107,EQ00002685,2023-09-24,NDT,Pass,Minor corrosion
INSP000008108,EQ00002686,2023-04-10,Visual,Pass,Minor corrosion
INSP000008109,EQ00002686,2021-04-22,Electrical,Pass,None
INSP000008110,EQ00002686,2021-04-23,Electrical,Pass,Minor corrosion
INSP000008111,EQ00002686,2024-11-07,Functional,Pass,Minor corrosion
INSP000008112,EQ00002686,2025-09-02,NDT,Pass,Minor corrosion
INSP000008113,EQ00002687,2022-11-09,Electrical,Defect Found,Alarm test issue
INSP000008114,EQ00002687,2022-08-09,NDT,Conditional,Leak indication
INSP000008115,EQ00002688,2022-09-07,Thickness,Pass,Leak indication
INSP000008116,EQ00002689,2024-11-03,Safety Device,Pass,None
INSP000008117,EQ00002689,2023-04-15,Functional,Pass,Minor corrosion
INSP000008118,EQ00002690,2026-03-20,NDT,Pass,Alarm test issue
INSP000008119,EQ00002690,2021-05-15,Electrical,Pass,None
INSP000008120,EQ00002690,2023-03-09,Visual,Pass,Leak indication
INSP000008121,EQ00002690,2025-09-11,Safety Device,Defect Found,None
INSP000008122,EQ00002691,2022-08-09,Thickness,Pass,Vibration concern
INSP000008123,EQ00002691,2026-06-09,Visual,Pass,None
INSP000008124,EQ00002692,2023-07-16,Thickness,Conditional,Minor corrosion
INSP000008125,EQ00002692,2023-08-16,Visual,Pass,Vibration concern
INSP000008126,EQ00002692,2024-06-25,Safety Device,Pass,Alarm test issue
INSP000008127,EQ00002692,2026-06-18,Visual,Defect Found,Minor corrosion
INSP000008128,EQ00002692,2025-02-10,Electrical,Conditional,Vibration concern
INSP000008129,EQ00002693,2024-08-13,Thickness,Pass,Minor corrosion
INSP000008130,EQ00002693,2022-08-10,Thickness,Pass,Alarm test issue
INSP000008131,EQ00002693,2022-04-08,Functional,Pass,Alarm test issue
INSP000008132,EQ00002693,2024-11-05,Thickness,Pass,None
INSP000008133,EQ00002694,2021-03-11,Safety Device,Defect Found,None
INSP000008134,EQ00002695,2026-03-28,Functional,Pass,Minor corrosion
INSP000008135,EQ00002696,2021-01-15,NDT,Pass,None
INSP000008136,EQ00002697,2023-01-21,Thickness,Conditional,Alarm test issue
INSP000008137,EQ00002697,2022-12-02,Safety Device,Pass,Leak indication
INSP000008138,EQ00002698,2021-12-03,Visual,Pass,None
INSP000008139,EQ00002698,2025-05-04,NDT,Pass,Leak indication
INSP000008140,EQ00002698,2025-04-11,Visual,Conditional,Alarm test issue
INSP000008141,EQ00002699,2022-05-10,Functional,Pass,Minor corrosion
INSP000008142,EQ00002700,2025-09-01,Electrical,Pass,Vibration concern
INSP000008143,EQ00002700,2024-06-30,NDT,Pass,None
INSP000008144,EQ00002701,2022-11-01,NDT,Pass,Minor corrosion
INSP000008145,EQ00002701,2021-08-19,Functional,Pass,None
INSP000008146,EQ00002702,2023-01-29,Visual,Defect Found,Vibration concern
INSP000008147,EQ00002702,2024-05-18,Thickness,Pass,Leak indication
INSP000008148,EQ00002702,2023-02-22,Visual,Pass,Minor corrosion
INSP000008149,EQ00002702,2025-09-02,Visual,Defect Found,Vibration concern
INSP000008150,EQ00002702,2025-03-03,Functional,Pass,Vibration concern
INSP000008151,EQ00002703,2024-10-14,NDT,Pass,Vibration concern
INSP000008152,EQ00002703,2021-08-22,NDT,Pass,Alarm test issue
INSP000008153,EQ00002703,2025-07-21,Safety Device,Pass,Minor corrosion
INSP000008154,EQ00002704,2021-08-05,Visual,Pass,Alarm test issue
INSP000008155,EQ00002705,2023-10-15,Electrical,Pass,Vibration concern
INSP000008156,EQ00002705,2022-04-08,Visual,Pass,Minor corrosion
INSP000008157,EQ00002705,2021-08-09,NDT,Conditional,Leak indication
INSP000008158,EQ00002706,2026-01-22,Visual,Pass,Leak indication
INSP000008159,EQ00002706,2024-04-07,Electrical,Conditional,Vibration concern
INSP000008160,EQ00002707,2025-10-25,NDT,Conditional,None
INSP000008161,EQ00002707,2024-01-05,NDT,Pass,Alarm test issue
INSP000008162,EQ00002707,2024-07-11,Safety Device,Pass,Leak indication
INSP000008163,EQ00002707,2022-07-20,Thickness,Defect Found,Leak indication
INSP000008164,EQ00002707,2025-03-11,Functional,Conditional,Alarm test issue
INSP000008165,EQ00002708,2023-12-27,Functional,Pass,Leak indication
INSP000008166,EQ00002708,2021-10-10,Thickness,Pass,Vibration concern
INSP000008167,EQ00002709,2024-09-25,Functional,Conditional,Minor corrosion
INSP000008168,EQ00002709,2026-02-28,Visual,Defect Found,None
INSP000008169,EQ00002709,2025-10-13,NDT,Pass,Alarm test issue
INSP000008170,EQ00002709,2026-06-19,Visual,Conditional,Vibration concern
INSP000008171,EQ00002710,2025-05-31,Safety Device,Pass,Alarm test issue
INSP000008172,EQ00002710,2026-04-27,Safety Device,Defect Found,Minor corrosion
INSP000008173,EQ00002711,2022-09-13,Visual,Pass,Vibration concern
INSP000008174,EQ00002711,2025-11-04,Visual,Pass,Alarm test issue
INSP000008175,EQ00002711,2024-12-02,Thickness,Conditional,Alarm test issue
INSP000008176,EQ00002711,2023-03-25,NDT,Conditional,None
INSP000008177,EQ00002711,2023-08-02,Functional,Defect Found,None
INSP000008178,EQ00002712,2024-02-10,Electrical,Pass,None
INSP000008179,EQ00002712,2023-02-18,Functional,Defect Found,Leak indication
INSP000008180,EQ00002713,2024-10-04,NDT,Defect Found,None
INSP000008181,EQ00002713,2024-01-12,Functional,Pass,Leak indication
INSP000008182,EQ00002713,2025-03-27,NDT,Conditional,None
INSP000008183,EQ00002713,2024-03-29,Safety Device,Pass,Alarm test issue
INSP000008184,EQ00002714,2021-06-19,Safety Device,Pass,Minor corrosion
INSP000008185,EQ00002714,2024-10-19,NDT,Pass,Vibration concern
INSP000008186,EQ00002714,2023-03-22,Thickness,Conditional,Leak indication
INSP000008187,EQ00002714,2023-02-15,Visual,Pass,Leak indication
INSP000008188,EQ00002715,2024-04-07,NDT,Pass,Minor corrosion
INSP000008189,EQ00002715,2024-09-10,Electrical,Pass,Vibration concern
INSP000008190,EQ00002716,2023-07-05,Functional,Conditional,Minor corrosion
INSP000008191,EQ00002716,2022-07-17,Safety Device,Pass,Alarm test issue
INSP000008192,EQ00002716,2026-04-09,Functional,Pass,Vibration concern
INSP000008193,EQ00002716,2025-07-11,Safety Device,Pass,Leak indication
INSP000008194,EQ00002717,2023-09-16,Functional,Pass,Alarm test issue
INSP000008195,EQ00002717,2026-05-01,Safety Device,Pass,Vibration concern
INSP000008196,EQ00002717,2026-04-11,NDT,Defect Found,None
INSP000008197,EQ00002718,2026-08-02,Safety Device,Conditional,Alarm test issue
INSP000008198,EQ00002718,2021-05-20,NDT,Pass,Minor corrosion
INSP000008199,EQ00002719,2022-06-05,Thickness,Pass,Alarm test issue
INSP000008200,EQ00002719,2025-02-22,Thickness,Pass,Vibration concern
INSP000008201,EQ00002719,2025-12-29,Visual,Pass,Vibration concern
INSP000008202,EQ00002719,2024-12-03,Electrical,Pass,Minor corrosion
INSP000008203,EQ00002719,2023-08-15,Functional,Defect Found,Minor corrosion
INSP000008204,EQ00002720,2022-08-20,NDT,Conditional,Leak indication
INSP000008205,EQ00002720,2024-05-24,Visual,Pass,Alarm test issue
INSP000008206,EQ00002721,2022-07-15,NDT,Pass,Leak indication
INSP000008207,EQ00002721,2022-06-16,Visual,Pass,Minor corrosion
INSP000008208,EQ00002722,2022-11-26,Visual,Pass,None
INSP000008209,EQ00002722,2022-03-21,Thickness,Conditional,Alarm test issue
INSP000008210,EQ00002722,2021-02-08,Electrical,Pass,Leak indication
INSP000008211,EQ00002722,2021-02-18,Visual,Pass,Minor corrosion
INSP000008212,EQ00002722,2021-07-07,Thickness,Pass,Vibration concern
INSP000008213,EQ00002723,2021-08-06,Electrical,Pass,Alarm test issue
INSP000008214,EQ00002723,2024-01-21,Safety Device,Pass,Vibration concern
INSP000008215,EQ00002724,2022-04-06,Electrical,Pass,Minor corrosion
INSP000008216,EQ00002724,2022-06-01,Visual,Pass,Vibration concern
INSP000008217,EQ00002724,2025-03-22,Safety Device,Pass,Vibration concern
INSP000008218,EQ00002724,2021-06-27,NDT,Conditional,None
INSP000008219,EQ00002725,2023-06-25,Electrical,Pass,Alarm test issue
INSP000008220,EQ00002726,2024-12-21,Visual,Defect Found,Leak indication
INSP000008221,EQ00002726,2022-09-30,Safety Device,Defect Found,Minor corrosion
INSP000008222,EQ00002726,2022-09-04,Thickness,Defect Found,Minor corrosion
INSP000008223,EQ00002727,2024-10-17,Thickness,Pass,Alarm test issue
INSP000008224,EQ00002727,2024-11-18,Electrical,Pass,Minor corrosion
INSP000008225,EQ00002728,2024-12-22,Functional,Defect Found,Alarm test issue
INSP000008226,EQ00002728,2025-01-18,Electrical,Pass,Leak indication
INSP000008227,EQ00002728,2023-11-17,Electrical,Pass,Leak indication
INSP000008228,EQ00002728,2024-03-22,Thickness,Pass,Vibration concern
INSP000008229,EQ00002728,2025-02-09,NDT,Conditional,Alarm test issue
INSP000008230,EQ00002729,2023-05-02,Visual,Pass,Minor corrosion
INSP000008231,EQ00002729,2022-04-26,NDT,Defect Found,Leak indication
INSP000008232,EQ00002729,2024-01-28,Safety Device,Pass,Alarm test issue
INSP000008233,EQ00002729,2025-11-21,Safety Device,Defect Found,None
INSP000008234,EQ00002729,2026-04-05,Thickness,Pass,Minor corrosion
INSP000008235,EQ00002730,2021-07-31,Visual,Pass,Leak indication
INSP000008236,EQ00002730,2026-07-28,Electrical,Pass,Minor corrosion
INSP000008237,EQ00002730,2021-08-31,Visual,Pass,Leak indication
INSP000008238,EQ00002731,2025-12-06,Visual,Pass,Minor corrosion
INSP000008239,EQ00002731,2022-09-08,Electrical,Pass,Leak indication
INSP000008240,EQ00002732,2024-02-10,Electrical,Pass,None
INSP000008241,EQ00002732,2021-06-12,Safety Device,Defect Found,Vibration concern
INSP000008242,EQ00002733,2026-07-27,Visual,Conditional,Alarm test issue
INSP000008243,EQ00002733,2021-07-15,Safety Device,Pass,Minor corrosion
INSP000008244,EQ00002734,2023-02-05,NDT,Pass,Vibration concern
INSP000008245,EQ00002735,2021-02-07,Visual,Pass,Vibration concern
INSP000008246,EQ00002735,2024-09-20,Functional,Pass,Leak indication
INSP000008247,EQ00002735,2022-01-27,Functional,Defect Found,Minor corrosion
INSP000008248,EQ00002735,2025-01-22,Visual,Pass,Minor corrosion
INSP000008249,EQ00002736,2024-10-22,Thickness,Pass,Minor corrosion
INSP000008250,EQ00002737,2023-12-28,Functional,Pass,Leak indication
INSP000008251,EQ00002738,2024-10-22,Visual,Pass,Vibration concern
INSP000008252,EQ00002738,2023-05-15,Safety Device,Pass,None
INSP000008253,EQ00002739,2024-02-06,NDT,Conditional,Vibration concern
INSP000008254,EQ00002739,2021-12-06,Safety Device,Pass,Vibration concern
INSP000008255,EQ00002739,2025-11-26,Functional,Conditional,Leak indication
INSP000008256,EQ00002739,2021-09-12,Thickness,Pass,None
INSP000008257,EQ00002739,2025-08-28,Visual,Pass,Vibration concern
INSP000008258,EQ00002740,2023-04-02,Thickness,Pass,Alarm test issue
INSP000008259,EQ00002740,2023-05-05,NDT,Pass,None
INSP000008260,EQ00002740,2025-12-14,Thickness,Pass,Minor corrosion
INSP000008261,EQ00002740,2022-06-15,Thickness,Pass,None
INSP000008262,EQ00002740,2025-04-07,Thickness,Pass,Vibration concern
INSP000008263,EQ00002741,2022-07-09,Functional,Conditional,Alarm test issue
INSP000008264,EQ00002741,2023-05-13,Functional,Pass,None
INSP000008265,EQ00002741,2021-09-11,Visual,Defect Found,Leak indication
INSP000008266,EQ00002741,2022-10-13,Electrical,Pass,Vibration concern
INSP000008267,EQ00002741,2022-05-15,Safety Device,Conditional,None
INSP000008268,EQ00002742,2026-02-18,Thickness,Pass,Vibration concern
INSP000008269,EQ00002742,2026-03-22,Visual,Pass,Vibration concern
INSP000008270,EQ00002742,2025-06-24,Electrical,Pass,Vibration concern
INSP000008271,EQ00002742,2022-08-26,Safety Device,Pass,Leak indication
INSP000008272,EQ00002743,2023-03-20,Electrical,Conditional,Leak indication
INSP000008273,EQ00002743,2022-09-04,NDT,Pass,Minor corrosion
INSP000008274,EQ00002743,2024-04-18,Electrical,Pass,None
INSP000008275,EQ00002743,2023-05-11,Thickness,Defect Found,Leak indication
INSP000008276,EQ00002743,2026-08-11,NDT,Pass,Leak indication
INSP000008277,EQ00002744,2024-04-28,Visual,Defect Found,Vibration concern
INSP000008278,EQ00002744,2025-04-23,Functional,Pass,Vibration concern
INSP000008279,EQ00002744,2026-08-19,Thickness,Conditional,None
INSP000008280,EQ00002744,2024-05-02,Electrical,Pass,Minor corrosion
INSP000008281,EQ00002744,2022-06-20,Visual,Pass,Leak indication
INSP000008282,EQ00002745,2021-08-22,NDT,Defect Found,Alarm test issue
INSP000008283,EQ00002745,2024-06-22,Visual,Pass,Leak indication
INSP000008284,EQ00002745,2025-02-13,Visual,Pass,Minor corrosion
INSP000008285,EQ00002745,2026-05-12,Electrical,Pass,Leak indication
INSP000008286,EQ00002745,2023-10-31,Thickness,Conditional,Minor corrosion
INSP000008287,EQ00002746,2022-01-05,Thickness,Pass,Leak indication
INSP000008288,EQ00002747,2025-09-03,Thickness,Pass,Vibration concern
INSP000008289,EQ00002747,2022-05-31,Functional,Pass,Leak indication
INSP000008290,EQ00002747,2026-03-28,Visual,Pass,Minor corrosion
INSP000008291,EQ00002748,2022-10-27,Safety Device,Pass,Alarm test issue
INSP000008292,EQ00002748,2026-04-01,NDT,Pass,Vibration concern
INSP000008293,EQ00002748,2021-04-05,Visual,Pass,Leak indication
INSP000008294,EQ00002748,2025-07-27,Thickness,Pass,Minor corrosion
INSP000008295,EQ00002748,2024-10-29,Electrical,Conditional,None
INSP000008296,EQ00002749,2026-05-25,Electrical,Conditional,None
INSP000008297,EQ00002749,2024-04-12,NDT,Defect Found,Vibration concern
INSP000008298,EQ00002749,2022-09-11,NDT,Pass,Leak indication
INSP000008299,EQ00002749,2025-11-05,NDT,Pass,Leak indication
INSP000008300,EQ00002749,2023-12-19,Functional,Pass,Vibration concern
INSP000008301,EQ00002750,2024-10-10,Thickness,Pass,Leak indication
INSP000008302,EQ00002751,2026-04-26,Electrical,Pass,Minor corrosion
INSP000008303,EQ00002751,2025-08-31,Visual,Pass,Minor corrosion
INSP000008304,EQ00002752,2021-03-23,Thickness,Pass,Alarm test issue
INSP000008305,EQ00002752,2024-03-30,Safety Device,Pass,Vibration concern
INSP000008306,EQ00002752,2023-08-15,Safety Device,Pass,Alarm test issue
INSP000008307,EQ00002752,2025-07-27,NDT,Pass,Alarm test issue
INSP000008308,EQ00002753,2025-06-22,Visual,Pass,Alarm test issue
INSP000008309,EQ00002753,2024-12-04,Visual,Pass,Alarm test issue
INSP000008310,EQ00002753,2023-05-04,Thickness,Pass,Vibration concern
INSP000008311,EQ00002753,2024-05-28,Electrical,Pass,Alarm test issue
INSP000008312,EQ00002753,2024-04-17,Safety Device,Pass,Minor corrosion
INSP000008313,EQ00002754,2023-04-20,Safety Device,Defect Found,Alarm test issue
INSP000008314,EQ00002755,2024-08-06,Electrical,Pass,Alarm test issue
INSP000008315,EQ00002755,2025-10-10,NDT,Pass,Vibration concern
INSP000008316,EQ00002755,2024-02-17,Functional,Pass,Vibration concern
INSP000008317,EQ00002755,2025-11-17,Electrical,Conditional,Leak indication
INSP000008318,EQ00002755,2021-02-14,Visual,Pass,Vibration concern
INSP000008319,EQ00002756,2021-12-10,Functional,Pass,Alarm test issue
INSP000008320,EQ00002756,2021-10-29,NDT,Conditional,None
INSP000008321,EQ00002756,2021-06-29,NDT,Pass,None
INSP000008322,EQ00002756,2025-10-10,Visual,Pass,Vibration concern
INSP000008323,EQ00002757,2023-02-15,Visual,Pass,Leak indication
INSP000008324,EQ00002758,2022-06-06,Visual,Pass,Leak indication
INSP000008325,EQ00002759,2023-07-09,Visual,Conditional,None
INSP000008326,EQ00002760,2023-07-21,NDT,Conditional,Alarm test issue
INSP000008327,EQ00002761,2021-04-26,Functional,Pass,Vibration concern
INSP000008328,EQ00002761,2024-07-03,Safety Device,Conditional,Vibration concern
INSP000008329,EQ00002761,2025-12-30,Electrical,Pass,Alarm test issue
INSP000008330,EQ00002761,2023-11-02,Thickness,Pass,Leak indication
INSP000008331,EQ00002761,2023-10-16,Safety Device,Pass,Minor corrosion
INSP000008332,EQ00002762,2026-07-13,Visual,Pass,Vibration concern
INSP000008333,EQ00002762,2025-07-25,Electrical,Defect Found,Minor corrosion
INSP000008334,EQ00002762,2022-02-07,Thickness,Defect Found,Vibration concern
INSP000008335,EQ00002762,2026-06-30,Functional,Pass,Leak indication
INSP000008336,EQ00002763,2022-02-23,Safety Device,Pass,Minor corrosion
INSP000008337,EQ00002763,2024-12-29,Thickness,Pass,Minor corrosion
INSP000008338,EQ00002763,2022-04-11,NDT,Conditional,Leak indication
INSP000008339,EQ00002764,2022-10-05,NDT,Defect Found,Alarm test issue
INSP000008340,EQ00002764,2023-07-23,NDT,Pass,Vibration concern
INSP000008341,EQ00002764,2021-08-23,Functional,Pass,None
INSP000008342,EQ00002764,2021-05-08,Functional,Pass,None
INSP000008343,EQ00002764,2026-08-31,Thickness,Pass,Leak indication
INSP000008344,EQ00002765,2022-03-19,Visual,Pass,None
INSP000008345,EQ00002766,2024-08-12,Functional,Pass,Vibration concern
INSP000008346,EQ00002766,2024-03-26,Functional,Conditional,None
INSP000008347,EQ00002766,2024-11-07,Visual,Pass,Alarm test issue
INSP000008348,EQ00002767,2024-01-13,NDT,Pass,Minor corrosion
INSP000008349,EQ00002767,2021-05-24,Functional,Pass,Alarm test issue
INSP000008350,EQ00002767,2023-05-03,Electrical,Pass,Alarm test issue
INSP000008351,EQ00002768,2021-02-17,Thickness,Defect Found,Leak indication
INSP000008352,EQ00002768,2024-03-28,Safety Device,Defect Found,Minor corrosion
INSP000008353,EQ00002768,2025-07-12,Functional,Defect Found,Leak indication
INSP000008354,EQ00002769,2021-02-19,Visual,Pass,None
INSP000008355,EQ00002769,2021-09-15,Functional,Pass,Leak indication
INSP000008356,EQ00002770,2022-04-17,Safety Device,Pass,None
INSP000008357,EQ00002770,2025-03-26,Electrical,Pass,Vibration concern
INSP000008358,EQ00002770,2025-12-12,Thickness,Pass,Leak indication
INSP000008359,EQ00002770,2021-01-16,Safety Device,Conditional,Minor corrosion
INSP000008360,EQ00002770,2022-04-03,Thickness,Pass,Minor corrosion
INSP000008361,EQ00002771,2024-04-06,Safety Device,Defect Found,Alarm test issue
INSP000008362,EQ00002771,2021-09-20,Visual,Pass,Vibration concern
INSP000008363,EQ00002772,2024-06-19,Functional,Pass,None
INSP000008364,EQ00002773,2024-03-07,Electrical,Conditional,Vibration concern
INSP000008365,EQ00002773,2021-10-16,Electrical,Conditional,Alarm test issue
INSP000008366,EQ00002773,2024-09-08,Functional,Pass,None
INSP000008367,EQ00002773,2024-08-19,Safety Device,Conditional,Leak indication
INSP000008368,EQ00002774,2025-11-04,Visual,Pass,Vibration concern
INSP000008369,EQ00002774,2026-04-23,Safety Device,Pass,Alarm test issue
INSP000008370,EQ00002774,2025-04-25,NDT,Pass,Alarm test issue
INSP000008371,EQ00002775,2022-04-04,Functional,Pass,Alarm test issue
INSP000008372,EQ00002775,2021-01-31,Electrical,Defect Found,Alarm test issue
INSP000008373,EQ00002776,2021-01-05,NDT,Defect Found,Leak indication
INSP000008374,EQ00002776,2021-04-25,Safety Device,Pass,Alarm test issue
INSP000008375,EQ00002776,2025-04-18,Functional,Pass,Alarm test issue
INSP000008376,EQ00002776,2022-11-14,Thickness,Pass,Vibration concern
INSP000008377,EQ00002776,2026-03-26,Thickness,Pass,None
INSP000008378,EQ00002777,2025-06-27,NDT,Pass,Leak indication
INSP000008379,EQ00002777,2021-05-07,Thickness,Defect Found,None
INSP000008380,EQ00002777,2022-08-01,Visual,Conditional,Leak indication
INSP000008381,EQ00002778,2024-03-06,Functional,Pass,Minor corrosion
INSP000008382,EQ00002778,2026-06-25,Safety Device,Pass,Leak indication
INSP000008383,EQ00002778,2024-10-08,Functional,Pass,Minor corrosion
INSP000008384,EQ00002778,2024-01-21,Thickness,Defect Found,Minor corrosion
INSP000008385,EQ00002779,2022-09-14,Electrical,Pass,Vibration concern
INSP000008386,EQ00002779,2022-12-05,Visual,Pass,None
INSP000008387,EQ00002780,2023-03-24,Thickness,Defect Found,Leak indication
INSP000008388,EQ00002780,2025-01-03,Functional,Pass,None
INSP000008389,EQ00002781,2024-04-08,NDT,Conditional,Minor corrosion
INSP000008390,EQ00002781,2024-09-19,NDT,Pass,Alarm test issue
INSP000008391,EQ00002781,2024-07-14,Safety Device,Pass,Minor corrosion
INSP000008392,EQ00002781,2024-02-02,Visual,Defect Found,None
INSP000008393,EQ00002782,2023-10-19,Thickness,Pass,Minor corrosion
INSP000008394,EQ00002782,2023-05-02,Electrical,Conditional,Leak indication
INSP000008395,EQ00002782,2024-10-04,NDT,Pass,Alarm test issue
INSP000008396,EQ00002783,2025-12-06,Visual,Defect Found,Minor corrosion
INSP000008397,EQ00002783,2023-10-20,Thickness,Pass,Minor corrosion
INSP000008398,EQ00002783,2021-04-11,Electrical,Conditional,Alarm test issue
INSP000008399,EQ00002783,2023-03-04,Safety Device,Conditional,Alarm test issue
INSP000008400,EQ00002784,2021-08-23,Thickness,Pass,Alarm test issue
INSP000008401,EQ00002784,2023-05-22,Functional,Pass,None
INSP000008402,EQ00002784,2026-04-04,Thickness,Pass,Vibration concern
INSP000008403,EQ00002785,2022-01-05,Thickness,Pass,Alarm test issue
INSP000008404,EQ00002785,2021-04-05,Thickness,Conditional,Minor corrosion
INSP000008405,EQ00002785,2022-06-06,Thickness,Pass,Minor corrosion
INSP000008406,EQ00002785,2026-05-11,Functional,Pass,Leak indication
INSP000008407,EQ00002786,2023-04-09,Thickness,Pass,Leak indication
INSP000008408,EQ00002787,2023-04-01,Functional,Pass,Minor corrosion
INSP000008409,EQ00002787,2025-03-31,Safety Device,Pass,Minor corrosion
INSP000008410,EQ00002788,2025-01-29,Thickness,Defect Found,None
INSP000008411,EQ00002788,2025-02-09,Visual,Pass,Leak indication
INSP000008412,EQ00002789,2024-02-15,NDT,Pass,None
INSP000008413,EQ00002790,2021-10-04,Safety Device,Pass,Alarm test issue
INSP000008414,EQ00002790,2024-02-11,NDT,Pass,Minor corrosion
INSP000008415,EQ00002790,2022-10-15,Visual,Pass,Alarm test issue
INSP000008416,EQ00002790,2023-11-14,NDT,Defect Found,None
INSP000008417,EQ00002790,2024-11-17,Thickness,Defect Found,None
INSP000008418,EQ00002791,2024-09-07,Thickness,Pass,Vibration concern
INSP000008419,EQ00002792,2025-06-03,Electrical,Defect Found,None
INSP000008420,EQ00002792,2023-01-24,Safety Device,Defect Found,Vibration concern
INSP000008421,EQ00002792,2022-05-19,Thickness,Pass,None
INSP000008422,EQ00002792,2024-11-01,Visual,Defect Found,Leak indication
INSP000008423,EQ00002793,2024-02-15,Safety Device,Pass,Minor corrosion
INSP000008424,EQ00002794,2022-12-12,Electrical,Pass,Minor corrosion
INSP000008425,EQ00002794,2025-04-11,Thickness,Conditional,Minor corrosion
INSP000008426,EQ00002794,2023-03-02,Safety Device,Pass,Leak indication
INSP000008427,EQ00002794,2021-05-09,Thickness,Pass,None
INSP000008428,EQ00002795,2021-07-24,NDT,Pass,Alarm test issue
INSP000008429,EQ00002795,2023-10-09,Visual,Conditional,Leak indication
INSP000008430,EQ00002795,2024-03-20,Electrical,Pass,Leak indication
INSP000008431,EQ00002796,2022-01-29,Functional,Pass,None
INSP000008432,EQ00002796,2021-10-28,Thickness,Pass,None
INSP000008433,EQ00002797,2022-05-12,Thickness,Defect Found,Vibration concern
INSP000008434,EQ00002798,2024-03-27,Thickness,Pass,Leak indication
INSP000008435,EQ00002798,2022-01-17,Functional,Conditional,Alarm test issue
INSP000008436,EQ00002799,2025-07-19,Electrical,Pass,None
INSP000008437,EQ00002799,2024-02-07,Thickness,Pass,Leak indication
INSP000008438,EQ00002800,2024-04-25,Visual,Pass,Alarm test issue
INSP000008439,EQ00002800,2025-06-30,Safety Device,Defect Found,Alarm test issue
INSP000008440,EQ00002801,2026-06-11,NDT,Pass,Leak indication
INSP000008441,EQ00002801,2026-06-23,Functional,Pass,Minor corrosion
INSP000008442,EQ00002801,2022-12-31,Functional,Defect Found,Minor corrosion
INSP000008443,EQ00002801,2022-12-05,Visual,Pass,Minor corrosion
INSP000008444,EQ00002801,2021-11-29,Visual,Pass,Alarm test issue
INSP000008445,EQ00002802,2024-05-03,NDT,Pass,Alarm test issue
INSP000008446,EQ00002802,2023-07-30,Visual,Pass,Alarm test issue
INSP000008447,EQ00002802,2026-01-08,NDT,Pass,Minor corrosion
INSP000008448,EQ00002803,2022-04-16,Thickness,Defect Found,Vibration concern
INSP000008449,EQ00002804,2023-10-09,Functional,Pass,Minor corrosion
INSP000008450,EQ00002804,2025-11-09,Safety Device,Pass,Minor corrosion
INSP000008451,EQ00002805,2022-11-29,Visual,Pass,None
INSP000008452,EQ00002805,2024-02-22,NDT,Pass,Leak indication
INSP000008453,EQ00002805,2026-01-21,Electrical,Pass,Alarm test issue
INSP000008454,EQ00002805,2022-04-03,NDT,Defect Found,None
INSP000008455,EQ00002805,2022-12-31,Thickness,Pass,None
INSP000008456,EQ00002806,2024-06-14,Safety Device,Pass,None
INSP000008457,EQ00002806,2023-12-24,NDT,Pass,None
INSP000008458,EQ00002806,2023-01-14,Electrical,Pass,None
INSP000008459,EQ00002807,2025-05-02,Visual,Pass,Vibration concern
INSP000008460,EQ00002808,2023-02-01,Safety Device,Pass,Alarm test issue
INSP000008461,EQ00002808,2023-04-04,Thickness,Pass,Alarm test issue
INSP000008462,EQ00002808,2024-06-03,Functional,Pass,Minor corrosion
INSP000008463,EQ00002809,2021-12-28,NDT,Conditional,Vibration concern
INSP000008464,EQ00002809,2022-05-14,Electrical,Pass,Alarm test issue
INSP000008465,EQ00002809,2025-12-22,Visual,Pass,None
INSP000008466,EQ00002810,2025-07-01,Safety Device,Pass,Leak indication
INSP000008467,EQ00002810,2022-09-12,Safety Device,Pass,Alarm test issue
INSP000008468,EQ00002810,2025-11-13,Visual,Pass,None
INSP000008469,EQ00002810,2024-05-11,NDT,Pass,None
INSP000008470,EQ00002810,2021-12-30,NDT,Pass,Leak indication
INSP000008471,EQ00002811,2021-03-21,Functional,Defect Found,Alarm test issue
INSP000008472,EQ00002811,2021-07-09,Functional,Pass,Leak indication
INSP000008473,EQ00002811,2022-07-19,Electrical,Conditional,Vibration concern
INSP000008474,EQ00002811,2021-10-30,Thickness,Pass,Minor corrosion
