lubrication_record_id,equipment_id,lubrication_date,lubricant_type,method,quantity_liters_or_kg,timeliness,completed
LB000000001,EQ00000001,2021-11-24,Process/Mechanical Lubricant,Manual / automated,0.38,Normal,Yes
LB000000002,EQ00000004,2026-06-26,Machine Oil / Grease,Manual,0.74,Normal,Yes
LB000000003,EQ00000004,2021-03-01,Machine Oil / Grease,Manual,4.05,Normal,Yes
LB000000004,EQ00000004,2021-02-13,Machine Oil / Grease,Manual,3.19,Normal,Yes
LB000000005,EQ00000004,2022-12-11,Machine Oil / Grease,Manual,2.63,Normal,Yes
LB000000006,EQ00000007,2026-01-28,Pump Bearing Grease,Manual,3.58,Overdue,Yes
LB000000007,EQ00000007,2021-02-06,Pump Bearing Grease,Manual,2.04,Normal,Yes
LB000000008,EQ00000007,2026-07-05,Pump Bearing Grease,Manual,4.88,Normal,Yes
LB000000009,EQ00000007,2025-05-18,Pump Bearing Grease,Manual,2.3,Early,Yes
LB000000010,EQ00000008,2024-02-23,Process/Mechanical Lubricant,Manual / automated,0.27,Normal,Yes
LB000000011,EQ00000008,2025-04-08,Process/Mechanical Lubricant,Manual / automated,0.52,Normal,Yes
LB000000012,EQ00000008,2026-03-01,Process/Mechanical Lubricant,Manual / automated,1.65,Early,Yes
LB000000013,EQ00000009,2025-06-30,Engine / Gear Lubricant,Workshop service,4.16,Normal,Yes
LB000000014,EQ00000009,2021-10-21,Engine / Gear Lubricant,Workshop service,4.65,Overdue,Yes
LB000000015,EQ00000009,2026-04-29,Engine / Gear Lubricant,Workshop service,0.59,Early,Yes
LB000000016,EQ00000009,2026-04-14,Engine / Gear Lubricant,Workshop service,3.51,Overdue,Yes
LB000000017,EQ00000009,2022-06-16,Engine / Gear Lubricant,Workshop service,2.15,Early,Yes
LB000000018,EQ00000010,2023-06-12,Bearing Oil / Grease,Manual / auto-lube,3.57,Early,Yes
LB000000019,EQ00000010,2023-08-16,Bearing Oil / Grease,Manual / auto-lube,1.44,Early,Yes
LB000000020,EQ00000010,2023-01-18,Bearing Oil / Grease,Manual / auto-lube,3.33,Overdue,Yes
LB000000021,EQ00000010,2026-08-30,Bearing Oil / Grease,Manual / auto-lube,1.99,Overdue,Yes
LB000000022,EQ00000010,2023-05-16,Bearing Oil / Grease,Manual / auto-lube,2.7,Early,Yes
LB000000023,EQ00000010,2025-04-07,Bearing Oil / Grease,Manual / auto-lube,3.08,Overdue,Yes
LB000000024,EQ00000011,2021-01-08,Engine / Gear Lubricant,Workshop service,0.13,Overdue,Yes
LB000000025,EQ00000011,2021-09-23,Engine / Gear Lubricant,Workshop service,0.9,Early,Yes
LB000000026,EQ00000011,2023-11-23,Engine / Gear Lubricant,Workshop service,4.79,Overdue,Yes
LB000000027,EQ00000012,2021-07-31,EP Gear Oil / Grease,Grease gun / centralized,3.95,Normal,Yes
LB000000028,EQ00000013,2022-05-14,Bearing Oil / Grease,Manual / auto-lube,2.91,Normal,Yes
LB000000029,EQ00000013,2024-07-02,Bearing Oil / Grease,Manual / auto-lube,3.78,Early,Yes
LB000000030,EQ00000013,2022-07-22,Bearing Oil / Grease,Manual / auto-lube,0.79,Normal,Yes
LB000000031,EQ00000013,2023-08-30,Bearing Oil / Grease,Manual / auto-lube,3.69,Overdue,Yes
LB000000032,EQ00000014,2021-10-09,Bearing Grease,Manual,3.75,Overdue,Yes
LB000000033,EQ00000014,2025-01-30,Bearing Grease,Manual,1.37,Normal,Yes
LB000000034,EQ00000015,2024-07-24,Engine / Gear Lubricant,Workshop service,4.87,Overdue,Yes
LB000000035,EQ00000015,2023-12-11,Engine / Gear Lubricant,Workshop service,4.0,Normal,Yes
LB000000036,EQ00000015,2023-07-29,Engine / Gear Lubricant,Workshop service,1.03,Normal,Yes
LB000000037,EQ00000015,2024-01-22,Engine / Gear Lubricant,Workshop service,0.45,Early,Yes
LB000000038,EQ00000015,2022-12-30,Engine / Gear Lubricant,Workshop service,4.96,Early,Yes
LB000000039,EQ00000015,2025-01-26,Engine / Gear Lubricant,Workshop service,4.17,Normal,Yes
LB000000040,EQ00000016,2024-08-30,Machine Oil / Grease,Manual,0.42,Normal,Yes
LB000000041,EQ00000016,2023-11-24,Machine Oil / Grease,Manual,4.65,Overdue,Yes
LB000000042,EQ00000016,2022-09-14,Machine Oil / Grease,Manual,3.72,Early,Yes
LB000000043,EQ00000016,2025-09-29,Machine Oil / Grease,Manual,4.63,Normal,Yes
LB000000044,EQ00000018,2025-07-28,Machine Oil / Grease,Manual,1.21,Normal,Yes
LB000000045,EQ00000018,2021-11-09,Machine Oil / Grease,Manual,2.53,Normal,Yes
LB000000046,EQ00000018,2022-04-18,Machine Oil / Grease,Manual,4.1,Overdue,Yes
LB000000047,EQ00000018,2022-11-02,Machine Oil / Grease,Manual,3.47,Early,Yes
LB000000048,EQ00000020,2022-12-05,Engine / Gear Lubricant,Workshop service,1.55,Early,Yes
LB000000049,EQ00000020,2025-10-14,Engine / Gear Lubricant,Workshop service,3.03,Early,Yes
LB000000050,EQ00000020,2024-09-12,Engine / Gear Lubricant,Workshop service,0.18,Normal,Yes
LB000000051,EQ00000020,2021-02-02,Engine / Gear Lubricant,Workshop service,4.09,Overdue,Yes
LB000000052,EQ00000020,2023-01-28,Engine / Gear Lubricant,Workshop service,2.99,Overdue,Yes
LB000000053,EQ00000020,2024-02-10,Engine / Gear Lubricant,Workshop service,0.87,Early,Yes
LB000000054,EQ00000021,2026-03-11,Process/Mechanical Lubricant,Manual / automated,4.16,Normal,Yes
LB000000055,EQ00000021,2022-10-10,Process/Mechanical Lubricant,Manual / automated,1.56,Normal,Yes
LB000000056,EQ00000021,2021-02-20,Process/Mechanical Lubricant,Manual / automated,2.04,Overdue,Yes
LB000000057,EQ00000021,2024-06-02,Process/Mechanical Lubricant,Manual / automated,3.2,Normal,Yes
LB000000058,EQ00000022,2023-11-22,Wire Rope / Gear Grease,Manual,4.37,Normal,Yes
LB000000059,EQ00000022,2026-04-16,Wire Rope / Gear Grease,Manual,3.96,Normal,Yes
LB000000060,EQ00000023,2026-05-22,Engine / Gear Lubricant,Workshop service,2.72,Overdue,Yes
LB000000061,EQ00000023,2023-12-13,Engine / Gear Lubricant,Workshop service,1.71,Normal,Yes
LB000000062,EQ00000024,2024-02-03,Bearing Oil / Grease,Manual / auto-lube,1.02,Early,Yes
LB000000063,EQ00000024,2026-05-28,Bearing Oil / Grease,Manual / auto-lube,3.2,Overdue,Yes
LB000000064,EQ00000024,2022-07-11,Bearing Oil / Grease,Manual / auto-lube,1.0,Early,Yes
LB000000065,EQ00000024,2023-02-15,Bearing Oil / Grease,Manual / auto-lube,4.55,Early,Yes
LB000000066,EQ00000024,2025-10-10,Bearing Oil / Grease,Manual / auto-lube,0.87,Early,Yes
LB000000067,EQ00000026,2023-07-31,EP Gear Oil / Grease,Grease gun / centralized,1.5,Normal,Yes
LB000000068,EQ00000026,2024-05-04,EP Gear Oil / Grease,Grease gun / centralized,1.92,Overdue,Yes
LB000000069,EQ00000026,2021-07-26,EP Gear Oil / Grease,Grease gun / centralized,2.86,Normal,Yes
LB000000070,EQ00000026,2026-07-18,EP Gear Oil / Grease,Grease gun / centralized,2.42,Early,Yes
LB000000071,EQ00000026,2023-06-13,EP Gear Oil / Grease,Grease gun / centralized,1.53,Normal,Yes
LB000000072,EQ00000028,2023-12-31,Process/Mechanical Lubricant,Manual / automated,4.53,Overdue,Yes
LB000000073,EQ00000028,2026-06-10,Process/Mechanical Lubricant,Manual / automated,2.87,Early,Yes
LB000000074,EQ00000028,2022-09-09,Process/Mechanical Lubricant,Manual / automated,2.16,Overdue,Yes
LB000000075,EQ00000028,2022-09-30,Process/Mechanical Lubricant,Manual / automated,1.55,Early,Yes
LB000000076,EQ00000029,2022-08-05,Wire Rope / Gear Grease,Manual,3.2,Early,Yes
LB000000077,EQ00000029,2021-03-03,Wire Rope / Gear Grease,Manual,0.43,Normal,Yes
LB000000078,EQ00000029,2024-04-15,Wire Rope / Gear Grease,Manual,3.58,Normal,Yes
LB000000079,EQ00000030,2025-12-14,Process/Mechanical Lubricant,Manual / automated,3.93,Early,Yes
LB000000080,EQ00000030,2025-12-15,Process/Mechanical Lubricant,Manual / automated,2.22,Overdue,Yes
LB000000081,EQ00000030,2021-12-17,Process/Mechanical Lubricant,Manual / automated,2.87,Early,Yes
LB000000082,EQ00000030,2022-08-27,Process/Mechanical Lubricant,Manual / automated,3.01,Overdue,Yes
LB000000083,EQ00000030,2023-02-18,Process/Mechanical Lubricant,Manual / automated,1.01,Normal,Yes
LB000000084,EQ00000032,2021-09-08,Machine Oil / Grease,Manual,0.98,Normal,Yes
LB000000085,EQ00000032,2025-02-16,Machine Oil / Grease,Manual,3.51,Overdue,Yes
LB000000086,EQ00000032,2021-02-20,Machine Oil / Grease,Manual,1.74,Normal,Yes
LB000000087,EQ00000032,2026-07-21,Machine Oil / Grease,Manual,3.4,Early,Yes
LB000000088,EQ00000032,2021-09-30,Machine Oil / Grease,Manual,1.48,Overdue,Yes
LB000000089,EQ00000033,2024-07-06,Pump Bearing Grease,Manual,1.46,Normal,Yes
LB000000090,EQ00000033,2025-07-11,Pump Bearing Grease,Manual,2.5,Normal,Yes
LB000000091,EQ00000033,2025-07-31,Pump Bearing Grease,Manual,2.57,Early,Yes
LB000000092,EQ00000033,2023-08-07,Pump Bearing Grease,Manual,1.32,Early,Yes
LB000000093,EQ00000034,2024-10-04,Machine Oil / Grease,Manual,0.8,Normal,Yes
LB000000094,EQ00000034,2025-07-13,Machine Oil / Grease,Manual,4.66,Overdue,Yes
LB000000095,EQ00000035,2023-01-10,Pump Bearing Grease,Manual,3.27,Normal,Yes
LB000000096,EQ00000035,2021-04-25,Pump Bearing Grease,Manual,4.26,Normal,Yes
LB000000097,EQ00000035,2023-01-09,Pump Bearing Grease,Manual,1.93,Normal,Yes
LB000000098,EQ00000035,2022-10-27,Pump Bearing Grease,Manual,0.77,Overdue,Yes
LB000000099,EQ00000035,2022-04-09,Pump Bearing Grease,Manual,4.53,Overdue,Yes
LB000000100,EQ00000036,2022-11-09,Process/Mechanical Lubricant,Manual / automated,4.72,Overdue,Yes
LB000000101,EQ00000037,2025-06-05,Process/Mechanical Lubricant,Manual / automated,3.85,Normal,Yes
LB000000102,EQ00000037,2025-07-27,Process/Mechanical Lubricant,Manual / automated,4.28,Overdue,Yes
LB000000103,EQ00000037,2021-12-14,Process/Mechanical Lubricant,Manual / automated,2.8,Early,Yes
LB000000104,EQ00000037,2025-10-27,Process/Mechanical Lubricant,Manual / automated,4.83,Normal,Yes
LB000000105,EQ00000037,2024-07-21,Process/Mechanical Lubricant,Manual / automated,1.09,Normal,Yes
LB000000106,EQ00000039,2026-06-01,Wire Rope / Gear Grease,Manual,2.21,Early,Yes
LB000000107,EQ00000039,2026-08-28,Wire Rope / Gear Grease,Manual,2.68,Early,Yes
LB000000108,EQ00000039,2021-04-20,Wire Rope / Gear Grease,Manual,3.55,Normal,Yes
LB000000109,EQ00000039,2022-11-22,Wire Rope / Gear Grease,Manual,1.82,Normal,Yes
LB000000110,EQ00000039,2021-12-05,Wire Rope / Gear Grease,Manual,4.65,Normal,Yes
LB000000111,EQ00000040,2021-09-04,Wire Rope / Gear Grease,Manual,1.39,Overdue,Yes
LB000000112,EQ00000040,2022-11-19,Wire Rope / Gear Grease,Manual,3.32,Normal,Yes
LB000000113,EQ00000040,2025-10-05,Wire Rope / Gear Grease,Manual,1.04,Normal,Yes
LB000000114,EQ00000041,2024-06-16,Pump Bearing Grease,Manual,4.69,Early,Yes
LB000000115,EQ00000041,2021-05-27,Pump Bearing Grease,Manual,3.48,Normal,Yes
LB000000116,EQ00000042,2021-06-20,EP Gear Oil / Grease,Grease gun / centralized,3.0,Overdue,Yes
LB000000117,EQ00000042,2023-11-25,EP Gear Oil / Grease,Grease gun / centralized,3.92,Early,Yes
LB000000118,EQ00000042,2022-07-21,EP Gear Oil / Grease,Grease gun / centralized,2.1,Early,Yes
LB000000119,EQ00000044,2024-03-02,Process/Mechanical Lubricant,Manual / automated,0.2,Early,Yes
LB000000120,EQ00000044,2022-11-24,Process/Mechanical Lubricant,Manual / automated,3.44,Normal,Yes
LB000000121,EQ00000045,2021-09-06,Pump Bearing Grease,Manual,3.95,Normal,Yes
LB000000122,EQ00000045,2025-08-11,Pump Bearing Grease,Manual,2.42,Normal,Yes
LB000000123,EQ00000045,2023-05-24,Pump Bearing Grease,Manual,0.13,Overdue,Yes
LB000000124,EQ00000045,2025-02-05,Pump Bearing Grease,Manual,4.96,Overdue,Yes
LB000000125,EQ00000046,2024-07-03,Process/Mechanical Lubricant,Manual / automated,3.25,Normal,Yes
LB000000126,EQ00000047,2021-09-20,Pump Bearing Grease,Manual,1.02,Overdue,Yes
LB000000127,EQ00000047,2021-10-13,Pump Bearing Grease,Manual,1.96,Normal,Yes
LB000000128,EQ00000047,2022-02-26,Pump Bearing Grease,Manual,1.99,Early,Yes
LB000000129,EQ00000047,2022-03-04,Pump Bearing Grease,Manual,4.12,Normal,Yes
LB000000130,EQ00000047,2021-07-11,Pump Bearing Grease,Manual,4.02,Early,Yes
LB000000131,EQ00000047,2025-12-21,Pump Bearing Grease,Manual,2.61,Overdue,Yes
LB000000132,EQ00000048,2026-07-03,Process/Mechanical Lubricant,Manual / automated,4.07,Overdue,Yes
LB000000133,EQ00000048,2026-04-22,Process/Mechanical Lubricant,Manual / automated,1.51,Overdue,Yes
LB000000134,EQ00000048,2026-01-26,Process/Mechanical Lubricant,Manual / automated,0.51,Early,Yes
LB000000135,EQ00000048,2023-12-02,Process/Mechanical Lubricant,Manual / automated,3.82,Overdue,Yes
LB000000136,EQ00000048,2022-01-08,Process/Mechanical Lubricant,Manual / automated,0.81,Normal,Yes
LB000000137,EQ00000049,2024-10-24,Process/Mechanical Lubricant,Manual / automated,0.17,Early,Yes
LB000000138,EQ00000049,2025-04-18,Process/Mechanical Lubricant,Manual / automated,2.27,Overdue,Yes
LB000000139,EQ00000049,2024-10-23,Process/Mechanical Lubricant,Manual / automated,0.28,Overdue,Yes
LB000000140,EQ00000049,2021-08-03,Process/Mechanical Lubricant,Manual / automated,1.78,Overdue,Yes
LB000000141,EQ00000050,2026-02-28,Process/Mechanical Lubricant,Manual / automated,0.65,Normal,Yes
LB000000142,EQ00000050,2023-08-21,Process/Mechanical Lubricant,Manual / automated,0.47,Normal,Yes
LB000000143,EQ00000050,2026-01-14,Process/Mechanical Lubricant,Manual / automated,2.23,Early,Yes
LB000000144,EQ00000050,2022-09-01,Process/Mechanical Lubricant,Manual / automated,1.27,Overdue,Yes
LB000000145,EQ00000052,2023-10-07,Machine Oil / Grease,Manual,0.28,Early,Yes
LB000000146,EQ00000052,2021-12-19,Machine Oil / Grease,Manual,2.23,Overdue,Yes
LB000000147,EQ00000052,2026-05-07,Machine Oil / Grease,Manual,4.59,Early,Yes
LB000000148,EQ00000053,2025-06-19,Pump Bearing Grease,Manual,4.31,Overdue,Yes
LB000000149,EQ00000053,2021-12-17,Pump Bearing Grease,Manual,4.6,Overdue,Yes
LB000000150,EQ00000053,2023-11-01,Pump Bearing Grease,Manual,4.71,Early,Yes
LB000000151,EQ00000055,2022-12-08,Pump Bearing Grease,Manual,5.0,Early,Yes
LB000000152,EQ00000055,2022-04-10,Pump Bearing Grease,Manual,3.66,Normal,Yes
LB000000153,EQ00000055,2021-12-14,Pump Bearing Grease,Manual,2.63,Normal,Yes
LB000000154,EQ00000055,2025-07-04,Pump Bearing Grease,Manual,3.56,Overdue,Yes
LB000000155,EQ00000055,2023-02-05,Pump Bearing Grease,Manual,0.8,Overdue,Yes
LB000000156,EQ00000055,2025-10-16,Pump Bearing Grease,Manual,0.23,Normal,Yes
LB000000157,EQ00000059,2024-05-02,Wire Rope / Gear Grease,Manual,3.18,Early,Yes
LB000000158,EQ00000059,2021-12-15,Wire Rope / Gear Grease,Manual,3.56,Normal,Yes
LB000000159,EQ00000059,2022-12-14,Wire Rope / Gear Grease,Manual,3.66,Normal,Yes
LB000000160,EQ00000059,2026-05-31,Wire Rope / Gear Grease,Manual,0.45,Early,Yes
LB000000161,EQ00000061,2022-04-14,EP Gear Oil / Grease,Grease gun / centralized,3.73,Overdue,Yes
LB000000162,EQ00000061,2026-03-10,EP Gear Oil / Grease,Grease gun / centralized,1.85,Overdue,Yes
LB000000163,EQ00000062,2023-09-16,Bearing Oil / Grease,Manual / auto-lube,3.06,Overdue,Yes
LB000000164,EQ00000062,2023-06-20,Bearing Oil / Grease,Manual / auto-lube,4.12,Overdue,Yes
LB000000165,EQ00000062,2024-07-24,Bearing Oil / Grease,Manual / auto-lube,0.6,Normal,Yes
LB000000166,EQ00000062,2022-05-29,Bearing Oil / Grease,Manual / auto-lube,2.41,Overdue,Yes
LB000000167,EQ00000062,2023-04-23,Bearing Oil / Grease,Manual / auto-lube,0.44,Early,Yes
LB000000168,EQ00000062,2026-06-01,Bearing Oil / Grease,Manual / auto-lube,1.51,Overdue,Yes
LB000000169,EQ00000064,2022-01-14,Machine Oil / Grease,Manual,0.95,Early,Yes
LB000000170,EQ00000064,2022-06-02,Machine Oil / Grease,Manual,1.21,Overdue,Yes
LB000000171,EQ00000065,2023-06-17,Bearing Grease,Manual,2.67,Early,Yes
LB000000172,EQ00000065,2023-01-13,Bearing Grease,Manual,2.64,Early,Yes
LB000000173,EQ00000065,2021-12-24,Bearing Grease,Manual,1.4,Normal,Yes
LB000000174,EQ00000065,2022-07-07,Bearing Grease,Manual,3.47,Overdue,Yes
LB000000175,EQ00000065,2021-04-14,Bearing Grease,Manual,1.59,Early,Yes
LB000000176,EQ00000065,2022-03-01,Bearing Grease,Manual,2.25,Early,Yes
LB000000177,EQ00000066,2023-05-22,Wire Rope / Gear Grease,Manual,1.64,Normal,Yes
LB000000178,EQ00000066,2021-01-23,Wire Rope / Gear Grease,Manual,3.26,Early,Yes
LB000000179,EQ00000066,2022-10-14,Wire Rope / Gear Grease,Manual,1.91,Normal,Yes
LB000000180,EQ00000066,2024-05-21,Wire Rope / Gear Grease,Manual,1.58,Normal,Yes
LB000000181,EQ00000066,2023-01-24,Wire Rope / Gear Grease,Manual,0.69,Overdue,Yes
LB000000182,EQ00000068,2024-12-28,Machine Oil / Grease,Manual,2.73,Overdue,Yes
LB000000183,EQ00000068,2024-02-09,Machine Oil / Grease,Manual,0.85,Overdue,Yes
LB000000184,EQ00000068,2023-01-17,Machine Oil / Grease,Manual,1.14,Overdue,Yes
LB000000185,EQ00000069,2026-05-30,Wire Rope / Gear Grease,Manual,4.25,Early,Yes
LB000000186,EQ00000070,2021-08-04,Machine Oil / Grease,Manual,3.24,Early,Yes
LB000000187,EQ00000070,2022-08-20,Machine Oil / Grease,Manual,2.55,Overdue,Yes
LB000000188,EQ00000070,2025-11-03,Machine Oil / Grease,Manual,2.27,Normal,Yes
LB000000189,EQ00000070,2021-05-25,Machine Oil / Grease,Manual,3.63,Overdue,Yes
LB000000190,EQ00000070,2025-11-16,Machine Oil / Grease,Manual,2.88,Overdue,Yes
LB000000191,EQ00000071,2026-03-03,Machine Oil / Grease,Manual,3.21,Normal,Yes
LB000000192,EQ00000071,2024-11-02,Machine Oil / Grease,Manual,3.47,Early,Yes
LB000000193,EQ00000072,2023-03-23,Engine / Gear Lubricant,Workshop service,3.97,Overdue,Yes
LB000000194,EQ00000072,2026-07-13,Engine / Gear Lubricant,Workshop service,3.65,Overdue,Yes
LB000000195,EQ00000072,2022-02-06,Engine / Gear Lubricant,Workshop service,0.95,Normal,Yes
LB000000196,EQ00000072,2026-02-16,Engine / Gear Lubricant,Workshop service,1.21,Normal,Yes
LB000000197,EQ00000072,2022-10-10,Engine / Gear Lubricant,Workshop service,0.28,Early,Yes
LB000000198,EQ00000073,2021-12-18,Machine Oil / Grease,Manual,0.89,Early,Yes
LB000000199,EQ00000073,2021-11-24,Machine Oil / Grease,Manual,2.06,Overdue,Yes
LB000000200,EQ00000073,2021-06-08,Machine Oil / Grease,Manual,0.71,Early,Yes
LB000000201,EQ00000073,2022-11-03,Machine Oil / Grease,Manual,4.76,Overdue,Yes
LB000000202,EQ00000074,2022-11-25,Process/Mechanical Lubricant,Manual / automated,4.99,Overdue,Yes
LB000000203,EQ00000074,2026-07-23,Process/Mechanical Lubricant,Manual / automated,0.69,Normal,Yes
LB000000204,EQ00000074,2023-10-11,Process/Mechanical Lubricant,Manual / automated,1.76,Overdue,Yes
LB000000205,EQ00000074,2023-07-27,Process/Mechanical Lubricant,Manual / automated,1.76,Overdue,Yes
LB000000206,EQ00000075,2025-06-24,Wire Rope / Gear Grease,Manual,1.22,Early,Yes
LB000000207,EQ00000075,2024-01-27,Wire Rope / Gear Grease,Manual,3.94,Overdue,Yes
LB000000208,EQ00000075,2023-09-30,Wire Rope / Gear Grease,Manual,0.32,Normal,Yes
LB000000209,EQ00000077,2021-06-05,EP Gear Oil / Grease,Grease gun / centralized,0.61,Early,Yes
LB000000210,EQ00000078,2025-11-21,Engine / Gear Lubricant,Workshop service,0.13,Normal,Yes
LB000000211,EQ00000078,2025-05-07,Engine / Gear Lubricant,Workshop service,1.69,Normal,Yes
LB000000212,EQ00000078,2021-07-13,Engine / Gear Lubricant,Workshop service,4.92,Early,Yes
LB000000213,EQ00000078,2023-07-07,Engine / Gear Lubricant,Workshop service,4.65,Overdue,Yes
LB000000214,EQ00000079,2024-08-17,Machine Oil / Grease,Manual,4.38,Early,Yes
LB000000215,EQ00000079,2021-04-02,Machine Oil / Grease,Manual,1.49,Normal,Yes
LB000000216,EQ00000079,2024-01-05,Machine Oil / Grease,Manual,3.68,Overdue,Yes
LB000000217,EQ00000079,2022-03-08,Machine Oil / Grease,Manual,4.37,Normal,Yes
LB000000218,EQ00000079,2026-03-07,Machine Oil / Grease,Manual,2.17,Early,Yes
LB000000219,EQ00000079,2023-08-01,Machine Oil / Grease,Manual,1.78,Early,Yes
LB000000220,EQ00000080,2022-06-30,Bearing Grease,Manual,1.64,Overdue,Yes
LB000000221,EQ00000080,2024-06-16,Bearing Grease,Manual,0.8,Early,Yes
LB000000222,EQ00000080,2024-08-07,Bearing Grease,Manual,1.79,Early,Yes
LB000000223,EQ00000083,2025-04-22,Process/Mechanical Lubricant,Manual / automated,0.99,Early,Yes
LB000000224,EQ00000083,2024-07-14,Process/Mechanical Lubricant,Manual / automated,4.37,Overdue,Yes
LB000000225,EQ00000083,2023-06-19,Process/Mechanical Lubricant,Manual / automated,3.87,Normal,Yes
LB000000226,EQ00000083,2022-01-03,Process/Mechanical Lubricant,Manual / automated,2.1,Normal,Yes
LB000000227,EQ00000085,2023-03-21,Process/Mechanical Lubricant,Manual / automated,0.91,Overdue,Yes
LB000000228,EQ00000085,2026-03-09,Process/Mechanical Lubricant,Manual / automated,2.81,Overdue,Yes
LB000000229,EQ00000085,2025-09-30,Process/Mechanical Lubricant,Manual / automated,4.27,Early,Yes
LB000000230,EQ00000085,2025-09-19,Process/Mechanical Lubricant,Manual / automated,0.68,Normal,Yes
LB000000231,EQ00000085,2021-01-09,Process/Mechanical Lubricant,Manual / automated,0.58,Overdue,Yes
LB000000232,EQ00000085,2024-03-08,Process/Mechanical Lubricant,Manual / automated,1.57,Normal,Yes
LB000000233,EQ00000086,2026-07-06,EP Gear Oil / Grease,Grease gun / centralized,1.72,Early,Yes
LB000000234,EQ00000086,2021-03-29,EP Gear Oil / Grease,Grease gun / centralized,3.24,Overdue,Yes
LB000000235,EQ00000086,2026-06-12,EP Gear Oil / Grease,Grease gun / centralized,0.13,Normal,Yes
LB000000236,EQ00000086,2022-09-24,EP Gear Oil / Grease,Grease gun / centralized,1.54,Early,Yes
LB000000237,EQ00000086,2024-11-16,EP Gear Oil / Grease,Grease gun / centralized,0.85,Overdue,Yes
LB000000238,EQ00000087,2025-06-10,Machine Oil / Grease,Manual,4.48,Normal,Yes
LB000000239,EQ00000087,2026-05-02,Machine Oil / Grease,Manual,4.03,Overdue,Yes
LB000000240,EQ00000087,2022-04-10,Machine Oil / Grease,Manual,3.47,Normal,Yes
LB000000241,EQ00000087,2021-07-23,Machine Oil / Grease,Manual,1.56,Overdue,Yes
LB000000242,EQ00000089,2021-08-20,Wire Rope / Gear Grease,Manual,3.42,Overdue,Yes
LB000000243,EQ00000089,2023-06-14,Wire Rope / Gear Grease,Manual,4.91,Normal,Yes
LB000000244,EQ00000090,2026-01-05,Bearing Grease,Manual,2.19,Early,Yes
LB000000245,EQ00000090,2022-11-29,Bearing Grease,Manual,4.65,Early,Yes
LB000000246,EQ00000090,2021-07-02,Bearing Grease,Manual,2.37,Overdue,Yes
LB000000247,EQ00000090,2021-01-08,Bearing Grease,Manual,4.52,Early,Yes
LB000000248,EQ00000090,2021-02-22,Bearing Grease,Manual,4.1,Early,Yes
LB000000249,EQ00000090,2025-01-24,Bearing Grease,Manual,4.39,Overdue,Yes
LB000000250,EQ00000092,2024-01-16,Wire Rope / Gear Grease,Manual,0.47,Overdue,Yes
LB000000251,EQ00000092,2023-12-24,Wire Rope / Gear Grease,Manual,0.84,Overdue,Yes
LB000000252,EQ00000092,2021-05-12,Wire Rope / Gear Grease,Manual,1.96,Early,Yes
LB000000253,EQ00000092,2021-07-10,Wire Rope / Gear Grease,Manual,2.03,Overdue,Yes
LB000000254,EQ00000092,2021-02-08,Wire Rope / Gear Grease,Manual,4.43,Early,Yes
LB000000255,EQ00000092,2025-04-19,Wire Rope / Gear Grease,Manual,4.11,Early,Yes
LB000000256,EQ00000093,2026-04-29,Wire Rope / Gear Grease,Manual,4.4,Overdue,Yes
LB000000257,EQ00000093,2022-04-05,Wire Rope / Gear Grease,Manual,3.1,Normal,Yes
LB000000258,EQ00000093,2021-12-01,Wire Rope / Gear Grease,Manual,1.64,Overdue,Yes
LB000000259,EQ00000093,2025-11-12,Wire Rope / Gear Grease,Manual,0.52,Normal,Yes
LB000000260,EQ00000093,2026-01-14,Wire Rope / Gear Grease,Manual,2.68,Overdue,Yes
LB000000261,EQ00000093,2022-06-27,Wire Rope / Gear Grease,Manual,4.69,Overdue,Yes
LB000000262,EQ00000094,2025-02-03,Process/Mechanical Lubricant,Manual / automated,1.11,Overdue,Yes
LB000000263,EQ00000095,2023-01-19,Engine / Gear Lubricant,Workshop service,2.62,Overdue,Yes
LB000000264,EQ00000095,2025-03-30,Engine / Gear Lubricant,Workshop service,2.53,Overdue,Yes
LB000000265,EQ00000095,2025-06-26,Engine / Gear Lubricant,Workshop service,1.18,Overdue,Yes
LB000000266,EQ00000095,2025-06-06,Engine / Gear Lubricant,Workshop service,1.26,Overdue,Yes
LB000000267,EQ00000096,2025-09-11,Wire Rope / Gear Grease,Manual,2.16,Normal,Yes
LB000000268,EQ00000096,2022-01-21,Wire Rope / Gear Grease,Manual,0.85,Early,Yes
LB000000269,EQ00000097,2021-12-26,Wire Rope / Gear Grease,Manual,0.3,Normal,Yes
LB000000270,EQ00000097,2021-02-22,Wire Rope / Gear Grease,Manual,4.13,Overdue,Yes
LB000000271,EQ00000098,2022-05-17,EP Gear Oil / Grease,Grease gun / centralized,3.18,Normal,Yes
LB000000272,EQ00000098,2023-03-05,EP Gear Oil / Grease,Grease gun / centralized,2.08,Overdue,Yes
LB000000273,EQ00000098,2026-06-28,EP Gear Oil / Grease,Grease gun / centralized,0.18,Overdue,Yes
LB000000274,EQ00000098,2024-04-02,EP Gear Oil / Grease,Grease gun / centralized,3.51,Normal,Yes
LB000000275,EQ00000098,2022-11-13,EP Gear Oil / Grease,Grease gun / centralized,3.1,Overdue,Yes
LB000000276,EQ00000100,2023-09-30,Machine Oil / Grease,Manual,3.55,Normal,Yes
LB000000277,EQ00000100,2021-08-16,Machine Oil / Grease,Manual,1.77,Early,Yes
LB000000278,EQ00000100,2021-05-09,Machine Oil / Grease,Manual,4.33,Normal,Yes
LB000000279,EQ00000102,2026-04-13,Bearing Oil / Grease,Manual / auto-lube,2.82,Overdue,Yes
LB000000280,EQ00000102,2025-08-28,Bearing Oil / Grease,Manual / auto-lube,4.78,Normal,Yes
LB000000281,EQ00000102,2022-03-08,Bearing Oil / Grease,Manual / auto-lube,1.15,Overdue,Yes
LB000000282,EQ00000103,2021-01-09,Bearing Oil / Grease,Manual / auto-lube,3.19,Early,Yes
LB000000283,EQ00000103,2026-01-01,Bearing Oil / Grease,Manual / auto-lube,4.56,Overdue,Yes
LB000000284,EQ00000103,2026-01-28,Bearing Oil / Grease,Manual / auto-lube,2.12,Overdue,Yes
LB000000285,EQ00000103,2022-07-21,Bearing Oil / Grease,Manual / auto-lube,2.67,Early,Yes
LB000000286,EQ00000104,2022-01-10,Machine Oil / Grease,Manual,2.49,Early,Yes
LB000000287,EQ00000104,2025-09-25,Machine Oil / Grease,Manual,3.55,Normal,Yes
LB000000288,EQ00000104,2023-01-11,Machine Oil / Grease,Manual,0.42,Early,Yes
LB000000289,EQ00000104,2021-01-14,Machine Oil / Grease,Manual,2.99,Normal,Yes
LB000000290,EQ00000105,2023-03-02,Pump Bearing Grease,Manual,2.45,Normal,Yes
LB000000291,EQ00000105,2024-03-22,Pump Bearing Grease,Manual,4.34,Normal,Yes
LB000000292,EQ00000105,2024-12-07,Pump Bearing Grease,Manual,0.93,Normal,Yes
LB000000293,EQ00000106,2022-03-24,Wire Rope / Gear Grease,Manual,3.91,Early,Yes
LB000000294,EQ00000106,2026-04-13,Wire Rope / Gear Grease,Manual,0.36,Overdue,Yes
LB000000295,EQ00000106,2023-02-22,Wire Rope / Gear Grease,Manual,0.73,Early,Yes
LB000000296,EQ00000107,2023-06-23,Machine Oil / Grease,Manual,4.26,Early,Yes
LB000000297,EQ00000107,2023-04-13,Machine Oil / Grease,Manual,2.75,Normal,Yes
LB000000298,EQ00000107,2022-12-14,Machine Oil / Grease,Manual,2.25,Normal,Yes
LB000000299,EQ00000107,2021-04-19,Machine Oil / Grease,Manual,2.13,Normal,Yes
LB000000300,EQ00000107,2022-01-20,Machine Oil / Grease,Manual,3.85,Normal,Yes
LB000000301,EQ00000109,2023-10-28,Wire Rope / Gear Grease,Manual,2.02,Early,Yes
LB000000302,EQ00000109,2024-04-16,Wire Rope / Gear Grease,Manual,4.3,Overdue,Yes
LB000000303,EQ00000109,2026-03-26,Wire Rope / Gear Grease,Manual,4.53,Overdue,Yes
LB000000304,EQ00000112,2022-05-28,Process/Mechanical Lubricant,Manual / automated,3.77,Normal,Yes
LB000000305,EQ00000112,2024-07-01,Process/Mechanical Lubricant,Manual / automated,2.25,Early,Yes
LB000000306,EQ00000112,2021-07-24,Process/Mechanical Lubricant,Manual / automated,1.47,Early,Yes
LB000000307,EQ00000112,2022-07-10,Process/Mechanical Lubricant,Manual / automated,3.36,Normal,Yes
LB000000308,EQ00000112,2022-10-31,Process/Mechanical Lubricant,Manual / automated,1.05,Early,Yes
LB000000309,EQ00000112,2022-02-01,Process/Mechanical Lubricant,Manual / automated,3.28,Early,Yes
LB000000310,EQ00000113,2025-05-02,EP Gear Oil / Grease,Grease gun / centralized,3.44,Normal,Yes
LB000000311,EQ00000113,2023-08-05,EP Gear Oil / Grease,Grease gun / centralized,0.35,Normal,Yes
LB000000312,EQ00000113,2026-04-15,EP Gear Oil / Grease,Grease gun / centralized,3.31,Normal,Yes
LB000000313,EQ00000114,2022-01-23,Process/Mechanical Lubricant,Manual / automated,4.53,Early,Yes
LB000000314,EQ00000114,2022-05-20,Process/Mechanical Lubricant,Manual / automated,2.6,Overdue,Yes
LB000000315,EQ00000114,2023-01-08,Process/Mechanical Lubricant,Manual / automated,2.97,Early,Yes
LB000000316,EQ00000114,2022-12-18,Process/Mechanical Lubricant,Manual / automated,0.17,Normal,Yes
LB000000317,EQ00000114,2026-07-03,Process/Mechanical Lubricant,Manual / automated,0.72,Early,Yes
LB000000318,EQ00000115,2026-06-25,EP Gear Oil / Grease,Grease gun / centralized,1.78,Early,Yes
LB000000319,EQ00000115,2021-08-20,EP Gear Oil / Grease,Grease gun / centralized,3.19,Normal,Yes
LB000000320,EQ00000115,2024-09-30,EP Gear Oil / Grease,Grease gun / centralized,2.1,Normal,Yes
LB000000321,EQ00000115,2023-11-24,EP Gear Oil / Grease,Grease gun / centralized,2.84,Early,Yes
LB000000322,EQ00000115,2021-03-31,EP Gear Oil / Grease,Grease gun / centralized,4.89,Normal,Yes
LB000000323,EQ00000115,2023-05-19,EP Gear Oil / Grease,Grease gun / centralized,3.16,Normal,Yes
LB000000324,EQ00000117,2023-02-26,Engine / Gear Lubricant,Workshop service,4.32,Overdue,Yes
LB000000325,EQ00000118,2022-02-23,Engine / Gear Lubricant,Workshop service,0.6,Normal,Yes
LB000000326,EQ00000118,2023-10-01,Engine / Gear Lubricant,Workshop service,2.27,Early,Yes
LB000000327,EQ00000118,2023-11-01,Engine / Gear Lubricant,Workshop service,0.3,Overdue,Yes
LB000000328,EQ00000119,2021-06-06,Wire Rope / Gear Grease,Manual,0.3,Early,Yes
LB000000329,EQ00000120,2024-01-27,Bearing Grease,Manual,2.57,Early,Yes
LB000000330,EQ00000120,2025-04-13,Bearing Grease,Manual,2.09,Normal,Yes
LB000000331,EQ00000121,2022-11-08,Machine Oil / Grease,Manual,2.31,Overdue,Yes
LB000000332,EQ00000122,2025-07-26,Pump Bearing Grease,Manual,1.68,Early,Yes
LB000000333,EQ00000124,2024-12-05,Bearing Grease,Manual,2.97,Early,Yes
LB000000334,EQ00000125,2024-06-18,Machine Oil / Grease,Manual,4.32,Overdue,Yes
LB000000335,EQ00000125,2021-11-09,Machine Oil / Grease,Manual,2.22,Early,Yes
LB000000336,EQ00000125,2021-07-29,Machine Oil / Grease,Manual,4.1,Overdue,Yes
LB000000337,EQ00000125,2021-04-02,Machine Oil / Grease,Manual,1.79,Early,Yes
LB000000338,EQ00000125,2022-11-19,Machine Oil / Grease,Manual,3.57,Overdue,Yes
LB000000339,EQ00000128,2023-09-22,EP Gear Oil / Grease,Grease gun / centralized,4.08,Normal,Yes
LB000000340,EQ00000128,2025-07-30,EP Gear Oil / Grease,Grease gun / centralized,3.2,Overdue,Yes
LB000000341,EQ00000129,2025-06-01,Process/Mechanical Lubricant,Manual / automated,3.24,Overdue,Yes
LB000000342,EQ00000129,2022-02-11,Process/Mechanical Lubricant,Manual / automated,0.51,Normal,Yes
LB000000343,EQ00000130,2023-08-11,Process/Mechanical Lubricant,Manual / automated,3.99,Normal,Yes
LB000000344,EQ00000130,2021-04-17,Process/Mechanical Lubricant,Manual / automated,3.79,Early,Yes
LB000000345,EQ00000131,2024-10-03,Machine Oil / Grease,Manual,1.3,Overdue,Yes
LB000000346,EQ00000131,2024-03-22,Machine Oil / Grease,Manual,1.18,Overdue,Yes
LB000000347,EQ00000131,2024-09-19,Machine Oil / Grease,Manual,4.27,Early,Yes
LB000000348,EQ00000131,2021-08-21,Machine Oil / Grease,Manual,1.34,Normal,Yes
LB000000349,EQ00000131,2022-12-25,Machine Oil / Grease,Manual,2.06,Early,Yes
LB000000350,EQ00000131,2021-03-16,Machine Oil / Grease,Manual,1.19,Normal,Yes
LB000000351,EQ00000132,2025-12-02,Wire Rope / Gear Grease,Manual,2.41,Normal,Yes
LB000000352,EQ00000132,2024-07-15,Wire Rope / Gear Grease,Manual,1.95,Normal,Yes
LB000000353,EQ00000133,2025-03-26,EP Gear Oil / Grease,Grease gun / centralized,2.5,Overdue,Yes
LB000000354,EQ00000133,2025-12-30,EP Gear Oil / Grease,Grease gun / centralized,0.17,Overdue,Yes
LB000000355,EQ00000133,2021-11-22,EP Gear Oil / Grease,Grease gun / centralized,4.5,Overdue,Yes
LB000000356,EQ00000133,2025-07-05,EP Gear Oil / Grease,Grease gun / centralized,0.86,Overdue,Yes
LB000000357,EQ00000133,2026-01-22,EP Gear Oil / Grease,Grease gun / centralized,3.94,Normal,Yes
LB000000358,EQ00000133,2023-04-12,EP Gear Oil / Grease,Grease gun / centralized,1.85,Overdue,Yes
LB000000359,EQ00000134,2023-02-02,Machine Oil / Grease,Manual,3.85,Early,Yes
LB000000360,EQ00000134,2026-08-31,Machine Oil / Grease,Manual,4.56,Early,Yes
LB000000361,EQ00000134,2025-01-24,Machine Oil / Grease,Manual,4.86,Early,Yes
LB000000362,EQ00000135,2023-08-03,Wire Rope / Gear Grease,Manual,1.9,Early,Yes
LB000000363,EQ00000135,2026-01-06,Wire Rope / Gear Grease,Manual,0.53,Normal,Yes
LB000000364,EQ00000135,2022-05-20,Wire Rope / Gear Grease,Manual,3.11,Normal,Yes
LB000000365,EQ00000135,2025-10-12,Wire Rope / Gear Grease,Manual,1.38,Overdue,Yes
LB000000366,EQ00000135,2025-06-22,Wire Rope / Gear Grease,Manual,0.38,Early,Yes
LB000000367,EQ00000135,2025-02-17,Wire Rope / Gear Grease,Manual,2.81,Overdue,Yes
LB000000368,EQ00000137,2023-06-23,Bearing Oil / Grease,Manual / auto-lube,1.24,Overdue,Yes
LB000000369,EQ00000137,2025-04-30,Bearing Oil / Grease,Manual / auto-lube,2.43,Normal,Yes
LB000000370,EQ00000137,2022-12-19,Bearing Oil / Grease,Manual / auto-lube,2.8,Early,Yes
LB000000371,EQ00000138,2023-06-06,Pump Bearing Grease,Manual,4.24,Overdue,Yes
LB000000372,EQ00000138,2026-02-03,Pump Bearing Grease,Manual,2.94,Overdue,Yes
LB000000373,EQ00000139,2026-04-26,Bearing Grease,Manual,4.23,Overdue,Yes
LB000000374,EQ00000139,2025-08-20,Bearing Grease,Manual,4.83,Normal,Yes
LB000000375,EQ00000139,2023-10-13,Bearing Grease,Manual,0.52,Normal,Yes
LB000000376,EQ00000140,2023-02-22,Bearing Oil / Grease,Manual / auto-lube,2.77,Normal,Yes
LB000000377,EQ00000140,2021-08-17,Bearing Oil / Grease,Manual / auto-lube,4.6,Early,Yes
LB000000378,EQ00000140,2025-01-20,Bearing Oil / Grease,Manual / auto-lube,2.57,Early,Yes
LB000000379,EQ00000140,2024-12-05,Bearing Oil / Grease,Manual / auto-lube,2.93,Early,Yes
LB000000380,EQ00000140,2022-08-05,Bearing Oil / Grease,Manual / auto-lube,3.97,Normal,Yes
LB000000381,EQ00000141,2026-02-06,EP Gear Oil / Grease,Grease gun / centralized,3.64,Overdue,Yes
LB000000382,EQ00000141,2021-05-21,EP Gear Oil / Grease,Grease gun / centralized,4.73,Normal,Yes
LB000000383,EQ00000141,2022-03-21,EP Gear Oil / Grease,Grease gun / centralized,3.13,Overdue,Yes
LB000000384,EQ00000141,2021-01-28,EP Gear Oil / Grease,Grease gun / centralized,2.54,Normal,Yes
LB000000385,EQ00000141,2022-04-25,EP Gear Oil / Grease,Grease gun / centralized,0.94,Early,Yes
LB000000386,EQ00000141,2022-11-23,EP Gear Oil / Grease,Grease gun / centralized,0.77,Normal,Yes
LB000000387,EQ00000142,2021-07-01,Engine / Gear Lubricant,Workshop service,3.76,Overdue,Yes
LB000000388,EQ00000142,2021-07-14,Engine / Gear Lubricant,Workshop service,4.08,Early,Yes
LB000000389,EQ00000142,2026-07-13,Engine / Gear Lubricant,Workshop service,3.38,Normal,Yes
LB000000390,EQ00000142,2026-03-01,Engine / Gear Lubricant,Workshop service,0.43,Overdue,Yes
LB000000391,EQ00000142,2021-10-27,Engine / Gear Lubricant,Workshop service,2.5,Normal,Yes
LB000000392,EQ00000142,2023-09-26,Engine / Gear Lubricant,Workshop service,1.89,Early,Yes
LB000000393,EQ00000144,2021-09-02,Wire Rope / Gear Grease,Manual,4.04,Normal,Yes
LB000000394,EQ00000145,2023-09-19,EP Gear Oil / Grease,Grease gun / centralized,1.67,Overdue,Yes
LB000000395,EQ00000146,2024-03-01,Process/Mechanical Lubricant,Manual / automated,3.36,Early,Yes
LB000000396,EQ00000146,2024-10-26,Process/Mechanical Lubricant,Manual / automated,2.2,Normal,Yes
LB000000397,EQ00000146,2024-01-31,Process/Mechanical Lubricant,Manual / automated,1.38,Normal,Yes
LB000000398,EQ00000146,2025-12-02,Process/Mechanical Lubricant,Manual / automated,2.57,Overdue,Yes
LB000000399,EQ00000147,2022-02-18,Process/Mechanical Lubricant,Manual / automated,0.77,Overdue,Yes
LB000000400,EQ00000147,2021-11-10,Process/Mechanical Lubricant,Manual / automated,1.72,Overdue,Yes
LB000000401,EQ00000147,2024-10-22,Process/Mechanical Lubricant,Manual / automated,4.25,Normal,Yes
LB000000402,EQ00000147,2022-04-05,Process/Mechanical Lubricant,Manual / automated,1.36,Early,Yes
LB000000403,EQ00000147,2024-01-05,Process/Mechanical Lubricant,Manual / automated,0.7,Overdue,Yes
LB000000404,EQ00000147,2023-06-25,Process/Mechanical Lubricant,Manual / automated,0.29,Overdue,Yes
LB000000405,EQ00000148,2025-06-04,EP Gear Oil / Grease,Grease gun / centralized,2.41,Overdue,Yes
LB000000406,EQ00000149,2023-12-25,Pump Bearing Grease,Manual,2.69,Normal,Yes
LB000000407,EQ00000149,2023-08-22,Pump Bearing Grease,Manual,0.82,Early,Yes
LB000000408,EQ00000149,2025-11-08,Pump Bearing Grease,Manual,2.37,Normal,Yes
LB000000409,EQ00000149,2023-05-07,Pump Bearing Grease,Manual,1.33,Normal,Yes
LB000000410,EQ00000149,2025-09-20,Pump Bearing Grease,Manual,2.75,Overdue,Yes
LB000000411,EQ00000150,2023-10-02,Machine Oil / Grease,Manual,0.95,Normal,Yes
LB000000412,EQ00000150,2025-08-09,Machine Oil / Grease,Manual,2.41,Overdue,Yes
LB000000413,EQ00000150,2023-10-13,Machine Oil / Grease,Manual,4.76,Early,Yes
LB000000414,EQ00000150,2022-03-20,Machine Oil / Grease,Manual,4.8,Early,Yes
LB000000415,EQ00000151,2025-05-30,Bearing Oil / Grease,Manual / auto-lube,4.51,Normal,Yes
LB000000416,EQ00000151,2023-07-26,Bearing Oil / Grease,Manual / auto-lube,0.58,Normal,Yes
LB000000417,EQ00000151,2024-09-25,Bearing Oil / Grease,Manual / auto-lube,1.09,Early,Yes
LB000000418,EQ00000151,2026-07-31,Bearing Oil / Grease,Manual / auto-lube,3.24,Early,Yes
LB000000419,EQ00000151,2021-09-12,Bearing Oil / Grease,Manual / auto-lube,0.84,Early,Yes
LB000000420,EQ00000151,2022-07-23,Bearing Oil / Grease,Manual / auto-lube,4.01,Normal,Yes
LB000000421,EQ00000152,2026-08-03,Pump Bearing Grease,Manual,2.78,Early,Yes
LB000000422,EQ00000152,2021-08-17,Pump Bearing Grease,Manual,1.46,Normal,Yes
LB000000423,EQ00000152,2022-09-16,Pump Bearing Grease,Manual,5.0,Early,Yes
LB000000424,EQ00000152,2025-12-01,Pump Bearing Grease,Manual,3.86,Early,Yes
LB000000425,EQ00000153,2026-07-09,Bearing Grease,Manual,4.11,Overdue,Yes
LB000000426,EQ00000153,2023-10-14,Bearing Grease,Manual,2.73,Overdue,Yes
LB000000427,EQ00000153,2021-02-21,Bearing Grease,Manual,2.93,Early,Yes
LB000000428,EQ00000153,2023-03-18,Bearing Grease,Manual,4.81,Early,Yes
LB000000429,EQ00000153,2023-06-11,Bearing Grease,Manual,0.86,Early,Yes
LB000000430,EQ00000153,2021-03-20,Bearing Grease,Manual,0.2,Normal,Yes
LB000000431,EQ00000154,2025-01-31,EP Gear Oil / Grease,Grease gun / centralized,2.6,Early,Yes
LB000000432,EQ00000154,2022-10-05,EP Gear Oil / Grease,Grease gun / centralized,4.73,Normal,Yes
LB000000433,EQ00000154,2025-05-03,EP Gear Oil / Grease,Grease gun / centralized,4.19,Normal,Yes
LB000000434,EQ00000156,2021-12-18,Pump Bearing Grease,Manual,2.51,Overdue,Yes
LB000000435,EQ00000156,2025-10-10,Pump Bearing Grease,Manual,1.42,Normal,Yes
LB000000436,EQ00000156,2023-03-01,Pump Bearing Grease,Manual,3.08,Overdue,Yes
LB000000437,EQ00000156,2022-07-27,Pump Bearing Grease,Manual,4.31,Overdue,Yes
LB000000438,EQ00000156,2022-08-13,Pump Bearing Grease,Manual,0.73,Overdue,Yes
LB000000439,EQ00000157,2021-09-04,Pump Bearing Grease,Manual,1.14,Early,Yes
LB000000440,EQ00000157,2022-03-14,Pump Bearing Grease,Manual,4.94,Overdue,Yes
LB000000441,EQ00000158,2023-10-27,Pump Bearing Grease,Manual,3.94,Early,Yes
LB000000442,EQ00000158,2025-10-28,Pump Bearing Grease,Manual,2.71,Overdue,Yes
LB000000443,EQ00000159,2023-06-22,Process/Mechanical Lubricant,Manual / automated,3.94,Normal,Yes
LB000000444,EQ00000159,2025-08-16,Process/Mechanical Lubricant,Manual / automated,1.5,Overdue,Yes
LB000000445,EQ00000159,2022-05-14,Process/Mechanical Lubricant,Manual / automated,2.11,Overdue,Yes
LB000000446,EQ00000159,2026-05-15,Process/Mechanical Lubricant,Manual / automated,4.16,Early,Yes
LB000000447,EQ00000159,2023-03-08,Process/Mechanical Lubricant,Manual / automated,3.2,Early,Yes
LB000000448,EQ00000159,2023-10-22,Process/Mechanical Lubricant,Manual / automated,1.54,Early,Yes
LB000000449,EQ00000160,2025-04-22,Pump Bearing Grease,Manual,2.81,Normal,Yes
LB000000450,EQ00000160,2022-08-09,Pump Bearing Grease,Manual,1.48,Early,Yes
LB000000451,EQ00000160,2023-04-23,Pump Bearing Grease,Manual,3.35,Normal,Yes
LB000000452,EQ00000160,2021-03-17,Pump Bearing Grease,Manual,2.98,Normal,Yes
LB000000453,EQ00000160,2021-10-05,Pump Bearing Grease,Manual,3.54,Early,Yes
LB000000454,EQ00000160,2026-03-25,Pump Bearing Grease,Manual,1.16,Early,Yes
LB000000455,EQ00000161,2024-05-15,Wire Rope / Gear Grease,Manual,1.01,Normal,Yes
LB000000456,EQ00000161,2026-04-06,Wire Rope / Gear Grease,Manual,1.89,Overdue,Yes
LB000000457,EQ00000161,2025-03-17,Wire Rope / Gear Grease,Manual,3.63,Normal,Yes
LB000000458,EQ00000161,2025-06-06,Wire Rope / Gear Grease,Manual,1.07,Early,Yes
LB000000459,EQ00000162,2026-06-08,EP Gear Oil / Grease,Grease gun / centralized,1.13,Overdue,Yes
LB000000460,EQ00000162,2022-05-05,EP Gear Oil / Grease,Grease gun / centralized,0.33,Normal,Yes
LB000000461,EQ00000162,2024-05-10,EP Gear Oil / Grease,Grease gun / centralized,4.8,Overdue,Yes
LB000000462,EQ00000163,2023-08-16,Pump Bearing Grease,Manual,3.42,Normal,Yes
LB000000463,EQ00000163,2023-11-07,Pump Bearing Grease,Manual,2.83,Early,Yes
LB000000464,EQ00000163,2023-05-10,Pump Bearing Grease,Manual,4.98,Overdue,Yes
LB000000465,EQ00000163,2023-06-07,Pump Bearing Grease,Manual,0.1,Overdue,Yes
LB000000466,EQ00000163,2022-03-10,Pump Bearing Grease,Manual,0.93,Early,Yes
LB000000467,EQ00000164,2026-05-28,Bearing Grease,Manual,2.84,Overdue,Yes
LB000000468,EQ00000164,2022-08-29,Bearing Grease,Manual,2.69,Overdue,Yes
LB000000469,EQ00000165,2022-11-21,Bearing Grease,Manual,2.53,Early,Yes
LB000000470,EQ00000165,2022-06-17,Bearing Grease,Manual,3.31,Early,Yes
LB000000471,EQ00000167,2024-01-29,Bearing Grease,Manual,4.11,Overdue,Yes
LB000000472,EQ00000167,2021-08-20,Bearing Grease,Manual,0.87,Overdue,Yes
LB000000473,EQ00000167,2025-06-09,Bearing Grease,Manual,3.17,Normal,Yes
LB000000474,EQ00000168,2024-12-01,Wire Rope / Gear Grease,Manual,1.9,Early,Yes
LB000000475,EQ00000168,2024-07-22,Wire Rope / Gear Grease,Manual,1.95,Overdue,Yes
LB000000476,EQ00000168,2026-04-29,Wire Rope / Gear Grease,Manual,3.07,Normal,Yes
LB000000477,EQ00000168,2021-05-07,Wire Rope / Gear Grease,Manual,4.46,Early,Yes
LB000000478,EQ00000168,2021-04-07,Wire Rope / Gear Grease,Manual,2.97,Early,Yes
LB000000479,EQ00000168,2025-02-26,Wire Rope / Gear Grease,Manual,2.92,Early,Yes
LB000000480,EQ00000170,2025-05-18,Process/Mechanical Lubricant,Manual / automated,3.25,Overdue,Yes
LB000000481,EQ00000170,2024-06-19,Process/Mechanical Lubricant,Manual / automated,1.63,Early,Yes
LB000000482,EQ00000170,2024-07-10,Process/Mechanical Lubricant,Manual / automated,4.68,Overdue,Yes
LB000000483,EQ00000170,2025-10-17,Process/Mechanical Lubricant,Manual / automated,2.42,Overdue,Yes
LB000000484,EQ00000170,2021-03-18,Process/Mechanical Lubricant,Manual / automated,2.7,Normal,Yes
LB000000485,EQ00000171,2024-04-28,Process/Mechanical Lubricant,Manual / automated,0.39,Normal,Yes
LB000000486,EQ00000172,2026-01-02,Bearing Grease,Manual,2.36,Early,Yes
LB000000487,EQ00000172,2024-06-20,Bearing Grease,Manual,1.16,Early,Yes
LB000000488,EQ00000173,2026-08-10,EP Gear Oil / Grease,Grease gun / centralized,2.26,Normal,Yes
LB000000489,EQ00000173,2021-05-27,EP Gear Oil / Grease,Grease gun / centralized,2.08,Normal,Yes
LB000000490,EQ00000173,2026-08-14,EP Gear Oil / Grease,Grease gun / centralized,1.44,Normal,Yes
LB000000491,EQ00000173,2024-04-22,EP Gear Oil / Grease,Grease gun / centralized,4.11,Normal,Yes
LB000000492,EQ00000173,2026-07-07,EP Gear Oil / Grease,Grease gun / centralized,2.91,Normal,Yes
LB000000493,EQ00000174,2025-05-12,Bearing Grease,Manual,1.75,Normal,Yes
LB000000494,EQ00000174,2024-06-09,Bearing Grease,Manual,0.25,Early,Yes
LB000000495,EQ00000174,2026-02-08,Bearing Grease,Manual,2.2,Overdue,Yes
LB000000496,EQ00000174,2026-06-21,Bearing Grease,Manual,1.56,Overdue,Yes
LB000000497,EQ00000174,2025-09-29,Bearing Grease,Manual,1.78,Overdue,Yes
LB000000498,EQ00000174,2023-05-11,Bearing Grease,Manual,0.4,Overdue,Yes
LB000000499,EQ00000175,2023-05-01,EP Gear Oil / Grease,Grease gun / centralized,4.34,Early,Yes
LB000000500,EQ00000175,2026-08-07,EP Gear Oil / Grease,Grease gun / centralized,0.34,Overdue,Yes
LB000000501,EQ00000176,2025-01-30,Bearing Grease,Manual,1.1,Normal,Yes
LB000000502,EQ00000176,2022-11-16,Bearing Grease,Manual,2.85,Early,Yes
LB000000503,EQ00000176,2023-05-18,Bearing Grease,Manual,2.33,Normal,Yes
LB000000504,EQ00000177,2025-08-22,Process/Mechanical Lubricant,Manual / automated,1.36,Overdue,Yes
LB000000505,EQ00000177,2022-07-13,Process/Mechanical Lubricant,Manual / automated,2.62,Overdue,Yes
LB000000506,EQ00000178,2024-04-22,Bearing Grease,Manual,1.87,Overdue,Yes
LB000000507,EQ00000178,2025-11-13,Bearing Grease,Manual,0.43,Overdue,Yes
LB000000508,EQ00000178,2024-09-07,Bearing Grease,Manual,4.32,Early,Yes
LB000000509,EQ00000178,2026-07-13,Bearing Grease,Manual,0.75,Normal,Yes
LB000000510,EQ00000178,2021-01-09,Bearing Grease,Manual,2.85,Early,Yes
LB000000511,EQ00000178,2023-05-13,Bearing Grease,Manual,2.99,Early,Yes
LB000000512,EQ00000179,2026-03-30,Machine Oil / Grease,Manual,3.69,Early,Yes
LB000000513,EQ00000180,2026-06-15,Pump Bearing Grease,Manual,2.37,Early,Yes
LB000000514,EQ00000180,2026-05-29,Pump Bearing Grease,Manual,4.83,Overdue,Yes
LB000000515,EQ00000180,2026-04-10,Pump Bearing Grease,Manual,1.88,Normal,Yes
LB000000516,EQ00000180,2024-09-21,Pump Bearing Grease,Manual,2.19,Overdue,Yes
LB000000517,EQ00000180,2024-08-12,Pump Bearing Grease,Manual,3.52,Early,Yes
LB000000518,EQ00000180,2025-02-26,Pump Bearing Grease,Manual,4.46,Overdue,Yes
LB000000519,EQ00000181,2021-09-16,Machine Oil / Grease,Manual,2.43,Normal,Yes
LB000000520,EQ00000181,2023-04-25,Machine Oil / Grease,Manual,3.44,Normal,Yes
LB000000521,EQ00000181,2023-11-19,Machine Oil / Grease,Manual,4.85,Normal,Yes
LB000000522,EQ00000181,2026-08-18,Machine Oil / Grease,Manual,3.24,Normal,Yes
LB000000523,EQ00000182,2023-04-25,Bearing Grease,Manual,3.36,Overdue,Yes
LB000000524,EQ00000182,2024-11-27,Bearing Grease,Manual,1.36,Early,Yes
LB000000525,EQ00000183,2025-09-07,EP Gear Oil / Grease,Grease gun / centralized,0.64,Overdue,Yes
LB000000526,EQ00000183,2026-01-13,EP Gear Oil / Grease,Grease gun / centralized,0.27,Normal,Yes
LB000000527,EQ00000183,2022-02-06,EP Gear Oil / Grease,Grease gun / centralized,4.12,Normal,Yes
LB000000528,EQ00000183,2022-07-04,EP Gear Oil / Grease,Grease gun / centralized,4.08,Early,Yes
LB000000529,EQ00000183,2025-10-13,EP Gear Oil / Grease,Grease gun / centralized,2.54,Overdue,Yes
LB000000530,EQ00000183,2024-08-26,EP Gear Oil / Grease,Grease gun / centralized,2.59,Overdue,Yes
LB000000531,EQ00000184,2024-07-10,Bearing Grease,Manual,4.69,Normal,Yes
LB000000532,EQ00000184,2023-03-15,Bearing Grease,Manual,3.06,Normal,Yes
LB000000533,EQ00000184,2023-02-11,Bearing Grease,Manual,2.15,Overdue,Yes
LB000000534,EQ00000184,2021-04-11,Bearing Grease,Manual,2.29,Normal,Yes
LB000000535,EQ00000184,2025-11-10,Bearing Grease,Manual,4.87,Normal,Yes
LB000000536,EQ00000184,2024-06-07,Bearing Grease,Manual,0.23,Normal,Yes
LB000000537,EQ00000186,2024-12-02,EP Gear Oil / Grease,Grease gun / centralized,2.66,Overdue,Yes
LB000000538,EQ00000186,2025-06-05,EP Gear Oil / Grease,Grease gun / centralized,1.22,Normal,Yes
LB000000539,EQ00000186,2023-06-24,EP Gear Oil / Grease,Grease gun / centralized,3.23,Early,Yes
LB000000540,EQ00000186,2024-03-23,EP Gear Oil / Grease,Grease gun / centralized,2.61,Overdue,Yes
LB000000541,EQ00000186,2023-11-21,EP Gear Oil / Grease,Grease gun / centralized,1.73,Normal,Yes
LB000000542,EQ00000187,2025-03-09,Process/Mechanical Lubricant,Manual / automated,0.12,Early,Yes
LB000000543,EQ00000189,2022-10-06,Pump Bearing Grease,Manual,2.33,Early,Yes
LB000000544,EQ00000189,2025-02-27,Pump Bearing Grease,Manual,1.98,Normal,Yes
LB000000545,EQ00000189,2024-08-04,Pump Bearing Grease,Manual,4.95,Overdue,Yes
LB000000546,EQ00000189,2021-06-01,Pump Bearing Grease,Manual,2.31,Early,Yes
LB000000547,EQ00000189,2025-01-31,Pump Bearing Grease,Manual,2.87,Early,Yes
LB000000548,EQ00000190,2021-10-21,Pump Bearing Grease,Manual,1.1,Normal,Yes
LB000000549,EQ00000190,2022-01-24,Pump Bearing Grease,Manual,3.98,Normal,Yes
LB000000550,EQ00000190,2022-04-04,Pump Bearing Grease,Manual,0.37,Overdue,Yes
LB000000551,EQ00000192,2024-09-19,Process/Mechanical Lubricant,Manual / automated,4.41,Normal,Yes
LB000000552,EQ00000192,2025-03-07,Process/Mechanical Lubricant,Manual / automated,1.01,Early,Yes
LB000000553,EQ00000192,2024-10-28,Process/Mechanical Lubricant,Manual / automated,2.21,Early,Yes
LB000000554,EQ00000192,2024-04-19,Process/Mechanical Lubricant,Manual / automated,2.49,Early,Yes
LB000000555,EQ00000192,2021-01-12,Process/Mechanical Lubricant,Manual / automated,2.48,Normal,Yes
LB000000556,EQ00000194,2023-05-07,Bearing Oil / Grease,Manual / auto-lube,4.85,Normal,Yes
LB000000557,EQ00000194,2023-02-28,Bearing Oil / Grease,Manual / auto-lube,0.88,Early,Yes
LB000000558,EQ00000194,2026-01-29,Bearing Oil / Grease,Manual / auto-lube,4.79,Normal,Yes
LB000000559,EQ00000194,2024-12-05,Bearing Oil / Grease,Manual / auto-lube,3.07,Early,Yes
LB000000560,EQ00000194,2024-11-24,Bearing Oil / Grease,Manual / auto-lube,1.84,Overdue,Yes
LB000000561,EQ00000197,2022-04-25,Pump Bearing Grease,Manual,4.66,Normal,Yes
LB000000562,EQ00000198,2026-02-20,EP Gear Oil / Grease,Grease gun / centralized,2.28,Early,Yes
LB000000563,EQ00000198,2023-06-16,EP Gear Oil / Grease,Grease gun / centralized,4.42,Early,Yes
LB000000564,EQ00000199,2023-01-07,EP Gear Oil / Grease,Grease gun / centralized,4.43,Normal,Yes
LB000000565,EQ00000199,2024-10-27,EP Gear Oil / Grease,Grease gun / centralized,3.18,Normal,Yes
LB000000566,EQ00000200,2021-03-27,Bearing Oil / Grease,Manual / auto-lube,4.26,Overdue,Yes
LB000000567,EQ00000200,2022-11-20,Bearing Oil / Grease,Manual / auto-lube,2.8,Overdue,Yes
LB000000568,EQ00000201,2022-08-14,Bearing Oil / Grease,Manual / auto-lube,4.7,Early,Yes
LB000000569,EQ00000201,2025-09-21,Bearing Oil / Grease,Manual / auto-lube,4.49,Normal,Yes
LB000000570,EQ00000202,2023-06-29,Process/Mechanical Lubricant,Manual / automated,3.21,Normal,Yes
LB000000571,EQ00000202,2024-01-02,Process/Mechanical Lubricant,Manual / automated,0.34,Early,Yes
LB000000572,EQ00000202,2023-03-21,Process/Mechanical Lubricant,Manual / automated,3.64,Overdue,Yes
LB000000573,EQ00000203,2024-07-17,Pump Bearing Grease,Manual,2.99,Early,Yes
LB000000574,EQ00000203,2021-09-27,Pump Bearing Grease,Manual,0.74,Normal,Yes
LB000000575,EQ00000203,2026-08-12,Pump Bearing Grease,Manual,2.07,Early,Yes
LB000000576,EQ00000206,2025-04-09,Machine Oil / Grease,Manual,3.09,Normal,Yes
LB000000577,EQ00000206,2022-04-14,Machine Oil / Grease,Manual,4.87,Overdue,Yes
LB000000578,EQ00000206,2021-01-21,Machine Oil / Grease,Manual,2.87,Overdue,Yes
LB000000579,EQ00000206,2025-10-02,Machine Oil / Grease,Manual,1.0,Normal,Yes
LB000000580,EQ00000207,2025-10-15,Bearing Grease,Manual,0.61,Overdue,Yes
LB000000581,EQ00000207,2023-10-23,Bearing Grease,Manual,3.01,Overdue,Yes
LB000000582,EQ00000207,2024-01-15,Bearing Grease,Manual,0.51,Early,Yes
LB000000583,EQ00000207,2023-02-05,Bearing Grease,Manual,4.08,Normal,Yes
LB000000584,EQ00000207,2021-10-03,Bearing Grease,Manual,4.35,Normal,Yes
LB000000585,EQ00000208,2023-06-17,EP Gear Oil / Grease,Grease gun / centralized,4.77,Overdue,Yes
LB000000586,EQ00000208,2024-06-11,EP Gear Oil / Grease,Grease gun / centralized,2.35,Normal,Yes
LB000000587,EQ00000208,2023-12-20,EP Gear Oil / Grease,Grease gun / centralized,3.39,Overdue,Yes
LB000000588,EQ00000208,2026-08-05,EP Gear Oil / Grease,Grease gun / centralized,4.58,Overdue,Yes
LB000000589,EQ00000209,2026-03-15,EP Gear Oil / Grease,Grease gun / centralized,3.95,Early,Yes
LB000000590,EQ00000210,2024-07-04,EP Gear Oil / Grease,Grease gun / centralized,1.83,Normal,Yes
LB000000591,EQ00000210,2023-01-09,EP Gear Oil / Grease,Grease gun / centralized,2.75,Normal,Yes
LB000000592,EQ00000211,2024-05-13,EP Gear Oil / Grease,Grease gun / centralized,3.52,Overdue,Yes
LB000000593,EQ00000211,2023-04-09,EP Gear Oil / Grease,Grease gun / centralized,0.55,Normal,Yes
LB000000594,EQ00000211,2025-02-21,EP Gear Oil / Grease,Grease gun / centralized,1.8,Early,Yes
LB000000595,EQ00000212,2024-09-22,Process/Mechanical Lubricant,Manual / automated,2.67,Overdue,Yes
LB000000596,EQ00000212,2024-08-17,Process/Mechanical Lubricant,Manual / automated,1.23,Overdue,Yes
LB000000597,EQ00000212,2022-10-10,Process/Mechanical Lubricant,Manual / automated,1.2,Early,Yes
LB000000598,EQ00000213,2025-09-23,Pump Bearing Grease,Manual,4.17,Normal,Yes
LB000000599,EQ00000213,2023-01-21,Pump Bearing Grease,Manual,0.81,Overdue,Yes
LB000000600,EQ00000213,2022-04-13,Pump Bearing Grease,Manual,2.09,Normal,Yes
LB000000601,EQ00000215,2022-09-14,Machine Oil / Grease,Manual,1.37,Normal,Yes
LB000000602,EQ00000215,2023-08-24,Machine Oil / Grease,Manual,4.56,Normal,Yes
LB000000603,EQ00000215,2023-09-06,Machine Oil / Grease,Manual,2.63,Overdue,Yes
LB000000604,EQ00000216,2025-08-03,Pump Bearing Grease,Manual,1.06,Normal,Yes
LB000000605,EQ00000216,2021-08-08,Pump Bearing Grease,Manual,0.88,Normal,Yes
LB000000606,EQ00000216,2023-03-28,Pump Bearing Grease,Manual,4.11,Overdue,Yes
LB000000607,EQ00000216,2026-05-06,Pump Bearing Grease,Manual,4.43,Early,Yes
LB000000608,EQ00000216,2022-08-21,Pump Bearing Grease,Manual,4.66,Overdue,Yes
LB000000609,EQ00000218,2023-01-17,EP Gear Oil / Grease,Grease gun / centralized,1.92,Normal,Yes
LB000000610,EQ00000218,2024-08-29,EP Gear Oil / Grease,Grease gun / centralized,2.73,Normal,Yes
LB000000611,EQ00000218,2025-12-22,EP Gear Oil / Grease,Grease gun / centralized,2.65,Normal,Yes
LB000000612,EQ00000218,2022-09-26,EP Gear Oil / Grease,Grease gun / centralized,4.92,Overdue,Yes
LB000000613,EQ00000218,2022-05-19,EP Gear Oil / Grease,Grease gun / centralized,1.52,Normal,Yes
LB000000614,EQ00000218,2022-10-25,EP Gear Oil / Grease,Grease gun / centralized,3.65,Overdue,Yes
LB000000615,EQ00000219,2024-03-23,Pump Bearing Grease,Manual,2.3,Normal,Yes
LB000000616,EQ00000219,2024-04-10,Pump Bearing Grease,Manual,4.28,Overdue,Yes
LB000000617,EQ00000219,2026-05-25,Pump Bearing Grease,Manual,4.93,Overdue,Yes
LB000000618,EQ00000219,2023-05-02,Pump Bearing Grease,Manual,2.34,Early,Yes
LB000000619,EQ00000219,2024-09-24,Pump Bearing Grease,Manual,3.93,Normal,Yes
LB000000620,EQ00000221,2025-08-31,EP Gear Oil / Grease,Grease gun / centralized,1.47,Early,Yes
LB000000621,EQ00000221,2021-11-10,EP Gear Oil / Grease,Grease gun / centralized,4.46,Early,Yes
LB000000622,EQ00000222,2023-01-18,EP Gear Oil / Grease,Grease gun / centralized,0.27,Normal,Yes
LB000000623,EQ00000224,2025-12-19,Machine Oil / Grease,Manual,4.43,Early,Yes
LB000000624,EQ00000224,2022-01-01,Machine Oil / Grease,Manual,2.41,Overdue,Yes
LB000000625,EQ00000228,2022-05-08,Engine / Gear Lubricant,Workshop service,2.96,Early,Yes
LB000000626,EQ00000229,2026-01-29,Pump Bearing Grease,Manual,2.76,Overdue,Yes
LB000000627,EQ00000229,2026-03-29,Pump Bearing Grease,Manual,2.71,Early,Yes
LB000000628,EQ00000229,2022-02-24,Pump Bearing Grease,Manual,1.29,Normal,Yes
LB000000629,EQ00000229,2022-10-09,Pump Bearing Grease,Manual,0.81,Normal,Yes
LB000000630,EQ00000229,2021-04-18,Pump Bearing Grease,Manual,2.92,Normal,Yes
LB000000631,EQ00000230,2023-01-03,EP Gear Oil / Grease,Grease gun / centralized,1.82,Overdue,Yes
LB000000632,EQ00000230,2025-07-22,EP Gear Oil / Grease,Grease gun / centralized,0.32,Early,Yes
LB000000633,EQ00000230,2025-10-21,EP Gear Oil / Grease,Grease gun / centralized,1.48,Overdue,Yes
LB000000634,EQ00000230,2026-08-07,EP Gear Oil / Grease,Grease gun / centralized,2.76,Early,Yes
LB000000635,EQ00000230,2022-09-12,EP Gear Oil / Grease,Grease gun / centralized,2.05,Normal,Yes
LB000000636,EQ00000231,2022-10-01,Pump Bearing Grease,Manual,2.36,Early,Yes
LB000000637,EQ00000231,2025-10-21,Pump Bearing Grease,Manual,1.05,Normal,Yes
LB000000638,EQ00000231,2022-03-31,Pump Bearing Grease,Manual,0.88,Overdue,Yes
LB000000639,EQ00000231,2023-05-21,Pump Bearing Grease,Manual,3.84,Overdue,Yes
LB000000640,EQ00000231,2023-01-26,Pump Bearing Grease,Manual,1.35,Early,Yes
LB000000641,EQ00000231,2024-12-06,Pump Bearing Grease,Manual,1.79,Normal,Yes
LB000000642,EQ00000232,2026-08-29,EP Gear Oil / Grease,Grease gun / centralized,3.37,Early,Yes
LB000000643,EQ00000233,2022-01-25,Engine / Gear Lubricant,Workshop service,4.45,Early,Yes
LB000000644,EQ00000233,2024-12-23,Engine / Gear Lubricant,Workshop service,1.68,Early,Yes
LB000000645,EQ00000234,2026-04-20,Bearing Oil / Grease,Manual / auto-lube,0.39,Normal,Yes
LB000000646,EQ00000234,2026-04-03,Bearing Oil / Grease,Manual / auto-lube,0.88,Early,Yes
LB000000647,EQ00000234,2024-01-23,Bearing Oil / Grease,Manual / auto-lube,0.14,Normal,Yes
LB000000648,EQ00000234,2025-01-04,Bearing Oil / Grease,Manual / auto-lube,3.33,Overdue,Yes
LB000000649,EQ00000234,2025-09-19,Bearing Oil / Grease,Manual / auto-lube,0.17,Overdue,Yes
LB000000650,EQ00000235,2025-07-14,Process/Mechanical Lubricant,Manual / automated,3.87,Early,Yes
LB000000651,EQ00000235,2026-08-24,Process/Mechanical Lubricant,Manual / automated,4.51,Early,Yes
LB000000652,EQ00000236,2026-02-25,Bearing Grease,Manual,3.45,Overdue,Yes
LB000000653,EQ00000236,2022-10-22,Bearing Grease,Manual,0.54,Normal,Yes
LB000000654,EQ00000236,2022-08-14,Bearing Grease,Manual,4.27,Overdue,Yes
LB000000655,EQ00000236,2025-11-14,Bearing Grease,Manual,1.44,Overdue,Yes
LB000000656,EQ00000236,2021-11-17,Bearing Grease,Manual,0.96,Normal,Yes
LB000000657,EQ00000236,2025-10-13,Bearing Grease,Manual,2.27,Normal,Yes
LB000000658,EQ00000238,2022-05-05,Pump Bearing Grease,Manual,0.73,Overdue,Yes
LB000000659,EQ00000238,2022-11-10,Pump Bearing Grease,Manual,4.04,Early,Yes
LB000000660,EQ00000238,2025-09-22,Pump Bearing Grease,Manual,1.44,Early,Yes
LB000000661,EQ00000239,2025-04-19,Pump Bearing Grease,Manual,1.8,Early,Yes
LB000000662,EQ00000241,2023-01-19,Bearing Grease,Manual,1.96,Early,Yes
LB000000663,EQ00000241,2024-12-02,Bearing Grease,Manual,4.92,Overdue,Yes
LB000000664,EQ00000241,2023-08-27,Bearing Grease,Manual,2.29,Overdue,Yes
LB000000665,EQ00000242,2021-04-29,EP Gear Oil / Grease,Grease gun / centralized,0.71,Normal,Yes
LB000000666,EQ00000242,2025-06-16,EP Gear Oil / Grease,Grease gun / centralized,0.87,Normal,Yes
LB000000667,EQ00000242,2023-02-04,EP Gear Oil / Grease,Grease gun / centralized,3.15,Early,Yes
LB000000668,EQ00000242,2023-07-24,EP Gear Oil / Grease,Grease gun / centralized,0.63,Early,Yes
LB000000669,EQ00000243,2026-03-10,Process/Mechanical Lubricant,Manual / automated,0.99,Overdue,Yes
LB000000670,EQ00000243,2026-01-13,Process/Mechanical Lubricant,Manual / automated,4.01,Normal,Yes
LB000000671,EQ00000243,2023-03-30,Process/Mechanical Lubricant,Manual / automated,2.02,Overdue,Yes
LB000000672,EQ00000244,2024-10-01,Bearing Grease,Manual,2.36,Early,Yes
LB000000673,EQ00000245,2026-03-18,Wire Rope / Gear Grease,Manual,4.83,Early,Yes
LB000000674,EQ00000245,2022-07-01,Wire Rope / Gear Grease,Manual,3.96,Overdue,Yes
LB000000675,EQ00000245,2022-04-22,Wire Rope / Gear Grease,Manual,3.08,Overdue,Yes
LB000000676,EQ00000245,2024-06-06,Wire Rope / Gear Grease,Manual,3.61,Early,Yes
LB000000677,EQ00000246,2022-08-15,Bearing Oil / Grease,Manual / auto-lube,2.01,Overdue,Yes
LB000000678,EQ00000246,2022-05-09,Bearing Oil / Grease,Manual / auto-lube,3.57,Early,Yes
LB000000679,EQ00000246,2023-12-06,Bearing Oil / Grease,Manual / auto-lube,4.36,Early,Yes
LB000000680,EQ00000246,2022-02-24,Bearing Oil / Grease,Manual / auto-lube,3.96,Overdue,Yes
LB000000681,EQ00000246,2024-04-28,Bearing Oil / Grease,Manual / auto-lube,1.44,Normal,Yes
LB000000682,EQ00000247,2022-07-10,Bearing Oil / Grease,Manual / auto-lube,1.27,Early,Yes
LB000000683,EQ00000247,2023-09-24,Bearing Oil / Grease,Manual / auto-lube,1.91,Early,Yes
LB000000684,EQ00000248,2025-02-14,EP Gear Oil / Grease,Grease gun / centralized,2.55,Normal,Yes
LB000000685,EQ00000248,2024-07-01,EP Gear Oil / Grease,Grease gun / centralized,2.68,Normal,Yes
LB000000686,EQ00000248,2022-11-23,EP Gear Oil / Grease,Grease gun / centralized,0.56,Early,Yes
LB000000687,EQ00000248,2025-10-06,EP Gear Oil / Grease,Grease gun / centralized,1.04,Early,Yes
LB000000688,EQ00000248,2023-10-20,EP Gear Oil / Grease,Grease gun / centralized,4.92,Normal,Yes
LB000000689,EQ00000249,2023-06-03,EP Gear Oil / Grease,Grease gun / centralized,0.28,Early,Yes
LB000000690,EQ00000249,2021-07-07,EP Gear Oil / Grease,Grease gun / centralized,2.29,Overdue,Yes
LB000000691,EQ00000249,2022-08-31,EP Gear Oil / Grease,Grease gun / centralized,1.55,Early,Yes
LB000000692,EQ00000249,2026-02-14,EP Gear Oil / Grease,Grease gun / centralized,4.6,Normal,Yes
LB000000693,EQ00000249,2026-02-19,EP Gear Oil / Grease,Grease gun / centralized,4.38,Normal,Yes
LB000000694,EQ00000250,2025-07-28,Machine Oil / Grease,Manual,2.49,Overdue,Yes
LB000000695,EQ00000250,2024-04-09,Machine Oil / Grease,Manual,3.45,Early,Yes
LB000000696,EQ00000250,2023-06-17,Machine Oil / Grease,Manual,2.75,Normal,Yes
LB000000697,EQ00000250,2023-01-13,Machine Oil / Grease,Manual,2.22,Normal,Yes
LB000000698,EQ00000251,2021-07-26,Bearing Grease,Manual,4.91,Normal,Yes
LB000000699,EQ00000251,2023-10-31,Bearing Grease,Manual,3.89,Normal,Yes
LB000000700,EQ00000252,2022-08-04,Bearing Oil / Grease,Manual / auto-lube,1.23,Overdue,Yes
LB000000701,EQ00000252,2023-10-04,Bearing Oil / Grease,Manual / auto-lube,2.22,Overdue,Yes
LB000000702,EQ00000254,2021-08-16,Engine / Gear Lubricant,Workshop service,1.75,Early,Yes
LB000000703,EQ00000254,2026-02-04,Engine / Gear Lubricant,Workshop service,3.1,Normal,Yes
LB000000704,EQ00000254,2026-05-15,Engine / Gear Lubricant,Workshop service,0.34,Normal,Yes
LB000000705,EQ00000254,2026-07-22,Engine / Gear Lubricant,Workshop service,3.2,Early,Yes
LB000000706,EQ00000255,2026-05-17,EP Gear Oil / Grease,Grease gun / centralized,2.88,Overdue,Yes
LB000000707,EQ00000259,2022-07-29,EP Gear Oil / Grease,Grease gun / centralized,1.87,Normal,Yes
LB000000708,EQ00000259,2021-02-20,EP Gear Oil / Grease,Grease gun / centralized,0.79,Overdue,Yes
LB000000709,EQ00000259,2021-11-23,EP Gear Oil / Grease,Grease gun / centralized,1.03,Overdue,Yes
LB000000710,EQ00000259,2021-11-28,EP Gear Oil / Grease,Grease gun / centralized,2.16,Normal,Yes
LB000000711,EQ00000259,2025-11-03,EP Gear Oil / Grease,Grease gun / centralized,2.67,Overdue,Yes
LB000000712,EQ00000259,2026-04-10,EP Gear Oil / Grease,Grease gun / centralized,4.28,Normal,Yes
LB000000713,EQ00000262,2022-04-12,EP Gear Oil / Grease,Grease gun / centralized,4.11,Normal,Yes
LB000000714,EQ00000262,2022-03-11,EP Gear Oil / Grease,Grease gun / centralized,2.1,Early,Yes
LB000000715,EQ00000262,2022-04-21,EP Gear Oil / Grease,Grease gun / centralized,3.95,Overdue,Yes
LB000000716,EQ00000262,2025-11-28,EP Gear Oil / Grease,Grease gun / centralized,3.98,Overdue,Yes
LB000000717,EQ00000263,2022-05-18,EP Gear Oil / Grease,Grease gun / centralized,4.86,Early,Yes
LB000000718,EQ00000263,2025-09-18,EP Gear Oil / Grease,Grease gun / centralized,3.5,Early,Yes
LB000000719,EQ00000263,2022-05-16,EP Gear Oil / Grease,Grease gun / centralized,3.92,Normal,Yes
LB000000720,EQ00000263,2024-07-22,EP Gear Oil / Grease,Grease gun / centralized,3.05,Overdue,Yes
LB000000721,EQ00000263,2026-08-02,EP Gear Oil / Grease,Grease gun / centralized,4.88,Normal,Yes
LB000000722,EQ00000264,2021-09-15,Wire Rope / Gear Grease,Manual,3.38,Overdue,Yes
LB000000723,EQ00000264,2026-03-13,Wire Rope / Gear Grease,Manual,3.04,Early,Yes
LB000000724,EQ00000264,2024-03-31,Wire Rope / Gear Grease,Manual,3.92,Normal,Yes
LB000000725,EQ00000264,2023-01-03,Wire Rope / Gear Grease,Manual,3.93,Overdue,Yes
LB000000726,EQ00000264,2026-05-25,Wire Rope / Gear Grease,Manual,4.12,Early,Yes
LB000000727,EQ00000265,2025-02-03,Bearing Oil / Grease,Manual / auto-lube,2.91,Normal,Yes
LB000000728,EQ00000265,2021-08-06,Bearing Oil / Grease,Manual / auto-lube,0.55,Overdue,Yes
LB000000729,EQ00000266,2025-06-27,Engine / Gear Lubricant,Workshop service,4.58,Early,Yes
LB000000730,EQ00000266,2021-06-29,Engine / Gear Lubricant,Workshop service,2.18,Overdue,Yes
LB000000731,EQ00000266,2026-07-30,Engine / Gear Lubricant,Workshop service,3.9,Overdue,Yes
LB000000732,EQ00000267,2024-03-08,Pump Bearing Grease,Manual,1.23,Early,Yes
LB000000733,EQ00000267,2024-10-16,Pump Bearing Grease,Manual,1.33,Overdue,Yes
LB000000734,EQ00000267,2021-11-16,Pump Bearing Grease,Manual,3.26,Overdue,Yes
LB000000735,EQ00000267,2021-05-13,Pump Bearing Grease,Manual,1.39,Normal,Yes
LB000000736,EQ00000271,2024-09-21,Process/Mechanical Lubricant,Manual / automated,3.36,Overdue,Yes
LB000000737,EQ00000271,2021-09-13,Process/Mechanical Lubricant,Manual / automated,2.87,Normal,Yes
LB000000738,EQ00000272,2024-11-21,Wire Rope / Gear Grease,Manual,2.09,Early,Yes
LB000000739,EQ00000272,2022-01-21,Wire Rope / Gear Grease,Manual,3.69,Normal,Yes
LB000000740,EQ00000273,2025-03-07,Process/Mechanical Lubricant,Manual / automated,4.41,Early,Yes
LB000000741,EQ00000273,2025-02-15,Process/Mechanical Lubricant,Manual / automated,0.37,Normal,Yes
LB000000742,EQ00000273,2025-07-24,Process/Mechanical Lubricant,Manual / automated,2.48,Overdue,Yes
LB000000743,EQ00000273,2021-10-08,Process/Mechanical Lubricant,Manual / automated,2.3,Normal,Yes
LB000000744,EQ00000275,2026-06-03,Wire Rope / Gear Grease,Manual,3.93,Normal,Yes
LB000000745,EQ00000275,2022-11-06,Wire Rope / Gear Grease,Manual,3.57,Overdue,Yes
LB000000746,EQ00000276,2024-09-02,Wire Rope / Gear Grease,Manual,2.41,Early,Yes
LB000000747,EQ00000276,2023-05-22,Wire Rope / Gear Grease,Manual,1.14,Overdue,Yes
LB000000748,EQ00000276,2023-10-11,Wire Rope / Gear Grease,Manual,2.44,Early,Yes
LB000000749,EQ00000276,2025-06-17,Wire Rope / Gear Grease,Manual,1.07,Early,Yes
LB000000750,EQ00000276,2022-08-01,Wire Rope / Gear Grease,Manual,2.97,Early,Yes
LB000000751,EQ00000276,2024-12-05,Wire Rope / Gear Grease,Manual,4.71,Overdue,Yes
LB000000752,EQ00000277,2023-06-27,Process/Mechanical Lubricant,Manual / automated,0.86,Normal,Yes
LB000000753,EQ00000277,2025-02-05,Process/Mechanical Lubricant,Manual / automated,4.26,Normal,Yes
LB000000754,EQ00000277,2022-12-12,Process/Mechanical Lubricant,Manual / automated,2.21,Overdue,Yes
LB000000755,EQ00000278,2021-09-09,EP Gear Oil / Grease,Grease gun / centralized,3.1,Overdue,Yes
LB000000756,EQ00000278,2021-07-20,EP Gear Oil / Grease,Grease gun / centralized,4.63,Early,Yes
LB000000757,EQ00000279,2024-08-13,Bearing Grease,Manual,4.94,Overdue,Yes
LB000000758,EQ00000281,2025-07-28,EP Gear Oil / Grease,Grease gun / centralized,3.17,Normal,Yes
LB000000759,EQ00000281,2025-05-24,EP Gear Oil / Grease,Grease gun / centralized,3.9,Normal,Yes
LB000000760,EQ00000281,2025-01-02,EP Gear Oil / Grease,Grease gun / centralized,0.23,Early,Yes
LB000000761,EQ00000281,2025-07-01,EP Gear Oil / Grease,Grease gun / centralized,2.93,Overdue,Yes
LB000000762,EQ00000282,2023-04-28,Process/Mechanical Lubricant,Manual / automated,4.6,Overdue,Yes
LB000000763,EQ00000282,2021-06-11,Process/Mechanical Lubricant,Manual / automated,4.78,Overdue,Yes
LB000000764,EQ00000282,2022-09-28,Process/Mechanical Lubricant,Manual / automated,3.44,Normal,Yes
LB000000765,EQ00000282,2021-08-07,Process/Mechanical Lubricant,Manual / automated,4.55,Overdue,Yes
LB000000766,EQ00000282,2024-08-17,Process/Mechanical Lubricant,Manual / automated,3.76,Overdue,Yes
LB000000767,EQ00000282,2026-07-18,Process/Mechanical Lubricant,Manual / automated,3.95,Normal,Yes
LB000000768,EQ00000283,2024-07-07,Pump Bearing Grease,Manual,1.12,Early,Yes
LB000000769,EQ00000283,2023-02-25,Pump Bearing Grease,Manual,1.59,Overdue,Yes
LB000000770,EQ00000283,2024-06-12,Pump Bearing Grease,Manual,4.66,Overdue,Yes
LB000000771,EQ00000283,2025-04-01,Pump Bearing Grease,Manual,3.65,Overdue,Yes
LB000000772,EQ00000283,2023-09-26,Pump Bearing Grease,Manual,4.2,Overdue,Yes
LB000000773,EQ00000284,2024-03-13,Pump Bearing Grease,Manual,0.46,Overdue,Yes
LB000000774,EQ00000284,2021-09-16,Pump Bearing Grease,Manual,0.93,Normal,Yes
LB000000775,EQ00000284,2024-09-23,Pump Bearing Grease,Manual,3.37,Early,Yes
LB000000776,EQ00000284,2022-03-20,Pump Bearing Grease,Manual,0.31,Early,Yes
LB000000777,EQ00000284,2024-10-03,Pump Bearing Grease,Manual,0.59,Normal,Yes
LB000000778,EQ00000285,2025-05-11,EP Gear Oil / Grease,Grease gun / centralized,1.87,Normal,Yes
LB000000779,EQ00000285,2025-06-14,EP Gear Oil / Grease,Grease gun / centralized,2.08,Normal,Yes
LB000000780,EQ00000285,2024-01-12,EP Gear Oil / Grease,Grease gun / centralized,4.92,Early,Yes
LB000000781,EQ00000285,2025-05-24,EP Gear Oil / Grease,Grease gun / centralized,1.03,Overdue,Yes
LB000000782,EQ00000286,2026-01-29,Bearing Oil / Grease,Manual / auto-lube,3.23,Normal,Yes
LB000000783,EQ00000286,2024-03-12,Bearing Oil / Grease,Manual / auto-lube,2.33,Normal,Yes
LB000000784,EQ00000287,2023-06-17,Pump Bearing Grease,Manual,1.07,Early,Yes
LB000000785,EQ00000287,2025-04-21,Pump Bearing Grease,Manual,1.91,Overdue,Yes
LB000000786,EQ00000288,2024-05-27,Pump Bearing Grease,Manual,2.11,Overdue,Yes
LB000000787,EQ00000288,2026-06-14,Pump Bearing Grease,Manual,3.38,Overdue,Yes
LB000000788,EQ00000288,2021-02-22,Pump Bearing Grease,Manual,5.0,Early,Yes
LB000000789,EQ00000288,2026-02-03,Pump Bearing Grease,Manual,0.52,Early,Yes
LB000000790,EQ00000290,2025-05-19,Wire Rope / Gear Grease,Manual,4.29,Overdue,Yes
LB000000791,EQ00000290,2021-11-02,Wire Rope / Gear Grease,Manual,2.05,Overdue,Yes
LB000000792,EQ00000290,2023-05-21,Wire Rope / Gear Grease,Manual,0.28,Normal,Yes
LB000000793,EQ00000290,2022-11-28,Wire Rope / Gear Grease,Manual,2.48,Normal,Yes
LB000000794,EQ00000290,2021-12-17,Wire Rope / Gear Grease,Manual,2.36,Early,Yes
LB000000795,EQ00000290,2024-02-28,Wire Rope / Gear Grease,Manual,3.73,Normal,Yes
LB000000796,EQ00000291,2023-11-01,Pump Bearing Grease,Manual,4.12,Overdue,Yes
LB000000797,EQ00000291,2024-07-19,Pump Bearing Grease,Manual,4.89,Overdue,Yes
LB000000798,EQ00000291,2025-08-01,Pump Bearing Grease,Manual,2.13,Normal,Yes
LB000000799,EQ00000292,2026-05-27,Engine / Gear Lubricant,Workshop service,1.12,Overdue,Yes
LB000000800,EQ00000294,2022-06-21,EP Gear Oil / Grease,Grease gun / centralized,3.51,Normal,Yes
LB000000801,EQ00000294,2023-06-15,EP Gear Oil / Grease,Grease gun / centralized,4.56,Overdue,Yes
LB000000802,EQ00000294,2023-12-16,EP Gear Oil / Grease,Grease gun / centralized,4.53,Overdue,Yes
LB000000803,EQ00000294,2023-12-04,EP Gear Oil / Grease,Grease gun / centralized,2.8,Early,Yes
LB000000804,EQ00000294,2025-12-24,EP Gear Oil / Grease,Grease gun / centralized,1.65,Early,Yes
LB000000805,EQ00000294,2021-06-06,EP Gear Oil / Grease,Grease gun / centralized,1.07,Normal,Yes
LB000000806,EQ00000295,2025-02-17,Process/Mechanical Lubricant,Manual / automated,3.3,Overdue,Yes
LB000000807,EQ00000295,2024-02-04,Process/Mechanical Lubricant,Manual / automated,4.22,Normal,Yes
LB000000808,EQ00000295,2022-12-22,Process/Mechanical Lubricant,Manual / automated,1.39,Overdue,Yes
LB000000809,EQ00000295,2023-12-09,Process/Mechanical Lubricant,Manual / automated,0.41,Normal,Yes
LB000000810,EQ00000296,2025-12-04,EP Gear Oil / Grease,Grease gun / centralized,1.38,Normal,Yes
LB000000811,EQ00000296,2024-08-03,EP Gear Oil / Grease,Grease gun / centralized,1.72,Early,Yes
LB000000812,EQ00000297,2025-03-18,Machine Oil / Grease,Manual,4.5,Early,Yes
LB000000813,EQ00000297,2026-03-28,Machine Oil / Grease,Manual,0.62,Early,Yes
LB000000814,EQ00000297,2022-02-22,Machine Oil / Grease,Manual,3.12,Overdue,Yes
LB000000815,EQ00000297,2022-03-27,Machine Oil / Grease,Manual,4.81,Normal,Yes
LB000000816,EQ00000298,2026-06-03,Wire Rope / Gear Grease,Manual,0.44,Early,Yes
LB000000817,EQ00000298,2022-12-24,Wire Rope / Gear Grease,Manual,0.5,Early,Yes
LB000000818,EQ00000298,2021-10-05,Wire Rope / Gear Grease,Manual,3.2,Early,Yes
LB000000819,EQ00000299,2024-07-01,Machine Oil / Grease,Manual,4.71,Early,Yes
LB000000820,EQ00000299,2021-01-09,Machine Oil / Grease,Manual,1.16,Overdue,Yes
LB000000821,EQ00000299,2026-03-19,Machine Oil / Grease,Manual,3.25,Normal,Yes
LB000000822,EQ00000299,2021-09-09,Machine Oil / Grease,Manual,0.3,Overdue,Yes
LB000000823,EQ00000300,2022-05-17,Wire Rope / Gear Grease,Manual,3.82,Early,Yes
LB000000824,EQ00000301,2022-07-15,Process/Mechanical Lubricant,Manual / automated,3.72,Overdue,Yes
LB000000825,EQ00000301,2022-05-11,Process/Mechanical Lubricant,Manual / automated,0.93,Overdue,Yes
LB000000826,EQ00000301,2023-08-22,Process/Mechanical Lubricant,Manual / automated,2.97,Normal,Yes
LB000000827,EQ00000301,2023-04-21,Process/Mechanical Lubricant,Manual / automated,0.67,Normal,Yes
LB000000828,EQ00000301,2022-12-11,Process/Mechanical Lubricant,Manual / automated,0.34,Early,Yes
LB000000829,EQ00000304,2022-07-12,Machine Oil / Grease,Manual,0.82,Normal,Yes
LB000000830,EQ00000304,2024-08-30,Machine Oil / Grease,Manual,1.72,Normal,Yes
LB000000831,EQ00000304,2025-08-29,Machine Oil / Grease,Manual,3.4,Early,Yes
LB000000832,EQ00000304,2024-10-02,Machine Oil / Grease,Manual,1.17,Early,Yes
LB000000833,EQ00000305,2025-03-18,EP Gear Oil / Grease,Grease gun / centralized,1.4,Normal,Yes
LB000000834,EQ00000305,2021-03-16,EP Gear Oil / Grease,Grease gun / centralized,3.32,Overdue,Yes
LB000000835,EQ00000307,2022-12-10,EP Gear Oil / Grease,Grease gun / centralized,2.48,Early,Yes
LB000000836,EQ00000307,2022-05-03,EP Gear Oil / Grease,Grease gun / centralized,0.25,Overdue,Yes
LB000000837,EQ00000307,2023-08-04,EP Gear Oil / Grease,Grease gun / centralized,2.88,Early,Yes
LB000000838,EQ00000307,2024-10-01,EP Gear Oil / Grease,Grease gun / centralized,0.61,Early,Yes
LB000000839,EQ00000307,2023-07-31,EP Gear Oil / Grease,Grease gun / centralized,2.11,Early,Yes
LB000000840,EQ00000309,2022-05-05,Bearing Oil / Grease,Manual / auto-lube,4.14,Normal,Yes
LB000000841,EQ00000310,2024-08-04,Bearing Oil / Grease,Manual / auto-lube,4.37,Early,Yes
LB000000842,EQ00000310,2023-08-10,Bearing Oil / Grease,Manual / auto-lube,2.27,Normal,Yes
LB000000843,EQ00000310,2021-09-01,Bearing Oil / Grease,Manual / auto-lube,1.23,Normal,Yes
LB000000844,EQ00000311,2022-01-17,Process/Mechanical Lubricant,Manual / automated,1.0,Early,Yes
LB000000845,EQ00000311,2026-05-04,Process/Mechanical Lubricant,Manual / automated,3.59,Normal,Yes
LB000000846,EQ00000311,2024-01-25,Process/Mechanical Lubricant,Manual / automated,1.54,Normal,Yes
LB000000847,EQ00000311,2024-01-18,Process/Mechanical Lubricant,Manual / automated,3.05,Normal,Yes
LB000000848,EQ00000311,2022-03-05,Process/Mechanical Lubricant,Manual / automated,2.75,Overdue,Yes
LB000000849,EQ00000313,2022-11-04,Engine / Gear Lubricant,Workshop service,2.5,Early,Yes
LB000000850,EQ00000313,2021-02-20,Engine / Gear Lubricant,Workshop service,4.2,Early,Yes
LB000000851,EQ00000313,2022-02-03,Engine / Gear Lubricant,Workshop service,0.17,Normal,Yes
LB000000852,EQ00000313,2022-04-19,Engine / Gear Lubricant,Workshop service,4.03,Overdue,Yes
LB000000853,EQ00000314,2021-05-19,Pump Bearing Grease,Manual,4.09,Early,Yes
LB000000854,EQ00000314,2021-10-14,Pump Bearing Grease,Manual,4.26,Early,Yes
LB000000855,EQ00000314,2021-07-24,Pump Bearing Grease,Manual,4.63,Overdue,Yes
LB000000856,EQ00000314,2024-11-10,Pump Bearing Grease,Manual,1.56,Normal,Yes
LB000000857,EQ00000314,2025-08-30,Pump Bearing Grease,Manual,1.36,Early,Yes
LB000000858,EQ00000315,2024-06-09,Bearing Oil / Grease,Manual / auto-lube,2.05,Overdue,Yes
LB000000859,EQ00000315,2021-08-20,Bearing Oil / Grease,Manual / auto-lube,4.61,Normal,Yes
LB000000860,EQ00000315,2024-01-19,Bearing Oil / Grease,Manual / auto-lube,3.48,Early,Yes
LB000000861,EQ00000316,2025-03-24,Process/Mechanical Lubricant,Manual / automated,2.16,Overdue,Yes
LB000000862,EQ00000316,2023-03-04,Process/Mechanical Lubricant,Manual / automated,3.7,Overdue,Yes
LB000000863,EQ00000316,2025-11-07,Process/Mechanical Lubricant,Manual / automated,3.98,Overdue,Yes
LB000000864,EQ00000316,2022-02-02,Process/Mechanical Lubricant,Manual / automated,2.7,Normal,Yes
LB000000865,EQ00000316,2023-07-22,Process/Mechanical Lubricant,Manual / automated,4.01,Normal,Yes
LB000000866,EQ00000318,2022-04-14,EP Gear Oil / Grease,Grease gun / centralized,0.26,Normal,Yes
LB000000867,EQ00000319,2021-10-07,Wire Rope / Gear Grease,Manual,0.77,Overdue,Yes
LB000000868,EQ00000319,2021-02-20,Wire Rope / Gear Grease,Manual,1.21,Overdue,Yes
LB000000869,EQ00000319,2024-05-02,Wire Rope / Gear Grease,Manual,1.73,Overdue,Yes
LB000000870,EQ00000319,2021-07-02,Wire Rope / Gear Grease,Manual,3.37,Normal,Yes
LB000000871,EQ00000319,2022-03-15,Wire Rope / Gear Grease,Manual,1.73,Early,Yes
LB000000872,EQ00000320,2022-02-24,Process/Mechanical Lubricant,Manual / automated,2.79,Early,Yes
LB000000873,EQ00000320,2023-03-19,Process/Mechanical Lubricant,Manual / automated,3.4,Early,Yes
LB000000874,EQ00000321,2021-08-22,Pump Bearing Grease,Manual,4.11,Early,Yes
LB000000875,EQ00000323,2025-08-18,Process/Mechanical Lubricant,Manual / automated,4.03,Early,Yes
LB000000876,EQ00000323,2024-06-28,Process/Mechanical Lubricant,Manual / automated,0.89,Normal,Yes
LB000000877,EQ00000323,2023-09-17,Process/Mechanical Lubricant,Manual / automated,1.98,Early,Yes
LB000000878,EQ00000323,2026-01-12,Process/Mechanical Lubricant,Manual / automated,4.12,Early,Yes
LB000000879,EQ00000324,2023-09-19,Bearing Grease,Manual,3.35,Early,Yes
LB000000880,EQ00000324,2021-08-16,Bearing Grease,Manual,4.96,Early,Yes
LB000000881,EQ00000324,2026-06-15,Bearing Grease,Manual,3.55,Early,Yes
LB000000882,EQ00000324,2025-11-17,Bearing Grease,Manual,3.9,Normal,Yes
LB000000883,EQ00000324,2026-07-20,Bearing Grease,Manual,0.3,Overdue,Yes
LB000000884,EQ00000324,2022-11-15,Bearing Grease,Manual,4.55,Early,Yes
LB000000885,EQ00000325,2021-08-23,Machine Oil / Grease,Manual,4.01,Early,Yes
LB000000886,EQ00000325,2024-07-30,Machine Oil / Grease,Manual,3.86,Normal,Yes
LB000000887,EQ00000325,2025-07-25,Machine Oil / Grease,Manual,0.94,Overdue,Yes
LB000000888,EQ00000325,2026-02-17,Machine Oil / Grease,Manual,2.46,Normal,Yes
LB000000889,EQ00000325,2022-11-12,Machine Oil / Grease,Manual,3.04,Normal,Yes
LB000000890,EQ00000325,2026-04-06,Machine Oil / Grease,Manual,4.58,Normal,Yes
LB000000891,EQ00000326,2024-01-17,Bearing Grease,Manual,2.61,Normal,Yes
LB000000892,EQ00000326,2026-05-23,Bearing Grease,Manual,1.23,Overdue,Yes
LB000000893,EQ00000326,2021-09-29,Bearing Grease,Manual,0.99,Early,Yes
LB000000894,EQ00000328,2025-07-02,Wire Rope / Gear Grease,Manual,1.2,Normal,Yes
LB000000895,EQ00000328,2021-04-04,Wire Rope / Gear Grease,Manual,0.55,Early,Yes
LB000000896,EQ00000329,2021-09-21,Engine / Gear Lubricant,Workshop service,4.89,Early,Yes
LB000000897,EQ00000330,2023-09-20,Process/Mechanical Lubricant,Manual / automated,3.63,Normal,Yes
LB000000898,EQ00000332,2025-01-16,Wire Rope / Gear Grease,Manual,4.14,Overdue,Yes
LB000000899,EQ00000332,2022-02-02,Wire Rope / Gear Grease,Manual,4.51,Normal,Yes
LB000000900,EQ00000332,2024-03-27,Wire Rope / Gear Grease,Manual,1.49,Normal,Yes
LB000000901,EQ00000333,2021-08-23,Bearing Grease,Manual,4.14,Normal,Yes
LB000000902,EQ00000334,2023-07-29,Pump Bearing Grease,Manual,1.19,Early,Yes
LB000000903,EQ00000334,2022-12-09,Pump Bearing Grease,Manual,2.65,Early,Yes
LB000000904,EQ00000334,2021-09-15,Pump Bearing Grease,Manual,0.57,Early,Yes
LB000000905,EQ00000334,2022-10-22,Pump Bearing Grease,Manual,2.48,Early,Yes
LB000000906,EQ00000334,2026-03-12,Pump Bearing Grease,Manual,4.84,Normal,Yes
LB000000907,EQ00000334,2022-11-08,Pump Bearing Grease,Manual,4.19,Early,Yes
LB000000908,EQ00000335,2023-02-25,Bearing Oil / Grease,Manual / auto-lube,1.37,Normal,Yes
LB000000909,EQ00000335,2026-05-19,Bearing Oil / Grease,Manual / auto-lube,2.63,Early,Yes
LB000000910,EQ00000335,2023-12-26,Bearing Oil / Grease,Manual / auto-lube,4.74,Overdue,Yes
LB000000911,EQ00000335,2023-10-13,Bearing Oil / Grease,Manual / auto-lube,2.46,Early,Yes
LB000000912,EQ00000335,2023-06-06,Bearing Oil / Grease,Manual / auto-lube,3.88,Overdue,Yes
LB000000913,EQ00000336,2022-08-05,Engine / Gear Lubricant,Workshop service,1.35,Early,Yes
LB000000914,EQ00000336,2023-01-28,Engine / Gear Lubricant,Workshop service,2.15,Overdue,Yes
LB000000915,EQ00000336,2026-06-06,Engine / Gear Lubricant,Workshop service,1.93,Early,Yes
LB000000916,EQ00000336,2023-03-13,Engine / Gear Lubricant,Workshop service,2.9,Normal,Yes
LB000000917,EQ00000336,2021-02-25,Engine / Gear Lubricant,Workshop service,1.15,Early,Yes
LB000000918,EQ00000336,2024-06-01,Engine / Gear Lubricant,Workshop service,4.39,Overdue,Yes
LB000000919,EQ00000337,2024-08-22,Machine Oil / Grease,Manual,4.84,Early,Yes
LB000000920,EQ00000337,2022-04-12,Machine Oil / Grease,Manual,0.58,Overdue,Yes
LB000000921,EQ00000337,2025-09-28,Machine Oil / Grease,Manual,2.07,Overdue,Yes
LB000000922,EQ00000337,2021-02-16,Machine Oil / Grease,Manual,3.01,Early,Yes
LB000000923,EQ00000338,2024-11-17,Engine / Gear Lubricant,Workshop service,1.14,Overdue,Yes
LB000000924,EQ00000338,2021-12-14,Engine / Gear Lubricant,Workshop service,0.82,Normal,Yes
LB000000925,EQ00000338,2022-12-17,Engine / Gear Lubricant,Workshop service,3.57,Early,Yes
LB000000926,EQ00000339,2025-06-14,EP Gear Oil / Grease,Grease gun / centralized,4.08,Overdue,Yes
LB000000927,EQ00000339,2026-01-01,EP Gear Oil / Grease,Grease gun / centralized,3.69,Overdue,Yes
LB000000928,EQ00000339,2022-04-01,EP Gear Oil / Grease,Grease gun / centralized,3.42,Overdue,Yes
LB000000929,EQ00000339,2022-01-15,EP Gear Oil / Grease,Grease gun / centralized,4.81,Normal,Yes
LB000000930,EQ00000339,2023-05-14,EP Gear Oil / Grease,Grease gun / centralized,3.99,Normal,Yes
LB000000931,EQ00000340,2023-10-24,Machine Oil / Grease,Manual,2.16,Normal,Yes
LB000000932,EQ00000340,2022-09-14,Machine Oil / Grease,Manual,2.7,Early,Yes
LB000000933,EQ00000340,2021-01-31,Machine Oil / Grease,Manual,2.66,Normal,Yes
LB000000934,EQ00000340,2021-04-28,Machine Oil / Grease,Manual,0.78,Early,Yes
LB000000935,EQ00000342,2023-04-14,Machine Oil / Grease,Manual,2.55,Normal,Yes
LB000000936,EQ00000342,2023-07-16,Machine Oil / Grease,Manual,2.08,Early,Yes
LB000000937,EQ00000342,2023-11-19,Machine Oil / Grease,Manual,3.75,Overdue,Yes
LB000000938,EQ00000342,2025-03-16,Machine Oil / Grease,Manual,3.37,Early,Yes
LB000000939,EQ00000343,2022-09-10,EP Gear Oil / Grease,Grease gun / centralized,1.84,Overdue,Yes
LB000000940,EQ00000343,2022-05-12,EP Gear Oil / Grease,Grease gun / centralized,1.44,Normal,Yes
LB000000941,EQ00000343,2021-03-22,EP Gear Oil / Grease,Grease gun / centralized,1.74,Early,Yes
LB000000942,EQ00000344,2022-10-03,Engine / Gear Lubricant,Workshop service,0.58,Normal,Yes
LB000000943,EQ00000344,2022-02-24,Engine / Gear Lubricant,Workshop service,2.99,Normal,Yes
LB000000944,EQ00000344,2021-03-12,Engine / Gear Lubricant,Workshop service,3.44,Overdue,Yes
LB000000945,EQ00000344,2025-03-05,Engine / Gear Lubricant,Workshop service,0.16,Early,Yes
LB000000946,EQ00000345,2024-08-05,Wire Rope / Gear Grease,Manual,1.58,Overdue,Yes
LB000000947,EQ00000345,2024-05-08,Wire Rope / Gear Grease,Manual,4.74,Overdue,Yes
LB000000948,EQ00000348,2023-06-08,Wire Rope / Gear Grease,Manual,3.96,Early,Yes
LB000000949,EQ00000348,2022-07-12,Wire Rope / Gear Grease,Manual,3.17,Overdue,Yes
LB000000950,EQ00000348,2022-02-11,Wire Rope / Gear Grease,Manual,0.26,Normal,Yes
LB000000951,EQ00000349,2021-06-13,Process/Mechanical Lubricant,Manual / automated,4.43,Overdue,Yes
LB000000952,EQ00000350,2025-03-27,Process/Mechanical Lubricant,Manual / automated,4.38,Early,Yes
LB000000953,EQ00000350,2025-04-09,Process/Mechanical Lubricant,Manual / automated,0.15,Overdue,Yes
LB000000954,EQ00000351,2024-01-15,Machine Oil / Grease,Manual,0.72,Early,Yes
LB000000955,EQ00000351,2021-04-14,Machine Oil / Grease,Manual,5.0,Normal,Yes
LB000000956,EQ00000352,2024-10-14,Bearing Grease,Manual,2.62,Normal,Yes
LB000000957,EQ00000353,2021-01-10,Process/Mechanical Lubricant,Manual / automated,2.41,Overdue,Yes
LB000000958,EQ00000353,2026-08-24,Process/Mechanical Lubricant,Manual / automated,1.32,Overdue,Yes
LB000000959,EQ00000354,2023-11-02,Process/Mechanical Lubricant,Manual / automated,0.84,Normal,Yes
LB000000960,EQ00000354,2023-03-28,Process/Mechanical Lubricant,Manual / automated,0.44,Overdue,Yes
LB000000961,EQ00000354,2021-07-29,Process/Mechanical Lubricant,Manual / automated,1.89,Early,Yes
LB000000962,EQ00000355,2022-01-31,EP Gear Oil / Grease,Grease gun / centralized,0.52,Normal,Yes
LB000000963,EQ00000355,2023-06-22,EP Gear Oil / Grease,Grease gun / centralized,2.66,Early,Yes
LB000000964,EQ00000355,2024-05-19,EP Gear Oil / Grease,Grease gun / centralized,2.75,Early,Yes
LB000000965,EQ00000356,2021-03-26,EP Gear Oil / Grease,Grease gun / centralized,4.05,Early,Yes
LB000000966,EQ00000357,2021-12-26,Machine Oil / Grease,Manual,4.33,Overdue,Yes
LB000000967,EQ00000357,2025-10-21,Machine Oil / Grease,Manual,1.49,Normal,Yes
LB000000968,EQ00000357,2025-12-05,Machine Oil / Grease,Manual,2.71,Overdue,Yes
LB000000969,EQ00000359,2021-07-12,EP Gear Oil / Grease,Grease gun / centralized,2.47,Normal,Yes
LB000000970,EQ00000359,2021-03-30,EP Gear Oil / Grease,Grease gun / centralized,0.73,Early,Yes
LB000000971,EQ00000359,2022-11-17,EP Gear Oil / Grease,Grease gun / centralized,3.43,Overdue,Yes
LB000000972,EQ00000359,2026-08-11,EP Gear Oil / Grease,Grease gun / centralized,4.99,Early,Yes
LB000000973,EQ00000360,2024-07-13,Engine / Gear Lubricant,Workshop service,1.28,Normal,Yes
LB000000974,EQ00000360,2021-04-20,Engine / Gear Lubricant,Workshop service,1.08,Early,Yes
LB000000975,EQ00000361,2024-01-20,Bearing Grease,Manual,4.62,Overdue,Yes
LB000000976,EQ00000361,2025-02-05,Bearing Grease,Manual,3.89,Overdue,Yes
LB000000977,EQ00000361,2023-01-30,Bearing Grease,Manual,2.46,Early,Yes
LB000000978,EQ00000361,2025-09-09,Bearing Grease,Manual,3.3,Normal,Yes
LB000000979,EQ00000361,2022-11-21,Bearing Grease,Manual,2.76,Early,Yes
LB000000980,EQ00000361,2022-12-03,Bearing Grease,Manual,0.78,Normal,Yes
LB000000981,EQ00000364,2021-11-03,EP Gear Oil / Grease,Grease gun / centralized,2.73,Overdue,Yes
LB000000982,EQ00000364,2023-01-16,EP Gear Oil / Grease,Grease gun / centralized,4.48,Normal,Yes
LB000000983,EQ00000364,2025-01-29,EP Gear Oil / Grease,Grease gun / centralized,2.15,Overdue,Yes
LB000000984,EQ00000364,2025-01-03,EP Gear Oil / Grease,Grease gun / centralized,1.15,Overdue,Yes
LB000000985,EQ00000366,2024-08-16,Wire Rope / Gear Grease,Manual,2.11,Overdue,Yes
LB000000986,EQ00000366,2021-11-14,Wire Rope / Gear Grease,Manual,0.98,Normal,Yes
LB000000987,EQ00000366,2025-08-14,Wire Rope / Gear Grease,Manual,5.0,Early,Yes
LB000000988,EQ00000366,2021-09-24,Wire Rope / Gear Grease,Manual,0.51,Overdue,Yes
LB000000989,EQ00000367,2022-05-31,Process/Mechanical Lubricant,Manual / automated,0.85,Normal,Yes
LB000000990,EQ00000367,2024-12-31,Process/Mechanical Lubricant,Manual / automated,1.22,Normal,Yes
LB000000991,EQ00000367,2023-04-04,Process/Mechanical Lubricant,Manual / automated,2.04,Overdue,Yes
LB000000992,EQ00000367,2024-04-27,Process/Mechanical Lubricant,Manual / automated,2.15,Normal,Yes
LB000000993,EQ00000367,2021-11-14,Process/Mechanical Lubricant,Manual / automated,0.49,Early,Yes
LB000000994,EQ00000368,2023-10-14,Bearing Oil / Grease,Manual / auto-lube,3.14,Early,Yes
LB000000995,EQ00000368,2023-09-27,Bearing Oil / Grease,Manual / auto-lube,4.89,Normal,Yes
LB000000996,EQ00000368,2022-12-10,Bearing Oil / Grease,Manual / auto-lube,0.52,Early,Yes
LB000000997,EQ00000369,2022-04-17,EP Gear Oil / Grease,Grease gun / centralized,4.53,Overdue,Yes
LB000000998,EQ00000369,2023-08-07,EP Gear Oil / Grease,Grease gun / centralized,4.47,Overdue,Yes
LB000000999,EQ00000370,2025-01-01,EP Gear Oil / Grease,Grease gun / centralized,3.76,Early,Yes
LB000001000,EQ00000370,2021-04-10,EP Gear Oil / Grease,Grease gun / centralized,0.22,Overdue,Yes
LB000001001,EQ00000371,2023-05-17,Pump Bearing Grease,Manual,2.18,Overdue,Yes
LB000001002,EQ00000371,2022-07-12,Pump Bearing Grease,Manual,0.38,Normal,Yes
LB000001003,EQ00000371,2026-01-21,Pump Bearing Grease,Manual,4.23,Overdue,Yes
LB000001004,EQ00000373,2025-12-11,Pump Bearing Grease,Manual,4.18,Overdue,Yes
LB000001005,EQ00000374,2023-11-09,Machine Oil / Grease,Manual,0.99,Overdue,Yes
LB000001006,EQ00000374,2025-02-28,Machine Oil / Grease,Manual,2.37,Early,Yes
LB000001007,EQ00000374,2023-12-10,Machine Oil / Grease,Manual,4.12,Overdue,Yes
LB000001008,EQ00000374,2022-09-01,Machine Oil / Grease,Manual,0.28,Normal,Yes
LB000001009,EQ00000374,2022-08-18,Machine Oil / Grease,Manual,1.73,Early,Yes
LB000001010,EQ00000374,2023-09-18,Machine Oil / Grease,Manual,1.35,Early,Yes
LB000001011,EQ00000375,2023-07-05,Pump Bearing Grease,Manual,2.42,Overdue,Yes
LB000001012,EQ00000375,2026-03-06,Pump Bearing Grease,Manual,0.24,Early,Yes
LB000001013,EQ00000375,2025-07-04,Pump Bearing Grease,Manual,1.08,Early,Yes
LB000001014,EQ00000375,2023-05-20,Pump Bearing Grease,Manual,4.74,Normal,Yes
LB000001015,EQ00000375,2026-03-01,Pump Bearing Grease,Manual,2.38,Normal,Yes
LB000001016,EQ00000375,2022-02-23,Pump Bearing Grease,Manual,3.94,Normal,Yes
LB000001017,EQ00000376,2026-02-16,Wire Rope / Gear Grease,Manual,4.13,Overdue,Yes
LB000001018,EQ00000376,2023-09-20,Wire Rope / Gear Grease,Manual,2.75,Overdue,Yes
LB000001019,EQ00000376,2025-12-26,Wire Rope / Gear Grease,Manual,2.3,Overdue,Yes
LB000001020,EQ00000376,2023-04-20,Wire Rope / Gear Grease,Manual,4.72,Normal,Yes
LB000001021,EQ00000376,2021-07-28,Wire Rope / Gear Grease,Manual,0.15,Normal,Yes
LB000001022,EQ00000376,2026-03-05,Wire Rope / Gear Grease,Manual,2.78,Early,Yes
LB000001023,EQ00000377,2026-02-23,Engine / Gear Lubricant,Workshop service,3.59,Early,Yes
LB000001024,EQ00000377,2022-07-17,Engine / Gear Lubricant,Workshop service,0.55,Early,Yes
LB000001025,EQ00000377,2026-07-02,Engine / Gear Lubricant,Workshop service,2.42,Normal,Yes
LB000001026,EQ00000377,2023-01-03,Engine / Gear Lubricant,Workshop service,4.98,Overdue,Yes
LB000001027,EQ00000377,2021-12-28,Engine / Gear Lubricant,Workshop service,1.87,Normal,Yes
LB000001028,EQ00000377,2021-11-01,Engine / Gear Lubricant,Workshop service,3.28,Normal,Yes
LB000001029,EQ00000379,2023-11-23,Machine Oil / Grease,Manual,2.65,Overdue,Yes
LB000001030,EQ00000379,2024-06-05,Machine Oil / Grease,Manual,1.53,Early,Yes
LB000001031,EQ00000379,2022-08-27,Machine Oil / Grease,Manual,3.49,Overdue,Yes
LB000001032,EQ00000379,2024-12-24,Machine Oil / Grease,Manual,2.21,Early,Yes
LB000001033,EQ00000379,2023-05-03,Machine Oil / Grease,Manual,1.79,Overdue,Yes
LB000001034,EQ00000379,2024-12-30,Machine Oil / Grease,Manual,2.72,Overdue,Yes
LB000001035,EQ00000380,2021-03-10,Bearing Oil / Grease,Manual / auto-lube,3.49,Normal,Yes
LB000001036,EQ00000380,2023-03-28,Bearing Oil / Grease,Manual / auto-lube,3.39,Normal,Yes
LB000001037,EQ00000380,2021-02-25,Bearing Oil / Grease,Manual / auto-lube,1.69,Normal,Yes
LB000001038,EQ00000380,2022-07-08,Bearing Oil / Grease,Manual / auto-lube,1.68,Normal,Yes
LB000001039,EQ00000381,2026-02-20,Bearing Oil / Grease,Manual / auto-lube,2.8,Overdue,Yes
LB000001040,EQ00000382,2024-01-29,Machine Oil / Grease,Manual,4.68,Normal,Yes
LB000001041,EQ00000382,2023-06-26,Machine Oil / Grease,Manual,0.42,Normal,Yes
LB000001042,EQ00000383,2022-12-28,Machine Oil / Grease,Manual,2.85,Early,Yes
LB000001043,EQ00000383,2024-07-13,Machine Oil / Grease,Manual,2.27,Overdue,Yes
LB000001044,EQ00000383,2022-01-20,Machine Oil / Grease,Manual,4.65,Normal,Yes
LB000001045,EQ00000384,2021-07-18,Pump Bearing Grease,Manual,0.45,Early,Yes
LB000001046,EQ00000384,2022-03-27,Pump Bearing Grease,Manual,1.06,Normal,Yes
LB000001047,EQ00000384,2026-02-20,Pump Bearing Grease,Manual,1.53,Early,Yes
LB000001048,EQ00000384,2022-10-18,Pump Bearing Grease,Manual,3.67,Early,Yes
LB000001049,EQ00000384,2023-06-16,Pump Bearing Grease,Manual,4.4,Normal,Yes
LB000001050,EQ00000385,2023-06-25,Wire Rope / Gear Grease,Manual,2.81,Normal,Yes
LB000001051,EQ00000385,2021-10-24,Wire Rope / Gear Grease,Manual,1.64,Early,Yes
LB000001052,EQ00000385,2022-12-25,Wire Rope / Gear Grease,Manual,1.46,Normal,Yes
LB000001053,EQ00000385,2022-01-08,Wire Rope / Gear Grease,Manual,1.69,Early,Yes
LB000001054,EQ00000385,2021-07-21,Wire Rope / Gear Grease,Manual,3.54,Early,Yes
LB000001055,EQ00000388,2021-08-03,Bearing Grease,Manual,2.43,Early,Yes
LB000001056,EQ00000391,2025-08-12,EP Gear Oil / Grease,Grease gun / centralized,0.3,Overdue,Yes
LB000001057,EQ00000391,2025-01-19,EP Gear Oil / Grease,Grease gun / centralized,0.38,Early,Yes
LB000001058,EQ00000391,2026-08-30,EP Gear Oil / Grease,Grease gun / centralized,3.08,Overdue,Yes
LB000001059,EQ00000391,2023-01-31,EP Gear Oil / Grease,Grease gun / centralized,0.31,Early,Yes
LB000001060,EQ00000391,2021-09-25,EP Gear Oil / Grease,Grease gun / centralized,0.75,Early,Yes
LB000001061,EQ00000392,2021-06-10,Machine Oil / Grease,Manual,0.98,Overdue,Yes
LB000001062,EQ00000392,2025-10-22,Machine Oil / Grease,Manual,1.3,Normal,Yes
LB000001063,EQ00000394,2021-09-19,Wire Rope / Gear Grease,Manual,4.72,Overdue,Yes
LB000001064,EQ00000394,2025-11-07,Wire Rope / Gear Grease,Manual,2.29,Early,Yes
LB000001065,EQ00000394,2024-10-28,Wire Rope / Gear Grease,Manual,4.74,Overdue,Yes
LB000001066,EQ00000397,2023-03-21,Process/Mechanical Lubricant,Manual / automated,4.04,Overdue,Yes
LB000001067,EQ00000397,2023-10-17,Process/Mechanical Lubricant,Manual / automated,3.07,Normal,Yes
LB000001068,EQ00000397,2026-01-04,Process/Mechanical Lubricant,Manual / automated,2.5,Early,Yes
LB000001069,EQ00000399,2024-06-04,Process/Mechanical Lubricant,Manual / automated,0.92,Overdue,Yes
LB000001070,EQ00000399,2024-08-16,Process/Mechanical Lubricant,Manual / automated,1.97,Early,Yes
LB000001071,EQ00000399,2026-05-25,Process/Mechanical Lubricant,Manual / automated,4.98,Overdue,Yes
LB000001072,EQ00000399,2021-06-28,Process/Mechanical Lubricant,Manual / automated,2.24,Normal,Yes
LB000001073,EQ00000399,2024-02-26,Process/Mechanical Lubricant,Manual / automated,2.15,Overdue,Yes
LB000001074,EQ00000401,2022-07-07,Process/Mechanical Lubricant,Manual / automated,2.07,Overdue,Yes
LB000001075,EQ00000401,2024-10-23,Process/Mechanical Lubricant,Manual / automated,0.82,Normal,Yes
LB000001076,EQ00000401,2022-04-19,Process/Mechanical Lubricant,Manual / automated,0.87,Overdue,Yes
LB000001077,EQ00000401,2021-01-15,Process/Mechanical Lubricant,Manual / automated,0.57,Normal,Yes
LB000001078,EQ00000401,2026-07-14,Process/Mechanical Lubricant,Manual / automated,0.7,Overdue,Yes
LB000001079,EQ00000401,2026-08-29,Process/Mechanical Lubricant,Manual / automated,2.45,Early,Yes
LB000001080,EQ00000402,2022-03-13,Machine Oil / Grease,Manual,1.38,Normal,Yes
LB000001081,EQ00000402,2022-12-12,Machine Oil / Grease,Manual,4.84,Overdue,Yes
LB000001082,EQ00000402,2024-02-20,Machine Oil / Grease,Manual,3.83,Normal,Yes
LB000001083,EQ00000402,2024-06-18,Machine Oil / Grease,Manual,4.49,Overdue,Yes
LB000001084,EQ00000403,2025-04-23,Machine Oil / Grease,Manual,0.39,Early,Yes
LB000001085,EQ00000403,2025-05-05,Machine Oil / Grease,Manual,2.74,Normal,Yes
LB000001086,EQ00000403,2021-09-27,Machine Oil / Grease,Manual,4.17,Normal,Yes
LB000001087,EQ00000403,2026-01-04,Machine Oil / Grease,Manual,1.28,Early,Yes
LB000001088,EQ00000405,2021-07-10,Process/Mechanical Lubricant,Manual / automated,0.29,Early,Yes
LB000001089,EQ00000405,2026-05-22,Process/Mechanical Lubricant,Manual / automated,0.79,Normal,Yes
LB000001090,EQ00000405,2025-12-02,Process/Mechanical Lubricant,Manual / automated,2.59,Overdue,Yes
LB000001091,EQ00000405,2021-05-09,Process/Mechanical Lubricant,Manual / automated,3.38,Normal,Yes
LB000001092,EQ00000405,2022-05-13,Process/Mechanical Lubricant,Manual / automated,1.07,Early,Yes
LB000001093,EQ00000406,2021-11-04,Bearing Grease,Manual,4.88,Normal,Yes
LB000001094,EQ00000406,2024-08-22,Bearing Grease,Manual,4.82,Early,Yes
LB000001095,EQ00000406,2025-11-09,Bearing Grease,Manual,2.0,Overdue,Yes
LB000001096,EQ00000409,2023-07-03,Engine / Gear Lubricant,Workshop service,1.07,Early,Yes
LB000001097,EQ00000409,2026-07-11,Engine / Gear Lubricant,Workshop service,4.31,Overdue,Yes
LB000001098,EQ00000410,2022-07-23,Pump Bearing Grease,Manual,3.0,Overdue,Yes
LB000001099,EQ00000410,2021-11-16,Pump Bearing Grease,Manual,1.27,Normal,Yes
LB000001100,EQ00000410,2023-09-06,Pump Bearing Grease,Manual,2.53,Normal,Yes
LB000001101,EQ00000410,2022-05-04,Pump Bearing Grease,Manual,4.68,Overdue,Yes
LB000001102,EQ00000410,2024-08-20,Pump Bearing Grease,Manual,1.95,Early,Yes
LB000001103,EQ00000411,2024-07-11,Pump Bearing Grease,Manual,3.39,Early,Yes
LB000001104,EQ00000411,2025-11-21,Pump Bearing Grease,Manual,1.63,Normal,Yes
LB000001105,EQ00000411,2022-12-29,Pump Bearing Grease,Manual,0.54,Overdue,Yes
LB000001106,EQ00000411,2023-03-18,Pump Bearing Grease,Manual,1.24,Normal,Yes
LB000001107,EQ00000412,2022-05-27,Process/Mechanical Lubricant,Manual / automated,3.76,Early,Yes
LB000001108,EQ00000412,2022-01-14,Process/Mechanical Lubricant,Manual / automated,4.18,Normal,Yes
LB000001109,EQ00000412,2024-04-14,Process/Mechanical Lubricant,Manual / automated,3.0,Normal,Yes
LB000001110,EQ00000412,2023-08-19,Process/Mechanical Lubricant,Manual / automated,4.94,Early,Yes
LB000001111,EQ00000412,2024-02-15,Process/Mechanical Lubricant,Manual / automated,2.77,Early,Yes
LB000001112,EQ00000413,2024-08-25,Engine / Gear Lubricant,Workshop service,4.16,Early,Yes
LB000001113,EQ00000413,2024-06-15,Engine / Gear Lubricant,Workshop service,0.66,Normal,Yes
LB000001114,EQ00000413,2023-02-27,Engine / Gear Lubricant,Workshop service,3.5,Normal,Yes
LB000001115,EQ00000413,2022-07-28,Engine / Gear Lubricant,Workshop service,4.11,Normal,Yes
LB000001116,EQ00000413,2022-08-26,Engine / Gear Lubricant,Workshop service,3.07,Early,Yes
LB000001117,EQ00000413,2022-09-18,Engine / Gear Lubricant,Workshop service,3.46,Early,Yes
LB000001118,EQ00000414,2026-04-13,EP Gear Oil / Grease,Grease gun / centralized,3.13,Early,Yes
LB000001119,EQ00000414,2026-02-26,EP Gear Oil / Grease,Grease gun / centralized,1.0,Overdue,Yes
LB000001120,EQ00000414,2024-03-13,EP Gear Oil / Grease,Grease gun / centralized,1.15,Normal,Yes
LB000001121,EQ00000414,2021-12-17,EP Gear Oil / Grease,Grease gun / centralized,1.24,Early,Yes
LB000001122,EQ00000415,2021-11-23,Machine Oil / Grease,Manual,5.0,Early,Yes
LB000001123,EQ00000415,2023-05-02,Machine Oil / Grease,Manual,2.84,Normal,Yes
LB000001124,EQ00000415,2021-03-13,Machine Oil / Grease,Manual,3.56,Overdue,Yes
LB000001125,EQ00000415,2025-08-16,Machine Oil / Grease,Manual,0.1,Overdue,Yes
LB000001126,EQ00000415,2024-12-13,Machine Oil / Grease,Manual,4.21,Early,Yes
LB000001127,EQ00000415,2021-03-02,Machine Oil / Grease,Manual,2.67,Overdue,Yes
LB000001128,EQ00000416,2024-01-30,Bearing Grease,Manual,4.38,Normal,Yes
LB000001129,EQ00000416,2023-12-10,Bearing Grease,Manual,4.47,Normal,Yes
LB000001130,EQ00000418,2023-02-15,Machine Oil / Grease,Manual,1.51,Normal,Yes
LB000001131,EQ00000418,2024-08-01,Machine Oil / Grease,Manual,3.88,Normal,Yes
LB000001132,EQ00000418,2022-11-25,Machine Oil / Grease,Manual,4.54,Normal,Yes
LB000001133,EQ00000418,2025-10-13,Machine Oil / Grease,Manual,1.38,Early,Yes
LB000001134,EQ00000418,2025-09-11,Machine Oil / Grease,Manual,4.83,Overdue,Yes
LB000001135,EQ00000418,2026-01-18,Machine Oil / Grease,Manual,4.06,Overdue,Yes
LB000001136,EQ00000419,2021-09-15,Machine Oil / Grease,Manual,3.46,Overdue,Yes
LB000001137,EQ00000419,2026-08-10,Machine Oil / Grease,Manual,3.98,Overdue,Yes
LB000001138,EQ00000420,2026-07-18,EP Gear Oil / Grease,Grease gun / centralized,4.26,Normal,Yes
LB000001139,EQ00000420,2025-06-26,EP Gear Oil / Grease,Grease gun / centralized,4.16,Overdue,Yes
LB000001140,EQ00000422,2022-03-18,Wire Rope / Gear Grease,Manual,2.6,Normal,Yes
LB000001141,EQ00000422,2023-05-02,Wire Rope / Gear Grease,Manual,1.85,Normal,Yes
LB000001142,EQ00000423,2025-02-23,EP Gear Oil / Grease,Grease gun / centralized,1.86,Normal,Yes
LB000001143,EQ00000423,2023-12-18,EP Gear Oil / Grease,Grease gun / centralized,1.34,Normal,Yes
LB000001144,EQ00000423,2021-06-16,EP Gear Oil / Grease,Grease gun / centralized,4.03,Overdue,Yes
LB000001145,EQ00000423,2022-12-14,EP Gear Oil / Grease,Grease gun / centralized,4.34,Overdue,Yes
LB000001146,EQ00000425,2021-03-03,Wire Rope / Gear Grease,Manual,1.63,Overdue,Yes
LB000001147,EQ00000425,2022-02-09,Wire Rope / Gear Grease,Manual,2.73,Normal,Yes
LB000001148,EQ00000425,2025-02-15,Wire Rope / Gear Grease,Manual,0.4,Early,Yes
LB000001149,EQ00000425,2024-04-22,Wire Rope / Gear Grease,Manual,3.32,Early,Yes
LB000001150,EQ00000425,2026-05-03,Wire Rope / Gear Grease,Manual,3.32,Normal,Yes
LB000001151,EQ00000425,2023-10-02,Wire Rope / Gear Grease,Manual,1.41,Early,Yes
LB000001152,EQ00000426,2024-06-16,Process/Mechanical Lubricant,Manual / automated,2.34,Early,Yes
LB000001153,EQ00000426,2023-06-09,Process/Mechanical Lubricant,Manual / automated,3.39,Overdue,Yes
LB000001154,EQ00000427,2024-11-03,Engine / Gear Lubricant,Workshop service,4.92,Overdue,Yes
LB000001155,EQ00000427,2025-09-14,Engine / Gear Lubricant,Workshop service,0.37,Overdue,Yes
LB000001156,EQ00000427,2026-03-05,Engine / Gear Lubricant,Workshop service,2.78,Normal,Yes
LB000001157,EQ00000427,2026-06-17,Engine / Gear Lubricant,Workshop service,4.72,Overdue,Yes
LB000001158,EQ00000427,2022-06-13,Engine / Gear Lubricant,Workshop service,4.36,Overdue,Yes
LB000001159,EQ00000428,2022-04-22,EP Gear Oil / Grease,Grease gun / centralized,3.78,Overdue,Yes
LB000001160,EQ00000428,2025-08-16,EP Gear Oil / Grease,Grease gun / centralized,1.83,Normal,Yes
LB000001161,EQ00000429,2026-05-18,Machine Oil / Grease,Manual,2.32,Early,Yes
LB000001162,EQ00000431,2023-08-08,Bearing Grease,Manual,1.36,Early,Yes
LB000001163,EQ00000432,2022-02-15,EP Gear Oil / Grease,Grease gun / centralized,0.52,Overdue,Yes
LB000001164,EQ00000432,2025-04-03,EP Gear Oil / Grease,Grease gun / centralized,1.8,Overdue,Yes
LB000001165,EQ00000432,2023-05-04,EP Gear Oil / Grease,Grease gun / centralized,4.03,Overdue,Yes
LB000001166,EQ00000432,2024-05-04,EP Gear Oil / Grease,Grease gun / centralized,2.55,Early,Yes
LB000001167,EQ00000434,2023-12-25,Process/Mechanical Lubricant,Manual / automated,0.26,Overdue,Yes
LB000001168,EQ00000436,2026-03-31,Bearing Oil / Grease,Manual / auto-lube,0.44,Early,Yes
LB000001169,EQ00000436,2025-06-05,Bearing Oil / Grease,Manual / auto-lube,3.7,Early,Yes
LB000001170,EQ00000436,2021-04-15,Bearing Oil / Grease,Manual / auto-lube,0.56,Overdue,Yes
LB000001171,EQ00000437,2024-12-16,Process/Mechanical Lubricant,Manual / automated,4.83,Normal,Yes
LB000001172,EQ00000437,2022-11-25,Process/Mechanical Lubricant,Manual / automated,0.42,Normal,Yes
LB000001173,EQ00000438,2025-11-27,Machine Oil / Grease,Manual,2.18,Normal,Yes
LB000001174,EQ00000438,2022-11-08,Machine Oil / Grease,Manual,0.3,Overdue,Yes
LB000001175,EQ00000438,2024-07-13,Machine Oil / Grease,Manual,2.99,Overdue,Yes
LB000001176,EQ00000438,2021-02-17,Machine Oil / Grease,Manual,1.95,Early,Yes
LB000001177,EQ00000438,2022-10-22,Machine Oil / Grease,Manual,2.45,Overdue,Yes
LB000001178,EQ00000438,2023-07-11,Machine Oil / Grease,Manual,2.56,Overdue,Yes
LB000001179,EQ00000439,2025-03-28,Machine Oil / Grease,Manual,1.95,Normal,Yes
LB000001180,EQ00000440,2026-08-21,Process/Mechanical Lubricant,Manual / automated,0.95,Overdue,Yes
LB000001181,EQ00000440,2021-10-22,Process/Mechanical Lubricant,Manual / automated,4.79,Normal,Yes
LB000001182,EQ00000440,2026-02-03,Process/Mechanical Lubricant,Manual / automated,3.51,Normal,Yes
LB000001183,EQ00000440,2021-01-28,Process/Mechanical Lubricant,Manual / automated,4.61,Early,Yes
LB000001184,EQ00000440,2021-02-19,Process/Mechanical Lubricant,Manual / automated,0.16,Overdue,Yes
LB000001185,EQ00000442,2026-02-22,Process/Mechanical Lubricant,Manual / automated,3.57,Early,Yes
LB000001186,EQ00000442,2021-03-18,Process/Mechanical Lubricant,Manual / automated,0.67,Normal,Yes
LB000001187,EQ00000442,2026-03-14,Process/Mechanical Lubricant,Manual / automated,1.27,Early,Yes
LB000001188,EQ00000442,2026-01-23,Process/Mechanical Lubricant,Manual / automated,3.85,Early,Yes
LB000001189,EQ00000442,2021-01-13,Process/Mechanical Lubricant,Manual / automated,2.94,Early,Yes
LB000001190,EQ00000442,2025-12-10,Process/Mechanical Lubricant,Manual / automated,3.94,Normal,Yes
LB000001191,EQ00000443,2025-04-25,Bearing Oil / Grease,Manual / auto-lube,1.85,Early,Yes
LB000001192,EQ00000443,2024-05-10,Bearing Oil / Grease,Manual / auto-lube,3.48,Normal,Yes
LB000001193,EQ00000443,2021-12-21,Bearing Oil / Grease,Manual / auto-lube,3.14,Overdue,Yes
LB000001194,EQ00000443,2024-05-12,Bearing Oil / Grease,Manual / auto-lube,1.58,Early,Yes
LB000001195,EQ00000447,2022-11-10,Wire Rope / Gear Grease,Manual,2.09,Early,Yes
LB000001196,EQ00000447,2025-10-13,Wire Rope / Gear Grease,Manual,4.61,Normal,Yes
LB000001197,EQ00000447,2022-04-27,Wire Rope / Gear Grease,Manual,4.02,Normal,Yes
LB000001198,EQ00000447,2021-02-13,Wire Rope / Gear Grease,Manual,0.77,Normal,Yes
LB000001199,EQ00000448,2025-04-03,Pump Bearing Grease,Manual,4.55,Early,Yes
LB000001200,EQ00000448,2023-09-16,Pump Bearing Grease,Manual,4.44,Overdue,Yes
LB000001201,EQ00000448,2025-01-23,Pump Bearing Grease,Manual,1.91,Normal,Yes
LB000001202,EQ00000448,2025-03-09,Pump Bearing Grease,Manual,1.83,Early,Yes
LB000001203,EQ00000448,2025-07-11,Pump Bearing Grease,Manual,4.07,Early,Yes
LB000001204,EQ00000450,2026-03-07,EP Gear Oil / Grease,Grease gun / centralized,0.37,Normal,Yes
LB000001205,EQ00000450,2022-01-01,EP Gear Oil / Grease,Grease gun / centralized,2.68,Normal,Yes
LB000001206,EQ00000450,2021-02-09,EP Gear Oil / Grease,Grease gun / centralized,3.11,Normal,Yes
LB000001207,EQ00000450,2024-01-29,EP Gear Oil / Grease,Grease gun / centralized,4.87,Early,Yes
LB000001208,EQ00000450,2024-12-13,EP Gear Oil / Grease,Grease gun / centralized,0.44,Early,Yes
LB000001209,EQ00000450,2023-05-24,EP Gear Oil / Grease,Grease gun / centralized,0.13,Early,Yes
LB000001210,EQ00000451,2025-10-13,Engine / Gear Lubricant,Workshop service,3.68,Overdue,Yes
LB000001211,EQ00000451,2026-03-11,Engine / Gear Lubricant,Workshop service,0.86,Normal,Yes
LB000001212,EQ00000452,2021-07-03,EP Gear Oil / Grease,Grease gun / centralized,2.68,Overdue,Yes
LB000001213,EQ00000452,2025-11-28,EP Gear Oil / Grease,Grease gun / centralized,3.6,Overdue,Yes
LB000001214,EQ00000453,2021-07-03,Pump Bearing Grease,Manual,3.64,Early,Yes
LB000001215,EQ00000453,2021-07-31,Pump Bearing Grease,Manual,4.37,Overdue,Yes
LB000001216,EQ00000453,2022-08-03,Pump Bearing Grease,Manual,3.29,Normal,Yes
LB000001217,EQ00000453,2025-04-23,Pump Bearing Grease,Manual,1.09,Overdue,Yes
LB000001218,EQ00000453,2024-04-10,Pump Bearing Grease,Manual,4.15,Overdue,Yes
LB000001219,EQ00000453,2023-09-04,Pump Bearing Grease,Manual,1.04,Overdue,Yes
LB000001220,EQ00000454,2026-03-31,Bearing Oil / Grease,Manual / auto-lube,2.54,Early,Yes
LB000001221,EQ00000454,2022-05-25,Bearing Oil / Grease,Manual / auto-lube,3.29,Normal,Yes
LB000001222,EQ00000454,2023-05-13,Bearing Oil / Grease,Manual / auto-lube,2.56,Normal,Yes
LB000001223,EQ00000455,2024-07-25,Bearing Grease,Manual,2.54,Overdue,Yes
LB000001224,EQ00000456,2022-11-24,Bearing Grease,Manual,0.28,Normal,Yes
LB000001225,EQ00000456,2024-03-05,Bearing Grease,Manual,4.83,Early,Yes
LB000001226,EQ00000457,2023-05-30,Bearing Grease,Manual,2.41,Normal,Yes
LB000001227,EQ00000457,2024-01-30,Bearing Grease,Manual,1.22,Overdue,Yes
LB000001228,EQ00000458,2024-06-15,Engine / Gear Lubricant,Workshop service,0.75,Early,Yes
LB000001229,EQ00000458,2022-03-25,Engine / Gear Lubricant,Workshop service,1.71,Early,Yes
LB000001230,EQ00000458,2023-06-23,Engine / Gear Lubricant,Workshop service,3.97,Normal,Yes
LB000001231,EQ00000458,2021-09-07,Engine / Gear Lubricant,Workshop service,1.15,Overdue,Yes
LB000001232,EQ00000459,2023-01-01,EP Gear Oil / Grease,Grease gun / centralized,0.62,Normal,Yes
LB000001233,EQ00000459,2025-09-15,EP Gear Oil / Grease,Grease gun / centralized,0.42,Normal,Yes
LB000001234,EQ00000459,2023-10-12,EP Gear Oil / Grease,Grease gun / centralized,2.58,Early,Yes
LB000001235,EQ00000459,2026-02-09,EP Gear Oil / Grease,Grease gun / centralized,4.73,Early,Yes
LB000001236,EQ00000459,2021-04-27,EP Gear Oil / Grease,Grease gun / centralized,0.49,Early,Yes
LB000001237,EQ00000459,2026-06-16,EP Gear Oil / Grease,Grease gun / centralized,1.34,Early,Yes
LB000001238,EQ00000460,2025-07-12,Bearing Oil / Grease,Manual / auto-lube,4.81,Normal,Yes
LB000001239,EQ00000460,2026-04-18,Bearing Oil / Grease,Manual / auto-lube,4.85,Early,Yes
LB000001240,EQ00000460,2025-11-07,Bearing Oil / Grease,Manual / auto-lube,4.46,Early,Yes
LB000001241,EQ00000460,2025-12-17,Bearing Oil / Grease,Manual / auto-lube,4.97,Normal,Yes
LB000001242,EQ00000461,2021-06-13,Bearing Oil / Grease,Manual / auto-lube,3.11,Normal,Yes
LB000001243,EQ00000461,2026-05-31,Bearing Oil / Grease,Manual / auto-lube,1.52,Normal,Yes
LB000001244,EQ00000461,2025-04-05,Bearing Oil / Grease,Manual / auto-lube,0.42,Early,Yes
LB000001245,EQ00000461,2021-08-13,Bearing Oil / Grease,Manual / auto-lube,4.92,Overdue,Yes
LB000001246,EQ00000462,2025-10-22,Pump Bearing Grease,Manual,3.59,Normal,Yes
LB000001247,EQ00000463,2022-04-23,Process/Mechanical Lubricant,Manual / automated,3.14,Overdue,Yes
LB000001248,EQ00000463,2023-12-12,Process/Mechanical Lubricant,Manual / automated,1.69,Early,Yes
LB000001249,EQ00000463,2022-05-06,Process/Mechanical Lubricant,Manual / automated,2.58,Overdue,Yes
LB000001250,EQ00000463,2024-02-19,Process/Mechanical Lubricant,Manual / automated,3.22,Early,Yes
LB000001251,EQ00000463,2022-05-31,Process/Mechanical Lubricant,Manual / automated,4.56,Normal,Yes
LB000001252,EQ00000465,2025-12-29,Process/Mechanical Lubricant,Manual / automated,1.5,Normal,Yes
LB000001253,EQ00000466,2025-08-19,Machine Oil / Grease,Manual,0.2,Normal,Yes
LB000001254,EQ00000466,2025-05-30,Machine Oil / Grease,Manual,0.87,Normal,Yes
LB000001255,EQ00000467,2025-09-14,Bearing Oil / Grease,Manual / auto-lube,4.3,Normal,Yes
LB000001256,EQ00000467,2025-07-09,Bearing Oil / Grease,Manual / auto-lube,4.38,Early,Yes
LB000001257,EQ00000467,2022-11-07,Bearing Oil / Grease,Manual / auto-lube,2.57,Overdue,Yes
LB000001258,EQ00000469,2021-06-26,Bearing Grease,Manual,4.38,Early,Yes
LB000001259,EQ00000470,2022-02-02,Engine / Gear Lubricant,Workshop service,3.24,Normal,Yes
LB000001260,EQ00000471,2023-05-21,Wire Rope / Gear Grease,Manual,1.46,Normal,Yes
LB000001261,EQ00000472,2023-07-07,Process/Mechanical Lubricant,Manual / automated,2.47,Overdue,Yes
LB000001262,EQ00000473,2026-06-19,EP Gear Oil / Grease,Grease gun / centralized,1.56,Normal,Yes
LB000001263,EQ00000474,2021-06-13,Bearing Grease,Manual,1.93,Normal,Yes
LB000001264,EQ00000474,2025-11-20,Bearing Grease,Manual,1.42,Overdue,Yes
LB000001265,EQ00000475,2026-05-15,Bearing Oil / Grease,Manual / auto-lube,0.14,Early,Yes
LB000001266,EQ00000475,2023-10-22,Bearing Oil / Grease,Manual / auto-lube,2.66,Early,Yes
LB000001267,EQ00000477,2021-06-27,Wire Rope / Gear Grease,Manual,1.11,Early,Yes
LB000001268,EQ00000477,2021-06-22,Wire Rope / Gear Grease,Manual,0.71,Early,Yes
LB000001269,EQ00000477,2024-01-01,Wire Rope / Gear Grease,Manual,4.0,Normal,Yes
LB000001270,EQ00000477,2022-08-30,Wire Rope / Gear Grease,Manual,2.59,Overdue,Yes
LB000001271,EQ00000477,2024-08-04,Wire Rope / Gear Grease,Manual,4.18,Normal,Yes
LB000001272,EQ00000478,2023-12-26,EP Gear Oil / Grease,Grease gun / centralized,4.31,Normal,Yes
LB000001273,EQ00000478,2023-02-24,EP Gear Oil / Grease,Grease gun / centralized,0.83,Overdue,Yes
LB000001274,EQ00000478,2026-07-03,EP Gear Oil / Grease,Grease gun / centralized,0.14,Early,Yes
LB000001275,EQ00000478,2025-08-29,EP Gear Oil / Grease,Grease gun / centralized,3.23,Overdue,Yes
LB000001276,EQ00000480,2025-02-28,Bearing Grease,Manual,4.21,Early,Yes
LB000001277,EQ00000480,2025-02-08,Bearing Grease,Manual,2.38,Overdue,Yes
LB000001278,EQ00000482,2025-04-21,Bearing Grease,Manual,1.75,Overdue,Yes
LB000001279,EQ00000485,2025-04-13,EP Gear Oil / Grease,Grease gun / centralized,3.75,Early,Yes
LB000001280,EQ00000487,2021-01-05,Wire Rope / Gear Grease,Manual,0.59,Normal,Yes
LB000001281,EQ00000487,2024-04-02,Wire Rope / Gear Grease,Manual,4.44,Early,Yes
LB000001282,EQ00000487,2024-11-11,Wire Rope / Gear Grease,Manual,3.04,Normal,Yes
LB000001283,EQ00000487,2024-12-14,Wire Rope / Gear Grease,Manual,4.96,Early,Yes
LB000001284,EQ00000487,2025-04-11,Wire Rope / Gear Grease,Manual,2.9,Overdue,Yes
LB000001285,EQ00000489,2025-12-01,Wire Rope / Gear Grease,Manual,4.01,Overdue,Yes
LB000001286,EQ00000489,2025-05-10,Wire Rope / Gear Grease,Manual,3.12,Overdue,Yes
LB000001287,EQ00000492,2023-05-28,Pump Bearing Grease,Manual,2.13,Normal,Yes
LB000001288,EQ00000493,2021-09-18,Machine Oil / Grease,Manual,2.11,Normal,Yes
LB000001289,EQ00000493,2025-10-21,Machine Oil / Grease,Manual,2.87,Early,Yes
LB000001290,EQ00000493,2023-08-09,Machine Oil / Grease,Manual,1.26,Early,Yes
LB000001291,EQ00000493,2025-10-05,Machine Oil / Grease,Manual,3.99,Normal,Yes
LB000001292,EQ00000494,2022-05-22,Bearing Grease,Manual,4.55,Early,Yes
LB000001293,EQ00000494,2024-07-04,Bearing Grease,Manual,1.57,Early,Yes
LB000001294,EQ00000495,2025-01-09,EP Gear Oil / Grease,Grease gun / centralized,4.22,Normal,Yes
LB000001295,EQ00000495,2022-08-23,EP Gear Oil / Grease,Grease gun / centralized,2.46,Normal,Yes
LB000001296,EQ00000495,2021-10-15,EP Gear Oil / Grease,Grease gun / centralized,0.44,Normal,Yes
LB000001297,EQ00000495,2023-12-02,EP Gear Oil / Grease,Grease gun / centralized,1.59,Early,Yes
LB000001298,EQ00000496,2021-10-28,Pump Bearing Grease,Manual,3.33,Early,Yes
LB000001299,EQ00000496,2025-05-28,Pump Bearing Grease,Manual,1.63,Early,Yes
LB000001300,EQ00000496,2021-11-05,Pump Bearing Grease,Manual,1.01,Normal,Yes
LB000001301,EQ00000496,2021-01-02,Pump Bearing Grease,Manual,4.01,Normal,Yes
LB000001302,EQ00000496,2023-07-16,Pump Bearing Grease,Manual,3.44,Normal,Yes
LB000001303,EQ00000500,2021-12-26,Bearing Grease,Manual,0.17,Overdue,Yes
LB000001304,EQ00000500,2021-04-29,Bearing Grease,Manual,3.87,Overdue,Yes
LB000001305,EQ00000500,2026-02-22,Bearing Grease,Manual,3.0,Normal,Yes
LB000001306,EQ00000500,2021-09-24,Bearing Grease,Manual,3.42,Overdue,Yes
LB000001307,EQ00000500,2023-03-11,Bearing Grease,Manual,4.13,Normal,Yes
LB000001308,EQ00000500,2025-04-06,Bearing Grease,Manual,4.18,Normal,Yes
LB000001309,EQ00000501,2026-07-28,Process/Mechanical Lubricant,Manual / automated,2.56,Early,Yes
LB000001310,EQ00000501,2025-01-07,Process/Mechanical Lubricant,Manual / automated,4.73,Normal,Yes
LB000001311,EQ00000501,2024-04-16,Process/Mechanical Lubricant,Manual / automated,2.62,Normal,Yes
LB000001312,EQ00000503,2024-08-31,EP Gear Oil / Grease,Grease gun / centralized,3.5,Normal,Yes
LB000001313,EQ00000503,2024-01-14,EP Gear Oil / Grease,Grease gun / centralized,3.82,Overdue,Yes
LB000001314,EQ00000503,2022-11-05,EP Gear Oil / Grease,Grease gun / centralized,0.41,Normal,Yes
LB000001315,EQ00000503,2024-10-14,EP Gear Oil / Grease,Grease gun / centralized,0.67,Overdue,Yes
LB000001316,EQ00000503,2025-02-01,EP Gear Oil / Grease,Grease gun / centralized,0.28,Normal,Yes
LB000001317,EQ00000504,2024-02-21,Pump Bearing Grease,Manual,2.18,Overdue,Yes
LB000001318,EQ00000504,2021-11-20,Pump Bearing Grease,Manual,3.12,Normal,Yes
LB000001319,EQ00000504,2026-07-25,Pump Bearing Grease,Manual,2.45,Overdue,Yes
LB000001320,EQ00000504,2022-08-07,Pump Bearing Grease,Manual,0.28,Early,Yes
LB000001321,EQ00000505,2022-05-31,Bearing Oil / Grease,Manual / auto-lube,2.19,Normal,Yes
LB000001322,EQ00000505,2025-01-18,Bearing Oil / Grease,Manual / auto-lube,1.27,Overdue,Yes
LB000001323,EQ00000505,2025-01-25,Bearing Oil / Grease,Manual / auto-lube,0.78,Normal,Yes
LB000001324,EQ00000505,2023-02-20,Bearing Oil / Grease,Manual / auto-lube,3.97,Early,Yes
LB000001325,EQ00000505,2025-10-13,Bearing Oil / Grease,Manual / auto-lube,3.85,Normal,Yes
LB000001326,EQ00000506,2021-12-26,Bearing Grease,Manual,0.95,Normal,Yes
LB000001327,EQ00000506,2023-09-12,Bearing Grease,Manual,2.87,Early,Yes
LB000001328,EQ00000506,2021-02-06,Bearing Grease,Manual,2.81,Early,Yes
LB000001329,EQ00000507,2021-09-03,Process/Mechanical Lubricant,Manual / automated,4.04,Normal,Yes
LB000001330,EQ00000507,2022-11-21,Process/Mechanical Lubricant,Manual / automated,4.21,Early,Yes
LB000001331,EQ00000507,2022-09-02,Process/Mechanical Lubricant,Manual / automated,2.72,Early,Yes
LB000001332,EQ00000507,2026-06-02,Process/Mechanical Lubricant,Manual / automated,1.46,Normal,Yes
LB000001333,EQ00000507,2023-10-01,Process/Mechanical Lubricant,Manual / automated,1.12,Normal,Yes
LB000001334,EQ00000507,2021-03-03,Process/Mechanical Lubricant,Manual / automated,0.91,Early,Yes
LB000001335,EQ00000508,2025-09-01,Machine Oil / Grease,Manual,1.85,Normal,Yes
LB000001336,EQ00000508,2022-09-30,Machine Oil / Grease,Manual,3.91,Normal,Yes
LB000001337,EQ00000508,2022-11-05,Machine Oil / Grease,Manual,3.89,Normal,Yes
LB000001338,EQ00000510,2022-08-25,EP Gear Oil / Grease,Grease gun / centralized,1.75,Normal,Yes
LB000001339,EQ00000510,2025-05-11,EP Gear Oil / Grease,Grease gun / centralized,2.09,Early,Yes
LB000001340,EQ00000510,2021-01-11,EP Gear Oil / Grease,Grease gun / centralized,2.2,Normal,Yes
LB000001341,EQ00000510,2022-12-03,EP Gear Oil / Grease,Grease gun / centralized,2.31,Normal,Yes
LB000001342,EQ00000511,2023-12-07,Process/Mechanical Lubricant,Manual / automated,3.49,Overdue,Yes
LB000001343,EQ00000511,2021-07-02,Process/Mechanical Lubricant,Manual / automated,4.2,Overdue,Yes
LB000001344,EQ00000512,2023-12-18,Pump Bearing Grease,Manual,1.05,Normal,Yes
LB000001345,EQ00000512,2022-08-05,Pump Bearing Grease,Manual,2.68,Early,Yes
LB000001346,EQ00000512,2022-07-03,Pump Bearing Grease,Manual,4.24,Early,Yes
LB000001347,EQ00000512,2022-10-24,Pump Bearing Grease,Manual,0.44,Early,Yes
LB000001348,EQ00000513,2024-04-13,Pump Bearing Grease,Manual,2.46,Normal,Yes
LB000001349,EQ00000513,2022-06-14,Pump Bearing Grease,Manual,4.8,Overdue,Yes
LB000001350,EQ00000515,2021-03-06,Wire Rope / Gear Grease,Manual,0.79,Overdue,Yes
LB000001351,EQ00000515,2024-08-18,Wire Rope / Gear Grease,Manual,2.13,Normal,Yes
LB000001352,EQ00000515,2021-11-30,Wire Rope / Gear Grease,Manual,4.34,Normal,Yes
LB000001353,EQ00000515,2025-01-15,Wire Rope / Gear Grease,Manual,0.54,Normal,Yes
LB000001354,EQ00000516,2024-01-23,Bearing Grease,Manual,2.18,Overdue,Yes
LB000001355,EQ00000517,2021-05-14,Bearing Grease,Manual,1.25,Overdue,Yes
LB000001356,EQ00000517,2021-02-06,Bearing Grease,Manual,0.67,Overdue,Yes
LB000001357,EQ00000517,2021-05-21,Bearing Grease,Manual,3.95,Early,Yes
LB000001358,EQ00000517,2025-10-07,Bearing Grease,Manual,4.05,Normal,Yes
LB000001359,EQ00000519,2026-04-19,Pump Bearing Grease,Manual,2.19,Normal,Yes
LB000001360,EQ00000519,2024-08-09,Pump Bearing Grease,Manual,1.79,Overdue,Yes
LB000001361,EQ00000519,2025-05-30,Pump Bearing Grease,Manual,4.68,Overdue,Yes
LB000001362,EQ00000520,2022-09-21,Wire Rope / Gear Grease,Manual,3.9,Early,Yes
LB000001363,EQ00000521,2023-02-01,Engine / Gear Lubricant,Workshop service,1.2,Early,Yes
LB000001364,EQ00000521,2021-12-04,Engine / Gear Lubricant,Workshop service,1.44,Overdue,Yes
LB000001365,EQ00000521,2023-07-25,Engine / Gear Lubricant,Workshop service,2.7,Normal,Yes
LB000001366,EQ00000521,2021-03-06,Engine / Gear Lubricant,Workshop service,3.46,Normal,Yes
LB000001367,EQ00000522,2021-06-03,Wire Rope / Gear Grease,Manual,2.78,Overdue,Yes
LB000001368,EQ00000522,2022-04-07,Wire Rope / Gear Grease,Manual,4.87,Overdue,Yes
LB000001369,EQ00000522,2021-10-17,Wire Rope / Gear Grease,Manual,4.96,Early,Yes
LB000001370,EQ00000523,2024-04-28,Bearing Oil / Grease,Manual / auto-lube,4.61,Early,Yes
LB000001371,EQ00000523,2025-02-20,Bearing Oil / Grease,Manual / auto-lube,3.35,Normal,Yes
LB000001372,EQ00000523,2026-03-11,Bearing Oil / Grease,Manual / auto-lube,4.1,Normal,Yes
LB000001373,EQ00000523,2021-11-10,Bearing Oil / Grease,Manual / auto-lube,0.25,Early,Yes
LB000001374,EQ00000523,2022-06-06,Bearing Oil / Grease,Manual / auto-lube,3.71,Normal,Yes
LB000001375,EQ00000523,2024-05-18,Bearing Oil / Grease,Manual / auto-lube,3.18,Overdue,Yes
LB000001376,EQ00000527,2023-01-07,Pump Bearing Grease,Manual,4.68,Normal,Yes
LB000001377,EQ00000527,2025-10-14,Pump Bearing Grease,Manual,2.41,Early,Yes
LB000001378,EQ00000527,2023-09-11,Pump Bearing Grease,Manual,0.76,Overdue,Yes
LB000001379,EQ00000528,2021-09-04,Machine Oil / Grease,Manual,4.54,Early,Yes
LB000001380,EQ00000528,2025-03-11,Machine Oil / Grease,Manual,0.63,Normal,Yes
LB000001381,EQ00000529,2022-04-20,Bearing Grease,Manual,0.96,Early,Yes
LB000001382,EQ00000529,2022-08-02,Bearing Grease,Manual,4.95,Normal,Yes
LB000001383,EQ00000530,2025-10-26,Bearing Oil / Grease,Manual / auto-lube,2.4,Normal,Yes
LB000001384,EQ00000530,2021-10-08,Bearing Oil / Grease,Manual / auto-lube,3.92,Early,Yes
LB000001385,EQ00000530,2025-09-06,Bearing Oil / Grease,Manual / auto-lube,3.0,Overdue,Yes
LB000001386,EQ00000530,2024-01-04,Bearing Oil / Grease,Manual / auto-lube,2.82,Overdue,Yes
LB000001387,EQ00000530,2023-01-26,Bearing Oil / Grease,Manual / auto-lube,4.25,Overdue,Yes
LB000001388,EQ00000530,2026-06-24,Bearing Oil / Grease,Manual / auto-lube,1.02,Early,Yes
LB000001389,EQ00000531,2024-03-04,Wire Rope / Gear Grease,Manual,1.68,Normal,Yes
LB000001390,EQ00000531,2023-01-25,Wire Rope / Gear Grease,Manual,4.34,Early,Yes
LB000001391,EQ00000531,2024-01-24,Wire Rope / Gear Grease,Manual,2.65,Overdue,Yes
LB000001392,EQ00000533,2024-10-11,Process/Mechanical Lubricant,Manual / automated,4.76,Early,Yes
LB000001393,EQ00000534,2022-08-20,Process/Mechanical Lubricant,Manual / automated,3.42,Overdue,Yes
LB000001394,EQ00000534,2026-07-22,Process/Mechanical Lubricant,Manual / automated,2.45,Early,Yes
LB000001395,EQ00000535,2026-02-14,Bearing Grease,Manual,0.67,Overdue,Yes
LB000001396,EQ00000535,2025-07-12,Bearing Grease,Manual,3.87,Overdue,Yes
LB000001397,EQ00000535,2021-04-27,Bearing Grease,Manual,1.78,Normal,Yes
LB000001398,EQ00000536,2021-04-27,Process/Mechanical Lubricant,Manual / automated,0.84,Overdue,Yes
LB000001399,EQ00000536,2023-11-04,Process/Mechanical Lubricant,Manual / automated,4.66,Overdue,Yes
LB000001400,EQ00000538,2021-02-05,Process/Mechanical Lubricant,Manual / automated,4.98,Normal,Yes
LB000001401,EQ00000538,2026-08-13,Process/Mechanical Lubricant,Manual / automated,3.78,Overdue,Yes
LB000001402,EQ00000538,2025-02-11,Process/Mechanical Lubricant,Manual / automated,2.03,Early,Yes
LB000001403,EQ00000538,2021-10-15,Process/Mechanical Lubricant,Manual / automated,4.84,Normal,Yes
LB000001404,EQ00000538,2024-06-14,Process/Mechanical Lubricant,Manual / automated,4.11,Normal,Yes
LB000001405,EQ00000540,2022-01-10,Wire Rope / Gear Grease,Manual,4.23,Overdue,Yes
LB000001406,EQ00000540,2025-03-27,Wire Rope / Gear Grease,Manual,1.93,Normal,Yes
LB000001407,EQ00000540,2024-02-21,Wire Rope / Gear Grease,Manual,1.17,Early,Yes
LB000001408,EQ00000541,2022-12-29,EP Gear Oil / Grease,Grease gun / centralized,1.31,Normal,Yes
LB000001409,EQ00000541,2023-02-15,EP Gear Oil / Grease,Grease gun / centralized,3.61,Overdue,Yes
LB000001410,EQ00000541,2021-05-18,EP Gear Oil / Grease,Grease gun / centralized,4.11,Overdue,Yes
LB000001411,EQ00000541,2022-03-05,EP Gear Oil / Grease,Grease gun / centralized,0.21,Early,Yes
LB000001412,EQ00000541,2023-01-21,EP Gear Oil / Grease,Grease gun / centralized,2.63,Normal,Yes
LB000001413,EQ00000542,2023-02-15,EP Gear Oil / Grease,Grease gun / centralized,0.84,Overdue,Yes
LB000001414,EQ00000542,2025-02-24,EP Gear Oil / Grease,Grease gun / centralized,4.7,Normal,Yes
LB000001415,EQ00000542,2023-08-01,EP Gear Oil / Grease,Grease gun / centralized,4.02,Overdue,Yes
LB000001416,EQ00000543,2025-12-28,EP Gear Oil / Grease,Grease gun / centralized,0.47,Early,Yes
LB000001417,EQ00000543,2025-06-06,EP Gear Oil / Grease,Grease gun / centralized,3.76,Normal,Yes
LB000001418,EQ00000543,2021-06-23,EP Gear Oil / Grease,Grease gun / centralized,4.06,Early,Yes
LB000001419,EQ00000547,2023-06-15,Pump Bearing Grease,Manual,2.7,Normal,Yes
LB000001420,EQ00000547,2023-11-14,Pump Bearing Grease,Manual,4.92,Overdue,Yes
LB000001421,EQ00000547,2022-06-10,Pump Bearing Grease,Manual,1.57,Overdue,Yes
LB000001422,EQ00000547,2021-03-03,Pump Bearing Grease,Manual,4.31,Normal,Yes
LB000001423,EQ00000547,2026-03-15,Pump Bearing Grease,Manual,4.97,Normal,Yes
LB000001424,EQ00000548,2026-05-13,Bearing Oil / Grease,Manual / auto-lube,0.27,Normal,Yes
LB000001425,EQ00000548,2025-06-18,Bearing Oil / Grease,Manual / auto-lube,4.89,Normal,Yes
LB000001426,EQ00000551,2024-05-14,Pump Bearing Grease,Manual,0.38,Overdue,Yes
LB000001427,EQ00000551,2022-12-17,Pump Bearing Grease,Manual,1.49,Normal,Yes
LB000001428,EQ00000551,2022-12-02,Pump Bearing Grease,Manual,2.07,Early,Yes
LB000001429,EQ00000551,2025-09-15,Pump Bearing Grease,Manual,4.26,Early,Yes
LB000001430,EQ00000552,2025-03-19,Pump Bearing Grease,Manual,1.08,Early,Yes
LB000001431,EQ00000552,2025-09-18,Pump Bearing Grease,Manual,1.72,Early,Yes
LB000001432,EQ00000553,2023-10-17,Machine Oil / Grease,Manual,3.68,Overdue,Yes
LB000001433,EQ00000553,2024-04-01,Machine Oil / Grease,Manual,2.69,Early,Yes
LB000001434,EQ00000553,2023-10-19,Machine Oil / Grease,Manual,2.48,Overdue,Yes
LB000001435,EQ00000553,2021-12-03,Machine Oil / Grease,Manual,3.9,Early,Yes
LB000001436,EQ00000553,2024-07-12,Machine Oil / Grease,Manual,2.27,Overdue,Yes
LB000001437,EQ00000554,2023-12-08,Pump Bearing Grease,Manual,0.73,Overdue,Yes
LB000001438,EQ00000554,2023-03-13,Pump Bearing Grease,Manual,3.34,Overdue,Yes
LB000001439,EQ00000554,2023-07-01,Pump Bearing Grease,Manual,1.35,Normal,Yes
LB000001440,EQ00000555,2021-04-23,Pump Bearing Grease,Manual,1.91,Normal,Yes
LB000001441,EQ00000555,2022-01-09,Pump Bearing Grease,Manual,4.91,Normal,Yes
LB000001442,EQ00000555,2021-10-26,Pump Bearing Grease,Manual,4.35,Overdue,Yes
LB000001443,EQ00000555,2023-04-28,Pump Bearing Grease,Manual,2.06,Early,Yes
LB000001444,EQ00000555,2021-08-08,Pump Bearing Grease,Manual,1.25,Normal,Yes
LB000001445,EQ00000556,2026-02-19,Pump Bearing Grease,Manual,4.89,Normal,Yes
LB000001446,EQ00000556,2026-08-11,Pump Bearing Grease,Manual,3.54,Overdue,Yes
LB000001447,EQ00000556,2025-02-20,Pump Bearing Grease,Manual,4.59,Early,Yes
LB000001448,EQ00000556,2021-02-27,Pump Bearing Grease,Manual,2.39,Early,Yes
LB000001449,EQ00000557,2023-07-18,EP Gear Oil / Grease,Grease gun / centralized,3.81,Overdue,Yes
LB000001450,EQ00000557,2021-11-02,EP Gear Oil / Grease,Grease gun / centralized,1.98,Overdue,Yes
LB000001451,EQ00000557,2026-06-21,EP Gear Oil / Grease,Grease gun / centralized,1.72,Overdue,Yes
LB000001452,EQ00000558,2022-09-08,EP Gear Oil / Grease,Grease gun / centralized,4.7,Normal,Yes
LB000001453,EQ00000558,2025-03-01,EP Gear Oil / Grease,Grease gun / centralized,3.96,Normal,Yes
LB000001454,EQ00000558,2025-04-25,EP Gear Oil / Grease,Grease gun / centralized,3.03,Overdue,Yes
LB000001455,EQ00000560,2022-10-03,Bearing Grease,Manual,1.57,Early,Yes
LB000001456,EQ00000560,2024-09-30,Bearing Grease,Manual,2.03,Normal,Yes
LB000001457,EQ00000560,2021-02-25,Bearing Grease,Manual,0.44,Normal,Yes
LB000001458,EQ00000560,2024-09-07,Bearing Grease,Manual,3.67,Overdue,Yes
LB000001459,EQ00000560,2021-09-18,Bearing Grease,Manual,1.64,Normal,Yes
LB000001460,EQ00000560,2021-11-25,Bearing Grease,Manual,4.64,Normal,Yes
LB000001461,EQ00000561,2023-05-07,Process/Mechanical Lubricant,Manual / automated,0.25,Early,Yes
LB000001462,EQ00000561,2021-07-06,Process/Mechanical Lubricant,Manual / automated,4.69,Normal,Yes
LB000001463,EQ00000561,2024-02-23,Process/Mechanical Lubricant,Manual / automated,0.7,Early,Yes
LB000001464,EQ00000562,2022-02-26,Wire Rope / Gear Grease,Manual,1.57,Normal,Yes
LB000001465,EQ00000562,2026-01-09,Wire Rope / Gear Grease,Manual,0.14,Early,Yes
LB000001466,EQ00000562,2024-08-13,Wire Rope / Gear Grease,Manual,1.57,Early,Yes
LB000001467,EQ00000562,2025-02-10,Wire Rope / Gear Grease,Manual,4.18,Normal,Yes
LB000001468,EQ00000563,2024-07-23,Bearing Grease,Manual,3.25,Early,Yes
LB000001469,EQ00000564,2026-01-01,Bearing Oil / Grease,Manual / auto-lube,3.07,Overdue,Yes
LB000001470,EQ00000564,2023-05-01,Bearing Oil / Grease,Manual / auto-lube,1.36,Normal,Yes
LB000001471,EQ00000564,2026-06-12,Bearing Oil / Grease,Manual / auto-lube,3.31,Overdue,Yes
LB000001472,EQ00000564,2023-01-07,Bearing Oil / Grease,Manual / auto-lube,2.97,Normal,Yes
LB000001473,EQ00000564,2025-08-17,Bearing Oil / Grease,Manual / auto-lube,2.24,Early,Yes
LB000001474,EQ00000564,2021-03-27,Bearing Oil / Grease,Manual / auto-lube,4.87,Overdue,Yes
LB000001475,EQ00000565,2021-10-07,Bearing Grease,Manual,3.1,Normal,Yes
LB000001476,EQ00000565,2024-03-24,Bearing Grease,Manual,0.99,Overdue,Yes
LB000001477,EQ00000565,2023-07-22,Bearing Grease,Manual,4.68,Early,Yes
LB000001478,EQ00000565,2024-03-29,Bearing Grease,Manual,4.6,Early,Yes
LB000001479,EQ00000565,2025-03-16,Bearing Grease,Manual,2.71,Early,Yes
LB000001480,EQ00000568,2024-06-03,Pump Bearing Grease,Manual,4.05,Overdue,Yes
LB000001481,EQ00000569,2021-07-16,Wire Rope / Gear Grease,Manual,3.31,Early,Yes
LB000001482,EQ00000569,2022-03-19,Wire Rope / Gear Grease,Manual,4.44,Overdue,Yes
LB000001483,EQ00000569,2023-02-12,Wire Rope / Gear Grease,Manual,4.55,Early,Yes
LB000001484,EQ00000569,2026-06-13,Wire Rope / Gear Grease,Manual,3.93,Overdue,Yes
LB000001485,EQ00000570,2023-04-07,Bearing Grease,Manual,1.94,Overdue,Yes
LB000001486,EQ00000570,2024-12-15,Bearing Grease,Manual,1.32,Early,Yes
LB000001487,EQ00000571,2022-05-30,EP Gear Oil / Grease,Grease gun / centralized,4.51,Overdue,Yes
LB000001488,EQ00000571,2024-02-03,EP Gear Oil / Grease,Grease gun / centralized,2.52,Normal,Yes
LB000001489,EQ00000571,2021-06-29,EP Gear Oil / Grease,Grease gun / centralized,3.37,Early,Yes
LB000001490,EQ00000571,2025-09-08,EP Gear Oil / Grease,Grease gun / centralized,3.33,Overdue,Yes
LB000001491,EQ00000571,2023-08-20,EP Gear Oil / Grease,Grease gun / centralized,3.1,Early,Yes
LB000001492,EQ00000571,2026-07-21,EP Gear Oil / Grease,Grease gun / centralized,2.57,Early,Yes
LB000001493,EQ00000573,2021-03-29,Wire Rope / Gear Grease,Manual,3.25,Overdue,Yes
LB000001494,EQ00000574,2024-05-03,EP Gear Oil / Grease,Grease gun / centralized,0.53,Normal,Yes
LB000001495,EQ00000574,2023-03-10,EP Gear Oil / Grease,Grease gun / centralized,2.44,Early,Yes
LB000001496,EQ00000574,2021-05-31,EP Gear Oil / Grease,Grease gun / centralized,0.53,Normal,Yes
LB000001497,EQ00000574,2021-09-09,EP Gear Oil / Grease,Grease gun / centralized,1.49,Overdue,Yes
LB000001498,EQ00000574,2023-12-31,EP Gear Oil / Grease,Grease gun / centralized,2.85,Normal,Yes
LB000001499,EQ00000575,2026-04-27,Machine Oil / Grease,Manual,1.56,Early,Yes
LB000001500,EQ00000575,2021-11-19,Machine Oil / Grease,Manual,2.3,Normal,Yes
LB000001501,EQ00000575,2025-07-27,Machine Oil / Grease,Manual,2.49,Overdue,Yes
LB000001502,EQ00000576,2023-11-18,EP Gear Oil / Grease,Grease gun / centralized,2.19,Overdue,Yes
LB000001503,EQ00000577,2025-08-09,Wire Rope / Gear Grease,Manual,2.8,Overdue,Yes
LB000001504,EQ00000577,2025-04-23,Wire Rope / Gear Grease,Manual,0.81,Early,Yes
LB000001505,EQ00000577,2021-12-29,Wire Rope / Gear Grease,Manual,0.98,Normal,Yes
LB000001506,EQ00000577,2024-06-04,Wire Rope / Gear Grease,Manual,0.34,Overdue,Yes
LB000001507,EQ00000577,2023-12-24,Wire Rope / Gear Grease,Manual,1.56,Overdue,Yes
LB000001508,EQ00000578,2023-11-29,Bearing Grease,Manual,1.26,Normal,Yes
LB000001509,EQ00000579,2021-11-13,EP Gear Oil / Grease,Grease gun / centralized,3.36,Overdue,Yes
LB000001510,EQ00000579,2022-09-14,EP Gear Oil / Grease,Grease gun / centralized,1.73,Overdue,Yes
LB000001511,EQ00000579,2023-04-28,EP Gear Oil / Grease,Grease gun / centralized,4.58,Normal,Yes
LB000001512,EQ00000579,2024-01-04,EP Gear Oil / Grease,Grease gun / centralized,1.46,Early,Yes
LB000001513,EQ00000579,2024-04-06,EP Gear Oil / Grease,Grease gun / centralized,2.25,Early,Yes
LB000001514,EQ00000579,2022-06-23,EP Gear Oil / Grease,Grease gun / centralized,1.9,Early,Yes
LB000001515,EQ00000580,2025-07-10,EP Gear Oil / Grease,Grease gun / centralized,4.38,Overdue,Yes
LB000001516,EQ00000580,2022-04-18,EP Gear Oil / Grease,Grease gun / centralized,3.69,Normal,Yes
LB000001517,EQ00000580,2021-11-21,EP Gear Oil / Grease,Grease gun / centralized,2.35,Normal,Yes
LB000001518,EQ00000581,2023-01-05,Wire Rope / Gear Grease,Manual,3.43,Overdue,Yes
LB000001519,EQ00000581,2024-09-23,Wire Rope / Gear Grease,Manual,1.77,Early,Yes
LB000001520,EQ00000581,2024-05-23,Wire Rope / Gear Grease,Manual,0.75,Early,Yes
LB000001521,EQ00000581,2024-10-24,Wire Rope / Gear Grease,Manual,3.78,Early,Yes
LB000001522,EQ00000581,2022-02-27,Wire Rope / Gear Grease,Manual,4.86,Early,Yes
LB000001523,EQ00000582,2026-05-26,Bearing Oil / Grease,Manual / auto-lube,3.53,Overdue,Yes
LB000001524,EQ00000582,2025-05-28,Bearing Oil / Grease,Manual / auto-lube,0.65,Early,Yes
LB000001525,EQ00000582,2024-11-08,Bearing Oil / Grease,Manual / auto-lube,0.39,Overdue,Yes
LB000001526,EQ00000582,2021-01-11,Bearing Oil / Grease,Manual / auto-lube,2.55,Overdue,Yes
LB000001527,EQ00000583,2023-10-27,Wire Rope / Gear Grease,Manual,3.81,Overdue,Yes
LB000001528,EQ00000584,2022-01-05,Wire Rope / Gear Grease,Manual,1.44,Early,Yes
LB000001529,EQ00000584,2021-07-26,Wire Rope / Gear Grease,Manual,4.13,Normal,Yes
LB000001530,EQ00000584,2025-03-10,Wire Rope / Gear Grease,Manual,4.41,Early,Yes
LB000001531,EQ00000584,2026-07-30,Wire Rope / Gear Grease,Manual,1.38,Early,Yes
LB000001532,EQ00000584,2023-11-07,Wire Rope / Gear Grease,Manual,0.66,Overdue,Yes
LB000001533,EQ00000585,2021-03-09,EP Gear Oil / Grease,Grease gun / centralized,0.82,Normal,Yes
LB000001534,EQ00000585,2024-10-23,EP Gear Oil / Grease,Grease gun / centralized,2.87,Early,Yes
LB000001535,EQ00000585,2021-07-24,EP Gear Oil / Grease,Grease gun / centralized,0.38,Early,Yes
LB000001536,EQ00000585,2026-01-19,EP Gear Oil / Grease,Grease gun / centralized,3.46,Overdue,Yes
LB000001537,EQ00000585,2022-08-15,EP Gear Oil / Grease,Grease gun / centralized,0.14,Normal,Yes
LB000001538,EQ00000586,2022-04-04,Wire Rope / Gear Grease,Manual,3.52,Normal,Yes
LB000001539,EQ00000586,2025-09-07,Wire Rope / Gear Grease,Manual,1.33,Normal,Yes
LB000001540,EQ00000586,2023-02-28,Wire Rope / Gear Grease,Manual,3.94,Normal,Yes
LB000001541,EQ00000586,2024-05-02,Wire Rope / Gear Grease,Manual,2.47,Overdue,Yes
LB000001542,EQ00000587,2021-08-10,Process/Mechanical Lubricant,Manual / automated,4.64,Overdue,Yes
LB000001543,EQ00000587,2024-02-01,Process/Mechanical Lubricant,Manual / automated,3.23,Overdue,Yes
LB000001544,EQ00000587,2021-05-31,Process/Mechanical Lubricant,Manual / automated,3.76,Early,Yes
LB000001545,EQ00000587,2021-04-09,Process/Mechanical Lubricant,Manual / automated,1.68,Early,Yes
LB000001546,EQ00000587,2022-02-14,Process/Mechanical Lubricant,Manual / automated,0.75,Early,Yes
LB000001547,EQ00000588,2025-06-30,Process/Mechanical Lubricant,Manual / automated,1.27,Normal,Yes
LB000001548,EQ00000590,2024-03-12,Bearing Grease,Manual,4.71,Early,Yes
LB000001549,EQ00000590,2023-02-02,Bearing Grease,Manual,3.24,Early,Yes
LB000001550,EQ00000590,2021-01-28,Bearing Grease,Manual,1.32,Normal,Yes
LB000001551,EQ00000590,2025-01-01,Bearing Grease,Manual,4.84,Overdue,Yes
LB000001552,EQ00000591,2021-08-21,EP Gear Oil / Grease,Grease gun / centralized,3.66,Early,Yes
LB000001553,EQ00000591,2024-05-14,EP Gear Oil / Grease,Grease gun / centralized,4.77,Overdue,Yes
LB000001554,EQ00000591,2025-07-02,EP Gear Oil / Grease,Grease gun / centralized,2.41,Normal,Yes
LB000001555,EQ00000591,2022-05-12,EP Gear Oil / Grease,Grease gun / centralized,3.08,Normal,Yes
LB000001556,EQ00000592,2025-12-20,Wire Rope / Gear Grease,Manual,3.46,Overdue,Yes
LB000001557,EQ00000592,2023-06-27,Wire Rope / Gear Grease,Manual,4.02,Overdue,Yes
LB000001558,EQ00000592,2024-10-30,Wire Rope / Gear Grease,Manual,4.65,Normal,Yes
LB000001559,EQ00000592,2022-01-22,Wire Rope / Gear Grease,Manual,4.2,Normal,Yes
LB000001560,EQ00000592,2026-03-18,Wire Rope / Gear Grease,Manual,3.63,Overdue,Yes
LB000001561,EQ00000592,2023-05-15,Wire Rope / Gear Grease,Manual,4.76,Normal,Yes
LB000001562,EQ00000593,2025-06-08,Bearing Grease,Manual,1.98,Overdue,Yes
LB000001563,EQ00000594,2024-02-26,EP Gear Oil / Grease,Grease gun / centralized,4.1,Overdue,Yes
LB000001564,EQ00000595,2022-04-21,EP Gear Oil / Grease,Grease gun / centralized,0.21,Normal,Yes
LB000001565,EQ00000598,2024-04-19,Process/Mechanical Lubricant,Manual / automated,4.68,Overdue,Yes
LB000001566,EQ00000598,2024-11-06,Process/Mechanical Lubricant,Manual / automated,1.74,Early,Yes
LB000001567,EQ00000598,2023-11-22,Process/Mechanical Lubricant,Manual / automated,0.26,Overdue,Yes
LB000001568,EQ00000598,2022-04-18,Process/Mechanical Lubricant,Manual / automated,2.68,Normal,Yes
LB000001569,EQ00000598,2026-08-04,Process/Mechanical Lubricant,Manual / automated,0.1,Early,Yes
LB000001570,EQ00000599,2026-04-08,Pump Bearing Grease,Manual,1.2,Early,Yes
LB000001571,EQ00000599,2024-03-02,Pump Bearing Grease,Manual,2.79,Early,Yes
LB000001572,EQ00000599,2022-12-01,Pump Bearing Grease,Manual,4.93,Early,Yes
LB000001573,EQ00000599,2024-06-12,Pump Bearing Grease,Manual,2.07,Early,Yes
LB000001574,EQ00000600,2024-03-19,Bearing Grease,Manual,3.45,Overdue,Yes
LB000001575,EQ00000600,2022-06-16,Bearing Grease,Manual,0.87,Early,Yes
LB000001576,EQ00000600,2026-01-05,Bearing Grease,Manual,3.86,Normal,Yes
LB000001577,EQ00000600,2025-11-25,Bearing Grease,Manual,4.21,Overdue,Yes
LB000001578,EQ00000600,2021-04-24,Bearing Grease,Manual,4.59,Early,Yes
LB000001579,EQ00000601,2024-12-09,EP Gear Oil / Grease,Grease gun / centralized,2.3,Normal,Yes
LB000001580,EQ00000601,2022-06-07,EP Gear Oil / Grease,Grease gun / centralized,3.38,Normal,Yes
LB000001581,EQ00000601,2021-10-01,EP Gear Oil / Grease,Grease gun / centralized,2.52,Early,Yes
LB000001582,EQ00000601,2025-07-15,EP Gear Oil / Grease,Grease gun / centralized,1.37,Early,Yes
LB000001583,EQ00000601,2022-05-29,EP Gear Oil / Grease,Grease gun / centralized,0.34,Overdue,Yes
LB000001584,EQ00000601,2022-04-13,EP Gear Oil / Grease,Grease gun / centralized,1.54,Normal,Yes
LB000001585,EQ00000602,2024-09-01,Bearing Grease,Manual,1.28,Normal,Yes
LB000001586,EQ00000602,2023-12-06,Bearing Grease,Manual,1.11,Overdue,Yes
LB000001587,EQ00000603,2022-05-06,EP Gear Oil / Grease,Grease gun / centralized,1.01,Overdue,Yes
LB000001588,EQ00000603,2021-07-31,EP Gear Oil / Grease,Grease gun / centralized,1.49,Normal,Yes
LB000001589,EQ00000603,2024-05-09,EP Gear Oil / Grease,Grease gun / centralized,3.08,Overdue,Yes
LB000001590,EQ00000605,2023-11-15,Bearing Grease,Manual,4.93,Overdue,Yes
LB000001591,EQ00000606,2025-12-17,Bearing Grease,Manual,4.15,Early,Yes
LB000001592,EQ00000606,2023-08-11,Bearing Grease,Manual,3.31,Overdue,Yes
LB000001593,EQ00000606,2026-02-15,Bearing Grease,Manual,2.22,Overdue,Yes
LB000001594,EQ00000607,2023-07-14,Wire Rope / Gear Grease,Manual,1.3,Overdue,Yes
LB000001595,EQ00000607,2026-02-17,Wire Rope / Gear Grease,Manual,0.78,Early,Yes
LB000001596,EQ00000607,2023-09-19,Wire Rope / Gear Grease,Manual,4.77,Overdue,Yes
LB000001597,EQ00000607,2024-12-13,Wire Rope / Gear Grease,Manual,1.2,Normal,Yes
LB000001598,EQ00000608,2023-11-18,Engine / Gear Lubricant,Workshop service,1.87,Overdue,Yes
LB000001599,EQ00000608,2023-06-19,Engine / Gear Lubricant,Workshop service,4.43,Overdue,Yes
LB000001600,EQ00000608,2021-06-04,Engine / Gear Lubricant,Workshop service,2.42,Normal,Yes
LB000001601,EQ00000608,2021-04-25,Engine / Gear Lubricant,Workshop service,3.01,Overdue,Yes
LB000001602,EQ00000608,2024-11-24,Engine / Gear Lubricant,Workshop service,2.57,Normal,Yes
LB000001603,EQ00000608,2024-08-05,Engine / Gear Lubricant,Workshop service,1.98,Overdue,Yes
LB000001604,EQ00000609,2026-04-05,Bearing Grease,Manual,3.78,Normal,Yes
LB000001605,EQ00000609,2022-03-13,Bearing Grease,Manual,3.42,Overdue,Yes
LB000001606,EQ00000611,2022-10-18,Engine / Gear Lubricant,Workshop service,0.22,Normal,Yes
LB000001607,EQ00000611,2021-04-06,Engine / Gear Lubricant,Workshop service,2.55,Early,Yes
LB000001608,EQ00000611,2025-03-22,Engine / Gear Lubricant,Workshop service,3.7,Early,Yes
LB000001609,EQ00000611,2026-05-28,Engine / Gear Lubricant,Workshop service,4.14,Normal,Yes
LB000001610,EQ00000611,2025-07-14,Engine / Gear Lubricant,Workshop service,2.38,Normal,Yes
LB000001611,EQ00000613,2026-07-22,Machine Oil / Grease,Manual,3.92,Overdue,Yes
LB000001612,EQ00000613,2022-12-08,Machine Oil / Grease,Manual,4.01,Early,Yes
LB000001613,EQ00000613,2026-05-22,Machine Oil / Grease,Manual,4.55,Normal,Yes
LB000001614,EQ00000613,2021-02-26,Machine Oil / Grease,Manual,1.25,Normal,Yes
LB000001615,EQ00000613,2023-08-22,Machine Oil / Grease,Manual,1.12,Early,Yes
LB000001616,EQ00000614,2024-07-08,Machine Oil / Grease,Manual,0.94,Normal,Yes
LB000001617,EQ00000614,2024-07-25,Machine Oil / Grease,Manual,4.55,Normal,Yes
LB000001618,EQ00000614,2021-08-12,Machine Oil / Grease,Manual,4.87,Early,Yes
LB000001619,EQ00000614,2022-06-07,Machine Oil / Grease,Manual,2.88,Overdue,Yes
LB000001620,EQ00000614,2025-10-19,Machine Oil / Grease,Manual,4.87,Normal,Yes
LB000001621,EQ00000615,2025-07-29,EP Gear Oil / Grease,Grease gun / centralized,2.34,Normal,Yes
LB000001622,EQ00000615,2025-06-10,EP Gear Oil / Grease,Grease gun / centralized,2.51,Normal,Yes
LB000001623,EQ00000615,2026-08-05,EP Gear Oil / Grease,Grease gun / centralized,3.21,Overdue,Yes
LB000001624,EQ00000617,2025-11-23,Bearing Oil / Grease,Manual / auto-lube,0.64,Overdue,Yes
LB000001625,EQ00000617,2026-05-08,Bearing Oil / Grease,Manual / auto-lube,2.41,Overdue,Yes
LB000001626,EQ00000618,2021-12-30,EP Gear Oil / Grease,Grease gun / centralized,0.51,Normal,Yes
LB000001627,EQ00000620,2022-11-23,EP Gear Oil / Grease,Grease gun / centralized,1.04,Normal,Yes
LB000001628,EQ00000620,2024-09-09,EP Gear Oil / Grease,Grease gun / centralized,3.79,Overdue,Yes
LB000001629,EQ00000620,2024-12-31,EP Gear Oil / Grease,Grease gun / centralized,1.97,Early,Yes
LB000001630,EQ00000621,2025-12-21,Pump Bearing Grease,Manual,3.17,Normal,Yes
LB000001631,EQ00000621,2025-04-10,Pump Bearing Grease,Manual,4.8,Early,Yes
LB000001632,EQ00000621,2021-11-30,Pump Bearing Grease,Manual,2.58,Normal,Yes
LB000001633,EQ00000622,2025-02-16,Process/Mechanical Lubricant,Manual / automated,3.8,Overdue,Yes
LB000001634,EQ00000622,2022-02-01,Process/Mechanical Lubricant,Manual / automated,3.44,Early,Yes
LB000001635,EQ00000623,2024-12-24,Machine Oil / Grease,Manual,2.05,Early,Yes
LB000001636,EQ00000623,2025-08-31,Machine Oil / Grease,Manual,2.43,Overdue,Yes
LB000001637,EQ00000623,2022-06-18,Machine Oil / Grease,Manual,1.31,Overdue,Yes
LB000001638,EQ00000624,2023-03-04,Bearing Oil / Grease,Manual / auto-lube,2.52,Early,Yes
LB000001639,EQ00000624,2024-07-11,Bearing Oil / Grease,Manual / auto-lube,4.26,Overdue,Yes
LB000001640,EQ00000624,2023-08-03,Bearing Oil / Grease,Manual / auto-lube,0.34,Overdue,Yes
LB000001641,EQ00000624,2022-09-23,Bearing Oil / Grease,Manual / auto-lube,3.75,Overdue,Yes
LB000001642,EQ00000624,2022-11-26,Bearing Oil / Grease,Manual / auto-lube,0.93,Overdue,Yes
LB000001643,EQ00000624,2026-01-12,Bearing Oil / Grease,Manual / auto-lube,2.38,Overdue,Yes
LB000001644,EQ00000625,2023-10-19,EP Gear Oil / Grease,Grease gun / centralized,3.2,Overdue,Yes
LB000001645,EQ00000625,2023-03-13,EP Gear Oil / Grease,Grease gun / centralized,4.91,Early,Yes
LB000001646,EQ00000625,2023-05-28,EP Gear Oil / Grease,Grease gun / centralized,2.95,Overdue,Yes
LB000001647,EQ00000625,2025-03-04,EP Gear Oil / Grease,Grease gun / centralized,0.63,Normal,Yes
LB000001648,EQ00000625,2025-12-09,EP Gear Oil / Grease,Grease gun / centralized,2.83,Early,Yes
LB000001649,EQ00000625,2021-04-27,EP Gear Oil / Grease,Grease gun / centralized,2.14,Normal,Yes
LB000001650,EQ00000627,2023-03-07,Machine Oil / Grease,Manual,4.18,Normal,Yes
LB000001651,EQ00000627,2021-07-24,Machine Oil / Grease,Manual,3.73,Early,Yes
LB000001652,EQ00000627,2026-02-04,Machine Oil / Grease,Manual,4.81,Normal,Yes
LB000001653,EQ00000628,2024-05-01,Process/Mechanical Lubricant,Manual / automated,1.3,Normal,Yes
LB000001654,EQ00000628,2021-06-12,Process/Mechanical Lubricant,Manual / automated,3.51,Normal,Yes
LB000001655,EQ00000628,2023-08-21,Process/Mechanical Lubricant,Manual / automated,3.92,Normal,Yes
LB000001656,EQ00000628,2026-04-10,Process/Mechanical Lubricant,Manual / automated,3.38,Early,Yes
LB000001657,EQ00000629,2026-03-27,Bearing Grease,Manual,4.42,Normal,Yes
LB000001658,EQ00000629,2026-04-19,Bearing Grease,Manual,3.39,Overdue,Yes
LB000001659,EQ00000629,2022-08-17,Bearing Grease,Manual,2.04,Early,Yes
LB000001660,EQ00000629,2025-03-14,Bearing Grease,Manual,4.55,Early,Yes
LB000001661,EQ00000629,2021-10-17,Bearing Grease,Manual,1.65,Normal,Yes
LB000001662,EQ00000629,2024-10-05,Bearing Grease,Manual,0.77,Overdue,Yes
LB000001663,EQ00000630,2024-06-09,Bearing Grease,Manual,2.21,Normal,Yes
LB000001664,EQ00000631,2021-06-08,Bearing Grease,Manual,2.71,Early,Yes
LB000001665,EQ00000631,2022-12-17,Bearing Grease,Manual,2.6,Normal,Yes
LB000001666,EQ00000632,2025-01-12,Bearing Oil / Grease,Manual / auto-lube,1.85,Early,Yes
LB000001667,EQ00000632,2024-06-14,Bearing Oil / Grease,Manual / auto-lube,3.11,Normal,Yes
LB000001668,EQ00000632,2024-08-21,Bearing Oil / Grease,Manual / auto-lube,2.25,Normal,Yes
LB000001669,EQ00000632,2026-05-12,Bearing Oil / Grease,Manual / auto-lube,2.33,Normal,Yes
LB000001670,EQ00000632,2023-11-01,Bearing Oil / Grease,Manual / auto-lube,4.65,Normal,Yes
LB000001671,EQ00000633,2022-03-20,Bearing Grease,Manual,1.87,Normal,Yes
LB000001672,EQ00000633,2022-06-16,Bearing Grease,Manual,1.78,Overdue,Yes
LB000001673,EQ00000633,2023-11-28,Bearing Grease,Manual,3.89,Early,Yes
LB000001674,EQ00000634,2022-04-21,Machine Oil / Grease,Manual,2.1,Normal,Yes
LB000001675,EQ00000634,2025-03-02,Machine Oil / Grease,Manual,4.39,Normal,Yes
LB000001676,EQ00000634,2022-03-03,Machine Oil / Grease,Manual,3.83,Overdue,Yes
LB000001677,EQ00000634,2025-08-06,Machine Oil / Grease,Manual,0.43,Early,Yes
LB000001678,EQ00000636,2021-11-09,Bearing Grease,Manual,0.8,Early,Yes
LB000001679,EQ00000636,2025-06-11,Bearing Grease,Manual,2.64,Normal,Yes
LB000001680,EQ00000637,2026-08-02,Process/Mechanical Lubricant,Manual / automated,3.73,Normal,Yes
LB000001681,EQ00000637,2025-02-02,Process/Mechanical Lubricant,Manual / automated,4.25,Overdue,Yes
LB000001682,EQ00000638,2022-08-12,Pump Bearing Grease,Manual,4.27,Normal,Yes
LB000001683,EQ00000638,2024-05-21,Pump Bearing Grease,Manual,2.2,Early,Yes
LB000001684,EQ00000638,2022-01-11,Pump Bearing Grease,Manual,3.55,Early,Yes
LB000001685,EQ00000638,2021-07-29,Pump Bearing Grease,Manual,3.69,Early,Yes
LB000001686,EQ00000639,2022-01-06,Bearing Grease,Manual,2.69,Early,Yes
LB000001687,EQ00000639,2026-02-21,Bearing Grease,Manual,3.5,Overdue,Yes
LB000001688,EQ00000639,2025-02-19,Bearing Grease,Manual,1.04,Overdue,Yes
LB000001689,EQ00000639,2026-03-15,Bearing Grease,Manual,4.16,Early,Yes
LB000001690,EQ00000639,2024-03-08,Bearing Grease,Manual,0.44,Overdue,Yes
LB000001691,EQ00000639,2023-03-12,Bearing Grease,Manual,2.3,Overdue,Yes
LB000001692,EQ00000640,2025-02-27,Machine Oil / Grease,Manual,4.27,Normal,Yes
LB000001693,EQ00000640,2025-08-07,Machine Oil / Grease,Manual,1.78,Normal,Yes
LB000001694,EQ00000640,2024-05-08,Machine Oil / Grease,Manual,2.63,Normal,Yes
LB000001695,EQ00000643,2025-12-18,Bearing Oil / Grease,Manual / auto-lube,3.56,Overdue,Yes
LB000001696,EQ00000643,2024-04-28,Bearing Oil / Grease,Manual / auto-lube,2.26,Early,Yes
LB000001697,EQ00000643,2024-05-30,Bearing Oil / Grease,Manual / auto-lube,2.57,Overdue,Yes
LB000001698,EQ00000643,2025-09-03,Bearing Oil / Grease,Manual / auto-lube,4.15,Normal,Yes
LB000001699,EQ00000643,2021-10-28,Bearing Oil / Grease,Manual / auto-lube,0.86,Early,Yes
LB000001700,EQ00000644,2025-09-17,EP Gear Oil / Grease,Grease gun / centralized,0.53,Normal,Yes
LB000001701,EQ00000644,2022-01-23,EP Gear Oil / Grease,Grease gun / centralized,4.23,Overdue,Yes
LB000001702,EQ00000644,2023-01-18,EP Gear Oil / Grease,Grease gun / centralized,0.58,Early,Yes
LB000001703,EQ00000644,2026-05-28,EP Gear Oil / Grease,Grease gun / centralized,1.74,Overdue,Yes
LB000001704,EQ00000644,2024-04-16,EP Gear Oil / Grease,Grease gun / centralized,2.95,Normal,Yes
LB000001705,EQ00000645,2021-03-18,EP Gear Oil / Grease,Grease gun / centralized,2.67,Early,Yes
LB000001706,EQ00000645,2021-11-22,EP Gear Oil / Grease,Grease gun / centralized,3.02,Overdue,Yes
LB000001707,EQ00000645,2025-01-17,EP Gear Oil / Grease,Grease gun / centralized,3.66,Overdue,Yes
LB000001708,EQ00000645,2023-10-15,EP Gear Oil / Grease,Grease gun / centralized,3.94,Normal,Yes
LB000001709,EQ00000646,2023-03-03,Machine Oil / Grease,Manual,1.02,Overdue,Yes
LB000001710,EQ00000646,2021-10-17,Machine Oil / Grease,Manual,1.29,Overdue,Yes
LB000001711,EQ00000648,2026-01-22,Engine / Gear Lubricant,Workshop service,4.74,Early,Yes
LB000001712,EQ00000649,2025-05-23,Bearing Grease,Manual,4.53,Normal,Yes
LB000001713,EQ00000649,2022-07-27,Bearing Grease,Manual,2.27,Normal,Yes
LB000001714,EQ00000649,2023-05-10,Bearing Grease,Manual,1.46,Early,Yes
LB000001715,EQ00000649,2021-03-15,Bearing Grease,Manual,4.46,Normal,Yes
LB000001716,EQ00000649,2025-04-20,Bearing Grease,Manual,3.12,Normal,Yes
LB000001717,EQ00000649,2022-12-03,Bearing Grease,Manual,2.97,Overdue,Yes
LB000001718,EQ00000650,2024-05-06,EP Gear Oil / Grease,Grease gun / centralized,3.39,Early,Yes
LB000001719,EQ00000650,2021-02-13,EP Gear Oil / Grease,Grease gun / centralized,4.84,Overdue,Yes
LB000001720,EQ00000651,2022-10-21,Machine Oil / Grease,Manual,4.52,Overdue,Yes
LB000001721,EQ00000651,2024-05-28,Machine Oil / Grease,Manual,0.17,Early,Yes
LB000001722,EQ00000651,2024-09-05,Machine Oil / Grease,Manual,1.64,Overdue,Yes
LB000001723,EQ00000651,2022-04-06,Machine Oil / Grease,Manual,2.27,Overdue,Yes
LB000001724,EQ00000652,2023-09-19,Machine Oil / Grease,Manual,3.54,Overdue,Yes
LB000001725,EQ00000652,2022-07-08,Machine Oil / Grease,Manual,1.92,Normal,Yes
LB000001726,EQ00000652,2021-11-09,Machine Oil / Grease,Manual,2.6,Normal,Yes
LB000001727,EQ00000652,2025-06-20,Machine Oil / Grease,Manual,1.92,Normal,Yes
LB000001728,EQ00000653,2026-07-16,Wire Rope / Gear Grease,Manual,4.2,Normal,Yes
LB000001729,EQ00000653,2021-01-31,Wire Rope / Gear Grease,Manual,3.14,Overdue,Yes
LB000001730,EQ00000654,2025-08-28,Bearing Oil / Grease,Manual / auto-lube,1.01,Normal,Yes
LB000001731,EQ00000654,2025-12-12,Bearing Oil / Grease,Manual / auto-lube,4.41,Normal,Yes
LB000001732,EQ00000655,2025-09-15,Bearing Oil / Grease,Manual / auto-lube,0.85,Normal,Yes
LB000001733,EQ00000655,2025-04-05,Bearing Oil / Grease,Manual / auto-lube,0.93,Overdue,Yes
LB000001734,EQ00000655,2026-01-20,Bearing Oil / Grease,Manual / auto-lube,4.99,Normal,Yes
LB000001735,EQ00000655,2025-09-11,Bearing Oil / Grease,Manual / auto-lube,4.78,Early,Yes
LB000001736,EQ00000656,2024-10-01,Wire Rope / Gear Grease,Manual,0.2,Overdue,Yes
LB000001737,EQ00000656,2024-10-05,Wire Rope / Gear Grease,Manual,4.96,Overdue,Yes
LB000001738,EQ00000656,2025-07-29,Wire Rope / Gear Grease,Manual,0.51,Overdue,Yes
LB000001739,EQ00000656,2021-02-07,Wire Rope / Gear Grease,Manual,4.84,Normal,Yes
LB000001740,EQ00000656,2025-01-19,Wire Rope / Gear Grease,Manual,1.7,Overdue,Yes
LB000001741,EQ00000656,2022-11-23,Wire Rope / Gear Grease,Manual,2.57,Normal,Yes
LB000001742,EQ00000657,2025-09-21,Engine / Gear Lubricant,Workshop service,2.38,Early,Yes
LB000001743,EQ00000657,2023-10-17,Engine / Gear Lubricant,Workshop service,2.32,Early,Yes
LB000001744,EQ00000657,2023-11-21,Engine / Gear Lubricant,Workshop service,0.6,Overdue,Yes
LB000001745,EQ00000657,2022-12-12,Engine / Gear Lubricant,Workshop service,2.29,Early,Yes
LB000001746,EQ00000657,2021-02-09,Engine / Gear Lubricant,Workshop service,1.43,Overdue,Yes
LB000001747,EQ00000658,2022-03-26,Bearing Grease,Manual,2.32,Normal,Yes
LB000001748,EQ00000658,2022-12-30,Bearing Grease,Manual,0.13,Early,Yes
LB000001749,EQ00000658,2022-05-24,Bearing Grease,Manual,2.45,Early,Yes
LB000001750,EQ00000658,2024-04-27,Bearing Grease,Manual,2.4,Normal,Yes
LB000001751,EQ00000658,2026-07-18,Bearing Grease,Manual,3.42,Normal,Yes
LB000001752,EQ00000659,2025-04-22,Process/Mechanical Lubricant,Manual / automated,2.46,Normal,Yes
LB000001753,EQ00000659,2026-01-22,Process/Mechanical Lubricant,Manual / automated,0.12,Overdue,Yes
LB000001754,EQ00000659,2022-10-08,Process/Mechanical Lubricant,Manual / automated,3.13,Early,Yes
LB000001755,EQ00000659,2024-12-23,Process/Mechanical Lubricant,Manual / automated,3.17,Overdue,Yes
LB000001756,EQ00000659,2024-01-19,Process/Mechanical Lubricant,Manual / automated,3.47,Normal,Yes
LB000001757,EQ00000659,2023-03-05,Process/Mechanical Lubricant,Manual / automated,0.57,Overdue,Yes
LB000001758,EQ00000660,2021-09-26,Engine / Gear Lubricant,Workshop service,3.13,Normal,Yes
LB000001759,EQ00000660,2025-09-27,Engine / Gear Lubricant,Workshop service,2.87,Early,Yes
LB000001760,EQ00000660,2021-06-17,Engine / Gear Lubricant,Workshop service,3.21,Overdue,Yes
LB000001761,EQ00000660,2022-08-07,Engine / Gear Lubricant,Workshop service,1.88,Early,Yes
LB000001762,EQ00000661,2022-02-28,Bearing Oil / Grease,Manual / auto-lube,2.16,Normal,Yes
LB000001763,EQ00000662,2023-10-19,Pump Bearing Grease,Manual,4.76,Overdue,Yes
LB000001764,EQ00000664,2022-05-10,Bearing Oil / Grease,Manual / auto-lube,0.36,Early,Yes
LB000001765,EQ00000665,2021-08-23,Process/Mechanical Lubricant,Manual / automated,0.34,Early,Yes
LB000001766,EQ00000665,2022-10-07,Process/Mechanical Lubricant,Manual / automated,2.35,Normal,Yes
LB000001767,EQ00000665,2022-01-10,Process/Mechanical Lubricant,Manual / automated,2.12,Early,Yes
LB000001768,EQ00000666,2022-10-25,Bearing Grease,Manual,1.21,Overdue,Yes
LB000001769,EQ00000666,2024-08-25,Bearing Grease,Manual,4.55,Overdue,Yes
LB000001770,EQ00000666,2022-01-16,Bearing Grease,Manual,0.93,Early,Yes
LB000001771,EQ00000666,2022-01-26,Bearing Grease,Manual,4.24,Overdue,Yes
LB000001772,EQ00000666,2025-11-12,Bearing Grease,Manual,4.1,Early,Yes
LB000001773,EQ00000667,2026-08-28,Bearing Grease,Manual,2.01,Normal,Yes
LB000001774,EQ00000667,2021-10-15,Bearing Grease,Manual,1.35,Early,Yes
LB000001775,EQ00000668,2023-09-07,Bearing Oil / Grease,Manual / auto-lube,2.13,Early,Yes
LB000001776,EQ00000669,2022-05-02,Wire Rope / Gear Grease,Manual,3.07,Normal,Yes
LB000001777,EQ00000669,2026-08-23,Wire Rope / Gear Grease,Manual,3.14,Normal,Yes
LB000001778,EQ00000669,2021-06-19,Wire Rope / Gear Grease,Manual,3.71,Early,Yes
LB000001779,EQ00000669,2021-03-26,Wire Rope / Gear Grease,Manual,2.81,Overdue,Yes
LB000001780,EQ00000670,2025-12-25,Pump Bearing Grease,Manual,4.08,Normal,Yes
LB000001781,EQ00000670,2022-06-01,Pump Bearing Grease,Manual,3.36,Overdue,Yes
LB000001782,EQ00000671,2023-01-06,Machine Oil / Grease,Manual,1.71,Overdue,Yes
LB000001783,EQ00000671,2021-06-08,Machine Oil / Grease,Manual,0.41,Early,Yes
LB000001784,EQ00000671,2024-11-23,Machine Oil / Grease,Manual,3.85,Early,Yes
LB000001785,EQ00000672,2024-05-24,Pump Bearing Grease,Manual,2.93,Overdue,Yes
LB000001786,EQ00000672,2024-10-02,Pump Bearing Grease,Manual,2.2,Normal,Yes
LB000001787,EQ00000672,2022-05-06,Pump Bearing Grease,Manual,2.28,Normal,Yes
LB000001788,EQ00000672,2025-01-26,Pump Bearing Grease,Manual,4.42,Early,Yes
LB000001789,EQ00000674,2022-05-15,Wire Rope / Gear Grease,Manual,5.0,Overdue,Yes
LB000001790,EQ00000674,2024-06-11,Wire Rope / Gear Grease,Manual,0.13,Normal,Yes
LB000001791,EQ00000674,2022-05-12,Wire Rope / Gear Grease,Manual,2.82,Early,Yes
LB000001792,EQ00000674,2021-11-27,Wire Rope / Gear Grease,Manual,1.59,Overdue,Yes
LB000001793,EQ00000674,2024-05-22,Wire Rope / Gear Grease,Manual,3.88,Normal,Yes
LB000001794,EQ00000674,2021-12-20,Wire Rope / Gear Grease,Manual,0.9,Overdue,Yes
LB000001795,EQ00000675,2023-01-19,EP Gear Oil / Grease,Grease gun / centralized,4.25,Overdue,Yes
LB000001796,EQ00000675,2025-12-06,EP Gear Oil / Grease,Grease gun / centralized,4.01,Overdue,Yes
LB000001797,EQ00000675,2021-06-14,EP Gear Oil / Grease,Grease gun / centralized,3.63,Overdue,Yes
LB000001798,EQ00000675,2026-06-23,EP Gear Oil / Grease,Grease gun / centralized,0.26,Overdue,Yes
LB000001799,EQ00000676,2021-10-12,Pump Bearing Grease,Manual,4.96,Early,Yes
LB000001800,EQ00000676,2022-05-08,Pump Bearing Grease,Manual,0.59,Normal,Yes
LB000001801,EQ00000676,2025-11-25,Pump Bearing Grease,Manual,4.37,Early,Yes
LB000001802,EQ00000678,2022-05-17,Process/Mechanical Lubricant,Manual / automated,2.24,Early,Yes
LB000001803,EQ00000678,2023-10-01,Process/Mechanical Lubricant,Manual / automated,3.51,Normal,Yes
LB000001804,EQ00000679,2025-07-06,Process/Mechanical Lubricant,Manual / automated,3.28,Early,Yes
LB000001805,EQ00000679,2026-01-09,Process/Mechanical Lubricant,Manual / automated,3.02,Early,Yes
LB000001806,EQ00000680,2022-08-19,EP Gear Oil / Grease,Grease gun / centralized,1.24,Overdue,Yes
LB000001807,EQ00000681,2022-04-05,Bearing Grease,Manual,3.15,Early,Yes
LB000001808,EQ00000681,2022-06-19,Bearing Grease,Manual,2.48,Early,Yes
LB000001809,EQ00000681,2024-11-22,Bearing Grease,Manual,3.23,Overdue,Yes
LB000001810,EQ00000682,2021-07-12,EP Gear Oil / Grease,Grease gun / centralized,3.41,Overdue,Yes
LB000001811,EQ00000683,2022-03-24,Process/Mechanical Lubricant,Manual / automated,3.04,Normal,Yes
LB000001812,EQ00000683,2024-09-11,Process/Mechanical Lubricant,Manual / automated,0.54,Normal,Yes
LB000001813,EQ00000683,2022-02-17,Process/Mechanical Lubricant,Manual / automated,0.23,Normal,Yes
LB000001814,EQ00000683,2021-04-20,Process/Mechanical Lubricant,Manual / automated,2.62,Early,Yes
LB000001815,EQ00000683,2026-08-09,Process/Mechanical Lubricant,Manual / automated,0.83,Normal,Yes
LB000001816,EQ00000683,2021-08-31,Process/Mechanical Lubricant,Manual / automated,4.05,Early,Yes
LB000001817,EQ00000684,2025-10-24,Bearing Grease,Manual,1.93,Early,Yes
LB000001818,EQ00000684,2021-11-12,Bearing Grease,Manual,2.78,Overdue,Yes
LB000001819,EQ00000684,2026-06-15,Bearing Grease,Manual,2.27,Normal,Yes
LB000001820,EQ00000684,2025-08-05,Bearing Grease,Manual,0.34,Early,Yes
LB000001821,EQ00000684,2021-11-29,Bearing Grease,Manual,0.62,Early,Yes
LB000001822,EQ00000685,2024-01-15,Wire Rope / Gear Grease,Manual,2.56,Normal,Yes
LB000001823,EQ00000685,2022-08-07,Wire Rope / Gear Grease,Manual,2.56,Normal,Yes
LB000001824,EQ00000685,2025-03-30,Wire Rope / Gear Grease,Manual,3.41,Early,Yes
LB000001825,EQ00000685,2022-09-05,Wire Rope / Gear Grease,Manual,0.79,Normal,Yes
LB000001826,EQ00000686,2024-02-03,EP Gear Oil / Grease,Grease gun / centralized,2.41,Overdue,Yes
LB000001827,EQ00000686,2026-05-23,EP Gear Oil / Grease,Grease gun / centralized,4.34,Early,Yes
LB000001828,EQ00000686,2024-10-09,EP Gear Oil / Grease,Grease gun / centralized,0.47,Normal,Yes
LB000001829,EQ00000686,2021-10-07,EP Gear Oil / Grease,Grease gun / centralized,1.18,Early,Yes
LB000001830,EQ00000686,2024-06-02,EP Gear Oil / Grease,Grease gun / centralized,0.19,Early,Yes
LB000001831,EQ00000687,2024-01-18,Wire Rope / Gear Grease,Manual,0.16,Normal,Yes
LB000001832,EQ00000687,2024-02-16,Wire Rope / Gear Grease,Manual,2.11,Overdue,Yes
LB000001833,EQ00000687,2024-05-23,Wire Rope / Gear Grease,Manual,3.51,Overdue,Yes
LB000001834,EQ00000687,2026-03-12,Wire Rope / Gear Grease,Manual,1.11,Early,Yes
LB000001835,EQ00000687,2024-07-20,Wire Rope / Gear Grease,Manual,4.12,Overdue,Yes
LB000001836,EQ00000688,2022-10-26,Process/Mechanical Lubricant,Manual / automated,3.56,Early,Yes
LB000001837,EQ00000688,2021-10-23,Process/Mechanical Lubricant,Manual / automated,0.44,Normal,Yes
LB000001838,EQ00000688,2026-08-10,Process/Mechanical Lubricant,Manual / automated,4.63,Normal,Yes
LB000001839,EQ00000689,2023-09-29,Machine Oil / Grease,Manual,4.25,Normal,Yes
LB000001840,EQ00000689,2024-07-20,Machine Oil / Grease,Manual,2.77,Early,Yes
LB000001841,EQ00000689,2026-01-22,Machine Oil / Grease,Manual,3.96,Overdue,Yes
LB000001842,EQ00000689,2024-10-04,Machine Oil / Grease,Manual,2.5,Early,Yes
LB000001843,EQ00000689,2025-02-15,Machine Oil / Grease,Manual,1.11,Normal,Yes
LB000001844,EQ00000689,2022-04-26,Machine Oil / Grease,Manual,2.71,Early,Yes
LB000001845,EQ00000690,2022-07-20,EP Gear Oil / Grease,Grease gun / centralized,4.35,Early,Yes
LB000001846,EQ00000690,2024-03-08,EP Gear Oil / Grease,Grease gun / centralized,0.88,Overdue,Yes
LB000001847,EQ00000690,2026-02-23,EP Gear Oil / Grease,Grease gun / centralized,3.48,Normal,Yes
LB000001848,EQ00000691,2021-02-21,EP Gear Oil / Grease,Grease gun / centralized,3.34,Normal,Yes
LB000001849,EQ00000692,2026-05-03,Bearing Grease,Manual,1.27,Overdue,Yes
LB000001850,EQ00000692,2026-02-14,Bearing Grease,Manual,2.2,Overdue,Yes
LB000001851,EQ00000692,2023-06-18,Bearing Grease,Manual,5.0,Overdue,Yes
LB000001852,EQ00000692,2024-10-28,Bearing Grease,Manual,3.64,Overdue,Yes
LB000001853,EQ00000693,2025-02-07,EP Gear Oil / Grease,Grease gun / centralized,4.73,Early,Yes
LB000001854,EQ00000693,2024-04-20,EP Gear Oil / Grease,Grease gun / centralized,2.55,Normal,Yes
LB000001855,EQ00000693,2021-10-15,EP Gear Oil / Grease,Grease gun / centralized,4.49,Early,Yes
LB000001856,EQ00000693,2025-03-01,EP Gear Oil / Grease,Grease gun / centralized,3.06,Overdue,Yes
LB000001857,EQ00000693,2024-12-29,EP Gear Oil / Grease,Grease gun / centralized,4.35,Overdue,Yes
LB000001858,EQ00000694,2024-06-12,Machine Oil / Grease,Manual,2.72,Normal,Yes
LB000001859,EQ00000694,2022-08-06,Machine Oil / Grease,Manual,1.13,Normal,Yes
LB000001860,EQ00000694,2025-04-04,Machine Oil / Grease,Manual,3.05,Overdue,Yes
LB000001861,EQ00000695,2026-05-01,Wire Rope / Gear Grease,Manual,3.2,Early,Yes
LB000001862,EQ00000696,2023-01-08,Process/Mechanical Lubricant,Manual / automated,2.52,Normal,Yes
LB000001863,EQ00000696,2021-03-27,Process/Mechanical Lubricant,Manual / automated,2.65,Early,Yes
LB000001864,EQ00000696,2023-06-25,Process/Mechanical Lubricant,Manual / automated,4.56,Early,Yes
LB000001865,EQ00000696,2026-04-19,Process/Mechanical Lubricant,Manual / automated,1.46,Early,Yes
LB000001866,EQ00000697,2023-03-02,Pump Bearing Grease,Manual,3.58,Normal,Yes
LB000001867,EQ00000697,2025-12-31,Pump Bearing Grease,Manual,4.5,Overdue,Yes
LB000001868,EQ00000697,2022-06-06,Pump Bearing Grease,Manual,0.62,Early,Yes
LB000001869,EQ00000697,2026-03-10,Pump Bearing Grease,Manual,3.28,Normal,Yes
LB000001870,EQ00000697,2025-08-01,Pump Bearing Grease,Manual,3.17,Early,Yes
LB000001871,EQ00000697,2023-07-12,Pump Bearing Grease,Manual,2.6,Overdue,Yes
LB000001872,EQ00000699,2023-01-16,Pump Bearing Grease,Manual,2.4,Early,Yes
LB000001873,EQ00000699,2022-11-14,Pump Bearing Grease,Manual,3.7,Normal,Yes
LB000001874,EQ00000701,2026-07-27,EP Gear Oil / Grease,Grease gun / centralized,3.64,Normal,Yes
LB000001875,EQ00000701,2021-02-04,EP Gear Oil / Grease,Grease gun / centralized,0.84,Overdue,Yes
LB000001876,EQ00000701,2021-01-21,EP Gear Oil / Grease,Grease gun / centralized,0.78,Normal,Yes
LB000001877,EQ00000701,2022-01-19,EP Gear Oil / Grease,Grease gun / centralized,1.68,Early,Yes
LB000001878,EQ00000702,2025-11-25,Process/Mechanical Lubricant,Manual / automated,1.32,Overdue,Yes
LB000001879,EQ00000702,2021-08-08,Process/Mechanical Lubricant,Manual / automated,2.0,Overdue,Yes
LB000001880,EQ00000702,2025-08-04,Process/Mechanical Lubricant,Manual / automated,4.55,Early,Yes
LB000001881,EQ00000703,2021-05-25,Bearing Oil / Grease,Manual / auto-lube,2.05,Early,Yes
LB000001882,EQ00000703,2026-02-13,Bearing Oil / Grease,Manual / auto-lube,3.73,Early,Yes
LB000001883,EQ00000706,2022-12-10,Engine / Gear Lubricant,Workshop service,3.2,Early,Yes
LB000001884,EQ00000706,2024-04-19,Engine / Gear Lubricant,Workshop service,1.22,Overdue,Yes
LB000001885,EQ00000706,2025-09-30,Engine / Gear Lubricant,Workshop service,3.6,Normal,Yes
LB000001886,EQ00000706,2024-09-23,Engine / Gear Lubricant,Workshop service,2.69,Normal,Yes
LB000001887,EQ00000706,2026-01-23,Engine / Gear Lubricant,Workshop service,0.79,Normal,Yes
LB000001888,EQ00000706,2023-05-25,Engine / Gear Lubricant,Workshop service,0.94,Overdue,Yes
LB000001889,EQ00000707,2022-09-14,EP Gear Oil / Grease,Grease gun / centralized,0.57,Overdue,Yes
LB000001890,EQ00000708,2025-04-28,Pump Bearing Grease,Manual,4.8,Normal,Yes
LB000001891,EQ00000708,2024-08-09,Pump Bearing Grease,Manual,1.45,Normal,Yes
LB000001892,EQ00000708,2024-09-22,Pump Bearing Grease,Manual,4.22,Overdue,Yes
LB000001893,EQ00000708,2022-01-31,Pump Bearing Grease,Manual,0.51,Early,Yes
LB000001894,EQ00000708,2023-07-13,Pump Bearing Grease,Manual,3.42,Normal,Yes
LB000001895,EQ00000709,2022-10-21,Bearing Grease,Manual,4.13,Early,Yes
LB000001896,EQ00000709,2025-09-07,Bearing Grease,Manual,2.08,Overdue,Yes
LB000001897,EQ00000709,2022-10-15,Bearing Grease,Manual,1.7,Normal,Yes
LB000001898,EQ00000710,2021-05-10,Bearing Oil / Grease,Manual / auto-lube,2.01,Early,Yes
LB000001899,EQ00000710,2024-06-11,Bearing Oil / Grease,Manual / auto-lube,3.04,Normal,Yes
LB000001900,EQ00000710,2021-09-21,Bearing Oil / Grease,Manual / auto-lube,4.24,Normal,Yes
LB000001901,EQ00000710,2025-03-11,Bearing Oil / Grease,Manual / auto-lube,3.1,Overdue,Yes
LB000001902,EQ00000710,2023-08-27,Bearing Oil / Grease,Manual / auto-lube,3.15,Normal,Yes
LB000001903,EQ00000712,2022-10-22,Process/Mechanical Lubricant,Manual / automated,3.38,Normal,Yes
LB000001904,EQ00000712,2025-08-07,Process/Mechanical Lubricant,Manual / automated,0.22,Early,Yes
LB000001905,EQ00000712,2024-04-25,Process/Mechanical Lubricant,Manual / automated,1.21,Normal,Yes
LB000001906,EQ00000713,2026-06-29,EP Gear Oil / Grease,Grease gun / centralized,0.72,Normal,Yes
LB000001907,EQ00000713,2022-07-29,EP Gear Oil / Grease,Grease gun / centralized,0.63,Early,Yes
LB000001908,EQ00000713,2023-06-29,EP Gear Oil / Grease,Grease gun / centralized,4.02,Overdue,Yes
LB000001909,EQ00000713,2024-05-30,EP Gear Oil / Grease,Grease gun / centralized,4.33,Early,Yes
LB000001910,EQ00000714,2024-02-08,Pump Bearing Grease,Manual,4.27,Overdue,Yes
LB000001911,EQ00000714,2023-10-09,Pump Bearing Grease,Manual,4.42,Normal,Yes
LB000001912,EQ00000715,2021-01-17,Bearing Oil / Grease,Manual / auto-lube,2.06,Normal,Yes
LB000001913,EQ00000715,2023-12-11,Bearing Oil / Grease,Manual / auto-lube,1.57,Early,Yes
LB000001914,EQ00000715,2023-11-28,Bearing Oil / Grease,Manual / auto-lube,2.09,Normal,Yes
LB000001915,EQ00000715,2023-04-03,Bearing Oil / Grease,Manual / auto-lube,0.55,Normal,Yes
LB000001916,EQ00000716,2022-11-17,Machine Oil / Grease,Manual,1.76,Early,Yes
LB000001917,EQ00000717,2024-04-19,EP Gear Oil / Grease,Grease gun / centralized,1.29,Normal,Yes
LB000001918,EQ00000717,2021-07-30,EP Gear Oil / Grease,Grease gun / centralized,1.11,Normal,Yes
LB000001919,EQ00000717,2023-02-20,EP Gear Oil / Grease,Grease gun / centralized,2.3,Overdue,Yes
LB000001920,EQ00000718,2024-05-15,Engine / Gear Lubricant,Workshop service,2.28,Normal,Yes
LB000001921,EQ00000718,2022-03-30,Engine / Gear Lubricant,Workshop service,1.24,Overdue,Yes
LB000001922,EQ00000718,2024-05-07,Engine / Gear Lubricant,Workshop service,1.96,Overdue,Yes
LB000001923,EQ00000718,2021-02-04,Engine / Gear Lubricant,Workshop service,2.51,Overdue,Yes
LB000001924,EQ00000718,2026-05-12,Engine / Gear Lubricant,Workshop service,3.75,Early,Yes
LB000001925,EQ00000719,2026-08-27,Pump Bearing Grease,Manual,1.99,Overdue,Yes
LB000001926,EQ00000719,2021-01-21,Pump Bearing Grease,Manual,4.02,Overdue,Yes
LB000001927,EQ00000720,2025-12-05,Bearing Oil / Grease,Manual / auto-lube,1.74,Early,Yes
LB000001928,EQ00000720,2026-03-10,Bearing Oil / Grease,Manual / auto-lube,3.28,Normal,Yes
LB000001929,EQ00000720,2023-05-18,Bearing Oil / Grease,Manual / auto-lube,4.25,Normal,Yes
LB000001930,EQ00000720,2023-10-22,Bearing Oil / Grease,Manual / auto-lube,2.79,Overdue,Yes
LB000001931,EQ00000720,2025-10-28,Bearing Oil / Grease,Manual / auto-lube,4.89,Normal,Yes
LB000001932,EQ00000722,2025-05-09,Pump Bearing Grease,Manual,4.07,Normal,Yes
LB000001933,EQ00000722,2024-09-15,Pump Bearing Grease,Manual,3.93,Early,Yes
LB000001934,EQ00000722,2023-03-26,Pump Bearing Grease,Manual,0.68,Normal,Yes
LB000001935,EQ00000722,2021-10-06,Pump Bearing Grease,Manual,3.92,Overdue,Yes
LB000001936,EQ00000724,2022-02-28,Machine Oil / Grease,Manual,2.41,Overdue,Yes
LB000001937,EQ00000724,2023-04-10,Machine Oil / Grease,Manual,4.17,Early,Yes
LB000001938,EQ00000724,2023-03-06,Machine Oil / Grease,Manual,4.63,Overdue,Yes
LB000001939,EQ00000724,2023-09-21,Machine Oil / Grease,Manual,0.22,Normal,Yes
LB000001940,EQ00000724,2022-02-02,Machine Oil / Grease,Manual,4.74,Normal,Yes
LB000001941,EQ00000726,2024-06-02,EP Gear Oil / Grease,Grease gun / centralized,2.21,Early,Yes
LB000001942,EQ00000726,2021-11-29,EP Gear Oil / Grease,Grease gun / centralized,1.07,Normal,Yes
LB000001943,EQ00000726,2021-08-11,EP Gear Oil / Grease,Grease gun / centralized,4.72,Overdue,Yes
LB000001944,EQ00000726,2026-02-24,EP Gear Oil / Grease,Grease gun / centralized,2.16,Normal,Yes
LB000001945,EQ00000727,2025-05-21,Wire Rope / Gear Grease,Manual,1.25,Overdue,Yes
LB000001946,EQ00000727,2026-06-15,Wire Rope / Gear Grease,Manual,2.13,Early,Yes
LB000001947,EQ00000727,2022-09-25,Wire Rope / Gear Grease,Manual,0.25,Overdue,Yes
LB000001948,EQ00000728,2022-12-22,Engine / Gear Lubricant,Workshop service,2.38,Normal,Yes
LB000001949,EQ00000729,2025-10-07,Pump Bearing Grease,Manual,4.94,Early,Yes
LB000001950,EQ00000729,2021-02-02,Pump Bearing Grease,Manual,0.56,Overdue,Yes
LB000001951,EQ00000729,2021-11-26,Pump Bearing Grease,Manual,0.16,Normal,Yes
LB000001952,EQ00000729,2021-09-07,Pump Bearing Grease,Manual,3.08,Overdue,Yes
LB000001953,EQ00000729,2023-04-13,Pump Bearing Grease,Manual,3.59,Early,Yes
LB000001954,EQ00000730,2025-11-01,EP Gear Oil / Grease,Grease gun / centralized,3.26,Normal,Yes
LB000001955,EQ00000731,2026-01-07,Engine / Gear Lubricant,Workshop service,1.31,Overdue,Yes
LB000001956,EQ00000731,2021-05-08,Engine / Gear Lubricant,Workshop service,0.27,Early,Yes
LB000001957,EQ00000733,2026-03-31,Wire Rope / Gear Grease,Manual,3.8,Early,Yes
LB000001958,EQ00000733,2022-07-20,Wire Rope / Gear Grease,Manual,0.93,Early,Yes
LB000001959,EQ00000735,2021-07-02,Wire Rope / Gear Grease,Manual,2.4,Early,Yes
LB000001960,EQ00000735,2021-08-23,Wire Rope / Gear Grease,Manual,0.73,Normal,Yes
LB000001961,EQ00000735,2022-11-25,Wire Rope / Gear Grease,Manual,0.8,Overdue,Yes
LB000001962,EQ00000737,2022-06-03,Pump Bearing Grease,Manual,3.94,Early,Yes
LB000001963,EQ00000737,2022-09-30,Pump Bearing Grease,Manual,2.76,Normal,Yes
LB000001964,EQ00000737,2021-09-26,Pump Bearing Grease,Manual,3.18,Overdue,Yes
LB000001965,EQ00000737,2025-06-21,Pump Bearing Grease,Manual,1.33,Normal,Yes
LB000001966,EQ00000738,2021-02-04,Bearing Grease,Manual,1.3,Early,Yes
LB000001967,EQ00000738,2023-08-14,Bearing Grease,Manual,3.75,Overdue,Yes
LB000001968,EQ00000738,2022-12-26,Bearing Grease,Manual,2.53,Overdue,Yes
LB000001969,EQ00000740,2021-12-22,EP Gear Oil / Grease,Grease gun / centralized,0.2,Normal,Yes
LB000001970,EQ00000740,2021-12-26,EP Gear Oil / Grease,Grease gun / centralized,2.33,Early,Yes
LB000001971,EQ00000740,2022-10-06,EP Gear Oil / Grease,Grease gun / centralized,3.9,Overdue,Yes
LB000001972,EQ00000740,2021-06-23,EP Gear Oil / Grease,Grease gun / centralized,1.93,Normal,Yes
LB000001973,EQ00000740,2025-02-28,EP Gear Oil / Grease,Grease gun / centralized,4.43,Normal,Yes
LB000001974,EQ00000740,2025-10-13,EP Gear Oil / Grease,Grease gun / centralized,3.78,Normal,Yes
LB000001975,EQ00000741,2025-02-14,EP Gear Oil / Grease,Grease gun / centralized,4.95,Overdue,Yes
LB000001976,EQ00000743,2026-02-24,EP Gear Oil / Grease,Grease gun / centralized,4.11,Normal,Yes
LB000001977,EQ00000743,2026-07-15,EP Gear Oil / Grease,Grease gun / centralized,1.77,Normal,Yes
LB000001978,EQ00000744,2022-01-08,Bearing Grease,Manual,0.93,Early,Yes
LB000001979,EQ00000744,2024-12-24,Bearing Grease,Manual,4.05,Normal,Yes
LB000001980,EQ00000746,2021-04-23,Machine Oil / Grease,Manual,4.55,Normal,Yes
LB000001981,EQ00000746,2022-10-11,Machine Oil / Grease,Manual,3.19,Overdue,Yes
LB000001982,EQ00000746,2021-02-18,Machine Oil / Grease,Manual,1.63,Early,Yes
LB000001983,EQ00000746,2024-07-11,Machine Oil / Grease,Manual,0.65,Normal,Yes
LB000001984,EQ00000747,2023-03-12,Pump Bearing Grease,Manual,1.81,Early,Yes
LB000001985,EQ00000747,2021-10-06,Pump Bearing Grease,Manual,3.51,Overdue,Yes
LB000001986,EQ00000747,2025-03-21,Pump Bearing Grease,Manual,0.49,Overdue,Yes
LB000001987,EQ00000748,2023-10-13,Process/Mechanical Lubricant,Manual / automated,4.48,Early,Yes
LB000001988,EQ00000748,2023-04-18,Process/Mechanical Lubricant,Manual / automated,1.61,Early,Yes
LB000001989,EQ00000748,2024-12-14,Process/Mechanical Lubricant,Manual / automated,4.79,Overdue,Yes
LB000001990,EQ00000748,2025-05-09,Process/Mechanical Lubricant,Manual / automated,3.59,Overdue,Yes
LB000001991,EQ00000748,2025-05-16,Process/Mechanical Lubricant,Manual / automated,2.42,Early,Yes
LB000001992,EQ00000749,2022-08-21,Process/Mechanical Lubricant,Manual / automated,3.37,Early,Yes
LB000001993,EQ00000749,2026-05-09,Process/Mechanical Lubricant,Manual / automated,0.38,Normal,Yes
LB000001994,EQ00000749,2025-01-10,Process/Mechanical Lubricant,Manual / automated,4.55,Overdue,Yes
LB000001995,EQ00000749,2024-02-20,Process/Mechanical Lubricant,Manual / automated,0.49,Overdue,Yes
LB000001996,EQ00000750,2021-05-16,Pump Bearing Grease,Manual,0.61,Early,Yes
LB000001997,EQ00000750,2021-01-10,Pump Bearing Grease,Manual,3.38,Early,Yes
LB000001998,EQ00000750,2023-02-10,Pump Bearing Grease,Manual,2.69,Normal,Yes
LB000001999,EQ00000751,2023-06-14,Machine Oil / Grease,Manual,3.86,Normal,Yes
LB000002000,EQ00000751,2023-11-29,Machine Oil / Grease,Manual,2.48,Overdue,Yes
LB000002001,EQ00000753,2022-02-13,Pump Bearing Grease,Manual,1.76,Normal,Yes
LB000002002,EQ00000755,2021-05-15,Wire Rope / Gear Grease,Manual,1.15,Overdue,Yes
LB000002003,EQ00000755,2026-06-01,Wire Rope / Gear Grease,Manual,2.0,Normal,Yes
LB000002004,EQ00000758,2022-11-11,Pump Bearing Grease,Manual,1.89,Normal,Yes
LB000002005,EQ00000758,2024-09-22,Pump Bearing Grease,Manual,4.48,Normal,Yes
LB000002006,EQ00000759,2021-07-16,Bearing Grease,Manual,3.96,Early,Yes
LB000002007,EQ00000759,2021-07-15,Bearing Grease,Manual,3.8,Early,Yes
LB000002008,EQ00000759,2021-08-12,Bearing Grease,Manual,1.84,Normal,Yes
LB000002009,EQ00000759,2021-02-23,Bearing Grease,Manual,2.15,Normal,Yes
LB000002010,EQ00000759,2023-09-29,Bearing Grease,Manual,0.34,Early,Yes
LB000002011,EQ00000759,2021-06-07,Bearing Grease,Manual,0.46,Early,Yes
LB000002012,EQ00000760,2023-05-27,Pump Bearing Grease,Manual,4.59,Overdue,Yes
LB000002013,EQ00000760,2021-07-15,Pump Bearing Grease,Manual,4.54,Early,Yes
LB000002014,EQ00000761,2026-03-16,Process/Mechanical Lubricant,Manual / automated,3.96,Normal,Yes
LB000002015,EQ00000761,2022-09-03,Process/Mechanical Lubricant,Manual / automated,1.04,Normal,Yes
LB000002016,EQ00000761,2021-08-20,Process/Mechanical Lubricant,Manual / automated,3.27,Normal,Yes
LB000002017,EQ00000762,2026-05-30,Wire Rope / Gear Grease,Manual,0.3,Overdue,Yes
LB000002018,EQ00000762,2023-10-22,Wire Rope / Gear Grease,Manual,2.62,Early,Yes
LB000002019,EQ00000762,2021-04-19,Wire Rope / Gear Grease,Manual,4.04,Normal,Yes
LB000002020,EQ00000762,2021-04-04,Wire Rope / Gear Grease,Manual,4.12,Normal,Yes
LB000002021,EQ00000762,2026-04-06,Wire Rope / Gear Grease,Manual,4.36,Overdue,Yes
LB000002022,EQ00000762,2022-02-06,Wire Rope / Gear Grease,Manual,2.32,Normal,Yes
LB000002023,EQ00000766,2022-05-27,Bearing Oil / Grease,Manual / auto-lube,2.99,Early,Yes
LB000002024,EQ00000766,2021-10-25,Bearing Oil / Grease,Manual / auto-lube,3.66,Early,Yes
LB000002025,EQ00000766,2026-08-31,Bearing Oil / Grease,Manual / auto-lube,3.84,Overdue,Yes
LB000002026,EQ00000767,2025-06-05,Engine / Gear Lubricant,Workshop service,4.81,Overdue,Yes
LB000002027,EQ00000767,2021-03-04,Engine / Gear Lubricant,Workshop service,1.39,Normal,Yes
LB000002028,EQ00000769,2025-09-03,Machine Oil / Grease,Manual,2.58,Normal,Yes
LB000002029,EQ00000769,2021-09-02,Machine Oil / Grease,Manual,0.2,Overdue,Yes
LB000002030,EQ00000769,2022-09-14,Machine Oil / Grease,Manual,3.91,Normal,Yes
LB000002031,EQ00000769,2025-11-09,Machine Oil / Grease,Manual,2.1,Early,Yes
LB000002032,EQ00000769,2026-06-29,Machine Oil / Grease,Manual,3.16,Overdue,Yes
LB000002033,EQ00000771,2024-06-19,Wire Rope / Gear Grease,Manual,2.56,Early,Yes
LB000002034,EQ00000771,2025-11-26,Wire Rope / Gear Grease,Manual,3.03,Early,Yes
LB000002035,EQ00000771,2023-07-26,Wire Rope / Gear Grease,Manual,0.12,Overdue,Yes
LB000002036,EQ00000771,2022-09-22,Wire Rope / Gear Grease,Manual,4.14,Overdue,Yes
LB000002037,EQ00000771,2021-02-26,Wire Rope / Gear Grease,Manual,4.03,Normal,Yes
LB000002038,EQ00000771,2024-03-24,Wire Rope / Gear Grease,Manual,4.98,Early,Yes
LB000002039,EQ00000773,2022-06-15,EP Gear Oil / Grease,Grease gun / centralized,3.09,Normal,Yes
LB000002040,EQ00000774,2022-03-06,Process/Mechanical Lubricant,Manual / automated,0.47,Overdue,Yes
LB000002041,EQ00000774,2025-09-04,Process/Mechanical Lubricant,Manual / automated,3.03,Overdue,Yes
LB000002042,EQ00000774,2024-08-31,Process/Mechanical Lubricant,Manual / automated,2.86,Early,Yes
LB000002043,EQ00000774,2024-01-14,Process/Mechanical Lubricant,Manual / automated,3.37,Early,Yes
LB000002044,EQ00000776,2025-11-21,Bearing Grease,Manual,0.66,Normal,Yes
LB000002045,EQ00000776,2025-08-15,Bearing Grease,Manual,4.7,Overdue,Yes
LB000002046,EQ00000776,2025-01-04,Bearing Grease,Manual,4.67,Overdue,Yes
LB000002047,EQ00000776,2021-06-10,Bearing Grease,Manual,4.2,Overdue,Yes
LB000002048,EQ00000776,2022-03-14,Bearing Grease,Manual,0.38,Normal,Yes
LB000002049,EQ00000776,2024-09-24,Bearing Grease,Manual,2.36,Overdue,Yes
LB000002050,EQ00000777,2023-03-06,Machine Oil / Grease,Manual,0.5,Early,Yes
LB000002051,EQ00000778,2021-10-20,Bearing Grease,Manual,2.78,Normal,Yes
LB000002052,EQ00000778,2022-10-13,Bearing Grease,Manual,3.83,Overdue,Yes
LB000002053,EQ00000778,2024-12-17,Bearing Grease,Manual,3.26,Overdue,Yes
LB000002054,EQ00000778,2024-06-07,Bearing Grease,Manual,3.02,Early,Yes
LB000002055,EQ00000778,2026-01-07,Bearing Grease,Manual,0.26,Normal,Yes
LB000002056,EQ00000779,2025-11-28,Pump Bearing Grease,Manual,2.04,Overdue,Yes
LB000002057,EQ00000779,2023-03-01,Pump Bearing Grease,Manual,4.29,Normal,Yes
LB000002058,EQ00000779,2024-11-16,Pump Bearing Grease,Manual,0.29,Overdue,Yes
LB000002059,EQ00000779,2025-05-31,Pump Bearing Grease,Manual,3.21,Normal,Yes
LB000002060,EQ00000779,2023-11-06,Pump Bearing Grease,Manual,0.48,Early,Yes
LB000002061,EQ00000780,2023-04-12,Process/Mechanical Lubricant,Manual / automated,0.94,Overdue,Yes
LB000002062,EQ00000780,2023-12-09,Process/Mechanical Lubricant,Manual / automated,2.42,Overdue,Yes
LB000002063,EQ00000780,2021-05-13,Process/Mechanical Lubricant,Manual / automated,2.49,Early,Yes
LB000002064,EQ00000780,2023-04-15,Process/Mechanical Lubricant,Manual / automated,2.28,Overdue,Yes
LB000002065,EQ00000780,2025-02-24,Process/Mechanical Lubricant,Manual / automated,2.87,Early,Yes
LB000002066,EQ00000781,2023-04-25,EP Gear Oil / Grease,Grease gun / centralized,3.66,Early,Yes
LB000002067,EQ00000781,2024-01-19,EP Gear Oil / Grease,Grease gun / centralized,2.87,Overdue,Yes
LB000002068,EQ00000781,2022-08-03,EP Gear Oil / Grease,Grease gun / centralized,0.86,Normal,Yes
LB000002069,EQ00000781,2024-05-10,EP Gear Oil / Grease,Grease gun / centralized,3.77,Overdue,Yes
LB000002070,EQ00000782,2023-11-16,Process/Mechanical Lubricant,Manual / automated,2.35,Overdue,Yes
LB000002071,EQ00000782,2021-02-08,Process/Mechanical Lubricant,Manual / automated,3.24,Normal,Yes
LB000002072,EQ00000782,2023-09-27,Process/Mechanical Lubricant,Manual / automated,1.65,Early,Yes
LB000002073,EQ00000782,2025-12-20,Process/Mechanical Lubricant,Manual / automated,4.66,Overdue,Yes
LB000002074,EQ00000783,2022-04-04,Process/Mechanical Lubricant,Manual / automated,2.23,Normal,Yes
LB000002075,EQ00000783,2024-08-10,Process/Mechanical Lubricant,Manual / automated,2.2,Overdue,Yes
LB000002076,EQ00000783,2023-02-10,Process/Mechanical Lubricant,Manual / automated,2.22,Normal,Yes
LB000002077,EQ00000784,2022-10-26,Bearing Grease,Manual,0.73,Overdue,Yes
LB000002078,EQ00000784,2023-05-02,Bearing Grease,Manual,0.25,Overdue,Yes
LB000002079,EQ00000784,2024-08-11,Bearing Grease,Manual,0.81,Early,Yes
LB000002080,EQ00000784,2024-05-22,Bearing Grease,Manual,0.35,Overdue,Yes
LB000002081,EQ00000784,2024-03-12,Bearing Grease,Manual,0.36,Overdue,Yes
LB000002082,EQ00000785,2025-01-21,Pump Bearing Grease,Manual,3.62,Normal,Yes
LB000002083,EQ00000785,2023-03-07,Pump Bearing Grease,Manual,1.66,Overdue,Yes
LB000002084,EQ00000786,2025-01-14,Process/Mechanical Lubricant,Manual / automated,3.99,Early,Yes
LB000002085,EQ00000786,2023-10-22,Process/Mechanical Lubricant,Manual / automated,1.6,Overdue,Yes
LB000002086,EQ00000786,2021-04-03,Process/Mechanical Lubricant,Manual / automated,0.31,Early,Yes
LB000002087,EQ00000786,2022-08-09,Process/Mechanical Lubricant,Manual / automated,4.46,Early,Yes
LB000002088,EQ00000786,2026-05-31,Process/Mechanical Lubricant,Manual / automated,1.32,Early,Yes
LB000002089,EQ00000786,2023-06-25,Process/Mechanical Lubricant,Manual / automated,0.68,Normal,Yes
LB000002090,EQ00000787,2022-01-14,Wire Rope / Gear Grease,Manual,2.66,Normal,Yes
LB000002091,EQ00000787,2022-05-20,Wire Rope / Gear Grease,Manual,0.49,Early,Yes
LB000002092,EQ00000787,2023-05-31,Wire Rope / Gear Grease,Manual,0.6,Overdue,Yes
LB000002093,EQ00000787,2025-12-10,Wire Rope / Gear Grease,Manual,0.1,Early,Yes
LB000002094,EQ00000787,2023-01-17,Wire Rope / Gear Grease,Manual,0.3,Overdue,Yes
LB000002095,EQ00000788,2026-01-22,Machine Oil / Grease,Manual,1.0,Normal,Yes
LB000002096,EQ00000788,2023-11-19,Machine Oil / Grease,Manual,2.33,Early,Yes
LB000002097,EQ00000788,2024-08-22,Machine Oil / Grease,Manual,0.89,Normal,Yes
LB000002098,EQ00000788,2025-10-27,Machine Oil / Grease,Manual,3.64,Overdue,Yes
LB000002099,EQ00000788,2022-02-24,Machine Oil / Grease,Manual,0.94,Overdue,Yes
LB000002100,EQ00000788,2021-11-30,Machine Oil / Grease,Manual,4.14,Early,Yes
LB000002101,EQ00000789,2026-08-23,Bearing Oil / Grease,Manual / auto-lube,1.27,Normal,Yes
LB000002102,EQ00000789,2023-12-03,Bearing Oil / Grease,Manual / auto-lube,3.15,Normal,Yes
LB000002103,EQ00000789,2024-05-24,Bearing Oil / Grease,Manual / auto-lube,4.96,Normal,Yes
LB000002104,EQ00000790,2023-03-08,EP Gear Oil / Grease,Grease gun / centralized,1.03,Overdue,Yes
LB000002105,EQ00000790,2026-01-18,EP Gear Oil / Grease,Grease gun / centralized,1.69,Overdue,Yes
LB000002106,EQ00000791,2022-09-11,EP Gear Oil / Grease,Grease gun / centralized,2.61,Overdue,Yes
LB000002107,EQ00000791,2024-02-19,EP Gear Oil / Grease,Grease gun / centralized,0.36,Normal,Yes
LB000002108,EQ00000791,2021-10-13,EP Gear Oil / Grease,Grease gun / centralized,2.39,Normal,Yes
LB000002109,EQ00000792,2025-02-18,Process/Mechanical Lubricant,Manual / automated,4.03,Normal,Yes
LB000002110,EQ00000792,2024-03-26,Process/Mechanical Lubricant,Manual / automated,1.18,Overdue,Yes
LB000002111,EQ00000792,2023-11-26,Process/Mechanical Lubricant,Manual / automated,1.85,Normal,Yes
LB000002112,EQ00000792,2023-06-07,Process/Mechanical Lubricant,Manual / automated,0.95,Normal,Yes
LB000002113,EQ00000792,2022-05-13,Process/Mechanical Lubricant,Manual / automated,4.86,Normal,Yes
LB000002114,EQ00000792,2023-09-01,Process/Mechanical Lubricant,Manual / automated,1.47,Overdue,Yes
LB000002115,EQ00000793,2025-05-19,Bearing Oil / Grease,Manual / auto-lube,0.37,Overdue,Yes
LB000002116,EQ00000794,2024-07-25,EP Gear Oil / Grease,Grease gun / centralized,0.41,Early,Yes
LB000002117,EQ00000795,2024-05-01,Process/Mechanical Lubricant,Manual / automated,1.36,Normal,Yes
LB000002118,EQ00000795,2021-04-23,Process/Mechanical Lubricant,Manual / automated,2.45,Overdue,Yes
LB000002119,EQ00000795,2026-08-02,Process/Mechanical Lubricant,Manual / automated,4.21,Overdue,Yes
LB000002120,EQ00000795,2025-05-26,Process/Mechanical Lubricant,Manual / automated,0.84,Normal,Yes
LB000002121,EQ00000795,2024-09-06,Process/Mechanical Lubricant,Manual / automated,2.13,Normal,Yes
LB000002122,EQ00000796,2024-10-06,Bearing Oil / Grease,Manual / auto-lube,3.41,Normal,Yes
LB000002123,EQ00000796,2021-11-29,Bearing Oil / Grease,Manual / auto-lube,3.07,Normal,Yes
LB000002124,EQ00000796,2023-02-01,Bearing Oil / Grease,Manual / auto-lube,2.52,Early,Yes
LB000002125,EQ00000796,2026-07-24,Bearing Oil / Grease,Manual / auto-lube,3.22,Normal,Yes
LB000002126,EQ00000796,2023-05-23,Bearing Oil / Grease,Manual / auto-lube,0.36,Normal,Yes
LB000002127,EQ00000798,2022-08-17,Bearing Grease,Manual,1.27,Normal,Yes
LB000002128,EQ00000798,2026-07-04,Bearing Grease,Manual,1.62,Overdue,Yes
LB000002129,EQ00000798,2022-11-30,Bearing Grease,Manual,1.8,Early,Yes
LB000002130,EQ00000798,2025-10-04,Bearing Grease,Manual,0.74,Overdue,Yes
LB000002131,EQ00000798,2025-07-07,Bearing Grease,Manual,1.23,Overdue,Yes
LB000002132,EQ00000798,2023-02-21,Bearing Grease,Manual,2.79,Normal,Yes
LB000002133,EQ00000800,2025-10-05,EP Gear Oil / Grease,Grease gun / centralized,0.5,Early,Yes
LB000002134,EQ00000803,2024-06-28,Process/Mechanical Lubricant,Manual / automated,4.49,Normal,Yes
LB000002135,EQ00000803,2024-01-09,Process/Mechanical Lubricant,Manual / automated,4.66,Normal,Yes
LB000002136,EQ00000804,2024-11-24,Process/Mechanical Lubricant,Manual / automated,3.56,Normal,Yes
LB000002137,EQ00000804,2021-02-08,Process/Mechanical Lubricant,Manual / automated,4.44,Early,Yes
LB000002138,EQ00000805,2021-08-21,Process/Mechanical Lubricant,Manual / automated,4.42,Overdue,Yes
LB000002139,EQ00000805,2024-10-14,Process/Mechanical Lubricant,Manual / automated,4.72,Normal,Yes
LB000002140,EQ00000805,2025-06-10,Process/Mechanical Lubricant,Manual / automated,3.87,Normal,Yes
LB000002141,EQ00000805,2024-04-24,Process/Mechanical Lubricant,Manual / automated,0.84,Early,Yes
LB000002142,EQ00000806,2026-06-28,EP Gear Oil / Grease,Grease gun / centralized,0.55,Normal,Yes
LB000002143,EQ00000806,2022-02-19,EP Gear Oil / Grease,Grease gun / centralized,1.93,Normal,Yes
LB000002144,EQ00000807,2026-04-04,Process/Mechanical Lubricant,Manual / automated,2.55,Normal,Yes
LB000002145,EQ00000807,2021-10-10,Process/Mechanical Lubricant,Manual / automated,3.47,Normal,Yes
LB000002146,EQ00000809,2025-02-09,Bearing Oil / Grease,Manual / auto-lube,4.97,Early,Yes
LB000002147,EQ00000809,2021-12-04,Bearing Oil / Grease,Manual / auto-lube,1.28,Overdue,Yes
LB000002148,EQ00000809,2023-05-08,Bearing Oil / Grease,Manual / auto-lube,4.96,Overdue,Yes
LB000002149,EQ00000811,2023-09-12,Bearing Grease,Manual,2.51,Normal,Yes
LB000002150,EQ00000811,2025-11-30,Bearing Grease,Manual,3.26,Early,Yes
LB000002151,EQ00000813,2025-02-23,Bearing Grease,Manual,0.89,Overdue,Yes
LB000002152,EQ00000813,2024-07-05,Bearing Grease,Manual,3.89,Normal,Yes
LB000002153,EQ00000813,2024-05-10,Bearing Grease,Manual,4.22,Overdue,Yes
LB000002154,EQ00000813,2021-04-28,Bearing Grease,Manual,0.74,Overdue,Yes
LB000002155,EQ00000813,2021-08-27,Bearing Grease,Manual,3.9,Overdue,Yes
LB000002156,EQ00000814,2023-08-15,Engine / Gear Lubricant,Workshop service,0.7,Overdue,Yes
LB000002157,EQ00000814,2025-12-08,Engine / Gear Lubricant,Workshop service,1.19,Normal,Yes
LB000002158,EQ00000814,2025-10-06,Engine / Gear Lubricant,Workshop service,4.89,Normal,Yes
LB000002159,EQ00000814,2022-11-02,Engine / Gear Lubricant,Workshop service,3.57,Early,Yes
LB000002160,EQ00000815,2024-11-04,Process/Mechanical Lubricant,Manual / automated,1.01,Early,Yes
LB000002161,EQ00000815,2021-05-26,Process/Mechanical Lubricant,Manual / automated,0.45,Normal,Yes
LB000002162,EQ00000815,2025-05-20,Process/Mechanical Lubricant,Manual / automated,2.39,Normal,Yes
LB000002163,EQ00000816,2024-06-15,Machine Oil / Grease,Manual,2.88,Normal,Yes
LB000002164,EQ00000816,2023-09-26,Machine Oil / Grease,Manual,4.79,Overdue,Yes
LB000002165,EQ00000816,2025-11-22,Machine Oil / Grease,Manual,4.15,Normal,Yes
LB000002166,EQ00000818,2026-08-28,EP Gear Oil / Grease,Grease gun / centralized,3.94,Early,Yes
LB000002167,EQ00000820,2026-03-29,EP Gear Oil / Grease,Grease gun / centralized,2.09,Overdue,Yes
LB000002168,EQ00000820,2023-12-22,EP Gear Oil / Grease,Grease gun / centralized,0.36,Overdue,Yes
LB000002169,EQ00000820,2026-08-13,EP Gear Oil / Grease,Grease gun / centralized,0.45,Normal,Yes
LB000002170,EQ00000823,2022-01-25,Bearing Grease,Manual,0.78,Overdue,Yes
LB000002171,EQ00000823,2021-09-02,Bearing Grease,Manual,1.79,Early,Yes
LB000002172,EQ00000823,2023-05-12,Bearing Grease,Manual,1.82,Overdue,Yes
LB000002173,EQ00000825,2024-03-24,Wire Rope / Gear Grease,Manual,1.93,Overdue,Yes
LB000002174,EQ00000825,2022-11-24,Wire Rope / Gear Grease,Manual,3.87,Normal,Yes
LB000002175,EQ00000825,2022-12-27,Wire Rope / Gear Grease,Manual,4.98,Normal,Yes
LB000002176,EQ00000825,2025-09-12,Wire Rope / Gear Grease,Manual,1.3,Normal,Yes
LB000002177,EQ00000826,2022-11-03,Pump Bearing Grease,Manual,3.36,Early,Yes
LB000002178,EQ00000826,2025-06-28,Pump Bearing Grease,Manual,0.76,Normal,Yes
LB000002179,EQ00000826,2023-11-20,Pump Bearing Grease,Manual,4.44,Normal,Yes
LB000002180,EQ00000826,2023-05-23,Pump Bearing Grease,Manual,1.24,Normal,Yes
LB000002181,EQ00000826,2022-03-26,Pump Bearing Grease,Manual,2.86,Overdue,Yes
LB000002182,EQ00000826,2021-11-21,Pump Bearing Grease,Manual,2.77,Normal,Yes
LB000002183,EQ00000827,2026-01-09,Bearing Grease,Manual,0.87,Normal,Yes
LB000002184,EQ00000828,2025-10-06,Machine Oil / Grease,Manual,4.68,Overdue,Yes
LB000002185,EQ00000828,2023-01-03,Machine Oil / Grease,Manual,1.8,Early,Yes
LB000002186,EQ00000828,2025-04-12,Machine Oil / Grease,Manual,1.6,Overdue,Yes
LB000002187,EQ00000828,2026-06-17,Machine Oil / Grease,Manual,1.87,Early,Yes
LB000002188,EQ00000828,2024-07-15,Machine Oil / Grease,Manual,0.62,Normal,Yes
LB000002189,EQ00000828,2026-01-03,Machine Oil / Grease,Manual,2.25,Early,Yes
LB000002190,EQ00000829,2025-08-11,Process/Mechanical Lubricant,Manual / automated,0.61,Early,Yes
LB000002191,EQ00000829,2025-06-26,Process/Mechanical Lubricant,Manual / automated,4.68,Normal,Yes
LB000002192,EQ00000829,2021-10-28,Process/Mechanical Lubricant,Manual / automated,0.25,Early,Yes
LB000002193,EQ00000829,2025-04-23,Process/Mechanical Lubricant,Manual / automated,4.1,Early,Yes
LB000002194,EQ00000829,2025-12-23,Process/Mechanical Lubricant,Manual / automated,4.23,Overdue,Yes
LB000002195,EQ00000829,2024-03-12,Process/Mechanical Lubricant,Manual / automated,3.57,Overdue,Yes
LB000002196,EQ00000830,2026-02-19,Wire Rope / Gear Grease,Manual,3.97,Overdue,Yes
LB000002197,EQ00000830,2025-03-23,Wire Rope / Gear Grease,Manual,2.41,Overdue,Yes
LB000002198,EQ00000830,2025-07-05,Wire Rope / Gear Grease,Manual,1.25,Early,Yes
LB000002199,EQ00000830,2022-03-03,Wire Rope / Gear Grease,Manual,3.74,Early,Yes
LB000002200,EQ00000830,2021-06-21,Wire Rope / Gear Grease,Manual,3.69,Overdue,Yes
LB000002201,EQ00000833,2021-12-19,Bearing Oil / Grease,Manual / auto-lube,3.81,Overdue,Yes
LB000002202,EQ00000833,2022-11-15,Bearing Oil / Grease,Manual / auto-lube,3.09,Normal,Yes
LB000002203,EQ00000834,2022-03-22,EP Gear Oil / Grease,Grease gun / centralized,4.62,Overdue,Yes
LB000002204,EQ00000834,2021-05-03,EP Gear Oil / Grease,Grease gun / centralized,2.71,Normal,Yes
LB000002205,EQ00000836,2021-07-03,Process/Mechanical Lubricant,Manual / automated,4.97,Overdue,Yes
LB000002206,EQ00000836,2025-02-24,Process/Mechanical Lubricant,Manual / automated,4.6,Normal,Yes
LB000002207,EQ00000838,2023-04-08,Bearing Grease,Manual,3.36,Early,Yes
LB000002208,EQ00000838,2021-09-03,Bearing Grease,Manual,2.67,Early,Yes
LB000002209,EQ00000838,2022-07-22,Bearing Grease,Manual,1.24,Normal,Yes
LB000002210,EQ00000840,2024-03-26,Bearing Grease,Manual,3.61,Early,Yes
LB000002211,EQ00000840,2026-07-18,Bearing Grease,Manual,0.74,Early,Yes
LB000002212,EQ00000840,2023-03-26,Bearing Grease,Manual,4.46,Overdue,Yes
LB000002213,EQ00000840,2022-08-02,Bearing Grease,Manual,0.94,Overdue,Yes
LB000002214,EQ00000840,2025-09-02,Bearing Grease,Manual,1.16,Early,Yes
LB000002215,EQ00000840,2026-02-15,Bearing Grease,Manual,3.64,Normal,Yes
LB000002216,EQ00000841,2025-12-26,EP Gear Oil / Grease,Grease gun / centralized,1.91,Early,Yes
LB000002217,EQ00000841,2021-11-28,EP Gear Oil / Grease,Grease gun / centralized,4.68,Overdue,Yes
LB000002218,EQ00000841,2022-03-02,EP Gear Oil / Grease,Grease gun / centralized,0.78,Early,Yes
LB000002219,EQ00000841,2022-03-04,EP Gear Oil / Grease,Grease gun / centralized,0.13,Normal,Yes
LB000002220,EQ00000841,2023-05-11,EP Gear Oil / Grease,Grease gun / centralized,3.11,Early,Yes
LB000002221,EQ00000842,2023-01-25,Pump Bearing Grease,Manual,0.97,Overdue,Yes
LB000002222,EQ00000843,2022-04-11,Process/Mechanical Lubricant,Manual / automated,1.88,Early,Yes
LB000002223,EQ00000843,2021-07-05,Process/Mechanical Lubricant,Manual / automated,3.13,Overdue,Yes
LB000002224,EQ00000843,2025-08-15,Process/Mechanical Lubricant,Manual / automated,0.91,Normal,Yes
LB000002225,EQ00000844,2023-04-13,Process/Mechanical Lubricant,Manual / automated,2.84,Normal,Yes
LB000002226,EQ00000844,2021-10-14,Process/Mechanical Lubricant,Manual / automated,1.87,Normal,Yes
LB000002227,EQ00000844,2025-02-13,Process/Mechanical Lubricant,Manual / automated,4.99,Overdue,Yes
LB000002228,EQ00000844,2022-04-28,Process/Mechanical Lubricant,Manual / automated,0.96,Normal,Yes
LB000002229,EQ00000844,2021-04-12,Process/Mechanical Lubricant,Manual / automated,0.27,Normal,Yes
LB000002230,EQ00000845,2023-10-11,Bearing Oil / Grease,Manual / auto-lube,3.44,Overdue,Yes
LB000002231,EQ00000845,2024-01-29,Bearing Oil / Grease,Manual / auto-lube,2.88,Early,Yes
LB000002232,EQ00000845,2024-02-27,Bearing Oil / Grease,Manual / auto-lube,4.55,Normal,Yes
LB000002233,EQ00000845,2026-06-04,Bearing Oil / Grease,Manual / auto-lube,1.82,Normal,Yes
LB000002234,EQ00000847,2022-01-07,Bearing Grease,Manual,4.51,Overdue,Yes
LB000002235,EQ00000848,2022-01-15,Bearing Grease,Manual,1.23,Early,Yes
LB000002236,EQ00000848,2024-09-02,Bearing Grease,Manual,3.11,Normal,Yes
LB000002237,EQ00000848,2026-04-21,Bearing Grease,Manual,3.47,Overdue,Yes
LB000002238,EQ00000848,2024-03-13,Bearing Grease,Manual,3.77,Normal,Yes
LB000002239,EQ00000848,2025-08-18,Bearing Grease,Manual,4.22,Early,Yes
LB000002240,EQ00000849,2026-05-03,Wire Rope / Gear Grease,Manual,4.61,Overdue,Yes
LB000002241,EQ00000849,2025-06-06,Wire Rope / Gear Grease,Manual,0.45,Overdue,Yes
LB000002242,EQ00000849,2026-08-30,Wire Rope / Gear Grease,Manual,1.7,Normal,Yes
LB000002243,EQ00000849,2025-11-23,Wire Rope / Gear Grease,Manual,4.2,Early,Yes
LB000002244,EQ00000850,2021-11-30,Bearing Grease,Manual,4.42,Early,Yes
LB000002245,EQ00000850,2023-04-24,Bearing Grease,Manual,0.47,Early,Yes
LB000002246,EQ00000850,2025-03-18,Bearing Grease,Manual,1.52,Normal,Yes
LB000002247,EQ00000850,2026-05-14,Bearing Grease,Manual,3.88,Normal,Yes
LB000002248,EQ00000850,2024-11-19,Bearing Grease,Manual,0.73,Normal,Yes
LB000002249,EQ00000851,2024-03-07,Bearing Grease,Manual,0.54,Overdue,Yes
LB000002250,EQ00000851,2023-04-25,Bearing Grease,Manual,4.86,Overdue,Yes
LB000002251,EQ00000851,2024-01-28,Bearing Grease,Manual,1.89,Normal,Yes
LB000002252,EQ00000851,2026-04-04,Bearing Grease,Manual,0.99,Normal,Yes
LB000002253,EQ00000851,2022-05-14,Bearing Grease,Manual,3.47,Normal,Yes
LB000002254,EQ00000852,2024-12-16,Pump Bearing Grease,Manual,2.22,Overdue,Yes
LB000002255,EQ00000852,2023-07-15,Pump Bearing Grease,Manual,3.15,Overdue,Yes
LB000002256,EQ00000852,2024-07-17,Pump Bearing Grease,Manual,0.56,Normal,Yes
LB000002257,EQ00000852,2021-10-13,Pump Bearing Grease,Manual,3.01,Early,Yes
LB000002258,EQ00000852,2024-11-05,Pump Bearing Grease,Manual,4.71,Overdue,Yes
LB000002259,EQ00000852,2024-09-10,Pump Bearing Grease,Manual,1.46,Normal,Yes
LB000002260,EQ00000853,2025-04-29,Pump Bearing Grease,Manual,4.54,Overdue,Yes
LB000002261,EQ00000853,2023-04-23,Pump Bearing Grease,Manual,1.13,Overdue,Yes
LB000002262,EQ00000853,2022-10-05,Pump Bearing Grease,Manual,1.96,Overdue,Yes
LB000002263,EQ00000856,2025-09-22,Process/Mechanical Lubricant,Manual / automated,4.34,Early,Yes
LB000002264,EQ00000856,2025-08-12,Process/Mechanical Lubricant,Manual / automated,3.47,Normal,Yes
LB000002265,EQ00000856,2026-05-22,Process/Mechanical Lubricant,Manual / automated,4.41,Overdue,Yes
LB000002266,EQ00000856,2024-06-06,Process/Mechanical Lubricant,Manual / automated,0.1,Overdue,Yes
LB000002267,EQ00000856,2025-02-17,Process/Mechanical Lubricant,Manual / automated,4.19,Early,Yes
LB000002268,EQ00000857,2023-09-07,Process/Mechanical Lubricant,Manual / automated,4.94,Early,Yes
LB000002269,EQ00000857,2024-08-12,Process/Mechanical Lubricant,Manual / automated,0.27,Early,Yes
LB000002270,EQ00000857,2026-06-17,Process/Mechanical Lubricant,Manual / automated,3.3,Normal,Yes
LB000002271,EQ00000858,2023-09-21,Wire Rope / Gear Grease,Manual,4.14,Early,Yes
LB000002272,EQ00000858,2025-06-10,Wire Rope / Gear Grease,Manual,3.63,Normal,Yes
LB000002273,EQ00000858,2023-01-28,Wire Rope / Gear Grease,Manual,1.82,Early,Yes
LB000002274,EQ00000858,2021-10-30,Wire Rope / Gear Grease,Manual,0.3,Overdue,Yes
LB000002275,EQ00000858,2026-03-27,Wire Rope / Gear Grease,Manual,3.58,Early,Yes
LB000002276,EQ00000859,2025-07-29,Process/Mechanical Lubricant,Manual / automated,4.04,Normal,Yes
LB000002277,EQ00000861,2022-06-04,Wire Rope / Gear Grease,Manual,3.76,Early,Yes
LB000002278,EQ00000861,2025-03-18,Wire Rope / Gear Grease,Manual,2.75,Early,Yes
LB000002279,EQ00000861,2025-06-08,Wire Rope / Gear Grease,Manual,1.1,Overdue,Yes
LB000002280,EQ00000861,2021-12-31,Wire Rope / Gear Grease,Manual,1.35,Normal,Yes
LB000002281,EQ00000861,2021-07-13,Wire Rope / Gear Grease,Manual,4.56,Normal,Yes
LB000002282,EQ00000861,2024-06-18,Wire Rope / Gear Grease,Manual,1.83,Overdue,Yes
LB000002283,EQ00000862,2024-01-02,Machine Oil / Grease,Manual,1.05,Normal,Yes
LB000002284,EQ00000865,2022-11-29,Engine / Gear Lubricant,Workshop service,4.62,Normal,Yes
LB000002285,EQ00000867,2022-12-27,Pump Bearing Grease,Manual,2.99,Early,Yes
LB000002286,EQ00000867,2026-02-11,Pump Bearing Grease,Manual,2.96,Early,Yes
LB000002287,EQ00000867,2022-09-19,Pump Bearing Grease,Manual,1.75,Normal,Yes
LB000002288,EQ00000868,2025-08-26,Pump Bearing Grease,Manual,2.77,Overdue,Yes
LB000002289,EQ00000869,2025-09-01,EP Gear Oil / Grease,Grease gun / centralized,1.91,Normal,Yes
LB000002290,EQ00000869,2026-08-20,EP Gear Oil / Grease,Grease gun / centralized,2.18,Overdue,Yes
LB000002291,EQ00000871,2022-03-23,Bearing Grease,Manual,0.71,Overdue,Yes
LB000002292,EQ00000871,2023-03-27,Bearing Grease,Manual,1.17,Normal,Yes
LB000002293,EQ00000871,2023-02-19,Bearing Grease,Manual,1.85,Early,Yes
LB000002294,EQ00000871,2023-04-01,Bearing Grease,Manual,4.96,Early,Yes
LB000002295,EQ00000871,2022-03-28,Bearing Grease,Manual,4.84,Overdue,Yes
LB000002296,EQ00000873,2024-11-04,EP Gear Oil / Grease,Grease gun / centralized,1.19,Early,Yes
LB000002297,EQ00000873,2025-05-02,EP Gear Oil / Grease,Grease gun / centralized,3.66,Overdue,Yes
LB000002298,EQ00000873,2023-06-30,EP Gear Oil / Grease,Grease gun / centralized,4.25,Normal,Yes
LB000002299,EQ00000873,2021-08-01,EP Gear Oil / Grease,Grease gun / centralized,4.57,Overdue,Yes
LB000002300,EQ00000874,2025-11-29,EP Gear Oil / Grease,Grease gun / centralized,4.3,Overdue,Yes
LB000002301,EQ00000874,2023-01-11,EP Gear Oil / Grease,Grease gun / centralized,1.7,Early,Yes
LB000002302,EQ00000875,2024-06-09,EP Gear Oil / Grease,Grease gun / centralized,2.96,Early,Yes
LB000002303,EQ00000876,2023-03-23,Process/Mechanical Lubricant,Manual / automated,3.39,Early,Yes
LB000002304,EQ00000876,2021-05-12,Process/Mechanical Lubricant,Manual / automated,2.44,Normal,Yes
LB000002305,EQ00000876,2026-06-22,Process/Mechanical Lubricant,Manual / automated,0.61,Early,Yes
LB000002306,EQ00000876,2024-07-23,Process/Mechanical Lubricant,Manual / automated,0.65,Normal,Yes
LB000002307,EQ00000876,2023-11-10,Process/Mechanical Lubricant,Manual / automated,0.29,Early,Yes
LB000002308,EQ00000877,2022-05-29,Bearing Oil / Grease,Manual / auto-lube,1.82,Overdue,Yes
LB000002309,EQ00000877,2021-09-23,Bearing Oil / Grease,Manual / auto-lube,3.24,Overdue,Yes
LB000002310,EQ00000877,2024-06-10,Bearing Oil / Grease,Manual / auto-lube,4.29,Overdue,Yes
LB000002311,EQ00000878,2021-11-29,Process/Mechanical Lubricant,Manual / automated,1.6,Overdue,Yes
LB000002312,EQ00000878,2026-03-08,Process/Mechanical Lubricant,Manual / automated,2.37,Overdue,Yes
LB000002313,EQ00000881,2021-02-03,Pump Bearing Grease,Manual,4.0,Early,Yes
LB000002314,EQ00000881,2025-07-07,Pump Bearing Grease,Manual,4.45,Normal,Yes
LB000002315,EQ00000881,2026-04-07,Pump Bearing Grease,Manual,3.17,Normal,Yes
LB000002316,EQ00000881,2022-03-31,Pump Bearing Grease,Manual,3.24,Early,Yes
LB000002317,EQ00000882,2024-04-16,Bearing Grease,Manual,0.67,Early,Yes
LB000002318,EQ00000882,2025-07-28,Bearing Grease,Manual,2.56,Overdue,Yes
LB000002319,EQ00000882,2023-02-12,Bearing Grease,Manual,4.98,Early,Yes
LB000002320,EQ00000882,2024-03-20,Bearing Grease,Manual,0.1,Normal,Yes
LB000002321,EQ00000882,2025-09-13,Bearing Grease,Manual,1.42,Overdue,Yes
LB000002322,EQ00000883,2026-01-26,Engine / Gear Lubricant,Workshop service,2.83,Normal,Yes
LB000002323,EQ00000883,2025-08-17,Engine / Gear Lubricant,Workshop service,1.1,Early,Yes
LB000002324,EQ00000883,2023-04-29,Engine / Gear Lubricant,Workshop service,2.2,Overdue,Yes
LB000002325,EQ00000883,2024-10-01,Engine / Gear Lubricant,Workshop service,1.97,Overdue,Yes
LB000002326,EQ00000883,2023-09-29,Engine / Gear Lubricant,Workshop service,4.72,Early,Yes
LB000002327,EQ00000884,2023-04-15,EP Gear Oil / Grease,Grease gun / centralized,2.91,Overdue,Yes
LB000002328,EQ00000884,2023-11-07,EP Gear Oil / Grease,Grease gun / centralized,0.34,Early,Yes
LB000002329,EQ00000885,2024-05-15,Bearing Oil / Grease,Manual / auto-lube,0.25,Early,Yes
LB000002330,EQ00000885,2025-12-01,Bearing Oil / Grease,Manual / auto-lube,2.31,Normal,Yes
LB000002331,EQ00000885,2023-04-02,Bearing Oil / Grease,Manual / auto-lube,1.71,Normal,Yes
LB000002332,EQ00000885,2025-03-13,Bearing Oil / Grease,Manual / auto-lube,0.66,Normal,Yes
LB000002333,EQ00000886,2025-08-19,Bearing Grease,Manual,2.36,Normal,Yes
LB000002334,EQ00000887,2023-09-11,Pump Bearing Grease,Manual,2.43,Normal,Yes
LB000002335,EQ00000887,2024-04-06,Pump Bearing Grease,Manual,4.43,Overdue,Yes
LB000002336,EQ00000887,2021-10-11,Pump Bearing Grease,Manual,3.82,Normal,Yes
LB000002337,EQ00000888,2023-12-13,Wire Rope / Gear Grease,Manual,3.13,Normal,Yes
LB000002338,EQ00000888,2022-05-24,Wire Rope / Gear Grease,Manual,0.32,Overdue,Yes
LB000002339,EQ00000888,2025-02-09,Wire Rope / Gear Grease,Manual,2.5,Normal,Yes
LB000002340,EQ00000888,2023-05-10,Wire Rope / Gear Grease,Manual,4.51,Overdue,Yes
LB000002341,EQ00000888,2023-09-29,Wire Rope / Gear Grease,Manual,1.56,Overdue,Yes
LB000002342,EQ00000889,2024-08-10,Bearing Oil / Grease,Manual / auto-lube,2.75,Early,Yes
LB000002343,EQ00000889,2026-02-16,Bearing Oil / Grease,Manual / auto-lube,0.63,Early,Yes
LB000002344,EQ00000889,2025-11-20,Bearing Oil / Grease,Manual / auto-lube,0.42,Early,Yes
LB000002345,EQ00000889,2023-05-01,Bearing Oil / Grease,Manual / auto-lube,2.16,Early,Yes
LB000002346,EQ00000889,2022-10-08,Bearing Oil / Grease,Manual / auto-lube,4.86,Normal,Yes
LB000002347,EQ00000889,2023-06-15,Bearing Oil / Grease,Manual / auto-lube,4.03,Early,Yes
LB000002348,EQ00000892,2024-10-19,Engine / Gear Lubricant,Workshop service,3.9,Early,Yes
LB000002349,EQ00000892,2024-06-04,Engine / Gear Lubricant,Workshop service,2.01,Normal,Yes
LB000002350,EQ00000892,2024-05-11,Engine / Gear Lubricant,Workshop service,1.6,Normal,Yes
LB000002351,EQ00000892,2024-12-25,Engine / Gear Lubricant,Workshop service,0.55,Early,Yes
LB000002352,EQ00000892,2021-11-02,Engine / Gear Lubricant,Workshop service,2.56,Early,Yes
LB000002353,EQ00000893,2024-11-13,Wire Rope / Gear Grease,Manual,3.72,Normal,Yes
LB000002354,EQ00000893,2023-05-24,Wire Rope / Gear Grease,Manual,3.9,Overdue,Yes
LB000002355,EQ00000893,2025-11-13,Wire Rope / Gear Grease,Manual,4.18,Early,Yes
LB000002356,EQ00000893,2022-10-01,Wire Rope / Gear Grease,Manual,3.46,Early,Yes
LB000002357,EQ00000895,2024-10-20,Bearing Grease,Manual,2.99,Normal,Yes
LB000002358,EQ00000895,2023-09-28,Bearing Grease,Manual,3.93,Normal,Yes
LB000002359,EQ00000895,2024-04-04,Bearing Grease,Manual,0.98,Overdue,Yes
LB000002360,EQ00000896,2025-01-16,Machine Oil / Grease,Manual,4.04,Overdue,Yes
LB000002361,EQ00000896,2024-05-06,Machine Oil / Grease,Manual,4.32,Overdue,Yes
LB000002362,EQ00000896,2022-05-16,Machine Oil / Grease,Manual,1.42,Normal,Yes
LB000002363,EQ00000896,2025-07-31,Machine Oil / Grease,Manual,0.55,Overdue,Yes
LB000002364,EQ00000897,2021-01-11,EP Gear Oil / Grease,Grease gun / centralized,1.73,Normal,Yes
LB000002365,EQ00000897,2024-07-03,EP Gear Oil / Grease,Grease gun / centralized,3.38,Overdue,Yes
LB000002366,EQ00000897,2022-01-31,EP Gear Oil / Grease,Grease gun / centralized,4.89,Normal,Yes
LB000002367,EQ00000897,2024-11-08,EP Gear Oil / Grease,Grease gun / centralized,1.05,Early,Yes
LB000002368,EQ00000897,2022-08-17,EP Gear Oil / Grease,Grease gun / centralized,2.43,Overdue,Yes
LB000002369,EQ00000897,2024-10-14,EP Gear Oil / Grease,Grease gun / centralized,1.6,Overdue,Yes
LB000002370,EQ00000899,2023-11-03,EP Gear Oil / Grease,Grease gun / centralized,3.36,Early,Yes
LB000002371,EQ00000899,2026-01-27,EP Gear Oil / Grease,Grease gun / centralized,1.23,Early,Yes
LB000002372,EQ00000899,2022-12-10,EP Gear Oil / Grease,Grease gun / centralized,2.65,Overdue,Yes
LB000002373,EQ00000899,2025-01-06,EP Gear Oil / Grease,Grease gun / centralized,2.6,Overdue,Yes
LB000002374,EQ00000899,2025-01-07,EP Gear Oil / Grease,Grease gun / centralized,3.51,Overdue,Yes
LB000002375,EQ00000900,2026-08-10,Process/Mechanical Lubricant,Manual / automated,2.58,Overdue,Yes
LB000002376,EQ00000900,2021-12-03,Process/Mechanical Lubricant,Manual / automated,1.43,Normal,Yes
LB000002377,EQ00000900,2021-07-13,Process/Mechanical Lubricant,Manual / automated,2.45,Overdue,Yes
LB000002378,EQ00000900,2023-10-07,Process/Mechanical Lubricant,Manual / automated,3.83,Early,Yes
LB000002379,EQ00000902,2023-06-30,Engine / Gear Lubricant,Workshop service,3.29,Normal,Yes
LB000002380,EQ00000902,2026-03-23,Engine / Gear Lubricant,Workshop service,3.25,Normal,Yes
LB000002381,EQ00000903,2024-04-16,EP Gear Oil / Grease,Grease gun / centralized,0.85,Early,Yes
LB000002382,EQ00000904,2026-06-23,Bearing Grease,Manual,2.91,Overdue,Yes
LB000002383,EQ00000904,2026-06-30,Bearing Grease,Manual,3.14,Normal,Yes
LB000002384,EQ00000904,2026-01-03,Bearing Grease,Manual,2.04,Early,Yes
LB000002385,EQ00000904,2025-07-28,Bearing Grease,Manual,2.28,Overdue,Yes
LB000002386,EQ00000904,2025-03-22,Bearing Grease,Manual,3.16,Early,Yes
LB000002387,EQ00000905,2025-08-23,Bearing Grease,Manual,4.28,Early,Yes
LB000002388,EQ00000905,2021-04-09,Bearing Grease,Manual,1.71,Normal,Yes
LB000002389,EQ00000906,2025-12-18,Pump Bearing Grease,Manual,4.04,Overdue,Yes
LB000002390,EQ00000906,2022-08-06,Pump Bearing Grease,Manual,4.23,Overdue,Yes
LB000002391,EQ00000906,2022-12-16,Pump Bearing Grease,Manual,2.5,Normal,Yes
LB000002392,EQ00000906,2023-04-24,Pump Bearing Grease,Manual,3.09,Early,Yes
LB000002393,EQ00000906,2024-12-12,Pump Bearing Grease,Manual,4.03,Overdue,Yes
LB000002394,EQ00000907,2022-06-01,Machine Oil / Grease,Manual,0.3,Overdue,Yes
LB000002395,EQ00000907,2025-12-14,Machine Oil / Grease,Manual,2.51,Overdue,Yes
LB000002396,EQ00000907,2023-09-25,Machine Oil / Grease,Manual,3.89,Normal,Yes
LB000002397,EQ00000907,2022-12-13,Machine Oil / Grease,Manual,3.86,Normal,Yes
LB000002398,EQ00000907,2025-04-18,Machine Oil / Grease,Manual,2.3,Early,Yes
LB000002399,EQ00000908,2021-06-21,Machine Oil / Grease,Manual,3.46,Overdue,Yes
LB000002400,EQ00000908,2026-03-04,Machine Oil / Grease,Manual,4.94,Early,Yes
LB000002401,EQ00000909,2024-02-17,Machine Oil / Grease,Manual,2.08,Overdue,Yes
LB000002402,EQ00000909,2025-04-01,Machine Oil / Grease,Manual,2.14,Early,Yes
LB000002403,EQ00000909,2023-02-20,Machine Oil / Grease,Manual,0.84,Early,Yes
LB000002404,EQ00000910,2024-07-02,Bearing Oil / Grease,Manual / auto-lube,4.13,Normal,Yes
LB000002405,EQ00000910,2023-07-06,Bearing Oil / Grease,Manual / auto-lube,3.39,Overdue,Yes
LB000002406,EQ00000910,2024-01-31,Bearing Oil / Grease,Manual / auto-lube,0.83,Early,Yes
LB000002407,EQ00000910,2023-06-19,Bearing Oil / Grease,Manual / auto-lube,3.18,Overdue,Yes
LB000002408,EQ00000911,2022-02-22,Machine Oil / Grease,Manual,1.06,Early,Yes
LB000002409,EQ00000911,2021-09-05,Machine Oil / Grease,Manual,0.68,Normal,Yes
LB000002410,EQ00000911,2023-10-09,Machine Oil / Grease,Manual,0.39,Overdue,Yes
LB000002411,EQ00000911,2025-05-08,Machine Oil / Grease,Manual,1.41,Overdue,Yes
LB000002412,EQ00000912,2024-10-21,Pump Bearing Grease,Manual,1.26,Normal,Yes
LB000002413,EQ00000912,2025-09-29,Pump Bearing Grease,Manual,1.65,Normal,Yes
LB000002414,EQ00000912,2022-10-13,Pump Bearing Grease,Manual,3.3,Normal,Yes
LB000002415,EQ00000912,2025-09-27,Pump Bearing Grease,Manual,4.14,Normal,Yes
LB000002416,EQ00000912,2021-12-23,Pump Bearing Grease,Manual,1.29,Normal,Yes
LB000002417,EQ00000912,2021-12-14,Pump Bearing Grease,Manual,4.96,Early,Yes
LB000002418,EQ00000913,2022-10-11,Process/Mechanical Lubricant,Manual / automated,1.48,Overdue,Yes
LB000002419,EQ00000914,2025-10-03,EP Gear Oil / Grease,Grease gun / centralized,0.5,Normal,Yes
LB000002420,EQ00000914,2022-05-29,EP Gear Oil / Grease,Grease gun / centralized,4.7,Early,Yes
LB000002421,EQ00000914,2023-10-19,EP Gear Oil / Grease,Grease gun / centralized,3.58,Normal,Yes
LB000002422,EQ00000914,2024-05-22,EP Gear Oil / Grease,Grease gun / centralized,4.03,Normal,Yes
LB000002423,EQ00000915,2024-06-30,Pump Bearing Grease,Manual,0.34,Normal,Yes
LB000002424,EQ00000915,2026-04-14,Pump Bearing Grease,Manual,0.38,Normal,Yes
LB000002425,EQ00000916,2025-05-10,Process/Mechanical Lubricant,Manual / automated,1.79,Early,Yes
LB000002426,EQ00000918,2021-08-31,EP Gear Oil / Grease,Grease gun / centralized,4.57,Overdue,Yes
LB000002427,EQ00000918,2021-12-09,EP Gear Oil / Grease,Grease gun / centralized,4.79,Early,Yes
LB000002428,EQ00000918,2025-01-21,EP Gear Oil / Grease,Grease gun / centralized,0.99,Early,Yes
LB000002429,EQ00000919,2023-07-06,Pump Bearing Grease,Manual,3.2,Normal,Yes
LB000002430,EQ00000919,2022-09-30,Pump Bearing Grease,Manual,2.48,Overdue,Yes
LB000002431,EQ00000919,2023-05-15,Pump Bearing Grease,Manual,2.74,Overdue,Yes
LB000002432,EQ00000919,2022-06-19,Pump Bearing Grease,Manual,4.75,Early,Yes
LB000002433,EQ00000919,2025-07-14,Pump Bearing Grease,Manual,1.25,Early,Yes
LB000002434,EQ00000921,2022-11-07,Pump Bearing Grease,Manual,3.52,Overdue,Yes
LB000002435,EQ00000921,2022-09-29,Pump Bearing Grease,Manual,1.41,Normal,Yes
LB000002436,EQ00000921,2022-06-08,Pump Bearing Grease,Manual,2.34,Early,Yes
LB000002437,EQ00000921,2024-02-27,Pump Bearing Grease,Manual,2.08,Early,Yes
LB000002438,EQ00000921,2023-07-07,Pump Bearing Grease,Manual,0.46,Normal,Yes
LB000002439,EQ00000922,2022-02-24,Engine / Gear Lubricant,Workshop service,2.64,Overdue,Yes
LB000002440,EQ00000922,2025-06-15,Engine / Gear Lubricant,Workshop service,4.43,Overdue,Yes
LB000002441,EQ00000922,2024-01-04,Engine / Gear Lubricant,Workshop service,2.68,Normal,Yes
LB000002442,EQ00000922,2022-10-27,Engine / Gear Lubricant,Workshop service,3.56,Overdue,Yes
LB000002443,EQ00000923,2025-08-02,Bearing Grease,Manual,2.0,Normal,Yes
LB000002444,EQ00000924,2025-08-20,Process/Mechanical Lubricant,Manual / automated,1.01,Normal,Yes
LB000002445,EQ00000924,2024-06-01,Process/Mechanical Lubricant,Manual / automated,3.97,Early,Yes
LB000002446,EQ00000924,2023-05-08,Process/Mechanical Lubricant,Manual / automated,1.19,Overdue,Yes
LB000002447,EQ00000924,2025-06-27,Process/Mechanical Lubricant,Manual / automated,0.67,Overdue,Yes
LB000002448,EQ00000924,2023-08-29,Process/Mechanical Lubricant,Manual / automated,0.51,Overdue,Yes
LB000002449,EQ00000926,2025-01-22,Process/Mechanical Lubricant,Manual / automated,4.0,Overdue,Yes
LB000002450,EQ00000926,2021-08-04,Process/Mechanical Lubricant,Manual / automated,3.26,Normal,Yes
LB000002451,EQ00000926,2021-11-13,Process/Mechanical Lubricant,Manual / automated,4.52,Overdue,Yes
LB000002452,EQ00000927,2026-03-27,Machine Oil / Grease,Manual,2.95,Early,Yes
LB000002453,EQ00000927,2024-01-22,Machine Oil / Grease,Manual,2.65,Normal,Yes
LB000002454,EQ00000927,2025-12-30,Machine Oil / Grease,Manual,0.12,Overdue,Yes
LB000002455,EQ00000927,2023-01-03,Machine Oil / Grease,Manual,0.73,Normal,Yes
LB000002456,EQ00000927,2026-06-26,Machine Oil / Grease,Manual,2.22,Early,Yes
LB000002457,EQ00000927,2021-05-22,Machine Oil / Grease,Manual,4.98,Normal,Yes
LB000002458,EQ00000930,2021-07-05,EP Gear Oil / Grease,Grease gun / centralized,4.59,Overdue,Yes
LB000002459,EQ00000930,2026-04-17,EP Gear Oil / Grease,Grease gun / centralized,0.74,Normal,Yes
LB000002460,EQ00000934,2025-02-01,Bearing Grease,Manual,3.36,Early,Yes
LB000002461,EQ00000934,2021-07-28,Bearing Grease,Manual,2.82,Normal,Yes
LB000002462,EQ00000934,2022-01-02,Bearing Grease,Manual,3.6,Normal,Yes
LB000002463,EQ00000934,2026-05-23,Bearing Grease,Manual,0.91,Overdue,Yes
LB000002464,EQ00000935,2025-06-17,Process/Mechanical Lubricant,Manual / automated,2.86,Normal,Yes
LB000002465,EQ00000935,2023-06-13,Process/Mechanical Lubricant,Manual / automated,2.88,Normal,Yes
LB000002466,EQ00000935,2021-04-04,Process/Mechanical Lubricant,Manual / automated,0.58,Normal,Yes
LB000002467,EQ00000938,2025-04-04,Process/Mechanical Lubricant,Manual / automated,2.35,Overdue,Yes
LB000002468,EQ00000938,2022-04-11,Process/Mechanical Lubricant,Manual / automated,1.66,Early,Yes
LB000002469,EQ00000938,2023-09-19,Process/Mechanical Lubricant,Manual / automated,0.81,Overdue,Yes
LB000002470,EQ00000938,2023-03-19,Process/Mechanical Lubricant,Manual / automated,3.04,Early,Yes
LB000002471,EQ00000938,2021-03-19,Process/Mechanical Lubricant,Manual / automated,2.73,Early,Yes
LB000002472,EQ00000938,2024-07-10,Process/Mechanical Lubricant,Manual / automated,0.44,Early,Yes
LB000002473,EQ00000939,2021-08-11,Wire Rope / Gear Grease,Manual,1.48,Normal,Yes
LB000002474,EQ00000939,2024-10-12,Wire Rope / Gear Grease,Manual,1.12,Overdue,Yes
LB000002475,EQ00000940,2026-07-29,Process/Mechanical Lubricant,Manual / automated,1.43,Overdue,Yes
LB000002476,EQ00000941,2021-01-28,EP Gear Oil / Grease,Grease gun / centralized,4.17,Overdue,Yes
LB000002477,EQ00000941,2021-06-19,EP Gear Oil / Grease,Grease gun / centralized,3.69,Early,Yes
LB000002478,EQ00000941,2021-01-05,EP Gear Oil / Grease,Grease gun / centralized,1.9,Normal,Yes
LB000002479,EQ00000941,2023-01-18,EP Gear Oil / Grease,Grease gun / centralized,2.23,Overdue,Yes
LB000002480,EQ00000941,2026-04-26,EP Gear Oil / Grease,Grease gun / centralized,4.25,Early,Yes
LB000002481,EQ00000942,2023-02-25,Machine Oil / Grease,Manual,1.08,Early,Yes
LB000002482,EQ00000942,2024-03-09,Machine Oil / Grease,Manual,3.01,Normal,Yes
LB000002483,EQ00000942,2021-01-24,Machine Oil / Grease,Manual,2.52,Normal,Yes
LB000002484,EQ00000942,2025-10-06,Machine Oil / Grease,Manual,0.23,Overdue,Yes
LB000002485,EQ00000942,2026-06-01,Machine Oil / Grease,Manual,0.84,Normal,Yes
LB000002486,EQ00000942,2021-03-17,Machine Oil / Grease,Manual,0.7,Overdue,Yes
LB000002487,EQ00000943,2023-12-25,Pump Bearing Grease,Manual,0.35,Normal,Yes
LB000002488,EQ00000943,2025-10-23,Pump Bearing Grease,Manual,1.13,Normal,Yes
LB000002489,EQ00000943,2024-07-29,Pump Bearing Grease,Manual,0.23,Early,Yes
LB000002490,EQ00000943,2025-02-04,Pump Bearing Grease,Manual,2.42,Normal,Yes
LB000002491,EQ00000944,2023-03-16,Wire Rope / Gear Grease,Manual,4.51,Overdue,Yes
LB000002492,EQ00000944,2022-06-16,Wire Rope / Gear Grease,Manual,0.56,Early,Yes
LB000002493,EQ00000945,2025-06-04,EP Gear Oil / Grease,Grease gun / centralized,3.58,Early,Yes
LB000002494,EQ00000946,2024-12-26,Engine / Gear Lubricant,Workshop service,2.35,Overdue,Yes
LB000002495,EQ00000946,2025-02-10,Engine / Gear Lubricant,Workshop service,1.31,Early,Yes
LB000002496,EQ00000947,2026-06-27,Engine / Gear Lubricant,Workshop service,3.09,Normal,Yes
LB000002497,EQ00000947,2021-08-12,Engine / Gear Lubricant,Workshop service,4.28,Overdue,Yes
LB000002498,EQ00000947,2021-11-03,Engine / Gear Lubricant,Workshop service,1.9,Normal,Yes
LB000002499,EQ00000948,2022-04-11,EP Gear Oil / Grease,Grease gun / centralized,4.97,Early,Yes
LB000002500,EQ00000948,2023-06-02,EP Gear Oil / Grease,Grease gun / centralized,4.66,Early,Yes
LB000002501,EQ00000948,2026-01-16,EP Gear Oil / Grease,Grease gun / centralized,1.82,Normal,Yes
LB000002502,EQ00000948,2021-06-26,EP Gear Oil / Grease,Grease gun / centralized,4.67,Overdue,Yes
LB000002503,EQ00000949,2021-04-14,EP Gear Oil / Grease,Grease gun / centralized,4.45,Normal,Yes
LB000002504,EQ00000949,2021-12-12,EP Gear Oil / Grease,Grease gun / centralized,3.7,Early,Yes
LB000002505,EQ00000949,2022-12-13,EP Gear Oil / Grease,Grease gun / centralized,4.33,Overdue,Yes
LB000002506,EQ00000949,2026-03-15,EP Gear Oil / Grease,Grease gun / centralized,1.96,Normal,Yes
LB000002507,EQ00000949,2026-05-27,EP Gear Oil / Grease,Grease gun / centralized,3.03,Normal,Yes
LB000002508,EQ00000951,2023-11-25,Machine Oil / Grease,Manual,3.24,Overdue,Yes
LB000002509,EQ00000951,2022-10-05,Machine Oil / Grease,Manual,3.7,Overdue,Yes
LB000002510,EQ00000951,2024-02-02,Machine Oil / Grease,Manual,4.92,Overdue,Yes
LB000002511,EQ00000952,2024-08-28,Wire Rope / Gear Grease,Manual,1.07,Normal,Yes
LB000002512,EQ00000952,2023-01-24,Wire Rope / Gear Grease,Manual,3.8,Normal,Yes
LB000002513,EQ00000952,2025-01-12,Wire Rope / Gear Grease,Manual,3.96,Overdue,Yes
LB000002514,EQ00000952,2025-04-19,Wire Rope / Gear Grease,Manual,4.87,Normal,Yes
LB000002515,EQ00000952,2024-06-25,Wire Rope / Gear Grease,Manual,1.8,Normal,Yes
LB000002516,EQ00000952,2023-07-27,Wire Rope / Gear Grease,Manual,2.4,Early,Yes
LB000002517,EQ00000953,2025-05-10,Engine / Gear Lubricant,Workshop service,1.83,Overdue,Yes
LB000002518,EQ00000953,2025-03-31,Engine / Gear Lubricant,Workshop service,2.67,Normal,Yes
LB000002519,EQ00000953,2021-01-29,Engine / Gear Lubricant,Workshop service,4.32,Overdue,Yes
LB000002520,EQ00000953,2021-11-29,Engine / Gear Lubricant,Workshop service,4.91,Overdue,Yes
LB000002521,EQ00000955,2023-02-22,Process/Mechanical Lubricant,Manual / automated,2.2,Overdue,Yes
LB000002522,EQ00000955,2022-02-27,Process/Mechanical Lubricant,Manual / automated,4.53,Overdue,Yes
LB000002523,EQ00000955,2024-05-13,Process/Mechanical Lubricant,Manual / automated,1.65,Overdue,Yes
LB000002524,EQ00000956,2024-10-30,Bearing Grease,Manual,1.27,Early,Yes
LB000002525,EQ00000956,2021-08-05,Bearing Grease,Manual,1.27,Overdue,Yes
LB000002526,EQ00000956,2021-09-20,Bearing Grease,Manual,0.6,Overdue,Yes
LB000002527,EQ00000956,2024-07-03,Bearing Grease,Manual,0.36,Overdue,Yes
LB000002528,EQ00000957,2023-10-08,Engine / Gear Lubricant,Workshop service,3.66,Overdue,Yes
LB000002529,EQ00000957,2021-08-17,Engine / Gear Lubricant,Workshop service,3.67,Normal,Yes
LB000002530,EQ00000957,2025-06-04,Engine / Gear Lubricant,Workshop service,3.18,Overdue,Yes
LB000002531,EQ00000957,2026-07-11,Engine / Gear Lubricant,Workshop service,3.71,Overdue,Yes
LB000002532,EQ00000957,2023-05-01,Engine / Gear Lubricant,Workshop service,1.14,Normal,Yes
LB000002533,EQ00000958,2024-02-21,Bearing Oil / Grease,Manual / auto-lube,0.48,Normal,Yes
LB000002534,EQ00000958,2023-03-07,Bearing Oil / Grease,Manual / auto-lube,0.89,Normal,Yes
LB000002535,EQ00000958,2025-02-14,Bearing Oil / Grease,Manual / auto-lube,4.18,Normal,Yes
LB000002536,EQ00000958,2024-10-10,Bearing Oil / Grease,Manual / auto-lube,2.97,Early,Yes
LB000002537,EQ00000958,2023-12-11,Bearing Oil / Grease,Manual / auto-lube,2.24,Early,Yes
LB000002538,EQ00000960,2026-02-09,Machine Oil / Grease,Manual,3.01,Normal,Yes
LB000002539,EQ00000960,2024-01-11,Machine Oil / Grease,Manual,2.76,Overdue,Yes
LB000002540,EQ00000960,2025-03-28,Machine Oil / Grease,Manual,4.06,Overdue,Yes
LB000002541,EQ00000960,2021-06-02,Machine Oil / Grease,Manual,0.43,Early,Yes
LB000002542,EQ00000960,2024-11-17,Machine Oil / Grease,Manual,1.07,Overdue,Yes
LB000002543,EQ00000961,2023-02-23,EP Gear Oil / Grease,Grease gun / centralized,1.83,Overdue,Yes
LB000002544,EQ00000961,2022-01-06,EP Gear Oil / Grease,Grease gun / centralized,3.28,Normal,Yes
LB000002545,EQ00000961,2026-07-31,EP Gear Oil / Grease,Grease gun / centralized,2.11,Overdue,Yes
LB000002546,EQ00000961,2021-12-16,EP Gear Oil / Grease,Grease gun / centralized,1.6,Early,Yes
LB000002547,EQ00000961,2026-04-25,EP Gear Oil / Grease,Grease gun / centralized,2.09,Overdue,Yes
LB000002548,EQ00000962,2022-12-28,Wire Rope / Gear Grease,Manual,3.74,Normal,Yes
LB000002549,EQ00000962,2023-05-21,Wire Rope / Gear Grease,Manual,2.72,Early,Yes
LB000002550,EQ00000962,2021-10-23,Wire Rope / Gear Grease,Manual,2.31,Overdue,Yes
LB000002551,EQ00000962,2024-07-18,Wire Rope / Gear Grease,Manual,0.48,Early,Yes
LB000002552,EQ00000962,2022-02-03,Wire Rope / Gear Grease,Manual,1.81,Early,Yes
LB000002553,EQ00000964,2021-01-22,Wire Rope / Gear Grease,Manual,0.38,Early,Yes
LB000002554,EQ00000965,2021-02-26,Bearing Oil / Grease,Manual / auto-lube,3.76,Normal,Yes
LB000002555,EQ00000965,2023-02-02,Bearing Oil / Grease,Manual / auto-lube,0.38,Early,Yes
LB000002556,EQ00000965,2022-05-16,Bearing Oil / Grease,Manual / auto-lube,0.58,Overdue,Yes
LB000002557,EQ00000965,2026-04-29,Bearing Oil / Grease,Manual / auto-lube,2.25,Normal,Yes
LB000002558,EQ00000965,2025-08-16,Bearing Oil / Grease,Manual / auto-lube,3.1,Early,Yes
LB000002559,EQ00000967,2023-07-09,Bearing Grease,Manual,3.57,Early,Yes
LB000002560,EQ00000968,2024-05-07,Engine / Gear Lubricant,Workshop service,1.4,Early,Yes
LB000002561,EQ00000968,2022-01-18,Engine / Gear Lubricant,Workshop service,1.07,Overdue,Yes
LB000002562,EQ00000968,2023-08-24,Engine / Gear Lubricant,Workshop service,1.83,Overdue,Yes
LB000002563,EQ00000968,2022-03-14,Engine / Gear Lubricant,Workshop service,1.53,Overdue,Yes
LB000002564,EQ00000968,2026-03-28,Engine / Gear Lubricant,Workshop service,1.9,Overdue,Yes
LB000002565,EQ00000968,2021-12-17,Engine / Gear Lubricant,Workshop service,1.0,Overdue,Yes
LB000002566,EQ00000969,2021-06-14,Wire Rope / Gear Grease,Manual,4.26,Normal,Yes
LB000002567,EQ00000969,2025-10-06,Wire Rope / Gear Grease,Manual,3.29,Early,Yes
LB000002568,EQ00000970,2021-09-02,Bearing Grease,Manual,4.58,Early,Yes
LB000002569,EQ00000971,2023-12-18,Engine / Gear Lubricant,Workshop service,4.17,Overdue,Yes
LB000002570,EQ00000971,2021-08-09,Engine / Gear Lubricant,Workshop service,0.11,Early,Yes
LB000002571,EQ00000974,2025-10-16,Pump Bearing Grease,Manual,1.01,Overdue,Yes
LB000002572,EQ00000974,2023-12-16,Pump Bearing Grease,Manual,2.95,Overdue,Yes
LB000002573,EQ00000975,2021-02-23,EP Gear Oil / Grease,Grease gun / centralized,0.48,Normal,Yes
LB000002574,EQ00000975,2023-03-09,EP Gear Oil / Grease,Grease gun / centralized,1.68,Early,Yes
LB000002575,EQ00000975,2021-01-08,EP Gear Oil / Grease,Grease gun / centralized,1.19,Overdue,Yes
LB000002576,EQ00000975,2024-11-10,EP Gear Oil / Grease,Grease gun / centralized,1.07,Early,Yes
LB000002577,EQ00000975,2024-07-08,EP Gear Oil / Grease,Grease gun / centralized,0.4,Early,Yes
LB000002578,EQ00000975,2022-08-30,EP Gear Oil / Grease,Grease gun / centralized,0.23,Normal,Yes
LB000002579,EQ00000977,2023-06-29,Process/Mechanical Lubricant,Manual / automated,4.8,Overdue,Yes
LB000002580,EQ00000977,2025-01-06,Process/Mechanical Lubricant,Manual / automated,3.46,Normal,Yes
LB000002581,EQ00000977,2024-11-05,Process/Mechanical Lubricant,Manual / automated,1.45,Normal,Yes
LB000002582,EQ00000980,2024-07-04,Bearing Grease,Manual,3.95,Early,Yes
LB000002583,EQ00000980,2026-08-24,Bearing Grease,Manual,3.2,Normal,Yes
LB000002584,EQ00000980,2022-08-25,Bearing Grease,Manual,1.31,Overdue,Yes
LB000002585,EQ00000982,2026-05-01,EP Gear Oil / Grease,Grease gun / centralized,1.37,Normal,Yes
LB000002586,EQ00000982,2024-02-07,EP Gear Oil / Grease,Grease gun / centralized,2.46,Early,Yes
LB000002587,EQ00000983,2022-03-01,Bearing Oil / Grease,Manual / auto-lube,0.11,Early,Yes
LB000002588,EQ00000984,2021-05-05,Bearing Grease,Manual,1.22,Normal,Yes
LB000002589,EQ00000984,2021-05-12,Bearing Grease,Manual,4.27,Normal,Yes
LB000002590,EQ00000984,2023-04-21,Bearing Grease,Manual,4.94,Normal,Yes
LB000002591,EQ00000987,2021-01-31,Engine / Gear Lubricant,Workshop service,2.66,Overdue,Yes
LB000002592,EQ00000987,2024-01-15,Engine / Gear Lubricant,Workshop service,1.91,Early,Yes
LB000002593,EQ00000987,2023-02-06,Engine / Gear Lubricant,Workshop service,0.15,Early,Yes
LB000002594,EQ00000988,2021-10-31,EP Gear Oil / Grease,Grease gun / centralized,1.83,Early,Yes
LB000002595,EQ00000988,2024-05-02,EP Gear Oil / Grease,Grease gun / centralized,2.84,Early,Yes
LB000002596,EQ00000988,2021-07-28,EP Gear Oil / Grease,Grease gun / centralized,3.61,Early,Yes
LB000002597,EQ00000988,2025-08-16,EP Gear Oil / Grease,Grease gun / centralized,0.51,Overdue,Yes
LB000002598,EQ00000989,2021-10-16,Engine / Gear Lubricant,Workshop service,1.9,Overdue,Yes
LB000002599,EQ00000989,2023-12-10,Engine / Gear Lubricant,Workshop service,1.61,Early,Yes
LB000002600,EQ00000990,2022-07-11,Engine / Gear Lubricant,Workshop service,4.15,Normal,Yes
LB000002601,EQ00000990,2021-04-05,Engine / Gear Lubricant,Workshop service,3.59,Normal,Yes
LB000002602,EQ00000990,2021-02-11,Engine / Gear Lubricant,Workshop service,1.97,Normal,Yes
LB000002603,EQ00000990,2022-10-12,Engine / Gear Lubricant,Workshop service,2.22,Overdue,Yes
LB000002604,EQ00000990,2021-03-11,Engine / Gear Lubricant,Workshop service,4.95,Overdue,Yes
LB000002605,EQ00000990,2021-06-26,Engine / Gear Lubricant,Workshop service,3.77,Overdue,Yes
LB000002606,EQ00000991,2022-06-01,Process/Mechanical Lubricant,Manual / automated,1.8,Early,Yes
LB000002607,EQ00000991,2023-10-22,Process/Mechanical Lubricant,Manual / automated,1.24,Early,Yes
LB000002608,EQ00000992,2021-08-18,EP Gear Oil / Grease,Grease gun / centralized,0.23,Normal,Yes
LB000002609,EQ00000992,2026-05-10,EP Gear Oil / Grease,Grease gun / centralized,3.8,Early,Yes
LB000002610,EQ00000992,2024-10-18,EP Gear Oil / Grease,Grease gun / centralized,1.87,Normal,Yes
LB000002611,EQ00000992,2022-01-05,EP Gear Oil / Grease,Grease gun / centralized,1.95,Overdue,Yes
LB000002612,EQ00000993,2024-06-07,EP Gear Oil / Grease,Grease gun / centralized,3.82,Normal,Yes
LB000002613,EQ00000993,2024-03-10,EP Gear Oil / Grease,Grease gun / centralized,4.64,Overdue,Yes
LB000002614,EQ00000993,2024-03-28,EP Gear Oil / Grease,Grease gun / centralized,4.56,Early,Yes
LB000002615,EQ00000993,2026-07-30,EP Gear Oil / Grease,Grease gun / centralized,3.8,Overdue,Yes
LB000002616,EQ00000993,2021-10-10,EP Gear Oil / Grease,Grease gun / centralized,2.84,Overdue,Yes
LB000002617,EQ00000994,2021-05-18,EP Gear Oil / Grease,Grease gun / centralized,3.48,Overdue,Yes
LB000002618,EQ00000994,2025-12-11,EP Gear Oil / Grease,Grease gun / centralized,4.61,Normal,Yes
LB000002619,EQ00000994,2022-09-24,EP Gear Oil / Grease,Grease gun / centralized,1.93,Early,Yes
LB000002620,EQ00000995,2025-02-09,Pump Bearing Grease,Manual,2.55,Overdue,Yes
LB000002621,EQ00000995,2022-11-11,Pump Bearing Grease,Manual,3.23,Normal,Yes
LB000002622,EQ00000995,2021-06-13,Pump Bearing Grease,Manual,3.92,Early,Yes
LB000002623,EQ00000995,2025-06-18,Pump Bearing Grease,Manual,0.78,Early,Yes
LB000002624,EQ00000995,2024-02-14,Pump Bearing Grease,Manual,4.86,Overdue,Yes
LB000002625,EQ00000995,2023-03-11,Pump Bearing Grease,Manual,4.44,Early,Yes
LB000002626,EQ00000996,2023-01-25,Pump Bearing Grease,Manual,0.46,Normal,Yes
LB000002627,EQ00000997,2024-01-11,Wire Rope / Gear Grease,Manual,1.65,Early,Yes
LB000002628,EQ00000997,2025-05-13,Wire Rope / Gear Grease,Manual,3.98,Early,Yes
LB000002629,EQ00000997,2025-08-12,Wire Rope / Gear Grease,Manual,4.67,Normal,Yes
LB000002630,EQ00000998,2026-05-14,Machine Oil / Grease,Manual,2.96,Early,Yes
LB000002631,EQ00000998,2022-04-02,Machine Oil / Grease,Manual,1.39,Overdue,Yes
LB000002632,EQ00000999,2023-05-13,Process/Mechanical Lubricant,Manual / automated,3.67,Overdue,Yes
LB000002633,EQ00000999,2025-10-26,Process/Mechanical Lubricant,Manual / automated,1.12,Normal,Yes
LB000002634,EQ00000999,2025-04-10,Process/Mechanical Lubricant,Manual / automated,0.98,Early,Yes
LB000002635,EQ00000999,2025-05-20,Process/Mechanical Lubricant,Manual / automated,1.32,Early,Yes
LB000002636,EQ00000999,2021-04-16,Process/Mechanical Lubricant,Manual / automated,0.89,Overdue,Yes
LB000002637,EQ00001000,2022-06-14,Bearing Oil / Grease,Manual / auto-lube,4.6,Early,Yes
LB000002638,EQ00001000,2021-05-07,Bearing Oil / Grease,Manual / auto-lube,2.21,Overdue,Yes
LB000002639,EQ00001000,2026-07-28,Bearing Oil / Grease,Manual / auto-lube,3.1,Overdue,Yes
LB000002640,EQ00001000,2025-02-28,Bearing Oil / Grease,Manual / auto-lube,1.51,Normal,Yes
LB000002641,EQ00001001,2022-07-26,Engine / Gear Lubricant,Workshop service,1.91,Overdue,Yes
LB000002642,EQ00001001,2025-01-17,Engine / Gear Lubricant,Workshop service,4.54,Overdue,Yes
LB000002643,EQ00001001,2022-05-08,Engine / Gear Lubricant,Workshop service,2.51,Overdue,Yes
LB000002644,EQ00001002,2023-09-29,Wire Rope / Gear Grease,Manual,3.97,Early,Yes
LB000002645,EQ00001003,2022-10-26,EP Gear Oil / Grease,Grease gun / centralized,2.63,Overdue,Yes
LB000002646,EQ00001003,2025-09-24,EP Gear Oil / Grease,Grease gun / centralized,4.12,Normal,Yes
LB000002647,EQ00001003,2024-07-01,EP Gear Oil / Grease,Grease gun / centralized,0.22,Early,Yes
LB000002648,EQ00001003,2025-03-25,EP Gear Oil / Grease,Grease gun / centralized,2.7,Normal,Yes
LB000002649,EQ00001003,2026-01-25,EP Gear Oil / Grease,Grease gun / centralized,4.83,Normal,Yes
LB000002650,EQ00001003,2025-07-28,EP Gear Oil / Grease,Grease gun / centralized,0.9,Early,Yes
LB000002651,EQ00001004,2021-03-21,Bearing Grease,Manual,3.4,Normal,Yes
LB000002652,EQ00001004,2025-07-20,Bearing Grease,Manual,3.55,Normal,Yes
LB000002653,EQ00001004,2024-05-26,Bearing Grease,Manual,2.59,Early,Yes
LB000002654,EQ00001004,2022-10-18,Bearing Grease,Manual,3.95,Overdue,Yes
LB000002655,EQ00001005,2026-07-11,Process/Mechanical Lubricant,Manual / automated,0.21,Normal,Yes
LB000002656,EQ00001005,2024-10-16,Process/Mechanical Lubricant,Manual / automated,4.69,Early,Yes
LB000002657,EQ00001006,2022-09-09,EP Gear Oil / Grease,Grease gun / centralized,1.48,Early,Yes
LB000002658,EQ00001006,2022-10-19,EP Gear Oil / Grease,Grease gun / centralized,3.36,Normal,Yes
LB000002659,EQ00001006,2022-01-19,EP Gear Oil / Grease,Grease gun / centralized,2.41,Overdue,Yes
LB000002660,EQ00001007,2026-05-27,Bearing Grease,Manual,4.8,Overdue,Yes
LB000002661,EQ00001007,2022-11-12,Bearing Grease,Manual,1.74,Normal,Yes
LB000002662,EQ00001007,2022-02-24,Bearing Grease,Manual,3.36,Overdue,Yes
LB000002663,EQ00001007,2022-08-20,Bearing Grease,Manual,0.57,Normal,Yes
LB000002664,EQ00001007,2026-03-24,Bearing Grease,Manual,2.6,Overdue,Yes
LB000002665,EQ00001007,2022-08-26,Bearing Grease,Manual,4.54,Early,Yes
LB000002666,EQ00001008,2023-06-20,Machine Oil / Grease,Manual,1.72,Overdue,Yes
LB000002667,EQ00001008,2024-07-07,Machine Oil / Grease,Manual,1.4,Overdue,Yes
LB000002668,EQ00001009,2024-07-02,Process/Mechanical Lubricant,Manual / automated,2.49,Normal,Yes
LB000002669,EQ00001011,2021-05-04,Process/Mechanical Lubricant,Manual / automated,2.09,Normal,Yes
LB000002670,EQ00001011,2024-05-10,Process/Mechanical Lubricant,Manual / automated,1.09,Early,Yes
LB000002671,EQ00001011,2021-09-11,Process/Mechanical Lubricant,Manual / automated,4.54,Overdue,Yes
LB000002672,EQ00001012,2023-01-22,Process/Mechanical Lubricant,Manual / automated,1.54,Normal,Yes
LB000002673,EQ00001012,2026-02-01,Process/Mechanical Lubricant,Manual / automated,1.25,Early,Yes
LB000002674,EQ00001012,2021-01-26,Process/Mechanical Lubricant,Manual / automated,3.53,Overdue,Yes
LB000002675,EQ00001012,2021-06-16,Process/Mechanical Lubricant,Manual / automated,2.97,Overdue,Yes
LB000002676,EQ00001012,2022-02-17,Process/Mechanical Lubricant,Manual / automated,2.31,Normal,Yes
LB000002677,EQ00001014,2026-05-11,Pump Bearing Grease,Manual,2.11,Early,Yes
LB000002678,EQ00001014,2026-04-10,Pump Bearing Grease,Manual,1.33,Early,Yes
LB000002679,EQ00001014,2026-05-06,Pump Bearing Grease,Manual,4.09,Normal,Yes
LB000002680,EQ00001014,2024-08-01,Pump Bearing Grease,Manual,3.34,Early,Yes
LB000002681,EQ00001017,2023-12-31,Process/Mechanical Lubricant,Manual / automated,4.69,Normal,Yes
LB000002682,EQ00001017,2023-09-01,Process/Mechanical Lubricant,Manual / automated,4.64,Normal,Yes
LB000002683,EQ00001018,2026-01-21,Machine Oil / Grease,Manual,0.36,Overdue,Yes
LB000002684,EQ00001018,2023-07-30,Machine Oil / Grease,Manual,2.5,Early,Yes
LB000002685,EQ00001018,2025-02-08,Machine Oil / Grease,Manual,3.22,Early,Yes
LB000002686,EQ00001018,2023-05-06,Machine Oil / Grease,Manual,2.59,Early,Yes
LB000002687,EQ00001018,2022-07-27,Machine Oil / Grease,Manual,3.66,Early,Yes
LB000002688,EQ00001020,2025-04-16,EP Gear Oil / Grease,Grease gun / centralized,1.96,Early,Yes
LB000002689,EQ00001020,2025-03-09,EP Gear Oil / Grease,Grease gun / centralized,1.79,Early,Yes
LB000002690,EQ00001020,2025-08-30,EP Gear Oil / Grease,Grease gun / centralized,4.51,Early,Yes
LB000002691,EQ00001020,2024-06-24,EP Gear Oil / Grease,Grease gun / centralized,3.39,Overdue,Yes
LB000002692,EQ00001020,2021-03-21,EP Gear Oil / Grease,Grease gun / centralized,0.52,Overdue,Yes
LB000002693,EQ00001020,2026-04-05,EP Gear Oil / Grease,Grease gun / centralized,0.97,Overdue,Yes
LB000002694,EQ00001021,2022-06-07,Bearing Oil / Grease,Manual / auto-lube,4.39,Early,Yes
LB000002695,EQ00001021,2023-09-05,Bearing Oil / Grease,Manual / auto-lube,4.0,Early,Yes
LB000002696,EQ00001021,2026-06-17,Bearing Oil / Grease,Manual / auto-lube,4.71,Overdue,Yes
LB000002697,EQ00001022,2025-05-17,Bearing Oil / Grease,Manual / auto-lube,1.42,Normal,Yes
LB000002698,EQ00001022,2021-12-20,Bearing Oil / Grease,Manual / auto-lube,3.01,Normal,Yes
LB000002699,EQ00001022,2021-07-14,Bearing Oil / Grease,Manual / auto-lube,2.88,Early,Yes
LB000002700,EQ00001022,2021-11-04,Bearing Oil / Grease,Manual / auto-lube,3.28,Overdue,Yes
LB000002701,EQ00001022,2022-06-11,Bearing Oil / Grease,Manual / auto-lube,2.51,Overdue,Yes
LB000002702,EQ00001022,2022-08-14,Bearing Oil / Grease,Manual / auto-lube,1.49,Early,Yes
LB000002703,EQ00001023,2021-09-18,Engine / Gear Lubricant,Workshop service,1.4,Early,Yes
LB000002704,EQ00001023,2023-01-09,Engine / Gear Lubricant,Workshop service,3.87,Early,Yes
LB000002705,EQ00001023,2025-11-06,Engine / Gear Lubricant,Workshop service,4.86,Overdue,Yes
LB000002706,EQ00001023,2024-05-21,Engine / Gear Lubricant,Workshop service,0.14,Normal,Yes
LB000002707,EQ00001023,2026-02-12,Engine / Gear Lubricant,Workshop service,3.46,Normal,Yes
LB000002708,EQ00001023,2025-08-19,Engine / Gear Lubricant,Workshop service,0.16,Overdue,Yes
LB000002709,EQ00001024,2021-02-19,Machine Oil / Grease,Manual,0.9,Normal,Yes
LB000002710,EQ00001024,2021-11-02,Machine Oil / Grease,Manual,3.37,Normal,Yes
LB000002711,EQ00001024,2022-06-11,Machine Oil / Grease,Manual,3.17,Normal,Yes
LB000002712,EQ00001024,2023-08-14,Machine Oil / Grease,Manual,2.71,Early,Yes
LB000002713,EQ00001024,2022-02-13,Machine Oil / Grease,Manual,0.95,Normal,Yes
LB000002714,EQ00001026,2023-09-01,Engine / Gear Lubricant,Workshop service,1.0,Early,Yes
LB000002715,EQ00001026,2022-09-16,Engine / Gear Lubricant,Workshop service,3.78,Normal,Yes
LB000002716,EQ00001026,2022-07-22,Engine / Gear Lubricant,Workshop service,4.63,Normal,Yes
LB000002717,EQ00001026,2023-10-02,Engine / Gear Lubricant,Workshop service,2.31,Overdue,Yes
LB000002718,EQ00001026,2023-12-15,Engine / Gear Lubricant,Workshop service,3.31,Early,Yes
LB000002719,EQ00001032,2022-03-14,Pump Bearing Grease,Manual,1.55,Normal,Yes
LB000002720,EQ00001034,2025-07-11,Wire Rope / Gear Grease,Manual,0.59,Overdue,Yes
LB000002721,EQ00001037,2023-06-21,Process/Mechanical Lubricant,Manual / automated,3.49,Overdue,Yes
LB000002722,EQ00001037,2025-11-01,Process/Mechanical Lubricant,Manual / automated,1.08,Normal,Yes
LB000002723,EQ00001037,2024-04-17,Process/Mechanical Lubricant,Manual / automated,0.78,Early,Yes
LB000002724,EQ00001037,2021-09-22,Process/Mechanical Lubricant,Manual / automated,3.58,Early,Yes
LB000002725,EQ00001037,2026-07-31,Process/Mechanical Lubricant,Manual / automated,3.36,Overdue,Yes
LB000002726,EQ00001038,2024-01-15,Machine Oil / Grease,Manual,1.32,Normal,Yes
LB000002727,EQ00001038,2021-01-31,Machine Oil / Grease,Manual,1.2,Overdue,Yes
LB000002728,EQ00001038,2023-05-03,Machine Oil / Grease,Manual,1.85,Overdue,Yes
LB000002729,EQ00001039,2022-08-19,Wire Rope / Gear Grease,Manual,3.8,Normal,Yes
LB000002730,EQ00001039,2023-07-30,Wire Rope / Gear Grease,Manual,3.79,Early,Yes
LB000002731,EQ00001039,2026-02-22,Wire Rope / Gear Grease,Manual,3.89,Early,Yes
LB000002732,EQ00001040,2023-01-03,Machine Oil / Grease,Manual,3.74,Normal,Yes
LB000002733,EQ00001040,2024-12-03,Machine Oil / Grease,Manual,4.38,Early,Yes
LB000002734,EQ00001040,2026-02-06,Machine Oil / Grease,Manual,4.13,Overdue,Yes
LB000002735,EQ00001040,2023-03-08,Machine Oil / Grease,Manual,1.35,Early,Yes
LB000002736,EQ00001040,2025-01-30,Machine Oil / Grease,Manual,1.82,Overdue,Yes
LB000002737,EQ00001040,2023-06-26,Machine Oil / Grease,Manual,3.53,Normal,Yes
LB000002738,EQ00001042,2022-10-25,Process/Mechanical Lubricant,Manual / automated,2.8,Normal,Yes
LB000002739,EQ00001042,2026-01-13,Process/Mechanical Lubricant,Manual / automated,0.15,Overdue,Yes
LB000002740,EQ00001043,2021-02-09,EP Gear Oil / Grease,Grease gun / centralized,1.97,Early,Yes
LB000002741,EQ00001043,2025-04-06,EP Gear Oil / Grease,Grease gun / centralized,1.36,Early,Yes
LB000002742,EQ00001043,2025-06-18,EP Gear Oil / Grease,Grease gun / centralized,3.97,Overdue,Yes
LB000002743,EQ00001045,2023-07-26,Bearing Grease,Manual,3.63,Normal,Yes
LB000002744,EQ00001047,2023-05-14,Process/Mechanical Lubricant,Manual / automated,0.51,Normal,Yes
LB000002745,EQ00001047,2023-05-05,Process/Mechanical Lubricant,Manual / automated,3.65,Overdue,Yes
LB000002746,EQ00001048,2026-08-26,Bearing Grease,Manual,4.64,Normal,Yes
LB000002747,EQ00001048,2026-05-05,Bearing Grease,Manual,3.89,Overdue,Yes
LB000002748,EQ00001048,2026-08-26,Bearing Grease,Manual,3.97,Early,Yes
LB000002749,EQ00001048,2022-10-26,Bearing Grease,Manual,3.02,Overdue,Yes
LB000002750,EQ00001049,2024-10-19,EP Gear Oil / Grease,Grease gun / centralized,3.19,Overdue,Yes
LB000002751,EQ00001049,2025-07-29,EP Gear Oil / Grease,Grease gun / centralized,3.16,Early,Yes
LB000002752,EQ00001049,2025-11-22,EP Gear Oil / Grease,Grease gun / centralized,1.43,Overdue,Yes
LB000002753,EQ00001050,2021-10-07,Machine Oil / Grease,Manual,2.27,Early,Yes
LB000002754,EQ00001051,2023-06-02,Wire Rope / Gear Grease,Manual,2.0,Normal,Yes
LB000002755,EQ00001051,2025-12-11,Wire Rope / Gear Grease,Manual,1.41,Early,Yes
LB000002756,EQ00001051,2026-01-18,Wire Rope / Gear Grease,Manual,0.34,Normal,Yes
LB000002757,EQ00001051,2025-04-11,Wire Rope / Gear Grease,Manual,1.98,Normal,Yes
LB000002758,EQ00001051,2025-09-08,Wire Rope / Gear Grease,Manual,1.03,Normal,Yes
LB000002759,EQ00001052,2025-05-24,Machine Oil / Grease,Manual,0.45,Overdue,Yes
LB000002760,EQ00001052,2023-03-01,Machine Oil / Grease,Manual,3.13,Early,Yes
LB000002761,EQ00001052,2021-02-16,Machine Oil / Grease,Manual,3.44,Overdue,Yes
LB000002762,EQ00001053,2026-07-15,Wire Rope / Gear Grease,Manual,4.21,Normal,Yes
LB000002763,EQ00001053,2022-02-22,Wire Rope / Gear Grease,Manual,4.71,Overdue,Yes
LB000002764,EQ00001054,2025-02-03,Process/Mechanical Lubricant,Manual / automated,1.02,Normal,Yes
LB000002765,EQ00001054,2023-06-25,Process/Mechanical Lubricant,Manual / automated,4.53,Overdue,Yes
LB000002766,EQ00001054,2026-06-08,Process/Mechanical Lubricant,Manual / automated,0.96,Overdue,Yes
LB000002767,EQ00001054,2023-06-19,Process/Mechanical Lubricant,Manual / automated,0.13,Early,Yes
LB000002768,EQ00001054,2023-08-21,Process/Mechanical Lubricant,Manual / automated,1.35,Normal,Yes
LB000002769,EQ00001055,2022-05-29,Wire Rope / Gear Grease,Manual,3.82,Normal,Yes
LB000002770,EQ00001055,2023-06-29,Wire Rope / Gear Grease,Manual,4.26,Overdue,Yes
LB000002771,EQ00001056,2022-12-24,Pump Bearing Grease,Manual,4.68,Normal,Yes
LB000002772,EQ00001056,2021-09-18,Pump Bearing Grease,Manual,2.07,Overdue,Yes
LB000002773,EQ00001056,2022-09-08,Pump Bearing Grease,Manual,2.55,Early,Yes
LB000002774,EQ00001056,2022-03-14,Pump Bearing Grease,Manual,2.15,Early,Yes
LB000002775,EQ00001057,2024-01-18,Machine Oil / Grease,Manual,2.7,Early,Yes
LB000002776,EQ00001057,2023-01-31,Machine Oil / Grease,Manual,4.01,Early,Yes
LB000002777,EQ00001057,2026-07-13,Machine Oil / Grease,Manual,4.43,Overdue,Yes
LB000002778,EQ00001057,2023-06-10,Machine Oil / Grease,Manual,4.81,Normal,Yes
LB000002779,EQ00001057,2026-07-16,Machine Oil / Grease,Manual,3.81,Overdue,Yes
LB000002780,EQ00001057,2025-08-10,Machine Oil / Grease,Manual,1.35,Overdue,Yes
LB000002781,EQ00001058,2021-05-08,Pump Bearing Grease,Manual,0.41,Overdue,Yes
LB000002782,EQ00001058,2025-03-03,Pump Bearing Grease,Manual,3.96,Overdue,Yes
LB000002783,EQ00001058,2022-08-28,Pump Bearing Grease,Manual,1.13,Early,Yes
LB000002784,EQ00001058,2021-05-10,Pump Bearing Grease,Manual,0.68,Overdue,Yes
LB000002785,EQ00001058,2026-03-04,Pump Bearing Grease,Manual,1.05,Overdue,Yes
LB000002786,EQ00001058,2021-11-07,Pump Bearing Grease,Manual,4.84,Early,Yes
LB000002787,EQ00001061,2024-07-11,Process/Mechanical Lubricant,Manual / automated,3.42,Early,Yes
LB000002788,EQ00001061,2022-02-14,Process/Mechanical Lubricant,Manual / automated,2.57,Overdue,Yes
LB000002789,EQ00001062,2025-03-03,Pump Bearing Grease,Manual,2.24,Early,Yes
LB000002790,EQ00001062,2021-03-23,Pump Bearing Grease,Manual,1.63,Overdue,Yes
LB000002791,EQ00001062,2022-06-20,Pump Bearing Grease,Manual,2.62,Early,Yes
LB000002792,EQ00001062,2022-10-17,Pump Bearing Grease,Manual,1.65,Normal,Yes
LB000002793,EQ00001062,2021-05-01,Pump Bearing Grease,Manual,3.64,Early,Yes
LB000002794,EQ00001062,2022-02-09,Pump Bearing Grease,Manual,4.07,Early,Yes
LB000002795,EQ00001063,2022-03-23,EP Gear Oil / Grease,Grease gun / centralized,4.83,Early,Yes
LB000002796,EQ00001063,2021-06-05,EP Gear Oil / Grease,Grease gun / centralized,0.29,Early,Yes
LB000002797,EQ00001063,2021-02-03,EP Gear Oil / Grease,Grease gun / centralized,0.78,Early,Yes
LB000002798,EQ00001064,2022-02-15,Bearing Oil / Grease,Manual / auto-lube,1.47,Normal,Yes
LB000002799,EQ00001064,2023-10-08,Bearing Oil / Grease,Manual / auto-lube,3.79,Early,Yes
LB000002800,EQ00001064,2024-09-17,Bearing Oil / Grease,Manual / auto-lube,1.5,Early,Yes
LB000002801,EQ00001065,2022-01-27,EP Gear Oil / Grease,Grease gun / centralized,0.18,Normal,Yes
LB000002802,EQ00001065,2022-02-11,EP Gear Oil / Grease,Grease gun / centralized,4.16,Early,Yes
LB000002803,EQ00001066,2021-07-23,Bearing Oil / Grease,Manual / auto-lube,1.54,Early,Yes
LB000002804,EQ00001066,2026-02-24,Bearing Oil / Grease,Manual / auto-lube,2.65,Normal,Yes
LB000002805,EQ00001066,2021-01-05,Bearing Oil / Grease,Manual / auto-lube,1.3,Early,Yes
LB000002806,EQ00001066,2026-02-17,Bearing Oil / Grease,Manual / auto-lube,2.76,Normal,Yes
LB000002807,EQ00001066,2022-01-05,Bearing Oil / Grease,Manual / auto-lube,0.47,Normal,Yes
LB000002808,EQ00001067,2022-12-19,EP Gear Oil / Grease,Grease gun / centralized,1.21,Early,Yes
LB000002809,EQ00001067,2023-06-24,EP Gear Oil / Grease,Grease gun / centralized,3.41,Normal,Yes
LB000002810,EQ00001068,2021-07-11,Pump Bearing Grease,Manual,1.22,Early,Yes
LB000002811,EQ00001068,2024-10-02,Pump Bearing Grease,Manual,1.13,Overdue,Yes
LB000002812,EQ00001068,2021-10-15,Pump Bearing Grease,Manual,3.05,Overdue,Yes
LB000002813,EQ00001068,2025-10-03,Pump Bearing Grease,Manual,1.66,Overdue,Yes
LB000002814,EQ00001068,2023-05-31,Pump Bearing Grease,Manual,1.47,Early,Yes
LB000002815,EQ00001068,2023-08-07,Pump Bearing Grease,Manual,4.23,Normal,Yes
LB000002816,EQ00001069,2025-09-26,Machine Oil / Grease,Manual,1.93,Overdue,Yes
LB000002817,EQ00001069,2021-01-04,Machine Oil / Grease,Manual,1.69,Normal,Yes
LB000002818,EQ00001069,2021-12-13,Machine Oil / Grease,Manual,0.56,Early,Yes
LB000002819,EQ00001069,2023-02-26,Machine Oil / Grease,Manual,0.39,Normal,Yes
LB000002820,EQ00001069,2022-03-03,Machine Oil / Grease,Manual,2.06,Overdue,Yes
LB000002821,EQ00001069,2021-12-10,Machine Oil / Grease,Manual,3.66,Early,Yes
LB000002822,EQ00001070,2025-09-24,Pump Bearing Grease,Manual,0.29,Normal,Yes
LB000002823,EQ00001070,2022-12-26,Pump Bearing Grease,Manual,1.74,Early,Yes
LB000002824,EQ00001072,2023-03-09,EP Gear Oil / Grease,Grease gun / centralized,1.3,Overdue,Yes
LB000002825,EQ00001073,2023-10-26,Process/Mechanical Lubricant,Manual / automated,0.23,Early,Yes
LB000002826,EQ00001074,2024-02-24,Process/Mechanical Lubricant,Manual / automated,0.5,Early,Yes
LB000002827,EQ00001074,2023-11-29,Process/Mechanical Lubricant,Manual / automated,1.55,Early,Yes
LB000002828,EQ00001074,2025-12-13,Process/Mechanical Lubricant,Manual / automated,1.01,Early,Yes
LB000002829,EQ00001074,2025-11-01,Process/Mechanical Lubricant,Manual / automated,4.1,Normal,Yes
LB000002830,EQ00001074,2024-05-10,Process/Mechanical Lubricant,Manual / automated,3.93,Normal,Yes
LB000002831,EQ00001074,2024-11-30,Process/Mechanical Lubricant,Manual / automated,4.32,Normal,Yes
LB000002832,EQ00001075,2022-12-16,Wire Rope / Gear Grease,Manual,3.3,Normal,Yes
LB000002833,EQ00001075,2021-06-02,Wire Rope / Gear Grease,Manual,0.41,Early,Yes
LB000002834,EQ00001075,2026-03-23,Wire Rope / Gear Grease,Manual,4.03,Overdue,Yes
LB000002835,EQ00001075,2023-10-08,Wire Rope / Gear Grease,Manual,2.61,Overdue,Yes
LB000002836,EQ00001075,2023-05-07,Wire Rope / Gear Grease,Manual,2.63,Normal,Yes
LB000002837,EQ00001076,2024-08-18,Pump Bearing Grease,Manual,4.8,Normal,Yes
LB000002838,EQ00001076,2025-05-22,Pump Bearing Grease,Manual,4.0,Normal,Yes
LB000002839,EQ00001076,2024-10-01,Pump Bearing Grease,Manual,1.69,Normal,Yes
LB000002840,EQ00001077,2023-04-24,Pump Bearing Grease,Manual,2.71,Overdue,Yes
LB000002841,EQ00001077,2023-05-22,Pump Bearing Grease,Manual,0.27,Early,Yes
LB000002842,EQ00001078,2021-08-25,Bearing Grease,Manual,4.55,Normal,Yes
LB000002843,EQ00001078,2024-01-09,Bearing Grease,Manual,4.5,Early,Yes
LB000002844,EQ00001078,2022-07-08,Bearing Grease,Manual,3.33,Overdue,Yes
LB000002845,EQ00001079,2021-05-06,Engine / Gear Lubricant,Workshop service,2.31,Normal,Yes
LB000002846,EQ00001079,2024-09-20,Engine / Gear Lubricant,Workshop service,4.04,Normal,Yes
LB000002847,EQ00001079,2023-01-11,Engine / Gear Lubricant,Workshop service,1.85,Normal,Yes
LB000002848,EQ00001079,2025-12-14,Engine / Gear Lubricant,Workshop service,1.82,Normal,Yes
LB000002849,EQ00001079,2021-02-14,Engine / Gear Lubricant,Workshop service,3.26,Overdue,Yes
LB000002850,EQ00001079,2022-07-09,Engine / Gear Lubricant,Workshop service,2.19,Overdue,Yes
LB000002851,EQ00001080,2024-01-08,Bearing Oil / Grease,Manual / auto-lube,1.99,Early,Yes
LB000002852,EQ00001080,2023-04-09,Bearing Oil / Grease,Manual / auto-lube,1.34,Normal,Yes
LB000002853,EQ00001081,2025-08-30,Process/Mechanical Lubricant,Manual / automated,0.65,Early,Yes
LB000002854,EQ00001081,2025-10-15,Process/Mechanical Lubricant,Manual / automated,0.58,Early,Yes
LB000002855,EQ00001081,2025-11-22,Process/Mechanical Lubricant,Manual / automated,3.95,Normal,Yes
LB000002856,EQ00001081,2026-08-25,Process/Mechanical Lubricant,Manual / automated,3.28,Overdue,Yes
LB000002857,EQ00001081,2022-07-19,Process/Mechanical Lubricant,Manual / automated,0.28,Overdue,Yes
LB000002858,EQ00001082,2022-01-12,Bearing Grease,Manual,0.52,Normal,Yes
LB000002859,EQ00001082,2022-05-21,Bearing Grease,Manual,1.07,Overdue,Yes
LB000002860,EQ00001082,2022-09-23,Bearing Grease,Manual,4.88,Overdue,Yes
LB000002861,EQ00001083,2023-01-09,Pump Bearing Grease,Manual,1.76,Overdue,Yes
LB000002862,EQ00001083,2021-05-25,Pump Bearing Grease,Manual,1.52,Overdue,Yes
LB000002863,EQ00001084,2021-05-30,Pump Bearing Grease,Manual,0.4,Early,Yes
LB000002864,EQ00001084,2026-01-15,Pump Bearing Grease,Manual,2.96,Early,Yes
LB000002865,EQ00001084,2025-02-26,Pump Bearing Grease,Manual,2.65,Early,Yes
LB000002866,EQ00001084,2023-02-09,Pump Bearing Grease,Manual,1.86,Overdue,Yes
LB000002867,EQ00001084,2022-01-30,Pump Bearing Grease,Manual,3.02,Overdue,Yes
LB000002868,EQ00001086,2023-03-13,EP Gear Oil / Grease,Grease gun / centralized,2.87,Normal,Yes
LB000002869,EQ00001086,2024-10-03,EP Gear Oil / Grease,Grease gun / centralized,3.36,Normal,Yes
LB000002870,EQ00001086,2026-03-30,EP Gear Oil / Grease,Grease gun / centralized,3.23,Overdue,Yes
LB000002871,EQ00001086,2025-03-09,EP Gear Oil / Grease,Grease gun / centralized,0.19,Early,Yes
LB000002872,EQ00001086,2024-02-25,EP Gear Oil / Grease,Grease gun / centralized,0.41,Overdue,Yes
LB000002873,EQ00001087,2024-11-27,Machine Oil / Grease,Manual,2.19,Normal,Yes
LB000002874,EQ00001087,2022-08-27,Machine Oil / Grease,Manual,3.37,Early,Yes
LB000002875,EQ00001087,2022-06-21,Machine Oil / Grease,Manual,3.34,Normal,Yes
LB000002876,EQ00001090,2026-05-08,Wire Rope / Gear Grease,Manual,2.91,Early,Yes
LB000002877,EQ00001090,2025-01-16,Wire Rope / Gear Grease,Manual,2.63,Normal,Yes
LB000002878,EQ00001090,2025-06-04,Wire Rope / Gear Grease,Manual,1.36,Normal,Yes
LB000002879,EQ00001091,2022-04-13,Process/Mechanical Lubricant,Manual / automated,3.42,Normal,Yes
LB000002880,EQ00001091,2024-04-05,Process/Mechanical Lubricant,Manual / automated,2.88,Overdue,Yes
LB000002881,EQ00001091,2021-11-28,Process/Mechanical Lubricant,Manual / automated,3.4,Early,Yes
LB000002882,EQ00001091,2025-07-20,Process/Mechanical Lubricant,Manual / automated,1.94,Overdue,Yes
LB000002883,EQ00001091,2025-07-10,Process/Mechanical Lubricant,Manual / automated,0.93,Normal,Yes
LB000002884,EQ00001093,2021-03-18,Bearing Oil / Grease,Manual / auto-lube,3.47,Normal,Yes
LB000002885,EQ00001093,2025-05-29,Bearing Oil / Grease,Manual / auto-lube,2.24,Normal,Yes
LB000002886,EQ00001093,2021-04-02,Bearing Oil / Grease,Manual / auto-lube,4.76,Overdue,Yes
LB000002887,EQ00001095,2022-05-06,Bearing Grease,Manual,2.01,Overdue,Yes
LB000002888,EQ00001095,2021-03-16,Bearing Grease,Manual,3.9,Normal,Yes
LB000002889,EQ00001095,2023-09-19,Bearing Grease,Manual,1.7,Early,Yes
LB000002890,EQ00001095,2023-09-03,Bearing Grease,Manual,1.15,Overdue,Yes
LB000002891,EQ00001096,2023-09-27,Bearing Grease,Manual,3.93,Early,Yes
LB000002892,EQ00001096,2021-02-10,Bearing Grease,Manual,2.19,Normal,Yes
LB000002893,EQ00001096,2026-04-09,Bearing Grease,Manual,3.08,Overdue,Yes
LB000002894,EQ00001096,2025-06-10,Bearing Grease,Manual,0.47,Normal,Yes
LB000002895,EQ00001096,2022-04-25,Bearing Grease,Manual,4.48,Normal,Yes
LB000002896,EQ00001097,2021-10-17,Bearing Oil / Grease,Manual / auto-lube,3.78,Overdue,Yes
LB000002897,EQ00001097,2021-01-28,Bearing Oil / Grease,Manual / auto-lube,4.21,Normal,Yes
LB000002898,EQ00001097,2023-03-28,Bearing Oil / Grease,Manual / auto-lube,3.89,Normal,Yes
LB000002899,EQ00001097,2024-10-14,Bearing Oil / Grease,Manual / auto-lube,2.88,Overdue,Yes
LB000002900,EQ00001097,2023-07-27,Bearing Oil / Grease,Manual / auto-lube,0.34,Normal,Yes
LB000002901,EQ00001098,2023-04-07,Machine Oil / Grease,Manual,2.09,Early,Yes
LB000002902,EQ00001098,2024-12-04,Machine Oil / Grease,Manual,3.07,Overdue,Yes
LB000002903,EQ00001099,2026-02-24,Engine / Gear Lubricant,Workshop service,1.38,Normal,Yes
LB000002904,EQ00001099,2024-06-29,Engine / Gear Lubricant,Workshop service,0.26,Overdue,Yes
LB000002905,EQ00001100,2024-10-26,Process/Mechanical Lubricant,Manual / automated,0.19,Normal,Yes
LB000002906,EQ00001102,2024-06-28,EP Gear Oil / Grease,Grease gun / centralized,0.22,Early,Yes
LB000002907,EQ00001102,2022-05-14,EP Gear Oil / Grease,Grease gun / centralized,0.38,Normal,Yes
LB000002908,EQ00001102,2024-09-08,EP Gear Oil / Grease,Grease gun / centralized,4.89,Normal,Yes
LB000002909,EQ00001102,2023-10-03,EP Gear Oil / Grease,Grease gun / centralized,1.45,Normal,Yes
LB000002910,EQ00001102,2024-10-12,EP Gear Oil / Grease,Grease gun / centralized,2.61,Normal,Yes
LB000002911,EQ00001103,2026-04-11,Bearing Grease,Manual,4.18,Overdue,Yes
LB000002912,EQ00001103,2023-01-30,Bearing Grease,Manual,1.21,Early,Yes
LB000002913,EQ00001105,2023-10-05,Process/Mechanical Lubricant,Manual / automated,3.36,Early,Yes
LB000002914,EQ00001105,2026-08-15,Process/Mechanical Lubricant,Manual / automated,1.53,Early,Yes
LB000002915,EQ00001105,2025-09-20,Process/Mechanical Lubricant,Manual / automated,0.5,Early,Yes
LB000002916,EQ00001105,2026-01-31,Process/Mechanical Lubricant,Manual / automated,4.87,Overdue,Yes
LB000002917,EQ00001105,2025-03-07,Process/Mechanical Lubricant,Manual / automated,0.76,Overdue,Yes
LB000002918,EQ00001105,2025-04-15,Process/Mechanical Lubricant,Manual / automated,2.51,Early,Yes
LB000002919,EQ00001106,2025-11-14,Process/Mechanical Lubricant,Manual / automated,1.16,Early,Yes
LB000002920,EQ00001108,2026-04-24,Machine Oil / Grease,Manual,2.21,Early,Yes
LB000002921,EQ00001108,2022-05-18,Machine Oil / Grease,Manual,4.66,Overdue,Yes
LB000002922,EQ00001108,2023-04-28,Machine Oil / Grease,Manual,2.35,Early,Yes
LB000002923,EQ00001108,2025-04-16,Machine Oil / Grease,Manual,3.38,Overdue,Yes
LB000002924,EQ00001108,2023-03-01,Machine Oil / Grease,Manual,1.91,Early,Yes
LB000002925,EQ00001109,2022-02-23,EP Gear Oil / Grease,Grease gun / centralized,3.9,Normal,Yes
LB000002926,EQ00001109,2023-03-14,EP Gear Oil / Grease,Grease gun / centralized,4.46,Overdue,Yes
LB000002927,EQ00001109,2022-12-10,EP Gear Oil / Grease,Grease gun / centralized,0.81,Overdue,Yes
LB000002928,EQ00001109,2023-12-09,EP Gear Oil / Grease,Grease gun / centralized,1.14,Normal,Yes
LB000002929,EQ00001109,2022-03-13,EP Gear Oil / Grease,Grease gun / centralized,4.28,Overdue,Yes
LB000002930,EQ00001110,2022-05-18,Wire Rope / Gear Grease,Manual,2.11,Overdue,Yes
LB000002931,EQ00001111,2023-08-23,Bearing Oil / Grease,Manual / auto-lube,1.5,Overdue,Yes
LB000002932,EQ00001111,2025-08-13,Bearing Oil / Grease,Manual / auto-lube,3.43,Overdue,Yes
LB000002933,EQ00001111,2021-05-17,Bearing Oil / Grease,Manual / auto-lube,0.6,Overdue,Yes
LB000002934,EQ00001111,2025-04-29,Bearing Oil / Grease,Manual / auto-lube,1.46,Overdue,Yes
LB000002935,EQ00001111,2024-06-19,Bearing Oil / Grease,Manual / auto-lube,4.65,Early,Yes
LB000002936,EQ00001112,2025-10-06,Bearing Oil / Grease,Manual / auto-lube,1.82,Early,Yes
LB000002937,EQ00001112,2026-08-19,Bearing Oil / Grease,Manual / auto-lube,1.27,Overdue,Yes
LB000002938,EQ00001112,2021-10-03,Bearing Oil / Grease,Manual / auto-lube,2.8,Normal,Yes
LB000002939,EQ00001112,2025-07-19,Bearing Oil / Grease,Manual / auto-lube,0.47,Early,Yes
LB000002940,EQ00001113,2021-06-16,EP Gear Oil / Grease,Grease gun / centralized,4.48,Early,Yes
LB000002941,EQ00001113,2021-07-21,EP Gear Oil / Grease,Grease gun / centralized,4.78,Normal,Yes
LB000002942,EQ00001113,2026-06-23,EP Gear Oil / Grease,Grease gun / centralized,0.28,Normal,Yes
LB000002943,EQ00001113,2022-02-16,EP Gear Oil / Grease,Grease gun / centralized,3.77,Overdue,Yes
LB000002944,EQ00001113,2021-04-02,EP Gear Oil / Grease,Grease gun / centralized,1.57,Normal,Yes
LB000002945,EQ00001114,2026-03-14,Process/Mechanical Lubricant,Manual / automated,4.92,Normal,Yes
LB000002946,EQ00001114,2025-02-18,Process/Mechanical Lubricant,Manual / automated,3.36,Overdue,Yes
LB000002947,EQ00001115,2024-08-28,EP Gear Oil / Grease,Grease gun / centralized,4.67,Overdue,Yes
LB000002948,EQ00001115,2022-03-16,EP Gear Oil / Grease,Grease gun / centralized,0.51,Overdue,Yes
LB000002949,EQ00001115,2025-10-01,EP Gear Oil / Grease,Grease gun / centralized,1.8,Early,Yes
LB000002950,EQ00001116,2021-11-29,Process/Mechanical Lubricant,Manual / automated,0.25,Overdue,Yes
LB000002951,EQ00001116,2024-09-02,Process/Mechanical Lubricant,Manual / automated,4.44,Early,Yes
LB000002952,EQ00001116,2021-09-10,Process/Mechanical Lubricant,Manual / automated,3.2,Early,Yes
LB000002953,EQ00001119,2021-03-01,Pump Bearing Grease,Manual,4.69,Overdue,Yes
LB000002954,EQ00001119,2022-02-14,Pump Bearing Grease,Manual,2.99,Normal,Yes
LB000002955,EQ00001119,2026-03-22,Pump Bearing Grease,Manual,4.04,Early,Yes
LB000002956,EQ00001119,2023-09-10,Pump Bearing Grease,Manual,4.95,Early,Yes
LB000002957,EQ00001120,2024-05-02,Wire Rope / Gear Grease,Manual,0.79,Early,Yes
LB000002958,EQ00001120,2026-07-10,Wire Rope / Gear Grease,Manual,0.1,Early,Yes
LB000002959,EQ00001120,2026-02-26,Wire Rope / Gear Grease,Manual,1.38,Normal,Yes
LB000002960,EQ00001120,2023-09-29,Wire Rope / Gear Grease,Manual,2.8,Normal,Yes
LB000002961,EQ00001120,2024-12-21,Wire Rope / Gear Grease,Manual,4.15,Normal,Yes
LB000002962,EQ00001120,2025-07-08,Wire Rope / Gear Grease,Manual,1.41,Normal,Yes
LB000002963,EQ00001121,2022-06-04,Machine Oil / Grease,Manual,3.4,Early,Yes
LB000002964,EQ00001121,2025-09-16,Machine Oil / Grease,Manual,4.29,Normal,Yes
LB000002965,EQ00001121,2024-06-19,Machine Oil / Grease,Manual,1.13,Early,Yes
LB000002966,EQ00001122,2021-06-12,Wire Rope / Gear Grease,Manual,3.69,Early,Yes
LB000002967,EQ00001122,2022-02-10,Wire Rope / Gear Grease,Manual,2.91,Overdue,Yes
LB000002968,EQ00001124,2024-05-29,Bearing Oil / Grease,Manual / auto-lube,3.06,Normal,Yes
LB000002969,EQ00001124,2024-07-16,Bearing Oil / Grease,Manual / auto-lube,1.63,Early,Yes
LB000002970,EQ00001125,2024-02-03,Bearing Grease,Manual,0.41,Early,Yes
LB000002971,EQ00001125,2023-10-31,Bearing Grease,Manual,3.43,Overdue,Yes
LB000002972,EQ00001125,2023-09-14,Bearing Grease,Manual,0.52,Early,Yes
LB000002973,EQ00001125,2025-06-20,Bearing Grease,Manual,3.8,Early,Yes
LB000002974,EQ00001127,2021-06-22,Bearing Grease,Manual,3.92,Overdue,Yes
LB000002975,EQ00001127,2021-11-05,Bearing Grease,Manual,1.96,Early,Yes
LB000002976,EQ00001127,2022-11-30,Bearing Grease,Manual,2.82,Normal,Yes
LB000002977,EQ00001127,2025-12-14,Bearing Grease,Manual,0.3,Early,Yes
LB000002978,EQ00001127,2024-02-12,Bearing Grease,Manual,4.89,Overdue,Yes
LB000002979,EQ00001127,2023-09-27,Bearing Grease,Manual,3.65,Early,Yes
LB000002980,EQ00001129,2021-12-02,EP Gear Oil / Grease,Grease gun / centralized,2.89,Early,Yes
LB000002981,EQ00001129,2023-10-02,EP Gear Oil / Grease,Grease gun / centralized,2.29,Overdue,Yes
LB000002982,EQ00001129,2025-09-24,EP Gear Oil / Grease,Grease gun / centralized,2.92,Early,Yes
LB000002983,EQ00001129,2024-08-17,EP Gear Oil / Grease,Grease gun / centralized,0.32,Overdue,Yes
LB000002984,EQ00001129,2026-01-13,EP Gear Oil / Grease,Grease gun / centralized,4.75,Normal,Yes
LB000002985,EQ00001129,2021-06-27,EP Gear Oil / Grease,Grease gun / centralized,2.37,Early,Yes
LB000002986,EQ00001132,2026-04-07,EP Gear Oil / Grease,Grease gun / centralized,4.62,Early,Yes
LB000002987,EQ00001132,2022-11-16,EP Gear Oil / Grease,Grease gun / centralized,1.46,Overdue,Yes
LB000002988,EQ00001132,2025-08-25,EP Gear Oil / Grease,Grease gun / centralized,3.15,Early,Yes
LB000002989,EQ00001132,2026-08-07,EP Gear Oil / Grease,Grease gun / centralized,2.83,Normal,Yes
LB000002990,EQ00001132,2021-11-11,EP Gear Oil / Grease,Grease gun / centralized,1.22,Overdue,Yes
LB000002991,EQ00001133,2024-06-16,Bearing Oil / Grease,Manual / auto-lube,0.15,Early,Yes
LB000002992,EQ00001133,2026-05-10,Bearing Oil / Grease,Manual / auto-lube,3.46,Early,Yes
LB000002993,EQ00001133,2023-11-09,Bearing Oil / Grease,Manual / auto-lube,4.26,Early,Yes
LB000002994,EQ00001133,2021-10-27,Bearing Oil / Grease,Manual / auto-lube,3.45,Normal,Yes
LB000002995,EQ00001133,2022-02-23,Bearing Oil / Grease,Manual / auto-lube,1.09,Overdue,Yes
LB000002996,EQ00001133,2025-10-09,Bearing Oil / Grease,Manual / auto-lube,4.28,Overdue,Yes
LB000002997,EQ00001134,2024-11-09,Bearing Oil / Grease,Manual / auto-lube,4.35,Normal,Yes
LB000002998,EQ00001134,2024-12-02,Bearing Oil / Grease,Manual / auto-lube,4.59,Overdue,Yes
LB000002999,EQ00001135,2026-04-12,Wire Rope / Gear Grease,Manual,0.86,Normal,Yes
LB000003000,EQ00001135,2023-03-31,Wire Rope / Gear Grease,Manual,1.16,Early,Yes
LB000003001,EQ00001135,2025-11-15,Wire Rope / Gear Grease,Manual,1.18,Normal,Yes
LB000003002,EQ00001135,2021-01-28,Wire Rope / Gear Grease,Manual,1.12,Early,Yes
LB000003003,EQ00001135,2024-01-28,Wire Rope / Gear Grease,Manual,2.4,Normal,Yes
LB000003004,EQ00001135,2025-12-10,Wire Rope / Gear Grease,Manual,0.14,Early,Yes
LB000003005,EQ00001136,2022-05-22,Engine / Gear Lubricant,Workshop service,3.32,Early,Yes
LB000003006,EQ00001137,2022-05-20,Process/Mechanical Lubricant,Manual / automated,1.14,Early,Yes
LB000003007,EQ00001137,2022-08-31,Process/Mechanical Lubricant,Manual / automated,0.59,Early,Yes
LB000003008,EQ00001137,2026-08-24,Process/Mechanical Lubricant,Manual / automated,4.66,Normal,Yes
LB000003009,EQ00001137,2024-01-21,Process/Mechanical Lubricant,Manual / automated,0.13,Normal,Yes
LB000003010,EQ00001138,2021-09-12,Pump Bearing Grease,Manual,4.58,Normal,Yes
LB000003011,EQ00001138,2022-07-20,Pump Bearing Grease,Manual,2.07,Early,Yes
LB000003012,EQ00001138,2025-09-06,Pump Bearing Grease,Manual,0.91,Normal,Yes
LB000003013,EQ00001140,2024-11-27,Bearing Grease,Manual,1.51,Overdue,Yes
LB000003014,EQ00001140,2026-06-22,Bearing Grease,Manual,4.82,Early,Yes
LB000003015,EQ00001142,2022-07-22,Bearing Grease,Manual,3.33,Overdue,Yes
LB000003016,EQ00001142,2024-03-31,Bearing Grease,Manual,3.25,Overdue,Yes
LB000003017,EQ00001144,2021-11-28,Bearing Oil / Grease,Manual / auto-lube,2.89,Early,Yes
LB000003018,EQ00001144,2025-04-22,Bearing Oil / Grease,Manual / auto-lube,1.25,Early,Yes
LB000003019,EQ00001144,2024-09-15,Bearing Oil / Grease,Manual / auto-lube,3.75,Normal,Yes
LB000003020,EQ00001144,2023-01-20,Bearing Oil / Grease,Manual / auto-lube,1.57,Normal,Yes
LB000003021,EQ00001144,2025-10-04,Bearing Oil / Grease,Manual / auto-lube,2.85,Normal,Yes
LB000003022,EQ00001144,2025-06-19,Bearing Oil / Grease,Manual / auto-lube,0.65,Overdue,Yes
LB000003023,EQ00001145,2022-06-28,Wire Rope / Gear Grease,Manual,0.36,Early,Yes
LB000003024,EQ00001145,2022-08-19,Wire Rope / Gear Grease,Manual,4.74,Normal,Yes
LB000003025,EQ00001145,2026-05-08,Wire Rope / Gear Grease,Manual,3.64,Normal,Yes
LB000003026,EQ00001145,2024-03-11,Wire Rope / Gear Grease,Manual,1.7,Normal,Yes
LB000003027,EQ00001145,2023-05-18,Wire Rope / Gear Grease,Manual,2.2,Early,Yes
LB000003028,EQ00001146,2021-10-11,Bearing Oil / Grease,Manual / auto-lube,4.72,Overdue,Yes
LB000003029,EQ00001146,2026-06-05,Bearing Oil / Grease,Manual / auto-lube,2.47,Overdue,Yes
LB000003030,EQ00001147,2022-05-29,Wire Rope / Gear Grease,Manual,2.49,Normal,Yes
LB000003031,EQ00001148,2021-01-03,Engine / Gear Lubricant,Workshop service,3.17,Normal,Yes
LB000003032,EQ00001148,2025-03-29,Engine / Gear Lubricant,Workshop service,0.67,Overdue,Yes
LB000003033,EQ00001149,2021-04-30,EP Gear Oil / Grease,Grease gun / centralized,2.55,Overdue,Yes
LB000003034,EQ00001149,2026-01-05,EP Gear Oil / Grease,Grease gun / centralized,3.48,Normal,Yes
LB000003035,EQ00001150,2024-07-24,Engine / Gear Lubricant,Workshop service,3.59,Overdue,Yes
LB000003036,EQ00001151,2022-05-26,Bearing Grease,Manual,3.39,Normal,Yes
LB000003037,EQ00001151,2022-09-29,Bearing Grease,Manual,1.14,Normal,Yes
LB000003038,EQ00001151,2023-07-30,Bearing Grease,Manual,2.21,Overdue,Yes
LB000003039,EQ00001151,2024-11-03,Bearing Grease,Manual,4.89,Overdue,Yes
LB000003040,EQ00001151,2026-01-03,Bearing Grease,Manual,2.32,Normal,Yes
LB000003041,EQ00001153,2025-06-06,Bearing Grease,Manual,1.58,Normal,Yes
LB000003042,EQ00001153,2021-03-31,Bearing Grease,Manual,1.87,Overdue,Yes
LB000003043,EQ00001153,2022-07-15,Bearing Grease,Manual,2.12,Early,Yes
LB000003044,EQ00001153,2023-02-14,Bearing Grease,Manual,2.77,Overdue,Yes
LB000003045,EQ00001154,2025-05-18,Wire Rope / Gear Grease,Manual,1.11,Overdue,Yes
LB000003046,EQ00001154,2021-12-08,Wire Rope / Gear Grease,Manual,1.1,Normal,Yes
LB000003047,EQ00001154,2023-10-12,Wire Rope / Gear Grease,Manual,4.86,Normal,Yes
LB000003048,EQ00001154,2021-01-14,Wire Rope / Gear Grease,Manual,4.91,Early,Yes
LB000003049,EQ00001154,2026-02-12,Wire Rope / Gear Grease,Manual,2.44,Early,Yes
LB000003050,EQ00001154,2024-11-22,Wire Rope / Gear Grease,Manual,0.61,Overdue,Yes
LB000003051,EQ00001156,2025-05-29,Pump Bearing Grease,Manual,4.88,Early,Yes
LB000003052,EQ00001156,2023-10-20,Pump Bearing Grease,Manual,4.0,Overdue,Yes
LB000003053,EQ00001156,2024-12-09,Pump Bearing Grease,Manual,4.58,Early,Yes
LB000003054,EQ00001156,2024-12-04,Pump Bearing Grease,Manual,3.33,Early,Yes
LB000003055,EQ00001157,2021-03-21,Bearing Oil / Grease,Manual / auto-lube,3.34,Overdue,Yes
LB000003056,EQ00001158,2024-03-01,Bearing Grease,Manual,3.49,Early,Yes
LB000003057,EQ00001158,2023-07-24,Bearing Grease,Manual,0.44,Normal,Yes
LB000003058,EQ00001159,2021-11-30,Pump Bearing Grease,Manual,3.93,Overdue,Yes
LB000003059,EQ00001159,2021-02-21,Pump Bearing Grease,Manual,1.45,Overdue,Yes
LB000003060,EQ00001159,2025-09-04,Pump Bearing Grease,Manual,1.16,Overdue,Yes
LB000003061,EQ00001159,2021-06-12,Pump Bearing Grease,Manual,4.55,Normal,Yes
LB000003062,EQ00001159,2024-02-12,Pump Bearing Grease,Manual,0.52,Normal,Yes
LB000003063,EQ00001160,2021-03-24,Process/Mechanical Lubricant,Manual / automated,3.3,Early,Yes
LB000003064,EQ00001160,2025-05-07,Process/Mechanical Lubricant,Manual / automated,3.41,Overdue,Yes
LB000003065,EQ00001160,2025-10-20,Process/Mechanical Lubricant,Manual / automated,3.71,Normal,Yes
LB000003066,EQ00001160,2023-02-12,Process/Mechanical Lubricant,Manual / automated,1.52,Early,Yes
LB000003067,EQ00001160,2023-12-13,Process/Mechanical Lubricant,Manual / automated,3.8,Early,Yes
LB000003068,EQ00001160,2025-06-25,Process/Mechanical Lubricant,Manual / automated,2.68,Early,Yes
LB000003069,EQ00001161,2023-08-20,Bearing Grease,Manual,4.54,Overdue,Yes
LB000003070,EQ00001162,2025-07-21,Process/Mechanical Lubricant,Manual / automated,3.13,Overdue,Yes
LB000003071,EQ00001162,2022-12-08,Process/Mechanical Lubricant,Manual / automated,0.25,Overdue,Yes
LB000003072,EQ00001162,2021-05-14,Process/Mechanical Lubricant,Manual / automated,3.87,Normal,Yes
LB000003073,EQ00001162,2026-03-31,Process/Mechanical Lubricant,Manual / automated,4.14,Overdue,Yes
LB000003074,EQ00001164,2024-09-26,Machine Oil / Grease,Manual,2.84,Early,Yes
LB000003075,EQ00001164,2025-02-28,Machine Oil / Grease,Manual,1.8,Normal,Yes
LB000003076,EQ00001164,2025-10-14,Machine Oil / Grease,Manual,3.67,Early,Yes
LB000003077,EQ00001164,2026-03-02,Machine Oil / Grease,Manual,0.32,Overdue,Yes
LB000003078,EQ00001164,2022-09-03,Machine Oil / Grease,Manual,0.14,Normal,Yes
LB000003079,EQ00001165,2025-01-13,Machine Oil / Grease,Manual,2.48,Early,Yes
LB000003080,EQ00001165,2023-11-08,Machine Oil / Grease,Manual,3.6,Normal,Yes
LB000003081,EQ00001165,2021-12-24,Machine Oil / Grease,Manual,4.33,Early,Yes
LB000003082,EQ00001165,2021-01-12,Machine Oil / Grease,Manual,1.05,Early,Yes
LB000003083,EQ00001166,2025-09-02,Pump Bearing Grease,Manual,0.57,Normal,Yes
LB000003084,EQ00001166,2026-03-21,Pump Bearing Grease,Manual,3.65,Overdue,Yes
LB000003085,EQ00001166,2022-08-05,Pump Bearing Grease,Manual,4.69,Overdue,Yes
LB000003086,EQ00001167,2022-03-06,Pump Bearing Grease,Manual,3.38,Normal,Yes
LB000003087,EQ00001167,2024-08-20,Pump Bearing Grease,Manual,0.22,Normal,Yes
LB000003088,EQ00001168,2024-10-11,Engine / Gear Lubricant,Workshop service,2.82,Normal,Yes
LB000003089,EQ00001168,2023-04-15,Engine / Gear Lubricant,Workshop service,3.78,Overdue,Yes
LB000003090,EQ00001168,2025-12-18,Engine / Gear Lubricant,Workshop service,1.83,Normal,Yes
LB000003091,EQ00001168,2023-05-29,Engine / Gear Lubricant,Workshop service,0.99,Overdue,Yes
LB000003092,EQ00001169,2022-03-17,Machine Oil / Grease,Manual,4.68,Early,Yes
LB000003093,EQ00001169,2021-03-02,Machine Oil / Grease,Manual,3.17,Normal,Yes
LB000003094,EQ00001169,2025-08-24,Machine Oil / Grease,Manual,0.36,Early,Yes
LB000003095,EQ00001169,2021-04-21,Machine Oil / Grease,Manual,4.55,Early,Yes
LB000003096,EQ00001169,2024-07-22,Machine Oil / Grease,Manual,2.85,Early,Yes
LB000003097,EQ00001169,2026-03-16,Machine Oil / Grease,Manual,1.23,Early,Yes
LB000003098,EQ00001170,2023-07-28,Pump Bearing Grease,Manual,4.77,Overdue,Yes
LB000003099,EQ00001170,2021-09-08,Pump Bearing Grease,Manual,2.37,Normal,Yes
LB000003100,EQ00001170,2025-06-10,Pump Bearing Grease,Manual,4.68,Normal,Yes
LB000003101,EQ00001171,2024-03-16,Process/Mechanical Lubricant,Manual / automated,4.45,Early,Yes
LB000003102,EQ00001171,2024-10-06,Process/Mechanical Lubricant,Manual / automated,4.06,Overdue,Yes
LB000003103,EQ00001171,2022-11-25,Process/Mechanical Lubricant,Manual / automated,3.77,Early,Yes
LB000003104,EQ00001171,2026-03-11,Process/Mechanical Lubricant,Manual / automated,2.69,Normal,Yes
LB000003105,EQ00001171,2021-03-21,Process/Mechanical Lubricant,Manual / automated,3.97,Overdue,Yes
LB000003106,EQ00001171,2023-07-12,Process/Mechanical Lubricant,Manual / automated,1.6,Early,Yes
LB000003107,EQ00001172,2025-07-01,Engine / Gear Lubricant,Workshop service,4.07,Early,Yes
LB000003108,EQ00001172,2023-08-19,Engine / Gear Lubricant,Workshop service,2.32,Normal,Yes
LB000003109,EQ00001172,2022-05-10,Engine / Gear Lubricant,Workshop service,0.62,Early,Yes
LB000003110,EQ00001173,2021-05-11,EP Gear Oil / Grease,Grease gun / centralized,2.53,Normal,Yes
LB000003111,EQ00001173,2025-09-10,EP Gear Oil / Grease,Grease gun / centralized,2.72,Overdue,Yes
LB000003112,EQ00001173,2023-03-29,EP Gear Oil / Grease,Grease gun / centralized,3.07,Early,Yes
LB000003113,EQ00001175,2025-11-28,Machine Oil / Grease,Manual,4.81,Early,Yes
LB000003114,EQ00001175,2024-07-12,Machine Oil / Grease,Manual,0.13,Early,Yes
LB000003115,EQ00001175,2023-05-27,Machine Oil / Grease,Manual,3.63,Normal,Yes
LB000003116,EQ00001175,2025-03-30,Machine Oil / Grease,Manual,1.71,Overdue,Yes
LB000003117,EQ00001175,2023-10-10,Machine Oil / Grease,Manual,2.41,Overdue,Yes
LB000003118,EQ00001176,2022-08-19,Machine Oil / Grease,Manual,4.27,Early,Yes
LB000003119,EQ00001176,2021-08-01,Machine Oil / Grease,Manual,4.71,Overdue,Yes
LB000003120,EQ00001177,2022-02-11,Bearing Oil / Grease,Manual / auto-lube,4.26,Overdue,Yes
LB000003121,EQ00001177,2025-04-13,Bearing Oil / Grease,Manual / auto-lube,4.8,Overdue,Yes
LB000003122,EQ00001177,2025-01-01,Bearing Oil / Grease,Manual / auto-lube,3.23,Normal,Yes
LB000003123,EQ00001177,2021-07-01,Bearing Oil / Grease,Manual / auto-lube,4.41,Early,Yes
LB000003124,EQ00001177,2023-02-26,Bearing Oil / Grease,Manual / auto-lube,0.67,Early,Yes
LB000003125,EQ00001178,2021-01-17,Pump Bearing Grease,Manual,4.27,Overdue,Yes
LB000003126,EQ00001178,2024-04-02,Pump Bearing Grease,Manual,4.41,Normal,Yes
LB000003127,EQ00001178,2025-12-24,Pump Bearing Grease,Manual,0.98,Early,Yes
LB000003128,EQ00001178,2024-09-18,Pump Bearing Grease,Manual,0.82,Early,Yes
LB000003129,EQ00001179,2025-02-01,Machine Oil / Grease,Manual,4.74,Normal,Yes
LB000003130,EQ00001179,2024-03-05,Machine Oil / Grease,Manual,2.92,Normal,Yes
LB000003131,EQ00001179,2026-01-03,Machine Oil / Grease,Manual,4.96,Normal,Yes
LB000003132,EQ00001179,2026-03-17,Machine Oil / Grease,Manual,0.76,Normal,Yes
LB000003133,EQ00001179,2022-04-13,Machine Oil / Grease,Manual,4.88,Overdue,Yes
LB000003134,EQ00001180,2026-06-29,Wire Rope / Gear Grease,Manual,1.98,Normal,Yes
LB000003135,EQ00001180,2024-05-13,Wire Rope / Gear Grease,Manual,4.07,Overdue,Yes
LB000003136,EQ00001180,2026-06-07,Wire Rope / Gear Grease,Manual,3.87,Overdue,Yes
LB000003137,EQ00001180,2022-11-18,Wire Rope / Gear Grease,Manual,2.47,Overdue,Yes
LB000003138,EQ00001180,2024-08-29,Wire Rope / Gear Grease,Manual,4.51,Early,Yes
LB000003139,EQ00001182,2025-03-23,Pump Bearing Grease,Manual,3.09,Normal,Yes
LB000003140,EQ00001183,2022-12-23,Bearing Grease,Manual,0.62,Overdue,Yes
LB000003141,EQ00001183,2025-08-28,Bearing Grease,Manual,4.6,Normal,Yes
LB000003142,EQ00001183,2022-01-19,Bearing Grease,Manual,0.12,Normal,Yes
LB000003143,EQ00001183,2023-10-13,Bearing Grease,Manual,1.84,Normal,Yes
LB000003144,EQ00001185,2026-02-27,Bearing Grease,Manual,2.66,Overdue,Yes
LB000003145,EQ00001185,2022-12-25,Bearing Grease,Manual,4.14,Overdue,Yes
LB000003146,EQ00001185,2022-01-15,Bearing Grease,Manual,4.36,Normal,Yes
LB000003147,EQ00001185,2025-10-21,Bearing Grease,Manual,3.22,Overdue,Yes
LB000003148,EQ00001186,2023-09-02,EP Gear Oil / Grease,Grease gun / centralized,4.52,Overdue,Yes
LB000003149,EQ00001186,2026-06-19,EP Gear Oil / Grease,Grease gun / centralized,1.8,Early,Yes
LB000003150,EQ00001186,2021-11-09,EP Gear Oil / Grease,Grease gun / centralized,0.92,Normal,Yes
LB000003151,EQ00001188,2022-12-12,Machine Oil / Grease,Manual,3.54,Early,Yes
LB000003152,EQ00001189,2024-11-30,Bearing Grease,Manual,4.81,Early,Yes
LB000003153,EQ00001189,2021-01-16,Bearing Grease,Manual,4.2,Overdue,Yes
LB000003154,EQ00001189,2021-04-08,Bearing Grease,Manual,0.77,Early,Yes
LB000003155,EQ00001189,2023-12-11,Bearing Grease,Manual,3.12,Normal,Yes
LB000003156,EQ00001189,2024-08-14,Bearing Grease,Manual,3.64,Early,Yes
LB000003157,EQ00001190,2024-08-18,EP Gear Oil / Grease,Grease gun / centralized,4.71,Overdue,Yes
LB000003158,EQ00001192,2025-09-25,Pump Bearing Grease,Manual,3.5,Normal,Yes
LB000003159,EQ00001192,2021-06-27,Pump Bearing Grease,Manual,3.35,Early,Yes
LB000003160,EQ00001192,2022-08-06,Pump Bearing Grease,Manual,1.57,Normal,Yes
LB000003161,EQ00001192,2024-12-29,Pump Bearing Grease,Manual,3.99,Overdue,Yes
LB000003162,EQ00001192,2024-02-23,Pump Bearing Grease,Manual,2.84,Early,Yes
LB000003163,EQ00001192,2025-06-22,Pump Bearing Grease,Manual,2.36,Early,Yes
LB000003164,EQ00001193,2022-01-26,Bearing Grease,Manual,0.89,Normal,Yes
LB000003165,EQ00001194,2021-11-24,Pump Bearing Grease,Manual,1.81,Overdue,Yes
LB000003166,EQ00001194,2021-08-13,Pump Bearing Grease,Manual,0.25,Overdue,Yes
LB000003167,EQ00001194,2024-10-26,Pump Bearing Grease,Manual,2.25,Overdue,Yes
LB000003168,EQ00001195,2025-02-03,Bearing Oil / Grease,Manual / auto-lube,2.86,Normal,Yes
LB000003169,EQ00001195,2023-04-11,Bearing Oil / Grease,Manual / auto-lube,0.13,Overdue,Yes
LB000003170,EQ00001195,2026-06-15,Bearing Oil / Grease,Manual / auto-lube,1.25,Normal,Yes
LB000003171,EQ00001195,2025-09-11,Bearing Oil / Grease,Manual / auto-lube,1.72,Overdue,Yes
LB000003172,EQ00001195,2025-01-28,Bearing Oil / Grease,Manual / auto-lube,1.48,Normal,Yes
LB000003173,EQ00001196,2025-07-20,Pump Bearing Grease,Manual,3.45,Early,Yes
LB000003174,EQ00001196,2026-05-31,Pump Bearing Grease,Manual,2.45,Overdue,Yes
LB000003175,EQ00001196,2025-10-08,Pump Bearing Grease,Manual,1.65,Early,Yes
LB000003176,EQ00001196,2023-08-23,Pump Bearing Grease,Manual,3.81,Early,Yes
LB000003177,EQ00001196,2021-09-08,Pump Bearing Grease,Manual,3.83,Overdue,Yes
LB000003178,EQ00001198,2022-06-09,Wire Rope / Gear Grease,Manual,2.86,Early,Yes
LB000003179,EQ00001198,2023-04-09,Wire Rope / Gear Grease,Manual,4.28,Normal,Yes
LB000003180,EQ00001198,2026-02-25,Wire Rope / Gear Grease,Manual,4.56,Normal,Yes
LB000003181,EQ00001198,2025-05-12,Wire Rope / Gear Grease,Manual,3.49,Normal,Yes
LB000003182,EQ00001198,2024-04-24,Wire Rope / Gear Grease,Manual,2.77,Normal,Yes
LB000003183,EQ00001200,2022-04-20,Process/Mechanical Lubricant,Manual / automated,4.91,Normal,Yes
LB000003184,EQ00001200,2021-10-31,Process/Mechanical Lubricant,Manual / automated,2.98,Overdue,Yes
LB000003185,EQ00001200,2021-04-22,Process/Mechanical Lubricant,Manual / automated,2.83,Early,Yes
LB000003186,EQ00001200,2025-03-07,Process/Mechanical Lubricant,Manual / automated,4.75,Overdue,Yes
LB000003187,EQ00001202,2026-03-07,Wire Rope / Gear Grease,Manual,3.81,Early,Yes
LB000003188,EQ00001202,2023-04-03,Wire Rope / Gear Grease,Manual,4.37,Overdue,Yes
LB000003189,EQ00001202,2021-08-01,Wire Rope / Gear Grease,Manual,3.12,Overdue,Yes
LB000003190,EQ00001202,2025-05-06,Wire Rope / Gear Grease,Manual,3.49,Early,Yes
LB000003191,EQ00001202,2025-06-05,Wire Rope / Gear Grease,Manual,4.26,Normal,Yes
LB000003192,EQ00001203,2023-06-09,EP Gear Oil / Grease,Grease gun / centralized,0.19,Overdue,Yes
LB000003193,EQ00001203,2025-10-26,EP Gear Oil / Grease,Grease gun / centralized,1.81,Overdue,Yes
LB000003194,EQ00001203,2026-04-27,EP Gear Oil / Grease,Grease gun / centralized,3.5,Normal,Yes
LB000003195,EQ00001205,2021-07-13,Process/Mechanical Lubricant,Manual / automated,1.17,Overdue,Yes
LB000003196,EQ00001205,2024-12-18,Process/Mechanical Lubricant,Manual / automated,2.85,Normal,Yes
LB000003197,EQ00001205,2023-11-02,Process/Mechanical Lubricant,Manual / automated,2.04,Early,Yes
LB000003198,EQ00001205,2022-03-03,Process/Mechanical Lubricant,Manual / automated,3.83,Normal,Yes
LB000003199,EQ00001205,2026-04-28,Process/Mechanical Lubricant,Manual / automated,0.41,Overdue,Yes
LB000003200,EQ00001206,2022-09-04,Machine Oil / Grease,Manual,0.53,Normal,Yes
LB000003201,EQ00001206,2021-09-13,Machine Oil / Grease,Manual,0.62,Overdue,Yes
LB000003202,EQ00001206,2026-03-09,Machine Oil / Grease,Manual,3.37,Early,Yes
LB000003203,EQ00001206,2025-07-29,Machine Oil / Grease,Manual,3.93,Overdue,Yes
LB000003204,EQ00001206,2023-05-24,Machine Oil / Grease,Manual,4.41,Normal,Yes
LB000003205,EQ00001207,2025-10-22,Process/Mechanical Lubricant,Manual / automated,1.19,Normal,Yes
LB000003206,EQ00001208,2025-06-03,Process/Mechanical Lubricant,Manual / automated,1.87,Normal,Yes
LB000003207,EQ00001208,2025-02-04,Process/Mechanical Lubricant,Manual / automated,4.28,Early,Yes
LB000003208,EQ00001208,2025-09-25,Process/Mechanical Lubricant,Manual / automated,1.42,Normal,Yes
LB000003209,EQ00001208,2022-12-04,Process/Mechanical Lubricant,Manual / automated,3.77,Overdue,Yes
LB000003210,EQ00001210,2021-03-29,Bearing Grease,Manual,4.84,Overdue,Yes
LB000003211,EQ00001210,2024-04-01,Bearing Grease,Manual,1.93,Normal,Yes
LB000003212,EQ00001211,2024-11-25,Machine Oil / Grease,Manual,0.2,Normal,Yes
LB000003213,EQ00001211,2025-02-20,Machine Oil / Grease,Manual,4.85,Normal,Yes
LB000003214,EQ00001211,2021-04-27,Machine Oil / Grease,Manual,4.46,Overdue,Yes
LB000003215,EQ00001211,2025-08-03,Machine Oil / Grease,Manual,3.72,Normal,Yes
LB000003216,EQ00001211,2021-03-23,Machine Oil / Grease,Manual,3.7,Overdue,Yes
LB000003217,EQ00001214,2022-09-02,Machine Oil / Grease,Manual,4.65,Normal,Yes
LB000003218,EQ00001214,2023-08-27,Machine Oil / Grease,Manual,2.55,Early,Yes
LB000003219,EQ00001214,2023-03-12,Machine Oil / Grease,Manual,1.51,Overdue,Yes
LB000003220,EQ00001214,2023-12-21,Machine Oil / Grease,Manual,1.69,Early,Yes
LB000003221,EQ00001214,2023-06-14,Machine Oil / Grease,Manual,2.72,Early,Yes
LB000003222,EQ00001214,2021-07-27,Machine Oil / Grease,Manual,3.49,Early,Yes
LB000003223,EQ00001215,2023-06-12,Bearing Oil / Grease,Manual / auto-lube,2.66,Early,Yes
LB000003224,EQ00001216,2022-05-28,EP Gear Oil / Grease,Grease gun / centralized,1.99,Normal,Yes
LB000003225,EQ00001216,2025-11-24,EP Gear Oil / Grease,Grease gun / centralized,4.39,Early,Yes
LB000003226,EQ00001216,2024-07-26,EP Gear Oil / Grease,Grease gun / centralized,2.51,Overdue,Yes
LB000003227,EQ00001217,2024-09-18,Machine Oil / Grease,Manual,0.45,Overdue,Yes
LB000003228,EQ00001218,2021-11-09,Machine Oil / Grease,Manual,3.46,Overdue,Yes
LB000003229,EQ00001218,2023-08-16,Machine Oil / Grease,Manual,3.12,Overdue,Yes
LB000003230,EQ00001218,2023-03-24,Machine Oil / Grease,Manual,1.18,Normal,Yes
LB000003231,EQ00001219,2025-11-27,Bearing Grease,Manual,4.89,Early,Yes
LB000003232,EQ00001219,2022-06-12,Bearing Grease,Manual,1.38,Normal,Yes
LB000003233,EQ00001219,2023-05-12,Bearing Grease,Manual,2.56,Early,Yes
LB000003234,EQ00001219,2025-02-11,Bearing Grease,Manual,3.07,Overdue,Yes
LB000003235,EQ00001219,2021-12-14,Bearing Grease,Manual,2.89,Normal,Yes
LB000003236,EQ00001219,2023-09-08,Bearing Grease,Manual,4.55,Normal,Yes
LB000003237,EQ00001220,2022-12-26,Wire Rope / Gear Grease,Manual,0.12,Early,Yes
LB000003238,EQ00001220,2021-01-26,Wire Rope / Gear Grease,Manual,1.36,Early,Yes
LB000003239,EQ00001220,2026-06-23,Wire Rope / Gear Grease,Manual,4.63,Early,Yes
LB000003240,EQ00001222,2024-02-09,Wire Rope / Gear Grease,Manual,3.64,Normal,Yes
LB000003241,EQ00001222,2026-01-07,Wire Rope / Gear Grease,Manual,0.48,Early,Yes
LB000003242,EQ00001222,2024-10-24,Wire Rope / Gear Grease,Manual,1.5,Normal,Yes
LB000003243,EQ00001222,2021-10-30,Wire Rope / Gear Grease,Manual,0.9,Early,Yes
LB000003244,EQ00001223,2022-08-25,EP Gear Oil / Grease,Grease gun / centralized,3.81,Early,Yes
LB000003245,EQ00001223,2026-03-22,EP Gear Oil / Grease,Grease gun / centralized,1.72,Early,Yes
LB000003246,EQ00001224,2021-05-10,Bearing Grease,Manual,1.3,Early,Yes
LB000003247,EQ00001224,2022-10-16,Bearing Grease,Manual,4.06,Overdue,Yes
LB000003248,EQ00001224,2021-12-06,Bearing Grease,Manual,3.39,Early,Yes
LB000003249,EQ00001224,2025-06-17,Bearing Grease,Manual,3.31,Normal,Yes
LB000003250,EQ00001224,2026-08-15,Bearing Grease,Manual,2.77,Early,Yes
LB000003251,EQ00001225,2023-05-18,Bearing Grease,Manual,0.18,Early,Yes
LB000003252,EQ00001225,2021-06-24,Bearing Grease,Manual,3.09,Overdue,Yes
LB000003253,EQ00001225,2021-01-25,Bearing Grease,Manual,2.71,Normal,Yes
LB000003254,EQ00001226,2023-01-14,Pump Bearing Grease,Manual,4.75,Early,Yes
LB000003255,EQ00001226,2024-01-27,Pump Bearing Grease,Manual,1.5,Normal,Yes
LB000003256,EQ00001226,2023-09-14,Pump Bearing Grease,Manual,3.88,Overdue,Yes
LB000003257,EQ00001226,2021-07-13,Pump Bearing Grease,Manual,3.17,Overdue,Yes
LB000003258,EQ00001227,2022-01-20,Process/Mechanical Lubricant,Manual / automated,4.91,Normal,Yes
LB000003259,EQ00001227,2022-04-03,Process/Mechanical Lubricant,Manual / automated,3.79,Normal,Yes
LB000003260,EQ00001227,2021-07-03,Process/Mechanical Lubricant,Manual / automated,0.13,Normal,Yes
LB000003261,EQ00001227,2023-07-14,Process/Mechanical Lubricant,Manual / automated,0.97,Early,Yes
LB000003262,EQ00001227,2026-04-27,Process/Mechanical Lubricant,Manual / automated,0.71,Normal,Yes
LB000003263,EQ00001230,2023-02-26,Pump Bearing Grease,Manual,3.63,Early,Yes
LB000003264,EQ00001230,2021-10-28,Pump Bearing Grease,Manual,3.84,Early,Yes
LB000003265,EQ00001230,2024-11-13,Pump Bearing Grease,Manual,3.53,Early,Yes
LB000003266,EQ00001230,2024-02-13,Pump Bearing Grease,Manual,3.68,Early,Yes
LB000003267,EQ00001230,2022-08-06,Pump Bearing Grease,Manual,1.16,Overdue,Yes
LB000003268,EQ00001230,2022-01-02,Pump Bearing Grease,Manual,4.98,Normal,Yes
LB000003269,EQ00001233,2021-08-24,Bearing Grease,Manual,0.49,Overdue,Yes
LB000003270,EQ00001233,2025-09-13,Bearing Grease,Manual,4.3,Overdue,Yes
LB000003271,EQ00001233,2024-11-06,Bearing Grease,Manual,1.35,Normal,Yes
LB000003272,EQ00001233,2025-07-14,Bearing Grease,Manual,0.12,Overdue,Yes
LB000003273,EQ00001233,2024-05-28,Bearing Grease,Manual,4.34,Early,Yes
LB000003274,EQ00001234,2021-11-20,EP Gear Oil / Grease,Grease gun / centralized,3.11,Normal,Yes
LB000003275,EQ00001235,2024-07-03,EP Gear Oil / Grease,Grease gun / centralized,0.64,Early,Yes
LB000003276,EQ00001235,2025-04-19,EP Gear Oil / Grease,Grease gun / centralized,2.21,Overdue,Yes
LB000003277,EQ00001235,2026-04-18,EP Gear Oil / Grease,Grease gun / centralized,2.53,Early,Yes
LB000003278,EQ00001236,2025-06-06,Machine Oil / Grease,Manual,1.39,Early,Yes
LB000003279,EQ00001236,2026-07-29,Machine Oil / Grease,Manual,4.71,Overdue,Yes
LB000003280,EQ00001236,2022-11-04,Machine Oil / Grease,Manual,0.48,Overdue,Yes
LB000003281,EQ00001237,2021-01-03,EP Gear Oil / Grease,Grease gun / centralized,2.24,Overdue,Yes
LB000003282,EQ00001237,2023-06-01,EP Gear Oil / Grease,Grease gun / centralized,4.94,Early,Yes
LB000003283,EQ00001237,2022-04-26,EP Gear Oil / Grease,Grease gun / centralized,1.98,Overdue,Yes
LB000003284,EQ00001237,2022-04-23,EP Gear Oil / Grease,Grease gun / centralized,0.94,Overdue,Yes
LB000003285,EQ00001237,2026-03-27,EP Gear Oil / Grease,Grease gun / centralized,2.18,Early,Yes
LB000003286,EQ00001239,2023-09-11,Machine Oil / Grease,Manual,1.84,Early,Yes
LB000003287,EQ00001239,2024-10-17,Machine Oil / Grease,Manual,0.86,Normal,Yes
LB000003288,EQ00001239,2021-03-05,Machine Oil / Grease,Manual,1.7,Overdue,Yes
LB000003289,EQ00001239,2026-05-27,Machine Oil / Grease,Manual,4.87,Normal,Yes
LB000003290,EQ00001239,2024-06-20,Machine Oil / Grease,Manual,4.72,Normal,Yes
LB000003291,EQ00001240,2024-03-02,Pump Bearing Grease,Manual,4.84,Overdue,Yes
LB000003292,EQ00001240,2025-06-23,Pump Bearing Grease,Manual,3.75,Overdue,Yes
LB000003293,EQ00001240,2023-08-27,Pump Bearing Grease,Manual,3.76,Normal,Yes
LB000003294,EQ00001240,2026-03-27,Pump Bearing Grease,Manual,1.59,Normal,Yes
LB000003295,EQ00001240,2024-12-08,Pump Bearing Grease,Manual,1.18,Normal,Yes
LB000003296,EQ00001240,2024-03-18,Pump Bearing Grease,Manual,1.53,Normal,Yes
LB000003297,EQ00001241,2024-11-15,Pump Bearing Grease,Manual,3.58,Early,Yes
LB000003298,EQ00001241,2022-08-02,Pump Bearing Grease,Manual,2.51,Normal,Yes
LB000003299,EQ00001241,2025-08-19,Pump Bearing Grease,Manual,4.02,Normal,Yes
LB000003300,EQ00001241,2022-05-27,Pump Bearing Grease,Manual,0.42,Overdue,Yes
LB000003301,EQ00001241,2024-08-27,Pump Bearing Grease,Manual,3.83,Normal,Yes
LB000003302,EQ00001241,2023-03-08,Pump Bearing Grease,Manual,1.29,Normal,Yes
LB000003303,EQ00001242,2025-09-02,Pump Bearing Grease,Manual,4.92,Normal,Yes
LB000003304,EQ00001243,2024-09-25,Process/Mechanical Lubricant,Manual / automated,0.35,Overdue,Yes
LB000003305,EQ00001244,2026-01-15,Machine Oil / Grease,Manual,2.75,Normal,Yes
LB000003306,EQ00001244,2024-01-27,Machine Oil / Grease,Manual,2.0,Early,Yes
LB000003307,EQ00001244,2025-01-29,Machine Oil / Grease,Manual,2.09,Normal,Yes
LB000003308,EQ00001244,2022-10-02,Machine Oil / Grease,Manual,3.18,Early,Yes
LB000003309,EQ00001245,2022-12-12,Pump Bearing Grease,Manual,1.68,Normal,Yes
LB000003310,EQ00001245,2026-01-05,Pump Bearing Grease,Manual,0.49,Normal,Yes
LB000003311,EQ00001245,2021-12-17,Pump Bearing Grease,Manual,2.09,Early,Yes
LB000003312,EQ00001245,2025-01-31,Pump Bearing Grease,Manual,0.53,Early,Yes
LB000003313,EQ00001246,2025-09-20,Wire Rope / Gear Grease,Manual,3.9,Overdue,Yes
LB000003314,EQ00001246,2025-08-08,Wire Rope / Gear Grease,Manual,3.88,Overdue,Yes
LB000003315,EQ00001246,2022-07-27,Wire Rope / Gear Grease,Manual,4.53,Overdue,Yes
LB000003316,EQ00001246,2024-12-19,Wire Rope / Gear Grease,Manual,0.31,Early,Yes
LB000003317,EQ00001247,2025-06-24,Machine Oil / Grease,Manual,3.09,Normal,Yes
LB000003318,EQ00001247,2021-07-02,Machine Oil / Grease,Manual,0.42,Early,Yes
LB000003319,EQ00001247,2023-01-23,Machine Oil / Grease,Manual,3.86,Normal,Yes
LB000003320,EQ00001247,2023-01-04,Machine Oil / Grease,Manual,1.64,Normal,Yes
LB000003321,EQ00001247,2023-08-15,Machine Oil / Grease,Manual,3.67,Overdue,Yes
LB000003322,EQ00001248,2021-02-19,Process/Mechanical Lubricant,Manual / automated,3.68,Early,Yes
LB000003323,EQ00001248,2021-01-12,Process/Mechanical Lubricant,Manual / automated,1.7,Early,Yes
LB000003324,EQ00001248,2026-03-01,Process/Mechanical Lubricant,Manual / automated,3.52,Early,Yes
LB000003325,EQ00001248,2024-08-30,Process/Mechanical Lubricant,Manual / automated,1.52,Early,Yes
LB000003326,EQ00001249,2023-03-02,Process/Mechanical Lubricant,Manual / automated,3.8,Early,Yes
LB000003327,EQ00001249,2023-08-29,Process/Mechanical Lubricant,Manual / automated,1.32,Overdue,Yes
LB000003328,EQ00001249,2021-02-06,Process/Mechanical Lubricant,Manual / automated,3.42,Normal,Yes
LB000003329,EQ00001250,2023-05-23,EP Gear Oil / Grease,Grease gun / centralized,1.69,Early,Yes
LB000003330,EQ00001250,2023-09-05,EP Gear Oil / Grease,Grease gun / centralized,2.42,Overdue,Yes
LB000003331,EQ00001250,2025-10-16,EP Gear Oil / Grease,Grease gun / centralized,2.3,Overdue,Yes
LB000003332,EQ00001251,2022-07-06,Bearing Grease,Manual,1.91,Early,Yes
LB000003333,EQ00001251,2024-08-11,Bearing Grease,Manual,0.13,Normal,Yes
LB000003334,EQ00001251,2021-05-10,Bearing Grease,Manual,3.01,Overdue,Yes
LB000003335,EQ00001251,2021-10-07,Bearing Grease,Manual,3.57,Normal,Yes
LB000003336,EQ00001251,2026-06-28,Bearing Grease,Manual,0.76,Overdue,Yes
LB000003337,EQ00001253,2021-05-02,Pump Bearing Grease,Manual,0.68,Overdue,Yes
LB000003338,EQ00001253,2024-02-28,Pump Bearing Grease,Manual,4.87,Normal,Yes
LB000003339,EQ00001253,2024-12-02,Pump Bearing Grease,Manual,1.17,Normal,Yes
LB000003340,EQ00001254,2026-07-25,Bearing Grease,Manual,4.21,Overdue,Yes
LB000003341,EQ00001254,2023-11-22,Bearing Grease,Manual,0.87,Early,Yes
LB000003342,EQ00001254,2021-11-10,Bearing Grease,Manual,4.29,Early,Yes
LB000003343,EQ00001254,2023-04-20,Bearing Grease,Manual,0.8,Normal,Yes
LB000003344,EQ00001254,2021-06-01,Bearing Grease,Manual,0.95,Early,Yes
LB000003345,EQ00001255,2023-06-03,Bearing Oil / Grease,Manual / auto-lube,3.48,Early,Yes
LB000003346,EQ00001255,2022-07-13,Bearing Oil / Grease,Manual / auto-lube,1.99,Normal,Yes
LB000003347,EQ00001256,2022-10-09,EP Gear Oil / Grease,Grease gun / centralized,1.42,Normal,Yes
LB000003348,EQ00001256,2021-02-26,EP Gear Oil / Grease,Grease gun / centralized,2.74,Normal,Yes
LB000003349,EQ00001256,2025-07-24,EP Gear Oil / Grease,Grease gun / centralized,2.66,Normal,Yes
LB000003350,EQ00001256,2023-01-16,EP Gear Oil / Grease,Grease gun / centralized,3.61,Normal,Yes
LB000003351,EQ00001256,2026-04-27,EP Gear Oil / Grease,Grease gun / centralized,0.82,Normal,Yes
LB000003352,EQ00001257,2021-04-19,Process/Mechanical Lubricant,Manual / automated,4.19,Early,Yes
LB000003353,EQ00001257,2024-12-07,Process/Mechanical Lubricant,Manual / automated,3.47,Early,Yes
LB000003354,EQ00001257,2024-10-08,Process/Mechanical Lubricant,Manual / automated,2.41,Overdue,Yes
LB000003355,EQ00001257,2022-11-15,Process/Mechanical Lubricant,Manual / automated,1.01,Normal,Yes
LB000003356,EQ00001260,2021-07-08,Engine / Gear Lubricant,Workshop service,1.82,Normal,Yes
LB000003357,EQ00001261,2021-08-29,Machine Oil / Grease,Manual,2.53,Normal,Yes
LB000003358,EQ00001261,2024-11-29,Machine Oil / Grease,Manual,3.92,Early,Yes
LB000003359,EQ00001261,2025-05-04,Machine Oil / Grease,Manual,4.13,Early,Yes
LB000003360,EQ00001261,2024-08-17,Machine Oil / Grease,Manual,0.2,Overdue,Yes
LB000003361,EQ00001261,2025-09-29,Machine Oil / Grease,Manual,1.3,Normal,Yes
LB000003362,EQ00001262,2026-03-10,EP Gear Oil / Grease,Grease gun / centralized,4.4,Overdue,Yes
LB000003363,EQ00001262,2022-01-01,EP Gear Oil / Grease,Grease gun / centralized,2.21,Early,Yes
LB000003364,EQ00001262,2022-04-10,EP Gear Oil / Grease,Grease gun / centralized,4.08,Early,Yes
LB000003365,EQ00001262,2025-08-17,EP Gear Oil / Grease,Grease gun / centralized,2.84,Normal,Yes
LB000003366,EQ00001262,2023-07-17,EP Gear Oil / Grease,Grease gun / centralized,1.69,Normal,Yes
LB000003367,EQ00001262,2026-02-14,EP Gear Oil / Grease,Grease gun / centralized,1.99,Normal,Yes
LB000003368,EQ00001263,2026-08-26,EP Gear Oil / Grease,Grease gun / centralized,0.92,Normal,Yes
LB000003369,EQ00001263,2025-07-03,EP Gear Oil / Grease,Grease gun / centralized,0.24,Overdue,Yes
LB000003370,EQ00001263,2022-09-01,EP Gear Oil / Grease,Grease gun / centralized,4.88,Normal,Yes
LB000003371,EQ00001263,2023-05-14,EP Gear Oil / Grease,Grease gun / centralized,0.28,Early,Yes
LB000003372,EQ00001263,2026-07-08,EP Gear Oil / Grease,Grease gun / centralized,4.99,Early,Yes
LB000003373,EQ00001264,2024-11-12,Engine / Gear Lubricant,Workshop service,4.83,Early,Yes
LB000003374,EQ00001264,2021-04-26,Engine / Gear Lubricant,Workshop service,3.83,Early,Yes
LB000003375,EQ00001264,2024-02-26,Engine / Gear Lubricant,Workshop service,4.21,Normal,Yes
LB000003376,EQ00001266,2025-04-11,Bearing Grease,Manual,0.66,Early,Yes
LB000003377,EQ00001266,2024-11-25,Bearing Grease,Manual,1.81,Early,Yes
LB000003378,EQ00001266,2026-01-27,Bearing Grease,Manual,0.83,Early,Yes
LB000003379,EQ00001267,2024-08-15,Wire Rope / Gear Grease,Manual,4.07,Overdue,Yes
LB000003380,EQ00001267,2022-01-16,Wire Rope / Gear Grease,Manual,4.98,Normal,Yes
LB000003381,EQ00001268,2023-01-21,Wire Rope / Gear Grease,Manual,1.76,Early,Yes
LB000003382,EQ00001268,2022-05-25,Wire Rope / Gear Grease,Manual,0.76,Early,Yes
LB000003383,EQ00001268,2026-02-08,Wire Rope / Gear Grease,Manual,0.33,Overdue,Yes
LB000003384,EQ00001268,2026-07-17,Wire Rope / Gear Grease,Manual,0.82,Normal,Yes
LB000003385,EQ00001268,2026-03-15,Wire Rope / Gear Grease,Manual,3.9,Overdue,Yes
LB000003386,EQ00001268,2025-05-10,Wire Rope / Gear Grease,Manual,3.41,Normal,Yes
LB000003387,EQ00001269,2023-10-13,Wire Rope / Gear Grease,Manual,0.14,Overdue,Yes
LB000003388,EQ00001270,2023-10-07,Machine Oil / Grease,Manual,2.7,Early,Yes
LB000003389,EQ00001270,2026-03-15,Machine Oil / Grease,Manual,3.77,Early,Yes
LB000003390,EQ00001270,2026-01-31,Machine Oil / Grease,Manual,0.93,Normal,Yes
LB000003391,EQ00001271,2022-07-23,EP Gear Oil / Grease,Grease gun / centralized,0.9,Normal,Yes
LB000003392,EQ00001271,2025-02-15,EP Gear Oil / Grease,Grease gun / centralized,3.2,Overdue,Yes
LB000003393,EQ00001271,2024-02-14,EP Gear Oil / Grease,Grease gun / centralized,1.45,Normal,Yes
LB000003394,EQ00001271,2024-01-21,EP Gear Oil / Grease,Grease gun / centralized,3.36,Early,Yes
LB000003395,EQ00001272,2021-11-23,Machine Oil / Grease,Manual,3.0,Normal,Yes
LB000003396,EQ00001272,2025-12-08,Machine Oil / Grease,Manual,2.75,Normal,Yes
LB000003397,EQ00001273,2025-08-06,Bearing Oil / Grease,Manual / auto-lube,0.95,Normal,Yes
LB000003398,EQ00001274,2026-05-03,Machine Oil / Grease,Manual,0.29,Overdue,Yes
LB000003399,EQ00001274,2024-02-20,Machine Oil / Grease,Manual,1.94,Normal,Yes
LB000003400,EQ00001274,2022-08-09,Machine Oil / Grease,Manual,1.33,Overdue,Yes
LB000003401,EQ00001274,2026-05-31,Machine Oil / Grease,Manual,4.85,Early,Yes
LB000003402,EQ00001274,2026-02-21,Machine Oil / Grease,Manual,3.28,Normal,Yes
LB000003403,EQ00001275,2026-01-15,Bearing Grease,Manual,2.12,Early,Yes
LB000003404,EQ00001275,2021-08-04,Bearing Grease,Manual,1.04,Normal,Yes
LB000003405,EQ00001276,2025-06-04,EP Gear Oil / Grease,Grease gun / centralized,1.17,Normal,Yes
LB000003406,EQ00001276,2022-11-08,EP Gear Oil / Grease,Grease gun / centralized,1.33,Normal,Yes
LB000003407,EQ00001276,2023-05-13,EP Gear Oil / Grease,Grease gun / centralized,1.92,Normal,Yes
LB000003408,EQ00001277,2025-05-30,Process/Mechanical Lubricant,Manual / automated,3.61,Early,Yes
LB000003409,EQ00001277,2021-06-04,Process/Mechanical Lubricant,Manual / automated,4.6,Normal,Yes
LB000003410,EQ00001277,2024-07-08,Process/Mechanical Lubricant,Manual / automated,3.54,Normal,Yes
LB000003411,EQ00001277,2026-02-10,Process/Mechanical Lubricant,Manual / automated,1.44,Overdue,Yes
LB000003412,EQ00001278,2021-03-06,Machine Oil / Grease,Manual,3.65,Early,Yes
LB000003413,EQ00001278,2023-03-07,Machine Oil / Grease,Manual,0.87,Overdue,Yes
LB000003414,EQ00001281,2024-04-07,Bearing Grease,Manual,1.59,Normal,Yes
LB000003415,EQ00001282,2021-08-15,Machine Oil / Grease,Manual,0.21,Early,Yes
LB000003416,EQ00001282,2022-06-18,Machine Oil / Grease,Manual,1.08,Normal,Yes
LB000003417,EQ00001282,2022-10-09,Machine Oil / Grease,Manual,1.18,Early,Yes
LB000003418,EQ00001282,2021-06-20,Machine Oil / Grease,Manual,0.75,Normal,Yes
LB000003419,EQ00001284,2022-01-31,Bearing Oil / Grease,Manual / auto-lube,3.18,Overdue,Yes
LB000003420,EQ00001284,2021-09-06,Bearing Oil / Grease,Manual / auto-lube,2.37,Overdue,Yes
LB000003421,EQ00001284,2023-04-04,Bearing Oil / Grease,Manual / auto-lube,4.54,Early,Yes
LB000003422,EQ00001284,2024-03-18,Bearing Oil / Grease,Manual / auto-lube,4.28,Overdue,Yes
LB000003423,EQ00001284,2025-06-18,Bearing Oil / Grease,Manual / auto-lube,2.61,Normal,Yes
LB000003424,EQ00001284,2024-01-08,Bearing Oil / Grease,Manual / auto-lube,1.83,Overdue,Yes
LB000003425,EQ00001285,2022-05-13,Bearing Oil / Grease,Manual / auto-lube,2.33,Overdue,Yes
LB000003426,EQ00001285,2021-12-21,Bearing Oil / Grease,Manual / auto-lube,4.37,Early,Yes
LB000003427,EQ00001286,2024-11-02,Process/Mechanical Lubricant,Manual / automated,2.09,Overdue,Yes
LB000003428,EQ00001286,2021-05-16,Process/Mechanical Lubricant,Manual / automated,4.91,Normal,Yes
LB000003429,EQ00001286,2025-07-24,Process/Mechanical Lubricant,Manual / automated,2.15,Normal,Yes
LB000003430,EQ00001286,2023-02-15,Process/Mechanical Lubricant,Manual / automated,2.69,Overdue,Yes
LB000003431,EQ00001286,2025-12-14,Process/Mechanical Lubricant,Manual / automated,4.0,Overdue,Yes
LB000003432,EQ00001288,2025-08-24,EP Gear Oil / Grease,Grease gun / centralized,4.83,Overdue,Yes
LB000003433,EQ00001288,2024-07-16,EP Gear Oil / Grease,Grease gun / centralized,1.08,Normal,Yes
LB000003434,EQ00001288,2023-01-11,EP Gear Oil / Grease,Grease gun / centralized,3.28,Early,Yes
LB000003435,EQ00001288,2023-03-06,EP Gear Oil / Grease,Grease gun / centralized,1.76,Overdue,Yes
LB000003436,EQ00001288,2023-05-18,EP Gear Oil / Grease,Grease gun / centralized,4.51,Normal,Yes
LB000003437,EQ00001288,2022-05-30,EP Gear Oil / Grease,Grease gun / centralized,3.8,Overdue,Yes
LB000003438,EQ00001289,2022-09-05,Process/Mechanical Lubricant,Manual / automated,3.9,Overdue,Yes
LB000003439,EQ00001289,2023-12-08,Process/Mechanical Lubricant,Manual / automated,2.52,Overdue,Yes
LB000003440,EQ00001289,2023-07-22,Process/Mechanical Lubricant,Manual / automated,4.34,Overdue,Yes
LB000003441,EQ00001290,2021-05-14,Process/Mechanical Lubricant,Manual / automated,4.84,Overdue,Yes
LB000003442,EQ00001290,2023-10-20,Process/Mechanical Lubricant,Manual / automated,3.83,Early,Yes
LB000003443,EQ00001290,2022-03-21,Process/Mechanical Lubricant,Manual / automated,3.41,Early,Yes
LB000003444,EQ00001291,2021-07-04,Wire Rope / Gear Grease,Manual,2.58,Normal,Yes
LB000003445,EQ00001292,2022-04-09,Process/Mechanical Lubricant,Manual / automated,4.21,Early,Yes
LB000003446,EQ00001292,2023-06-24,Process/Mechanical Lubricant,Manual / automated,0.35,Overdue,Yes
LB000003447,EQ00001292,2025-02-24,Process/Mechanical Lubricant,Manual / automated,0.77,Early,Yes
LB000003448,EQ00001293,2021-08-10,Pump Bearing Grease,Manual,1.91,Overdue,Yes
LB000003449,EQ00001293,2026-07-11,Pump Bearing Grease,Manual,3.99,Overdue,Yes
LB000003450,EQ00001293,2023-11-18,Pump Bearing Grease,Manual,4.19,Normal,Yes
LB000003451,EQ00001294,2025-11-30,Pump Bearing Grease,Manual,3.77,Overdue,Yes
LB000003452,EQ00001295,2021-08-31,Bearing Oil / Grease,Manual / auto-lube,1.92,Normal,Yes
LB000003453,EQ00001295,2024-12-20,Bearing Oil / Grease,Manual / auto-lube,4.2,Overdue,Yes
LB000003454,EQ00001295,2022-04-13,Bearing Oil / Grease,Manual / auto-lube,2.65,Normal,Yes
LB000003455,EQ00001295,2024-08-30,Bearing Oil / Grease,Manual / auto-lube,0.91,Overdue,Yes
LB000003456,EQ00001295,2024-06-05,Bearing Oil / Grease,Manual / auto-lube,1.02,Overdue,Yes
LB000003457,EQ00001295,2022-08-03,Bearing Oil / Grease,Manual / auto-lube,3.89,Normal,Yes
LB000003458,EQ00001296,2024-08-17,Machine Oil / Grease,Manual,3.44,Normal,Yes
LB000003459,EQ00001296,2025-03-30,Machine Oil / Grease,Manual,2.26,Overdue,Yes
LB000003460,EQ00001296,2021-11-19,Machine Oil / Grease,Manual,3.33,Early,Yes
LB000003461,EQ00001296,2023-02-26,Machine Oil / Grease,Manual,1.32,Overdue,Yes
LB000003462,EQ00001296,2024-08-22,Machine Oil / Grease,Manual,1.05,Overdue,Yes
LB000003463,EQ00001297,2024-06-03,Process/Mechanical Lubricant,Manual / automated,1.71,Early,Yes
LB000003464,EQ00001297,2023-10-07,Process/Mechanical Lubricant,Manual / automated,2.43,Early,Yes
LB000003465,EQ00001298,2021-01-22,EP Gear Oil / Grease,Grease gun / centralized,3.35,Early,Yes
LB000003466,EQ00001298,2021-06-19,EP Gear Oil / Grease,Grease gun / centralized,3.09,Early,Yes
LB000003467,EQ00001298,2021-08-06,EP Gear Oil / Grease,Grease gun / centralized,4.27,Overdue,Yes
LB000003468,EQ00001298,2023-04-10,EP Gear Oil / Grease,Grease gun / centralized,2.45,Early,Yes
LB000003469,EQ00001302,2024-11-04,EP Gear Oil / Grease,Grease gun / centralized,2.07,Overdue,Yes
LB000003470,EQ00001302,2022-01-31,EP Gear Oil / Grease,Grease gun / centralized,4.93,Early,Yes
LB000003471,EQ00001302,2023-07-28,EP Gear Oil / Grease,Grease gun / centralized,0.89,Overdue,Yes
LB000003472,EQ00001302,2023-05-04,EP Gear Oil / Grease,Grease gun / centralized,3.95,Overdue,Yes
LB000003473,EQ00001302,2026-08-06,EP Gear Oil / Grease,Grease gun / centralized,1.27,Overdue,Yes
LB000003474,EQ00001302,2021-08-04,EP Gear Oil / Grease,Grease gun / centralized,1.14,Normal,Yes
LB000003475,EQ00001304,2021-04-28,Process/Mechanical Lubricant,Manual / automated,0.12,Early,Yes
LB000003476,EQ00001306,2023-04-28,Wire Rope / Gear Grease,Manual,3.44,Normal,Yes
LB000003477,EQ00001306,2025-09-26,Wire Rope / Gear Grease,Manual,3.11,Early,Yes
LB000003478,EQ00001309,2025-04-01,Pump Bearing Grease,Manual,0.66,Normal,Yes
LB000003479,EQ00001310,2022-03-29,Wire Rope / Gear Grease,Manual,3.96,Early,Yes
LB000003480,EQ00001310,2024-02-29,Wire Rope / Gear Grease,Manual,0.44,Normal,Yes
LB000003481,EQ00001310,2024-03-20,Wire Rope / Gear Grease,Manual,4.43,Early,Yes
LB000003482,EQ00001310,2022-06-26,Wire Rope / Gear Grease,Manual,1.89,Overdue,Yes
LB000003483,EQ00001311,2023-06-15,Wire Rope / Gear Grease,Manual,0.47,Early,Yes
LB000003484,EQ00001311,2021-06-02,Wire Rope / Gear Grease,Manual,4.26,Overdue,Yes
LB000003485,EQ00001311,2024-12-31,Wire Rope / Gear Grease,Manual,3.91,Overdue,Yes
LB000003486,EQ00001311,2026-03-20,Wire Rope / Gear Grease,Manual,0.68,Overdue,Yes
LB000003487,EQ00001312,2024-05-23,Bearing Grease,Manual,3.87,Normal,Yes
LB000003488,EQ00001312,2023-12-31,Bearing Grease,Manual,0.92,Overdue,Yes
LB000003489,EQ00001312,2025-06-18,Bearing Grease,Manual,2.9,Early,Yes
LB000003490,EQ00001312,2021-10-22,Bearing Grease,Manual,1.97,Early,Yes
LB000003491,EQ00001312,2024-11-27,Bearing Grease,Manual,4.99,Normal,Yes
LB000003492,EQ00001313,2023-12-28,Pump Bearing Grease,Manual,0.49,Early,Yes
LB000003493,EQ00001313,2022-07-01,Pump Bearing Grease,Manual,4.23,Early,Yes
LB000003494,EQ00001313,2025-03-01,Pump Bearing Grease,Manual,4.74,Early,Yes
LB000003495,EQ00001316,2021-10-22,Pump Bearing Grease,Manual,3.89,Overdue,Yes
LB000003496,EQ00001316,2021-03-09,Pump Bearing Grease,Manual,1.79,Normal,Yes
LB000003497,EQ00001320,2025-06-26,Pump Bearing Grease,Manual,1.53,Normal,Yes
LB000003498,EQ00001320,2026-04-22,Pump Bearing Grease,Manual,2.24,Overdue,Yes
LB000003499,EQ00001320,2022-04-23,Pump Bearing Grease,Manual,3.95,Normal,Yes
LB000003500,EQ00001320,2023-09-06,Pump Bearing Grease,Manual,1.55,Early,Yes
LB000003501,EQ00001320,2023-10-12,Pump Bearing Grease,Manual,1.46,Overdue,Yes
LB000003502,EQ00001320,2022-01-18,Pump Bearing Grease,Manual,1.23,Early,Yes
LB000003503,EQ00001321,2025-08-04,Bearing Oil / Grease,Manual / auto-lube,3.56,Overdue,Yes
LB000003504,EQ00001321,2026-04-04,Bearing Oil / Grease,Manual / auto-lube,0.61,Overdue,Yes
LB000003505,EQ00001321,2021-10-13,Bearing Oil / Grease,Manual / auto-lube,1.37,Early,Yes
LB000003506,EQ00001321,2023-07-15,Bearing Oil / Grease,Manual / auto-lube,4.98,Normal,Yes
LB000003507,EQ00001324,2022-05-22,Bearing Grease,Manual,4.78,Normal,Yes
LB000003508,EQ00001324,2021-08-28,Bearing Grease,Manual,0.7,Normal,Yes
LB000003509,EQ00001324,2022-11-14,Bearing Grease,Manual,3.55,Normal,Yes
LB000003510,EQ00001324,2021-05-25,Bearing Grease,Manual,4.84,Overdue,Yes
LB000003511,EQ00001324,2023-03-20,Bearing Grease,Manual,2.1,Early,Yes
LB000003512,EQ00001325,2025-10-05,EP Gear Oil / Grease,Grease gun / centralized,4.35,Normal,Yes
LB000003513,EQ00001325,2021-01-24,EP Gear Oil / Grease,Grease gun / centralized,0.13,Normal,Yes
LB000003514,EQ00001328,2021-09-15,Machine Oil / Grease,Manual,3.82,Normal,Yes
LB000003515,EQ00001328,2024-01-15,Machine Oil / Grease,Manual,1.07,Normal,Yes
LB000003516,EQ00001328,2022-11-21,Machine Oil / Grease,Manual,0.67,Early,Yes
LB000003517,EQ00001328,2024-12-31,Machine Oil / Grease,Manual,3.88,Normal,Yes
LB000003518,EQ00001328,2026-01-07,Machine Oil / Grease,Manual,3.07,Overdue,Yes
LB000003519,EQ00001330,2022-10-31,Pump Bearing Grease,Manual,0.85,Overdue,Yes
LB000003520,EQ00001330,2023-01-31,Pump Bearing Grease,Manual,1.95,Normal,Yes
LB000003521,EQ00001330,2023-12-21,Pump Bearing Grease,Manual,0.48,Overdue,Yes
LB000003522,EQ00001330,2024-06-14,Pump Bearing Grease,Manual,4.5,Normal,Yes
LB000003523,EQ00001330,2026-04-12,Pump Bearing Grease,Manual,1.69,Overdue,Yes
LB000003524,EQ00001331,2021-03-23,Bearing Oil / Grease,Manual / auto-lube,2.62,Early,Yes
LB000003525,EQ00001331,2024-06-23,Bearing Oil / Grease,Manual / auto-lube,1.89,Normal,Yes
LB000003526,EQ00001331,2024-12-19,Bearing Oil / Grease,Manual / auto-lube,4.52,Overdue,Yes
LB000003527,EQ00001333,2021-05-07,EP Gear Oil / Grease,Grease gun / centralized,0.5,Overdue,Yes
LB000003528,EQ00001333,2021-09-23,EP Gear Oil / Grease,Grease gun / centralized,4.9,Overdue,Yes
LB000003529,EQ00001334,2023-02-23,Pump Bearing Grease,Manual,0.8,Normal,Yes
LB000003530,EQ00001334,2025-11-23,Pump Bearing Grease,Manual,0.62,Overdue,Yes
LB000003531,EQ00001334,2022-07-02,Pump Bearing Grease,Manual,2.15,Normal,Yes
LB000003532,EQ00001334,2023-03-01,Pump Bearing Grease,Manual,0.31,Normal,Yes
LB000003533,EQ00001334,2023-12-07,Pump Bearing Grease,Manual,4.78,Early,Yes
LB000003534,EQ00001335,2024-05-29,Engine / Gear Lubricant,Workshop service,3.35,Normal,Yes
LB000003535,EQ00001335,2024-04-12,Engine / Gear Lubricant,Workshop service,2.83,Overdue,Yes
LB000003536,EQ00001335,2023-06-30,Engine / Gear Lubricant,Workshop service,0.66,Early,Yes
LB000003537,EQ00001335,2024-06-27,Engine / Gear Lubricant,Workshop service,3.93,Normal,Yes
LB000003538,EQ00001336,2021-04-22,Pump Bearing Grease,Manual,4.76,Normal,Yes
LB000003539,EQ00001337,2022-10-17,Wire Rope / Gear Grease,Manual,2.19,Normal,Yes
LB000003540,EQ00001337,2023-05-18,Wire Rope / Gear Grease,Manual,1.52,Early,Yes
LB000003541,EQ00001337,2024-10-17,Wire Rope / Gear Grease,Manual,1.23,Normal,Yes
LB000003542,EQ00001337,2023-05-08,Wire Rope / Gear Grease,Manual,0.78,Overdue,Yes
LB000003543,EQ00001338,2024-06-22,Bearing Oil / Grease,Manual / auto-lube,1.26,Early,Yes
LB000003544,EQ00001338,2024-09-14,Bearing Oil / Grease,Manual / auto-lube,1.24,Early,Yes
LB000003545,EQ00001339,2021-02-23,Bearing Grease,Manual,2.08,Overdue,Yes
LB000003546,EQ00001339,2023-01-15,Bearing Grease,Manual,1.04,Early,Yes
LB000003547,EQ00001339,2024-03-14,Bearing Grease,Manual,1.12,Early,Yes
LB000003548,EQ00001341,2021-09-29,Process/Mechanical Lubricant,Manual / automated,0.78,Early,Yes
LB000003549,EQ00001341,2021-03-08,Process/Mechanical Lubricant,Manual / automated,1.5,Early,Yes
LB000003550,EQ00001342,2023-08-20,EP Gear Oil / Grease,Grease gun / centralized,2.19,Overdue,Yes
LB000003551,EQ00001342,2024-11-22,EP Gear Oil / Grease,Grease gun / centralized,3.34,Early,Yes
LB000003552,EQ00001342,2022-06-20,EP Gear Oil / Grease,Grease gun / centralized,0.73,Early,Yes
LB000003553,EQ00001342,2024-09-14,EP Gear Oil / Grease,Grease gun / centralized,4.26,Normal,Yes
LB000003554,EQ00001343,2025-03-26,Wire Rope / Gear Grease,Manual,3.23,Early,Yes
LB000003555,EQ00001343,2024-03-26,Wire Rope / Gear Grease,Manual,1.57,Overdue,Yes
LB000003556,EQ00001343,2026-08-12,Wire Rope / Gear Grease,Manual,0.55,Overdue,Yes
LB000003557,EQ00001345,2021-10-14,Bearing Oil / Grease,Manual / auto-lube,3.35,Overdue,Yes
LB000003558,EQ00001347,2024-11-24,Bearing Grease,Manual,2.82,Normal,Yes
LB000003559,EQ00001347,2024-02-02,Bearing Grease,Manual,2.62,Normal,Yes
LB000003560,EQ00001347,2022-03-04,Bearing Grease,Manual,3.95,Overdue,Yes
LB000003561,EQ00001347,2026-01-22,Bearing Grease,Manual,0.22,Overdue,Yes
LB000003562,EQ00001347,2022-11-19,Bearing Grease,Manual,0.64,Overdue,Yes
LB000003563,EQ00001347,2023-03-11,Bearing Grease,Manual,2.16,Normal,Yes
LB000003564,EQ00001348,2024-09-23,Engine / Gear Lubricant,Workshop service,0.94,Overdue,Yes
LB000003565,EQ00001348,2022-07-17,Engine / Gear Lubricant,Workshop service,2.56,Overdue,Yes
LB000003566,EQ00001348,2022-10-11,Engine / Gear Lubricant,Workshop service,0.11,Overdue,Yes
LB000003567,EQ00001348,2026-08-14,Engine / Gear Lubricant,Workshop service,3.96,Early,Yes
LB000003568,EQ00001348,2025-02-02,Engine / Gear Lubricant,Workshop service,0.93,Normal,Yes
LB000003569,EQ00001348,2023-09-26,Engine / Gear Lubricant,Workshop service,3.93,Early,Yes
LB000003570,EQ00001349,2023-09-04,Machine Oil / Grease,Manual,4.18,Early,Yes
LB000003571,EQ00001349,2022-08-20,Machine Oil / Grease,Manual,2.76,Normal,Yes
LB000003572,EQ00001349,2023-06-27,Machine Oil / Grease,Manual,2.25,Normal,Yes
LB000003573,EQ00001351,2023-03-26,Bearing Grease,Manual,4.64,Overdue,Yes
LB000003574,EQ00001351,2022-11-14,Bearing Grease,Manual,3.42,Normal,Yes
LB000003575,EQ00001351,2021-07-06,Bearing Grease,Manual,0.1,Early,Yes
LB000003576,EQ00001353,2022-08-22,Bearing Oil / Grease,Manual / auto-lube,4.92,Early,Yes
LB000003577,EQ00001353,2024-03-06,Bearing Oil / Grease,Manual / auto-lube,0.4,Early,Yes
LB000003578,EQ00001353,2022-05-18,Bearing Oil / Grease,Manual / auto-lube,3.48,Overdue,Yes
LB000003579,EQ00001353,2021-02-06,Bearing Oil / Grease,Manual / auto-lube,1.65,Overdue,Yes
LB000003580,EQ00001353,2021-01-21,Bearing Oil / Grease,Manual / auto-lube,4.86,Overdue,Yes
LB000003581,EQ00001353,2026-08-12,Bearing Oil / Grease,Manual / auto-lube,2.69,Early,Yes
LB000003582,EQ00001354,2025-08-08,Pump Bearing Grease,Manual,3.8,Overdue,Yes
LB000003583,EQ00001354,2021-09-22,Pump Bearing Grease,Manual,0.93,Early,Yes
LB000003584,EQ00001354,2026-08-02,Pump Bearing Grease,Manual,4.49,Early,Yes
LB000003585,EQ00001354,2023-09-17,Pump Bearing Grease,Manual,1.52,Early,Yes
LB000003586,EQ00001354,2024-08-07,Pump Bearing Grease,Manual,0.27,Overdue,Yes
LB000003587,EQ00001354,2026-08-23,Pump Bearing Grease,Manual,3.48,Early,Yes
LB000003588,EQ00001355,2022-05-02,Pump Bearing Grease,Manual,4.29,Normal,Yes
LB000003589,EQ00001355,2024-10-18,Pump Bearing Grease,Manual,2.86,Overdue,Yes
LB000003590,EQ00001355,2022-05-10,Pump Bearing Grease,Manual,0.85,Early,Yes
LB000003591,EQ00001355,2022-09-13,Pump Bearing Grease,Manual,1.3,Overdue,Yes
LB000003592,EQ00001355,2025-06-23,Pump Bearing Grease,Manual,0.85,Early,Yes
LB000003593,EQ00001356,2026-05-25,Machine Oil / Grease,Manual,3.2,Early,Yes
LB000003594,EQ00001356,2021-06-18,Machine Oil / Grease,Manual,4.76,Overdue,Yes
LB000003595,EQ00001356,2021-09-07,Machine Oil / Grease,Manual,1.75,Early,Yes
LB000003596,EQ00001356,2022-03-10,Machine Oil / Grease,Manual,2.61,Overdue,Yes
LB000003597,EQ00001356,2021-02-18,Machine Oil / Grease,Manual,4.54,Normal,Yes
LB000003598,EQ00001357,2024-11-11,EP Gear Oil / Grease,Grease gun / centralized,4.77,Overdue,Yes
LB000003599,EQ00001357,2026-04-18,EP Gear Oil / Grease,Grease gun / centralized,1.47,Overdue,Yes
LB000003600,EQ00001357,2021-10-01,EP Gear Oil / Grease,Grease gun / centralized,4.17,Normal,Yes
LB000003601,EQ00001358,2023-03-17,Pump Bearing Grease,Manual,0.97,Normal,Yes
LB000003602,EQ00001358,2022-08-16,Pump Bearing Grease,Manual,2.36,Normal,Yes
LB000003603,EQ00001358,2021-07-28,Pump Bearing Grease,Manual,3.44,Overdue,Yes
LB000003604,EQ00001359,2022-04-19,Machine Oil / Grease,Manual,0.51,Early,Yes
LB000003605,EQ00001359,2022-07-25,Machine Oil / Grease,Manual,4.3,Normal,Yes
LB000003606,EQ00001359,2021-05-25,Machine Oil / Grease,Manual,0.26,Overdue,Yes
LB000003607,EQ00001359,2021-02-09,Machine Oil / Grease,Manual,1.23,Overdue,Yes
LB000003608,EQ00001359,2022-02-03,Machine Oil / Grease,Manual,4.44,Overdue,Yes
LB000003609,EQ00001359,2025-07-01,Machine Oil / Grease,Manual,4.91,Normal,Yes
LB000003610,EQ00001361,2021-01-26,Machine Oil / Grease,Manual,4.69,Normal,Yes
LB000003611,EQ00001361,2022-11-16,Machine Oil / Grease,Manual,1.81,Normal,Yes
LB000003612,EQ00001361,2025-01-25,Machine Oil / Grease,Manual,0.1,Overdue,Yes
LB000003613,EQ00001361,2025-03-29,Machine Oil / Grease,Manual,2.35,Early,Yes
LB000003614,EQ00001361,2026-08-12,Machine Oil / Grease,Manual,1.11,Early,Yes
LB000003615,EQ00001361,2025-01-31,Machine Oil / Grease,Manual,0.4,Overdue,Yes
LB000003616,EQ00001362,2022-09-22,Machine Oil / Grease,Manual,0.75,Overdue,Yes
LB000003617,EQ00001362,2021-05-08,Machine Oil / Grease,Manual,1.93,Early,Yes
LB000003618,EQ00001363,2025-08-30,Process/Mechanical Lubricant,Manual / automated,2.72,Normal,Yes
LB000003619,EQ00001363,2026-05-20,Process/Mechanical Lubricant,Manual / automated,1.08,Normal,Yes
LB000003620,EQ00001364,2025-02-16,Bearing Grease,Manual,4.75,Early,Yes
LB000003621,EQ00001364,2024-03-21,Bearing Grease,Manual,3.82,Early,Yes
LB000003622,EQ00001364,2023-11-10,Bearing Grease,Manual,3.86,Overdue,Yes
LB000003623,EQ00001365,2021-10-07,Machine Oil / Grease,Manual,3.21,Early,Yes
LB000003624,EQ00001365,2021-05-31,Machine Oil / Grease,Manual,1.7,Early,Yes
LB000003625,EQ00001366,2023-11-13,Engine / Gear Lubricant,Workshop service,2.3,Normal,Yes
LB000003626,EQ00001366,2021-03-13,Engine / Gear Lubricant,Workshop service,2.27,Overdue,Yes
LB000003627,EQ00001367,2025-01-21,Process/Mechanical Lubricant,Manual / automated,2.97,Overdue,Yes
LB000003628,EQ00001367,2022-02-08,Process/Mechanical Lubricant,Manual / automated,0.43,Overdue,Yes
LB000003629,EQ00001368,2023-11-23,Machine Oil / Grease,Manual,1.58,Overdue,Yes
LB000003630,EQ00001371,2021-08-06,Wire Rope / Gear Grease,Manual,1.18,Normal,Yes
LB000003631,EQ00001371,2024-01-22,Wire Rope / Gear Grease,Manual,1.84,Early,Yes
LB000003632,EQ00001371,2024-02-20,Wire Rope / Gear Grease,Manual,0.43,Normal,Yes
LB000003633,EQ00001372,2023-02-24,Engine / Gear Lubricant,Workshop service,4.38,Normal,Yes
LB000003634,EQ00001374,2022-10-12,EP Gear Oil / Grease,Grease gun / centralized,4.27,Early,Yes
LB000003635,EQ00001375,2024-01-15,EP Gear Oil / Grease,Grease gun / centralized,3.26,Normal,Yes
LB000003636,EQ00001375,2022-06-12,EP Gear Oil / Grease,Grease gun / centralized,0.27,Overdue,Yes
LB000003637,EQ00001375,2022-11-28,EP Gear Oil / Grease,Grease gun / centralized,2.51,Normal,Yes
LB000003638,EQ00001375,2021-02-04,EP Gear Oil / Grease,Grease gun / centralized,1.78,Early,Yes
LB000003639,EQ00001375,2024-07-03,EP Gear Oil / Grease,Grease gun / centralized,1.94,Early,Yes
LB000003640,EQ00001375,2022-11-20,EP Gear Oil / Grease,Grease gun / centralized,3.68,Normal,Yes
LB000003641,EQ00001377,2024-11-19,Process/Mechanical Lubricant,Manual / automated,3.89,Normal,Yes
LB000003642,EQ00001377,2023-01-08,Process/Mechanical Lubricant,Manual / automated,3.29,Normal,Yes
LB000003643,EQ00001377,2025-06-29,Process/Mechanical Lubricant,Manual / automated,1.15,Normal,Yes
LB000003644,EQ00001377,2023-07-10,Process/Mechanical Lubricant,Manual / automated,3.21,Normal,Yes
LB000003645,EQ00001377,2026-07-31,Process/Mechanical Lubricant,Manual / automated,3.17,Overdue,Yes
LB000003646,EQ00001377,2026-07-27,Process/Mechanical Lubricant,Manual / automated,0.44,Normal,Yes
LB000003647,EQ00001378,2024-06-26,Process/Mechanical Lubricant,Manual / automated,3.85,Normal,Yes
LB000003648,EQ00001379,2022-11-09,EP Gear Oil / Grease,Grease gun / centralized,1.31,Early,Yes
LB000003649,EQ00001379,2023-09-10,EP Gear Oil / Grease,Grease gun / centralized,2.5,Early,Yes
LB000003650,EQ00001380,2026-05-24,Pump Bearing Grease,Manual,4.6,Overdue,Yes
LB000003651,EQ00001380,2021-04-14,Pump Bearing Grease,Manual,4.87,Overdue,Yes
LB000003652,EQ00001380,2025-08-07,Pump Bearing Grease,Manual,4.78,Early,Yes
LB000003653,EQ00001383,2021-04-18,EP Gear Oil / Grease,Grease gun / centralized,1.42,Normal,Yes
LB000003654,EQ00001383,2026-05-09,EP Gear Oil / Grease,Grease gun / centralized,2.28,Early,Yes
LB000003655,EQ00001387,2022-02-01,Machine Oil / Grease,Manual,4.07,Early,Yes
LB000003656,EQ00001387,2023-01-23,Machine Oil / Grease,Manual,3.81,Early,Yes
LB000003657,EQ00001387,2026-05-30,Machine Oil / Grease,Manual,0.97,Early,Yes
LB000003658,EQ00001387,2021-05-26,Machine Oil / Grease,Manual,4.24,Overdue,Yes
LB000003659,EQ00001387,2025-03-26,Machine Oil / Grease,Manual,0.22,Early,Yes
LB000003660,EQ00001387,2021-06-02,Machine Oil / Grease,Manual,2.8,Overdue,Yes
LB000003661,EQ00001388,2021-08-21,Bearing Oil / Grease,Manual / auto-lube,1.5,Normal,Yes
LB000003662,EQ00001389,2025-03-18,Wire Rope / Gear Grease,Manual,0.25,Overdue,Yes
LB000003663,EQ00001389,2025-01-26,Wire Rope / Gear Grease,Manual,4.01,Early,Yes
LB000003664,EQ00001389,2026-05-19,Wire Rope / Gear Grease,Manual,4.18,Normal,Yes
LB000003665,EQ00001389,2024-07-29,Wire Rope / Gear Grease,Manual,0.24,Normal,Yes
LB000003666,EQ00001389,2021-08-15,Wire Rope / Gear Grease,Manual,2.58,Normal,Yes
LB000003667,EQ00001391,2026-04-01,Bearing Grease,Manual,1.35,Overdue,Yes
LB000003668,EQ00001391,2026-07-23,Bearing Grease,Manual,0.41,Overdue,Yes
LB000003669,EQ00001391,2025-10-21,Bearing Grease,Manual,4.37,Normal,Yes
LB000003670,EQ00001391,2025-01-17,Bearing Grease,Manual,2.89,Early,Yes
LB000003671,EQ00001391,2023-02-05,Bearing Grease,Manual,3.15,Overdue,Yes
LB000003672,EQ00001392,2026-01-21,Pump Bearing Grease,Manual,4.93,Normal,Yes
LB000003673,EQ00001392,2026-06-05,Pump Bearing Grease,Manual,2.75,Early,Yes
LB000003674,EQ00001392,2021-04-07,Pump Bearing Grease,Manual,1.09,Normal,Yes
LB000003675,EQ00001392,2025-09-16,Pump Bearing Grease,Manual,1.7,Overdue,Yes
LB000003676,EQ00001393,2026-04-06,Bearing Oil / Grease,Manual / auto-lube,1.72,Early,Yes
LB000003677,EQ00001393,2026-07-26,Bearing Oil / Grease,Manual / auto-lube,0.11,Normal,Yes
LB000003678,EQ00001393,2021-04-03,Bearing Oil / Grease,Manual / auto-lube,1.91,Normal,Yes
LB000003679,EQ00001394,2021-03-23,Wire Rope / Gear Grease,Manual,3.77,Early,Yes
LB000003680,EQ00001394,2022-04-02,Wire Rope / Gear Grease,Manual,0.78,Overdue,Yes
LB000003681,EQ00001395,2025-01-04,Bearing Oil / Grease,Manual / auto-lube,3.63,Normal,Yes
LB000003682,EQ00001395,2026-06-26,Bearing Oil / Grease,Manual / auto-lube,0.87,Normal,Yes
LB000003683,EQ00001395,2025-07-22,Bearing Oil / Grease,Manual / auto-lube,1.97,Overdue,Yes
LB000003684,EQ00001395,2023-06-11,Bearing Oil / Grease,Manual / auto-lube,3.09,Early,Yes
LB000003685,EQ00001395,2021-10-28,Bearing Oil / Grease,Manual / auto-lube,2.38,Early,Yes
LB000003686,EQ00001396,2026-05-18,EP Gear Oil / Grease,Grease gun / centralized,1.33,Overdue,Yes
LB000003687,EQ00001396,2025-03-17,EP Gear Oil / Grease,Grease gun / centralized,2.61,Early,Yes
LB000003688,EQ00001396,2024-02-07,EP Gear Oil / Grease,Grease gun / centralized,0.92,Normal,Yes
LB000003689,EQ00001397,2024-01-11,Pump Bearing Grease,Manual,3.03,Normal,Yes
LB000003690,EQ00001398,2026-03-29,Machine Oil / Grease,Manual,4.91,Normal,Yes
LB000003691,EQ00001398,2024-09-29,Machine Oil / Grease,Manual,3.53,Overdue,Yes
LB000003692,EQ00001398,2022-08-18,Machine Oil / Grease,Manual,0.8,Early,Yes
LB000003693,EQ00001399,2022-02-23,Process/Mechanical Lubricant,Manual / automated,4.67,Early,Yes
LB000003694,EQ00001399,2022-02-13,Process/Mechanical Lubricant,Manual / automated,4.68,Overdue,Yes
LB000003695,EQ00001399,2025-02-24,Process/Mechanical Lubricant,Manual / automated,2.34,Overdue,Yes
LB000003696,EQ00001399,2023-04-09,Process/Mechanical Lubricant,Manual / automated,4.96,Early,Yes
LB000003697,EQ00001400,2023-05-26,Process/Mechanical Lubricant,Manual / automated,0.52,Normal,Yes
LB000003698,EQ00001400,2025-12-26,Process/Mechanical Lubricant,Manual / automated,1.36,Early,Yes
LB000003699,EQ00001400,2022-11-05,Process/Mechanical Lubricant,Manual / automated,2.25,Early,Yes
LB000003700,EQ00001401,2025-02-07,Bearing Grease,Manual,1.88,Overdue,Yes
LB000003701,EQ00001401,2025-03-13,Bearing Grease,Manual,1.93,Normal,Yes
LB000003702,EQ00001403,2022-10-17,EP Gear Oil / Grease,Grease gun / centralized,0.26,Early,Yes
LB000003703,EQ00001403,2024-02-14,EP Gear Oil / Grease,Grease gun / centralized,3.91,Overdue,Yes
LB000003704,EQ00001405,2021-02-21,Process/Mechanical Lubricant,Manual / automated,2.57,Overdue,Yes
LB000003705,EQ00001405,2023-03-28,Process/Mechanical Lubricant,Manual / automated,1.97,Normal,Yes
LB000003706,EQ00001405,2021-03-25,Process/Mechanical Lubricant,Manual / automated,4.09,Early,Yes
LB000003707,EQ00001405,2021-05-12,Process/Mechanical Lubricant,Manual / automated,2.09,Overdue,Yes
LB000003708,EQ00001406,2021-11-08,Process/Mechanical Lubricant,Manual / automated,2.35,Early,Yes
LB000003709,EQ00001406,2024-12-23,Process/Mechanical Lubricant,Manual / automated,1.24,Overdue,Yes
LB000003710,EQ00001407,2025-07-15,Wire Rope / Gear Grease,Manual,4.47,Overdue,Yes
LB000003711,EQ00001408,2022-12-15,Engine / Gear Lubricant,Workshop service,3.74,Overdue,Yes
LB000003712,EQ00001408,2024-07-16,Engine / Gear Lubricant,Workshop service,2.13,Normal,Yes
LB000003713,EQ00001411,2024-06-04,Engine / Gear Lubricant,Workshop service,0.44,Normal,Yes
LB000003714,EQ00001411,2023-01-10,Engine / Gear Lubricant,Workshop service,2.49,Overdue,Yes
LB000003715,EQ00001411,2025-08-03,Engine / Gear Lubricant,Workshop service,3.77,Normal,Yes
LB000003716,EQ00001411,2023-08-16,Engine / Gear Lubricant,Workshop service,1.69,Normal,Yes
LB000003717,EQ00001411,2022-07-30,Engine / Gear Lubricant,Workshop service,2.35,Normal,Yes
LB000003718,EQ00001411,2024-01-10,Engine / Gear Lubricant,Workshop service,4.93,Normal,Yes
LB000003719,EQ00001412,2025-11-29,Bearing Grease,Manual,4.5,Overdue,Yes
LB000003720,EQ00001412,2021-09-23,Bearing Grease,Manual,4.06,Normal,Yes
LB000003721,EQ00001412,2023-04-22,Bearing Grease,Manual,3.63,Normal,Yes
LB000003722,EQ00001412,2023-12-27,Bearing Grease,Manual,2.9,Early,Yes
LB000003723,EQ00001412,2022-09-03,Bearing Grease,Manual,1.62,Early,Yes
LB000003724,EQ00001412,2025-12-09,Bearing Grease,Manual,3.63,Normal,Yes
LB000003725,EQ00001414,2022-01-23,Process/Mechanical Lubricant,Manual / automated,2.24,Overdue,Yes
LB000003726,EQ00001414,2021-11-20,Process/Mechanical Lubricant,Manual / automated,1.02,Normal,Yes
LB000003727,EQ00001414,2026-01-04,Process/Mechanical Lubricant,Manual / automated,3.17,Overdue,Yes
LB000003728,EQ00001414,2026-05-01,Process/Mechanical Lubricant,Manual / automated,4.63,Overdue,Yes
LB000003729,EQ00001414,2024-01-02,Process/Mechanical Lubricant,Manual / automated,1.77,Overdue,Yes
LB000003730,EQ00001415,2021-02-08,Engine / Gear Lubricant,Workshop service,0.85,Early,Yes
LB000003731,EQ00001415,2022-07-17,Engine / Gear Lubricant,Workshop service,1.12,Overdue,Yes
LB000003732,EQ00001415,2025-05-18,Engine / Gear Lubricant,Workshop service,4.75,Normal,Yes
LB000003733,EQ00001415,2023-07-06,Engine / Gear Lubricant,Workshop service,2.55,Overdue,Yes
LB000003734,EQ00001415,2025-04-11,Engine / Gear Lubricant,Workshop service,0.11,Early,Yes
LB000003735,EQ00001416,2024-05-26,Pump Bearing Grease,Manual,4.85,Normal,Yes
LB000003736,EQ00001416,2023-02-11,Pump Bearing Grease,Manual,1.81,Early,Yes
LB000003737,EQ00001416,2026-03-02,Pump Bearing Grease,Manual,4.31,Early,Yes
LB000003738,EQ00001416,2022-01-20,Pump Bearing Grease,Manual,4.08,Normal,Yes
LB000003739,EQ00001417,2024-06-05,Bearing Grease,Manual,4.47,Normal,Yes
LB000003740,EQ00001417,2021-02-07,Bearing Grease,Manual,1.81,Normal,Yes
LB000003741,EQ00001417,2022-04-05,Bearing Grease,Manual,1.32,Early,Yes
LB000003742,EQ00001417,2023-07-03,Bearing Grease,Manual,4.82,Overdue,Yes
LB000003743,EQ00001417,2026-02-08,Bearing Grease,Manual,4.27,Overdue,Yes
LB000003744,EQ00001417,2024-11-08,Bearing Grease,Manual,2.76,Early,Yes
LB000003745,EQ00001419,2022-11-28,Machine Oil / Grease,Manual,3.86,Early,Yes
LB000003746,EQ00001421,2024-12-27,Bearing Grease,Manual,0.41,Overdue,Yes
LB000003747,EQ00001421,2024-03-10,Bearing Grease,Manual,2.02,Normal,Yes
LB000003748,EQ00001421,2023-01-26,Bearing Grease,Manual,1.93,Normal,Yes
LB000003749,EQ00001421,2024-09-11,Bearing Grease,Manual,3.74,Early,Yes
LB000003750,EQ00001422,2023-04-12,Machine Oil / Grease,Manual,0.46,Early,Yes
LB000003751,EQ00001422,2025-01-14,Machine Oil / Grease,Manual,0.28,Early,Yes
LB000003752,EQ00001423,2023-08-28,Engine / Gear Lubricant,Workshop service,0.26,Overdue,Yes
LB000003753,EQ00001423,2025-02-24,Engine / Gear Lubricant,Workshop service,3.9,Overdue,Yes
LB000003754,EQ00001423,2024-04-08,Engine / Gear Lubricant,Workshop service,0.72,Overdue,Yes
LB000003755,EQ00001423,2025-04-01,Engine / Gear Lubricant,Workshop service,4.89,Early,Yes
LB000003756,EQ00001423,2026-06-11,Engine / Gear Lubricant,Workshop service,2.05,Early,Yes
LB000003757,EQ00001424,2023-08-26,Wire Rope / Gear Grease,Manual,1.26,Normal,Yes
LB000003758,EQ00001425,2023-07-02,Wire Rope / Gear Grease,Manual,4.0,Early,Yes
LB000003759,EQ00001426,2024-03-18,Bearing Oil / Grease,Manual / auto-lube,1.36,Normal,Yes
LB000003760,EQ00001426,2024-12-09,Bearing Oil / Grease,Manual / auto-lube,1.64,Normal,Yes
LB000003761,EQ00001428,2025-05-18,Bearing Oil / Grease,Manual / auto-lube,2.16,Early,Yes
LB000003762,EQ00001428,2024-01-30,Bearing Oil / Grease,Manual / auto-lube,2.46,Normal,Yes
LB000003763,EQ00001428,2021-09-09,Bearing Oil / Grease,Manual / auto-lube,3.87,Early,Yes
LB000003764,EQ00001428,2021-04-30,Bearing Oil / Grease,Manual / auto-lube,2.44,Early,Yes
LB000003765,EQ00001428,2025-10-28,Bearing Oil / Grease,Manual / auto-lube,0.72,Early,Yes
LB000003766,EQ00001431,2026-08-24,Process/Mechanical Lubricant,Manual / automated,2.71,Overdue,Yes
LB000003767,EQ00001431,2026-01-12,Process/Mechanical Lubricant,Manual / automated,4.15,Early,Yes
LB000003768,EQ00001431,2022-10-21,Process/Mechanical Lubricant,Manual / automated,0.77,Early,Yes
LB000003769,EQ00001431,2025-11-23,Process/Mechanical Lubricant,Manual / automated,4.68,Early,Yes
LB000003770,EQ00001431,2025-04-26,Process/Mechanical Lubricant,Manual / automated,3.79,Early,Yes
LB000003771,EQ00001431,2023-10-05,Process/Mechanical Lubricant,Manual / automated,2.18,Normal,Yes
LB000003772,EQ00001433,2024-01-30,Bearing Grease,Manual,0.49,Overdue,Yes
LB000003773,EQ00001433,2025-05-11,Bearing Grease,Manual,4.13,Normal,Yes
LB000003774,EQ00001433,2025-09-27,Bearing Grease,Manual,3.43,Overdue,Yes
LB000003775,EQ00001435,2026-04-12,Machine Oil / Grease,Manual,4.06,Early,Yes
LB000003776,EQ00001435,2021-05-16,Machine Oil / Grease,Manual,1.95,Early,Yes
LB000003777,EQ00001435,2025-10-20,Machine Oil / Grease,Manual,3.24,Overdue,Yes
LB000003778,EQ00001435,2023-05-07,Machine Oil / Grease,Manual,2.22,Normal,Yes
LB000003779,EQ00001435,2026-06-12,Machine Oil / Grease,Manual,1.58,Normal,Yes
LB000003780,EQ00001435,2025-07-19,Machine Oil / Grease,Manual,3.42,Normal,Yes
LB000003781,EQ00001436,2024-11-18,Process/Mechanical Lubricant,Manual / automated,0.82,Normal,Yes
LB000003782,EQ00001437,2026-02-25,Process/Mechanical Lubricant,Manual / automated,2.53,Normal,Yes
LB000003783,EQ00001437,2022-08-08,Process/Mechanical Lubricant,Manual / automated,2.65,Overdue,Yes
LB000003784,EQ00001440,2024-11-20,EP Gear Oil / Grease,Grease gun / centralized,1.27,Overdue,Yes
LB000003785,EQ00001440,2025-10-25,EP Gear Oil / Grease,Grease gun / centralized,1.7,Normal,Yes
LB000003786,EQ00001440,2025-05-19,EP Gear Oil / Grease,Grease gun / centralized,2.44,Overdue,Yes
LB000003787,EQ00001440,2024-08-08,EP Gear Oil / Grease,Grease gun / centralized,2.68,Normal,Yes
LB000003788,EQ00001440,2026-08-03,EP Gear Oil / Grease,Grease gun / centralized,4.13,Overdue,Yes
LB000003789,EQ00001441,2021-06-05,EP Gear Oil / Grease,Grease gun / centralized,2.95,Overdue,Yes
LB000003790,EQ00001441,2023-10-07,EP Gear Oil / Grease,Grease gun / centralized,4.16,Overdue,Yes
LB000003791,EQ00001441,2023-04-26,EP Gear Oil / Grease,Grease gun / centralized,0.59,Early,Yes
LB000003792,EQ00001441,2021-05-13,EP Gear Oil / Grease,Grease gun / centralized,0.74,Normal,Yes
LB000003793,EQ00001444,2021-08-29,EP Gear Oil / Grease,Grease gun / centralized,3.0,Early,Yes
LB000003794,EQ00001444,2024-03-02,EP Gear Oil / Grease,Grease gun / centralized,0.49,Normal,Yes
LB000003795,EQ00001444,2022-07-10,EP Gear Oil / Grease,Grease gun / centralized,0.5,Normal,Yes
LB000003796,EQ00001444,2025-01-31,EP Gear Oil / Grease,Grease gun / centralized,4.18,Normal,Yes
LB000003797,EQ00001444,2022-03-17,EP Gear Oil / Grease,Grease gun / centralized,0.3,Overdue,Yes
LB000003798,EQ00001445,2025-12-05,Process/Mechanical Lubricant,Manual / automated,2.9,Overdue,Yes
LB000003799,EQ00001445,2021-01-16,Process/Mechanical Lubricant,Manual / automated,4.12,Overdue,Yes
LB000003800,EQ00001445,2024-07-20,Process/Mechanical Lubricant,Manual / automated,3.07,Early,Yes
LB000003801,EQ00001445,2026-05-03,Process/Mechanical Lubricant,Manual / automated,3.07,Overdue,Yes
LB000003802,EQ00001445,2021-05-03,Process/Mechanical Lubricant,Manual / automated,4.99,Overdue,Yes
LB000003803,EQ00001445,2025-11-09,Process/Mechanical Lubricant,Manual / automated,2.15,Overdue,Yes
LB000003804,EQ00001446,2025-12-17,EP Gear Oil / Grease,Grease gun / centralized,1.65,Normal,Yes
LB000003805,EQ00001446,2023-09-08,EP Gear Oil / Grease,Grease gun / centralized,0.87,Overdue,Yes
LB000003806,EQ00001446,2025-12-01,EP Gear Oil / Grease,Grease gun / centralized,1.22,Early,Yes
LB000003807,EQ00001446,2023-04-13,EP Gear Oil / Grease,Grease gun / centralized,1.3,Overdue,Yes
LB000003808,EQ00001446,2024-11-10,EP Gear Oil / Grease,Grease gun / centralized,1.79,Early,Yes
LB000003809,EQ00001447,2021-03-30,Bearing Grease,Manual,2.06,Overdue,Yes
LB000003810,EQ00001447,2021-07-12,Bearing Grease,Manual,1.54,Normal,Yes
LB000003811,EQ00001447,2022-01-23,Bearing Grease,Manual,2.67,Normal,Yes
LB000003812,EQ00001447,2025-03-03,Bearing Grease,Manual,3.67,Overdue,Yes
LB000003813,EQ00001447,2022-11-20,Bearing Grease,Manual,4.46,Overdue,Yes
LB000003814,EQ00001447,2021-03-28,Bearing Grease,Manual,3.41,Normal,Yes
LB000003815,EQ00001448,2021-05-18,Bearing Oil / Grease,Manual / auto-lube,0.7,Normal,Yes
LB000003816,EQ00001448,2024-10-26,Bearing Oil / Grease,Manual / auto-lube,2.42,Overdue,Yes
LB000003817,EQ00001448,2021-09-07,Bearing Oil / Grease,Manual / auto-lube,3.49,Overdue,Yes
LB000003818,EQ00001448,2025-08-10,Bearing Oil / Grease,Manual / auto-lube,4.06,Early,Yes
LB000003819,EQ00001448,2025-01-27,Bearing Oil / Grease,Manual / auto-lube,1.63,Normal,Yes
LB000003820,EQ00001450,2022-09-04,Bearing Oil / Grease,Manual / auto-lube,3.4,Normal,Yes
LB000003821,EQ00001452,2023-04-14,Machine Oil / Grease,Manual,3.03,Overdue,Yes
LB000003822,EQ00001452,2021-10-22,Machine Oil / Grease,Manual,0.87,Normal,Yes
LB000003823,EQ00001452,2023-10-22,Machine Oil / Grease,Manual,3.78,Normal,Yes
LB000003824,EQ00001452,2021-04-25,Machine Oil / Grease,Manual,3.67,Early,Yes
LB000003825,EQ00001452,2023-05-30,Machine Oil / Grease,Manual,1.47,Overdue,Yes
LB000003826,EQ00001453,2024-05-02,Bearing Grease,Manual,4.91,Early,Yes
LB000003827,EQ00001453,2025-06-08,Bearing Grease,Manual,2.62,Overdue,Yes
LB000003828,EQ00001453,2022-06-18,Bearing Grease,Manual,3.37,Early,Yes
LB000003829,EQ00001453,2021-12-30,Bearing Grease,Manual,4.91,Normal,Yes
LB000003830,EQ00001454,2021-05-26,Process/Mechanical Lubricant,Manual / automated,4.41,Normal,Yes
LB000003831,EQ00001454,2025-06-28,Process/Mechanical Lubricant,Manual / automated,1.09,Normal,Yes
LB000003832,EQ00001454,2025-06-16,Process/Mechanical Lubricant,Manual / automated,2.12,Normal,Yes
LB000003833,EQ00001454,2025-03-17,Process/Mechanical Lubricant,Manual / automated,1.99,Overdue,Yes
LB000003834,EQ00001454,2024-08-05,Process/Mechanical Lubricant,Manual / automated,1.15,Early,Yes
LB000003835,EQ00001455,2021-03-01,Machine Oil / Grease,Manual,3.58,Overdue,Yes
LB000003836,EQ00001455,2021-07-22,Machine Oil / Grease,Manual,1.26,Normal,Yes
LB000003837,EQ00001455,2025-07-02,Machine Oil / Grease,Manual,4.06,Normal,Yes
LB000003838,EQ00001457,2025-07-16,Wire Rope / Gear Grease,Manual,0.8,Overdue,Yes
LB000003839,EQ00001457,2021-03-03,Wire Rope / Gear Grease,Manual,0.65,Normal,Yes
LB000003840,EQ00001457,2021-04-17,Wire Rope / Gear Grease,Manual,2.8,Overdue,Yes
LB000003841,EQ00001457,2023-12-16,Wire Rope / Gear Grease,Manual,0.16,Early,Yes
LB000003842,EQ00001458,2024-02-14,EP Gear Oil / Grease,Grease gun / centralized,2.38,Normal,Yes
LB000003843,EQ00001458,2024-02-18,EP Gear Oil / Grease,Grease gun / centralized,3.96,Normal,Yes
LB000003844,EQ00001458,2022-09-18,EP Gear Oil / Grease,Grease gun / centralized,2.72,Overdue,Yes
LB000003845,EQ00001459,2024-11-29,EP Gear Oil / Grease,Grease gun / centralized,1.66,Overdue,Yes
LB000003846,EQ00001459,2023-09-29,EP Gear Oil / Grease,Grease gun / centralized,3.3,Normal,Yes
LB000003847,EQ00001459,2023-09-02,EP Gear Oil / Grease,Grease gun / centralized,1.28,Normal,Yes
LB000003848,EQ00001459,2026-04-19,EP Gear Oil / Grease,Grease gun / centralized,1.25,Normal,Yes
LB000003849,EQ00001459,2021-02-24,EP Gear Oil / Grease,Grease gun / centralized,3.51,Overdue,Yes
LB000003850,EQ00001459,2025-02-19,EP Gear Oil / Grease,Grease gun / centralized,0.9,Normal,Yes
LB000003851,EQ00001460,2021-03-29,Machine Oil / Grease,Manual,3.18,Overdue,Yes
LB000003852,EQ00001460,2022-08-19,Machine Oil / Grease,Manual,1.84,Early,Yes
LB000003853,EQ00001460,2022-07-04,Machine Oil / Grease,Manual,4.8,Early,Yes
LB000003854,EQ00001461,2024-07-27,EP Gear Oil / Grease,Grease gun / centralized,1.8,Normal,Yes
LB000003855,EQ00001461,2022-01-07,EP Gear Oil / Grease,Grease gun / centralized,2.48,Normal,Yes
LB000003856,EQ00001462,2025-12-31,Machine Oil / Grease,Manual,1.32,Overdue,Yes
LB000003857,EQ00001463,2025-04-12,Machine Oil / Grease,Manual,4.9,Normal,Yes
LB000003858,EQ00001463,2024-07-05,Machine Oil / Grease,Manual,4.93,Normal,Yes
LB000003859,EQ00001463,2021-02-24,Machine Oil / Grease,Manual,4.78,Overdue,Yes
LB000003860,EQ00001463,2021-03-18,Machine Oil / Grease,Manual,3.93,Overdue,Yes
LB000003861,EQ00001463,2021-08-18,Machine Oil / Grease,Manual,2.71,Early,Yes
LB000003862,EQ00001463,2022-03-27,Machine Oil / Grease,Manual,1.91,Early,Yes
LB000003863,EQ00001464,2021-12-10,EP Gear Oil / Grease,Grease gun / centralized,1.25,Normal,Yes
LB000003864,EQ00001464,2021-11-30,EP Gear Oil / Grease,Grease gun / centralized,3.55,Normal,Yes
LB000003865,EQ00001464,2023-10-21,EP Gear Oil / Grease,Grease gun / centralized,2.35,Normal,Yes
LB000003866,EQ00001464,2025-02-03,EP Gear Oil / Grease,Grease gun / centralized,0.15,Early,Yes
LB000003867,EQ00001464,2025-12-13,EP Gear Oil / Grease,Grease gun / centralized,3.2,Normal,Yes
LB000003868,EQ00001464,2026-07-24,EP Gear Oil / Grease,Grease gun / centralized,2.82,Early,Yes
LB000003869,EQ00001465,2023-12-23,EP Gear Oil / Grease,Grease gun / centralized,4.76,Early,Yes
LB000003870,EQ00001465,2026-06-30,EP Gear Oil / Grease,Grease gun / centralized,3.96,Overdue,Yes
LB000003871,EQ00001465,2024-05-29,EP Gear Oil / Grease,Grease gun / centralized,1.76,Overdue,Yes
LB000003872,EQ00001465,2022-05-25,EP Gear Oil / Grease,Grease gun / centralized,0.3,Overdue,Yes
LB000003873,EQ00001465,2023-12-17,EP Gear Oil / Grease,Grease gun / centralized,0.31,Overdue,Yes
LB000003874,EQ00001466,2024-01-23,Engine / Gear Lubricant,Workshop service,3.03,Early,Yes
LB000003875,EQ00001466,2025-11-12,Engine / Gear Lubricant,Workshop service,1.52,Early,Yes
LB000003876,EQ00001466,2026-08-17,Engine / Gear Lubricant,Workshop service,1.84,Overdue,Yes
LB000003877,EQ00001467,2022-03-04,Wire Rope / Gear Grease,Manual,0.22,Normal,Yes
LB000003878,EQ00001467,2021-02-05,Wire Rope / Gear Grease,Manual,3.69,Overdue,Yes
LB000003879,EQ00001467,2021-05-08,Wire Rope / Gear Grease,Manual,4.12,Normal,Yes
LB000003880,EQ00001467,2023-01-22,Wire Rope / Gear Grease,Manual,1.25,Overdue,Yes
LB000003881,EQ00001467,2024-01-22,Wire Rope / Gear Grease,Manual,1.3,Normal,Yes
LB000003882,EQ00001469,2021-12-06,Process/Mechanical Lubricant,Manual / automated,2.27,Overdue,Yes
LB000003883,EQ00001469,2022-08-24,Process/Mechanical Lubricant,Manual / automated,0.28,Overdue,Yes
LB000003884,EQ00001471,2025-10-12,Process/Mechanical Lubricant,Manual / automated,4.57,Overdue,Yes
LB000003885,EQ00001471,2022-07-08,Process/Mechanical Lubricant,Manual / automated,4.31,Normal,Yes
LB000003886,EQ00001471,2025-08-05,Process/Mechanical Lubricant,Manual / automated,4.63,Normal,Yes
LB000003887,EQ00001471,2022-11-24,Process/Mechanical Lubricant,Manual / automated,0.17,Normal,Yes
LB000003888,EQ00001472,2021-01-25,Bearing Oil / Grease,Manual / auto-lube,4.87,Early,Yes
LB000003889,EQ00001472,2025-03-23,Bearing Oil / Grease,Manual / auto-lube,2.59,Normal,Yes
LB000003890,EQ00001472,2023-04-26,Bearing Oil / Grease,Manual / auto-lube,0.74,Early,Yes
LB000003891,EQ00001472,2024-04-15,Bearing Oil / Grease,Manual / auto-lube,3.58,Normal,Yes
LB000003892,EQ00001472,2024-08-09,Bearing Oil / Grease,Manual / auto-lube,3.18,Overdue,Yes
LB000003893,EQ00001473,2025-09-25,Machine Oil / Grease,Manual,4.91,Normal,Yes
LB000003894,EQ00001473,2026-04-06,Machine Oil / Grease,Manual,1.46,Normal,Yes
LB000003895,EQ00001473,2025-05-12,Machine Oil / Grease,Manual,3.98,Overdue,Yes
LB000003896,EQ00001473,2022-01-07,Machine Oil / Grease,Manual,0.56,Overdue,Yes
LB000003897,EQ00001474,2026-01-07,Bearing Grease,Manual,2.02,Overdue,Yes
LB000003898,EQ00001474,2024-06-04,Bearing Grease,Manual,0.1,Normal,Yes
LB000003899,EQ00001474,2023-01-31,Bearing Grease,Manual,1.68,Normal,Yes
LB000003900,EQ00001474,2021-05-26,Bearing Grease,Manual,0.99,Overdue,Yes
LB000003901,EQ00001474,2023-05-06,Bearing Grease,Manual,2.08,Early,Yes
LB000003902,EQ00001475,2025-02-20,EP Gear Oil / Grease,Grease gun / centralized,4.64,Early,Yes
LB000003903,EQ00001475,2023-03-09,EP Gear Oil / Grease,Grease gun / centralized,3.63,Overdue,Yes
LB000003904,EQ00001476,2023-07-12,Process/Mechanical Lubricant,Manual / automated,2.99,Early,Yes
LB000003905,EQ00001476,2025-12-21,Process/Mechanical Lubricant,Manual / automated,0.49,Normal,Yes
LB000003906,EQ00001476,2025-10-03,Process/Mechanical Lubricant,Manual / automated,3.78,Overdue,Yes
LB000003907,EQ00001476,2025-03-20,Process/Mechanical Lubricant,Manual / automated,2.91,Overdue,Yes
LB000003908,EQ00001476,2026-02-21,Process/Mechanical Lubricant,Manual / automated,1.59,Early,Yes
LB000003909,EQ00001477,2023-06-22,Process/Mechanical Lubricant,Manual / automated,4.69,Normal,Yes
LB000003910,EQ00001477,2022-02-20,Process/Mechanical Lubricant,Manual / automated,4.3,Early,Yes
LB000003911,EQ00001477,2021-05-25,Process/Mechanical Lubricant,Manual / automated,0.52,Overdue,Yes
LB000003912,EQ00001478,2022-09-02,Machine Oil / Grease,Manual,0.16,Overdue,Yes
LB000003913,EQ00001478,2023-07-21,Machine Oil / Grease,Manual,4.09,Overdue,Yes
LB000003914,EQ00001478,2026-03-31,Machine Oil / Grease,Manual,1.31,Normal,Yes
LB000003915,EQ00001478,2025-08-15,Machine Oil / Grease,Manual,4.76,Normal,Yes
LB000003916,EQ00001478,2024-09-11,Machine Oil / Grease,Manual,1.95,Early,Yes
LB000003917,EQ00001478,2021-08-07,Machine Oil / Grease,Manual,2.63,Normal,Yes
LB000003918,EQ00001479,2026-05-29,EP Gear Oil / Grease,Grease gun / centralized,4.69,Overdue,Yes
LB000003919,EQ00001479,2023-03-23,EP Gear Oil / Grease,Grease gun / centralized,4.08,Early,Yes
LB000003920,EQ00001480,2026-04-13,Wire Rope / Gear Grease,Manual,4.7,Overdue,Yes
LB000003921,EQ00001482,2023-05-04,Bearing Oil / Grease,Manual / auto-lube,1.21,Early,Yes
LB000003922,EQ00001482,2025-09-05,Bearing Oil / Grease,Manual / auto-lube,2.37,Overdue,Yes
LB000003923,EQ00001483,2025-02-09,EP Gear Oil / Grease,Grease gun / centralized,1.83,Overdue,Yes
LB000003924,EQ00001483,2026-01-23,EP Gear Oil / Grease,Grease gun / centralized,1.57,Normal,Yes
LB000003925,EQ00001483,2024-05-01,EP Gear Oil / Grease,Grease gun / centralized,1.23,Normal,Yes
LB000003926,EQ00001483,2021-08-09,EP Gear Oil / Grease,Grease gun / centralized,2.47,Early,Yes
LB000003927,EQ00001486,2021-06-01,EP Gear Oil / Grease,Grease gun / centralized,2.42,Overdue,Yes
LB000003928,EQ00001487,2025-11-19,Process/Mechanical Lubricant,Manual / automated,4.85,Normal,Yes
LB000003929,EQ00001487,2023-09-19,Process/Mechanical Lubricant,Manual / automated,2.4,Normal,Yes
LB000003930,EQ00001487,2024-06-26,Process/Mechanical Lubricant,Manual / automated,2.36,Early,Yes
LB000003931,EQ00001487,2024-12-28,Process/Mechanical Lubricant,Manual / automated,2.05,Overdue,Yes
LB000003932,EQ00001488,2026-03-09,Process/Mechanical Lubricant,Manual / automated,0.57,Early,Yes
LB000003933,EQ00001488,2024-08-30,Process/Mechanical Lubricant,Manual / automated,1.73,Early,Yes
LB000003934,EQ00001488,2022-10-01,Process/Mechanical Lubricant,Manual / automated,0.82,Overdue,Yes
LB000003935,EQ00001488,2026-06-05,Process/Mechanical Lubricant,Manual / automated,0.3,Overdue,Yes
LB000003936,EQ00001490,2023-02-15,EP Gear Oil / Grease,Grease gun / centralized,3.12,Early,Yes
LB000003937,EQ00001490,2025-04-05,EP Gear Oil / Grease,Grease gun / centralized,4.66,Normal,Yes
LB000003938,EQ00001490,2023-04-23,EP Gear Oil / Grease,Grease gun / centralized,3.6,Normal,Yes
LB000003939,EQ00001490,2024-01-05,EP Gear Oil / Grease,Grease gun / centralized,0.16,Normal,Yes
LB000003940,EQ00001490,2023-06-19,EP Gear Oil / Grease,Grease gun / centralized,4.34,Overdue,Yes
LB000003941,EQ00001490,2023-09-18,EP Gear Oil / Grease,Grease gun / centralized,0.2,Early,Yes
LB000003942,EQ00001491,2026-08-10,EP Gear Oil / Grease,Grease gun / centralized,2.1,Early,Yes
LB000003943,EQ00001491,2024-07-07,EP Gear Oil / Grease,Grease gun / centralized,2.55,Early,Yes
LB000003944,EQ00001491,2022-08-10,EP Gear Oil / Grease,Grease gun / centralized,0.76,Overdue,Yes
LB000003945,EQ00001491,2023-07-28,EP Gear Oil / Grease,Grease gun / centralized,2.44,Early,Yes
LB000003946,EQ00001491,2026-07-22,EP Gear Oil / Grease,Grease gun / centralized,4.66,Early,Yes
LB000003947,EQ00001492,2021-05-07,Bearing Grease,Manual,4.43,Normal,Yes
LB000003948,EQ00001492,2023-10-07,Bearing Grease,Manual,3.86,Overdue,Yes
LB000003949,EQ00001492,2025-03-28,Bearing Grease,Manual,2.56,Overdue,Yes
LB000003950,EQ00001492,2021-08-12,Bearing Grease,Manual,2.81,Normal,Yes
LB000003951,EQ00001492,2023-04-10,Bearing Grease,Manual,2.02,Overdue,Yes
LB000003952,EQ00001493,2026-08-23,Pump Bearing Grease,Manual,1.45,Early,Yes
LB000003953,EQ00001493,2023-07-31,Pump Bearing Grease,Manual,1.68,Normal,Yes
LB000003954,EQ00001493,2025-06-30,Pump Bearing Grease,Manual,0.41,Normal,Yes
LB000003955,EQ00001493,2021-12-16,Pump Bearing Grease,Manual,2.56,Normal,Yes
LB000003956,EQ00001493,2024-01-09,Pump Bearing Grease,Manual,2.9,Overdue,Yes
LB000003957,EQ00001494,2024-02-11,Wire Rope / Gear Grease,Manual,1.12,Early,Yes
LB000003958,EQ00001494,2025-10-05,Wire Rope / Gear Grease,Manual,1.83,Normal,Yes
LB000003959,EQ00001494,2023-06-15,Wire Rope / Gear Grease,Manual,1.56,Early,Yes
LB000003960,EQ00001495,2021-08-29,Bearing Grease,Manual,4.24,Overdue,Yes
LB000003961,EQ00001495,2026-08-10,Bearing Grease,Manual,4.63,Normal,Yes
LB000003962,EQ00001495,2023-01-20,Bearing Grease,Manual,1.18,Overdue,Yes
LB000003963,EQ00001495,2024-10-16,Bearing Grease,Manual,3.16,Overdue,Yes
LB000003964,EQ00001497,2025-10-12,Machine Oil / Grease,Manual,1.66,Normal,Yes
LB000003965,EQ00001497,2025-06-27,Machine Oil / Grease,Manual,1.14,Normal,Yes
LB000003966,EQ00001497,2023-09-04,Machine Oil / Grease,Manual,4.04,Early,Yes
LB000003967,EQ00001497,2025-09-26,Machine Oil / Grease,Manual,1.08,Overdue,Yes
LB000003968,EQ00001497,2022-11-25,Machine Oil / Grease,Manual,4.2,Normal,Yes
LB000003969,EQ00001498,2025-07-12,Engine / Gear Lubricant,Workshop service,3.19,Normal,Yes
LB000003970,EQ00001498,2021-04-13,Engine / Gear Lubricant,Workshop service,2.04,Early,Yes
LB000003971,EQ00001498,2024-12-13,Engine / Gear Lubricant,Workshop service,1.43,Normal,Yes
LB000003972,EQ00001498,2021-05-28,Engine / Gear Lubricant,Workshop service,4.31,Early,Yes
LB000003973,EQ00001498,2023-09-18,Engine / Gear Lubricant,Workshop service,2.22,Overdue,Yes
LB000003974,EQ00001498,2022-07-21,Engine / Gear Lubricant,Workshop service,0.85,Overdue,Yes
LB000003975,EQ00001499,2026-03-04,EP Gear Oil / Grease,Grease gun / centralized,4.2,Normal,Yes
LB000003976,EQ00001500,2023-11-29,Bearing Grease,Manual,2.38,Overdue,Yes
LB000003977,EQ00001500,2022-05-27,Bearing Grease,Manual,1.09,Normal,Yes
LB000003978,EQ00001500,2022-11-12,Bearing Grease,Manual,4.63,Early,Yes
LB000003979,EQ00001500,2024-04-02,Bearing Grease,Manual,4.95,Overdue,Yes
LB000003980,EQ00001501,2022-11-24,Bearing Oil / Grease,Manual / auto-lube,4.09,Normal,Yes
LB000003981,EQ00001501,2025-10-09,Bearing Oil / Grease,Manual / auto-lube,2.74,Normal,Yes
LB000003982,EQ00001501,2022-11-05,Bearing Oil / Grease,Manual / auto-lube,1.92,Normal,Yes
LB000003983,EQ00001501,2023-05-13,Bearing Oil / Grease,Manual / auto-lube,2.5,Early,Yes
LB000003984,EQ00001501,2024-07-15,Bearing Oil / Grease,Manual / auto-lube,3.13,Early,Yes
LB000003985,EQ00001502,2021-12-25,Wire Rope / Gear Grease,Manual,0.49,Normal,Yes
LB000003986,EQ00001502,2023-07-06,Wire Rope / Gear Grease,Manual,3.48,Early,Yes
LB000003987,EQ00001504,2022-01-24,Pump Bearing Grease,Manual,1.04,Normal,Yes
LB000003988,EQ00001504,2023-02-26,Pump Bearing Grease,Manual,1.72,Normal,Yes
LB000003989,EQ00001505,2025-11-01,Bearing Oil / Grease,Manual / auto-lube,1.55,Overdue,Yes
LB000003990,EQ00001505,2021-11-03,Bearing Oil / Grease,Manual / auto-lube,4.04,Normal,Yes
LB000003991,EQ00001505,2022-10-09,Bearing Oil / Grease,Manual / auto-lube,3.54,Overdue,Yes
LB000003992,EQ00001505,2024-04-21,Bearing Oil / Grease,Manual / auto-lube,4.15,Normal,Yes
LB000003993,EQ00001505,2023-01-06,Bearing Oil / Grease,Manual / auto-lube,1.15,Normal,Yes
LB000003994,EQ00001507,2025-02-11,Pump Bearing Grease,Manual,2.61,Early,Yes
LB000003995,EQ00001507,2023-05-31,Pump Bearing Grease,Manual,1.3,Normal,Yes
LB000003996,EQ00001507,2021-12-23,Pump Bearing Grease,Manual,3.0,Overdue,Yes
LB000003997,EQ00001507,2023-10-18,Pump Bearing Grease,Manual,3.68,Early,Yes
LB000003998,EQ00001507,2021-01-13,Pump Bearing Grease,Manual,3.11,Early,Yes
LB000003999,EQ00001507,2026-08-10,Pump Bearing Grease,Manual,1.06,Overdue,Yes
LB000004000,EQ00001508,2022-04-20,Bearing Grease,Manual,4.13,Overdue,Yes
LB000004001,EQ00001508,2025-04-12,Bearing Grease,Manual,2.48,Overdue,Yes
LB000004002,EQ00001508,2025-06-25,Bearing Grease,Manual,2.61,Early,Yes
LB000004003,EQ00001508,2024-08-27,Bearing Grease,Manual,1.07,Early,Yes
LB000004004,EQ00001509,2025-12-15,EP Gear Oil / Grease,Grease gun / centralized,3.25,Normal,Yes
LB000004005,EQ00001509,2022-05-06,EP Gear Oil / Grease,Grease gun / centralized,2.39,Early,Yes
LB000004006,EQ00001509,2022-02-03,EP Gear Oil / Grease,Grease gun / centralized,0.68,Overdue,Yes
LB000004007,EQ00001512,2021-05-17,Engine / Gear Lubricant,Workshop service,1.18,Early,Yes
LB000004008,EQ00001512,2026-04-03,Engine / Gear Lubricant,Workshop service,4.74,Early,Yes
LB000004009,EQ00001512,2021-09-06,Engine / Gear Lubricant,Workshop service,2.52,Early,Yes
LB000004010,EQ00001512,2024-01-10,Engine / Gear Lubricant,Workshop service,0.51,Overdue,Yes
LB000004011,EQ00001512,2026-08-12,Engine / Gear Lubricant,Workshop service,3.91,Early,Yes
LB000004012,EQ00001512,2026-05-28,Engine / Gear Lubricant,Workshop service,3.77,Early,Yes
LB000004013,EQ00001514,2022-02-08,Engine / Gear Lubricant,Workshop service,4.83,Early,Yes
LB000004014,EQ00001517,2024-08-01,Machine Oil / Grease,Manual,1.15,Normal,Yes
LB000004015,EQ00001517,2021-08-24,Machine Oil / Grease,Manual,0.48,Early,Yes
LB000004016,EQ00001517,2023-10-29,Machine Oil / Grease,Manual,2.1,Overdue,Yes
LB000004017,EQ00001518,2021-04-24,Process/Mechanical Lubricant,Manual / automated,3.13,Normal,Yes
LB000004018,EQ00001519,2025-02-04,Machine Oil / Grease,Manual,3.28,Normal,Yes
LB000004019,EQ00001519,2023-04-20,Machine Oil / Grease,Manual,3.45,Early,Yes
LB000004020,EQ00001519,2024-11-02,Machine Oil / Grease,Manual,3.45,Early,Yes
LB000004021,EQ00001519,2021-11-19,Machine Oil / Grease,Manual,1.81,Overdue,Yes
LB000004022,EQ00001519,2025-12-29,Machine Oil / Grease,Manual,3.87,Normal,Yes
LB000004023,EQ00001519,2021-12-31,Machine Oil / Grease,Manual,1.51,Normal,Yes
LB000004024,EQ00001520,2025-02-10,Pump Bearing Grease,Manual,2.3,Overdue,Yes
LB000004025,EQ00001521,2022-04-29,Pump Bearing Grease,Manual,1.99,Normal,Yes
LB000004026,EQ00001521,2024-04-20,Pump Bearing Grease,Manual,0.84,Normal,Yes
LB000004027,EQ00001521,2024-08-04,Pump Bearing Grease,Manual,0.96,Early,Yes
LB000004028,EQ00001521,2021-12-25,Pump Bearing Grease,Manual,2.99,Normal,Yes
LB000004029,EQ00001521,2021-09-12,Pump Bearing Grease,Manual,2.55,Overdue,Yes
LB000004030,EQ00001521,2026-05-25,Pump Bearing Grease,Manual,0.1,Overdue,Yes
LB000004031,EQ00001524,2024-12-01,Process/Mechanical Lubricant,Manual / automated,0.82,Early,Yes
LB000004032,EQ00001524,2021-11-16,Process/Mechanical Lubricant,Manual / automated,2.78,Normal,Yes
LB000004033,EQ00001524,2025-12-12,Process/Mechanical Lubricant,Manual / automated,2.62,Overdue,Yes
LB000004034,EQ00001525,2026-07-15,EP Gear Oil / Grease,Grease gun / centralized,3.03,Overdue,Yes
LB000004035,EQ00001525,2024-11-04,EP Gear Oil / Grease,Grease gun / centralized,3.47,Normal,Yes
LB000004036,EQ00001525,2021-12-13,EP Gear Oil / Grease,Grease gun / centralized,0.63,Early,Yes
LB000004037,EQ00001525,2022-11-03,EP Gear Oil / Grease,Grease gun / centralized,0.26,Overdue,Yes
LB000004038,EQ00001526,2024-03-02,Process/Mechanical Lubricant,Manual / automated,3.68,Normal,Yes
LB000004039,EQ00001526,2024-11-04,Process/Mechanical Lubricant,Manual / automated,1.8,Early,Yes
LB000004040,EQ00001526,2021-05-11,Process/Mechanical Lubricant,Manual / automated,1.12,Overdue,Yes
LB000004041,EQ00001526,2023-06-06,Process/Mechanical Lubricant,Manual / automated,1.81,Overdue,Yes
LB000004042,EQ00001527,2021-09-06,Pump Bearing Grease,Manual,4.69,Early,Yes
LB000004043,EQ00001527,2023-11-28,Pump Bearing Grease,Manual,0.34,Early,Yes
LB000004044,EQ00001527,2021-05-28,Pump Bearing Grease,Manual,4.18,Overdue,Yes
LB000004045,EQ00001528,2025-03-31,EP Gear Oil / Grease,Grease gun / centralized,4.33,Overdue,Yes
LB000004046,EQ00001529,2021-01-30,Machine Oil / Grease,Manual,2.42,Overdue,Yes
LB000004047,EQ00001529,2023-06-21,Machine Oil / Grease,Manual,0.79,Early,Yes
LB000004048,EQ00001529,2025-02-14,Machine Oil / Grease,Manual,3.2,Normal,Yes
LB000004049,EQ00001529,2025-11-16,Machine Oil / Grease,Manual,1.55,Early,Yes
LB000004050,EQ00001529,2026-07-10,Machine Oil / Grease,Manual,3.36,Overdue,Yes
LB000004051,EQ00001530,2021-02-07,EP Gear Oil / Grease,Grease gun / centralized,5.0,Normal,Yes
LB000004052,EQ00001530,2024-09-29,EP Gear Oil / Grease,Grease gun / centralized,0.31,Overdue,Yes
LB000004053,EQ00001530,2023-02-07,EP Gear Oil / Grease,Grease gun / centralized,3.89,Early,Yes
LB000004054,EQ00001530,2024-02-26,EP Gear Oil / Grease,Grease gun / centralized,0.89,Normal,Yes
LB000004055,EQ00001531,2024-05-12,Bearing Grease,Manual,4.59,Overdue,Yes
LB000004056,EQ00001531,2021-10-14,Bearing Grease,Manual,1.78,Normal,Yes
LB000004057,EQ00001531,2022-07-09,Bearing Grease,Manual,2.01,Normal,Yes
LB000004058,EQ00001532,2022-01-25,Bearing Oil / Grease,Manual / auto-lube,3.71,Normal,Yes
LB000004059,EQ00001537,2023-10-31,Pump Bearing Grease,Manual,3.91,Overdue,Yes
LB000004060,EQ00001537,2025-04-18,Pump Bearing Grease,Manual,0.68,Normal,Yes
LB000004061,EQ00001537,2021-10-30,Pump Bearing Grease,Manual,3.8,Normal,Yes
LB000004062,EQ00001537,2022-11-11,Pump Bearing Grease,Manual,0.41,Overdue,Yes
LB000004063,EQ00001537,2021-10-01,Pump Bearing Grease,Manual,2.82,Normal,Yes
LB000004064,EQ00001537,2024-12-08,Pump Bearing Grease,Manual,3.37,Overdue,Yes
LB000004065,EQ00001540,2021-10-17,Pump Bearing Grease,Manual,1.69,Overdue,Yes
LB000004066,EQ00001540,2021-06-06,Pump Bearing Grease,Manual,0.11,Early,Yes
LB000004067,EQ00001540,2021-09-23,Pump Bearing Grease,Manual,0.76,Early,Yes
LB000004068,EQ00001541,2021-06-16,Machine Oil / Grease,Manual,4.45,Overdue,Yes
LB000004069,EQ00001542,2025-07-14,EP Gear Oil / Grease,Grease gun / centralized,2.94,Early,Yes
LB000004070,EQ00001544,2021-01-22,Wire Rope / Gear Grease,Manual,0.41,Normal,Yes
LB000004071,EQ00001545,2023-09-10,Process/Mechanical Lubricant,Manual / automated,3.48,Overdue,Yes
LB000004072,EQ00001545,2021-01-02,Process/Mechanical Lubricant,Manual / automated,2.61,Early,Yes
LB000004073,EQ00001545,2025-06-08,Process/Mechanical Lubricant,Manual / automated,0.78,Overdue,Yes
LB000004074,EQ00001545,2025-01-16,Process/Mechanical Lubricant,Manual / automated,3.37,Overdue,Yes
LB000004075,EQ00001545,2025-11-01,Process/Mechanical Lubricant,Manual / automated,4.45,Overdue,Yes
LB000004076,EQ00001545,2023-07-03,Process/Mechanical Lubricant,Manual / automated,3.73,Overdue,Yes
LB000004077,EQ00001546,2023-05-16,EP Gear Oil / Grease,Grease gun / centralized,4.93,Overdue,Yes
LB000004078,EQ00001547,2024-06-08,EP Gear Oil / Grease,Grease gun / centralized,3.94,Early,Yes
LB000004079,EQ00001548,2022-04-23,Pump Bearing Grease,Manual,0.29,Early,Yes
LB000004080,EQ00001548,2021-03-21,Pump Bearing Grease,Manual,1.51,Overdue,Yes
LB000004081,EQ00001549,2021-11-14,Machine Oil / Grease,Manual,2.15,Normal,Yes
LB000004082,EQ00001549,2026-04-06,Machine Oil / Grease,Manual,2.71,Early,Yes
LB000004083,EQ00001552,2024-03-26,Bearing Oil / Grease,Manual / auto-lube,4.44,Overdue,Yes
LB000004084,EQ00001552,2024-08-14,Bearing Oil / Grease,Manual / auto-lube,0.29,Overdue,Yes
LB000004085,EQ00001552,2023-06-13,Bearing Oil / Grease,Manual / auto-lube,0.26,Early,Yes
LB000004086,EQ00001553,2021-06-02,Machine Oil / Grease,Manual,3.08,Overdue,Yes
LB000004087,EQ00001553,2025-12-29,Machine Oil / Grease,Manual,4.76,Early,Yes
LB000004088,EQ00001553,2025-08-16,Machine Oil / Grease,Manual,2.61,Overdue,Yes
LB000004089,EQ00001554,2021-03-25,Bearing Grease,Manual,1.7,Early,Yes
LB000004090,EQ00001554,2024-08-22,Bearing Grease,Manual,1.6,Overdue,Yes
LB000004091,EQ00001555,2021-05-01,Pump Bearing Grease,Manual,1.05,Early,Yes
LB000004092,EQ00001555,2025-06-05,Pump Bearing Grease,Manual,3.4,Overdue,Yes
LB000004093,EQ00001555,2022-10-08,Pump Bearing Grease,Manual,3.69,Overdue,Yes
LB000004094,EQ00001555,2021-02-16,Pump Bearing Grease,Manual,2.12,Normal,Yes
LB000004095,EQ00001555,2021-04-23,Pump Bearing Grease,Manual,3.56,Early,Yes
LB000004096,EQ00001555,2024-08-14,Pump Bearing Grease,Manual,0.8,Overdue,Yes
LB000004097,EQ00001557,2025-07-02,Wire Rope / Gear Grease,Manual,3.21,Normal,Yes
LB000004098,EQ00001558,2022-11-27,EP Gear Oil / Grease,Grease gun / centralized,1.39,Normal,Yes
LB000004099,EQ00001558,2025-04-18,EP Gear Oil / Grease,Grease gun / centralized,0.26,Normal,Yes
LB000004100,EQ00001558,2025-04-24,EP Gear Oil / Grease,Grease gun / centralized,2.27,Normal,Yes
LB000004101,EQ00001558,2026-04-13,EP Gear Oil / Grease,Grease gun / centralized,4.68,Early,Yes
LB000004102,EQ00001559,2026-07-27,EP Gear Oil / Grease,Grease gun / centralized,0.29,Overdue,Yes
LB000004103,EQ00001559,2023-02-11,EP Gear Oil / Grease,Grease gun / centralized,1.11,Overdue,Yes
LB000004104,EQ00001560,2022-02-16,Bearing Grease,Manual,0.63,Early,Yes
LB000004105,EQ00001560,2022-09-05,Bearing Grease,Manual,4.03,Early,Yes
LB000004106,EQ00001560,2022-09-07,Bearing Grease,Manual,2.83,Normal,Yes
LB000004107,EQ00001560,2022-03-12,Bearing Grease,Manual,0.88,Normal,Yes
LB000004108,EQ00001560,2025-05-28,Bearing Grease,Manual,1.03,Normal,Yes
LB000004109,EQ00001560,2023-05-28,Bearing Grease,Manual,2.13,Overdue,Yes
LB000004110,EQ00001561,2023-09-17,EP Gear Oil / Grease,Grease gun / centralized,2.55,Overdue,Yes
LB000004111,EQ00001562,2026-05-21,Engine / Gear Lubricant,Workshop service,2.66,Early,Yes
LB000004112,EQ00001562,2025-10-05,Engine / Gear Lubricant,Workshop service,0.34,Overdue,Yes
LB000004113,EQ00001562,2026-02-18,Engine / Gear Lubricant,Workshop service,2.47,Early,Yes
LB000004114,EQ00001562,2023-04-14,Engine / Gear Lubricant,Workshop service,4.08,Overdue,Yes
LB000004115,EQ00001562,2025-12-30,Engine / Gear Lubricant,Workshop service,2.92,Overdue,Yes
LB000004116,EQ00001563,2026-06-22,Process/Mechanical Lubricant,Manual / automated,4.95,Overdue,Yes
LB000004117,EQ00001563,2021-11-28,Process/Mechanical Lubricant,Manual / automated,3.89,Normal,Yes
LB000004118,EQ00001564,2024-10-16,Process/Mechanical Lubricant,Manual / automated,2.52,Early,Yes
LB000004119,EQ00001564,2024-01-12,Process/Mechanical Lubricant,Manual / automated,1.1,Overdue,Yes
LB000004120,EQ00001564,2025-11-06,Process/Mechanical Lubricant,Manual / automated,2.59,Early,Yes
LB000004121,EQ00001565,2021-11-30,Process/Mechanical Lubricant,Manual / automated,4.91,Overdue,Yes
LB000004122,EQ00001566,2026-05-05,Pump Bearing Grease,Manual,4.99,Normal,Yes
LB000004123,EQ00001566,2022-03-05,Pump Bearing Grease,Manual,0.17,Overdue,Yes
LB000004124,EQ00001566,2024-12-05,Pump Bearing Grease,Manual,3.11,Overdue,Yes
LB000004125,EQ00001566,2023-11-04,Pump Bearing Grease,Manual,3.32,Early,Yes
LB000004126,EQ00001567,2024-02-26,Pump Bearing Grease,Manual,4.45,Early,Yes
LB000004127,EQ00001567,2025-12-02,Pump Bearing Grease,Manual,3.55,Early,Yes
LB000004128,EQ00001567,2021-04-10,Pump Bearing Grease,Manual,1.31,Overdue,Yes
LB000004129,EQ00001567,2024-05-26,Pump Bearing Grease,Manual,2.65,Early,Yes
LB000004130,EQ00001568,2025-10-22,EP Gear Oil / Grease,Grease gun / centralized,3.02,Normal,Yes
LB000004131,EQ00001568,2024-04-11,EP Gear Oil / Grease,Grease gun / centralized,1.58,Normal,Yes
LB000004132,EQ00001568,2024-05-26,EP Gear Oil / Grease,Grease gun / centralized,1.82,Normal,Yes
LB000004133,EQ00001568,2022-07-27,EP Gear Oil / Grease,Grease gun / centralized,2.16,Normal,Yes
LB000004134,EQ00001568,2025-12-28,EP Gear Oil / Grease,Grease gun / centralized,4.38,Early,Yes
LB000004135,EQ00001568,2025-05-28,EP Gear Oil / Grease,Grease gun / centralized,3.54,Normal,Yes
LB000004136,EQ00001569,2021-03-29,Bearing Oil / Grease,Manual / auto-lube,3.95,Normal,Yes
LB000004137,EQ00001569,2025-12-23,Bearing Oil / Grease,Manual / auto-lube,1.45,Early,Yes
LB000004138,EQ00001569,2025-11-29,Bearing Oil / Grease,Manual / auto-lube,1.88,Overdue,Yes
LB000004139,EQ00001569,2026-07-04,Bearing Oil / Grease,Manual / auto-lube,1.93,Overdue,Yes
LB000004140,EQ00001569,2023-11-16,Bearing Oil / Grease,Manual / auto-lube,1.97,Overdue,Yes
LB000004141,EQ00001571,2022-11-29,Wire Rope / Gear Grease,Manual,1.99,Normal,Yes
LB000004142,EQ00001571,2024-12-24,Wire Rope / Gear Grease,Manual,0.18,Overdue,Yes
LB000004143,EQ00001571,2023-09-13,Wire Rope / Gear Grease,Manual,1.78,Early,Yes
LB000004144,EQ00001571,2024-08-26,Wire Rope / Gear Grease,Manual,3.6,Overdue,Yes
LB000004145,EQ00001572,2021-08-21,EP Gear Oil / Grease,Grease gun / centralized,3.91,Overdue,Yes
LB000004146,EQ00001572,2021-10-27,EP Gear Oil / Grease,Grease gun / centralized,2.88,Overdue,Yes
LB000004147,EQ00001572,2025-10-05,EP Gear Oil / Grease,Grease gun / centralized,2.06,Overdue,Yes
LB000004148,EQ00001572,2023-02-18,EP Gear Oil / Grease,Grease gun / centralized,2.32,Early,Yes
LB000004149,EQ00001572,2021-06-23,EP Gear Oil / Grease,Grease gun / centralized,1.59,Early,Yes
LB000004150,EQ00001573,2023-04-29,Pump Bearing Grease,Manual,4.84,Overdue,Yes
LB000004151,EQ00001573,2021-03-09,Pump Bearing Grease,Manual,2.47,Early,Yes
LB000004152,EQ00001573,2026-06-13,Pump Bearing Grease,Manual,1.0,Normal,Yes
LB000004153,EQ00001573,2023-10-01,Pump Bearing Grease,Manual,1.72,Normal,Yes
LB000004154,EQ00001573,2023-11-09,Pump Bearing Grease,Manual,2.22,Early,Yes
LB000004155,EQ00001574,2021-08-26,Bearing Grease,Manual,3.41,Early,Yes
LB000004156,EQ00001574,2025-12-23,Bearing Grease,Manual,3.16,Early,Yes
LB000004157,EQ00001574,2023-09-14,Bearing Grease,Manual,1.6,Early,Yes
LB000004158,EQ00001574,2025-07-08,Bearing Grease,Manual,0.19,Early,Yes
LB000004159,EQ00001574,2021-10-31,Bearing Grease,Manual,1.04,Overdue,Yes
LB000004160,EQ00001575,2022-12-10,Engine / Gear Lubricant,Workshop service,1.38,Early,Yes
LB000004161,EQ00001575,2022-04-01,Engine / Gear Lubricant,Workshop service,2.92,Overdue,Yes
LB000004162,EQ00001575,2021-09-04,Engine / Gear Lubricant,Workshop service,2.12,Normal,Yes
LB000004163,EQ00001575,2025-01-14,Engine / Gear Lubricant,Workshop service,4.81,Normal,Yes
LB000004164,EQ00001575,2022-12-17,Engine / Gear Lubricant,Workshop service,1.23,Early,Yes
LB000004165,EQ00001575,2021-11-08,Engine / Gear Lubricant,Workshop service,2.29,Overdue,Yes
LB000004166,EQ00001577,2024-02-13,Bearing Oil / Grease,Manual / auto-lube,1.27,Normal,Yes
LB000004167,EQ00001577,2021-12-08,Bearing Oil / Grease,Manual / auto-lube,1.28,Overdue,Yes
LB000004168,EQ00001577,2023-10-23,Bearing Oil / Grease,Manual / auto-lube,3.68,Early,Yes
LB000004169,EQ00001577,2023-03-19,Bearing Oil / Grease,Manual / auto-lube,1.29,Overdue,Yes
LB000004170,EQ00001578,2025-02-10,EP Gear Oil / Grease,Grease gun / centralized,2.97,Early,Yes
LB000004171,EQ00001578,2023-02-10,EP Gear Oil / Grease,Grease gun / centralized,2.52,Overdue,Yes
LB000004172,EQ00001579,2025-11-07,Process/Mechanical Lubricant,Manual / automated,2.53,Early,Yes
LB000004173,EQ00001579,2024-09-08,Process/Mechanical Lubricant,Manual / automated,3.99,Early,Yes
LB000004174,EQ00001579,2021-02-12,Process/Mechanical Lubricant,Manual / automated,1.36,Normal,Yes
LB000004175,EQ00001579,2021-10-30,Process/Mechanical Lubricant,Manual / automated,4.47,Normal,Yes
LB000004176,EQ00001579,2023-01-25,Process/Mechanical Lubricant,Manual / automated,0.97,Normal,Yes
LB000004177,EQ00001579,2021-02-01,Process/Mechanical Lubricant,Manual / automated,4.3,Overdue,Yes
LB000004178,EQ00001580,2025-03-06,Bearing Oil / Grease,Manual / auto-lube,1.85,Overdue,Yes
LB000004179,EQ00001581,2023-12-15,Pump Bearing Grease,Manual,0.67,Normal,Yes
LB000004180,EQ00001583,2022-01-14,Bearing Grease,Manual,1.6,Normal,Yes
LB000004181,EQ00001583,2025-02-20,Bearing Grease,Manual,2.16,Overdue,Yes
LB000004182,EQ00001583,2024-04-01,Bearing Grease,Manual,0.56,Normal,Yes
LB000004183,EQ00001583,2026-05-03,Bearing Grease,Manual,4.18,Overdue,Yes
LB000004184,EQ00001584,2022-03-13,Process/Mechanical Lubricant,Manual / automated,1.04,Normal,Yes
LB000004185,EQ00001584,2021-04-24,Process/Mechanical Lubricant,Manual / automated,2.08,Early,Yes
LB000004186,EQ00001585,2021-07-16,EP Gear Oil / Grease,Grease gun / centralized,2.41,Early,Yes
LB000004187,EQ00001585,2021-07-07,EP Gear Oil / Grease,Grease gun / centralized,0.27,Early,Yes
LB000004188,EQ00001585,2025-05-30,EP Gear Oil / Grease,Grease gun / centralized,1.28,Early,Yes
LB000004189,EQ00001586,2026-07-29,Bearing Grease,Manual,2.13,Overdue,Yes
LB000004190,EQ00001586,2022-12-01,Bearing Grease,Manual,2.43,Normal,Yes
LB000004191,EQ00001586,2022-06-21,Bearing Grease,Manual,4.15,Early,Yes
LB000004192,EQ00001587,2023-12-14,EP Gear Oil / Grease,Grease gun / centralized,0.28,Normal,Yes
LB000004193,EQ00001588,2023-03-16,Engine / Gear Lubricant,Workshop service,1.75,Early,Yes
LB000004194,EQ00001588,2021-02-28,Engine / Gear Lubricant,Workshop service,3.49,Normal,Yes
LB000004195,EQ00001588,2021-06-22,Engine / Gear Lubricant,Workshop service,1.56,Early,Yes
LB000004196,EQ00001588,2021-10-03,Engine / Gear Lubricant,Workshop service,3.74,Early,Yes
LB000004197,EQ00001588,2024-01-21,Engine / Gear Lubricant,Workshop service,0.96,Overdue,Yes
LB000004198,EQ00001588,2024-07-21,Engine / Gear Lubricant,Workshop service,2.86,Early,Yes
LB000004199,EQ00001590,2026-08-06,Bearing Grease,Manual,3.24,Overdue,Yes
LB000004200,EQ00001590,2022-07-08,Bearing Grease,Manual,2.31,Overdue,Yes
LB000004201,EQ00001590,2024-04-19,Bearing Grease,Manual,4.28,Overdue,Yes
LB000004202,EQ00001590,2024-10-12,Bearing Grease,Manual,1.84,Normal,Yes
LB000004203,EQ00001590,2021-03-03,Bearing Grease,Manual,2.62,Overdue,Yes
LB000004204,EQ00001590,2023-01-28,Bearing Grease,Manual,2.86,Overdue,Yes
LB000004205,EQ00001591,2021-08-05,Process/Mechanical Lubricant,Manual / automated,2.15,Early,Yes
LB000004206,EQ00001591,2022-06-15,Process/Mechanical Lubricant,Manual / automated,4.47,Overdue,Yes
LB000004207,EQ00001591,2024-10-24,Process/Mechanical Lubricant,Manual / automated,0.3,Overdue,Yes
LB000004208,EQ00001591,2021-04-26,Process/Mechanical Lubricant,Manual / automated,3.68,Normal,Yes
LB000004209,EQ00001592,2024-07-29,EP Gear Oil / Grease,Grease gun / centralized,2.21,Normal,Yes
LB000004210,EQ00001592,2025-08-12,EP Gear Oil / Grease,Grease gun / centralized,1.1,Overdue,Yes
LB000004211,EQ00001592,2022-02-18,EP Gear Oil / Grease,Grease gun / centralized,2.18,Early,Yes
LB000004212,EQ00001593,2023-05-22,Process/Mechanical Lubricant,Manual / automated,1.75,Normal,Yes
LB000004213,EQ00001593,2025-09-11,Process/Mechanical Lubricant,Manual / automated,0.39,Overdue,Yes
LB000004214,EQ00001593,2024-05-24,Process/Mechanical Lubricant,Manual / automated,2.23,Early,Yes
LB000004215,EQ00001594,2026-06-02,EP Gear Oil / Grease,Grease gun / centralized,1.94,Normal,Yes
LB000004216,EQ00001594,2021-02-18,EP Gear Oil / Grease,Grease gun / centralized,3.47,Overdue,Yes
LB000004217,EQ00001594,2025-04-05,EP Gear Oil / Grease,Grease gun / centralized,0.77,Overdue,Yes
LB000004218,EQ00001595,2025-08-19,Process/Mechanical Lubricant,Manual / automated,4.91,Overdue,Yes
LB000004219,EQ00001595,2021-10-23,Process/Mechanical Lubricant,Manual / automated,3.14,Overdue,Yes
LB000004220,EQ00001597,2024-05-25,Bearing Grease,Manual,0.73,Early,Yes
LB000004221,EQ00001597,2021-04-23,Bearing Grease,Manual,2.72,Early,Yes
LB000004222,EQ00001598,2021-03-20,Machine Oil / Grease,Manual,4.86,Overdue,Yes
LB000004223,EQ00001599,2022-05-01,Bearing Oil / Grease,Manual / auto-lube,2.03,Normal,Yes
LB000004224,EQ00001599,2023-11-22,Bearing Oil / Grease,Manual / auto-lube,1.78,Normal,Yes
LB000004225,EQ00001599,2024-03-01,Bearing Oil / Grease,Manual / auto-lube,0.73,Normal,Yes
LB000004226,EQ00001599,2022-05-05,Bearing Oil / Grease,Manual / auto-lube,2.49,Early,Yes
LB000004227,EQ00001601,2021-11-02,EP Gear Oil / Grease,Grease gun / centralized,0.23,Early,Yes
LB000004228,EQ00001601,2022-07-23,EP Gear Oil / Grease,Grease gun / centralized,3.01,Early,Yes
LB000004229,EQ00001601,2026-08-19,EP Gear Oil / Grease,Grease gun / centralized,3.32,Normal,Yes
LB000004230,EQ00001602,2023-12-16,Bearing Grease,Manual,4.51,Overdue,Yes
LB000004231,EQ00001602,2022-01-18,Bearing Grease,Manual,2.07,Early,Yes
LB000004232,EQ00001602,2024-03-31,Bearing Grease,Manual,2.61,Normal,Yes
LB000004233,EQ00001602,2022-02-13,Bearing Grease,Manual,0.97,Early,Yes
LB000004234,EQ00001602,2023-02-03,Bearing Grease,Manual,4.9,Early,Yes
LB000004235,EQ00001603,2024-03-17,Engine / Gear Lubricant,Workshop service,3.16,Normal,Yes
LB000004236,EQ00001603,2022-10-07,Engine / Gear Lubricant,Workshop service,2.83,Early,Yes
LB000004237,EQ00001603,2024-12-29,Engine / Gear Lubricant,Workshop service,2.29,Normal,Yes
LB000004238,EQ00001603,2023-10-16,Engine / Gear Lubricant,Workshop service,0.76,Early,Yes
LB000004239,EQ00001604,2021-04-08,EP Gear Oil / Grease,Grease gun / centralized,3.77,Early,Yes
LB000004240,EQ00001604,2021-08-07,EP Gear Oil / Grease,Grease gun / centralized,2.91,Normal,Yes
LB000004241,EQ00001604,2021-05-03,EP Gear Oil / Grease,Grease gun / centralized,3.05,Overdue,Yes
LB000004242,EQ00001604,2025-09-03,EP Gear Oil / Grease,Grease gun / centralized,4.05,Early,Yes
LB000004243,EQ00001605,2024-07-01,Machine Oil / Grease,Manual,0.42,Early,Yes
LB000004244,EQ00001605,2022-09-15,Machine Oil / Grease,Manual,4.02,Early,Yes
LB000004245,EQ00001605,2021-08-09,Machine Oil / Grease,Manual,1.15,Overdue,Yes
LB000004246,EQ00001605,2025-05-24,Machine Oil / Grease,Manual,4.79,Normal,Yes
LB000004247,EQ00001605,2026-03-26,Machine Oil / Grease,Manual,2.4,Early,Yes
LB000004248,EQ00001605,2023-10-08,Machine Oil / Grease,Manual,0.96,Early,Yes
LB000004249,EQ00001606,2021-01-30,Process/Mechanical Lubricant,Manual / automated,2.37,Early,Yes
LB000004250,EQ00001606,2021-08-10,Process/Mechanical Lubricant,Manual / automated,2.91,Normal,Yes
LB000004251,EQ00001606,2022-01-25,Process/Mechanical Lubricant,Manual / automated,1.41,Overdue,Yes
LB000004252,EQ00001606,2023-07-23,Process/Mechanical Lubricant,Manual / automated,4.51,Overdue,Yes
LB000004253,EQ00001606,2021-05-25,Process/Mechanical Lubricant,Manual / automated,4.61,Normal,Yes
LB000004254,EQ00001606,2021-02-28,Process/Mechanical Lubricant,Manual / automated,1.21,Early,Yes
LB000004255,EQ00001607,2023-06-10,Bearing Oil / Grease,Manual / auto-lube,2.41,Early,Yes
LB000004256,EQ00001607,2025-12-12,Bearing Oil / Grease,Manual / auto-lube,2.55,Early,Yes
LB000004257,EQ00001607,2021-12-12,Bearing Oil / Grease,Manual / auto-lube,4.56,Overdue,Yes
LB000004258,EQ00001607,2025-07-03,Bearing Oil / Grease,Manual / auto-lube,0.47,Normal,Yes
LB000004259,EQ00001607,2022-01-07,Bearing Oil / Grease,Manual / auto-lube,3.61,Overdue,Yes
LB000004260,EQ00001608,2023-12-10,Machine Oil / Grease,Manual,2.45,Normal,Yes
LB000004261,EQ00001610,2024-07-09,Bearing Grease,Manual,3.67,Normal,Yes
LB000004262,EQ00001610,2021-09-28,Bearing Grease,Manual,3.6,Early,Yes
LB000004263,EQ00001610,2022-05-07,Bearing Grease,Manual,1.8,Normal,Yes
LB000004264,EQ00001610,2023-02-19,Bearing Grease,Manual,2.86,Overdue,Yes
LB000004265,EQ00001611,2025-09-17,Machine Oil / Grease,Manual,2.87,Overdue,Yes
LB000004266,EQ00001611,2022-08-09,Machine Oil / Grease,Manual,2.73,Normal,Yes
LB000004267,EQ00001611,2024-08-28,Machine Oil / Grease,Manual,4.26,Overdue,Yes
LB000004268,EQ00001611,2022-04-15,Machine Oil / Grease,Manual,3.59,Overdue,Yes
LB000004269,EQ00001612,2024-02-19,Engine / Gear Lubricant,Workshop service,0.89,Early,Yes
LB000004270,EQ00001612,2021-10-09,Engine / Gear Lubricant,Workshop service,3.14,Early,Yes
LB000004271,EQ00001612,2022-05-19,Engine / Gear Lubricant,Workshop service,1.58,Normal,Yes
LB000004272,EQ00001612,2022-05-04,Engine / Gear Lubricant,Workshop service,2.99,Overdue,Yes
LB000004273,EQ00001612,2025-09-05,Engine / Gear Lubricant,Workshop service,0.88,Normal,Yes
LB000004274,EQ00001612,2022-08-27,Engine / Gear Lubricant,Workshop service,3.36,Normal,Yes
LB000004275,EQ00001613,2021-11-21,Bearing Grease,Manual,0.1,Overdue,Yes
LB000004276,EQ00001613,2022-08-29,Bearing Grease,Manual,2.58,Overdue,Yes
LB000004277,EQ00001613,2025-03-15,Bearing Grease,Manual,4.67,Early,Yes
LB000004278,EQ00001613,2021-06-29,Bearing Grease,Manual,1.61,Normal,Yes
LB000004279,EQ00001613,2024-10-21,Bearing Grease,Manual,0.28,Normal,Yes
LB000004280,EQ00001614,2024-11-25,Wire Rope / Gear Grease,Manual,4.84,Overdue,Yes
LB000004281,EQ00001615,2021-12-28,Process/Mechanical Lubricant,Manual / automated,4.6,Early,Yes
LB000004282,EQ00001615,2023-08-03,Process/Mechanical Lubricant,Manual / automated,2.04,Normal,Yes
LB000004283,EQ00001615,2023-10-15,Process/Mechanical Lubricant,Manual / automated,2.55,Overdue,Yes
LB000004284,EQ00001615,2026-07-08,Process/Mechanical Lubricant,Manual / automated,3.96,Early,Yes
LB000004285,EQ00001615,2024-11-28,Process/Mechanical Lubricant,Manual / automated,2.78,Early,Yes
LB000004286,EQ00001617,2021-01-30,EP Gear Oil / Grease,Grease gun / centralized,3.23,Normal,Yes
LB000004287,EQ00001617,2025-11-16,EP Gear Oil / Grease,Grease gun / centralized,0.91,Overdue,Yes
LB000004288,EQ00001618,2021-05-25,Engine / Gear Lubricant,Workshop service,0.61,Early,Yes
LB000004289,EQ00001618,2021-07-08,Engine / Gear Lubricant,Workshop service,2.42,Normal,Yes
LB000004290,EQ00001618,2022-04-14,Engine / Gear Lubricant,Workshop service,3.09,Overdue,Yes
LB000004291,EQ00001618,2023-07-02,Engine / Gear Lubricant,Workshop service,1.18,Overdue,Yes
LB000004292,EQ00001618,2024-11-26,Engine / Gear Lubricant,Workshop service,4.74,Early,Yes
LB000004293,EQ00001618,2023-12-12,Engine / Gear Lubricant,Workshop service,3.93,Overdue,Yes
LB000004294,EQ00001621,2025-06-24,Wire Rope / Gear Grease,Manual,4.72,Normal,Yes
LB000004295,EQ00001621,2021-05-17,Wire Rope / Gear Grease,Manual,4.3,Overdue,Yes
LB000004296,EQ00001621,2022-10-06,Wire Rope / Gear Grease,Manual,1.39,Early,Yes
LB000004297,EQ00001621,2023-10-12,Wire Rope / Gear Grease,Manual,1.27,Early,Yes
LB000004298,EQ00001622,2024-07-22,Pump Bearing Grease,Manual,0.81,Overdue,Yes
LB000004299,EQ00001622,2024-06-10,Pump Bearing Grease,Manual,2.57,Overdue,Yes
LB000004300,EQ00001624,2024-02-24,Wire Rope / Gear Grease,Manual,0.91,Normal,Yes
LB000004301,EQ00001624,2022-08-26,Wire Rope / Gear Grease,Manual,4.1,Early,Yes
LB000004302,EQ00001624,2021-10-01,Wire Rope / Gear Grease,Manual,3.99,Normal,Yes
LB000004303,EQ00001624,2026-03-25,Wire Rope / Gear Grease,Manual,3.35,Normal,Yes
LB000004304,EQ00001624,2026-03-31,Wire Rope / Gear Grease,Manual,0.87,Overdue,Yes
LB000004305,EQ00001624,2025-12-27,Wire Rope / Gear Grease,Manual,4.47,Normal,Yes
LB000004306,EQ00001626,2021-04-08,EP Gear Oil / Grease,Grease gun / centralized,2.69,Normal,Yes
LB000004307,EQ00001626,2023-02-05,EP Gear Oil / Grease,Grease gun / centralized,3.82,Early,Yes
LB000004308,EQ00001626,2024-02-04,EP Gear Oil / Grease,Grease gun / centralized,4.11,Overdue,Yes
LB000004309,EQ00001626,2025-12-11,EP Gear Oil / Grease,Grease gun / centralized,0.77,Early,Yes
LB000004310,EQ00001627,2021-07-28,EP Gear Oil / Grease,Grease gun / centralized,3.22,Early,Yes
LB000004311,EQ00001628,2021-02-22,Pump Bearing Grease,Manual,4.7,Overdue,Yes
LB000004312,EQ00001628,2022-05-12,Pump Bearing Grease,Manual,1.1,Overdue,Yes
LB000004313,EQ00001628,2022-08-11,Pump Bearing Grease,Manual,1.38,Normal,Yes
LB000004314,EQ00001628,2023-01-02,Pump Bearing Grease,Manual,0.34,Early,Yes
LB000004315,EQ00001629,2025-09-09,Pump Bearing Grease,Manual,2.28,Overdue,Yes
LB000004316,EQ00001630,2023-05-31,Machine Oil / Grease,Manual,0.43,Normal,Yes
LB000004317,EQ00001630,2022-02-19,Machine Oil / Grease,Manual,4.16,Early,Yes
LB000004318,EQ00001630,2023-09-23,Machine Oil / Grease,Manual,4.14,Overdue,Yes
LB000004319,EQ00001631,2024-02-18,Pump Bearing Grease,Manual,2.49,Overdue,Yes
LB000004320,EQ00001631,2025-12-02,Pump Bearing Grease,Manual,4.76,Normal,Yes
LB000004321,EQ00001631,2024-07-13,Pump Bearing Grease,Manual,2.36,Overdue,Yes
LB000004322,EQ00001631,2021-04-15,Pump Bearing Grease,Manual,0.56,Normal,Yes
LB000004323,EQ00001632,2021-04-11,Pump Bearing Grease,Manual,3.7,Overdue,Yes
LB000004324,EQ00001633,2026-07-21,EP Gear Oil / Grease,Grease gun / centralized,2.61,Overdue,Yes
LB000004325,EQ00001634,2022-05-16,Wire Rope / Gear Grease,Manual,2.81,Normal,Yes
LB000004326,EQ00001634,2026-01-02,Wire Rope / Gear Grease,Manual,0.16,Early,Yes
LB000004327,EQ00001634,2021-09-30,Wire Rope / Gear Grease,Manual,2.7,Overdue,Yes
LB000004328,EQ00001635,2025-07-29,Machine Oil / Grease,Manual,3.14,Overdue,Yes
LB000004329,EQ00001635,2024-06-29,Machine Oil / Grease,Manual,2.23,Early,Yes
LB000004330,EQ00001635,2026-03-19,Machine Oil / Grease,Manual,3.61,Overdue,Yes
LB000004331,EQ00001636,2021-01-12,Bearing Grease,Manual,0.72,Overdue,Yes
LB000004332,EQ00001636,2022-01-21,Bearing Grease,Manual,4.06,Overdue,Yes
LB000004333,EQ00001636,2022-10-22,Bearing Grease,Manual,1.18,Overdue,Yes
LB000004334,EQ00001639,2021-11-19,Machine Oil / Grease,Manual,4.22,Overdue,Yes
LB000004335,EQ00001639,2021-10-03,Machine Oil / Grease,Manual,2.96,Early,Yes
LB000004336,EQ00001639,2025-01-14,Machine Oil / Grease,Manual,0.64,Overdue,Yes
LB000004337,EQ00001640,2021-09-27,Wire Rope / Gear Grease,Manual,1.01,Normal,Yes
LB000004338,EQ00001640,2025-01-03,Wire Rope / Gear Grease,Manual,3.23,Overdue,Yes
LB000004339,EQ00001641,2024-11-10,Engine / Gear Lubricant,Workshop service,2.57,Normal,Yes
LB000004340,EQ00001641,2025-11-14,Engine / Gear Lubricant,Workshop service,2.24,Early,Yes
LB000004341,EQ00001641,2022-12-01,Engine / Gear Lubricant,Workshop service,0.71,Early,Yes
LB000004342,EQ00001642,2021-12-29,EP Gear Oil / Grease,Grease gun / centralized,4.32,Early,Yes
LB000004343,EQ00001642,2025-02-23,EP Gear Oil / Grease,Grease gun / centralized,0.85,Normal,Yes
LB000004344,EQ00001642,2023-07-27,EP Gear Oil / Grease,Grease gun / centralized,2.09,Overdue,Yes
LB000004345,EQ00001642,2023-03-27,EP Gear Oil / Grease,Grease gun / centralized,4.74,Overdue,Yes
LB000004346,EQ00001643,2025-12-04,EP Gear Oil / Grease,Grease gun / centralized,4.98,Overdue,Yes
LB000004347,EQ00001643,2026-06-24,EP Gear Oil / Grease,Grease gun / centralized,3.43,Early,Yes
LB000004348,EQ00001643,2023-09-18,EP Gear Oil / Grease,Grease gun / centralized,0.77,Overdue,Yes
LB000004349,EQ00001643,2024-12-11,EP Gear Oil / Grease,Grease gun / centralized,4.94,Early,Yes
LB000004350,EQ00001644,2023-02-05,Bearing Grease,Manual,2.12,Normal,Yes
LB000004351,EQ00001644,2023-11-04,Bearing Grease,Manual,0.81,Overdue,Yes
LB000004352,EQ00001644,2025-06-23,Bearing Grease,Manual,2.47,Early,Yes
LB000004353,EQ00001644,2023-11-06,Bearing Grease,Manual,2.4,Early,Yes
LB000004354,EQ00001646,2024-10-02,Bearing Oil / Grease,Manual / auto-lube,4.16,Normal,Yes
LB000004355,EQ00001646,2023-06-15,Bearing Oil / Grease,Manual / auto-lube,2.69,Normal,Yes
LB000004356,EQ00001646,2024-01-30,Bearing Oil / Grease,Manual / auto-lube,0.56,Overdue,Yes
LB000004357,EQ00001646,2026-01-20,Bearing Oil / Grease,Manual / auto-lube,4.95,Overdue,Yes
LB000004358,EQ00001646,2021-12-09,Bearing Oil / Grease,Manual / auto-lube,1.04,Early,Yes
LB000004359,EQ00001647,2021-10-24,Machine Oil / Grease,Manual,1.66,Normal,Yes
LB000004360,EQ00001647,2022-06-05,Machine Oil / Grease,Manual,3.65,Early,Yes
LB000004361,EQ00001647,2024-06-21,Machine Oil / Grease,Manual,2.41,Overdue,Yes
LB000004362,EQ00001647,2026-07-11,Machine Oil / Grease,Manual,4.29,Overdue,Yes
LB000004363,EQ00001648,2021-07-10,Process/Mechanical Lubricant,Manual / automated,0.74,Early,Yes
LB000004364,EQ00001648,2023-12-16,Process/Mechanical Lubricant,Manual / automated,4.56,Early,Yes
LB000004365,EQ00001648,2023-07-15,Process/Mechanical Lubricant,Manual / automated,4.97,Overdue,Yes
LB000004366,EQ00001648,2026-01-26,Process/Mechanical Lubricant,Manual / automated,4.96,Early,Yes
LB000004367,EQ00001649,2026-03-28,EP Gear Oil / Grease,Grease gun / centralized,1.76,Early,Yes
LB000004368,EQ00001649,2026-05-07,EP Gear Oil / Grease,Grease gun / centralized,1.8,Overdue,Yes
LB000004369,EQ00001649,2023-05-29,EP Gear Oil / Grease,Grease gun / centralized,0.22,Overdue,Yes
LB000004370,EQ00001649,2021-08-12,EP Gear Oil / Grease,Grease gun / centralized,1.31,Early,Yes
LB000004371,EQ00001650,2022-05-25,Machine Oil / Grease,Manual,2.49,Overdue,Yes
LB000004372,EQ00001650,2022-02-15,Machine Oil / Grease,Manual,0.13,Early,Yes
LB000004373,EQ00001650,2025-07-28,Machine Oil / Grease,Manual,1.06,Normal,Yes
LB000004374,EQ00001650,2026-08-25,Machine Oil / Grease,Manual,3.54,Early,Yes
LB000004375,EQ00001650,2025-04-18,Machine Oil / Grease,Manual,4.36,Normal,Yes
LB000004376,EQ00001651,2024-08-02,Bearing Oil / Grease,Manual / auto-lube,0.24,Normal,Yes
LB000004377,EQ00001651,2024-08-28,Bearing Oil / Grease,Manual / auto-lube,2.02,Normal,Yes
LB000004378,EQ00001653,2026-03-19,Machine Oil / Grease,Manual,4.82,Normal,Yes
LB000004379,EQ00001655,2026-06-29,Process/Mechanical Lubricant,Manual / automated,0.47,Early,Yes
LB000004380,EQ00001655,2024-05-03,Process/Mechanical Lubricant,Manual / automated,1.88,Normal,Yes
LB000004381,EQ00001655,2024-10-23,Process/Mechanical Lubricant,Manual / automated,4.41,Early,Yes
LB000004382,EQ00001655,2022-10-10,Process/Mechanical Lubricant,Manual / automated,3.53,Early,Yes
LB000004383,EQ00001655,2021-05-28,Process/Mechanical Lubricant,Manual / automated,3.04,Early,Yes
LB000004384,EQ00001655,2023-11-17,Process/Mechanical Lubricant,Manual / automated,4.38,Overdue,Yes
LB000004385,EQ00001656,2024-11-20,Pump Bearing Grease,Manual,2.87,Early,Yes
LB000004386,EQ00001656,2026-02-12,Pump Bearing Grease,Manual,3.32,Overdue,Yes
LB000004387,EQ00001656,2023-11-12,Pump Bearing Grease,Manual,3.46,Early,Yes
LB000004388,EQ00001656,2025-11-22,Pump Bearing Grease,Manual,1.77,Normal,Yes
LB000004389,EQ00001657,2023-12-16,Process/Mechanical Lubricant,Manual / automated,0.83,Normal,Yes
LB000004390,EQ00001658,2026-07-22,Pump Bearing Grease,Manual,3.1,Normal,Yes
LB000004391,EQ00001658,2026-06-25,Pump Bearing Grease,Manual,2.69,Normal,Yes
LB000004392,EQ00001660,2023-08-28,Bearing Oil / Grease,Manual / auto-lube,1.43,Early,Yes
LB000004393,EQ00001660,2021-11-02,Bearing Oil / Grease,Manual / auto-lube,0.98,Overdue,Yes
LB000004394,EQ00001660,2023-11-14,Bearing Oil / Grease,Manual / auto-lube,4.59,Overdue,Yes
LB000004395,EQ00001661,2022-12-10,Engine / Gear Lubricant,Workshop service,1.42,Normal,Yes
LB000004396,EQ00001661,2024-11-05,Engine / Gear Lubricant,Workshop service,4.64,Overdue,Yes
LB000004397,EQ00001661,2021-05-19,Engine / Gear Lubricant,Workshop service,4.07,Normal,Yes
LB000004398,EQ00001662,2025-10-09,Process/Mechanical Lubricant,Manual / automated,1.19,Overdue,Yes
LB000004399,EQ00001663,2024-09-12,Wire Rope / Gear Grease,Manual,3.64,Normal,Yes
LB000004400,EQ00001663,2021-12-21,Wire Rope / Gear Grease,Manual,4.05,Normal,Yes
LB000004401,EQ00001664,2023-05-15,Bearing Oil / Grease,Manual / auto-lube,4.71,Overdue,Yes
LB000004402,EQ00001664,2023-04-12,Bearing Oil / Grease,Manual / auto-lube,4.74,Overdue,Yes
LB000004403,EQ00001664,2021-01-25,Bearing Oil / Grease,Manual / auto-lube,1.0,Normal,Yes
LB000004404,EQ00001664,2021-01-07,Bearing Oil / Grease,Manual / auto-lube,4.41,Normal,Yes
LB000004405,EQ00001664,2021-01-16,Bearing Oil / Grease,Manual / auto-lube,1.14,Early,Yes
LB000004406,EQ00001666,2026-03-16,EP Gear Oil / Grease,Grease gun / centralized,1.82,Early,Yes
LB000004407,EQ00001666,2024-11-07,EP Gear Oil / Grease,Grease gun / centralized,2.28,Normal,Yes
LB000004408,EQ00001666,2024-05-02,EP Gear Oil / Grease,Grease gun / centralized,0.42,Normal,Yes
LB000004409,EQ00001666,2025-10-30,EP Gear Oil / Grease,Grease gun / centralized,3.59,Normal,Yes
LB000004410,EQ00001666,2025-11-07,EP Gear Oil / Grease,Grease gun / centralized,4.11,Overdue,Yes
LB000004411,EQ00001666,2023-02-10,EP Gear Oil / Grease,Grease gun / centralized,2.42,Early,Yes
LB000004412,EQ00001667,2021-02-07,Process/Mechanical Lubricant,Manual / automated,4.09,Overdue,Yes
LB000004413,EQ00001667,2025-06-09,Process/Mechanical Lubricant,Manual / automated,4.17,Early,Yes
LB000004414,EQ00001667,2021-09-10,Process/Mechanical Lubricant,Manual / automated,2.86,Overdue,Yes
LB000004415,EQ00001667,2026-02-18,Process/Mechanical Lubricant,Manual / automated,0.47,Normal,Yes
LB000004416,EQ00001668,2024-09-05,Machine Oil / Grease,Manual,0.19,Normal,Yes
LB000004417,EQ00001668,2022-07-31,Machine Oil / Grease,Manual,3.57,Early,Yes
LB000004418,EQ00001668,2026-03-18,Machine Oil / Grease,Manual,2.91,Overdue,Yes
LB000004419,EQ00001668,2026-04-22,Machine Oil / Grease,Manual,3.36,Normal,Yes
LB000004420,EQ00001668,2024-03-07,Machine Oil / Grease,Manual,0.91,Overdue,Yes
LB000004421,EQ00001668,2023-11-07,Machine Oil / Grease,Manual,3.16,Normal,Yes
LB000004422,EQ00001669,2026-01-31,Pump Bearing Grease,Manual,4.87,Normal,Yes
LB000004423,EQ00001670,2025-03-01,Process/Mechanical Lubricant,Manual / automated,0.42,Early,Yes
LB000004424,EQ00001670,2025-09-03,Process/Mechanical Lubricant,Manual / automated,4.47,Normal,Yes
LB000004425,EQ00001671,2021-10-30,Wire Rope / Gear Grease,Manual,0.92,Normal,Yes
LB000004426,EQ00001672,2022-08-16,Bearing Oil / Grease,Manual / auto-lube,1.73,Overdue,Yes
LB000004427,EQ00001672,2022-09-27,Bearing Oil / Grease,Manual / auto-lube,0.5,Early,Yes
LB000004428,EQ00001672,2021-08-07,Bearing Oil / Grease,Manual / auto-lube,2.24,Overdue,Yes
LB000004429,EQ00001672,2025-03-13,Bearing Oil / Grease,Manual / auto-lube,4.96,Overdue,Yes
LB000004430,EQ00001672,2022-03-18,Bearing Oil / Grease,Manual / auto-lube,1.85,Early,Yes
LB000004431,EQ00001673,2023-04-30,Bearing Grease,Manual,3.34,Early,Yes
LB000004432,EQ00001673,2021-12-06,Bearing Grease,Manual,3.12,Normal,Yes
LB000004433,EQ00001673,2021-08-31,Bearing Grease,Manual,0.33,Early,Yes
LB000004434,EQ00001674,2025-11-13,EP Gear Oil / Grease,Grease gun / centralized,2.19,Early,Yes
LB000004435,EQ00001674,2022-05-23,EP Gear Oil / Grease,Grease gun / centralized,4.79,Overdue,Yes
LB000004436,EQ00001676,2023-10-27,Process/Mechanical Lubricant,Manual / automated,4.09,Normal,Yes
LB000004437,EQ00001677,2023-10-08,Wire Rope / Gear Grease,Manual,1.46,Early,Yes
LB000004438,EQ00001677,2025-11-11,Wire Rope / Gear Grease,Manual,0.8,Early,Yes
LB000004439,EQ00001677,2021-06-20,Wire Rope / Gear Grease,Manual,3.51,Normal,Yes
LB000004440,EQ00001677,2026-03-06,Wire Rope / Gear Grease,Manual,3.84,Early,Yes
LB000004441,EQ00001677,2026-05-10,Wire Rope / Gear Grease,Manual,4.71,Overdue,Yes
LB000004442,EQ00001678,2023-04-11,EP Gear Oil / Grease,Grease gun / centralized,3.93,Normal,Yes
LB000004443,EQ00001678,2025-05-19,EP Gear Oil / Grease,Grease gun / centralized,3.94,Normal,Yes
LB000004444,EQ00001678,2023-10-20,EP Gear Oil / Grease,Grease gun / centralized,0.91,Early,Yes
LB000004445,EQ00001678,2025-04-03,EP Gear Oil / Grease,Grease gun / centralized,0.8,Overdue,Yes
LB000004446,EQ00001678,2024-11-16,EP Gear Oil / Grease,Grease gun / centralized,2.49,Early,Yes
LB000004447,EQ00001678,2023-05-04,EP Gear Oil / Grease,Grease gun / centralized,3.05,Normal,Yes
LB000004448,EQ00001679,2024-05-31,Wire Rope / Gear Grease,Manual,0.53,Early,Yes
LB000004449,EQ00001679,2025-02-28,Wire Rope / Gear Grease,Manual,2.52,Overdue,Yes
LB000004450,EQ00001679,2024-10-23,Wire Rope / Gear Grease,Manual,4.19,Overdue,Yes
LB000004451,EQ00001679,2024-09-28,Wire Rope / Gear Grease,Manual,2.08,Overdue,Yes
LB000004452,EQ00001679,2025-11-29,Wire Rope / Gear Grease,Manual,1.45,Early,Yes
LB000004453,EQ00001679,2025-10-02,Wire Rope / Gear Grease,Manual,5.0,Normal,Yes
LB000004454,EQ00001680,2024-01-20,Machine Oil / Grease,Manual,3.08,Early,Yes
LB000004455,EQ00001680,2022-11-07,Machine Oil / Grease,Manual,0.38,Normal,Yes
LB000004456,EQ00001680,2025-07-14,Machine Oil / Grease,Manual,3.86,Early,Yes
LB000004457,EQ00001680,2023-05-15,Machine Oil / Grease,Manual,4.06,Early,Yes
LB000004458,EQ00001680,2021-11-25,Machine Oil / Grease,Manual,2.34,Overdue,Yes
LB000004459,EQ00001680,2022-10-07,Machine Oil / Grease,Manual,3.95,Overdue,Yes
LB000004460,EQ00001681,2023-12-27,Bearing Oil / Grease,Manual / auto-lube,1.4,Early,Yes
LB000004461,EQ00001682,2022-01-29,Wire Rope / Gear Grease,Manual,0.79,Early,Yes
LB000004462,EQ00001682,2021-02-23,Wire Rope / Gear Grease,Manual,2.11,Early,Yes
LB000004463,EQ00001682,2024-12-19,Wire Rope / Gear Grease,Manual,2.03,Normal,Yes
LB000004464,EQ00001682,2024-03-20,Wire Rope / Gear Grease,Manual,1.13,Normal,Yes
LB000004465,EQ00001682,2024-12-21,Wire Rope / Gear Grease,Manual,0.14,Early,Yes
LB000004466,EQ00001683,2026-08-04,Machine Oil / Grease,Manual,0.12,Normal,Yes
LB000004467,EQ00001683,2025-01-17,Machine Oil / Grease,Manual,1.27,Overdue,Yes
LB000004468,EQ00001683,2024-04-27,Machine Oil / Grease,Manual,3.56,Overdue,Yes
LB000004469,EQ00001684,2026-07-04,Pump Bearing Grease,Manual,0.34,Overdue,Yes
LB000004470,EQ00001684,2024-02-25,Pump Bearing Grease,Manual,1.45,Overdue,Yes
LB000004471,EQ00001685,2022-06-24,Machine Oil / Grease,Manual,0.38,Early,Yes
LB000004472,EQ00001685,2023-01-20,Machine Oil / Grease,Manual,3.16,Overdue,Yes
LB000004473,EQ00001687,2021-10-19,Machine Oil / Grease,Manual,1.41,Normal,Yes
LB000004474,EQ00001687,2026-06-25,Machine Oil / Grease,Manual,2.57,Early,Yes
LB000004475,EQ00001687,2024-07-23,Machine Oil / Grease,Manual,4.74,Early,Yes
LB000004476,EQ00001687,2026-08-29,Machine Oil / Grease,Manual,4.72,Early,Yes
LB000004477,EQ00001687,2021-11-23,Machine Oil / Grease,Manual,4.36,Early,Yes
LB000004478,EQ00001687,2021-11-21,Machine Oil / Grease,Manual,5.0,Overdue,Yes
LB000004479,EQ00001689,2021-03-27,EP Gear Oil / Grease,Grease gun / centralized,2.58,Early,Yes
LB000004480,EQ00001689,2021-02-12,EP Gear Oil / Grease,Grease gun / centralized,3.69,Overdue,Yes
LB000004481,EQ00001689,2021-06-18,EP Gear Oil / Grease,Grease gun / centralized,1.05,Normal,Yes
LB000004482,EQ00001689,2024-09-18,EP Gear Oil / Grease,Grease gun / centralized,2.89,Early,Yes
LB000004483,EQ00001689,2021-12-18,EP Gear Oil / Grease,Grease gun / centralized,0.51,Overdue,Yes
LB000004484,EQ00001691,2022-12-11,EP Gear Oil / Grease,Grease gun / centralized,0.72,Overdue,Yes
LB000004485,EQ00001693,2023-12-03,Engine / Gear Lubricant,Workshop service,4.36,Early,Yes
LB000004486,EQ00001693,2025-07-17,Engine / Gear Lubricant,Workshop service,3.42,Normal,Yes
LB000004487,EQ00001693,2023-12-31,Engine / Gear Lubricant,Workshop service,3.97,Overdue,Yes
LB000004488,EQ00001693,2026-08-16,Engine / Gear Lubricant,Workshop service,0.59,Overdue,Yes
LB000004489,EQ00001693,2023-06-27,Engine / Gear Lubricant,Workshop service,3.18,Overdue,Yes
LB000004490,EQ00001693,2023-10-29,Engine / Gear Lubricant,Workshop service,4.35,Normal,Yes
LB000004491,EQ00001694,2023-11-10,Bearing Grease,Manual,4.19,Early,Yes
LB000004492,EQ00001694,2021-08-15,Bearing Grease,Manual,1.1,Normal,Yes
LB000004493,EQ00001694,2022-12-30,Bearing Grease,Manual,4.71,Early,Yes
LB000004494,EQ00001694,2022-12-03,Bearing Grease,Manual,0.98,Normal,Yes
LB000004495,EQ00001694,2025-12-09,Bearing Grease,Manual,4.23,Overdue,Yes
LB000004496,EQ00001694,2022-07-01,Bearing Grease,Manual,4.24,Normal,Yes
LB000004497,EQ00001695,2025-04-04,Bearing Grease,Manual,4.91,Normal,Yes
LB000004498,EQ00001695,2024-07-01,Bearing Grease,Manual,3.86,Overdue,Yes
LB000004499,EQ00001696,2024-01-27,Wire Rope / Gear Grease,Manual,2.24,Early,Yes
LB000004500,EQ00001696,2023-09-30,Wire Rope / Gear Grease,Manual,4.56,Normal,Yes
LB000004501,EQ00001698,2021-08-27,Pump Bearing Grease,Manual,3.02,Early,Yes
LB000004502,EQ00001698,2021-08-20,Pump Bearing Grease,Manual,4.15,Normal,Yes
LB000004503,EQ00001699,2021-06-03,Bearing Oil / Grease,Manual / auto-lube,0.19,Overdue,Yes
LB000004504,EQ00001699,2026-03-15,Bearing Oil / Grease,Manual / auto-lube,3.69,Early,Yes
LB000004505,EQ00001699,2025-10-24,Bearing Oil / Grease,Manual / auto-lube,0.53,Overdue,Yes
LB000004506,EQ00001699,2023-08-08,Bearing Oil / Grease,Manual / auto-lube,4.37,Early,Yes
LB000004507,EQ00001699,2024-08-14,Bearing Oil / Grease,Manual / auto-lube,3.34,Overdue,Yes
LB000004508,EQ00001700,2023-11-23,Engine / Gear Lubricant,Workshop service,3.1,Overdue,Yes
LB000004509,EQ00001700,2021-11-21,Engine / Gear Lubricant,Workshop service,2.01,Overdue,Yes
LB000004510,EQ00001700,2023-04-09,Engine / Gear Lubricant,Workshop service,4.99,Early,Yes
LB000004511,EQ00001701,2026-04-06,Bearing Oil / Grease,Manual / auto-lube,1.28,Early,Yes
LB000004512,EQ00001702,2023-09-02,Wire Rope / Gear Grease,Manual,3.66,Overdue,Yes
LB000004513,EQ00001702,2022-07-29,Wire Rope / Gear Grease,Manual,4.28,Early,Yes
LB000004514,EQ00001702,2026-02-25,Wire Rope / Gear Grease,Manual,1.78,Early,Yes
LB000004515,EQ00001702,2024-02-01,Wire Rope / Gear Grease,Manual,1.43,Overdue,Yes
LB000004516,EQ00001702,2021-04-20,Wire Rope / Gear Grease,Manual,2.66,Normal,Yes
LB000004517,EQ00001703,2026-03-25,Pump Bearing Grease,Manual,4.89,Overdue,Yes
LB000004518,EQ00001704,2025-03-01,Machine Oil / Grease,Manual,3.8,Overdue,Yes
LB000004519,EQ00001704,2025-12-21,Machine Oil / Grease,Manual,1.81,Early,Yes
LB000004520,EQ00001704,2022-02-26,Machine Oil / Grease,Manual,3.05,Overdue,Yes
LB000004521,EQ00001704,2022-05-23,Machine Oil / Grease,Manual,0.1,Overdue,Yes
LB000004522,EQ00001704,2024-10-10,Machine Oil / Grease,Manual,1.4,Early,Yes
LB000004523,EQ00001705,2022-03-17,EP Gear Oil / Grease,Grease gun / centralized,4.86,Early,Yes
LB000004524,EQ00001705,2022-03-12,EP Gear Oil / Grease,Grease gun / centralized,1.86,Overdue,Yes
LB000004525,EQ00001705,2021-05-14,EP Gear Oil / Grease,Grease gun / centralized,2.05,Normal,Yes
LB000004526,EQ00001705,2025-12-30,EP Gear Oil / Grease,Grease gun / centralized,0.84,Early,Yes
LB000004527,EQ00001705,2025-09-12,EP Gear Oil / Grease,Grease gun / centralized,0.21,Overdue,Yes
LB000004528,EQ00001706,2025-05-01,Bearing Oil / Grease,Manual / auto-lube,2.53,Normal,Yes
LB000004529,EQ00001706,2022-07-16,Bearing Oil / Grease,Manual / auto-lube,1.06,Normal,Yes
LB000004530,EQ00001706,2022-10-02,Bearing Oil / Grease,Manual / auto-lube,1.52,Early,Yes
LB000004531,EQ00001707,2024-09-30,EP Gear Oil / Grease,Grease gun / centralized,3.96,Early,Yes
LB000004532,EQ00001707,2022-11-18,EP Gear Oil / Grease,Grease gun / centralized,0.48,Early,Yes
LB000004533,EQ00001707,2025-12-15,EP Gear Oil / Grease,Grease gun / centralized,1.4,Normal,Yes
LB000004534,EQ00001708,2023-02-03,Process/Mechanical Lubricant,Manual / automated,4.9,Overdue,Yes
LB000004535,EQ00001709,2024-03-06,Machine Oil / Grease,Manual,2.48,Early,Yes
LB000004536,EQ00001709,2025-05-23,Machine Oil / Grease,Manual,4.39,Normal,Yes
LB000004537,EQ00001709,2025-12-17,Machine Oil / Grease,Manual,1.18,Normal,Yes
LB000004538,EQ00001709,2025-08-17,Machine Oil / Grease,Manual,2.94,Normal,Yes
LB000004539,EQ00001709,2023-06-29,Machine Oil / Grease,Manual,3.87,Normal,Yes
LB000004540,EQ00001709,2022-02-20,Machine Oil / Grease,Manual,0.52,Overdue,Yes
LB000004541,EQ00001710,2024-01-30,Pump Bearing Grease,Manual,4.27,Normal,Yes
LB000004542,EQ00001710,2022-08-27,Pump Bearing Grease,Manual,3.95,Overdue,Yes
LB000004543,EQ00001710,2024-10-26,Pump Bearing Grease,Manual,4.59,Early,Yes
LB000004544,EQ00001712,2022-09-02,Machine Oil / Grease,Manual,4.84,Normal,Yes
LB000004545,EQ00001712,2025-09-28,Machine Oil / Grease,Manual,1.3,Early,Yes
LB000004546,EQ00001712,2026-04-03,Machine Oil / Grease,Manual,2.33,Normal,Yes
LB000004547,EQ00001712,2023-09-30,Machine Oil / Grease,Manual,0.73,Early,Yes
LB000004548,EQ00001712,2022-03-30,Machine Oil / Grease,Manual,3.78,Normal,Yes
LB000004549,EQ00001714,2022-01-19,Bearing Oil / Grease,Manual / auto-lube,0.1,Early,Yes
LB000004550,EQ00001714,2022-12-31,Bearing Oil / Grease,Manual / auto-lube,3.92,Overdue,Yes
LB000004551,EQ00001714,2024-08-24,Bearing Oil / Grease,Manual / auto-lube,2.07,Normal,Yes
LB000004552,EQ00001715,2021-07-07,EP Gear Oil / Grease,Grease gun / centralized,2.57,Normal,Yes
LB000004553,EQ00001715,2022-10-01,EP Gear Oil / Grease,Grease gun / centralized,0.79,Overdue,Yes
LB000004554,EQ00001716,2021-05-06,Process/Mechanical Lubricant,Manual / automated,0.9,Normal,Yes
LB000004555,EQ00001716,2023-11-08,Process/Mechanical Lubricant,Manual / automated,1.25,Overdue,Yes
LB000004556,EQ00001717,2026-01-27,Engine / Gear Lubricant,Workshop service,3.89,Early,Yes
LB000004557,EQ00001717,2022-04-15,Engine / Gear Lubricant,Workshop service,0.72,Normal,Yes
LB000004558,EQ00001717,2025-04-18,Engine / Gear Lubricant,Workshop service,4.69,Early,Yes
LB000004559,EQ00001718,2021-05-02,Engine / Gear Lubricant,Workshop service,1.59,Normal,Yes
LB000004560,EQ00001718,2026-03-22,Engine / Gear Lubricant,Workshop service,2.56,Early,Yes
LB000004561,EQ00001718,2025-07-24,Engine / Gear Lubricant,Workshop service,0.99,Early,Yes
LB000004562,EQ00001718,2022-10-07,Engine / Gear Lubricant,Workshop service,2.87,Overdue,Yes
LB000004563,EQ00001719,2022-08-03,Process/Mechanical Lubricant,Manual / automated,1.12,Normal,Yes
LB000004564,EQ00001719,2024-06-16,Process/Mechanical Lubricant,Manual / automated,4.55,Normal,Yes
LB000004565,EQ00001719,2022-01-18,Process/Mechanical Lubricant,Manual / automated,2.59,Normal,Yes
LB000004566,EQ00001719,2023-08-01,Process/Mechanical Lubricant,Manual / automated,4.24,Normal,Yes
LB000004567,EQ00001719,2026-08-05,Process/Mechanical Lubricant,Manual / automated,2.07,Normal,Yes
LB000004568,EQ00001720,2024-02-14,Machine Oil / Grease,Manual,3.14,Early,Yes
LB000004569,EQ00001720,2021-05-13,Machine Oil / Grease,Manual,2.17,Early,Yes
LB000004570,EQ00001720,2026-03-20,Machine Oil / Grease,Manual,0.9,Normal,Yes
LB000004571,EQ00001720,2026-04-04,Machine Oil / Grease,Manual,3.8,Normal,Yes
LB000004572,EQ00001720,2026-05-14,Machine Oil / Grease,Manual,1.29,Overdue,Yes
LB000004573,EQ00001720,2022-05-31,Machine Oil / Grease,Manual,2.43,Early,Yes
LB000004574,EQ00001721,2024-02-14,Pump Bearing Grease,Manual,2.93,Normal,Yes
LB000004575,EQ00001722,2021-06-10,Wire Rope / Gear Grease,Manual,3.04,Early,Yes
LB000004576,EQ00001722,2022-01-17,Wire Rope / Gear Grease,Manual,4.49,Overdue,Yes
LB000004577,EQ00001723,2025-05-04,Bearing Oil / Grease,Manual / auto-lube,3.05,Overdue,Yes
LB000004578,EQ00001723,2022-08-30,Bearing Oil / Grease,Manual / auto-lube,1.2,Overdue,Yes
LB000004579,EQ00001723,2024-12-12,Bearing Oil / Grease,Manual / auto-lube,4.05,Early,Yes
LB000004580,EQ00001724,2024-12-12,Machine Oil / Grease,Manual,1.17,Overdue,Yes
LB000004581,EQ00001724,2021-07-03,Machine Oil / Grease,Manual,0.92,Early,Yes
LB000004582,EQ00001724,2021-12-12,Machine Oil / Grease,Manual,3.97,Overdue,Yes
LB000004583,EQ00001724,2021-02-13,Machine Oil / Grease,Manual,0.19,Overdue,Yes
LB000004584,EQ00001725,2023-08-07,Wire Rope / Gear Grease,Manual,0.28,Early,Yes
LB000004585,EQ00001725,2023-01-03,Wire Rope / Gear Grease,Manual,2.39,Overdue,Yes
LB000004586,EQ00001725,2022-06-18,Wire Rope / Gear Grease,Manual,2.96,Overdue,Yes
LB000004587,EQ00001725,2026-06-06,Wire Rope / Gear Grease,Manual,2.74,Normal,Yes
LB000004588,EQ00001725,2022-08-20,Wire Rope / Gear Grease,Manual,1.65,Normal,Yes
LB000004589,EQ00001725,2023-07-24,Wire Rope / Gear Grease,Manual,0.65,Early,Yes
LB000004590,EQ00001726,2023-10-14,Machine Oil / Grease,Manual,1.77,Normal,Yes
LB000004591,EQ00001726,2023-03-16,Machine Oil / Grease,Manual,3.5,Normal,Yes
LB000004592,EQ00001726,2022-07-08,Machine Oil / Grease,Manual,4.08,Early,Yes
LB000004593,EQ00001726,2023-04-18,Machine Oil / Grease,Manual,4.24,Overdue,Yes
LB000004594,EQ00001726,2024-12-10,Machine Oil / Grease,Manual,1.82,Early,Yes
LB000004595,EQ00001727,2026-02-18,Bearing Grease,Manual,0.82,Early,Yes
LB000004596,EQ00001727,2025-03-02,Bearing Grease,Manual,1.98,Early,Yes
LB000004597,EQ00001727,2021-02-25,Bearing Grease,Manual,3.2,Early,Yes
LB000004598,EQ00001729,2021-02-13,Pump Bearing Grease,Manual,1.69,Early,Yes
LB000004599,EQ00001729,2021-06-22,Pump Bearing Grease,Manual,0.63,Overdue,Yes
LB000004600,EQ00001730,2024-05-29,EP Gear Oil / Grease,Grease gun / centralized,0.56,Early,Yes
LB000004601,EQ00001730,2025-09-11,EP Gear Oil / Grease,Grease gun / centralized,0.21,Normal,Yes
LB000004602,EQ00001732,2022-04-03,Bearing Oil / Grease,Manual / auto-lube,2.1,Overdue,Yes
LB000004603,EQ00001732,2024-08-10,Bearing Oil / Grease,Manual / auto-lube,2.22,Overdue,Yes
LB000004604,EQ00001732,2024-09-11,Bearing Oil / Grease,Manual / auto-lube,1.66,Early,Yes
LB000004605,EQ00001732,2024-09-30,Bearing Oil / Grease,Manual / auto-lube,0.18,Early,Yes
LB000004606,EQ00001732,2021-10-10,Bearing Oil / Grease,Manual / auto-lube,3.7,Normal,Yes
LB000004607,EQ00001733,2025-02-05,Process/Mechanical Lubricant,Manual / automated,1.02,Early,Yes
LB000004608,EQ00001733,2023-04-25,Process/Mechanical Lubricant,Manual / automated,2.26,Overdue,Yes
LB000004609,EQ00001733,2023-10-25,Process/Mechanical Lubricant,Manual / automated,3.08,Overdue,Yes
LB000004610,EQ00001734,2025-09-27,Machine Oil / Grease,Manual,1.45,Overdue,Yes
LB000004611,EQ00001734,2021-08-14,Machine Oil / Grease,Manual,1.28,Early,Yes
LB000004612,EQ00001734,2022-01-28,Machine Oil / Grease,Manual,1.48,Normal,Yes
LB000004613,EQ00001734,2022-05-23,Machine Oil / Grease,Manual,1.13,Early,Yes
LB000004614,EQ00001735,2024-07-13,Wire Rope / Gear Grease,Manual,3.78,Early,Yes
LB000004615,EQ00001735,2022-12-13,Wire Rope / Gear Grease,Manual,1.11,Early,Yes
LB000004616,EQ00001735,2025-07-09,Wire Rope / Gear Grease,Manual,0.21,Normal,Yes
LB000004617,EQ00001735,2024-06-05,Wire Rope / Gear Grease,Manual,2.0,Overdue,Yes
LB000004618,EQ00001737,2021-06-18,Wire Rope / Gear Grease,Manual,1.76,Normal,Yes
LB000004619,EQ00001737,2024-05-17,Wire Rope / Gear Grease,Manual,4.82,Normal,Yes
LB000004620,EQ00001737,2025-08-02,Wire Rope / Gear Grease,Manual,0.52,Normal,Yes
LB000004621,EQ00001737,2021-10-05,Wire Rope / Gear Grease,Manual,4.55,Overdue,Yes
LB000004622,EQ00001737,2022-08-12,Wire Rope / Gear Grease,Manual,0.35,Early,Yes
LB000004623,EQ00001737,2025-06-30,Wire Rope / Gear Grease,Manual,4.16,Overdue,Yes
LB000004624,EQ00001738,2023-09-19,EP Gear Oil / Grease,Grease gun / centralized,3.53,Normal,Yes
LB000004625,EQ00001742,2025-08-05,Engine / Gear Lubricant,Workshop service,0.85,Early,Yes
LB000004626,EQ00001742,2025-08-18,Engine / Gear Lubricant,Workshop service,3.49,Overdue,Yes
LB000004627,EQ00001744,2023-11-13,Process/Mechanical Lubricant,Manual / automated,4.91,Overdue,Yes
LB000004628,EQ00001744,2025-03-10,Process/Mechanical Lubricant,Manual / automated,1.29,Early,Yes
LB000004629,EQ00001744,2021-04-02,Process/Mechanical Lubricant,Manual / automated,1.74,Overdue,Yes
LB000004630,EQ00001744,2026-05-25,Process/Mechanical Lubricant,Manual / automated,1.28,Normal,Yes
LB000004631,EQ00001744,2026-08-13,Process/Mechanical Lubricant,Manual / automated,3.66,Normal,Yes
LB000004632,EQ00001744,2021-09-20,Process/Mechanical Lubricant,Manual / automated,4.03,Early,Yes
LB000004633,EQ00001746,2022-09-19,Pump Bearing Grease,Manual,2.7,Overdue,Yes
LB000004634,EQ00001746,2026-07-15,Pump Bearing Grease,Manual,1.38,Normal,Yes
LB000004635,EQ00001746,2022-08-31,Pump Bearing Grease,Manual,3.27,Overdue,Yes
LB000004636,EQ00001746,2023-01-26,Pump Bearing Grease,Manual,3.8,Early,Yes
LB000004637,EQ00001746,2026-08-20,Pump Bearing Grease,Manual,1.32,Overdue,Yes
LB000004638,EQ00001747,2025-12-20,Machine Oil / Grease,Manual,1.38,Normal,Yes
LB000004639,EQ00001747,2025-01-29,Machine Oil / Grease,Manual,1.42,Early,Yes
LB000004640,EQ00001747,2026-03-09,Machine Oil / Grease,Manual,2.46,Early,Yes
LB000004641,EQ00001747,2024-04-14,Machine Oil / Grease,Manual,1.5,Early,Yes
LB000004642,EQ00001753,2025-05-11,EP Gear Oil / Grease,Grease gun / centralized,1.37,Early,Yes
LB000004643,EQ00001753,2023-02-23,EP Gear Oil / Grease,Grease gun / centralized,4.36,Normal,Yes
LB000004644,EQ00001753,2023-07-20,EP Gear Oil / Grease,Grease gun / centralized,3.41,Early,Yes
LB000004645,EQ00001753,2024-04-12,EP Gear Oil / Grease,Grease gun / centralized,4.39,Early,Yes
LB000004646,EQ00001753,2026-01-03,EP Gear Oil / Grease,Grease gun / centralized,4.99,Early,Yes
LB000004647,EQ00001753,2024-03-29,EP Gear Oil / Grease,Grease gun / centralized,0.26,Early,Yes
LB000004648,EQ00001754,2022-11-24,Machine Oil / Grease,Manual,1.52,Overdue,Yes
LB000004649,EQ00001754,2025-06-19,Machine Oil / Grease,Manual,4.24,Normal,Yes
LB000004650,EQ00001754,2021-02-13,Machine Oil / Grease,Manual,4.44,Early,Yes
LB000004651,EQ00001754,2023-04-24,Machine Oil / Grease,Manual,2.72,Overdue,Yes
LB000004652,EQ00001754,2021-01-16,Machine Oil / Grease,Manual,4.85,Early,Yes
LB000004653,EQ00001754,2025-10-27,Machine Oil / Grease,Manual,4.85,Normal,Yes
LB000004654,EQ00001755,2023-10-31,Process/Mechanical Lubricant,Manual / automated,0.2,Early,Yes
LB000004655,EQ00001755,2021-11-01,Process/Mechanical Lubricant,Manual / automated,4.24,Early,Yes
LB000004656,EQ00001759,2023-11-19,Process/Mechanical Lubricant,Manual / automated,3.98,Early,Yes
LB000004657,EQ00001759,2023-12-11,Process/Mechanical Lubricant,Manual / automated,4.03,Overdue,Yes
LB000004658,EQ00001759,2026-04-30,Process/Mechanical Lubricant,Manual / automated,4.07,Normal,Yes
LB000004659,EQ00001759,2023-10-02,Process/Mechanical Lubricant,Manual / automated,4.73,Overdue,Yes
LB000004660,EQ00001760,2026-04-18,Bearing Grease,Manual,4.65,Early,Yes
LB000004661,EQ00001760,2021-07-03,Bearing Grease,Manual,0.8,Normal,Yes
LB000004662,EQ00001760,2023-04-30,Bearing Grease,Manual,2.14,Overdue,Yes
LB000004663,EQ00001760,2022-07-27,Bearing Grease,Manual,0.59,Normal,Yes
LB000004664,EQ00001762,2024-01-20,Pump Bearing Grease,Manual,1.31,Early,Yes
LB000004665,EQ00001762,2023-04-05,Pump Bearing Grease,Manual,3.85,Normal,Yes
LB000004666,EQ00001762,2021-05-03,Pump Bearing Grease,Manual,3.13,Early,Yes
LB000004667,EQ00001763,2021-11-21,Pump Bearing Grease,Manual,4.99,Early,Yes
LB000004668,EQ00001763,2021-04-06,Pump Bearing Grease,Manual,3.02,Overdue,Yes
LB000004669,EQ00001764,2021-02-23,Bearing Grease,Manual,1.15,Early,Yes
LB000004670,EQ00001764,2026-01-26,Bearing Grease,Manual,2.96,Overdue,Yes
LB000004671,EQ00001764,2025-09-29,Bearing Grease,Manual,0.54,Normal,Yes
LB000004672,EQ00001764,2021-10-10,Bearing Grease,Manual,1.77,Overdue,Yes
LB000004673,EQ00001764,2026-04-23,Bearing Grease,Manual,4.17,Normal,Yes
LB000004674,EQ00001765,2022-07-03,Bearing Grease,Manual,2.11,Early,Yes
LB000004675,EQ00001765,2025-02-02,Bearing Grease,Manual,1.27,Early,Yes
LB000004676,EQ00001765,2026-05-22,Bearing Grease,Manual,0.92,Overdue,Yes
LB000004677,EQ00001768,2022-10-02,Engine / Gear Lubricant,Workshop service,0.15,Early,Yes
LB000004678,EQ00001768,2022-10-29,Engine / Gear Lubricant,Workshop service,3.84,Normal,Yes
LB000004679,EQ00001769,2024-11-21,Pump Bearing Grease,Manual,3.26,Normal,Yes
LB000004680,EQ00001769,2026-05-03,Pump Bearing Grease,Manual,1.06,Early,Yes
LB000004681,EQ00001769,2023-07-23,Pump Bearing Grease,Manual,4.8,Normal,Yes
LB000004682,EQ00001769,2024-07-17,Pump Bearing Grease,Manual,2.15,Normal,Yes
LB000004683,EQ00001769,2024-05-13,Pump Bearing Grease,Manual,1.0,Normal,Yes
LB000004684,EQ00001770,2025-04-27,Process/Mechanical Lubricant,Manual / automated,3.36,Overdue,Yes
LB000004685,EQ00001770,2022-12-14,Process/Mechanical Lubricant,Manual / automated,2.48,Overdue,Yes
LB000004686,EQ00001770,2024-02-25,Process/Mechanical Lubricant,Manual / automated,2.8,Overdue,Yes
LB000004687,EQ00001770,2025-01-14,Process/Mechanical Lubricant,Manual / automated,3.89,Early,Yes
LB000004688,EQ00001770,2023-03-24,Process/Mechanical Lubricant,Manual / automated,4.38,Overdue,Yes
LB000004689,EQ00001772,2026-07-28,EP Gear Oil / Grease,Grease gun / centralized,1.73,Normal,Yes
LB000004690,EQ00001774,2024-12-29,EP Gear Oil / Grease,Grease gun / centralized,3.01,Overdue,Yes
LB000004691,EQ00001774,2024-08-18,EP Gear Oil / Grease,Grease gun / centralized,0.91,Normal,Yes
LB000004692,EQ00001774,2026-07-28,EP Gear Oil / Grease,Grease gun / centralized,4.22,Normal,Yes
LB000004693,EQ00001775,2026-07-13,Bearing Oil / Grease,Manual / auto-lube,3.05,Early,Yes
LB000004694,EQ00001775,2024-01-22,Bearing Oil / Grease,Manual / auto-lube,0.56,Overdue,Yes
LB000004695,EQ00001775,2024-04-13,Bearing Oil / Grease,Manual / auto-lube,3.11,Overdue,Yes
LB000004696,EQ00001776,2022-11-08,Bearing Grease,Manual,3.98,Early,Yes
LB000004697,EQ00001776,2026-04-29,Bearing Grease,Manual,0.77,Overdue,Yes
LB000004698,EQ00001776,2021-11-13,Bearing Grease,Manual,2.83,Early,Yes
LB000004699,EQ00001777,2026-03-20,EP Gear Oil / Grease,Grease gun / centralized,1.81,Overdue,Yes
LB000004700,EQ00001777,2022-03-19,EP Gear Oil / Grease,Grease gun / centralized,0.56,Overdue,Yes
LB000004701,EQ00001777,2026-01-05,EP Gear Oil / Grease,Grease gun / centralized,2.23,Overdue,Yes
LB000004702,EQ00001777,2023-10-22,EP Gear Oil / Grease,Grease gun / centralized,3.54,Normal,Yes
LB000004703,EQ00001782,2022-01-17,Engine / Gear Lubricant,Workshop service,2.49,Normal,Yes
LB000004704,EQ00001783,2023-07-01,Bearing Grease,Manual,2.6,Early,Yes
LB000004705,EQ00001783,2025-01-26,Bearing Grease,Manual,2.74,Overdue,Yes
LB000004706,EQ00001783,2024-06-02,Bearing Grease,Manual,3.94,Overdue,Yes
LB000004707,EQ00001783,2022-03-24,Bearing Grease,Manual,3.39,Normal,Yes
LB000004708,EQ00001783,2021-02-08,Bearing Grease,Manual,1.78,Normal,Yes
LB000004709,EQ00001784,2024-07-13,Process/Mechanical Lubricant,Manual / automated,1.44,Overdue,Yes
LB000004710,EQ00001784,2024-10-09,Process/Mechanical Lubricant,Manual / automated,4.33,Normal,Yes
LB000004711,EQ00001784,2022-10-23,Process/Mechanical Lubricant,Manual / automated,1.63,Early,Yes
LB000004712,EQ00001784,2026-05-06,Process/Mechanical Lubricant,Manual / automated,0.19,Early,Yes
LB000004713,EQ00001784,2025-03-21,Process/Mechanical Lubricant,Manual / automated,0.37,Early,Yes
LB000004714,EQ00001785,2022-05-20,Bearing Grease,Manual,4.4,Overdue,Yes
LB000004715,EQ00001785,2026-02-05,Bearing Grease,Manual,4.17,Normal,Yes
LB000004716,EQ00001785,2025-08-14,Bearing Grease,Manual,2.11,Normal,Yes
LB000004717,EQ00001785,2023-06-28,Bearing Grease,Manual,4.29,Overdue,Yes
LB000004718,EQ00001785,2022-02-07,Bearing Grease,Manual,0.88,Early,Yes
LB000004719,EQ00001785,2025-08-17,Bearing Grease,Manual,0.74,Overdue,Yes
LB000004720,EQ00001786,2021-10-17,Machine Oil / Grease,Manual,1.21,Overdue,Yes
LB000004721,EQ00001786,2021-01-05,Machine Oil / Grease,Manual,1.17,Early,Yes
LB000004722,EQ00001786,2021-09-22,Machine Oil / Grease,Manual,4.71,Early,Yes
LB000004723,EQ00001788,2026-04-20,Wire Rope / Gear Grease,Manual,1.01,Normal,Yes
LB000004724,EQ00001788,2023-03-15,Wire Rope / Gear Grease,Manual,1.75,Early,Yes
LB000004725,EQ00001788,2026-03-26,Wire Rope / Gear Grease,Manual,4.08,Early,Yes
LB000004726,EQ00001790,2026-07-06,Machine Oil / Grease,Manual,3.8,Normal,Yes
LB000004727,EQ00001790,2025-01-22,Machine Oil / Grease,Manual,4.89,Early,Yes
LB000004728,EQ00001790,2025-02-04,Machine Oil / Grease,Manual,2.99,Overdue,Yes
LB000004729,EQ00001790,2025-08-20,Machine Oil / Grease,Manual,4.23,Normal,Yes
LB000004730,EQ00001790,2024-12-06,Machine Oil / Grease,Manual,4.07,Overdue,Yes
LB000004731,EQ00001791,2023-06-30,Wire Rope / Gear Grease,Manual,1.44,Overdue,Yes
LB000004732,EQ00001791,2026-02-02,Wire Rope / Gear Grease,Manual,4.46,Overdue,Yes
LB000004733,EQ00001791,2025-02-19,Wire Rope / Gear Grease,Manual,1.58,Overdue,Yes
LB000004734,EQ00001791,2026-02-12,Wire Rope / Gear Grease,Manual,2.63,Early,Yes
LB000004735,EQ00001791,2021-05-07,Wire Rope / Gear Grease,Manual,1.35,Early,Yes
LB000004736,EQ00001791,2025-06-27,Wire Rope / Gear Grease,Manual,1.66,Early,Yes
LB000004737,EQ00001793,2022-05-30,Wire Rope / Gear Grease,Manual,4.5,Normal,Yes
LB000004738,EQ00001793,2025-02-01,Wire Rope / Gear Grease,Manual,2.59,Overdue,Yes
LB000004739,EQ00001793,2026-04-05,Wire Rope / Gear Grease,Manual,0.11,Normal,Yes
LB000004740,EQ00001793,2024-07-14,Wire Rope / Gear Grease,Manual,2.32,Early,Yes
LB000004741,EQ00001793,2021-03-02,Wire Rope / Gear Grease,Manual,2.64,Normal,Yes
LB000004742,EQ00001793,2021-07-13,Wire Rope / Gear Grease,Manual,4.18,Early,Yes
LB000004743,EQ00001794,2023-05-31,Engine / Gear Lubricant,Workshop service,1.75,Normal,Yes
LB000004744,EQ00001794,2022-04-12,Engine / Gear Lubricant,Workshop service,4.97,Normal,Yes
LB000004745,EQ00001794,2022-07-22,Engine / Gear Lubricant,Workshop service,1.69,Overdue,Yes
LB000004746,EQ00001794,2024-11-14,Engine / Gear Lubricant,Workshop service,3.12,Overdue,Yes
LB000004747,EQ00001794,2023-08-13,Engine / Gear Lubricant,Workshop service,0.85,Early,Yes
LB000004748,EQ00001794,2022-05-23,Engine / Gear Lubricant,Workshop service,3.58,Normal,Yes
LB000004749,EQ00001800,2021-12-03,EP Gear Oil / Grease,Grease gun / centralized,2.04,Early,Yes
LB000004750,EQ00001800,2025-06-15,EP Gear Oil / Grease,Grease gun / centralized,4.43,Early,Yes
LB000004751,EQ00001800,2022-04-28,EP Gear Oil / Grease,Grease gun / centralized,0.77,Early,Yes
LB000004752,EQ00001800,2026-04-24,EP Gear Oil / Grease,Grease gun / centralized,2.55,Normal,Yes
LB000004753,EQ00001800,2025-11-05,EP Gear Oil / Grease,Grease gun / centralized,0.54,Normal,Yes
LB000004754,EQ00001802,2026-06-19,Machine Oil / Grease,Manual,4.31,Overdue,Yes
LB000004755,EQ00001802,2024-04-15,Machine Oil / Grease,Manual,3.14,Early,Yes
LB000004756,EQ00001803,2026-08-19,Process/Mechanical Lubricant,Manual / automated,0.33,Early,Yes
LB000004757,EQ00001804,2024-03-30,Bearing Grease,Manual,4.15,Early,Yes
LB000004758,EQ00001805,2023-03-07,Pump Bearing Grease,Manual,0.28,Normal,Yes
LB000004759,EQ00001805,2021-02-08,Pump Bearing Grease,Manual,3.1,Overdue,Yes
LB000004760,EQ00001805,2024-02-24,Pump Bearing Grease,Manual,3.85,Early,Yes
LB000004761,EQ00001805,2022-02-12,Pump Bearing Grease,Manual,4.53,Early,Yes
LB000004762,EQ00001805,2021-10-30,Pump Bearing Grease,Manual,3.6,Normal,Yes
LB000004763,EQ00001805,2023-05-07,Pump Bearing Grease,Manual,3.27,Overdue,Yes
LB000004764,EQ00001807,2021-01-10,Process/Mechanical Lubricant,Manual / automated,1.95,Early,Yes
LB000004765,EQ00001807,2022-12-12,Process/Mechanical Lubricant,Manual / automated,4.73,Overdue,Yes
LB000004766,EQ00001807,2022-10-15,Process/Mechanical Lubricant,Manual / automated,0.3,Early,Yes
LB000004767,EQ00001808,2024-04-24,EP Gear Oil / Grease,Grease gun / centralized,3.91,Early,Yes
LB000004768,EQ00001808,2021-06-03,EP Gear Oil / Grease,Grease gun / centralized,2.75,Overdue,Yes
LB000004769,EQ00001808,2024-09-12,EP Gear Oil / Grease,Grease gun / centralized,3.52,Normal,Yes
LB000004770,EQ00001808,2021-05-15,EP Gear Oil / Grease,Grease gun / centralized,4.63,Normal,Yes
LB000004771,EQ00001809,2025-10-19,Bearing Grease,Manual,1.51,Early,Yes
LB000004772,EQ00001809,2025-11-20,Bearing Grease,Manual,3.62,Early,Yes
LB000004773,EQ00001809,2022-02-14,Bearing Grease,Manual,3.56,Early,Yes
LB000004774,EQ00001809,2025-02-01,Bearing Grease,Manual,1.57,Normal,Yes
LB000004775,EQ00001810,2025-08-20,EP Gear Oil / Grease,Grease gun / centralized,4.65,Normal,Yes
LB000004776,EQ00001810,2023-01-22,EP Gear Oil / Grease,Grease gun / centralized,0.56,Early,Yes
LB000004777,EQ00001810,2022-10-15,EP Gear Oil / Grease,Grease gun / centralized,2.43,Normal,Yes
LB000004778,EQ00001810,2021-06-02,EP Gear Oil / Grease,Grease gun / centralized,4.57,Overdue,Yes
LB000004779,EQ00001811,2024-08-30,Engine / Gear Lubricant,Workshop service,3.26,Overdue,Yes
LB000004780,EQ00001813,2024-04-07,Process/Mechanical Lubricant,Manual / automated,4.41,Early,Yes
LB000004781,EQ00001813,2021-07-22,Process/Mechanical Lubricant,Manual / automated,4.53,Overdue,Yes
LB000004782,EQ00001813,2024-05-20,Process/Mechanical Lubricant,Manual / automated,1.35,Early,Yes
LB000004783,EQ00001813,2024-05-30,Process/Mechanical Lubricant,Manual / automated,4.84,Early,Yes
LB000004784,EQ00001813,2022-02-11,Process/Mechanical Lubricant,Manual / automated,3.96,Normal,Yes
LB000004785,EQ00001814,2021-09-30,EP Gear Oil / Grease,Grease gun / centralized,4.18,Early,Yes
LB000004786,EQ00001814,2022-03-28,EP Gear Oil / Grease,Grease gun / centralized,2.32,Overdue,Yes
LB000004787,EQ00001815,2021-04-25,Bearing Grease,Manual,4.32,Early,Yes
LB000004788,EQ00001817,2022-07-21,EP Gear Oil / Grease,Grease gun / centralized,3.13,Normal,Yes
LB000004789,EQ00001817,2023-12-13,EP Gear Oil / Grease,Grease gun / centralized,3.02,Normal,Yes
LB000004790,EQ00001817,2025-11-19,EP Gear Oil / Grease,Grease gun / centralized,2.8,Early,Yes
LB000004791,EQ00001818,2025-03-26,Bearing Grease,Manual,3.38,Overdue,Yes
LB000004792,EQ00001819,2021-11-24,Pump Bearing Grease,Manual,0.17,Normal,Yes
LB000004793,EQ00001819,2025-01-08,Pump Bearing Grease,Manual,3.86,Early,Yes
LB000004794,EQ00001819,2023-07-14,Pump Bearing Grease,Manual,2.68,Early,Yes
LB000004795,EQ00001820,2026-06-19,Wire Rope / Gear Grease,Manual,3.87,Normal,Yes
LB000004796,EQ00001820,2025-03-26,Wire Rope / Gear Grease,Manual,0.36,Normal,Yes
LB000004797,EQ00001820,2022-10-28,Wire Rope / Gear Grease,Manual,0.33,Overdue,Yes
LB000004798,EQ00001820,2024-05-26,Wire Rope / Gear Grease,Manual,4.69,Overdue,Yes
LB000004799,EQ00001820,2021-04-07,Wire Rope / Gear Grease,Manual,0.93,Normal,Yes
LB000004800,EQ00001820,2026-07-11,Wire Rope / Gear Grease,Manual,4.23,Normal,Yes
LB000004801,EQ00001823,2025-03-06,EP Gear Oil / Grease,Grease gun / centralized,3.47,Normal,Yes
LB000004802,EQ00001823,2022-10-02,EP Gear Oil / Grease,Grease gun / centralized,2.53,Normal,Yes
LB000004803,EQ00001823,2024-02-24,EP Gear Oil / Grease,Grease gun / centralized,4.52,Early,Yes
LB000004804,EQ00001823,2024-08-21,EP Gear Oil / Grease,Grease gun / centralized,0.62,Normal,Yes
LB000004805,EQ00001823,2025-10-19,EP Gear Oil / Grease,Grease gun / centralized,1.53,Early,Yes
LB000004806,EQ00001824,2021-10-20,EP Gear Oil / Grease,Grease gun / centralized,0.88,Early,Yes
LB000004807,EQ00001824,2021-06-14,EP Gear Oil / Grease,Grease gun / centralized,3.52,Early,Yes
LB000004808,EQ00001824,2024-05-11,EP Gear Oil / Grease,Grease gun / centralized,3.92,Overdue,Yes
LB000004809,EQ00001824,2021-05-10,EP Gear Oil / Grease,Grease gun / centralized,2.99,Overdue,Yes
LB000004810,EQ00001825,2021-10-20,Pump Bearing Grease,Manual,1.51,Early,Yes
LB000004811,EQ00001825,2022-10-06,Pump Bearing Grease,Manual,3.3,Overdue,Yes
LB000004812,EQ00001825,2022-06-23,Pump Bearing Grease,Manual,1.46,Normal,Yes
LB000004813,EQ00001825,2024-10-18,Pump Bearing Grease,Manual,4.45,Normal,Yes
LB000004814,EQ00001825,2024-08-11,Pump Bearing Grease,Manual,1.35,Early,Yes
LB000004815,EQ00001826,2024-02-03,Process/Mechanical Lubricant,Manual / automated,2.21,Overdue,Yes
LB000004816,EQ00001826,2026-03-28,Process/Mechanical Lubricant,Manual / automated,4.64,Early,Yes
LB000004817,EQ00001827,2021-12-17,Process/Mechanical Lubricant,Manual / automated,4.96,Early,Yes
LB000004818,EQ00001828,2022-05-13,Bearing Oil / Grease,Manual / auto-lube,1.76,Normal,Yes
LB000004819,EQ00001828,2024-01-14,Bearing Oil / Grease,Manual / auto-lube,4.56,Overdue,Yes
LB000004820,EQ00001828,2025-06-11,Bearing Oil / Grease,Manual / auto-lube,4.33,Early,Yes
LB000004821,EQ00001828,2021-07-19,Bearing Oil / Grease,Manual / auto-lube,0.78,Early,Yes
LB000004822,EQ00001828,2025-11-09,Bearing Oil / Grease,Manual / auto-lube,0.61,Overdue,Yes
LB000004823,EQ00001828,2023-01-25,Bearing Oil / Grease,Manual / auto-lube,1.25,Normal,Yes
LB000004824,EQ00001829,2025-06-15,Process/Mechanical Lubricant,Manual / automated,3.55,Normal,Yes
LB000004825,EQ00001829,2024-02-13,Process/Mechanical Lubricant,Manual / automated,2.82,Overdue,Yes
LB000004826,EQ00001830,2024-02-04,EP Gear Oil / Grease,Grease gun / centralized,1.63,Normal,Yes
LB000004827,EQ00001830,2023-12-08,EP Gear Oil / Grease,Grease gun / centralized,1.28,Early,Yes
LB000004828,EQ00001831,2024-04-03,EP Gear Oil / Grease,Grease gun / centralized,3.43,Early,Yes
LB000004829,EQ00001831,2023-10-27,EP Gear Oil / Grease,Grease gun / centralized,4.15,Early,Yes
LB000004830,EQ00001831,2025-01-02,EP Gear Oil / Grease,Grease gun / centralized,1.94,Normal,Yes
LB000004831,EQ00001831,2023-03-16,EP Gear Oil / Grease,Grease gun / centralized,1.81,Overdue,Yes
LB000004832,EQ00001831,2024-08-14,EP Gear Oil / Grease,Grease gun / centralized,0.87,Normal,Yes
LB000004833,EQ00001832,2021-02-11,Pump Bearing Grease,Manual,0.33,Normal,Yes
LB000004834,EQ00001832,2025-10-25,Pump Bearing Grease,Manual,0.97,Early,Yes
LB000004835,EQ00001832,2022-05-05,Pump Bearing Grease,Manual,1.89,Early,Yes
LB000004836,EQ00001832,2022-05-06,Pump Bearing Grease,Manual,4.4,Early,Yes
LB000004837,EQ00001832,2025-12-19,Pump Bearing Grease,Manual,0.23,Early,Yes
LB000004838,EQ00001832,2025-09-03,Pump Bearing Grease,Manual,3.0,Normal,Yes
LB000004839,EQ00001833,2022-10-24,Bearing Grease,Manual,4.8,Early,Yes
LB000004840,EQ00001833,2021-04-16,Bearing Grease,Manual,1.0,Early,Yes
LB000004841,EQ00001833,2025-06-04,Bearing Grease,Manual,3.38,Normal,Yes
LB000004842,EQ00001833,2021-07-23,Bearing Grease,Manual,3.74,Early,Yes
LB000004843,EQ00001833,2023-10-10,Bearing Grease,Manual,2.82,Normal,Yes
LB000004844,EQ00001833,2023-12-09,Bearing Grease,Manual,3.81,Overdue,Yes
LB000004845,EQ00001834,2023-03-01,Engine / Gear Lubricant,Workshop service,3.84,Normal,Yes
LB000004846,EQ00001834,2023-12-04,Engine / Gear Lubricant,Workshop service,1.25,Normal,Yes
LB000004847,EQ00001834,2024-02-15,Engine / Gear Lubricant,Workshop service,0.47,Overdue,Yes
LB000004848,EQ00001834,2023-09-05,Engine / Gear Lubricant,Workshop service,0.98,Overdue,Yes
LB000004849,EQ00001834,2021-03-08,Engine / Gear Lubricant,Workshop service,2.94,Early,Yes
LB000004850,EQ00001834,2026-01-10,Engine / Gear Lubricant,Workshop service,3.94,Normal,Yes
LB000004851,EQ00001835,2025-08-04,Bearing Grease,Manual,1.49,Early,Yes
LB000004852,EQ00001835,2023-11-05,Bearing Grease,Manual,4.31,Early,Yes
LB000004853,EQ00001835,2024-05-03,Bearing Grease,Manual,3.71,Overdue,Yes
LB000004854,EQ00001835,2022-05-20,Bearing Grease,Manual,1.71,Overdue,Yes
LB000004855,EQ00001837,2025-06-14,Process/Mechanical Lubricant,Manual / automated,0.56,Normal,Yes
LB000004856,EQ00001837,2023-07-26,Process/Mechanical Lubricant,Manual / automated,4.5,Early,Yes
LB000004857,EQ00001837,2025-09-13,Process/Mechanical Lubricant,Manual / automated,3.85,Overdue,Yes
LB000004858,EQ00001837,2021-12-29,Process/Mechanical Lubricant,Manual / automated,4.0,Normal,Yes
LB000004859,EQ00001837,2025-05-26,Process/Mechanical Lubricant,Manual / automated,3.19,Overdue,Yes
LB000004860,EQ00001837,2024-05-26,Process/Mechanical Lubricant,Manual / automated,0.95,Overdue,Yes
LB000004861,EQ00001838,2024-05-11,EP Gear Oil / Grease,Grease gun / centralized,0.47,Overdue,Yes
LB000004862,EQ00001838,2022-11-27,EP Gear Oil / Grease,Grease gun / centralized,3.58,Overdue,Yes
LB000004863,EQ00001838,2023-11-11,EP Gear Oil / Grease,Grease gun / centralized,3.28,Normal,Yes
LB000004864,EQ00001838,2022-09-04,EP Gear Oil / Grease,Grease gun / centralized,4.1,Early,Yes
LB000004865,EQ00001838,2023-03-04,EP Gear Oil / Grease,Grease gun / centralized,3.3,Overdue,Yes
LB000004866,EQ00001839,2022-09-07,EP Gear Oil / Grease,Grease gun / centralized,0.38,Overdue,Yes
LB000004867,EQ00001839,2022-10-06,EP Gear Oil / Grease,Grease gun / centralized,0.34,Early,Yes
LB000004868,EQ00001839,2021-11-14,EP Gear Oil / Grease,Grease gun / centralized,0.47,Early,Yes
LB000004869,EQ00001839,2021-02-12,EP Gear Oil / Grease,Grease gun / centralized,0.63,Overdue,Yes
LB000004870,EQ00001841,2022-09-24,EP Gear Oil / Grease,Grease gun / centralized,0.78,Normal,Yes
LB000004871,EQ00001841,2025-08-25,EP Gear Oil / Grease,Grease gun / centralized,1.1,Early,Yes
LB000004872,EQ00001843,2024-01-11,Bearing Grease,Manual,4.47,Normal,Yes
LB000004873,EQ00001843,2026-02-08,Bearing Grease,Manual,4.9,Normal,Yes
LB000004874,EQ00001843,2025-06-18,Bearing Grease,Manual,4.87,Early,Yes
LB000004875,EQ00001845,2023-09-02,Engine / Gear Lubricant,Workshop service,1.44,Overdue,Yes
LB000004876,EQ00001845,2022-07-17,Engine / Gear Lubricant,Workshop service,4.85,Overdue,Yes
LB000004877,EQ00001845,2025-04-20,Engine / Gear Lubricant,Workshop service,4.22,Normal,Yes
LB000004878,EQ00001847,2025-03-16,Bearing Oil / Grease,Manual / auto-lube,2.6,Overdue,Yes
LB000004879,EQ00001847,2025-11-13,Bearing Oil / Grease,Manual / auto-lube,0.86,Normal,Yes
LB000004880,EQ00001847,2021-03-26,Bearing Oil / Grease,Manual / auto-lube,3.11,Normal,Yes
LB000004881,EQ00001848,2023-10-12,EP Gear Oil / Grease,Grease gun / centralized,1.93,Normal,Yes
LB000004882,EQ00001848,2021-10-23,EP Gear Oil / Grease,Grease gun / centralized,0.26,Normal,Yes
LB000004883,EQ00001848,2024-12-11,EP Gear Oil / Grease,Grease gun / centralized,3.97,Normal,Yes
LB000004884,EQ00001848,2024-08-24,EP Gear Oil / Grease,Grease gun / centralized,2.95,Early,Yes
LB000004885,EQ00001848,2023-03-06,EP Gear Oil / Grease,Grease gun / centralized,0.3,Overdue,Yes
LB000004886,EQ00001850,2022-04-27,Pump Bearing Grease,Manual,4.99,Early,Yes
LB000004887,EQ00001850,2021-01-17,Pump Bearing Grease,Manual,3.8,Normal,Yes
LB000004888,EQ00001850,2025-10-04,Pump Bearing Grease,Manual,1.99,Early,Yes
LB000004889,EQ00001851,2024-01-31,EP Gear Oil / Grease,Grease gun / centralized,1.58,Overdue,Yes
LB000004890,EQ00001851,2024-07-05,EP Gear Oil / Grease,Grease gun / centralized,1.95,Normal,Yes
LB000004891,EQ00001851,2022-12-03,EP Gear Oil / Grease,Grease gun / centralized,3.39,Normal,Yes
LB000004892,EQ00001851,2024-04-03,EP Gear Oil / Grease,Grease gun / centralized,3.63,Early,Yes
LB000004893,EQ00001851,2021-09-13,EP Gear Oil / Grease,Grease gun / centralized,4.84,Normal,Yes
LB000004894,EQ00001852,2021-12-26,Pump Bearing Grease,Manual,3.94,Normal,Yes
LB000004895,EQ00001852,2024-05-01,Pump Bearing Grease,Manual,2.85,Overdue,Yes
LB000004896,EQ00001852,2023-05-03,Pump Bearing Grease,Manual,3.71,Normal,Yes
LB000004897,EQ00001852,2022-06-25,Pump Bearing Grease,Manual,1.19,Overdue,Yes
LB000004898,EQ00001853,2021-12-06,Bearing Oil / Grease,Manual / auto-lube,2.53,Early,Yes
LB000004899,EQ00001853,2022-01-27,Bearing Oil / Grease,Manual / auto-lube,3.65,Overdue,Yes
LB000004900,EQ00001853,2021-06-30,Bearing Oil / Grease,Manual / auto-lube,1.39,Early,Yes
LB000004901,EQ00001853,2024-01-20,Bearing Oil / Grease,Manual / auto-lube,0.38,Early,Yes
LB000004902,EQ00001854,2024-10-08,Bearing Oil / Grease,Manual / auto-lube,1.35,Early,Yes
LB000004903,EQ00001854,2025-08-29,Bearing Oil / Grease,Manual / auto-lube,3.85,Overdue,Yes
LB000004904,EQ00001854,2025-08-05,Bearing Oil / Grease,Manual / auto-lube,3.54,Overdue,Yes
LB000004905,EQ00001854,2022-11-05,Bearing Oil / Grease,Manual / auto-lube,4.69,Normal,Yes
LB000004906,EQ00001854,2022-08-07,Bearing Oil / Grease,Manual / auto-lube,3.94,Overdue,Yes
LB000004907,EQ00001855,2025-12-22,Bearing Grease,Manual,1.93,Early,Yes
LB000004908,EQ00001855,2023-11-22,Bearing Grease,Manual,4.28,Normal,Yes
LB000004909,EQ00001858,2025-11-22,Wire Rope / Gear Grease,Manual,2.8,Overdue,Yes
LB000004910,EQ00001858,2023-01-09,Wire Rope / Gear Grease,Manual,2.73,Early,Yes
LB000004911,EQ00001858,2023-07-11,Wire Rope / Gear Grease,Manual,4.56,Normal,Yes
LB000004912,EQ00001858,2022-01-02,Wire Rope / Gear Grease,Manual,3.18,Overdue,Yes
LB000004913,EQ00001858,2026-02-05,Wire Rope / Gear Grease,Manual,4.03,Overdue,Yes
LB000004914,EQ00001858,2023-08-05,Wire Rope / Gear Grease,Manual,4.0,Normal,Yes
LB000004915,EQ00001860,2024-03-27,EP Gear Oil / Grease,Grease gun / centralized,4.99,Normal,Yes
LB000004916,EQ00001860,2023-02-19,EP Gear Oil / Grease,Grease gun / centralized,3.9,Normal,Yes
LB000004917,EQ00001860,2021-02-11,EP Gear Oil / Grease,Grease gun / centralized,4.47,Overdue,Yes
LB000004918,EQ00001860,2025-07-13,EP Gear Oil / Grease,Grease gun / centralized,1.18,Normal,Yes
LB000004919,EQ00001863,2021-12-23,Pump Bearing Grease,Manual,0.56,Early,Yes
LB000004920,EQ00001863,2024-10-08,Pump Bearing Grease,Manual,3.09,Overdue,Yes
LB000004921,EQ00001863,2024-01-01,Pump Bearing Grease,Manual,0.64,Overdue,Yes
LB000004922,EQ00001863,2025-07-09,Pump Bearing Grease,Manual,4.18,Overdue,Yes
LB000004923,EQ00001864,2021-11-06,Bearing Oil / Grease,Manual / auto-lube,3.51,Early,Yes
LB000004924,EQ00001865,2025-10-05,Process/Mechanical Lubricant,Manual / automated,2.29,Overdue,Yes
LB000004925,EQ00001867,2024-08-11,Pump Bearing Grease,Manual,0.49,Normal,Yes
LB000004926,EQ00001868,2024-12-22,EP Gear Oil / Grease,Grease gun / centralized,2.36,Normal,Yes
LB000004927,EQ00001868,2026-05-10,EP Gear Oil / Grease,Grease gun / centralized,4.48,Early,Yes
LB000004928,EQ00001868,2021-07-23,EP Gear Oil / Grease,Grease gun / centralized,1.63,Early,Yes
LB000004929,EQ00001868,2025-08-12,EP Gear Oil / Grease,Grease gun / centralized,0.35,Early,Yes
LB000004930,EQ00001868,2022-11-25,EP Gear Oil / Grease,Grease gun / centralized,0.2,Normal,Yes
LB000004931,EQ00001869,2025-05-27,Process/Mechanical Lubricant,Manual / automated,4.65,Overdue,Yes
LB000004932,EQ00001870,2022-01-22,Wire Rope / Gear Grease,Manual,1.41,Early,Yes
LB000004933,EQ00001870,2025-01-30,Wire Rope / Gear Grease,Manual,4.57,Early,Yes
LB000004934,EQ00001871,2023-08-23,Engine / Gear Lubricant,Workshop service,2.03,Normal,Yes
LB000004935,EQ00001871,2024-02-23,Engine / Gear Lubricant,Workshop service,2.57,Overdue,Yes
LB000004936,EQ00001873,2024-03-01,Machine Oil / Grease,Manual,4.9,Overdue,Yes
LB000004937,EQ00001873,2021-12-05,Machine Oil / Grease,Manual,4.53,Normal,Yes
LB000004938,EQ00001873,2023-08-06,Machine Oil / Grease,Manual,3.72,Overdue,Yes
LB000004939,EQ00001873,2025-11-03,Machine Oil / Grease,Manual,1.31,Overdue,Yes
LB000004940,EQ00001873,2022-06-09,Machine Oil / Grease,Manual,1.92,Overdue,Yes
LB000004941,EQ00001874,2022-02-16,Wire Rope / Gear Grease,Manual,1.18,Overdue,Yes
LB000004942,EQ00001874,2021-01-30,Wire Rope / Gear Grease,Manual,4.38,Early,Yes
LB000004943,EQ00001874,2023-02-04,Wire Rope / Gear Grease,Manual,0.74,Normal,Yes
LB000004944,EQ00001875,2023-07-08,Process/Mechanical Lubricant,Manual / automated,4.62,Early,Yes
LB000004945,EQ00001875,2024-11-05,Process/Mechanical Lubricant,Manual / automated,1.67,Early,Yes
LB000004946,EQ00001875,2021-03-27,Process/Mechanical Lubricant,Manual / automated,3.91,Normal,Yes
LB000004947,EQ00001875,2024-09-23,Process/Mechanical Lubricant,Manual / automated,1.9,Overdue,Yes
LB000004948,EQ00001876,2024-04-09,Pump Bearing Grease,Manual,4.84,Normal,Yes
LB000004949,EQ00001876,2022-08-08,Pump Bearing Grease,Manual,0.73,Early,Yes
LB000004950,EQ00001876,2021-05-24,Pump Bearing Grease,Manual,4.48,Overdue,Yes
LB000004951,EQ00001876,2021-01-16,Pump Bearing Grease,Manual,2.49,Overdue,Yes
LB000004952,EQ00001876,2021-03-30,Pump Bearing Grease,Manual,2.08,Normal,Yes
LB000004953,EQ00001877,2022-01-23,EP Gear Oil / Grease,Grease gun / centralized,0.36,Normal,Yes
LB000004954,EQ00001877,2025-09-28,EP Gear Oil / Grease,Grease gun / centralized,4.1,Overdue,Yes
LB000004955,EQ00001877,2022-10-13,EP Gear Oil / Grease,Grease gun / centralized,0.41,Overdue,Yes
LB000004956,EQ00001877,2024-05-17,EP Gear Oil / Grease,Grease gun / centralized,2.2,Normal,Yes
LB000004957,EQ00001878,2024-06-25,Process/Mechanical Lubricant,Manual / automated,3.0,Early,Yes
LB000004958,EQ00001878,2024-10-21,Process/Mechanical Lubricant,Manual / automated,3.97,Early,Yes
LB000004959,EQ00001878,2023-08-24,Process/Mechanical Lubricant,Manual / automated,0.86,Early,Yes
LB000004960,EQ00001879,2024-06-16,Wire Rope / Gear Grease,Manual,3.81,Normal,Yes
LB000004961,EQ00001879,2024-06-05,Wire Rope / Gear Grease,Manual,2.39,Early,Yes
LB000004962,EQ00001879,2026-06-04,Wire Rope / Gear Grease,Manual,0.82,Normal,Yes
LB000004963,EQ00001882,2025-11-18,EP Gear Oil / Grease,Grease gun / centralized,3.51,Early,Yes
LB000004964,EQ00001882,2022-04-24,EP Gear Oil / Grease,Grease gun / centralized,4.28,Overdue,Yes
LB000004965,EQ00001882,2021-04-07,EP Gear Oil / Grease,Grease gun / centralized,1.37,Normal,Yes
LB000004966,EQ00001882,2026-04-10,EP Gear Oil / Grease,Grease gun / centralized,0.89,Normal,Yes
LB000004967,EQ00001882,2022-12-13,EP Gear Oil / Grease,Grease gun / centralized,1.78,Normal,Yes
LB000004968,EQ00001882,2024-06-16,EP Gear Oil / Grease,Grease gun / centralized,1.0,Overdue,Yes
LB000004969,EQ00001883,2022-03-03,Process/Mechanical Lubricant,Manual / automated,2.04,Overdue,Yes
LB000004970,EQ00001883,2024-02-16,Process/Mechanical Lubricant,Manual / automated,2.02,Early,Yes
LB000004971,EQ00001883,2025-04-14,Process/Mechanical Lubricant,Manual / automated,0.13,Normal,Yes
LB000004972,EQ00001883,2026-04-05,Process/Mechanical Lubricant,Manual / automated,4.67,Early,Yes
LB000004973,EQ00001883,2021-12-09,Process/Mechanical Lubricant,Manual / automated,2.61,Overdue,Yes
LB000004974,EQ00001883,2024-02-27,Process/Mechanical Lubricant,Manual / automated,3.65,Normal,Yes
LB000004975,EQ00001884,2022-09-08,Bearing Grease,Manual,3.11,Overdue,Yes
LB000004976,EQ00001884,2021-06-25,Bearing Grease,Manual,1.29,Normal,Yes
LB000004977,EQ00001884,2022-08-22,Bearing Grease,Manual,3.5,Overdue,Yes
LB000004978,EQ00001884,2025-12-28,Bearing Grease,Manual,1.6,Normal,Yes
LB000004979,EQ00001884,2023-08-31,Bearing Grease,Manual,0.22,Early,Yes
LB000004980,EQ00001884,2024-04-29,Bearing Grease,Manual,2.87,Early,Yes
LB000004981,EQ00001885,2021-07-08,Bearing Oil / Grease,Manual / auto-lube,1.74,Normal,Yes
LB000004982,EQ00001885,2023-03-12,Bearing Oil / Grease,Manual / auto-lube,3.11,Overdue,Yes
LB000004983,EQ00001885,2022-05-31,Bearing Oil / Grease,Manual / auto-lube,1.71,Overdue,Yes
LB000004984,EQ00001886,2021-06-17,Machine Oil / Grease,Manual,0.15,Overdue,Yes
LB000004985,EQ00001886,2023-12-18,Machine Oil / Grease,Manual,2.4,Overdue,Yes
LB000004986,EQ00001886,2023-08-08,Machine Oil / Grease,Manual,3.64,Early,Yes
LB000004987,EQ00001887,2025-01-09,EP Gear Oil / Grease,Grease gun / centralized,0.91,Early,Yes
LB000004988,EQ00001889,2022-12-09,Machine Oil / Grease,Manual,0.15,Overdue,Yes
LB000004989,EQ00001889,2025-08-21,Machine Oil / Grease,Manual,3.5,Normal,Yes
LB000004990,EQ00001889,2024-10-21,Machine Oil / Grease,Manual,1.63,Overdue,Yes
LB000004991,EQ00001889,2026-05-20,Machine Oil / Grease,Manual,2.72,Early,Yes
LB000004992,EQ00001889,2025-02-20,Machine Oil / Grease,Manual,1.0,Normal,Yes
LB000004993,EQ00001889,2025-09-19,Machine Oil / Grease,Manual,2.76,Overdue,Yes
LB000004994,EQ00001890,2022-01-27,Pump Bearing Grease,Manual,3.07,Overdue,Yes
LB000004995,EQ00001890,2022-01-06,Pump Bearing Grease,Manual,1.36,Normal,Yes
LB000004996,EQ00001890,2025-12-04,Pump Bearing Grease,Manual,1.44,Early,Yes
LB000004997,EQ00001890,2023-10-02,Pump Bearing Grease,Manual,1.15,Early,Yes
LB000004998,EQ00001890,2023-10-12,Pump Bearing Grease,Manual,3.72,Overdue,Yes
LB000004999,EQ00001891,2023-09-10,EP Gear Oil / Grease,Grease gun / centralized,2.98,Normal,Yes
LB000005000,EQ00001891,2021-12-11,EP Gear Oil / Grease,Grease gun / centralized,3.21,Normal,Yes
LB000005001,EQ00001892,2021-06-12,Process/Mechanical Lubricant,Manual / automated,2.42,Overdue,Yes
LB000005002,EQ00001893,2022-04-24,Machine Oil / Grease,Manual,3.08,Normal,Yes
LB000005003,EQ00001894,2022-02-19,Bearing Grease,Manual,4.77,Early,Yes
LB000005004,EQ00001894,2022-02-22,Bearing Grease,Manual,3.16,Overdue,Yes
LB000005005,EQ00001894,2021-08-20,Bearing Grease,Manual,3.31,Normal,Yes
LB000005006,EQ00001894,2022-05-01,Bearing Grease,Manual,1.0,Normal,Yes
LB000005007,EQ00001896,2024-12-13,Bearing Oil / Grease,Manual / auto-lube,3.68,Early,Yes
LB000005008,EQ00001897,2024-10-05,EP Gear Oil / Grease,Grease gun / centralized,2.0,Overdue,Yes
LB000005009,EQ00001898,2025-06-25,Pump Bearing Grease,Manual,1.17,Early,Yes
LB000005010,EQ00001898,2022-09-15,Pump Bearing Grease,Manual,1.87,Overdue,Yes
LB000005011,EQ00001898,2022-10-01,Pump Bearing Grease,Manual,1.64,Early,Yes
LB000005012,EQ00001898,2026-03-08,Pump Bearing Grease,Manual,0.85,Early,Yes
LB000005013,EQ00001898,2026-07-12,Pump Bearing Grease,Manual,4.73,Overdue,Yes
LB000005014,EQ00001898,2026-03-22,Pump Bearing Grease,Manual,2.01,Overdue,Yes
LB000005015,EQ00001899,2022-07-05,EP Gear Oil / Grease,Grease gun / centralized,4.01,Early,Yes
LB000005016,EQ00001899,2023-09-21,EP Gear Oil / Grease,Grease gun / centralized,2.55,Overdue,Yes
LB000005017,EQ00001899,2021-05-28,EP Gear Oil / Grease,Grease gun / centralized,3.91,Overdue,Yes
LB000005018,EQ00001901,2026-08-08,Bearing Grease,Manual,4.46,Early,Yes
LB000005019,EQ00001902,2025-08-30,Machine Oil / Grease,Manual,1.24,Normal,Yes
LB000005020,EQ00001902,2022-09-28,Machine Oil / Grease,Manual,4.07,Overdue,Yes
LB000005021,EQ00001903,2023-11-17,Process/Mechanical Lubricant,Manual / automated,0.48,Overdue,Yes
LB000005022,EQ00001903,2023-10-17,Process/Mechanical Lubricant,Manual / automated,2.69,Overdue,Yes
LB000005023,EQ00001903,2024-06-16,Process/Mechanical Lubricant,Manual / automated,4.57,Normal,Yes
LB000005024,EQ00001905,2022-09-30,Pump Bearing Grease,Manual,1.25,Normal,Yes
LB000005025,EQ00001905,2025-01-06,Pump Bearing Grease,Manual,3.42,Early,Yes
LB000005026,EQ00001905,2026-03-12,Pump Bearing Grease,Manual,0.16,Normal,Yes
LB000005027,EQ00001905,2021-12-02,Pump Bearing Grease,Manual,1.94,Overdue,Yes
LB000005028,EQ00001905,2021-05-22,Pump Bearing Grease,Manual,3.64,Overdue,Yes
LB000005029,EQ00001906,2023-06-29,Bearing Oil / Grease,Manual / auto-lube,2.92,Normal,Yes
LB000005030,EQ00001907,2025-08-05,Engine / Gear Lubricant,Workshop service,3.39,Early,Yes
LB000005031,EQ00001907,2026-04-22,Engine / Gear Lubricant,Workshop service,0.69,Normal,Yes
LB000005032,EQ00001907,2023-03-04,Engine / Gear Lubricant,Workshop service,2.81,Early,Yes
LB000005033,EQ00001907,2021-10-12,Engine / Gear Lubricant,Workshop service,2.39,Normal,Yes
LB000005034,EQ00001907,2026-03-29,Engine / Gear Lubricant,Workshop service,0.52,Overdue,Yes
LB000005035,EQ00001907,2023-09-01,Engine / Gear Lubricant,Workshop service,3.42,Overdue,Yes
LB000005036,EQ00001908,2026-02-17,Machine Oil / Grease,Manual,1.38,Early,Yes
LB000005037,EQ00001908,2025-12-02,Machine Oil / Grease,Manual,4.76,Normal,Yes
LB000005038,EQ00001908,2021-12-28,Machine Oil / Grease,Manual,2.54,Overdue,Yes
LB000005039,EQ00001909,2024-08-30,Bearing Grease,Manual,4.63,Normal,Yes
LB000005040,EQ00001909,2022-10-01,Bearing Grease,Manual,4.73,Normal,Yes
LB000005041,EQ00001911,2025-09-17,Pump Bearing Grease,Manual,2.46,Normal,Yes
LB000005042,EQ00001912,2023-09-22,Pump Bearing Grease,Manual,0.59,Overdue,Yes
LB000005043,EQ00001914,2023-11-18,Pump Bearing Grease,Manual,0.41,Normal,Yes
LB000005044,EQ00001914,2023-08-20,Pump Bearing Grease,Manual,2.98,Normal,Yes
LB000005045,EQ00001915,2026-04-09,Wire Rope / Gear Grease,Manual,4.03,Normal,Yes
LB000005046,EQ00001915,2023-06-02,Wire Rope / Gear Grease,Manual,4.12,Overdue,Yes
LB000005047,EQ00001915,2026-04-01,Wire Rope / Gear Grease,Manual,0.83,Early,Yes
LB000005048,EQ00001915,2023-10-03,Wire Rope / Gear Grease,Manual,3.23,Normal,Yes
LB000005049,EQ00001915,2025-04-13,Wire Rope / Gear Grease,Manual,4.56,Early,Yes
LB000005050,EQ00001917,2024-12-25,Bearing Oil / Grease,Manual / auto-lube,4.16,Normal,Yes
LB000005051,EQ00001917,2024-09-29,Bearing Oil / Grease,Manual / auto-lube,3.28,Early,Yes
LB000005052,EQ00001917,2025-06-02,Bearing Oil / Grease,Manual / auto-lube,2.93,Early,Yes
LB000005053,EQ00001917,2024-09-19,Bearing Oil / Grease,Manual / auto-lube,3.63,Overdue,Yes
LB000005054,EQ00001917,2024-12-04,Bearing Oil / Grease,Manual / auto-lube,1.25,Early,Yes
LB000005055,EQ00001918,2024-11-02,Pump Bearing Grease,Manual,2.75,Overdue,Yes
LB000005056,EQ00001920,2022-03-05,Bearing Oil / Grease,Manual / auto-lube,1.26,Early,Yes
LB000005057,EQ00001920,2021-03-25,Bearing Oil / Grease,Manual / auto-lube,1.39,Early,Yes
LB000005058,EQ00001921,2022-03-01,EP Gear Oil / Grease,Grease gun / centralized,3.13,Normal,Yes
LB000005059,EQ00001921,2025-04-12,EP Gear Oil / Grease,Grease gun / centralized,4.36,Early,Yes
LB000005060,EQ00001921,2022-12-21,EP Gear Oil / Grease,Grease gun / centralized,1.04,Early,Yes
LB000005061,EQ00001921,2023-06-13,EP Gear Oil / Grease,Grease gun / centralized,1.96,Normal,Yes
LB000005062,EQ00001921,2022-10-21,EP Gear Oil / Grease,Grease gun / centralized,1.37,Early,Yes
LB000005063,EQ00001921,2023-08-05,EP Gear Oil / Grease,Grease gun / centralized,2.75,Overdue,Yes
LB000005064,EQ00001922,2024-12-02,Pump Bearing Grease,Manual,3.96,Overdue,Yes
LB000005065,EQ00001922,2025-03-23,Pump Bearing Grease,Manual,2.37,Normal,Yes
LB000005066,EQ00001922,2021-06-26,Pump Bearing Grease,Manual,4.47,Overdue,Yes
LB000005067,EQ00001922,2024-08-16,Pump Bearing Grease,Manual,1.98,Overdue,Yes
LB000005068,EQ00001922,2021-10-21,Pump Bearing Grease,Manual,1.74,Early,Yes
LB000005069,EQ00001923,2023-12-23,Bearing Oil / Grease,Manual / auto-lube,2.01,Overdue,Yes
LB000005070,EQ00001923,2025-11-28,Bearing Oil / Grease,Manual / auto-lube,2.93,Normal,Yes
LB000005071,EQ00001925,2021-05-30,Process/Mechanical Lubricant,Manual / automated,0.68,Early,Yes
LB000005072,EQ00001925,2026-03-01,Process/Mechanical Lubricant,Manual / automated,1.26,Normal,Yes
LB000005073,EQ00001925,2021-10-21,Process/Mechanical Lubricant,Manual / automated,3.96,Normal,Yes
LB000005074,EQ00001927,2026-03-07,Bearing Grease,Manual,2.87,Normal,Yes
LB000005075,EQ00001927,2022-09-27,Bearing Grease,Manual,4.4,Normal,Yes
LB000005076,EQ00001927,2022-11-23,Bearing Grease,Manual,3.09,Overdue,Yes
LB000005077,EQ00001927,2025-11-02,Bearing Grease,Manual,1.68,Normal,Yes
LB000005078,EQ00001928,2025-11-15,Bearing Grease,Manual,4.6,Early,Yes
LB000005079,EQ00001929,2025-05-31,Process/Mechanical Lubricant,Manual / automated,2.7,Overdue,Yes
LB000005080,EQ00001929,2022-10-19,Process/Mechanical Lubricant,Manual / automated,1.8,Normal,Yes
LB000005081,EQ00001929,2026-05-31,Process/Mechanical Lubricant,Manual / automated,1.6,Normal,Yes
LB000005082,EQ00001929,2026-02-20,Process/Mechanical Lubricant,Manual / automated,0.24,Early,Yes
LB000005083,EQ00001931,2021-07-16,Machine Oil / Grease,Manual,1.08,Early,Yes
LB000005084,EQ00001931,2023-07-20,Machine Oil / Grease,Manual,3.41,Normal,Yes
LB000005085,EQ00001931,2022-10-13,Machine Oil / Grease,Manual,2.32,Early,Yes
LB000005086,EQ00001931,2022-09-27,Machine Oil / Grease,Manual,1.59,Overdue,Yes
LB000005087,EQ00001931,2025-07-27,Machine Oil / Grease,Manual,1.45,Early,Yes
LB000005088,EQ00001932,2023-08-30,Pump Bearing Grease,Manual,4.06,Normal,Yes
LB000005089,EQ00001932,2025-09-15,Pump Bearing Grease,Manual,2.4,Early,Yes
LB000005090,EQ00001932,2025-08-04,Pump Bearing Grease,Manual,0.11,Early,Yes
LB000005091,EQ00001932,2022-06-04,Pump Bearing Grease,Manual,0.41,Overdue,Yes
LB000005092,EQ00001932,2021-04-05,Pump Bearing Grease,Manual,0.42,Overdue,Yes
LB000005093,EQ00001932,2026-04-30,Pump Bearing Grease,Manual,1.84,Early,Yes
LB000005094,EQ00001935,2023-05-02,Bearing Oil / Grease,Manual / auto-lube,1.0,Early,Yes
LB000005095,EQ00001936,2023-01-20,Engine / Gear Lubricant,Workshop service,2.3,Early,Yes
LB000005096,EQ00001936,2023-01-23,Engine / Gear Lubricant,Workshop service,4.89,Early,Yes
LB000005097,EQ00001936,2023-09-12,Engine / Gear Lubricant,Workshop service,1.97,Overdue,Yes
LB000005098,EQ00001936,2021-10-06,Engine / Gear Lubricant,Workshop service,0.62,Normal,Yes
LB000005099,EQ00001937,2024-09-02,Bearing Grease,Manual,4.89,Early,Yes
LB000005100,EQ00001937,2022-01-06,Bearing Grease,Manual,0.12,Normal,Yes
LB000005101,EQ00001938,2025-10-20,Machine Oil / Grease,Manual,1.23,Early,Yes
LB000005102,EQ00001938,2023-10-11,Machine Oil / Grease,Manual,0.52,Normal,Yes
LB000005103,EQ00001939,2024-05-21,Wire Rope / Gear Grease,Manual,3.65,Normal,Yes
LB000005104,EQ00001939,2023-05-12,Wire Rope / Gear Grease,Manual,3.67,Early,Yes
LB000005105,EQ00001939,2024-06-15,Wire Rope / Gear Grease,Manual,1.78,Overdue,Yes
LB000005106,EQ00001940,2026-03-21,Bearing Grease,Manual,3.44,Normal,Yes
LB000005107,EQ00001940,2022-02-05,Bearing Grease,Manual,4.15,Early,Yes
LB000005108,EQ00001940,2022-11-18,Bearing Grease,Manual,3.64,Overdue,Yes
LB000005109,EQ00001940,2021-07-15,Bearing Grease,Manual,1.4,Early,Yes
LB000005110,EQ00001940,2021-02-09,Bearing Grease,Manual,2.29,Overdue,Yes
LB000005111,EQ00001940,2021-10-30,Bearing Grease,Manual,3.99,Overdue,Yes
LB000005112,EQ00001941,2026-07-23,EP Gear Oil / Grease,Grease gun / centralized,3.25,Normal,Yes
LB000005113,EQ00001941,2024-08-19,EP Gear Oil / Grease,Grease gun / centralized,1.53,Early,Yes
LB000005114,EQ00001942,2022-09-25,Engine / Gear Lubricant,Workshop service,2.28,Normal,Yes
LB000005115,EQ00001942,2025-01-17,Engine / Gear Lubricant,Workshop service,3.72,Overdue,Yes
LB000005116,EQ00001942,2022-04-13,Engine / Gear Lubricant,Workshop service,2.85,Overdue,Yes
LB000005117,EQ00001942,2025-07-25,Engine / Gear Lubricant,Workshop service,4.29,Overdue,Yes
LB000005118,EQ00001942,2021-11-17,Engine / Gear Lubricant,Workshop service,0.89,Early,Yes
LB000005119,EQ00001942,2021-11-23,Engine / Gear Lubricant,Workshop service,4.76,Normal,Yes
LB000005120,EQ00001943,2024-06-17,Machine Oil / Grease,Manual,1.25,Normal,Yes
LB000005121,EQ00001943,2025-07-10,Machine Oil / Grease,Manual,0.48,Early,Yes
LB000005122,EQ00001943,2024-12-17,Machine Oil / Grease,Manual,1.01,Overdue,Yes
LB000005123,EQ00001943,2021-05-10,Machine Oil / Grease,Manual,2.07,Normal,Yes
LB000005124,EQ00001944,2023-05-20,Process/Mechanical Lubricant,Manual / automated,1.07,Normal,Yes
LB000005125,EQ00001944,2021-06-06,Process/Mechanical Lubricant,Manual / automated,4.76,Early,Yes
LB000005126,EQ00001944,2021-03-20,Process/Mechanical Lubricant,Manual / automated,1.83,Early,Yes
LB000005127,EQ00001944,2022-01-06,Process/Mechanical Lubricant,Manual / automated,3.52,Overdue,Yes
LB000005128,EQ00001944,2026-01-21,Process/Mechanical Lubricant,Manual / automated,2.66,Normal,Yes
LB000005129,EQ00001944,2023-01-23,Process/Mechanical Lubricant,Manual / automated,1.36,Early,Yes
LB000005130,EQ00001945,2022-07-05,Process/Mechanical Lubricant,Manual / automated,4.33,Normal,Yes
LB000005131,EQ00001945,2023-02-09,Process/Mechanical Lubricant,Manual / automated,3.79,Early,Yes
LB000005132,EQ00001948,2022-12-08,Process/Mechanical Lubricant,Manual / automated,2.01,Overdue,Yes
LB000005133,EQ00001948,2021-03-07,Process/Mechanical Lubricant,Manual / automated,2.24,Overdue,Yes
LB000005134,EQ00001950,2024-01-31,EP Gear Oil / Grease,Grease gun / centralized,0.72,Early,Yes
LB000005135,EQ00001950,2023-04-18,EP Gear Oil / Grease,Grease gun / centralized,2.49,Early,Yes
LB000005136,EQ00001951,2021-08-13,EP Gear Oil / Grease,Grease gun / centralized,2.48,Normal,Yes
LB000005137,EQ00001951,2021-09-09,EP Gear Oil / Grease,Grease gun / centralized,2.17,Overdue,Yes
LB000005138,EQ00001951,2024-03-06,EP Gear Oil / Grease,Grease gun / centralized,4.06,Early,Yes
LB000005139,EQ00001951,2024-06-29,EP Gear Oil / Grease,Grease gun / centralized,3.97,Early,Yes
LB000005140,EQ00001951,2022-04-20,EP Gear Oil / Grease,Grease gun / centralized,3.57,Overdue,Yes
LB000005141,EQ00001952,2023-05-11,Machine Oil / Grease,Manual,4.72,Normal,Yes
LB000005142,EQ00001952,2021-12-21,Machine Oil / Grease,Manual,3.02,Early,Yes
LB000005143,EQ00001952,2026-06-04,Machine Oil / Grease,Manual,0.96,Early,Yes
LB000005144,EQ00001952,2026-02-03,Machine Oil / Grease,Manual,3.83,Early,Yes
LB000005145,EQ00001953,2021-07-07,Wire Rope / Gear Grease,Manual,3.93,Normal,Yes
LB000005146,EQ00001953,2023-08-04,Wire Rope / Gear Grease,Manual,1.27,Early,Yes
LB000005147,EQ00001953,2021-06-21,Wire Rope / Gear Grease,Manual,3.27,Early,Yes
LB000005148,EQ00001953,2021-10-08,Wire Rope / Gear Grease,Manual,1.32,Overdue,Yes
LB000005149,EQ00001955,2026-08-31,Wire Rope / Gear Grease,Manual,1.8,Overdue,Yes
LB000005150,EQ00001955,2025-05-29,Wire Rope / Gear Grease,Manual,2.41,Early,Yes
LB000005151,EQ00001955,2026-08-29,Wire Rope / Gear Grease,Manual,2.21,Overdue,Yes
LB000005152,EQ00001955,2024-12-28,Wire Rope / Gear Grease,Manual,0.83,Overdue,Yes
LB000005153,EQ00001956,2021-08-07,Process/Mechanical Lubricant,Manual / automated,3.86,Normal,Yes
LB000005154,EQ00001956,2024-07-08,Process/Mechanical Lubricant,Manual / automated,1.3,Overdue,Yes
LB000005155,EQ00001956,2022-04-11,Process/Mechanical Lubricant,Manual / automated,2.72,Early,Yes
LB000005156,EQ00001956,2026-02-27,Process/Mechanical Lubricant,Manual / automated,2.03,Early,Yes
LB000005157,EQ00001959,2021-05-10,EP Gear Oil / Grease,Grease gun / centralized,1.07,Overdue,Yes
LB000005158,EQ00001959,2022-04-10,EP Gear Oil / Grease,Grease gun / centralized,4.42,Early,Yes
LB000005159,EQ00001959,2021-07-06,EP Gear Oil / Grease,Grease gun / centralized,2.65,Overdue,Yes
LB000005160,EQ00001959,2025-06-16,EP Gear Oil / Grease,Grease gun / centralized,0.64,Normal,Yes
LB000005161,EQ00001959,2024-11-28,EP Gear Oil / Grease,Grease gun / centralized,4.39,Overdue,Yes
LB000005162,EQ00001960,2024-11-25,Bearing Grease,Manual,4.13,Early,Yes
LB000005163,EQ00001960,2022-11-10,Bearing Grease,Manual,1.33,Normal,Yes
LB000005164,EQ00001962,2022-09-02,EP Gear Oil / Grease,Grease gun / centralized,4.06,Early,Yes
LB000005165,EQ00001962,2022-09-26,EP Gear Oil / Grease,Grease gun / centralized,3.17,Normal,Yes
LB000005166,EQ00001963,2025-08-08,Pump Bearing Grease,Manual,4.65,Normal,Yes
LB000005167,EQ00001963,2026-07-27,Pump Bearing Grease,Manual,2.17,Normal,Yes
LB000005168,EQ00001963,2025-07-25,Pump Bearing Grease,Manual,4.88,Normal,Yes
LB000005169,EQ00001964,2024-11-14,Pump Bearing Grease,Manual,4.54,Normal,Yes
LB000005170,EQ00001965,2024-09-08,Bearing Grease,Manual,4.88,Normal,Yes
LB000005171,EQ00001965,2024-07-10,Bearing Grease,Manual,4.5,Overdue,Yes
LB000005172,EQ00001966,2023-02-03,Machine Oil / Grease,Manual,0.59,Overdue,Yes
LB000005173,EQ00001969,2023-11-28,Bearing Grease,Manual,1.0,Early,Yes
LB000005174,EQ00001969,2025-12-28,Bearing Grease,Manual,3.85,Early,Yes
LB000005175,EQ00001970,2026-05-11,Bearing Oil / Grease,Manual / auto-lube,1.7,Overdue,Yes
LB000005176,EQ00001970,2023-11-21,Bearing Oil / Grease,Manual / auto-lube,1.47,Early,Yes
LB000005177,EQ00001970,2026-08-26,Bearing Oil / Grease,Manual / auto-lube,2.9,Overdue,Yes
LB000005178,EQ00001970,2023-08-22,Bearing Oil / Grease,Manual / auto-lube,3.45,Overdue,Yes
LB000005179,EQ00001970,2023-10-13,Bearing Oil / Grease,Manual / auto-lube,4.48,Normal,Yes
LB000005180,EQ00001970,2026-01-01,Bearing Oil / Grease,Manual / auto-lube,3.59,Overdue,Yes
LB000005181,EQ00001971,2025-07-01,Machine Oil / Grease,Manual,2.4,Early,Yes
LB000005182,EQ00001971,2022-08-10,Machine Oil / Grease,Manual,1.61,Early,Yes
LB000005183,EQ00001971,2025-07-30,Machine Oil / Grease,Manual,2.11,Early,Yes
LB000005184,EQ00001972,2026-08-18,EP Gear Oil / Grease,Grease gun / centralized,3.25,Overdue,Yes
LB000005185,EQ00001973,2023-04-06,Engine / Gear Lubricant,Workshop service,4.99,Early,Yes
LB000005186,EQ00001973,2022-04-16,Engine / Gear Lubricant,Workshop service,1.43,Normal,Yes
LB000005187,EQ00001974,2023-05-24,Bearing Oil / Grease,Manual / auto-lube,2.47,Early,Yes
LB000005188,EQ00001974,2022-10-30,Bearing Oil / Grease,Manual / auto-lube,1.0,Overdue,Yes
LB000005189,EQ00001974,2021-09-14,Bearing Oil / Grease,Manual / auto-lube,1.71,Overdue,Yes
LB000005190,EQ00001974,2024-10-23,Bearing Oil / Grease,Manual / auto-lube,4.0,Overdue,Yes
LB000005191,EQ00001975,2026-05-25,Bearing Oil / Grease,Manual / auto-lube,1.57,Early,Yes
LB000005192,EQ00001975,2024-07-24,Bearing Oil / Grease,Manual / auto-lube,3.44,Early,Yes
LB000005193,EQ00001975,2024-11-12,Bearing Oil / Grease,Manual / auto-lube,2.41,Early,Yes
LB000005194,EQ00001975,2023-06-01,Bearing Oil / Grease,Manual / auto-lube,0.14,Early,Yes
LB000005195,EQ00001976,2026-08-24,Bearing Oil / Grease,Manual / auto-lube,1.56,Early,Yes
LB000005196,EQ00001976,2021-03-04,Bearing Oil / Grease,Manual / auto-lube,0.29,Overdue,Yes
LB000005197,EQ00001976,2025-04-18,Bearing Oil / Grease,Manual / auto-lube,1.03,Early,Yes
LB000005198,EQ00001976,2021-08-21,Bearing Oil / Grease,Manual / auto-lube,3.71,Overdue,Yes
LB000005199,EQ00001977,2026-03-15,Process/Mechanical Lubricant,Manual / automated,0.96,Normal,Yes
LB000005200,EQ00001977,2023-02-28,Process/Mechanical Lubricant,Manual / automated,2.9,Overdue,Yes
LB000005201,EQ00001977,2023-10-12,Process/Mechanical Lubricant,Manual / automated,3.66,Overdue,Yes
LB000005202,EQ00001977,2021-04-30,Process/Mechanical Lubricant,Manual / automated,3.96,Early,Yes
LB000005203,EQ00001978,2025-07-22,Bearing Grease,Manual,2.15,Early,Yes
LB000005204,EQ00001978,2026-06-17,Bearing Grease,Manual,4.63,Early,Yes
LB000005205,EQ00001978,2026-05-09,Bearing Grease,Manual,2.08,Normal,Yes
LB000005206,EQ00001978,2024-03-29,Bearing Grease,Manual,3.16,Early,Yes
LB000005207,EQ00001978,2021-05-16,Bearing Grease,Manual,4.53,Normal,Yes
LB000005208,EQ00001978,2021-04-05,Bearing Grease,Manual,4.85,Early,Yes
LB000005209,EQ00001979,2025-04-02,Machine Oil / Grease,Manual,3.08,Overdue,Yes
LB000005210,EQ00001979,2021-08-07,Machine Oil / Grease,Manual,4.22,Normal,Yes
LB000005211,EQ00001980,2022-09-18,EP Gear Oil / Grease,Grease gun / centralized,0.91,Overdue,Yes
LB000005212,EQ00001980,2021-02-19,EP Gear Oil / Grease,Grease gun / centralized,4.24,Overdue,Yes
LB000005213,EQ00001981,2023-09-11,EP Gear Oil / Grease,Grease gun / centralized,2.72,Early,Yes
LB000005214,EQ00001982,2025-11-18,Machine Oil / Grease,Manual,2.27,Overdue,Yes
LB000005215,EQ00001982,2025-03-04,Machine Oil / Grease,Manual,4.1,Overdue,Yes
LB000005216,EQ00001982,2023-07-18,Machine Oil / Grease,Manual,2.77,Normal,Yes
LB000005217,EQ00001982,2024-06-05,Machine Oil / Grease,Manual,2.65,Early,Yes
LB000005218,EQ00001984,2021-04-03,Machine Oil / Grease,Manual,3.81,Early,Yes
LB000005219,EQ00001984,2026-01-21,Machine Oil / Grease,Manual,2.62,Normal,Yes
LB000005220,EQ00001985,2021-12-25,Wire Rope / Gear Grease,Manual,3.21,Early,Yes
LB000005221,EQ00001985,2026-05-09,Wire Rope / Gear Grease,Manual,3.5,Early,Yes
LB000005222,EQ00001985,2021-06-06,Wire Rope / Gear Grease,Manual,1.85,Overdue,Yes
LB000005223,EQ00001985,2023-08-25,Wire Rope / Gear Grease,Manual,2.2,Normal,Yes
LB000005224,EQ00001986,2025-01-04,EP Gear Oil / Grease,Grease gun / centralized,3.43,Overdue,Yes
LB000005225,EQ00001986,2024-04-06,EP Gear Oil / Grease,Grease gun / centralized,2.68,Early,Yes
LB000005226,EQ00001986,2025-08-04,EP Gear Oil / Grease,Grease gun / centralized,2.46,Early,Yes
LB000005227,EQ00001986,2022-06-13,EP Gear Oil / Grease,Grease gun / centralized,0.35,Overdue,Yes
LB000005228,EQ00001987,2024-03-18,Wire Rope / Gear Grease,Manual,2.94,Overdue,Yes
LB000005229,EQ00001987,2024-09-17,Wire Rope / Gear Grease,Manual,3.76,Overdue,Yes
LB000005230,EQ00001987,2022-03-24,Wire Rope / Gear Grease,Manual,4.52,Normal,Yes
LB000005231,EQ00001988,2022-11-09,Wire Rope / Gear Grease,Manual,4.45,Normal,Yes
LB000005232,EQ00001988,2025-08-08,Wire Rope / Gear Grease,Manual,1.7,Normal,Yes
LB000005233,EQ00001988,2022-03-29,Wire Rope / Gear Grease,Manual,3.57,Overdue,Yes
LB000005234,EQ00001989,2024-08-22,Bearing Grease,Manual,4.35,Normal,Yes
LB000005235,EQ00001989,2021-10-11,Bearing Grease,Manual,1.51,Early,Yes
LB000005236,EQ00001989,2024-08-10,Bearing Grease,Manual,4.1,Overdue,Yes
LB000005237,EQ00001990,2023-03-06,Process/Mechanical Lubricant,Manual / automated,3.75,Early,Yes
LB000005238,EQ00001990,2022-03-21,Process/Mechanical Lubricant,Manual / automated,2.42,Overdue,Yes
LB000005239,EQ00001990,2021-05-18,Process/Mechanical Lubricant,Manual / automated,4.24,Overdue,Yes
LB000005240,EQ00001990,2021-07-23,Process/Mechanical Lubricant,Manual / automated,0.77,Normal,Yes
LB000005241,EQ00001991,2025-06-02,Machine Oil / Grease,Manual,3.32,Normal,Yes
LB000005242,EQ00001991,2024-11-04,Machine Oil / Grease,Manual,2.63,Early,Yes
LB000005243,EQ00001991,2022-01-03,Machine Oil / Grease,Manual,4.9,Normal,Yes
LB000005244,EQ00001994,2022-02-08,EP Gear Oil / Grease,Grease gun / centralized,3.44,Overdue,Yes
LB000005245,EQ00001994,2021-08-31,EP Gear Oil / Grease,Grease gun / centralized,1.08,Early,Yes
LB000005246,EQ00001995,2021-06-01,Wire Rope / Gear Grease,Manual,3.45,Normal,Yes
LB000005247,EQ00001997,2025-09-14,Bearing Oil / Grease,Manual / auto-lube,4.03,Early,Yes
LB000005248,EQ00001997,2024-04-14,Bearing Oil / Grease,Manual / auto-lube,2.82,Early,Yes
LB000005249,EQ00001997,2022-11-18,Bearing Oil / Grease,Manual / auto-lube,1.5,Normal,Yes
LB000005250,EQ00001998,2024-06-01,Engine / Gear Lubricant,Workshop service,4.15,Normal,Yes
LB000005251,EQ00001998,2026-05-20,Engine / Gear Lubricant,Workshop service,2.59,Overdue,Yes
LB000005252,EQ00001998,2024-03-08,Engine / Gear Lubricant,Workshop service,1.76,Overdue,Yes
LB000005253,EQ00001998,2025-11-05,Engine / Gear Lubricant,Workshop service,3.79,Overdue,Yes
LB000005254,EQ00001998,2023-12-08,Engine / Gear Lubricant,Workshop service,1.91,Early,Yes
LB000005255,EQ00001998,2022-12-23,Engine / Gear Lubricant,Workshop service,0.24,Normal,Yes
LB000005256,EQ00001999,2022-07-09,Pump Bearing Grease,Manual,1.84,Overdue,Yes
LB000005257,EQ00001999,2025-08-05,Pump Bearing Grease,Manual,3.26,Normal,Yes
LB000005258,EQ00001999,2026-07-10,Pump Bearing Grease,Manual,0.25,Overdue,Yes
LB000005259,EQ00001999,2024-09-14,Pump Bearing Grease,Manual,2.83,Early,Yes
LB000005260,EQ00001999,2026-04-10,Pump Bearing Grease,Manual,0.87,Normal,Yes
LB000005261,EQ00001999,2026-01-13,Pump Bearing Grease,Manual,3.65,Overdue,Yes
LB000005262,EQ00002000,2021-06-21,Process/Mechanical Lubricant,Manual / automated,1.65,Early,Yes
LB000005263,EQ00002000,2021-08-18,Process/Mechanical Lubricant,Manual / automated,3.24,Early,Yes
LB000005264,EQ00002000,2022-08-12,Process/Mechanical Lubricant,Manual / automated,3.83,Normal,Yes
LB000005265,EQ00002000,2022-11-23,Process/Mechanical Lubricant,Manual / automated,4.86,Early,Yes
LB000005266,EQ00002001,2024-02-29,Engine / Gear Lubricant,Workshop service,0.29,Early,Yes
LB000005267,EQ00002001,2024-10-31,Engine / Gear Lubricant,Workshop service,0.5,Overdue,Yes
LB000005268,EQ00002003,2022-07-14,EP Gear Oil / Grease,Grease gun / centralized,1.07,Overdue,Yes
LB000005269,EQ00002004,2021-08-20,EP Gear Oil / Grease,Grease gun / centralized,0.2,Overdue,Yes
LB000005270,EQ00002006,2021-02-14,Process/Mechanical Lubricant,Manual / automated,2.79,Overdue,Yes
LB000005271,EQ00002006,2025-11-13,Process/Mechanical Lubricant,Manual / automated,0.17,Overdue,Yes
LB000005272,EQ00002007,2023-12-31,Machine Oil / Grease,Manual,0.29,Normal,Yes
LB000005273,EQ00002007,2023-08-27,Machine Oil / Grease,Manual,1.89,Normal,Yes
LB000005274,EQ00002007,2023-04-14,Machine Oil / Grease,Manual,0.55,Normal,Yes
LB000005275,EQ00002007,2024-12-26,Machine Oil / Grease,Manual,3.58,Normal,Yes
LB000005276,EQ00002007,2024-05-21,Machine Oil / Grease,Manual,3.29,Normal,Yes
LB000005277,EQ00002007,2025-11-15,Machine Oil / Grease,Manual,0.65,Normal,Yes
LB000005278,EQ00002008,2023-09-05,Bearing Oil / Grease,Manual / auto-lube,4.18,Overdue,Yes
LB000005279,EQ00002008,2025-08-04,Bearing Oil / Grease,Manual / auto-lube,0.53,Early,Yes
LB000005280,EQ00002008,2025-11-23,Bearing Oil / Grease,Manual / auto-lube,2.09,Normal,Yes
LB000005281,EQ00002008,2024-03-12,Bearing Oil / Grease,Manual / auto-lube,4.5,Normal,Yes
LB000005282,EQ00002008,2023-02-20,Bearing Oil / Grease,Manual / auto-lube,4.26,Early,Yes
LB000005283,EQ00002008,2021-08-04,Bearing Oil / Grease,Manual / auto-lube,0.33,Early,Yes
LB000005284,EQ00002009,2021-07-06,Process/Mechanical Lubricant,Manual / automated,4.0,Normal,Yes
LB000005285,EQ00002009,2022-09-19,Process/Mechanical Lubricant,Manual / automated,3.41,Early,Yes
LB000005286,EQ00002009,2022-05-13,Process/Mechanical Lubricant,Manual / automated,2.6,Early,Yes
LB000005287,EQ00002010,2022-08-12,Machine Oil / Grease,Manual,2.65,Overdue,Yes
LB000005288,EQ00002010,2025-03-06,Machine Oil / Grease,Manual,2.06,Overdue,Yes
LB000005289,EQ00002010,2023-07-23,Machine Oil / Grease,Manual,1.39,Normal,Yes
LB000005290,EQ00002010,2022-01-14,Machine Oil / Grease,Manual,2.91,Early,Yes
LB000005291,EQ00002011,2026-08-31,Bearing Oil / Grease,Manual / auto-lube,0.36,Overdue,Yes
LB000005292,EQ00002011,2025-09-02,Bearing Oil / Grease,Manual / auto-lube,0.98,Normal,Yes
LB000005293,EQ00002012,2024-07-12,Bearing Oil / Grease,Manual / auto-lube,4.7,Early,Yes
LB000005294,EQ00002012,2025-05-29,Bearing Oil / Grease,Manual / auto-lube,2.33,Normal,Yes
LB000005295,EQ00002012,2021-09-10,Bearing Oil / Grease,Manual / auto-lube,1.24,Early,Yes
LB000005296,EQ00002012,2026-08-12,Bearing Oil / Grease,Manual / auto-lube,2.89,Early,Yes
LB000005297,EQ00002012,2022-06-26,Bearing Oil / Grease,Manual / auto-lube,0.4,Early,Yes
LB000005298,EQ00002012,2021-02-23,Bearing Oil / Grease,Manual / auto-lube,2.83,Overdue,Yes
LB000005299,EQ00002014,2026-03-06,Bearing Grease,Manual,3.03,Early,Yes
LB000005300,EQ00002014,2025-05-04,Bearing Grease,Manual,4.21,Overdue,Yes
LB000005301,EQ00002014,2024-08-17,Bearing Grease,Manual,3.9,Normal,Yes
LB000005302,EQ00002015,2025-04-12,Machine Oil / Grease,Manual,0.71,Overdue,Yes
LB000005303,EQ00002015,2026-07-23,Machine Oil / Grease,Manual,2.26,Normal,Yes
LB000005304,EQ00002015,2021-04-26,Machine Oil / Grease,Manual,2.92,Overdue,Yes
LB000005305,EQ00002015,2025-12-10,Machine Oil / Grease,Manual,1.84,Early,Yes
LB000005306,EQ00002015,2025-02-14,Machine Oil / Grease,Manual,4.45,Normal,Yes
LB000005307,EQ00002015,2023-04-04,Machine Oil / Grease,Manual,4.83,Overdue,Yes
LB000005308,EQ00002016,2021-11-30,EP Gear Oil / Grease,Grease gun / centralized,1.97,Early,Yes
LB000005309,EQ00002016,2024-05-21,EP Gear Oil / Grease,Grease gun / centralized,2.8,Early,Yes
LB000005310,EQ00002016,2021-08-22,EP Gear Oil / Grease,Grease gun / centralized,1.78,Overdue,Yes
LB000005311,EQ00002016,2024-05-29,EP Gear Oil / Grease,Grease gun / centralized,2.44,Early,Yes
LB000005312,EQ00002016,2022-09-20,EP Gear Oil / Grease,Grease gun / centralized,4.92,Overdue,Yes
LB000005313,EQ00002016,2023-08-21,EP Gear Oil / Grease,Grease gun / centralized,2.63,Normal,Yes
LB000005314,EQ00002017,2024-01-07,Process/Mechanical Lubricant,Manual / automated,2.58,Early,Yes
LB000005315,EQ00002017,2025-03-03,Process/Mechanical Lubricant,Manual / automated,1.42,Normal,Yes
LB000005316,EQ00002018,2022-09-12,EP Gear Oil / Grease,Grease gun / centralized,0.69,Normal,Yes
LB000005317,EQ00002018,2024-11-10,EP Gear Oil / Grease,Grease gun / centralized,0.1,Early,Yes
LB000005318,EQ00002018,2021-12-07,EP Gear Oil / Grease,Grease gun / centralized,2.46,Normal,Yes
LB000005319,EQ00002019,2022-08-26,Wire Rope / Gear Grease,Manual,4.09,Normal,Yes
LB000005320,EQ00002019,2023-10-16,Wire Rope / Gear Grease,Manual,1.61,Early,Yes
LB000005321,EQ00002019,2024-10-10,Wire Rope / Gear Grease,Manual,0.33,Normal,Yes
LB000005322,EQ00002020,2024-06-30,Pump Bearing Grease,Manual,4.26,Normal,Yes
LB000005323,EQ00002020,2025-07-17,Pump Bearing Grease,Manual,2.98,Overdue,Yes
LB000005324,EQ00002020,2024-03-24,Pump Bearing Grease,Manual,1.86,Normal,Yes
LB000005325,EQ00002020,2024-01-11,Pump Bearing Grease,Manual,2.14,Overdue,Yes
LB000005326,EQ00002020,2023-01-25,Pump Bearing Grease,Manual,2.63,Early,Yes
LB000005327,EQ00002021,2023-11-08,Bearing Grease,Manual,1.09,Normal,Yes
LB000005328,EQ00002021,2024-11-20,Bearing Grease,Manual,3.45,Overdue,Yes
LB000005329,EQ00002021,2024-04-12,Bearing Grease,Manual,0.99,Overdue,Yes
LB000005330,EQ00002023,2025-04-22,Pump Bearing Grease,Manual,2.76,Overdue,Yes
LB000005331,EQ00002023,2024-04-15,Pump Bearing Grease,Manual,4.39,Early,Yes
LB000005332,EQ00002024,2024-03-31,Engine / Gear Lubricant,Workshop service,4.97,Normal,Yes
LB000005333,EQ00002026,2023-01-03,EP Gear Oil / Grease,Grease gun / centralized,2.64,Overdue,Yes
LB000005334,EQ00002026,2024-02-19,EP Gear Oil / Grease,Grease gun / centralized,1.6,Normal,Yes
LB000005335,EQ00002027,2026-02-01,Engine / Gear Lubricant,Workshop service,2.74,Overdue,Yes
LB000005336,EQ00002027,2026-05-05,Engine / Gear Lubricant,Workshop service,1.85,Early,Yes
LB000005337,EQ00002027,2025-10-15,Engine / Gear Lubricant,Workshop service,2.99,Normal,Yes
LB000005338,EQ00002028,2026-05-04,Pump Bearing Grease,Manual,3.64,Early,Yes
LB000005339,EQ00002028,2025-12-04,Pump Bearing Grease,Manual,4.03,Overdue,Yes
LB000005340,EQ00002029,2025-08-21,EP Gear Oil / Grease,Grease gun / centralized,2.8,Normal,Yes
LB000005341,EQ00002030,2023-03-13,Process/Mechanical Lubricant,Manual / automated,3.59,Normal,Yes
LB000005342,EQ00002030,2025-12-04,Process/Mechanical Lubricant,Manual / automated,1.49,Overdue,Yes
LB000005343,EQ00002030,2025-12-14,Process/Mechanical Lubricant,Manual / automated,4.6,Overdue,Yes
LB000005344,EQ00002030,2024-11-10,Process/Mechanical Lubricant,Manual / automated,2.67,Normal,Yes
LB000005345,EQ00002031,2023-09-23,Machine Oil / Grease,Manual,0.19,Normal,Yes
LB000005346,EQ00002031,2024-05-16,Machine Oil / Grease,Manual,1.67,Early,Yes
LB000005347,EQ00002031,2026-04-10,Machine Oil / Grease,Manual,4.45,Early,Yes
LB000005348,EQ00002031,2026-05-02,Machine Oil / Grease,Manual,2.08,Early,Yes
LB000005349,EQ00002031,2022-01-28,Machine Oil / Grease,Manual,2.94,Normal,Yes
LB000005350,EQ00002032,2025-10-19,Machine Oil / Grease,Manual,1.84,Normal,Yes
LB000005351,EQ00002033,2024-01-03,Pump Bearing Grease,Manual,4.5,Overdue,Yes
LB000005352,EQ00002033,2022-04-08,Pump Bearing Grease,Manual,2.44,Early,Yes
LB000005353,EQ00002033,2021-01-24,Pump Bearing Grease,Manual,4.11,Overdue,Yes
LB000005354,EQ00002034,2025-08-03,Process/Mechanical Lubricant,Manual / automated,2.96,Normal,Yes
LB000005355,EQ00002035,2026-07-06,Bearing Oil / Grease,Manual / auto-lube,4.62,Early,Yes
LB000005356,EQ00002035,2024-10-04,Bearing Oil / Grease,Manual / auto-lube,0.48,Early,Yes
LB000005357,EQ00002035,2021-11-15,Bearing Oil / Grease,Manual / auto-lube,2.76,Normal,Yes
LB000005358,EQ00002035,2021-08-23,Bearing Oil / Grease,Manual / auto-lube,4.47,Overdue,Yes
LB000005359,EQ00002035,2021-07-01,Bearing Oil / Grease,Manual / auto-lube,1.65,Normal,Yes
LB000005360,EQ00002035,2025-01-17,Bearing Oil / Grease,Manual / auto-lube,1.76,Normal,Yes
LB000005361,EQ00002036,2025-06-16,Process/Mechanical Lubricant,Manual / automated,4.21,Early,Yes
LB000005362,EQ00002037,2025-08-10,Bearing Oil / Grease,Manual / auto-lube,0.16,Overdue,Yes
LB000005363,EQ00002037,2021-03-31,Bearing Oil / Grease,Manual / auto-lube,1.57,Normal,Yes
LB000005364,EQ00002037,2022-01-03,Bearing Oil / Grease,Manual / auto-lube,1.77,Overdue,Yes
LB000005365,EQ00002037,2022-09-23,Bearing Oil / Grease,Manual / auto-lube,1.37,Normal,Yes
LB000005366,EQ00002037,2022-04-07,Bearing Oil / Grease,Manual / auto-lube,1.03,Overdue,Yes
LB000005367,EQ00002038,2021-10-31,Process/Mechanical Lubricant,Manual / automated,3.04,Early,Yes
LB000005368,EQ00002038,2025-03-17,Process/Mechanical Lubricant,Manual / automated,1.0,Normal,Yes
LB000005369,EQ00002040,2024-03-15,Machine Oil / Grease,Manual,2.72,Normal,Yes
LB000005370,EQ00002040,2021-02-26,Machine Oil / Grease,Manual,3.58,Overdue,Yes
LB000005371,EQ00002040,2021-01-18,Machine Oil / Grease,Manual,0.63,Early,Yes
LB000005372,EQ00002040,2022-02-11,Machine Oil / Grease,Manual,0.47,Normal,Yes
LB000005373,EQ00002040,2025-05-18,Machine Oil / Grease,Manual,1.62,Early,Yes
LB000005374,EQ00002040,2025-10-19,Machine Oil / Grease,Manual,0.26,Overdue,Yes
LB000005375,EQ00002041,2023-04-09,EP Gear Oil / Grease,Grease gun / centralized,3.86,Early,Yes
LB000005376,EQ00002041,2023-06-30,EP Gear Oil / Grease,Grease gun / centralized,0.41,Early,Yes
LB000005377,EQ00002043,2023-11-22,Engine / Gear Lubricant,Workshop service,3.54,Normal,Yes
LB000005378,EQ00002043,2023-12-11,Engine / Gear Lubricant,Workshop service,4.81,Normal,Yes
LB000005379,EQ00002043,2023-03-26,Engine / Gear Lubricant,Workshop service,4.58,Early,Yes
LB000005380,EQ00002043,2023-05-07,Engine / Gear Lubricant,Workshop service,3.72,Early,Yes
LB000005381,EQ00002043,2022-08-09,Engine / Gear Lubricant,Workshop service,4.17,Normal,Yes
LB000005382,EQ00002044,2025-11-25,Pump Bearing Grease,Manual,0.64,Normal,Yes
LB000005383,EQ00002045,2021-10-29,Machine Oil / Grease,Manual,3.44,Overdue,Yes
LB000005384,EQ00002045,2026-08-02,Machine Oil / Grease,Manual,0.94,Normal,Yes
LB000005385,EQ00002046,2026-02-07,Process/Mechanical Lubricant,Manual / automated,3.24,Normal,Yes
LB000005386,EQ00002046,2026-06-19,Process/Mechanical Lubricant,Manual / automated,3.89,Normal,Yes
LB000005387,EQ00002046,2022-05-16,Process/Mechanical Lubricant,Manual / automated,4.66,Normal,Yes
LB000005388,EQ00002047,2021-12-24,EP Gear Oil / Grease,Grease gun / centralized,3.43,Early,Yes
LB000005389,EQ00002047,2021-06-24,EP Gear Oil / Grease,Grease gun / centralized,2.52,Early,Yes
LB000005390,EQ00002049,2022-10-31,Machine Oil / Grease,Manual,3.58,Early,Yes
LB000005391,EQ00002049,2026-01-07,Machine Oil / Grease,Manual,1.45,Overdue,Yes
LB000005392,EQ00002049,2023-08-17,Machine Oil / Grease,Manual,1.5,Early,Yes
LB000005393,EQ00002049,2025-10-22,Machine Oil / Grease,Manual,0.33,Early,Yes
LB000005394,EQ00002053,2024-07-30,Process/Mechanical Lubricant,Manual / automated,1.33,Early,Yes
LB000005395,EQ00002053,2023-09-07,Process/Mechanical Lubricant,Manual / automated,4.3,Early,Yes
LB000005396,EQ00002054,2021-10-02,Bearing Grease,Manual,0.51,Overdue,Yes
LB000005397,EQ00002054,2022-01-07,Bearing Grease,Manual,2.09,Normal,Yes
LB000005398,EQ00002054,2023-10-03,Bearing Grease,Manual,3.49,Early,Yes
LB000005399,EQ00002055,2025-06-07,EP Gear Oil / Grease,Grease gun / centralized,3.84,Early,Yes
LB000005400,EQ00002055,2021-12-25,EP Gear Oil / Grease,Grease gun / centralized,2.82,Normal,Yes
LB000005401,EQ00002055,2021-01-19,EP Gear Oil / Grease,Grease gun / centralized,4.44,Overdue,Yes
LB000005402,EQ00002055,2026-03-19,EP Gear Oil / Grease,Grease gun / centralized,1.27,Overdue,Yes
LB000005403,EQ00002055,2023-06-23,EP Gear Oil / Grease,Grease gun / centralized,4.16,Early,Yes
LB000005404,EQ00002057,2024-01-09,Bearing Grease,Manual,3.49,Overdue,Yes
LB000005405,EQ00002057,2023-07-11,Bearing Grease,Manual,3.12,Overdue,Yes
LB000005406,EQ00002059,2023-04-03,Process/Mechanical Lubricant,Manual / automated,0.75,Overdue,Yes
LB000005407,EQ00002059,2026-03-01,Process/Mechanical Lubricant,Manual / automated,1.06,Early,Yes
LB000005408,EQ00002059,2022-07-10,Process/Mechanical Lubricant,Manual / automated,2.62,Normal,Yes
LB000005409,EQ00002060,2024-11-09,Wire Rope / Gear Grease,Manual,2.49,Overdue,Yes
LB000005410,EQ00002060,2023-12-23,Wire Rope / Gear Grease,Manual,2.1,Overdue,Yes
LB000005411,EQ00002060,2021-03-28,Wire Rope / Gear Grease,Manual,4.51,Normal,Yes
LB000005412,EQ00002060,2026-08-29,Wire Rope / Gear Grease,Manual,2.07,Normal,Yes
LB000005413,EQ00002061,2025-01-01,Process/Mechanical Lubricant,Manual / automated,4.49,Overdue,Yes
LB000005414,EQ00002061,2024-09-12,Process/Mechanical Lubricant,Manual / automated,1.78,Early,Yes
LB000005415,EQ00002061,2024-12-26,Process/Mechanical Lubricant,Manual / automated,3.13,Overdue,Yes
LB000005416,EQ00002061,2021-09-14,Process/Mechanical Lubricant,Manual / automated,0.64,Overdue,Yes
LB000005417,EQ00002061,2022-09-17,Process/Mechanical Lubricant,Manual / automated,1.28,Early,Yes
LB000005418,EQ00002063,2021-09-30,Process/Mechanical Lubricant,Manual / automated,2.66,Overdue,Yes
LB000005419,EQ00002063,2025-08-25,Process/Mechanical Lubricant,Manual / automated,0.13,Normal,Yes
LB000005420,EQ00002064,2022-10-27,Bearing Grease,Manual,0.87,Overdue,Yes
LB000005421,EQ00002064,2021-08-08,Bearing Grease,Manual,3.72,Overdue,Yes
LB000005422,EQ00002065,2022-06-09,EP Gear Oil / Grease,Grease gun / centralized,1.44,Early,Yes
LB000005423,EQ00002066,2021-01-24,Pump Bearing Grease,Manual,1.31,Normal,Yes
LB000005424,EQ00002066,2026-01-11,Pump Bearing Grease,Manual,3.24,Overdue,Yes
LB000005425,EQ00002066,2021-09-23,Pump Bearing Grease,Manual,3.66,Normal,Yes
LB000005426,EQ00002066,2026-04-11,Pump Bearing Grease,Manual,2.64,Normal,Yes
LB000005427,EQ00002066,2025-02-23,Pump Bearing Grease,Manual,3.27,Early,Yes
LB000005428,EQ00002067,2021-10-05,Bearing Grease,Manual,3.72,Overdue,Yes
LB000005429,EQ00002067,2022-01-19,Bearing Grease,Manual,1.76,Normal,Yes
LB000005430,EQ00002067,2025-04-06,Bearing Grease,Manual,3.6,Overdue,Yes
LB000005431,EQ00002067,2021-10-05,Bearing Grease,Manual,1.56,Overdue,Yes
LB000005432,EQ00002069,2024-12-29,Pump Bearing Grease,Manual,0.63,Early,Yes
LB000005433,EQ00002069,2023-12-13,Pump Bearing Grease,Manual,1.59,Overdue,Yes
LB000005434,EQ00002069,2024-05-31,Pump Bearing Grease,Manual,1.27,Normal,Yes
LB000005435,EQ00002070,2024-08-25,Wire Rope / Gear Grease,Manual,0.66,Overdue,Yes
LB000005436,EQ00002070,2025-06-17,Wire Rope / Gear Grease,Manual,2.05,Normal,Yes
LB000005437,EQ00002070,2023-09-28,Wire Rope / Gear Grease,Manual,0.63,Early,Yes
LB000005438,EQ00002070,2024-02-02,Wire Rope / Gear Grease,Manual,0.76,Early,Yes
LB000005439,EQ00002070,2023-11-24,Wire Rope / Gear Grease,Manual,3.44,Overdue,Yes
LB000005440,EQ00002070,2023-12-25,Wire Rope / Gear Grease,Manual,2.61,Overdue,Yes
LB000005441,EQ00002071,2023-03-15,EP Gear Oil / Grease,Grease gun / centralized,3.75,Early,Yes
LB000005442,EQ00002071,2024-05-03,EP Gear Oil / Grease,Grease gun / centralized,3.53,Normal,Yes
LB000005443,EQ00002071,2026-08-15,EP Gear Oil / Grease,Grease gun / centralized,4.23,Early,Yes
LB000005444,EQ00002072,2022-05-18,Machine Oil / Grease,Manual,2.71,Overdue,Yes
LB000005445,EQ00002072,2021-11-02,Machine Oil / Grease,Manual,1.84,Overdue,Yes
LB000005446,EQ00002072,2021-01-23,Machine Oil / Grease,Manual,0.53,Normal,Yes
LB000005447,EQ00002072,2024-01-14,Machine Oil / Grease,Manual,0.64,Overdue,Yes
LB000005448,EQ00002072,2021-01-07,Machine Oil / Grease,Manual,3.96,Normal,Yes
LB000005449,EQ00002074,2024-02-06,Bearing Oil / Grease,Manual / auto-lube,4.94,Overdue,Yes
LB000005450,EQ00002074,2021-08-08,Bearing Oil / Grease,Manual / auto-lube,4.92,Normal,Yes
LB000005451,EQ00002074,2022-11-23,Bearing Oil / Grease,Manual / auto-lube,2.81,Overdue,Yes
LB000005452,EQ00002074,2022-10-10,Bearing Oil / Grease,Manual / auto-lube,1.61,Early,Yes
LB000005453,EQ00002074,2023-12-17,Bearing Oil / Grease,Manual / auto-lube,0.6,Early,Yes
LB000005454,EQ00002074,2022-01-30,Bearing Oil / Grease,Manual / auto-lube,0.36,Early,Yes
LB000005455,EQ00002075,2021-11-06,Engine / Gear Lubricant,Workshop service,3.41,Early,Yes
LB000005456,EQ00002075,2023-12-03,Engine / Gear Lubricant,Workshop service,0.51,Overdue,Yes
LB000005457,EQ00002075,2026-05-03,Engine / Gear Lubricant,Workshop service,3.85,Early,Yes
LB000005458,EQ00002077,2022-06-09,Process/Mechanical Lubricant,Manual / automated,1.91,Early,Yes
LB000005459,EQ00002077,2025-11-19,Process/Mechanical Lubricant,Manual / automated,0.95,Early,Yes
LB000005460,EQ00002077,2023-10-19,Process/Mechanical Lubricant,Manual / automated,4.8,Overdue,Yes
LB000005461,EQ00002077,2025-04-11,Process/Mechanical Lubricant,Manual / automated,2.42,Overdue,Yes
LB000005462,EQ00002077,2022-12-18,Process/Mechanical Lubricant,Manual / automated,3.67,Normal,Yes
LB000005463,EQ00002078,2024-09-01,Bearing Grease,Manual,4.79,Overdue,Yes
LB000005464,EQ00002078,2023-04-29,Bearing Grease,Manual,3.32,Overdue,Yes
LB000005465,EQ00002080,2021-07-09,Machine Oil / Grease,Manual,4.35,Normal,Yes
LB000005466,EQ00002080,2024-07-20,Machine Oil / Grease,Manual,1.27,Overdue,Yes
LB000005467,EQ00002080,2021-09-19,Machine Oil / Grease,Manual,2.61,Early,Yes
LB000005468,EQ00002080,2024-01-13,Machine Oil / Grease,Manual,4.52,Overdue,Yes
LB000005469,EQ00002080,2025-03-05,Machine Oil / Grease,Manual,0.78,Normal,Yes
LB000005470,EQ00002080,2024-12-12,Machine Oil / Grease,Manual,4.01,Overdue,Yes
LB000005471,EQ00002081,2026-01-05,Bearing Grease,Manual,0.43,Overdue,Yes
LB000005472,EQ00002081,2022-08-13,Bearing Grease,Manual,1.18,Normal,Yes
LB000005473,EQ00002082,2024-08-07,Machine Oil / Grease,Manual,2.63,Overdue,Yes
LB000005474,EQ00002082,2026-01-31,Machine Oil / Grease,Manual,4.85,Early,Yes
LB000005475,EQ00002082,2021-08-07,Machine Oil / Grease,Manual,0.44,Normal,Yes
LB000005476,EQ00002082,2022-10-20,Machine Oil / Grease,Manual,2.32,Overdue,Yes
LB000005477,EQ00002082,2022-06-08,Machine Oil / Grease,Manual,1.6,Early,Yes
LB000005478,EQ00002082,2021-11-20,Machine Oil / Grease,Manual,4.68,Early,Yes
LB000005479,EQ00002084,2026-01-28,Process/Mechanical Lubricant,Manual / automated,4.19,Early,Yes
LB000005480,EQ00002084,2021-05-20,Process/Mechanical Lubricant,Manual / automated,3.85,Normal,Yes
LB000005481,EQ00002084,2021-04-17,Process/Mechanical Lubricant,Manual / automated,0.91,Overdue,Yes
LB000005482,EQ00002084,2023-02-15,Process/Mechanical Lubricant,Manual / automated,0.34,Early,Yes
LB000005483,EQ00002085,2026-07-28,Process/Mechanical Lubricant,Manual / automated,0.1,Early,Yes
LB000005484,EQ00002086,2024-10-03,EP Gear Oil / Grease,Grease gun / centralized,3.78,Early,Yes
LB000005485,EQ00002086,2026-08-02,EP Gear Oil / Grease,Grease gun / centralized,2.39,Early,Yes
LB000005486,EQ00002086,2021-10-11,EP Gear Oil / Grease,Grease gun / centralized,4.28,Normal,Yes
LB000005487,EQ00002086,2025-12-27,EP Gear Oil / Grease,Grease gun / centralized,3.83,Normal,Yes
LB000005488,EQ00002087,2024-08-24,Pump Bearing Grease,Manual,1.65,Normal,Yes
LB000005489,EQ00002087,2025-05-16,Pump Bearing Grease,Manual,4.6,Overdue,Yes
LB000005490,EQ00002087,2024-08-26,Pump Bearing Grease,Manual,4.66,Normal,Yes
LB000005491,EQ00002087,2022-10-26,Pump Bearing Grease,Manual,0.5,Normal,Yes
LB000005492,EQ00002087,2025-02-24,Pump Bearing Grease,Manual,2.89,Normal,Yes
LB000005493,EQ00002088,2022-01-05,Engine / Gear Lubricant,Workshop service,3.77,Overdue,Yes
LB000005494,EQ00002088,2022-08-02,Engine / Gear Lubricant,Workshop service,0.22,Early,Yes
LB000005495,EQ00002088,2021-06-13,Engine / Gear Lubricant,Workshop service,3.42,Early,Yes
LB000005496,EQ00002088,2021-02-10,Engine / Gear Lubricant,Workshop service,3.7,Early,Yes
LB000005497,EQ00002088,2022-08-03,Engine / Gear Lubricant,Workshop service,3.55,Early,Yes
LB000005498,EQ00002088,2024-08-26,Engine / Gear Lubricant,Workshop service,0.52,Normal,Yes
LB000005499,EQ00002089,2024-06-13,Pump Bearing Grease,Manual,3.82,Early,Yes
LB000005500,EQ00002089,2024-05-11,Pump Bearing Grease,Manual,1.69,Early,Yes
LB000005501,EQ00002089,2022-03-12,Pump Bearing Grease,Manual,3.43,Overdue,Yes
LB000005502,EQ00002089,2021-03-14,Pump Bearing Grease,Manual,4.45,Normal,Yes
LB000005503,EQ00002090,2026-06-17,EP Gear Oil / Grease,Grease gun / centralized,4.67,Normal,Yes
LB000005504,EQ00002091,2025-03-12,Bearing Grease,Manual,1.03,Overdue,Yes
LB000005505,EQ00002091,2026-04-14,Bearing Grease,Manual,3.92,Normal,Yes
LB000005506,EQ00002091,2022-12-13,Bearing Grease,Manual,0.77,Early,Yes
LB000005507,EQ00002092,2022-08-01,Machine Oil / Grease,Manual,0.63,Overdue,Yes
LB000005508,EQ00002092,2023-07-25,Machine Oil / Grease,Manual,3.87,Normal,Yes
LB000005509,EQ00002092,2023-07-20,Machine Oil / Grease,Manual,4.29,Overdue,Yes
LB000005510,EQ00002092,2024-09-06,Machine Oil / Grease,Manual,3.57,Early,Yes
LB000005511,EQ00002092,2026-07-17,Machine Oil / Grease,Manual,4.42,Normal,Yes
LB000005512,EQ00002093,2024-11-09,EP Gear Oil / Grease,Grease gun / centralized,3.01,Overdue,Yes
LB000005513,EQ00002093,2023-03-28,EP Gear Oil / Grease,Grease gun / centralized,1.66,Overdue,Yes
LB000005514,EQ00002093,2022-11-18,EP Gear Oil / Grease,Grease gun / centralized,4.63,Overdue,Yes
LB000005515,EQ00002093,2025-03-02,EP Gear Oil / Grease,Grease gun / centralized,1.9,Normal,Yes
LB000005516,EQ00002093,2024-03-10,EP Gear Oil / Grease,Grease gun / centralized,3.79,Early,Yes
LB000005517,EQ00002093,2021-01-17,EP Gear Oil / Grease,Grease gun / centralized,1.16,Early,Yes
LB000005518,EQ00002094,2026-05-03,Bearing Oil / Grease,Manual / auto-lube,1.82,Normal,Yes
LB000005519,EQ00002094,2024-07-31,Bearing Oil / Grease,Manual / auto-lube,0.74,Normal,Yes
LB000005520,EQ00002094,2022-10-21,Bearing Oil / Grease,Manual / auto-lube,3.84,Early,Yes
LB000005521,EQ00002094,2023-04-03,Bearing Oil / Grease,Manual / auto-lube,4.13,Early,Yes
LB000005522,EQ00002094,2021-01-09,Bearing Oil / Grease,Manual / auto-lube,1.67,Early,Yes
LB000005523,EQ00002094,2021-02-14,Bearing Oil / Grease,Manual / auto-lube,4.17,Early,Yes
LB000005524,EQ00002095,2025-05-11,EP Gear Oil / Grease,Grease gun / centralized,3.26,Early,Yes
LB000005525,EQ00002095,2026-07-13,EP Gear Oil / Grease,Grease gun / centralized,0.58,Early,Yes
LB000005526,EQ00002095,2023-04-27,EP Gear Oil / Grease,Grease gun / centralized,2.39,Early,Yes
LB000005527,EQ00002096,2025-03-19,EP Gear Oil / Grease,Grease gun / centralized,4.74,Overdue,Yes
LB000005528,EQ00002096,2022-10-08,EP Gear Oil / Grease,Grease gun / centralized,3.5,Early,Yes
LB000005529,EQ00002096,2023-02-05,EP Gear Oil / Grease,Grease gun / centralized,3.3,Overdue,Yes
LB000005530,EQ00002097,2022-09-10,Wire Rope / Gear Grease,Manual,3.54,Normal,Yes
LB000005531,EQ00002097,2022-03-01,Wire Rope / Gear Grease,Manual,4.68,Early,Yes
LB000005532,EQ00002097,2021-04-01,Wire Rope / Gear Grease,Manual,0.62,Early,Yes
LB000005533,EQ00002097,2024-12-20,Wire Rope / Gear Grease,Manual,3.28,Early,Yes
LB000005534,EQ00002099,2026-04-20,Pump Bearing Grease,Manual,2.84,Overdue,Yes
LB000005535,EQ00002099,2021-05-28,Pump Bearing Grease,Manual,2.25,Overdue,Yes
LB000005536,EQ00002099,2021-10-08,Pump Bearing Grease,Manual,4.04,Overdue,Yes
LB000005537,EQ00002099,2023-03-10,Pump Bearing Grease,Manual,1.8,Early,Yes
LB000005538,EQ00002099,2023-02-21,Pump Bearing Grease,Manual,1.26,Early,Yes
LB000005539,EQ00002100,2025-05-17,Pump Bearing Grease,Manual,4.84,Early,Yes
LB000005540,EQ00002101,2023-05-17,EP Gear Oil / Grease,Grease gun / centralized,3.81,Overdue,Yes
LB000005541,EQ00002101,2021-12-01,EP Gear Oil / Grease,Grease gun / centralized,3.26,Normal,Yes
LB000005542,EQ00002101,2024-06-16,EP Gear Oil / Grease,Grease gun / centralized,4.4,Overdue,Yes
LB000005543,EQ00002101,2023-08-25,EP Gear Oil / Grease,Grease gun / centralized,4.44,Early,Yes
LB000005544,EQ00002101,2023-12-15,EP Gear Oil / Grease,Grease gun / centralized,3.98,Normal,Yes
LB000005545,EQ00002102,2021-09-03,EP Gear Oil / Grease,Grease gun / centralized,2.03,Overdue,Yes
LB000005546,EQ00002102,2022-06-10,EP Gear Oil / Grease,Grease gun / centralized,3.12,Early,Yes
LB000005547,EQ00002102,2024-05-09,EP Gear Oil / Grease,Grease gun / centralized,0.26,Overdue,Yes
LB000005548,EQ00002104,2025-10-04,EP Gear Oil / Grease,Grease gun / centralized,4.36,Overdue,Yes
LB000005549,EQ00002104,2022-10-24,EP Gear Oil / Grease,Grease gun / centralized,3.33,Overdue,Yes
LB000005550,EQ00002104,2023-09-14,EP Gear Oil / Grease,Grease gun / centralized,2.7,Overdue,Yes
LB000005551,EQ00002104,2024-04-16,EP Gear Oil / Grease,Grease gun / centralized,4.97,Early,Yes
LB000005552,EQ00002104,2025-03-28,EP Gear Oil / Grease,Grease gun / centralized,0.52,Overdue,Yes
LB000005553,EQ00002104,2021-06-07,EP Gear Oil / Grease,Grease gun / centralized,0.85,Early,Yes
LB000005554,EQ00002106,2025-08-26,Wire Rope / Gear Grease,Manual,2.75,Early,Yes
LB000005555,EQ00002106,2025-04-07,Wire Rope / Gear Grease,Manual,4.23,Normal,Yes
LB000005556,EQ00002106,2021-01-25,Wire Rope / Gear Grease,Manual,1.96,Overdue,Yes
LB000005557,EQ00002106,2023-03-13,Wire Rope / Gear Grease,Manual,1.95,Overdue,Yes
LB000005558,EQ00002107,2023-11-09,Machine Oil / Grease,Manual,0.8,Normal,Yes
LB000005559,EQ00002108,2022-02-23,Wire Rope / Gear Grease,Manual,5.0,Early,Yes
LB000005560,EQ00002108,2025-09-12,Wire Rope / Gear Grease,Manual,0.84,Normal,Yes
LB000005561,EQ00002108,2025-12-06,Wire Rope / Gear Grease,Manual,1.51,Overdue,Yes
LB000005562,EQ00002108,2024-12-03,Wire Rope / Gear Grease,Manual,4.56,Overdue,Yes
LB000005563,EQ00002109,2024-08-14,Bearing Grease,Manual,0.22,Overdue,Yes
LB000005564,EQ00002109,2021-04-26,Bearing Grease,Manual,1.46,Normal,Yes
LB000005565,EQ00002109,2023-01-01,Bearing Grease,Manual,2.0,Early,Yes
LB000005566,EQ00002109,2023-06-01,Bearing Grease,Manual,3.2,Normal,Yes
LB000005567,EQ00002109,2024-02-12,Bearing Grease,Manual,0.32,Overdue,Yes
LB000005568,EQ00002109,2025-03-22,Bearing Grease,Manual,3.22,Early,Yes
LB000005569,EQ00002111,2024-02-07,Engine / Gear Lubricant,Workshop service,4.49,Normal,Yes
LB000005570,EQ00002111,2022-08-28,Engine / Gear Lubricant,Workshop service,3.21,Normal,Yes
LB000005571,EQ00002111,2024-09-23,Engine / Gear Lubricant,Workshop service,2.65,Normal,Yes
LB000005572,EQ00002111,2023-05-12,Engine / Gear Lubricant,Workshop service,3.82,Normal,Yes
LB000005573,EQ00002112,2024-10-28,Engine / Gear Lubricant,Workshop service,4.28,Early,Yes
LB000005574,EQ00002113,2022-01-13,Bearing Grease,Manual,2.85,Overdue,Yes
LB000005575,EQ00002114,2026-01-17,Machine Oil / Grease,Manual,4.88,Early,Yes
LB000005576,EQ00002114,2025-11-24,Machine Oil / Grease,Manual,4.34,Early,Yes
LB000005577,EQ00002114,2023-07-27,Machine Oil / Grease,Manual,4.68,Early,Yes
LB000005578,EQ00002115,2022-07-14,Bearing Grease,Manual,2.35,Normal,Yes
LB000005579,EQ00002115,2025-03-07,Bearing Grease,Manual,0.79,Normal,Yes
LB000005580,EQ00002115,2026-03-23,Bearing Grease,Manual,0.16,Overdue,Yes
LB000005581,EQ00002115,2024-11-04,Bearing Grease,Manual,2.35,Early,Yes
LB000005582,EQ00002116,2022-01-05,EP Gear Oil / Grease,Grease gun / centralized,4.73,Overdue,Yes
LB000005583,EQ00002116,2026-01-05,EP Gear Oil / Grease,Grease gun / centralized,3.09,Normal,Yes
LB000005584,EQ00002116,2026-03-16,EP Gear Oil / Grease,Grease gun / centralized,2.38,Early,Yes
LB000005585,EQ00002116,2021-09-28,EP Gear Oil / Grease,Grease gun / centralized,2.86,Early,Yes
LB000005586,EQ00002116,2025-04-07,EP Gear Oil / Grease,Grease gun / centralized,0.11,Normal,Yes
LB000005587,EQ00002116,2021-09-23,EP Gear Oil / Grease,Grease gun / centralized,0.25,Normal,Yes
LB000005588,EQ00002118,2026-06-02,Machine Oil / Grease,Manual,1.22,Overdue,Yes
LB000005589,EQ00002118,2023-09-05,Machine Oil / Grease,Manual,2.45,Normal,Yes
LB000005590,EQ00002118,2021-05-16,Machine Oil / Grease,Manual,1.28,Early,Yes
LB000005591,EQ00002118,2023-10-24,Machine Oil / Grease,Manual,4.84,Early,Yes
LB000005592,EQ00002119,2024-08-09,EP Gear Oil / Grease,Grease gun / centralized,1.86,Overdue,Yes
LB000005593,EQ00002119,2023-01-16,EP Gear Oil / Grease,Grease gun / centralized,0.18,Normal,Yes
LB000005594,EQ00002119,2022-08-02,EP Gear Oil / Grease,Grease gun / centralized,2.1,Normal,Yes
LB000005595,EQ00002119,2021-03-21,EP Gear Oil / Grease,Grease gun / centralized,0.33,Early,Yes
LB000005596,EQ00002119,2026-07-12,EP Gear Oil / Grease,Grease gun / centralized,3.87,Overdue,Yes
LB000005597,EQ00002120,2024-06-05,Wire Rope / Gear Grease,Manual,2.34,Early,Yes
LB000005598,EQ00002120,2025-11-03,Wire Rope / Gear Grease,Manual,4.51,Overdue,Yes
LB000005599,EQ00002120,2024-01-25,Wire Rope / Gear Grease,Manual,1.2,Early,Yes
LB000005600,EQ00002120,2024-01-30,Wire Rope / Gear Grease,Manual,0.29,Normal,Yes
LB000005601,EQ00002121,2021-06-25,Machine Oil / Grease,Manual,3.31,Early,Yes
LB000005602,EQ00002121,2023-05-15,Machine Oil / Grease,Manual,3.51,Overdue,Yes
LB000005603,EQ00002123,2023-10-31,EP Gear Oil / Grease,Grease gun / centralized,4.21,Overdue,Yes
LB000005604,EQ00002123,2021-10-04,EP Gear Oil / Grease,Grease gun / centralized,1.57,Normal,Yes
LB000005605,EQ00002125,2021-07-03,Wire Rope / Gear Grease,Manual,3.15,Normal,Yes
LB000005606,EQ00002127,2026-06-09,Bearing Oil / Grease,Manual / auto-lube,4.98,Early,Yes
LB000005607,EQ00002127,2024-12-11,Bearing Oil / Grease,Manual / auto-lube,4.19,Overdue,Yes
LB000005608,EQ00002127,2026-07-12,Bearing Oil / Grease,Manual / auto-lube,0.28,Overdue,Yes
LB000005609,EQ00002127,2023-07-16,Bearing Oil / Grease,Manual / auto-lube,2.71,Normal,Yes
LB000005610,EQ00002128,2026-04-16,Bearing Grease,Manual,1.72,Normal,Yes
LB000005611,EQ00002128,2025-01-18,Bearing Grease,Manual,0.71,Normal,Yes
LB000005612,EQ00002128,2026-08-25,Bearing Grease,Manual,4.48,Normal,Yes
LB000005613,EQ00002128,2022-02-14,Bearing Grease,Manual,3.53,Early,Yes
LB000005614,EQ00002128,2023-12-15,Bearing Grease,Manual,3.58,Early,Yes
LB000005615,EQ00002128,2025-10-05,Bearing Grease,Manual,3.76,Early,Yes
LB000005616,EQ00002129,2021-07-26,EP Gear Oil / Grease,Grease gun / centralized,0.38,Normal,Yes
LB000005617,EQ00002129,2022-04-01,EP Gear Oil / Grease,Grease gun / centralized,0.69,Early,Yes
LB000005618,EQ00002130,2023-09-03,Bearing Oil / Grease,Manual / auto-lube,1.02,Overdue,Yes
LB000005619,EQ00002132,2024-08-15,Engine / Gear Lubricant,Workshop service,0.6,Early,Yes
LB000005620,EQ00002132,2026-08-02,Engine / Gear Lubricant,Workshop service,2.61,Overdue,Yes
LB000005621,EQ00002132,2022-10-19,Engine / Gear Lubricant,Workshop service,4.22,Early,Yes
LB000005622,EQ00002132,2022-06-18,Engine / Gear Lubricant,Workshop service,3.81,Early,Yes
LB000005623,EQ00002133,2024-12-13,EP Gear Oil / Grease,Grease gun / centralized,4.64,Early,Yes
LB000005624,EQ00002134,2023-04-11,Bearing Oil / Grease,Manual / auto-lube,4.15,Normal,Yes
LB000005625,EQ00002134,2024-02-15,Bearing Oil / Grease,Manual / auto-lube,0.12,Overdue,Yes
LB000005626,EQ00002134,2026-06-09,Bearing Oil / Grease,Manual / auto-lube,1.11,Early,Yes
LB000005627,EQ00002134,2024-11-24,Bearing Oil / Grease,Manual / auto-lube,0.72,Normal,Yes
LB000005628,EQ00002137,2021-12-05,Process/Mechanical Lubricant,Manual / automated,0.54,Early,Yes
LB000005629,EQ00002137,2023-02-23,Process/Mechanical Lubricant,Manual / automated,3.09,Overdue,Yes
LB000005630,EQ00002138,2026-06-13,EP Gear Oil / Grease,Grease gun / centralized,2.04,Overdue,Yes
LB000005631,EQ00002138,2024-06-26,EP Gear Oil / Grease,Grease gun / centralized,0.49,Early,Yes
LB000005632,EQ00002138,2025-09-04,EP Gear Oil / Grease,Grease gun / centralized,4.0,Normal,Yes
LB000005633,EQ00002138,2025-12-06,EP Gear Oil / Grease,Grease gun / centralized,4.82,Overdue,Yes
LB000005634,EQ00002138,2021-06-05,EP Gear Oil / Grease,Grease gun / centralized,1.98,Early,Yes
LB000005635,EQ00002138,2021-02-11,EP Gear Oil / Grease,Grease gun / centralized,3.71,Overdue,Yes
LB000005636,EQ00002139,2026-02-02,Wire Rope / Gear Grease,Manual,4.02,Overdue,Yes
LB000005637,EQ00002139,2021-07-14,Wire Rope / Gear Grease,Manual,2.55,Overdue,Yes
LB000005638,EQ00002139,2026-02-22,Wire Rope / Gear Grease,Manual,4.22,Normal,Yes
LB000005639,EQ00002139,2025-04-12,Wire Rope / Gear Grease,Manual,4.0,Normal,Yes
LB000005640,EQ00002139,2025-04-07,Wire Rope / Gear Grease,Manual,1.15,Normal,Yes
LB000005641,EQ00002139,2023-07-28,Wire Rope / Gear Grease,Manual,0.94,Normal,Yes
LB000005642,EQ00002140,2024-11-13,EP Gear Oil / Grease,Grease gun / centralized,4.98,Normal,Yes
LB000005643,EQ00002140,2022-09-25,EP Gear Oil / Grease,Grease gun / centralized,3.41,Normal,Yes
LB000005644,EQ00002142,2022-01-22,EP Gear Oil / Grease,Grease gun / centralized,2.24,Early,Yes
LB000005645,EQ00002143,2024-10-26,Wire Rope / Gear Grease,Manual,2.76,Normal,Yes
LB000005646,EQ00002144,2021-06-19,EP Gear Oil / Grease,Grease gun / centralized,3.26,Early,Yes
LB000005647,EQ00002145,2024-11-30,Pump Bearing Grease,Manual,4.6,Normal,Yes
LB000005648,EQ00002145,2024-08-24,Pump Bearing Grease,Manual,4.46,Overdue,Yes
LB000005649,EQ00002145,2026-06-07,Pump Bearing Grease,Manual,1.61,Early,Yes
LB000005650,EQ00002146,2024-04-06,Machine Oil / Grease,Manual,4.11,Overdue,Yes
LB000005651,EQ00002146,2025-08-23,Machine Oil / Grease,Manual,4.73,Early,Yes
LB000005652,EQ00002146,2023-06-19,Machine Oil / Grease,Manual,3.39,Normal,Yes
LB000005653,EQ00002147,2023-05-16,Bearing Oil / Grease,Manual / auto-lube,4.04,Normal,Yes
LB000005654,EQ00002147,2023-07-21,Bearing Oil / Grease,Manual / auto-lube,1.42,Early,Yes
LB000005655,EQ00002147,2021-06-26,Bearing Oil / Grease,Manual / auto-lube,0.19,Normal,Yes
LB000005656,EQ00002147,2022-05-03,Bearing Oil / Grease,Manual / auto-lube,1.22,Early,Yes
LB000005657,EQ00002147,2026-05-22,Bearing Oil / Grease,Manual / auto-lube,4.16,Overdue,Yes
LB000005658,EQ00002148,2026-03-17,EP Gear Oil / Grease,Grease gun / centralized,1.5,Overdue,Yes
LB000005659,EQ00002148,2021-05-02,EP Gear Oil / Grease,Grease gun / centralized,2.63,Overdue,Yes
LB000005660,EQ00002150,2025-02-08,EP Gear Oil / Grease,Grease gun / centralized,3.64,Early,Yes
LB000005661,EQ00002150,2021-09-12,EP Gear Oil / Grease,Grease gun / centralized,0.59,Normal,Yes
LB000005662,EQ00002150,2026-05-10,EP Gear Oil / Grease,Grease gun / centralized,0.38,Normal,Yes
LB000005663,EQ00002150,2021-02-22,EP Gear Oil / Grease,Grease gun / centralized,2.8,Normal,Yes
LB000005664,EQ00002150,2025-01-14,EP Gear Oil / Grease,Grease gun / centralized,1.52,Early,Yes
LB000005665,EQ00002150,2024-01-07,EP Gear Oil / Grease,Grease gun / centralized,1.07,Normal,Yes
LB000005666,EQ00002151,2021-08-04,Machine Oil / Grease,Manual,3.75,Early,Yes
LB000005667,EQ00002152,2025-11-03,EP Gear Oil / Grease,Grease gun / centralized,4.6,Normal,Yes
LB000005668,EQ00002152,2022-04-10,EP Gear Oil / Grease,Grease gun / centralized,2.24,Normal,Yes
LB000005669,EQ00002154,2026-01-27,Bearing Oil / Grease,Manual / auto-lube,1.52,Early,Yes
LB000005670,EQ00002154,2022-07-30,Bearing Oil / Grease,Manual / auto-lube,2.6,Normal,Yes
LB000005671,EQ00002154,2024-07-06,Bearing Oil / Grease,Manual / auto-lube,3.22,Normal,Yes
LB000005672,EQ00002154,2021-05-26,Bearing Oil / Grease,Manual / auto-lube,0.32,Overdue,Yes
LB000005673,EQ00002154,2024-09-27,Bearing Oil / Grease,Manual / auto-lube,2.69,Overdue,Yes
LB000005674,EQ00002154,2025-03-30,Bearing Oil / Grease,Manual / auto-lube,0.33,Overdue,Yes
LB000005675,EQ00002155,2021-05-13,Process/Mechanical Lubricant,Manual / automated,3.54,Early,Yes
LB000005676,EQ00002155,2021-04-22,Process/Mechanical Lubricant,Manual / automated,3.99,Overdue,Yes
LB000005677,EQ00002155,2022-09-08,Process/Mechanical Lubricant,Manual / automated,0.76,Early,Yes
LB000005678,EQ00002155,2023-02-20,Process/Mechanical Lubricant,Manual / automated,1.67,Early,Yes
LB000005679,EQ00002155,2022-03-16,Process/Mechanical Lubricant,Manual / automated,0.64,Early,Yes
LB000005680,EQ00002156,2025-09-09,Bearing Grease,Manual,0.36,Normal,Yes
LB000005681,EQ00002156,2024-12-02,Bearing Grease,Manual,1.4,Early,Yes
LB000005682,EQ00002156,2025-09-29,Bearing Grease,Manual,2.1,Early,Yes
LB000005683,EQ00002156,2021-09-01,Bearing Grease,Manual,4.55,Overdue,Yes
LB000005684,EQ00002157,2024-02-06,Engine / Gear Lubricant,Workshop service,4.03,Normal,Yes
LB000005685,EQ00002157,2022-04-17,Engine / Gear Lubricant,Workshop service,2.78,Overdue,Yes
LB000005686,EQ00002157,2026-04-15,Engine / Gear Lubricant,Workshop service,3.39,Overdue,Yes
LB000005687,EQ00002159,2021-06-14,EP Gear Oil / Grease,Grease gun / centralized,2.55,Overdue,Yes
LB000005688,EQ00002160,2023-08-13,Machine Oil / Grease,Manual,0.86,Early,Yes
LB000005689,EQ00002160,2024-10-31,Machine Oil / Grease,Manual,2.52,Normal,Yes
LB000005690,EQ00002161,2023-10-08,Bearing Grease,Manual,3.22,Early,Yes
LB000005691,EQ00002161,2025-12-23,Bearing Grease,Manual,4.47,Normal,Yes
LB000005692,EQ00002161,2022-09-07,Bearing Grease,Manual,0.66,Overdue,Yes
LB000005693,EQ00002161,2026-07-17,Bearing Grease,Manual,1.59,Normal,Yes
LB000005694,EQ00002163,2025-08-10,Bearing Grease,Manual,4.13,Early,Yes
LB000005695,EQ00002163,2024-12-20,Bearing Grease,Manual,4.91,Overdue,Yes
LB000005696,EQ00002163,2023-07-20,Bearing Grease,Manual,0.56,Overdue,Yes
LB000005697,EQ00002163,2023-08-05,Bearing Grease,Manual,1.44,Early,Yes
LB000005698,EQ00002163,2025-04-01,Bearing Grease,Manual,0.92,Early,Yes
LB000005699,EQ00002163,2022-09-02,Bearing Grease,Manual,3.0,Overdue,Yes
LB000005700,EQ00002164,2024-05-26,Process/Mechanical Lubricant,Manual / automated,1.05,Overdue,Yes
LB000005701,EQ00002164,2025-08-21,Process/Mechanical Lubricant,Manual / automated,4.18,Overdue,Yes
LB000005702,EQ00002164,2022-10-27,Process/Mechanical Lubricant,Manual / automated,3.62,Early,Yes
LB000005703,EQ00002166,2023-07-16,Process/Mechanical Lubricant,Manual / automated,2.32,Normal,Yes
LB000005704,EQ00002166,2021-11-28,Process/Mechanical Lubricant,Manual / automated,3.94,Normal,Yes
LB000005705,EQ00002167,2026-01-13,Pump Bearing Grease,Manual,4.93,Normal,Yes
LB000005706,EQ00002167,2021-11-03,Pump Bearing Grease,Manual,3.21,Overdue,Yes
LB000005707,EQ00002167,2022-06-10,Pump Bearing Grease,Manual,0.6,Early,Yes
LB000005708,EQ00002167,2022-06-24,Pump Bearing Grease,Manual,1.18,Early,Yes
LB000005709,EQ00002167,2025-10-29,Pump Bearing Grease,Manual,0.6,Overdue,Yes
LB000005710,EQ00002168,2025-11-27,Process/Mechanical Lubricant,Manual / automated,4.49,Normal,Yes
LB000005711,EQ00002171,2024-08-21,Process/Mechanical Lubricant,Manual / automated,4.93,Overdue,Yes
LB000005712,EQ00002171,2026-05-24,Process/Mechanical Lubricant,Manual / automated,1.03,Normal,Yes
LB000005713,EQ00002171,2022-02-25,Process/Mechanical Lubricant,Manual / automated,1.43,Early,Yes
LB000005714,EQ00002171,2022-06-24,Process/Mechanical Lubricant,Manual / automated,3.03,Normal,Yes
LB000005715,EQ00002172,2026-02-25,Pump Bearing Grease,Manual,4.33,Early,Yes
LB000005716,EQ00002172,2021-01-05,Pump Bearing Grease,Manual,4.57,Overdue,Yes
LB000005717,EQ00002172,2023-05-14,Pump Bearing Grease,Manual,2.48,Normal,Yes
LB000005718,EQ00002173,2022-02-27,EP Gear Oil / Grease,Grease gun / centralized,3.77,Normal,Yes
LB000005719,EQ00002173,2025-08-02,EP Gear Oil / Grease,Grease gun / centralized,0.94,Overdue,Yes
LB000005720,EQ00002173,2022-07-11,EP Gear Oil / Grease,Grease gun / centralized,2.15,Overdue,Yes
LB000005721,EQ00002174,2023-02-12,Bearing Grease,Manual,0.69,Early,Yes
LB000005722,EQ00002175,2026-01-26,Machine Oil / Grease,Manual,4.82,Early,Yes
LB000005723,EQ00002175,2025-09-17,Machine Oil / Grease,Manual,3.74,Normal,Yes
LB000005724,EQ00002175,2023-09-18,Machine Oil / Grease,Manual,0.5,Early,Yes
LB000005725,EQ00002176,2024-04-25,Bearing Grease,Manual,1.2,Normal,Yes
LB000005726,EQ00002176,2021-08-11,Bearing Grease,Manual,0.96,Early,Yes
LB000005727,EQ00002176,2026-08-22,Bearing Grease,Manual,1.34,Normal,Yes
LB000005728,EQ00002176,2021-09-13,Bearing Grease,Manual,4.18,Overdue,Yes
LB000005729,EQ00002176,2021-05-31,Bearing Grease,Manual,2.12,Early,Yes
LB000005730,EQ00002176,2024-09-19,Bearing Grease,Manual,1.9,Normal,Yes
LB000005731,EQ00002177,2022-01-18,EP Gear Oil / Grease,Grease gun / centralized,4.28,Normal,Yes
LB000005732,EQ00002177,2023-06-14,EP Gear Oil / Grease,Grease gun / centralized,0.17,Early,Yes
LB000005733,EQ00002178,2023-01-18,Bearing Grease,Manual,4.3,Normal,Yes
LB000005734,EQ00002178,2024-08-27,Bearing Grease,Manual,3.11,Normal,Yes
LB000005735,EQ00002178,2023-05-09,Bearing Grease,Manual,3.33,Overdue,Yes
LB000005736,EQ00002180,2021-02-06,Machine Oil / Grease,Manual,2.02,Normal,Yes
LB000005737,EQ00002180,2023-09-03,Machine Oil / Grease,Manual,4.69,Normal,Yes
LB000005738,EQ00002180,2021-03-18,Machine Oil / Grease,Manual,4.6,Overdue,Yes
LB000005739,EQ00002180,2024-06-07,Machine Oil / Grease,Manual,1.48,Early,Yes
LB000005740,EQ00002180,2024-10-19,Machine Oil / Grease,Manual,1.86,Early,Yes
LB000005741,EQ00002182,2022-12-19,Machine Oil / Grease,Manual,0.1,Overdue,Yes
LB000005742,EQ00002182,2025-07-21,Machine Oil / Grease,Manual,0.59,Early,Yes
LB000005743,EQ00002182,2022-03-09,Machine Oil / Grease,Manual,4.29,Normal,Yes
LB000005744,EQ00002182,2021-08-27,Machine Oil / Grease,Manual,2.59,Normal,Yes
LB000005745,EQ00002182,2024-12-03,Machine Oil / Grease,Manual,2.1,Overdue,Yes
LB000005746,EQ00002182,2026-03-17,Machine Oil / Grease,Manual,1.01,Overdue,Yes
LB000005747,EQ00002183,2022-08-24,EP Gear Oil / Grease,Grease gun / centralized,0.6,Early,Yes
LB000005748,EQ00002183,2024-08-05,EP Gear Oil / Grease,Grease gun / centralized,3.65,Overdue,Yes
LB000005749,EQ00002183,2023-12-26,EP Gear Oil / Grease,Grease gun / centralized,4.55,Overdue,Yes
LB000005750,EQ00002183,2021-08-14,EP Gear Oil / Grease,Grease gun / centralized,1.7,Normal,Yes
LB000005751,EQ00002184,2024-11-27,Pump Bearing Grease,Manual,4.73,Overdue,Yes
LB000005752,EQ00002187,2025-08-06,Bearing Grease,Manual,1.09,Normal,Yes
LB000005753,EQ00002187,2021-07-31,Bearing Grease,Manual,4.28,Overdue,Yes
LB000005754,EQ00002188,2023-11-09,Bearing Oil / Grease,Manual / auto-lube,2.2,Early,Yes
LB000005755,EQ00002189,2022-07-15,Bearing Grease,Manual,2.78,Early,Yes
LB000005756,EQ00002189,2025-12-29,Bearing Grease,Manual,1.92,Early,Yes
LB000005757,EQ00002189,2024-02-27,Bearing Grease,Manual,4.0,Early,Yes
LB000005758,EQ00002189,2022-10-23,Bearing Grease,Manual,1.15,Early,Yes
LB000005759,EQ00002189,2024-09-09,Bearing Grease,Manual,3.92,Overdue,Yes
LB000005760,EQ00002189,2023-01-02,Bearing Grease,Manual,0.98,Normal,Yes
LB000005761,EQ00002190,2024-12-02,Engine / Gear Lubricant,Workshop service,4.53,Overdue,Yes
LB000005762,EQ00002190,2022-08-11,Engine / Gear Lubricant,Workshop service,4.62,Normal,Yes
LB000005763,EQ00002190,2024-09-10,Engine / Gear Lubricant,Workshop service,2.99,Early,Yes
LB000005764,EQ00002190,2025-09-08,Engine / Gear Lubricant,Workshop service,2.99,Early,Yes
LB000005765,EQ00002190,2024-07-12,Engine / Gear Lubricant,Workshop service,2.9,Normal,Yes
LB000005766,EQ00002191,2021-01-02,Wire Rope / Gear Grease,Manual,4.73,Early,Yes
LB000005767,EQ00002191,2023-11-06,Wire Rope / Gear Grease,Manual,3.63,Overdue,Yes
LB000005768,EQ00002191,2022-12-10,Wire Rope / Gear Grease,Manual,2.95,Early,Yes
LB000005769,EQ00002191,2026-01-17,Wire Rope / Gear Grease,Manual,2.01,Overdue,Yes
LB000005770,EQ00002193,2025-08-19,Machine Oil / Grease,Manual,4.79,Early,Yes
LB000005771,EQ00002193,2025-07-12,Machine Oil / Grease,Manual,1.51,Normal,Yes
LB000005772,EQ00002196,2021-02-09,Pump Bearing Grease,Manual,4.91,Normal,Yes
LB000005773,EQ00002196,2021-05-13,Pump Bearing Grease,Manual,1.22,Overdue,Yes
LB000005774,EQ00002196,2021-09-20,Pump Bearing Grease,Manual,2.03,Normal,Yes
LB000005775,EQ00002196,2025-10-22,Pump Bearing Grease,Manual,1.03,Normal,Yes
LB000005776,EQ00002197,2022-01-03,Wire Rope / Gear Grease,Manual,4.77,Early,Yes
LB000005777,EQ00002197,2022-01-16,Wire Rope / Gear Grease,Manual,1.79,Early,Yes
LB000005778,EQ00002197,2025-03-14,Wire Rope / Gear Grease,Manual,1.41,Early,Yes
LB000005779,EQ00002198,2021-12-03,Pump Bearing Grease,Manual,0.99,Overdue,Yes
LB000005780,EQ00002198,2021-07-10,Pump Bearing Grease,Manual,1.98,Overdue,Yes
LB000005781,EQ00002198,2022-06-10,Pump Bearing Grease,Manual,4.08,Early,Yes
LB000005782,EQ00002198,2023-04-19,Pump Bearing Grease,Manual,0.44,Early,Yes
LB000005783,EQ00002198,2026-08-18,Pump Bearing Grease,Manual,0.53,Normal,Yes
LB000005784,EQ00002198,2021-08-02,Pump Bearing Grease,Manual,4.32,Normal,Yes
LB000005785,EQ00002199,2025-05-06,Bearing Grease,Manual,2.77,Normal,Yes
LB000005786,EQ00002199,2024-01-18,Bearing Grease,Manual,4.22,Early,Yes
LB000005787,EQ00002199,2021-08-11,Bearing Grease,Manual,1.39,Normal,Yes
LB000005788,EQ00002199,2021-07-24,Bearing Grease,Manual,2.98,Overdue,Yes
LB000005789,EQ00002199,2024-01-24,Bearing Grease,Manual,4.35,Normal,Yes
LB000005790,EQ00002199,2022-02-10,Bearing Grease,Manual,0.74,Early,Yes
LB000005791,EQ00002200,2022-10-21,EP Gear Oil / Grease,Grease gun / centralized,3.12,Normal,Yes
LB000005792,EQ00002200,2022-03-19,EP Gear Oil / Grease,Grease gun / centralized,4.14,Early,Yes
LB000005793,EQ00002200,2021-04-23,EP Gear Oil / Grease,Grease gun / centralized,1.6,Normal,Yes
LB000005794,EQ00002201,2024-10-30,Bearing Grease,Manual,1.51,Overdue,Yes
LB000005795,EQ00002202,2024-01-19,EP Gear Oil / Grease,Grease gun / centralized,2.95,Early,Yes
LB000005796,EQ00002202,2021-08-21,EP Gear Oil / Grease,Grease gun / centralized,0.54,Overdue,Yes
LB000005797,EQ00002202,2023-02-14,EP Gear Oil / Grease,Grease gun / centralized,1.06,Overdue,Yes
LB000005798,EQ00002202,2025-03-23,EP Gear Oil / Grease,Grease gun / centralized,3.7,Early,Yes
LB000005799,EQ00002203,2023-11-15,Bearing Grease,Manual,0.38,Overdue,Yes
LB000005800,EQ00002203,2022-06-20,Bearing Grease,Manual,1.6,Normal,Yes
LB000005801,EQ00002203,2024-02-04,Bearing Grease,Manual,2.12,Normal,Yes
LB000005802,EQ00002204,2021-05-10,Bearing Grease,Manual,4.11,Early,Yes
LB000005803,EQ00002204,2023-11-15,Bearing Grease,Manual,1.89,Early,Yes
LB000005804,EQ00002204,2021-03-17,Bearing Grease,Manual,4.55,Early,Yes
LB000005805,EQ00002204,2021-12-03,Bearing Grease,Manual,0.45,Early,Yes
LB000005806,EQ00002204,2021-04-06,Bearing Grease,Manual,2.24,Early,Yes
LB000005807,EQ00002206,2022-11-12,Bearing Oil / Grease,Manual / auto-lube,4.18,Overdue,Yes
LB000005808,EQ00002206,2025-01-08,Bearing Oil / Grease,Manual / auto-lube,3.2,Normal,Yes
LB000005809,EQ00002206,2022-03-13,Bearing Oil / Grease,Manual / auto-lube,4.66,Overdue,Yes
LB000005810,EQ00002208,2023-10-11,Machine Oil / Grease,Manual,4.71,Normal,Yes
LB000005811,EQ00002208,2023-10-17,Machine Oil / Grease,Manual,1.05,Early,Yes
LB000005812,EQ00002208,2022-08-19,Machine Oil / Grease,Manual,4.26,Normal,Yes
LB000005813,EQ00002208,2023-06-02,Machine Oil / Grease,Manual,3.66,Overdue,Yes
LB000005814,EQ00002208,2021-12-01,Machine Oil / Grease,Manual,0.67,Early,Yes
LB000005815,EQ00002211,2023-06-10,Pump Bearing Grease,Manual,1.5,Early,Yes
LB000005816,EQ00002211,2024-01-03,Pump Bearing Grease,Manual,3.68,Overdue,Yes
LB000005817,EQ00002211,2025-08-31,Pump Bearing Grease,Manual,1.12,Normal,Yes
LB000005818,EQ00002211,2021-04-28,Pump Bearing Grease,Manual,0.22,Early,Yes
LB000005819,EQ00002211,2022-01-11,Pump Bearing Grease,Manual,2.92,Overdue,Yes
LB000005820,EQ00002211,2022-08-01,Pump Bearing Grease,Manual,2.83,Early,Yes
LB000005821,EQ00002212,2022-06-22,Engine / Gear Lubricant,Workshop service,1.58,Early,Yes
LB000005822,EQ00002212,2024-09-23,Engine / Gear Lubricant,Workshop service,0.45,Normal,Yes
LB000005823,EQ00002212,2023-04-25,Engine / Gear Lubricant,Workshop service,4.56,Overdue,Yes
LB000005824,EQ00002212,2023-05-11,Engine / Gear Lubricant,Workshop service,4.15,Early,Yes
LB000005825,EQ00002212,2026-05-08,Engine / Gear Lubricant,Workshop service,3.87,Normal,Yes
LB000005826,EQ00002215,2024-05-31,Bearing Oil / Grease,Manual / auto-lube,2.79,Overdue,Yes
LB000005827,EQ00002215,2022-06-28,Bearing Oil / Grease,Manual / auto-lube,3.44,Normal,Yes
LB000005828,EQ00002215,2024-07-03,Bearing Oil / Grease,Manual / auto-lube,3.79,Normal,Yes
LB000005829,EQ00002215,2024-12-29,Bearing Oil / Grease,Manual / auto-lube,4.54,Overdue,Yes
LB000005830,EQ00002215,2023-11-10,Bearing Oil / Grease,Manual / auto-lube,1.99,Overdue,Yes
LB000005831,EQ00002215,2023-04-17,Bearing Oil / Grease,Manual / auto-lube,0.51,Normal,Yes
LB000005832,EQ00002216,2025-01-23,Machine Oil / Grease,Manual,4.8,Normal,Yes
LB000005833,EQ00002216,2021-12-11,Machine Oil / Grease,Manual,1.64,Overdue,Yes
LB000005834,EQ00002216,2023-02-12,Machine Oil / Grease,Manual,2.52,Early,Yes
LB000005835,EQ00002216,2026-01-20,Machine Oil / Grease,Manual,0.75,Normal,Yes
LB000005836,EQ00002216,2021-01-01,Machine Oil / Grease,Manual,0.31,Overdue,Yes
LB000005837,EQ00002217,2025-05-23,Process/Mechanical Lubricant,Manual / automated,4.81,Early,Yes
LB000005838,EQ00002218,2023-03-21,EP Gear Oil / Grease,Grease gun / centralized,3.74,Normal,Yes
LB000005839,EQ00002218,2023-11-28,EP Gear Oil / Grease,Grease gun / centralized,4.55,Normal,Yes
LB000005840,EQ00002218,2022-08-30,EP Gear Oil / Grease,Grease gun / centralized,0.17,Early,Yes
LB000005841,EQ00002218,2021-05-28,EP Gear Oil / Grease,Grease gun / centralized,4.57,Overdue,Yes
LB000005842,EQ00002218,2023-07-14,EP Gear Oil / Grease,Grease gun / centralized,3.74,Normal,Yes
LB000005843,EQ00002220,2025-07-13,Machine Oil / Grease,Manual,4.9,Early,Yes
LB000005844,EQ00002220,2025-10-22,Machine Oil / Grease,Manual,0.75,Early,Yes
LB000005845,EQ00002220,2025-08-16,Machine Oil / Grease,Manual,2.24,Early,Yes
LB000005846,EQ00002220,2023-02-25,Machine Oil / Grease,Manual,1.79,Normal,Yes
LB000005847,EQ00002220,2026-03-29,Machine Oil / Grease,Manual,2.95,Normal,Yes
LB000005848,EQ00002221,2025-02-14,Bearing Grease,Manual,1.49,Overdue,Yes
LB000005849,EQ00002221,2023-01-30,Bearing Grease,Manual,2.89,Overdue,Yes
LB000005850,EQ00002221,2025-08-02,Bearing Grease,Manual,4.54,Overdue,Yes
LB000005851,EQ00002221,2024-12-30,Bearing Grease,Manual,3.35,Early,Yes
LB000005852,EQ00002221,2024-06-21,Bearing Grease,Manual,3.1,Overdue,Yes
LB000005853,EQ00002222,2021-12-13,Wire Rope / Gear Grease,Manual,3.58,Normal,Yes
LB000005854,EQ00002222,2022-02-23,Wire Rope / Gear Grease,Manual,0.71,Normal,Yes
LB000005855,EQ00002223,2022-01-07,Machine Oil / Grease,Manual,2.3,Overdue,Yes
LB000005856,EQ00002223,2023-02-24,Machine Oil / Grease,Manual,4.97,Normal,Yes
LB000005857,EQ00002224,2025-07-31,Process/Mechanical Lubricant,Manual / automated,3.7,Normal,Yes
LB000005858,EQ00002224,2022-02-27,Process/Mechanical Lubricant,Manual / automated,1.76,Normal,Yes
LB000005859,EQ00002224,2024-12-12,Process/Mechanical Lubricant,Manual / automated,1.82,Early,Yes
LB000005860,EQ00002224,2021-11-25,Process/Mechanical Lubricant,Manual / automated,4.13,Normal,Yes
LB000005861,EQ00002225,2025-01-04,EP Gear Oil / Grease,Grease gun / centralized,1.77,Early,Yes
LB000005862,EQ00002225,2026-07-19,EP Gear Oil / Grease,Grease gun / centralized,3.26,Overdue,Yes
LB000005863,EQ00002225,2023-03-23,EP Gear Oil / Grease,Grease gun / centralized,0.62,Early,Yes
LB000005864,EQ00002225,2021-06-14,EP Gear Oil / Grease,Grease gun / centralized,1.24,Early,Yes
LB000005865,EQ00002225,2024-04-20,EP Gear Oil / Grease,Grease gun / centralized,4.09,Overdue,Yes
LB000005866,EQ00002226,2024-08-24,EP Gear Oil / Grease,Grease gun / centralized,4.86,Normal,Yes
LB000005867,EQ00002226,2025-06-09,EP Gear Oil / Grease,Grease gun / centralized,0.32,Normal,Yes
LB000005868,EQ00002226,2024-04-24,EP Gear Oil / Grease,Grease gun / centralized,3.18,Normal,Yes
LB000005869,EQ00002226,2024-08-12,EP Gear Oil / Grease,Grease gun / centralized,2.23,Early,Yes
LB000005870,EQ00002226,2022-12-26,EP Gear Oil / Grease,Grease gun / centralized,0.41,Overdue,Yes
LB000005871,EQ00002229,2026-04-20,EP Gear Oil / Grease,Grease gun / centralized,4.25,Overdue,Yes
LB000005872,EQ00002229,2021-03-05,EP Gear Oil / Grease,Grease gun / centralized,2.01,Early,Yes
LB000005873,EQ00002230,2025-08-15,Bearing Grease,Manual,3.13,Early,Yes
LB000005874,EQ00002231,2022-09-04,Process/Mechanical Lubricant,Manual / automated,4.84,Early,Yes
LB000005875,EQ00002231,2023-08-03,Process/Mechanical Lubricant,Manual / automated,0.57,Overdue,Yes
LB000005876,EQ00002231,2025-04-02,Process/Mechanical Lubricant,Manual / automated,1.99,Early,Yes
LB000005877,EQ00002231,2025-04-27,Process/Mechanical Lubricant,Manual / automated,4.94,Early,Yes
LB000005878,EQ00002234,2023-10-17,EP Gear Oil / Grease,Grease gun / centralized,4.48,Overdue,Yes
LB000005879,EQ00002234,2022-02-21,EP Gear Oil / Grease,Grease gun / centralized,1.82,Overdue,Yes
LB000005880,EQ00002235,2023-11-24,Process/Mechanical Lubricant,Manual / automated,2.14,Early,Yes
LB000005881,EQ00002236,2021-02-26,Wire Rope / Gear Grease,Manual,4.11,Overdue,Yes
LB000005882,EQ00002236,2021-10-19,Wire Rope / Gear Grease,Manual,3.0,Early,Yes
LB000005883,EQ00002236,2023-08-03,Wire Rope / Gear Grease,Manual,2.6,Overdue,Yes
LB000005884,EQ00002236,2021-11-05,Wire Rope / Gear Grease,Manual,3.44,Normal,Yes
LB000005885,EQ00002237,2021-09-18,Bearing Grease,Manual,4.6,Early,Yes
LB000005886,EQ00002238,2022-12-11,EP Gear Oil / Grease,Grease gun / centralized,1.92,Normal,Yes
LB000005887,EQ00002238,2022-08-22,EP Gear Oil / Grease,Grease gun / centralized,4.1,Early,Yes
LB000005888,EQ00002241,2022-07-21,EP Gear Oil / Grease,Grease gun / centralized,2.46,Overdue,Yes
LB000005889,EQ00002241,2026-01-24,EP Gear Oil / Grease,Grease gun / centralized,3.2,Overdue,Yes
LB000005890,EQ00002241,2026-07-24,EP Gear Oil / Grease,Grease gun / centralized,1.72,Normal,Yes
LB000005891,EQ00002241,2025-10-16,EP Gear Oil / Grease,Grease gun / centralized,2.6,Normal,Yes
LB000005892,EQ00002241,2024-11-16,EP Gear Oil / Grease,Grease gun / centralized,4.37,Overdue,Yes
LB000005893,EQ00002242,2023-12-30,Pump Bearing Grease,Manual,1.93,Overdue,Yes
LB000005894,EQ00002242,2023-01-30,Pump Bearing Grease,Manual,4.78,Normal,Yes
LB000005895,EQ00002242,2026-07-12,Pump Bearing Grease,Manual,0.21,Early,Yes
LB000005896,EQ00002243,2025-09-09,Machine Oil / Grease,Manual,1.07,Overdue,Yes
LB000005897,EQ00002243,2022-10-28,Machine Oil / Grease,Manual,2.47,Overdue,Yes
LB000005898,EQ00002243,2024-01-25,Machine Oil / Grease,Manual,2.91,Normal,Yes
LB000005899,EQ00002243,2022-01-15,Machine Oil / Grease,Manual,0.8,Early,Yes
LB000005900,EQ00002243,2025-12-21,Machine Oil / Grease,Manual,3.32,Overdue,Yes
LB000005901,EQ00002243,2021-01-21,Machine Oil / Grease,Manual,2.32,Overdue,Yes
LB000005902,EQ00002244,2023-05-15,Wire Rope / Gear Grease,Manual,0.52,Early,Yes
LB000005903,EQ00002245,2022-10-05,Engine / Gear Lubricant,Workshop service,4.92,Normal,Yes
LB000005904,EQ00002245,2025-09-10,Engine / Gear Lubricant,Workshop service,1.63,Overdue,Yes
LB000005905,EQ00002245,2023-10-24,Engine / Gear Lubricant,Workshop service,0.18,Overdue,Yes
LB000005906,EQ00002245,2023-09-26,Engine / Gear Lubricant,Workshop service,2.47,Normal,Yes
LB000005907,EQ00002246,2023-04-03,Wire Rope / Gear Grease,Manual,4.77,Normal,Yes
LB000005908,EQ00002246,2021-04-20,Wire Rope / Gear Grease,Manual,4.27,Overdue,Yes
LB000005909,EQ00002246,2026-03-02,Wire Rope / Gear Grease,Manual,3.72,Normal,Yes
LB000005910,EQ00002248,2023-02-24,Process/Mechanical Lubricant,Manual / automated,4.72,Normal,Yes
LB000005911,EQ00002248,2022-01-18,Process/Mechanical Lubricant,Manual / automated,3.07,Normal,Yes
LB000005912,EQ00002250,2025-12-18,Wire Rope / Gear Grease,Manual,1.81,Normal,Yes
LB000005913,EQ00002250,2021-03-29,Wire Rope / Gear Grease,Manual,2.9,Normal,Yes
LB000005914,EQ00002250,2022-06-06,Wire Rope / Gear Grease,Manual,1.95,Overdue,Yes
LB000005915,EQ00002251,2023-10-12,Pump Bearing Grease,Manual,3.25,Early,Yes
LB000005916,EQ00002251,2022-08-21,Pump Bearing Grease,Manual,2.36,Overdue,Yes
LB000005917,EQ00002251,2024-03-11,Pump Bearing Grease,Manual,0.23,Normal,Yes
LB000005918,EQ00002251,2023-07-29,Pump Bearing Grease,Manual,0.34,Overdue,Yes
LB000005919,EQ00002252,2025-03-18,Wire Rope / Gear Grease,Manual,4.7,Overdue,Yes
LB000005920,EQ00002252,2022-11-17,Wire Rope / Gear Grease,Manual,4.91,Early,Yes
LB000005921,EQ00002252,2025-10-01,Wire Rope / Gear Grease,Manual,2.72,Normal,Yes
LB000005922,EQ00002252,2022-07-28,Wire Rope / Gear Grease,Manual,4.67,Overdue,Yes
LB000005923,EQ00002252,2022-12-26,Wire Rope / Gear Grease,Manual,1.43,Overdue,Yes
LB000005924,EQ00002253,2024-12-20,Machine Oil / Grease,Manual,2.04,Overdue,Yes
LB000005925,EQ00002253,2025-08-06,Machine Oil / Grease,Manual,3.66,Normal,Yes
LB000005926,EQ00002254,2025-01-16,Process/Mechanical Lubricant,Manual / automated,2.14,Normal,Yes
LB000005927,EQ00002254,2022-12-31,Process/Mechanical Lubricant,Manual / automated,0.41,Early,Yes
LB000005928,EQ00002254,2023-03-11,Process/Mechanical Lubricant,Manual / automated,2.11,Early,Yes
LB000005929,EQ00002254,2021-02-09,Process/Mechanical Lubricant,Manual / automated,3.58,Normal,Yes
LB000005930,EQ00002254,2021-01-30,Process/Mechanical Lubricant,Manual / automated,4.23,Early,Yes
LB000005931,EQ00002256,2026-02-08,Pump Bearing Grease,Manual,1.63,Overdue,Yes
LB000005932,EQ00002256,2026-05-29,Pump Bearing Grease,Manual,1.8,Early,Yes
LB000005933,EQ00002256,2021-08-16,Pump Bearing Grease,Manual,3.93,Early,Yes
LB000005934,EQ00002256,2023-10-08,Pump Bearing Grease,Manual,4.92,Early,Yes
LB000005935,EQ00002257,2022-03-20,EP Gear Oil / Grease,Grease gun / centralized,0.52,Normal,Yes
LB000005936,EQ00002258,2022-06-18,Process/Mechanical Lubricant,Manual / automated,0.54,Overdue,Yes
LB000005937,EQ00002258,2021-07-23,Process/Mechanical Lubricant,Manual / automated,1.92,Normal,Yes
LB000005938,EQ00002258,2022-06-15,Process/Mechanical Lubricant,Manual / automated,0.36,Early,Yes
LB000005939,EQ00002258,2021-06-09,Process/Mechanical Lubricant,Manual / automated,4.96,Overdue,Yes
LB000005940,EQ00002258,2026-01-29,Process/Mechanical Lubricant,Manual / automated,1.82,Early,Yes
LB000005941,EQ00002259,2021-05-08,Machine Oil / Grease,Manual,2.69,Early,Yes
LB000005942,EQ00002259,2025-01-28,Machine Oil / Grease,Manual,4.77,Early,Yes
LB000005943,EQ00002259,2023-03-29,Machine Oil / Grease,Manual,4.27,Overdue,Yes
LB000005944,EQ00002259,2026-07-01,Machine Oil / Grease,Manual,4.17,Normal,Yes
LB000005945,EQ00002260,2024-03-14,Process/Mechanical Lubricant,Manual / automated,2.79,Normal,Yes
LB000005946,EQ00002260,2022-11-29,Process/Mechanical Lubricant,Manual / automated,2.27,Overdue,Yes
LB000005947,EQ00002260,2022-10-09,Process/Mechanical Lubricant,Manual / automated,3.6,Overdue,Yes
LB000005948,EQ00002261,2024-09-20,Process/Mechanical Lubricant,Manual / automated,4.5,Normal,Yes
LB000005949,EQ00002261,2025-12-11,Process/Mechanical Lubricant,Manual / automated,2.07,Normal,Yes
LB000005950,EQ00002261,2025-08-28,Process/Mechanical Lubricant,Manual / automated,4.26,Overdue,Yes
LB000005951,EQ00002261,2023-12-03,Process/Mechanical Lubricant,Manual / automated,3.12,Normal,Yes
LB000005952,EQ00002263,2024-02-13,Pump Bearing Grease,Manual,2.23,Normal,Yes
LB000005953,EQ00002263,2022-07-09,Pump Bearing Grease,Manual,4.87,Overdue,Yes
LB000005954,EQ00002263,2023-11-04,Pump Bearing Grease,Manual,4.19,Early,Yes
LB000005955,EQ00002263,2024-05-08,Pump Bearing Grease,Manual,2.33,Early,Yes
LB000005956,EQ00002264,2025-03-21,Pump Bearing Grease,Manual,4.05,Overdue,Yes
LB000005957,EQ00002264,2025-04-08,Pump Bearing Grease,Manual,0.86,Early,Yes
LB000005958,EQ00002264,2024-07-21,Pump Bearing Grease,Manual,0.55,Early,Yes
LB000005959,EQ00002264,2022-02-14,Pump Bearing Grease,Manual,4.38,Early,Yes
LB000005960,EQ00002267,2022-05-20,Wire Rope / Gear Grease,Manual,1.21,Normal,Yes
LB000005961,EQ00002267,2023-09-16,Wire Rope / Gear Grease,Manual,2.11,Early,Yes
LB000005962,EQ00002267,2025-04-30,Wire Rope / Gear Grease,Manual,3.66,Normal,Yes
LB000005963,EQ00002267,2024-02-15,Wire Rope / Gear Grease,Manual,1.72,Normal,Yes
LB000005964,EQ00002267,2021-04-28,Wire Rope / Gear Grease,Manual,1.21,Early,Yes
LB000005965,EQ00002268,2025-09-09,Engine / Gear Lubricant,Workshop service,1.96,Early,Yes
LB000005966,EQ00002268,2023-08-22,Engine / Gear Lubricant,Workshop service,4.88,Early,Yes
LB000005967,EQ00002268,2026-04-21,Engine / Gear Lubricant,Workshop service,3.29,Normal,Yes
LB000005968,EQ00002268,2022-10-03,Engine / Gear Lubricant,Workshop service,2.9,Overdue,Yes
LB000005969,EQ00002268,2025-01-31,Engine / Gear Lubricant,Workshop service,3.07,Normal,Yes
LB000005970,EQ00002270,2022-05-26,Pump Bearing Grease,Manual,0.35,Overdue,Yes
LB000005971,EQ00002270,2024-04-26,Pump Bearing Grease,Manual,3.29,Overdue,Yes
LB000005972,EQ00002270,2023-08-31,Pump Bearing Grease,Manual,3.58,Early,Yes
LB000005973,EQ00002270,2026-04-28,Pump Bearing Grease,Manual,4.99,Overdue,Yes
LB000005974,EQ00002270,2021-06-13,Pump Bearing Grease,Manual,4.62,Normal,Yes
LB000005975,EQ00002271,2026-02-13,Machine Oil / Grease,Manual,1.95,Normal,Yes
LB000005976,EQ00002271,2024-12-17,Machine Oil / Grease,Manual,3.86,Overdue,Yes
LB000005977,EQ00002271,2024-10-04,Machine Oil / Grease,Manual,1.55,Normal,Yes
LB000005978,EQ00002271,2021-04-17,Machine Oil / Grease,Manual,2.26,Early,Yes
LB000005979,EQ00002273,2023-03-09,Process/Mechanical Lubricant,Manual / automated,4.64,Normal,Yes
LB000005980,EQ00002273,2022-04-16,Process/Mechanical Lubricant,Manual / automated,3.51,Overdue,Yes
LB000005981,EQ00002273,2022-11-03,Process/Mechanical Lubricant,Manual / automated,2.8,Early,Yes
LB000005982,EQ00002273,2025-03-30,Process/Mechanical Lubricant,Manual / automated,0.82,Overdue,Yes
LB000005983,EQ00002274,2025-03-24,Process/Mechanical Lubricant,Manual / automated,4.9,Normal,Yes
LB000005984,EQ00002275,2024-12-04,Bearing Oil / Grease,Manual / auto-lube,3.13,Overdue,Yes
LB000005985,EQ00002275,2024-10-13,Bearing Oil / Grease,Manual / auto-lube,2.9,Overdue,Yes
LB000005986,EQ00002275,2025-03-23,Bearing Oil / Grease,Manual / auto-lube,3.21,Overdue,Yes
LB000005987,EQ00002275,2026-06-11,Bearing Oil / Grease,Manual / auto-lube,1.73,Overdue,Yes
LB000005988,EQ00002275,2023-10-15,Bearing Oil / Grease,Manual / auto-lube,3.81,Normal,Yes
LB000005989,EQ00002275,2024-01-26,Bearing Oil / Grease,Manual / auto-lube,2.96,Overdue,Yes
LB000005990,EQ00002276,2023-07-02,Machine Oil / Grease,Manual,0.17,Early,Yes
LB000005991,EQ00002277,2021-11-13,Process/Mechanical Lubricant,Manual / automated,1.46,Early,Yes
LB000005992,EQ00002277,2026-01-19,Process/Mechanical Lubricant,Manual / automated,1.81,Normal,Yes
LB000005993,EQ00002277,2024-08-03,Process/Mechanical Lubricant,Manual / automated,0.82,Early,Yes
LB000005994,EQ00002277,2021-11-04,Process/Mechanical Lubricant,Manual / automated,0.4,Normal,Yes
LB000005995,EQ00002277,2022-08-30,Process/Mechanical Lubricant,Manual / automated,3.43,Early,Yes
LB000005996,EQ00002277,2025-05-20,Process/Mechanical Lubricant,Manual / automated,2.0,Early,Yes
LB000005997,EQ00002278,2022-05-22,EP Gear Oil / Grease,Grease gun / centralized,3.88,Early,Yes
LB000005998,EQ00002278,2021-07-23,EP Gear Oil / Grease,Grease gun / centralized,4.16,Overdue,Yes
LB000005999,EQ00002278,2022-12-07,EP Gear Oil / Grease,Grease gun / centralized,2.37,Early,Yes
LB000006000,EQ00002279,2022-07-19,EP Gear Oil / Grease,Grease gun / centralized,3.42,Overdue,Yes
LB000006001,EQ00002279,2024-05-27,EP Gear Oil / Grease,Grease gun / centralized,4.38,Early,Yes
LB000006002,EQ00002279,2022-04-13,EP Gear Oil / Grease,Grease gun / centralized,2.87,Normal,Yes
LB000006003,EQ00002279,2023-04-13,EP Gear Oil / Grease,Grease gun / centralized,3.22,Normal,Yes
LB000006004,EQ00002279,2022-07-11,EP Gear Oil / Grease,Grease gun / centralized,1.16,Normal,Yes
LB000006005,EQ00002279,2024-01-21,EP Gear Oil / Grease,Grease gun / centralized,3.6,Overdue,Yes
LB000006006,EQ00002280,2022-01-27,Machine Oil / Grease,Manual,2.25,Normal,Yes
LB000006007,EQ00002280,2023-05-08,Machine Oil / Grease,Manual,4.31,Overdue,Yes
LB000006008,EQ00002280,2026-03-15,Machine Oil / Grease,Manual,1.34,Normal,Yes
LB000006009,EQ00002282,2025-05-29,Bearing Grease,Manual,0.14,Normal,Yes
LB000006010,EQ00002282,2023-09-08,Bearing Grease,Manual,1.65,Overdue,Yes
LB000006011,EQ00002283,2022-02-17,Bearing Oil / Grease,Manual / auto-lube,0.79,Early,Yes
LB000006012,EQ00002283,2025-11-25,Bearing Oil / Grease,Manual / auto-lube,2.79,Normal,Yes
LB000006013,EQ00002283,2025-10-16,Bearing Oil / Grease,Manual / auto-lube,2.29,Normal,Yes
LB000006014,EQ00002283,2021-11-27,Bearing Oil / Grease,Manual / auto-lube,0.3,Early,Yes
LB000006015,EQ00002283,2024-09-15,Bearing Oil / Grease,Manual / auto-lube,4.99,Normal,Yes
LB000006016,EQ00002283,2023-01-10,Bearing Oil / Grease,Manual / auto-lube,1.68,Early,Yes
LB000006017,EQ00002285,2022-07-06,Machine Oil / Grease,Manual,0.89,Normal,Yes
LB000006018,EQ00002285,2024-06-20,Machine Oil / Grease,Manual,1.25,Normal,Yes
LB000006019,EQ00002285,2022-03-27,Machine Oil / Grease,Manual,3.73,Overdue,Yes
LB000006020,EQ00002285,2026-08-27,Machine Oil / Grease,Manual,2.64,Early,Yes
LB000006021,EQ00002286,2025-07-18,EP Gear Oil / Grease,Grease gun / centralized,4.85,Early,Yes
LB000006022,EQ00002286,2024-11-02,EP Gear Oil / Grease,Grease gun / centralized,4.58,Early,Yes
LB000006023,EQ00002286,2023-02-24,EP Gear Oil / Grease,Grease gun / centralized,1.69,Normal,Yes
LB000006024,EQ00002286,2024-02-09,EP Gear Oil / Grease,Grease gun / centralized,1.99,Early,Yes
LB000006025,EQ00002288,2026-08-11,Process/Mechanical Lubricant,Manual / automated,0.93,Overdue,Yes
LB000006026,EQ00002288,2026-01-31,Process/Mechanical Lubricant,Manual / automated,0.33,Normal,Yes
LB000006027,EQ00002288,2023-05-12,Process/Mechanical Lubricant,Manual / automated,3.92,Early,Yes
LB000006028,EQ00002291,2024-12-29,Process/Mechanical Lubricant,Manual / automated,1.38,Overdue,Yes
LB000006029,EQ00002291,2025-02-20,Process/Mechanical Lubricant,Manual / automated,3.38,Overdue,Yes
LB000006030,EQ00002291,2024-05-07,Process/Mechanical Lubricant,Manual / automated,4.79,Overdue,Yes
LB000006031,EQ00002291,2023-07-31,Process/Mechanical Lubricant,Manual / automated,4.59,Early,Yes
LB000006032,EQ00002291,2022-10-06,Process/Mechanical Lubricant,Manual / automated,3.1,Normal,Yes
LB000006033,EQ00002292,2021-10-08,Wire Rope / Gear Grease,Manual,1.96,Early,Yes
LB000006034,EQ00002292,2025-07-11,Wire Rope / Gear Grease,Manual,0.6,Normal,Yes
LB000006035,EQ00002292,2023-02-14,Wire Rope / Gear Grease,Manual,2.09,Overdue,Yes
LB000006036,EQ00002293,2026-05-21,Pump Bearing Grease,Manual,1.31,Normal,Yes
LB000006037,EQ00002295,2021-10-15,Bearing Grease,Manual,4.08,Overdue,Yes
LB000006038,EQ00002295,2023-02-18,Bearing Grease,Manual,0.32,Overdue,Yes
LB000006039,EQ00002295,2023-08-28,Bearing Grease,Manual,2.18,Early,Yes
LB000006040,EQ00002295,2022-08-08,Bearing Grease,Manual,1.42,Normal,Yes
LB000006041,EQ00002295,2024-12-12,Bearing Grease,Manual,1.33,Normal,Yes
LB000006042,EQ00002295,2024-12-11,Bearing Grease,Manual,2.8,Overdue,Yes
LB000006043,EQ00002297,2024-05-28,Engine / Gear Lubricant,Workshop service,4.5,Overdue,Yes
LB000006044,EQ00002298,2023-11-09,EP Gear Oil / Grease,Grease gun / centralized,2.16,Early,Yes
LB000006045,EQ00002298,2026-05-29,EP Gear Oil / Grease,Grease gun / centralized,1.49,Early,Yes
LB000006046,EQ00002298,2026-07-16,EP Gear Oil / Grease,Grease gun / centralized,3.23,Normal,Yes
LB000006047,EQ00002299,2025-06-30,Bearing Oil / Grease,Manual / auto-lube,2.42,Overdue,Yes
LB000006048,EQ00002299,2025-07-15,Bearing Oil / Grease,Manual / auto-lube,0.54,Normal,Yes
LB000006049,EQ00002300,2025-05-09,Process/Mechanical Lubricant,Manual / automated,3.31,Overdue,Yes
LB000006050,EQ00002300,2023-04-06,Process/Mechanical Lubricant,Manual / automated,3.35,Early,Yes
LB000006051,EQ00002300,2023-08-18,Process/Mechanical Lubricant,Manual / automated,2.88,Overdue,Yes
LB000006052,EQ00002301,2023-09-03,Pump Bearing Grease,Manual,3.03,Normal,Yes
LB000006053,EQ00002303,2021-04-08,Pump Bearing Grease,Manual,2.01,Overdue,Yes
LB000006054,EQ00002303,2024-09-09,Pump Bearing Grease,Manual,1.95,Early,Yes
LB000006055,EQ00002303,2025-07-07,Pump Bearing Grease,Manual,1.29,Overdue,Yes
LB000006056,EQ00002303,2024-10-05,Pump Bearing Grease,Manual,2.74,Early,Yes
LB000006057,EQ00002303,2026-06-15,Pump Bearing Grease,Manual,3.94,Normal,Yes
LB000006058,EQ00002303,2026-04-11,Pump Bearing Grease,Manual,4.72,Normal,Yes
LB000006059,EQ00002304,2022-01-12,EP Gear Oil / Grease,Grease gun / centralized,4.83,Early,Yes
LB000006060,EQ00002304,2023-02-23,EP Gear Oil / Grease,Grease gun / centralized,3.61,Overdue,Yes
LB000006061,EQ00002304,2021-02-05,EP Gear Oil / Grease,Grease gun / centralized,4.21,Early,Yes
LB000006062,EQ00002304,2025-02-25,EP Gear Oil / Grease,Grease gun / centralized,0.19,Early,Yes
LB000006063,EQ00002304,2026-07-23,EP Gear Oil / Grease,Grease gun / centralized,1.47,Early,Yes
LB000006064,EQ00002305,2022-06-24,Machine Oil / Grease,Manual,0.78,Overdue,Yes
LB000006065,EQ00002305,2022-12-20,Machine Oil / Grease,Manual,4.21,Normal,Yes
LB000006066,EQ00002305,2024-10-11,Machine Oil / Grease,Manual,3.91,Overdue,Yes
LB000006067,EQ00002305,2023-01-22,Machine Oil / Grease,Manual,1.2,Early,Yes
LB000006068,EQ00002305,2026-02-13,Machine Oil / Grease,Manual,0.21,Normal,Yes
LB000006069,EQ00002305,2022-05-21,Machine Oil / Grease,Manual,4.51,Overdue,Yes
LB000006070,EQ00002306,2024-09-22,Wire Rope / Gear Grease,Manual,2.02,Normal,Yes
LB000006071,EQ00002306,2025-06-03,Wire Rope / Gear Grease,Manual,1.87,Normal,Yes
LB000006072,EQ00002306,2022-12-17,Wire Rope / Gear Grease,Manual,3.33,Normal,Yes
LB000006073,EQ00002306,2025-09-19,Wire Rope / Gear Grease,Manual,4.43,Overdue,Yes
LB000006074,EQ00002306,2023-01-04,Wire Rope / Gear Grease,Manual,4.71,Normal,Yes
LB000006075,EQ00002308,2022-04-11,Process/Mechanical Lubricant,Manual / automated,0.66,Early,Yes
LB000006076,EQ00002308,2026-01-25,Process/Mechanical Lubricant,Manual / automated,1.3,Normal,Yes
LB000006077,EQ00002308,2023-01-14,Process/Mechanical Lubricant,Manual / automated,0.9,Overdue,Yes
LB000006078,EQ00002308,2022-02-18,Process/Mechanical Lubricant,Manual / automated,2.95,Overdue,Yes
LB000006079,EQ00002308,2024-12-31,Process/Mechanical Lubricant,Manual / automated,4.79,Early,Yes
LB000006080,EQ00002309,2021-09-04,Pump Bearing Grease,Manual,3.29,Overdue,Yes
LB000006081,EQ00002309,2025-06-24,Pump Bearing Grease,Manual,1.28,Early,Yes
LB000006082,EQ00002309,2024-03-23,Pump Bearing Grease,Manual,3.91,Early,Yes
LB000006083,EQ00002309,2026-04-18,Pump Bearing Grease,Manual,3.6,Early,Yes
LB000006084,EQ00002309,2025-11-03,Pump Bearing Grease,Manual,1.1,Early,Yes
LB000006085,EQ00002309,2021-12-01,Pump Bearing Grease,Manual,3.35,Normal,Yes
LB000006086,EQ00002310,2025-09-19,Wire Rope / Gear Grease,Manual,4.21,Overdue,Yes
LB000006087,EQ00002311,2021-11-04,Bearing Grease,Manual,1.53,Early,Yes
LB000006088,EQ00002311,2021-09-22,Bearing Grease,Manual,1.13,Early,Yes
LB000006089,EQ00002312,2026-04-13,Process/Mechanical Lubricant,Manual / automated,2.5,Overdue,Yes
LB000006090,EQ00002312,2022-04-08,Process/Mechanical Lubricant,Manual / automated,0.93,Overdue,Yes
LB000006091,EQ00002312,2021-05-26,Process/Mechanical Lubricant,Manual / automated,4.09,Normal,Yes
LB000006092,EQ00002312,2021-01-08,Process/Mechanical Lubricant,Manual / automated,3.56,Overdue,Yes
LB000006093,EQ00002312,2021-06-06,Process/Mechanical Lubricant,Manual / automated,1.12,Overdue,Yes
LB000006094,EQ00002313,2025-11-23,Process/Mechanical Lubricant,Manual / automated,4.82,Overdue,Yes
LB000006095,EQ00002313,2022-03-01,Process/Mechanical Lubricant,Manual / automated,0.29,Early,Yes
LB000006096,EQ00002313,2025-11-03,Process/Mechanical Lubricant,Manual / automated,4.51,Overdue,Yes
LB000006097,EQ00002315,2022-03-20,EP Gear Oil / Grease,Grease gun / centralized,1.7,Early,Yes
LB000006098,EQ00002315,2025-04-25,EP Gear Oil / Grease,Grease gun / centralized,3.52,Normal,Yes
LB000006099,EQ00002316,2026-08-23,Machine Oil / Grease,Manual,1.09,Normal,Yes
LB000006100,EQ00002316,2022-07-26,Machine Oil / Grease,Manual,4.71,Normal,Yes
LB000006101,EQ00002317,2025-12-04,EP Gear Oil / Grease,Grease gun / centralized,4.93,Early,Yes
LB000006102,EQ00002318,2022-08-29,Bearing Grease,Manual,1.65,Normal,Yes
LB000006103,EQ00002318,2021-04-07,Bearing Grease,Manual,2.19,Early,Yes
LB000006104,EQ00002318,2021-04-02,Bearing Grease,Manual,3.4,Early,Yes
LB000006105,EQ00002318,2021-06-22,Bearing Grease,Manual,4.54,Overdue,Yes
LB000006106,EQ00002318,2025-07-12,Bearing Grease,Manual,4.62,Overdue,Yes
LB000006107,EQ00002319,2021-04-17,EP Gear Oil / Grease,Grease gun / centralized,3.82,Normal,Yes
LB000006108,EQ00002319,2021-08-01,EP Gear Oil / Grease,Grease gun / centralized,4.02,Overdue,Yes
LB000006109,EQ00002319,2026-02-21,EP Gear Oil / Grease,Grease gun / centralized,2.07,Overdue,Yes
LB000006110,EQ00002321,2023-04-03,EP Gear Oil / Grease,Grease gun / centralized,0.96,Overdue,Yes
LB000006111,EQ00002322,2022-01-08,EP Gear Oil / Grease,Grease gun / centralized,1.1,Overdue,Yes
LB000006112,EQ00002322,2024-09-16,EP Gear Oil / Grease,Grease gun / centralized,1.57,Overdue,Yes
LB000006113,EQ00002322,2022-02-21,EP Gear Oil / Grease,Grease gun / centralized,2.14,Early,Yes
LB000006114,EQ00002322,2021-03-28,EP Gear Oil / Grease,Grease gun / centralized,1.92,Early,Yes
LB000006115,EQ00002323,2024-11-02,Pump Bearing Grease,Manual,3.14,Overdue,Yes
LB000006116,EQ00002323,2021-12-11,Pump Bearing Grease,Manual,3.96,Early,Yes
LB000006117,EQ00002323,2021-04-08,Pump Bearing Grease,Manual,1.14,Early,Yes
LB000006118,EQ00002323,2021-08-15,Pump Bearing Grease,Manual,2.31,Early,Yes
LB000006119,EQ00002325,2023-05-31,EP Gear Oil / Grease,Grease gun / centralized,4.82,Overdue,Yes
LB000006120,EQ00002325,2022-08-12,EP Gear Oil / Grease,Grease gun / centralized,3.65,Normal,Yes
LB000006121,EQ00002325,2026-03-22,EP Gear Oil / Grease,Grease gun / centralized,2.4,Early,Yes
LB000006122,EQ00002325,2022-05-29,EP Gear Oil / Grease,Grease gun / centralized,0.62,Overdue,Yes
LB000006123,EQ00002325,2021-07-22,EP Gear Oil / Grease,Grease gun / centralized,3.0,Early,Yes
LB000006124,EQ00002326,2025-08-22,EP Gear Oil / Grease,Grease gun / centralized,2.73,Overdue,Yes
LB000006125,EQ00002326,2021-04-05,EP Gear Oil / Grease,Grease gun / centralized,1.39,Normal,Yes
LB000006126,EQ00002330,2026-02-24,Machine Oil / Grease,Manual,4.08,Early,Yes
LB000006127,EQ00002331,2023-09-20,EP Gear Oil / Grease,Grease gun / centralized,3.42,Overdue,Yes
LB000006128,EQ00002332,2026-02-07,Bearing Oil / Grease,Manual / auto-lube,3.23,Early,Yes
LB000006129,EQ00002332,2023-08-29,Bearing Oil / Grease,Manual / auto-lube,1.26,Early,Yes
LB000006130,EQ00002333,2022-06-06,Bearing Grease,Manual,2.77,Overdue,Yes
LB000006131,EQ00002333,2022-03-10,Bearing Grease,Manual,2.27,Normal,Yes
LB000006132,EQ00002333,2024-01-05,Bearing Grease,Manual,2.73,Overdue,Yes
LB000006133,EQ00002333,2023-10-27,Bearing Grease,Manual,0.8,Overdue,Yes
LB000006134,EQ00002333,2022-05-07,Bearing Grease,Manual,2.05,Overdue,Yes
LB000006135,EQ00002333,2022-03-11,Bearing Grease,Manual,3.64,Normal,Yes
LB000006136,EQ00002335,2024-10-27,Engine / Gear Lubricant,Workshop service,3.61,Early,Yes
LB000006137,EQ00002335,2021-11-30,Engine / Gear Lubricant,Workshop service,3.46,Early,Yes
LB000006138,EQ00002335,2022-09-13,Engine / Gear Lubricant,Workshop service,4.58,Early,Yes
LB000006139,EQ00002335,2024-07-29,Engine / Gear Lubricant,Workshop service,4.41,Early,Yes
LB000006140,EQ00002335,2024-12-27,Engine / Gear Lubricant,Workshop service,0.44,Overdue,Yes
LB000006141,EQ00002335,2024-05-06,Engine / Gear Lubricant,Workshop service,0.12,Early,Yes
LB000006142,EQ00002339,2026-06-29,EP Gear Oil / Grease,Grease gun / centralized,2.8,Normal,Yes
LB000006143,EQ00002339,2026-02-02,EP Gear Oil / Grease,Grease gun / centralized,4.95,Overdue,Yes
LB000006144,EQ00002339,2026-05-04,EP Gear Oil / Grease,Grease gun / centralized,3.3,Early,Yes
LB000006145,EQ00002339,2023-04-30,EP Gear Oil / Grease,Grease gun / centralized,2.06,Normal,Yes
LB000006146,EQ00002339,2022-10-12,EP Gear Oil / Grease,Grease gun / centralized,3.67,Early,Yes
LB000006147,EQ00002339,2025-07-20,EP Gear Oil / Grease,Grease gun / centralized,2.87,Early,Yes
LB000006148,EQ00002340,2025-03-13,EP Gear Oil / Grease,Grease gun / centralized,3.44,Overdue,Yes
LB000006149,EQ00002341,2026-08-25,Machine Oil / Grease,Manual,4.71,Overdue,Yes
LB000006150,EQ00002344,2025-08-30,Wire Rope / Gear Grease,Manual,2.48,Early,Yes
LB000006151,EQ00002345,2026-06-19,Engine / Gear Lubricant,Workshop service,0.98,Normal,Yes
LB000006152,EQ00002347,2021-06-16,Pump Bearing Grease,Manual,3.67,Normal,Yes
LB000006153,EQ00002347,2023-03-08,Pump Bearing Grease,Manual,1.69,Overdue,Yes
LB000006154,EQ00002348,2025-04-14,Wire Rope / Gear Grease,Manual,2.8,Early,Yes
LB000006155,EQ00002349,2021-07-18,Process/Mechanical Lubricant,Manual / automated,2.97,Overdue,Yes
LB000006156,EQ00002349,2026-03-13,Process/Mechanical Lubricant,Manual / automated,0.91,Early,Yes
LB000006157,EQ00002350,2024-06-14,Bearing Oil / Grease,Manual / auto-lube,4.96,Normal,Yes
LB000006158,EQ00002350,2021-10-03,Bearing Oil / Grease,Manual / auto-lube,3.63,Normal,Yes
LB000006159,EQ00002350,2023-08-07,Bearing Oil / Grease,Manual / auto-lube,0.24,Overdue,Yes
LB000006160,EQ00002351,2021-12-14,Bearing Grease,Manual,0.92,Normal,Yes
LB000006161,EQ00002351,2025-11-17,Bearing Grease,Manual,1.79,Early,Yes
LB000006162,EQ00002352,2026-07-25,Bearing Oil / Grease,Manual / auto-lube,0.92,Early,Yes
LB000006163,EQ00002352,2021-12-29,Bearing Oil / Grease,Manual / auto-lube,1.73,Overdue,Yes
LB000006164,EQ00002352,2022-09-21,Bearing Oil / Grease,Manual / auto-lube,4.71,Normal,Yes
LB000006165,EQ00002354,2023-07-24,Bearing Oil / Grease,Manual / auto-lube,4.92,Early,Yes
LB000006166,EQ00002354,2026-06-10,Bearing Oil / Grease,Manual / auto-lube,2.89,Overdue,Yes
LB000006167,EQ00002355,2025-12-13,Machine Oil / Grease,Manual,4.13,Normal,Yes
LB000006168,EQ00002355,2026-06-22,Machine Oil / Grease,Manual,0.35,Overdue,Yes
LB000006169,EQ00002355,2024-04-17,Machine Oil / Grease,Manual,3.53,Early,Yes
LB000006170,EQ00002355,2021-03-08,Machine Oil / Grease,Manual,2.39,Overdue,Yes
LB000006171,EQ00002355,2024-12-21,Machine Oil / Grease,Manual,0.24,Overdue,Yes
LB000006172,EQ00002355,2021-12-24,Machine Oil / Grease,Manual,3.75,Early,Yes
LB000006173,EQ00002356,2025-09-09,Bearing Grease,Manual,3.91,Overdue,Yes
LB000006174,EQ00002356,2025-09-30,Bearing Grease,Manual,1.84,Early,Yes
LB000006175,EQ00002356,2023-10-11,Bearing Grease,Manual,4.78,Early,Yes
LB000006176,EQ00002357,2025-12-03,Machine Oil / Grease,Manual,4.65,Early,Yes
LB000006177,EQ00002357,2021-10-03,Machine Oil / Grease,Manual,1.6,Early,Yes
LB000006178,EQ00002357,2025-04-24,Machine Oil / Grease,Manual,0.29,Normal,Yes
LB000006179,EQ00002357,2023-12-16,Machine Oil / Grease,Manual,3.39,Early,Yes
LB000006180,EQ00002357,2023-11-20,Machine Oil / Grease,Manual,0.17,Early,Yes
LB000006181,EQ00002359,2024-09-15,EP Gear Oil / Grease,Grease gun / centralized,1.23,Overdue,Yes
LB000006182,EQ00002359,2021-05-09,EP Gear Oil / Grease,Grease gun / centralized,4.52,Overdue,Yes
LB000006183,EQ00002359,2025-06-29,EP Gear Oil / Grease,Grease gun / centralized,2.11,Normal,Yes
LB000006184,EQ00002360,2021-01-11,Bearing Grease,Manual,4.48,Early,Yes
LB000006185,EQ00002360,2022-01-01,Bearing Grease,Manual,3.17,Normal,Yes
LB000006186,EQ00002360,2024-09-06,Bearing Grease,Manual,3.71,Normal,Yes
LB000006187,EQ00002361,2025-06-18,Wire Rope / Gear Grease,Manual,2.28,Early,Yes
LB000006188,EQ00002361,2025-07-23,Wire Rope / Gear Grease,Manual,0.16,Early,Yes
LB000006189,EQ00002361,2023-08-01,Wire Rope / Gear Grease,Manual,1.64,Normal,Yes
LB000006190,EQ00002361,2026-07-02,Wire Rope / Gear Grease,Manual,4.44,Normal,Yes
LB000006191,EQ00002362,2023-09-15,EP Gear Oil / Grease,Grease gun / centralized,3.04,Normal,Yes
LB000006192,EQ00002362,2023-12-25,EP Gear Oil / Grease,Grease gun / centralized,4.79,Normal,Yes
LB000006193,EQ00002362,2023-05-27,EP Gear Oil / Grease,Grease gun / centralized,2.18,Early,Yes
LB000006194,EQ00002362,2025-12-06,EP Gear Oil / Grease,Grease gun / centralized,4.37,Normal,Yes
LB000006195,EQ00002363,2021-04-28,Engine / Gear Lubricant,Workshop service,4.68,Overdue,Yes
LB000006196,EQ00002366,2026-02-17,Process/Mechanical Lubricant,Manual / automated,1.03,Early,Yes
LB000006197,EQ00002366,2021-01-01,Process/Mechanical Lubricant,Manual / automated,2.9,Early,Yes
LB000006198,EQ00002366,2024-03-30,Process/Mechanical Lubricant,Manual / automated,3.61,Normal,Yes
LB000006199,EQ00002366,2023-04-26,Process/Mechanical Lubricant,Manual / automated,2.58,Overdue,Yes
LB000006200,EQ00002367,2021-09-12,Engine / Gear Lubricant,Workshop service,1.14,Early,Yes
LB000006201,EQ00002367,2021-02-06,Engine / Gear Lubricant,Workshop service,3.17,Normal,Yes
LB000006202,EQ00002367,2024-07-25,Engine / Gear Lubricant,Workshop service,4.62,Normal,Yes
LB000006203,EQ00002367,2026-03-29,Engine / Gear Lubricant,Workshop service,2.6,Normal,Yes
LB000006204,EQ00002368,2022-01-19,Engine / Gear Lubricant,Workshop service,4.58,Early,Yes
LB000006205,EQ00002368,2025-06-20,Engine / Gear Lubricant,Workshop service,2.93,Normal,Yes
LB000006206,EQ00002368,2025-11-29,Engine / Gear Lubricant,Workshop service,4.48,Normal,Yes
LB000006207,EQ00002368,2021-12-20,Engine / Gear Lubricant,Workshop service,4.33,Normal,Yes
LB000006208,EQ00002368,2026-01-06,Engine / Gear Lubricant,Workshop service,0.31,Early,Yes
LB000006209,EQ00002368,2026-03-08,Engine / Gear Lubricant,Workshop service,3.2,Overdue,Yes
LB000006210,EQ00002370,2024-05-27,Machine Oil / Grease,Manual,1.78,Normal,Yes
LB000006211,EQ00002370,2024-05-31,Machine Oil / Grease,Manual,0.21,Early,Yes
LB000006212,EQ00002371,2022-02-12,Machine Oil / Grease,Manual,2.83,Early,Yes
LB000006213,EQ00002371,2021-03-19,Machine Oil / Grease,Manual,3.83,Early,Yes
LB000006214,EQ00002371,2024-08-25,Machine Oil / Grease,Manual,4.42,Normal,Yes
LB000006215,EQ00002371,2021-05-25,Machine Oil / Grease,Manual,4.88,Early,Yes
LB000006216,EQ00002371,2022-05-23,Machine Oil / Grease,Manual,4.17,Early,Yes
LB000006217,EQ00002372,2025-05-14,Machine Oil / Grease,Manual,4.26,Overdue,Yes
LB000006218,EQ00002373,2021-01-10,Engine / Gear Lubricant,Workshop service,2.05,Normal,Yes
LB000006219,EQ00002373,2025-04-07,Engine / Gear Lubricant,Workshop service,4.69,Overdue,Yes
LB000006220,EQ00002373,2024-05-03,Engine / Gear Lubricant,Workshop service,4.17,Early,Yes
LB000006221,EQ00002373,2021-05-04,Engine / Gear Lubricant,Workshop service,3.38,Normal,Yes
LB000006222,EQ00002373,2023-10-26,Engine / Gear Lubricant,Workshop service,1.07,Early,Yes
LB000006223,EQ00002373,2026-03-04,Engine / Gear Lubricant,Workshop service,2.03,Overdue,Yes
LB000006224,EQ00002374,2026-03-13,Bearing Oil / Grease,Manual / auto-lube,1.42,Early,Yes
LB000006225,EQ00002374,2025-02-12,Bearing Oil / Grease,Manual / auto-lube,4.46,Overdue,Yes
LB000006226,EQ00002374,2023-01-02,Bearing Oil / Grease,Manual / auto-lube,3.78,Overdue,Yes
LB000006227,EQ00002375,2026-05-12,Wire Rope / Gear Grease,Manual,1.43,Normal,Yes
LB000006228,EQ00002375,2022-12-04,Wire Rope / Gear Grease,Manual,2.63,Overdue,Yes
LB000006229,EQ00002375,2021-04-11,Wire Rope / Gear Grease,Manual,2.24,Early,Yes
LB000006230,EQ00002375,2026-01-09,Wire Rope / Gear Grease,Manual,2.48,Normal,Yes
LB000006231,EQ00002379,2022-08-21,Machine Oil / Grease,Manual,2.53,Normal,Yes
LB000006232,EQ00002379,2022-02-23,Machine Oil / Grease,Manual,2.0,Early,Yes
LB000006233,EQ00002380,2024-12-01,Machine Oil / Grease,Manual,0.42,Normal,Yes
LB000006234,EQ00002380,2023-01-03,Machine Oil / Grease,Manual,4.68,Overdue,Yes
LB000006235,EQ00002382,2021-06-13,Machine Oil / Grease,Manual,1.33,Normal,Yes
LB000006236,EQ00002382,2024-10-07,Machine Oil / Grease,Manual,2.57,Early,Yes
LB000006237,EQ00002382,2023-11-14,Machine Oil / Grease,Manual,4.97,Normal,Yes
LB000006238,EQ00002382,2021-10-10,Machine Oil / Grease,Manual,2.39,Early,Yes
LB000006239,EQ00002382,2021-11-05,Machine Oil / Grease,Manual,4.25,Overdue,Yes
LB000006240,EQ00002382,2021-08-21,Machine Oil / Grease,Manual,3.57,Overdue,Yes
LB000006241,EQ00002386,2021-08-08,EP Gear Oil / Grease,Grease gun / centralized,4.48,Normal,Yes
LB000006242,EQ00002386,2022-08-13,EP Gear Oil / Grease,Grease gun / centralized,3.2,Overdue,Yes
LB000006243,EQ00002386,2025-12-11,EP Gear Oil / Grease,Grease gun / centralized,0.47,Overdue,Yes
LB000006244,EQ00002386,2025-06-15,EP Gear Oil / Grease,Grease gun / centralized,3.06,Overdue,Yes
LB000006245,EQ00002386,2024-11-20,EP Gear Oil / Grease,Grease gun / centralized,1.0,Overdue,Yes
LB000006246,EQ00002386,2023-07-13,EP Gear Oil / Grease,Grease gun / centralized,1.06,Early,Yes
LB000006247,EQ00002387,2021-12-05,EP Gear Oil / Grease,Grease gun / centralized,1.85,Early,Yes
LB000006248,EQ00002387,2025-02-11,EP Gear Oil / Grease,Grease gun / centralized,4.09,Early,Yes
LB000006249,EQ00002387,2022-03-02,EP Gear Oil / Grease,Grease gun / centralized,0.14,Normal,Yes
LB000006250,EQ00002387,2021-02-08,EP Gear Oil / Grease,Grease gun / centralized,4.19,Overdue,Yes
LB000006251,EQ00002387,2023-01-01,EP Gear Oil / Grease,Grease gun / centralized,2.68,Overdue,Yes
LB000006252,EQ00002388,2022-09-16,Wire Rope / Gear Grease,Manual,0.36,Normal,Yes
LB000006253,EQ00002388,2024-02-21,Wire Rope / Gear Grease,Manual,1.42,Overdue,Yes
LB000006254,EQ00002388,2024-07-01,Wire Rope / Gear Grease,Manual,3.85,Normal,Yes
LB000006255,EQ00002388,2023-08-26,Wire Rope / Gear Grease,Manual,4.26,Early,Yes
LB000006256,EQ00002389,2025-02-09,Bearing Grease,Manual,3.52,Overdue,Yes
LB000006257,EQ00002389,2024-05-06,Bearing Grease,Manual,1.38,Early,Yes
LB000006258,EQ00002389,2022-10-07,Bearing Grease,Manual,2.94,Early,Yes
LB000006259,EQ00002389,2022-11-27,Bearing Grease,Manual,3.64,Early,Yes
LB000006260,EQ00002390,2025-10-17,Machine Oil / Grease,Manual,1.91,Early,Yes
LB000006261,EQ00002390,2023-11-17,Machine Oil / Grease,Manual,1.19,Early,Yes
LB000006262,EQ00002390,2023-02-09,Machine Oil / Grease,Manual,2.55,Early,Yes
LB000006263,EQ00002390,2025-01-29,Machine Oil / Grease,Manual,4.06,Overdue,Yes
LB000006264,EQ00002390,2022-06-21,Machine Oil / Grease,Manual,1.17,Overdue,Yes
LB000006265,EQ00002392,2023-08-07,Machine Oil / Grease,Manual,0.79,Early,Yes
LB000006266,EQ00002393,2021-07-11,Machine Oil / Grease,Manual,0.29,Early,Yes
LB000006267,EQ00002393,2023-04-22,Machine Oil / Grease,Manual,3.98,Overdue,Yes
LB000006268,EQ00002395,2021-07-19,Pump Bearing Grease,Manual,0.17,Overdue,Yes
LB000006269,EQ00002395,2025-05-02,Pump Bearing Grease,Manual,1.4,Overdue,Yes
LB000006270,EQ00002395,2025-02-04,Pump Bearing Grease,Manual,1.28,Overdue,Yes
LB000006271,EQ00002396,2021-01-12,Wire Rope / Gear Grease,Manual,4.86,Overdue,Yes
LB000006272,EQ00002396,2021-11-23,Wire Rope / Gear Grease,Manual,4.95,Early,Yes
LB000006273,EQ00002397,2021-12-17,Process/Mechanical Lubricant,Manual / automated,1.76,Normal,Yes
LB000006274,EQ00002397,2023-08-22,Process/Mechanical Lubricant,Manual / automated,0.33,Early,Yes
LB000006275,EQ00002398,2026-08-29,Pump Bearing Grease,Manual,3.21,Normal,Yes
LB000006276,EQ00002398,2026-05-11,Pump Bearing Grease,Manual,3.61,Early,Yes
LB000006277,EQ00002399,2024-10-03,Bearing Grease,Manual,2.47,Early,Yes
LB000006278,EQ00002399,2026-07-06,Bearing Grease,Manual,2.38,Normal,Yes
LB000006279,EQ00002400,2024-09-11,EP Gear Oil / Grease,Grease gun / centralized,2.9,Overdue,Yes
LB000006280,EQ00002401,2023-10-18,EP Gear Oil / Grease,Grease gun / centralized,1.81,Overdue,Yes
LB000006281,EQ00002401,2023-05-14,EP Gear Oil / Grease,Grease gun / centralized,4.29,Normal,Yes
LB000006282,EQ00002401,2022-03-22,EP Gear Oil / Grease,Grease gun / centralized,4.84,Normal,Yes
LB000006283,EQ00002401,2026-04-28,EP Gear Oil / Grease,Grease gun / centralized,1.9,Normal,Yes
LB000006284,EQ00002401,2024-05-20,EP Gear Oil / Grease,Grease gun / centralized,4.71,Early,Yes
LB000006285,EQ00002401,2023-12-08,EP Gear Oil / Grease,Grease gun / centralized,2.91,Overdue,Yes
LB000006286,EQ00002402,2021-05-14,Pump Bearing Grease,Manual,0.67,Early,Yes
LB000006287,EQ00002402,2022-04-15,Pump Bearing Grease,Manual,4.36,Early,Yes
LB000006288,EQ00002402,2021-04-28,Pump Bearing Grease,Manual,2.86,Overdue,Yes
LB000006289,EQ00002403,2022-02-13,Process/Mechanical Lubricant,Manual / automated,4.07,Early,Yes
LB000006290,EQ00002403,2021-08-16,Process/Mechanical Lubricant,Manual / automated,2.87,Early,Yes
LB000006291,EQ00002404,2022-03-17,Bearing Oil / Grease,Manual / auto-lube,2.69,Early,Yes
LB000006292,EQ00002404,2024-07-04,Bearing Oil / Grease,Manual / auto-lube,3.82,Early,Yes
LB000006293,EQ00002404,2025-12-16,Bearing Oil / Grease,Manual / auto-lube,2.88,Overdue,Yes
LB000006294,EQ00002404,2022-09-05,Bearing Oil / Grease,Manual / auto-lube,3.32,Normal,Yes
LB000006295,EQ00002404,2024-04-04,Bearing Oil / Grease,Manual / auto-lube,4.12,Normal,Yes
LB000006296,EQ00002405,2021-06-02,Pump Bearing Grease,Manual,0.41,Overdue,Yes
LB000006297,EQ00002405,2026-06-19,Pump Bearing Grease,Manual,1.62,Normal,Yes
LB000006298,EQ00002405,2026-06-18,Pump Bearing Grease,Manual,3.41,Normal,Yes
LB000006299,EQ00002405,2025-10-21,Pump Bearing Grease,Manual,2.06,Early,Yes
LB000006300,EQ00002405,2024-07-10,Pump Bearing Grease,Manual,0.25,Overdue,Yes
LB000006301,EQ00002405,2024-01-01,Pump Bearing Grease,Manual,1.16,Early,Yes
LB000006302,EQ00002406,2021-08-06,Process/Mechanical Lubricant,Manual / automated,4.08,Early,Yes
LB000006303,EQ00002406,2024-02-26,Process/Mechanical Lubricant,Manual / automated,1.23,Normal,Yes
LB000006304,EQ00002406,2021-11-04,Process/Mechanical Lubricant,Manual / automated,4.99,Overdue,Yes
LB000006305,EQ00002406,2024-05-28,Process/Mechanical Lubricant,Manual / automated,0.99,Normal,Yes
LB000006306,EQ00002406,2022-10-26,Process/Mechanical Lubricant,Manual / automated,3.62,Early,Yes
LB000006307,EQ00002408,2026-01-11,Wire Rope / Gear Grease,Manual,3.97,Overdue,Yes
LB000006308,EQ00002408,2022-03-16,Wire Rope / Gear Grease,Manual,0.28,Overdue,Yes
LB000006309,EQ00002408,2025-12-26,Wire Rope / Gear Grease,Manual,4.58,Normal,Yes
LB000006310,EQ00002408,2025-09-25,Wire Rope / Gear Grease,Manual,4.84,Early,Yes
LB000006311,EQ00002408,2026-06-04,Wire Rope / Gear Grease,Manual,2.54,Early,Yes
LB000006312,EQ00002411,2022-10-02,Pump Bearing Grease,Manual,2.25,Early,Yes
LB000006313,EQ00002411,2025-08-04,Pump Bearing Grease,Manual,0.27,Overdue,Yes
LB000006314,EQ00002412,2023-05-03,Machine Oil / Grease,Manual,4.38,Normal,Yes
LB000006315,EQ00002412,2022-12-31,Machine Oil / Grease,Manual,1.53,Early,Yes
LB000006316,EQ00002412,2025-02-04,Machine Oil / Grease,Manual,4.63,Normal,Yes
LB000006317,EQ00002414,2021-04-12,EP Gear Oil / Grease,Grease gun / centralized,2.71,Early,Yes
LB000006318,EQ00002414,2025-05-13,EP Gear Oil / Grease,Grease gun / centralized,2.77,Normal,Yes
LB000006319,EQ00002414,2022-08-26,EP Gear Oil / Grease,Grease gun / centralized,0.3,Overdue,Yes
LB000006320,EQ00002414,2024-01-28,EP Gear Oil / Grease,Grease gun / centralized,0.45,Overdue,Yes
LB000006321,EQ00002416,2021-04-11,Wire Rope / Gear Grease,Manual,2.42,Normal,Yes
LB000006322,EQ00002416,2026-01-04,Wire Rope / Gear Grease,Manual,2.68,Early,Yes
LB000006323,EQ00002416,2026-01-23,Wire Rope / Gear Grease,Manual,1.44,Overdue,Yes
LB000006324,EQ00002417,2021-04-22,Bearing Oil / Grease,Manual / auto-lube,4.81,Early,Yes
LB000006325,EQ00002417,2024-09-24,Bearing Oil / Grease,Manual / auto-lube,2.05,Early,Yes
LB000006326,EQ00002417,2026-06-21,Bearing Oil / Grease,Manual / auto-lube,0.91,Normal,Yes
LB000006327,EQ00002418,2025-04-19,Bearing Grease,Manual,2.26,Early,Yes
LB000006328,EQ00002418,2024-03-02,Bearing Grease,Manual,4.17,Early,Yes
LB000006329,EQ00002419,2025-12-14,Wire Rope / Gear Grease,Manual,4.51,Normal,Yes
LB000006330,EQ00002419,2024-03-27,Wire Rope / Gear Grease,Manual,1.44,Normal,Yes
LB000006331,EQ00002420,2023-10-16,Wire Rope / Gear Grease,Manual,2.82,Overdue,Yes
LB000006332,EQ00002420,2023-10-05,Wire Rope / Gear Grease,Manual,2.11,Overdue,Yes
LB000006333,EQ00002420,2024-05-06,Wire Rope / Gear Grease,Manual,4.88,Early,Yes
LB000006334,EQ00002422,2025-08-20,Wire Rope / Gear Grease,Manual,2.06,Early,Yes
LB000006335,EQ00002422,2023-05-23,Wire Rope / Gear Grease,Manual,4.59,Overdue,Yes
LB000006336,EQ00002422,2022-12-18,Wire Rope / Gear Grease,Manual,2.78,Normal,Yes
LB000006337,EQ00002422,2023-11-26,Wire Rope / Gear Grease,Manual,3.18,Overdue,Yes
LB000006338,EQ00002423,2023-10-16,Pump Bearing Grease,Manual,0.92,Early,Yes
LB000006339,EQ00002423,2024-01-17,Pump Bearing Grease,Manual,2.99,Normal,Yes
LB000006340,EQ00002423,2023-09-15,Pump Bearing Grease,Manual,1.39,Normal,Yes
LB000006341,EQ00002423,2024-09-17,Pump Bearing Grease,Manual,3.74,Normal,Yes
LB000006342,EQ00002423,2024-04-13,Pump Bearing Grease,Manual,4.84,Early,Yes
LB000006343,EQ00002424,2025-02-06,Process/Mechanical Lubricant,Manual / automated,0.98,Normal,Yes
LB000006344,EQ00002424,2023-03-25,Process/Mechanical Lubricant,Manual / automated,2.23,Normal,Yes
LB000006345,EQ00002424,2022-11-05,Process/Mechanical Lubricant,Manual / automated,0.97,Overdue,Yes
LB000006346,EQ00002425,2025-02-23,Bearing Grease,Manual,3.95,Overdue,Yes
LB000006347,EQ00002425,2023-01-14,Bearing Grease,Manual,4.86,Overdue,Yes
LB000006348,EQ00002425,2022-04-15,Bearing Grease,Manual,0.91,Overdue,Yes
LB000006349,EQ00002426,2026-02-18,EP Gear Oil / Grease,Grease gun / centralized,3.45,Overdue,Yes
LB000006350,EQ00002426,2023-08-06,EP Gear Oil / Grease,Grease gun / centralized,2.3,Overdue,Yes
LB000006351,EQ00002427,2026-02-08,Engine / Gear Lubricant,Workshop service,0.72,Early,Yes
LB000006352,EQ00002427,2024-07-08,Engine / Gear Lubricant,Workshop service,1.89,Early,Yes
LB000006353,EQ00002429,2022-11-22,Pump Bearing Grease,Manual,0.5,Normal,Yes
LB000006354,EQ00002429,2023-08-31,Pump Bearing Grease,Manual,1.37,Overdue,Yes
LB000006355,EQ00002429,2022-02-13,Pump Bearing Grease,Manual,2.74,Normal,Yes
LB000006356,EQ00002430,2026-08-27,Bearing Oil / Grease,Manual / auto-lube,1.71,Normal,Yes
LB000006357,EQ00002433,2025-10-10,Pump Bearing Grease,Manual,3.97,Early,Yes
LB000006358,EQ00002433,2024-08-08,Pump Bearing Grease,Manual,2.97,Early,Yes
LB000006359,EQ00002433,2021-09-18,Pump Bearing Grease,Manual,3.36,Early,Yes
LB000006360,EQ00002434,2024-11-14,Pump Bearing Grease,Manual,0.38,Overdue,Yes
LB000006361,EQ00002435,2021-10-30,Bearing Oil / Grease,Manual / auto-lube,2.55,Early,Yes
LB000006362,EQ00002435,2025-08-08,Bearing Oil / Grease,Manual / auto-lube,2.24,Early,Yes
LB000006363,EQ00002435,2022-12-31,Bearing Oil / Grease,Manual / auto-lube,3.55,Normal,Yes
LB000006364,EQ00002435,2024-10-08,Bearing Oil / Grease,Manual / auto-lube,2.48,Overdue,Yes
LB000006365,EQ00002435,2022-04-08,Bearing Oil / Grease,Manual / auto-lube,1.54,Normal,Yes
LB000006366,EQ00002436,2022-03-07,Process/Mechanical Lubricant,Manual / automated,2.73,Overdue,Yes
LB000006367,EQ00002436,2021-09-07,Process/Mechanical Lubricant,Manual / automated,1.82,Normal,Yes
LB000006368,EQ00002436,2022-04-18,Process/Mechanical Lubricant,Manual / automated,2.22,Overdue,Yes
LB000006369,EQ00002436,2025-09-05,Process/Mechanical Lubricant,Manual / automated,0.31,Overdue,Yes
LB000006370,EQ00002438,2022-07-12,EP Gear Oil / Grease,Grease gun / centralized,0.91,Overdue,Yes
LB000006371,EQ00002438,2023-09-06,EP Gear Oil / Grease,Grease gun / centralized,0.52,Normal,Yes
LB000006372,EQ00002438,2024-05-28,EP Gear Oil / Grease,Grease gun / centralized,1.79,Overdue,Yes
LB000006373,EQ00002438,2023-03-04,EP Gear Oil / Grease,Grease gun / centralized,0.84,Normal,Yes
LB000006374,EQ00002438,2025-11-22,EP Gear Oil / Grease,Grease gun / centralized,1.04,Overdue,Yes
LB000006375,EQ00002439,2024-05-09,EP Gear Oil / Grease,Grease gun / centralized,2.85,Normal,Yes
LB000006376,EQ00002439,2024-09-13,EP Gear Oil / Grease,Grease gun / centralized,0.91,Normal,Yes
LB000006377,EQ00002439,2023-09-07,EP Gear Oil / Grease,Grease gun / centralized,1.11,Early,Yes
LB000006378,EQ00002445,2021-05-09,EP Gear Oil / Grease,Grease gun / centralized,1.47,Overdue,Yes
LB000006379,EQ00002445,2022-07-07,EP Gear Oil / Grease,Grease gun / centralized,0.87,Normal,Yes
LB000006380,EQ00002445,2022-11-02,EP Gear Oil / Grease,Grease gun / centralized,4.19,Early,Yes
LB000006381,EQ00002447,2021-10-07,EP Gear Oil / Grease,Grease gun / centralized,4.37,Normal,Yes
LB000006382,EQ00002447,2021-08-22,EP Gear Oil / Grease,Grease gun / centralized,0.84,Normal,Yes
LB000006383,EQ00002447,2026-03-15,EP Gear Oil / Grease,Grease gun / centralized,0.65,Overdue,Yes
LB000006384,EQ00002447,2021-12-12,EP Gear Oil / Grease,Grease gun / centralized,4.99,Normal,Yes
LB000006385,EQ00002447,2021-07-30,EP Gear Oil / Grease,Grease gun / centralized,3.86,Normal,Yes
LB000006386,EQ00002448,2021-07-19,Engine / Gear Lubricant,Workshop service,1.55,Overdue,Yes
LB000006387,EQ00002448,2021-08-25,Engine / Gear Lubricant,Workshop service,0.74,Early,Yes
LB000006388,EQ00002448,2025-06-18,Engine / Gear Lubricant,Workshop service,2.68,Overdue,Yes
LB000006389,EQ00002448,2024-09-19,Engine / Gear Lubricant,Workshop service,4.52,Normal,Yes
LB000006390,EQ00002448,2023-07-19,Engine / Gear Lubricant,Workshop service,4.23,Normal,Yes
LB000006391,EQ00002450,2026-03-25,EP Gear Oil / Grease,Grease gun / centralized,4.13,Normal,Yes
LB000006392,EQ00002451,2026-01-22,Process/Mechanical Lubricant,Manual / automated,4.9,Early,Yes
LB000006393,EQ00002451,2025-09-14,Process/Mechanical Lubricant,Manual / automated,0.31,Overdue,Yes
LB000006394,EQ00002451,2022-03-02,Process/Mechanical Lubricant,Manual / automated,0.75,Normal,Yes
LB000006395,EQ00002451,2024-04-13,Process/Mechanical Lubricant,Manual / automated,1.11,Overdue,Yes
LB000006396,EQ00002451,2026-07-13,Process/Mechanical Lubricant,Manual / automated,2.99,Overdue,Yes
LB000006397,EQ00002451,2025-05-02,Process/Mechanical Lubricant,Manual / automated,0.54,Normal,Yes
LB000006398,EQ00002453,2025-11-23,Pump Bearing Grease,Manual,1.13,Early,Yes
LB000006399,EQ00002453,2021-05-14,Pump Bearing Grease,Manual,4.58,Early,Yes
LB000006400,EQ00002453,2024-03-28,Pump Bearing Grease,Manual,0.8,Early,Yes
LB000006401,EQ00002453,2021-04-18,Pump Bearing Grease,Manual,2.42,Overdue,Yes
LB000006402,EQ00002453,2024-10-06,Pump Bearing Grease,Manual,2.13,Normal,Yes
LB000006403,EQ00002453,2022-01-27,Pump Bearing Grease,Manual,0.57,Early,Yes
LB000006404,EQ00002454,2026-03-04,Process/Mechanical Lubricant,Manual / automated,1.16,Early,Yes
LB000006405,EQ00002454,2021-07-17,Process/Mechanical Lubricant,Manual / automated,3.13,Normal,Yes
LB000006406,EQ00002454,2023-06-20,Process/Mechanical Lubricant,Manual / automated,0.24,Overdue,Yes
LB000006407,EQ00002455,2026-07-25,Pump Bearing Grease,Manual,1.1,Overdue,Yes
LB000006408,EQ00002455,2022-05-12,Pump Bearing Grease,Manual,3.63,Overdue,Yes
LB000006409,EQ00002456,2023-03-28,Pump Bearing Grease,Manual,2.79,Normal,Yes
LB000006410,EQ00002456,2023-06-17,Pump Bearing Grease,Manual,3.23,Overdue,Yes
LB000006411,EQ00002456,2022-07-23,Pump Bearing Grease,Manual,1.46,Early,Yes
LB000006412,EQ00002456,2025-12-01,Pump Bearing Grease,Manual,1.07,Early,Yes
LB000006413,EQ00002458,2021-07-31,Machine Oil / Grease,Manual,0.26,Overdue,Yes
LB000006414,EQ00002458,2024-04-27,Machine Oil / Grease,Manual,4.6,Early,Yes
LB000006415,EQ00002458,2022-01-31,Machine Oil / Grease,Manual,0.93,Overdue,Yes
LB000006416,EQ00002458,2026-08-18,Machine Oil / Grease,Manual,4.91,Overdue,Yes
LB000006417,EQ00002458,2025-08-30,Machine Oil / Grease,Manual,1.02,Overdue,Yes
LB000006418,EQ00002458,2024-06-02,Machine Oil / Grease,Manual,3.0,Early,Yes
LB000006419,EQ00002459,2022-09-09,Process/Mechanical Lubricant,Manual / automated,3.5,Early,Yes
LB000006420,EQ00002459,2021-05-14,Process/Mechanical Lubricant,Manual / automated,4.11,Normal,Yes
LB000006421,EQ00002459,2022-12-02,Process/Mechanical Lubricant,Manual / automated,3.23,Normal,Yes
LB000006422,EQ00002459,2023-11-22,Process/Mechanical Lubricant,Manual / automated,0.77,Overdue,Yes
LB000006423,EQ00002459,2021-06-21,Process/Mechanical Lubricant,Manual / automated,2.03,Normal,Yes
LB000006424,EQ00002460,2023-06-29,Process/Mechanical Lubricant,Manual / automated,2.54,Early,Yes
LB000006425,EQ00002460,2023-05-31,Process/Mechanical Lubricant,Manual / automated,1.7,Overdue,Yes
LB000006426,EQ00002460,2025-03-07,Process/Mechanical Lubricant,Manual / automated,4.23,Overdue,Yes
LB000006427,EQ00002460,2024-09-24,Process/Mechanical Lubricant,Manual / automated,2.33,Overdue,Yes
LB000006428,EQ00002461,2026-08-07,Bearing Oil / Grease,Manual / auto-lube,0.14,Normal,Yes
LB000006429,EQ00002461,2022-11-19,Bearing Oil / Grease,Manual / auto-lube,4.07,Overdue,Yes
LB000006430,EQ00002461,2021-06-26,Bearing Oil / Grease,Manual / auto-lube,0.82,Normal,Yes
LB000006431,EQ00002461,2025-06-25,Bearing Oil / Grease,Manual / auto-lube,1.58,Overdue,Yes
LB000006432,EQ00002461,2021-06-12,Bearing Oil / Grease,Manual / auto-lube,3.21,Normal,Yes
LB000006433,EQ00002462,2021-12-26,EP Gear Oil / Grease,Grease gun / centralized,2.75,Early,Yes
LB000006434,EQ00002462,2022-07-07,EP Gear Oil / Grease,Grease gun / centralized,1.13,Normal,Yes
LB000006435,EQ00002462,2025-04-06,EP Gear Oil / Grease,Grease gun / centralized,4.3,Overdue,Yes
LB000006436,EQ00002462,2025-08-12,EP Gear Oil / Grease,Grease gun / centralized,4.81,Overdue,Yes
LB000006437,EQ00002463,2024-10-24,EP Gear Oil / Grease,Grease gun / centralized,1.56,Early,Yes
LB000006438,EQ00002463,2023-08-26,EP Gear Oil / Grease,Grease gun / centralized,0.58,Overdue,Yes
LB000006439,EQ00002463,2026-08-08,EP Gear Oil / Grease,Grease gun / centralized,1.12,Normal,Yes
LB000006440,EQ00002463,2023-11-25,EP Gear Oil / Grease,Grease gun / centralized,3.5,Normal,Yes
LB000006441,EQ00002463,2024-02-11,EP Gear Oil / Grease,Grease gun / centralized,3.71,Overdue,Yes
LB000006442,EQ00002464,2023-08-31,Pump Bearing Grease,Manual,3.01,Early,Yes
LB000006443,EQ00002464,2024-11-27,Pump Bearing Grease,Manual,3.04,Normal,Yes
LB000006444,EQ00002464,2021-02-23,Pump Bearing Grease,Manual,0.35,Early,Yes
LB000006445,EQ00002464,2021-08-11,Pump Bearing Grease,Manual,1.71,Overdue,Yes
LB000006446,EQ00002464,2024-10-06,Pump Bearing Grease,Manual,1.73,Early,Yes
LB000006447,EQ00002465,2023-03-31,EP Gear Oil / Grease,Grease gun / centralized,4.09,Normal,Yes
LB000006448,EQ00002465,2025-04-27,EP Gear Oil / Grease,Grease gun / centralized,0.58,Early,Yes
LB000006449,EQ00002465,2026-02-17,EP Gear Oil / Grease,Grease gun / centralized,3.31,Early,Yes
LB000006450,EQ00002465,2025-01-12,EP Gear Oil / Grease,Grease gun / centralized,3.8,Overdue,Yes
LB000006451,EQ00002465,2025-08-09,EP Gear Oil / Grease,Grease gun / centralized,0.86,Normal,Yes
LB000006452,EQ00002465,2023-08-08,EP Gear Oil / Grease,Grease gun / centralized,4.82,Early,Yes
LB000006453,EQ00002466,2023-07-29,EP Gear Oil / Grease,Grease gun / centralized,2.3,Normal,Yes
LB000006454,EQ00002466,2022-05-04,EP Gear Oil / Grease,Grease gun / centralized,2.74,Overdue,Yes
LB000006455,EQ00002466,2026-06-04,EP Gear Oil / Grease,Grease gun / centralized,4.69,Early,Yes
LB000006456,EQ00002466,2021-09-01,EP Gear Oil / Grease,Grease gun / centralized,3.44,Early,Yes
LB000006457,EQ00002467,2024-06-25,EP Gear Oil / Grease,Grease gun / centralized,1.75,Early,Yes
LB000006458,EQ00002467,2022-12-07,EP Gear Oil / Grease,Grease gun / centralized,4.29,Normal,Yes
LB000006459,EQ00002467,2023-06-30,EP Gear Oil / Grease,Grease gun / centralized,2.35,Normal,Yes
LB000006460,EQ00002469,2025-01-23,Machine Oil / Grease,Manual,4.46,Overdue,Yes
LB000006461,EQ00002469,2026-05-13,Machine Oil / Grease,Manual,1.53,Overdue,Yes
LB000006462,EQ00002469,2022-12-19,Machine Oil / Grease,Manual,1.4,Overdue,Yes
LB000006463,EQ00002469,2021-02-10,Machine Oil / Grease,Manual,3.76,Early,Yes
LB000006464,EQ00002469,2022-06-11,Machine Oil / Grease,Manual,3.79,Overdue,Yes
LB000006465,EQ00002469,2025-04-11,Machine Oil / Grease,Manual,1.07,Normal,Yes
LB000006466,EQ00002470,2024-07-01,Process/Mechanical Lubricant,Manual / automated,1.29,Overdue,Yes
LB000006467,EQ00002470,2025-09-24,Process/Mechanical Lubricant,Manual / automated,4.81,Early,Yes
LB000006468,EQ00002470,2025-05-16,Process/Mechanical Lubricant,Manual / automated,4.88,Early,Yes
LB000006469,EQ00002470,2025-01-04,Process/Mechanical Lubricant,Manual / automated,3.63,Early,Yes
LB000006470,EQ00002470,2025-06-08,Process/Mechanical Lubricant,Manual / automated,3.71,Early,Yes
LB000006471,EQ00002471,2023-06-29,Process/Mechanical Lubricant,Manual / automated,4.12,Overdue,Yes
LB000006472,EQ00002471,2024-04-02,Process/Mechanical Lubricant,Manual / automated,3.45,Overdue,Yes
LB000006473,EQ00002471,2026-08-23,Process/Mechanical Lubricant,Manual / automated,1.31,Overdue,Yes
LB000006474,EQ00002471,2023-01-20,Process/Mechanical Lubricant,Manual / automated,3.15,Early,Yes
LB000006475,EQ00002471,2024-07-24,Process/Mechanical Lubricant,Manual / automated,0.53,Early,Yes
LB000006476,EQ00002472,2023-10-28,Engine / Gear Lubricant,Workshop service,4.72,Early,Yes
LB000006477,EQ00002472,2023-05-07,Engine / Gear Lubricant,Workshop service,2.21,Early,Yes
LB000006478,EQ00002472,2023-06-24,Engine / Gear Lubricant,Workshop service,0.63,Early,Yes
LB000006479,EQ00002472,2025-03-09,Engine / Gear Lubricant,Workshop service,2.77,Overdue,Yes
LB000006480,EQ00002472,2024-03-06,Engine / Gear Lubricant,Workshop service,4.9,Normal,Yes
LB000006481,EQ00002473,2025-04-01,Pump Bearing Grease,Manual,2.34,Overdue,Yes
LB000006482,EQ00002473,2023-04-16,Pump Bearing Grease,Manual,3.61,Overdue,Yes
LB000006483,EQ00002473,2026-03-29,Pump Bearing Grease,Manual,0.19,Overdue,Yes
LB000006484,EQ00002473,2023-09-01,Pump Bearing Grease,Manual,1.43,Early,Yes
LB000006485,EQ00002473,2026-06-19,Pump Bearing Grease,Manual,2.45,Early,Yes
LB000006486,EQ00002473,2022-12-14,Pump Bearing Grease,Manual,4.89,Early,Yes
LB000006487,EQ00002474,2022-03-10,EP Gear Oil / Grease,Grease gun / centralized,2.19,Early,Yes
LB000006488,EQ00002474,2024-10-24,EP Gear Oil / Grease,Grease gun / centralized,4.78,Early,Yes
LB000006489,EQ00002474,2025-02-24,EP Gear Oil / Grease,Grease gun / centralized,2.04,Overdue,Yes
LB000006490,EQ00002474,2021-04-03,EP Gear Oil / Grease,Grease gun / centralized,0.17,Normal,Yes
LB000006491,EQ00002474,2022-10-09,EP Gear Oil / Grease,Grease gun / centralized,2.36,Early,Yes
LB000006492,EQ00002474,2026-06-02,EP Gear Oil / Grease,Grease gun / centralized,3.08,Normal,Yes
LB000006493,EQ00002475,2024-08-22,EP Gear Oil / Grease,Grease gun / centralized,1.29,Early,Yes
LB000006494,EQ00002475,2023-06-29,EP Gear Oil / Grease,Grease gun / centralized,1.52,Normal,Yes
LB000006495,EQ00002475,2023-06-12,EP Gear Oil / Grease,Grease gun / centralized,4.9,Normal,Yes
LB000006496,EQ00002476,2026-03-16,Pump Bearing Grease,Manual,2.87,Normal,Yes
LB000006497,EQ00002476,2025-05-23,Pump Bearing Grease,Manual,0.9,Overdue,Yes
LB000006498,EQ00002476,2023-01-18,Pump Bearing Grease,Manual,1.15,Early,Yes
LB000006499,EQ00002477,2025-08-13,Process/Mechanical Lubricant,Manual / automated,1.27,Normal,Yes
LB000006500,EQ00002477,2025-05-14,Process/Mechanical Lubricant,Manual / automated,4.21,Normal,Yes
LB000006501,EQ00002477,2025-01-08,Process/Mechanical Lubricant,Manual / automated,4.87,Normal,Yes
LB000006502,EQ00002477,2026-02-18,Process/Mechanical Lubricant,Manual / automated,3.86,Early,Yes
LB000006503,EQ00002477,2021-01-20,Process/Mechanical Lubricant,Manual / automated,2.53,Normal,Yes
LB000006504,EQ00002478,2021-11-09,Pump Bearing Grease,Manual,1.4,Overdue,Yes
LB000006505,EQ00002478,2026-08-17,Pump Bearing Grease,Manual,2.25,Normal,Yes
LB000006506,EQ00002478,2024-10-15,Pump Bearing Grease,Manual,3.03,Early,Yes
LB000006507,EQ00002478,2026-06-24,Pump Bearing Grease,Manual,3.89,Overdue,Yes
LB000006508,EQ00002478,2024-12-19,Pump Bearing Grease,Manual,0.5,Early,Yes
LB000006509,EQ00002479,2024-03-13,Pump Bearing Grease,Manual,4.18,Overdue,Yes
LB000006510,EQ00002479,2023-10-12,Pump Bearing Grease,Manual,2.88,Normal,Yes
LB000006511,EQ00002479,2025-09-29,Pump Bearing Grease,Manual,0.86,Overdue,Yes
LB000006512,EQ00002479,2023-05-04,Pump Bearing Grease,Manual,0.95,Normal,Yes
LB000006513,EQ00002479,2025-05-07,Pump Bearing Grease,Manual,0.48,Normal,Yes
LB000006514,EQ00002481,2023-01-02,Wire Rope / Gear Grease,Manual,1.17,Early,Yes
LB000006515,EQ00002481,2022-06-04,Wire Rope / Gear Grease,Manual,1.95,Early,Yes
LB000006516,EQ00002481,2026-04-22,Wire Rope / Gear Grease,Manual,0.12,Overdue,Yes
LB000006517,EQ00002481,2024-08-19,Wire Rope / Gear Grease,Manual,2.21,Overdue,Yes
LB000006518,EQ00002481,2024-03-04,Wire Rope / Gear Grease,Manual,0.54,Overdue,Yes
LB000006519,EQ00002482,2023-02-22,Bearing Oil / Grease,Manual / auto-lube,4.61,Normal,Yes
LB000006520,EQ00002482,2022-12-27,Bearing Oil / Grease,Manual / auto-lube,4.38,Overdue,Yes
LB000006521,EQ00002482,2026-01-10,Bearing Oil / Grease,Manual / auto-lube,1.26,Normal,Yes
LB000006522,EQ00002483,2024-09-30,Wire Rope / Gear Grease,Manual,1.42,Overdue,Yes
LB000006523,EQ00002485,2023-12-14,EP Gear Oil / Grease,Grease gun / centralized,4.82,Overdue,Yes
LB000006524,EQ00002485,2025-05-16,EP Gear Oil / Grease,Grease gun / centralized,1.72,Normal,Yes
LB000006525,EQ00002485,2023-07-05,EP Gear Oil / Grease,Grease gun / centralized,2.1,Overdue,Yes
LB000006526,EQ00002486,2024-06-01,EP Gear Oil / Grease,Grease gun / centralized,0.98,Normal,Yes
LB000006527,EQ00002486,2021-06-18,EP Gear Oil / Grease,Grease gun / centralized,0.37,Normal,Yes
LB000006528,EQ00002486,2023-02-09,EP Gear Oil / Grease,Grease gun / centralized,2.9,Early,Yes
LB000006529,EQ00002486,2022-03-07,EP Gear Oil / Grease,Grease gun / centralized,2.96,Overdue,Yes
LB000006530,EQ00002488,2025-02-01,Engine / Gear Lubricant,Workshop service,2.64,Overdue,Yes
LB000006531,EQ00002489,2022-08-01,Bearing Oil / Grease,Manual / auto-lube,0.69,Overdue,Yes
LB000006532,EQ00002489,2025-08-22,Bearing Oil / Grease,Manual / auto-lube,3.54,Early,Yes
LB000006533,EQ00002489,2021-11-07,Bearing Oil / Grease,Manual / auto-lube,0.24,Normal,Yes
LB000006534,EQ00002490,2021-01-25,Pump Bearing Grease,Manual,1.61,Overdue,Yes
LB000006535,EQ00002490,2025-08-11,Pump Bearing Grease,Manual,0.7,Normal,Yes
LB000006536,EQ00002490,2022-07-27,Pump Bearing Grease,Manual,2.84,Early,Yes
LB000006537,EQ00002490,2022-02-09,Pump Bearing Grease,Manual,1.71,Overdue,Yes
LB000006538,EQ00002490,2024-03-05,Pump Bearing Grease,Manual,3.46,Early,Yes
LB000006539,EQ00002490,2025-11-19,Pump Bearing Grease,Manual,0.2,Overdue,Yes
LB000006540,EQ00002493,2021-05-01,EP Gear Oil / Grease,Grease gun / centralized,1.87,Early,Yes
LB000006541,EQ00002493,2023-07-22,EP Gear Oil / Grease,Grease gun / centralized,4.18,Overdue,Yes
LB000006542,EQ00002493,2024-06-29,EP Gear Oil / Grease,Grease gun / centralized,4.3,Normal,Yes
LB000006543,EQ00002494,2026-08-12,Bearing Grease,Manual,4.46,Early,Yes
LB000006544,EQ00002498,2023-02-04,EP Gear Oil / Grease,Grease gun / centralized,2.68,Overdue,Yes
LB000006545,EQ00002498,2021-03-11,EP Gear Oil / Grease,Grease gun / centralized,1.52,Normal,Yes
LB000006546,EQ00002498,2025-02-21,EP Gear Oil / Grease,Grease gun / centralized,4.62,Normal,Yes
LB000006547,EQ00002498,2026-04-16,EP Gear Oil / Grease,Grease gun / centralized,0.5,Early,Yes
LB000006548,EQ00002498,2022-06-01,EP Gear Oil / Grease,Grease gun / centralized,2.73,Normal,Yes
LB000006549,EQ00002498,2021-09-30,EP Gear Oil / Grease,Grease gun / centralized,1.08,Early,Yes
LB000006550,EQ00002499,2025-10-15,Pump Bearing Grease,Manual,1.99,Normal,Yes
LB000006551,EQ00002499,2023-11-03,Pump Bearing Grease,Manual,0.59,Overdue,Yes
LB000006552,EQ00002499,2021-09-25,Pump Bearing Grease,Manual,0.25,Overdue,Yes
LB000006553,EQ00002499,2023-10-20,Pump Bearing Grease,Manual,3.38,Overdue,Yes
LB000006554,EQ00002499,2025-07-17,Pump Bearing Grease,Manual,1.09,Normal,Yes
LB000006555,EQ00002502,2024-02-25,Bearing Grease,Manual,4.73,Overdue,Yes
LB000006556,EQ00002503,2022-02-12,Machine Oil / Grease,Manual,4.76,Early,Yes
LB000006557,EQ00002503,2022-09-23,Machine Oil / Grease,Manual,3.92,Early,Yes
LB000006558,EQ00002503,2023-08-17,Machine Oil / Grease,Manual,3.55,Early,Yes
LB000006559,EQ00002503,2023-11-30,Machine Oil / Grease,Manual,1.95,Early,Yes
LB000006560,EQ00002504,2024-11-18,Process/Mechanical Lubricant,Manual / automated,4.32,Early,Yes
LB000006561,EQ00002504,2021-07-09,Process/Mechanical Lubricant,Manual / automated,1.33,Normal,Yes
LB000006562,EQ00002504,2023-12-04,Process/Mechanical Lubricant,Manual / automated,4.52,Normal,Yes
LB000006563,EQ00002505,2026-06-07,Pump Bearing Grease,Manual,1.38,Normal,Yes
LB000006564,EQ00002505,2026-01-10,Pump Bearing Grease,Manual,3.79,Overdue,Yes
LB000006565,EQ00002506,2022-07-31,Machine Oil / Grease,Manual,0.76,Overdue,Yes
LB000006566,EQ00002506,2023-09-02,Machine Oil / Grease,Manual,2.14,Normal,Yes
LB000006567,EQ00002506,2022-09-11,Machine Oil / Grease,Manual,1.29,Overdue,Yes
LB000006568,EQ00002506,2023-08-13,Machine Oil / Grease,Manual,2.69,Overdue,Yes
LB000006569,EQ00002506,2021-10-30,Machine Oil / Grease,Manual,4.88,Normal,Yes
LB000006570,EQ00002508,2024-03-26,Pump Bearing Grease,Manual,4.88,Early,Yes
LB000006571,EQ00002508,2023-09-09,Pump Bearing Grease,Manual,3.96,Overdue,Yes
LB000006572,EQ00002508,2024-11-09,Pump Bearing Grease,Manual,4.39,Early,Yes
LB000006573,EQ00002508,2023-07-10,Pump Bearing Grease,Manual,4.83,Overdue,Yes
LB000006574,EQ00002509,2023-06-06,Pump Bearing Grease,Manual,0.37,Normal,Yes
LB000006575,EQ00002509,2021-06-18,Pump Bearing Grease,Manual,2.98,Early,Yes
LB000006576,EQ00002509,2021-12-17,Pump Bearing Grease,Manual,0.87,Overdue,Yes
LB000006577,EQ00002510,2026-07-28,Engine / Gear Lubricant,Workshop service,4.66,Overdue,Yes
LB000006578,EQ00002510,2022-12-02,Engine / Gear Lubricant,Workshop service,4.88,Overdue,Yes
LB000006579,EQ00002511,2022-08-27,Bearing Grease,Manual,2.15,Overdue,Yes
LB000006580,EQ00002511,2025-06-26,Bearing Grease,Manual,4.48,Normal,Yes
LB000006581,EQ00002511,2021-10-17,Bearing Grease,Manual,0.81,Early,Yes
LB000006582,EQ00002511,2022-11-09,Bearing Grease,Manual,0.82,Normal,Yes
LB000006583,EQ00002511,2022-11-01,Bearing Grease,Manual,4.9,Early,Yes
LB000006584,EQ00002512,2026-05-11,EP Gear Oil / Grease,Grease gun / centralized,3.69,Normal,Yes
LB000006585,EQ00002512,2024-09-01,EP Gear Oil / Grease,Grease gun / centralized,3.79,Normal,Yes
LB000006586,EQ00002512,2022-05-30,EP Gear Oil / Grease,Grease gun / centralized,1.78,Overdue,Yes
LB000006587,EQ00002512,2022-12-30,EP Gear Oil / Grease,Grease gun / centralized,2.31,Early,Yes
LB000006588,EQ00002513,2026-04-04,EP Gear Oil / Grease,Grease gun / centralized,1.81,Early,Yes
LB000006589,EQ00002513,2021-03-25,EP Gear Oil / Grease,Grease gun / centralized,1.26,Overdue,Yes
LB000006590,EQ00002513,2025-11-08,EP Gear Oil / Grease,Grease gun / centralized,3.66,Overdue,Yes
LB000006591,EQ00002514,2021-05-28,Process/Mechanical Lubricant,Manual / automated,3.82,Normal,Yes
LB000006592,EQ00002514,2021-05-29,Process/Mechanical Lubricant,Manual / automated,2.95,Normal,Yes
LB000006593,EQ00002514,2025-02-11,Process/Mechanical Lubricant,Manual / automated,1.68,Early,Yes
LB000006594,EQ00002514,2024-05-23,Process/Mechanical Lubricant,Manual / automated,4.99,Normal,Yes
LB000006595,EQ00002514,2026-01-19,Process/Mechanical Lubricant,Manual / automated,4.24,Normal,Yes
LB000006596,EQ00002515,2021-10-27,Engine / Gear Lubricant,Workshop service,3.67,Overdue,Yes
LB000006597,EQ00002516,2023-11-03,Pump Bearing Grease,Manual,4.56,Early,Yes
LB000006598,EQ00002516,2024-10-11,Pump Bearing Grease,Manual,1.39,Normal,Yes
LB000006599,EQ00002516,2024-03-04,Pump Bearing Grease,Manual,1.94,Overdue,Yes
LB000006600,EQ00002517,2024-05-16,Machine Oil / Grease,Manual,2.54,Overdue,Yes
LB000006601,EQ00002517,2023-09-09,Machine Oil / Grease,Manual,4.61,Normal,Yes
LB000006602,EQ00002517,2025-02-22,Machine Oil / Grease,Manual,3.72,Overdue,Yes
LB000006603,EQ00002517,2025-09-12,Machine Oil / Grease,Manual,3.6,Normal,Yes
LB000006604,EQ00002518,2024-08-06,Machine Oil / Grease,Manual,4.94,Overdue,Yes
LB000006605,EQ00002519,2022-03-15,Bearing Oil / Grease,Manual / auto-lube,3.71,Overdue,Yes
LB000006606,EQ00002519,2024-10-08,Bearing Oil / Grease,Manual / auto-lube,3.02,Early,Yes
LB000006607,EQ00002520,2025-05-10,Wire Rope / Gear Grease,Manual,3.33,Overdue,Yes
LB000006608,EQ00002520,2022-10-03,Wire Rope / Gear Grease,Manual,2.5,Normal,Yes
LB000006609,EQ00002520,2023-05-29,Wire Rope / Gear Grease,Manual,4.11,Normal,Yes
LB000006610,EQ00002520,2024-05-24,Wire Rope / Gear Grease,Manual,1.53,Normal,Yes
LB000006611,EQ00002521,2025-03-25,EP Gear Oil / Grease,Grease gun / centralized,1.49,Early,Yes
LB000006612,EQ00002521,2026-01-17,EP Gear Oil / Grease,Grease gun / centralized,3.43,Normal,Yes
LB000006613,EQ00002521,2021-05-13,EP Gear Oil / Grease,Grease gun / centralized,2.53,Overdue,Yes
LB000006614,EQ00002521,2021-11-22,EP Gear Oil / Grease,Grease gun / centralized,2.99,Early,Yes
LB000006615,EQ00002521,2025-06-11,EP Gear Oil / Grease,Grease gun / centralized,1.24,Early,Yes
LB000006616,EQ00002521,2022-08-28,EP Gear Oil / Grease,Grease gun / centralized,3.09,Normal,Yes
LB000006617,EQ00002523,2025-05-28,Wire Rope / Gear Grease,Manual,3.37,Overdue,Yes
LB000006618,EQ00002523,2021-05-07,Wire Rope / Gear Grease,Manual,3.53,Normal,Yes
LB000006619,EQ00002523,2021-02-12,Wire Rope / Gear Grease,Manual,2.96,Early,Yes
LB000006620,EQ00002523,2023-01-06,Wire Rope / Gear Grease,Manual,4.74,Normal,Yes
LB000006621,EQ00002523,2025-11-05,Wire Rope / Gear Grease,Manual,3.47,Early,Yes
LB000006622,EQ00002524,2021-06-15,Bearing Grease,Manual,4.61,Normal,Yes
LB000006623,EQ00002527,2024-12-18,Pump Bearing Grease,Manual,2.16,Normal,Yes
LB000006624,EQ00002527,2022-11-26,Pump Bearing Grease,Manual,4.62,Early,Yes
LB000006625,EQ00002527,2025-05-14,Pump Bearing Grease,Manual,0.98,Overdue,Yes
LB000006626,EQ00002528,2025-01-06,EP Gear Oil / Grease,Grease gun / centralized,1.71,Normal,Yes
LB000006627,EQ00002528,2022-12-14,EP Gear Oil / Grease,Grease gun / centralized,1.74,Overdue,Yes
LB000006628,EQ00002528,2024-07-26,EP Gear Oil / Grease,Grease gun / centralized,1.51,Normal,Yes
LB000006629,EQ00002528,2022-03-28,EP Gear Oil / Grease,Grease gun / centralized,0.97,Early,Yes
LB000006630,EQ00002528,2021-10-07,EP Gear Oil / Grease,Grease gun / centralized,2.98,Early,Yes
LB000006631,EQ00002528,2023-09-10,EP Gear Oil / Grease,Grease gun / centralized,2.55,Early,Yes
LB000006632,EQ00002529,2023-05-14,Wire Rope / Gear Grease,Manual,0.38,Normal,Yes
LB000006633,EQ00002529,2022-03-19,Wire Rope / Gear Grease,Manual,4.68,Normal,Yes
LB000006634,EQ00002529,2025-05-22,Wire Rope / Gear Grease,Manual,0.76,Early,Yes
LB000006635,EQ00002529,2024-06-29,Wire Rope / Gear Grease,Manual,0.81,Normal,Yes
LB000006636,EQ00002529,2021-03-15,Wire Rope / Gear Grease,Manual,3.58,Overdue,Yes
LB000006637,EQ00002530,2025-11-20,Bearing Grease,Manual,2.62,Overdue,Yes
LB000006638,EQ00002531,2023-12-10,Pump Bearing Grease,Manual,2.26,Normal,Yes
LB000006639,EQ00002532,2022-12-04,EP Gear Oil / Grease,Grease gun / centralized,4.51,Early,Yes
LB000006640,EQ00002532,2024-07-07,EP Gear Oil / Grease,Grease gun / centralized,1.41,Overdue,Yes
LB000006641,EQ00002533,2025-01-13,Pump Bearing Grease,Manual,2.42,Early,Yes
LB000006642,EQ00002533,2023-02-19,Pump Bearing Grease,Manual,1.61,Overdue,Yes
LB000006643,EQ00002533,2024-06-28,Pump Bearing Grease,Manual,1.5,Overdue,Yes
LB000006644,EQ00002533,2026-06-13,Pump Bearing Grease,Manual,2.88,Normal,Yes
LB000006645,EQ00002534,2025-12-31,Pump Bearing Grease,Manual,4.4,Early,Yes
LB000006646,EQ00002534,2023-03-14,Pump Bearing Grease,Manual,2.2,Overdue,Yes
LB000006647,EQ00002534,2024-11-09,Pump Bearing Grease,Manual,2.01,Overdue,Yes
LB000006648,EQ00002534,2022-09-12,Pump Bearing Grease,Manual,1.62,Overdue,Yes
LB000006649,EQ00002534,2025-12-23,Pump Bearing Grease,Manual,3.85,Overdue,Yes
LB000006650,EQ00002535,2021-11-10,Bearing Grease,Manual,1.93,Normal,Yes
LB000006651,EQ00002535,2025-11-21,Bearing Grease,Manual,3.09,Early,Yes
LB000006652,EQ00002535,2022-04-11,Bearing Grease,Manual,2.68,Early,Yes
LB000006653,EQ00002535,2026-08-25,Bearing Grease,Manual,2.24,Overdue,Yes
LB000006654,EQ00002535,2021-08-01,Bearing Grease,Manual,1.87,Overdue,Yes
LB000006655,EQ00002538,2023-02-10,Bearing Oil / Grease,Manual / auto-lube,3.71,Overdue,Yes
LB000006656,EQ00002538,2025-09-01,Bearing Oil / Grease,Manual / auto-lube,3.58,Overdue,Yes
LB000006657,EQ00002538,2022-11-24,Bearing Oil / Grease,Manual / auto-lube,4.01,Early,Yes
LB000006658,EQ00002538,2025-04-24,Bearing Oil / Grease,Manual / auto-lube,1.87,Early,Yes
LB000006659,EQ00002538,2024-06-20,Bearing Oil / Grease,Manual / auto-lube,3.9,Normal,Yes
LB000006660,EQ00002539,2025-12-25,Pump Bearing Grease,Manual,1.49,Early,Yes
LB000006661,EQ00002539,2025-10-29,Pump Bearing Grease,Manual,3.65,Early,Yes
LB000006662,EQ00002541,2022-05-26,Machine Oil / Grease,Manual,1.99,Normal,Yes
LB000006663,EQ00002542,2022-11-08,EP Gear Oil / Grease,Grease gun / centralized,2.16,Overdue,Yes
LB000006664,EQ00002542,2023-05-05,EP Gear Oil / Grease,Grease gun / centralized,2.14,Normal,Yes
LB000006665,EQ00002542,2026-06-26,EP Gear Oil / Grease,Grease gun / centralized,4.94,Early,Yes
LB000006666,EQ00002543,2022-07-03,Bearing Grease,Manual,0.11,Early,Yes
LB000006667,EQ00002543,2022-02-17,Bearing Grease,Manual,1.45,Overdue,Yes
LB000006668,EQ00002543,2021-07-02,Bearing Grease,Manual,0.99,Normal,Yes
LB000006669,EQ00002543,2025-11-17,Bearing Grease,Manual,4.16,Normal,Yes
LB000006670,EQ00002544,2023-10-30,Pump Bearing Grease,Manual,3.72,Overdue,Yes
LB000006671,EQ00002544,2026-03-17,Pump Bearing Grease,Manual,0.65,Normal,Yes
LB000006672,EQ00002544,2025-07-08,Pump Bearing Grease,Manual,2.73,Overdue,Yes
LB000006673,EQ00002544,2024-05-19,Pump Bearing Grease,Manual,3.64,Overdue,Yes
LB000006674,EQ00002544,2024-04-22,Pump Bearing Grease,Manual,2.99,Normal,Yes
LB000006675,EQ00002544,2023-03-11,Pump Bearing Grease,Manual,2.63,Normal,Yes
LB000006676,EQ00002545,2022-10-01,Bearing Grease,Manual,2.95,Normal,Yes
LB000006677,EQ00002545,2024-03-30,Bearing Grease,Manual,1.65,Normal,Yes
LB000006678,EQ00002545,2025-02-15,Bearing Grease,Manual,1.09,Normal,Yes
LB000006679,EQ00002545,2022-11-13,Bearing Grease,Manual,2.81,Early,Yes
LB000006680,EQ00002546,2021-03-16,Process/Mechanical Lubricant,Manual / automated,0.62,Normal,Yes
LB000006681,EQ00002546,2026-08-20,Process/Mechanical Lubricant,Manual / automated,2.81,Overdue,Yes
LB000006682,EQ00002546,2023-04-19,Process/Mechanical Lubricant,Manual / automated,3.03,Normal,Yes
LB000006683,EQ00002546,2025-10-29,Process/Mechanical Lubricant,Manual / automated,0.7,Overdue,Yes
LB000006684,EQ00002548,2025-05-04,EP Gear Oil / Grease,Grease gun / centralized,0.77,Overdue,Yes
LB000006685,EQ00002549,2024-09-10,Machine Oil / Grease,Manual,4.67,Overdue,Yes
LB000006686,EQ00002549,2022-04-16,Machine Oil / Grease,Manual,2.69,Normal,Yes
LB000006687,EQ00002549,2024-06-13,Machine Oil / Grease,Manual,3.11,Overdue,Yes
LB000006688,EQ00002549,2023-07-07,Machine Oil / Grease,Manual,2.92,Early,Yes
LB000006689,EQ00002549,2023-05-05,Machine Oil / Grease,Manual,2.07,Early,Yes
LB000006690,EQ00002549,2024-10-16,Machine Oil / Grease,Manual,4.58,Normal,Yes
LB000006691,EQ00002550,2026-03-01,Engine / Gear Lubricant,Workshop service,0.72,Early,Yes
LB000006692,EQ00002550,2025-11-22,Engine / Gear Lubricant,Workshop service,0.82,Early,Yes
LB000006693,EQ00002550,2024-12-12,Engine / Gear Lubricant,Workshop service,1.86,Early,Yes
LB000006694,EQ00002550,2025-07-02,Engine / Gear Lubricant,Workshop service,3.85,Normal,Yes
LB000006695,EQ00002553,2022-06-25,Process/Mechanical Lubricant,Manual / automated,2.43,Normal,Yes
LB000006696,EQ00002553,2025-12-08,Process/Mechanical Lubricant,Manual / automated,4.35,Normal,Yes
LB000006697,EQ00002554,2024-12-09,Engine / Gear Lubricant,Workshop service,2.43,Early,Yes
LB000006698,EQ00002554,2024-12-10,Engine / Gear Lubricant,Workshop service,4.57,Overdue,Yes
LB000006699,EQ00002554,2023-01-05,Engine / Gear Lubricant,Workshop service,4.61,Early,Yes
LB000006700,EQ00002554,2026-03-11,Engine / Gear Lubricant,Workshop service,0.69,Normal,Yes
LB000006701,EQ00002555,2021-05-18,Bearing Grease,Manual,2.13,Early,Yes
LB000006702,EQ00002555,2023-08-31,Bearing Grease,Manual,3.46,Early,Yes
LB000006703,EQ00002555,2022-10-02,Bearing Grease,Manual,2.9,Normal,Yes
LB000006704,EQ00002555,2021-12-23,Bearing Grease,Manual,3.59,Overdue,Yes
LB000006705,EQ00002555,2023-04-27,Bearing Grease,Manual,4.02,Overdue,Yes
LB000006706,EQ00002555,2026-08-19,Bearing Grease,Manual,4.86,Normal,Yes
LB000006707,EQ00002557,2022-02-03,Process/Mechanical Lubricant,Manual / automated,1.96,Overdue,Yes
LB000006708,EQ00002559,2024-10-08,EP Gear Oil / Grease,Grease gun / centralized,1.24,Overdue,Yes
LB000006709,EQ00002559,2024-09-25,EP Gear Oil / Grease,Grease gun / centralized,3.92,Normal,Yes
LB000006710,EQ00002559,2026-03-29,EP Gear Oil / Grease,Grease gun / centralized,2.58,Early,Yes
LB000006711,EQ00002559,2022-03-16,EP Gear Oil / Grease,Grease gun / centralized,3.29,Overdue,Yes
LB000006712,EQ00002559,2023-10-09,EP Gear Oil / Grease,Grease gun / centralized,1.89,Overdue,Yes
LB000006713,EQ00002562,2026-03-14,EP Gear Oil / Grease,Grease gun / centralized,2.08,Overdue,Yes
LB000006714,EQ00002562,2021-06-18,EP Gear Oil / Grease,Grease gun / centralized,4.97,Early,Yes
LB000006715,EQ00002562,2025-03-09,EP Gear Oil / Grease,Grease gun / centralized,4.6,Normal,Yes
LB000006716,EQ00002562,2021-02-12,EP Gear Oil / Grease,Grease gun / centralized,1.65,Normal,Yes
LB000006717,EQ00002562,2021-04-08,EP Gear Oil / Grease,Grease gun / centralized,1.6,Normal,Yes
LB000006718,EQ00002563,2024-01-29,Machine Oil / Grease,Manual,1.51,Early,Yes
LB000006719,EQ00002563,2021-07-10,Machine Oil / Grease,Manual,4.3,Overdue,Yes
LB000006720,EQ00002563,2021-09-20,Machine Oil / Grease,Manual,2.8,Normal,Yes
LB000006721,EQ00002563,2023-06-20,Machine Oil / Grease,Manual,3.74,Overdue,Yes
LB000006722,EQ00002563,2023-09-19,Machine Oil / Grease,Manual,1.82,Overdue,Yes
LB000006723,EQ00002563,2023-05-12,Machine Oil / Grease,Manual,0.94,Overdue,Yes
LB000006724,EQ00002564,2024-02-20,Bearing Oil / Grease,Manual / auto-lube,2.46,Early,Yes
LB000006725,EQ00002564,2021-09-19,Bearing Oil / Grease,Manual / auto-lube,0.34,Normal,Yes
LB000006726,EQ00002564,2022-03-19,Bearing Oil / Grease,Manual / auto-lube,4.55,Normal,Yes
LB000006727,EQ00002565,2025-12-02,Wire Rope / Gear Grease,Manual,2.11,Overdue,Yes
LB000006728,EQ00002565,2025-01-01,Wire Rope / Gear Grease,Manual,2.49,Early,Yes
LB000006729,EQ00002566,2022-03-28,Machine Oil / Grease,Manual,4.77,Early,Yes
LB000006730,EQ00002566,2021-06-11,Machine Oil / Grease,Manual,3.25,Normal,Yes
LB000006731,EQ00002566,2021-12-12,Machine Oil / Grease,Manual,1.96,Normal,Yes
LB000006732,EQ00002566,2025-01-18,Machine Oil / Grease,Manual,2.43,Overdue,Yes
LB000006733,EQ00002567,2021-03-03,Process/Mechanical Lubricant,Manual / automated,3.85,Normal,Yes
LB000006734,EQ00002568,2022-03-23,Process/Mechanical Lubricant,Manual / automated,2.27,Overdue,Yes
LB000006735,EQ00002568,2025-06-30,Process/Mechanical Lubricant,Manual / automated,3.45,Overdue,Yes
LB000006736,EQ00002568,2022-01-27,Process/Mechanical Lubricant,Manual / automated,1.72,Early,Yes
LB000006737,EQ00002568,2021-07-18,Process/Mechanical Lubricant,Manual / automated,4.56,Overdue,Yes
LB000006738,EQ00002568,2021-08-24,Process/Mechanical Lubricant,Manual / automated,2.72,Early,Yes
LB000006739,EQ00002569,2022-05-08,Pump Bearing Grease,Manual,1.81,Early,Yes
LB000006740,EQ00002569,2024-03-17,Pump Bearing Grease,Manual,3.02,Normal,Yes
LB000006741,EQ00002570,2026-05-09,Process/Mechanical Lubricant,Manual / automated,4.68,Early,Yes
LB000006742,EQ00002570,2023-11-04,Process/Mechanical Lubricant,Manual / automated,3.14,Overdue,Yes
LB000006743,EQ00002572,2021-01-13,Machine Oil / Grease,Manual,4.35,Overdue,Yes
LB000006744,EQ00002572,2024-10-13,Machine Oil / Grease,Manual,4.23,Early,Yes
LB000006745,EQ00002572,2021-05-17,Machine Oil / Grease,Manual,1.16,Normal,Yes
LB000006746,EQ00002572,2026-03-04,Machine Oil / Grease,Manual,0.17,Overdue,Yes
LB000006747,EQ00002572,2021-12-17,Machine Oil / Grease,Manual,0.94,Overdue,Yes
LB000006748,EQ00002573,2023-12-10,Machine Oil / Grease,Manual,0.92,Overdue,Yes
LB000006749,EQ00002573,2025-03-22,Machine Oil / Grease,Manual,3.68,Normal,Yes
LB000006750,EQ00002573,2026-01-29,Machine Oil / Grease,Manual,0.55,Overdue,Yes
LB000006751,EQ00002573,2025-02-09,Machine Oil / Grease,Manual,0.51,Overdue,Yes
LB000006752,EQ00002573,2025-02-01,Machine Oil / Grease,Manual,0.2,Early,Yes
LB000006753,EQ00002573,2021-10-03,Machine Oil / Grease,Manual,0.4,Early,Yes
LB000006754,EQ00002574,2023-08-07,Pump Bearing Grease,Manual,3.79,Normal,Yes
LB000006755,EQ00002574,2022-04-19,Pump Bearing Grease,Manual,0.77,Normal,Yes
LB000006756,EQ00002574,2025-04-18,Pump Bearing Grease,Manual,0.21,Overdue,Yes
LB000006757,EQ00002574,2025-01-10,Pump Bearing Grease,Manual,0.49,Early,Yes
LB000006758,EQ00002574,2025-09-03,Pump Bearing Grease,Manual,2.46,Normal,Yes
LB000006759,EQ00002575,2025-10-04,Machine Oil / Grease,Manual,0.59,Early,Yes
LB000006760,EQ00002575,2024-07-21,Machine Oil / Grease,Manual,4.83,Early,Yes
LB000006761,EQ00002575,2022-06-07,Machine Oil / Grease,Manual,4.88,Overdue,Yes
LB000006762,EQ00002576,2022-05-23,Bearing Oil / Grease,Manual / auto-lube,0.69,Early,Yes
LB000006763,EQ00002577,2022-03-22,Wire Rope / Gear Grease,Manual,2.18,Early,Yes
LB000006764,EQ00002577,2025-04-12,Wire Rope / Gear Grease,Manual,0.33,Early,Yes
LB000006765,EQ00002577,2023-02-07,Wire Rope / Gear Grease,Manual,0.94,Early,Yes
LB000006766,EQ00002577,2024-03-28,Wire Rope / Gear Grease,Manual,3.87,Normal,Yes
LB000006767,EQ00002577,2021-07-03,Wire Rope / Gear Grease,Manual,3.55,Overdue,Yes
LB000006768,EQ00002580,2023-03-09,Bearing Oil / Grease,Manual / auto-lube,3.54,Early,Yes
LB000006769,EQ00002580,2024-09-21,Bearing Oil / Grease,Manual / auto-lube,2.0,Normal,Yes
LB000006770,EQ00002580,2022-04-16,Bearing Oil / Grease,Manual / auto-lube,4.09,Early,Yes
LB000006771,EQ00002580,2022-01-30,Bearing Oil / Grease,Manual / auto-lube,0.73,Early,Yes
LB000006772,EQ00002580,2023-04-07,Bearing Oil / Grease,Manual / auto-lube,3.33,Normal,Yes
LB000006773,EQ00002580,2022-04-02,Bearing Oil / Grease,Manual / auto-lube,1.21,Early,Yes
LB000006774,EQ00002581,2026-07-05,Pump Bearing Grease,Manual,3.13,Overdue,Yes
LB000006775,EQ00002581,2022-09-23,Pump Bearing Grease,Manual,4.16,Early,Yes
LB000006776,EQ00002582,2022-03-08,Wire Rope / Gear Grease,Manual,1.29,Early,Yes
LB000006777,EQ00002582,2021-07-13,Wire Rope / Gear Grease,Manual,1.13,Overdue,Yes
LB000006778,EQ00002582,2022-05-03,Wire Rope / Gear Grease,Manual,1.68,Early,Yes
LB000006779,EQ00002582,2025-03-18,Wire Rope / Gear Grease,Manual,1.37,Normal,Yes
LB000006780,EQ00002582,2023-06-18,Wire Rope / Gear Grease,Manual,1.69,Early,Yes
LB000006781,EQ00002582,2022-04-21,Wire Rope / Gear Grease,Manual,4.38,Overdue,Yes
LB000006782,EQ00002583,2022-08-24,Machine Oil / Grease,Manual,4.69,Overdue,Yes
LB000006783,EQ00002583,2022-08-25,Machine Oil / Grease,Manual,4.91,Normal,Yes
LB000006784,EQ00002583,2023-03-23,Machine Oil / Grease,Manual,0.65,Early,Yes
LB000006785,EQ00002584,2025-03-28,Pump Bearing Grease,Manual,2.03,Overdue,Yes
LB000006786,EQ00002584,2021-01-11,Pump Bearing Grease,Manual,1.16,Normal,Yes
LB000006787,EQ00002584,2026-06-04,Pump Bearing Grease,Manual,4.35,Overdue,Yes
LB000006788,EQ00002584,2024-04-23,Pump Bearing Grease,Manual,4.81,Overdue,Yes
LB000006789,EQ00002584,2024-06-12,Pump Bearing Grease,Manual,1.44,Overdue,Yes
LB000006790,EQ00002586,2021-09-07,Pump Bearing Grease,Manual,4.57,Early,Yes
LB000006791,EQ00002586,2026-08-31,Pump Bearing Grease,Manual,2.47,Normal,Yes
LB000006792,EQ00002586,2021-07-24,Pump Bearing Grease,Manual,2.3,Early,Yes
LB000006793,EQ00002586,2024-12-06,Pump Bearing Grease,Manual,4.0,Early,Yes
LB000006794,EQ00002587,2021-05-25,Bearing Oil / Grease,Manual / auto-lube,4.82,Overdue,Yes
LB000006795,EQ00002587,2023-04-11,Bearing Oil / Grease,Manual / auto-lube,1.4,Overdue,Yes
LB000006796,EQ00002587,2022-11-22,Bearing Oil / Grease,Manual / auto-lube,4.14,Normal,Yes
LB000006797,EQ00002587,2022-10-19,Bearing Oil / Grease,Manual / auto-lube,1.79,Early,Yes
LB000006798,EQ00002589,2024-01-24,Process/Mechanical Lubricant,Manual / automated,3.62,Overdue,Yes
LB000006799,EQ00002589,2025-07-10,Process/Mechanical Lubricant,Manual / automated,0.29,Normal,Yes
LB000006800,EQ00002589,2024-02-06,Process/Mechanical Lubricant,Manual / automated,1.38,Early,Yes
LB000006801,EQ00002589,2021-01-10,Process/Mechanical Lubricant,Manual / automated,2.27,Normal,Yes
LB000006802,EQ00002589,2021-10-16,Process/Mechanical Lubricant,Manual / automated,2.34,Overdue,Yes
LB000006803,EQ00002589,2025-11-20,Process/Mechanical Lubricant,Manual / automated,2.32,Early,Yes
LB000006804,EQ00002590,2021-07-23,Machine Oil / Grease,Manual,4.77,Early,Yes
LB000006805,EQ00002590,2023-03-12,Machine Oil / Grease,Manual,4.11,Early,Yes
LB000006806,EQ00002590,2022-11-22,Machine Oil / Grease,Manual,0.87,Early,Yes
LB000006807,EQ00002592,2024-08-09,Engine / Gear Lubricant,Workshop service,4.38,Normal,Yes
LB000006808,EQ00002592,2021-06-17,Engine / Gear Lubricant,Workshop service,0.11,Normal,Yes
LB000006809,EQ00002592,2025-03-15,Engine / Gear Lubricant,Workshop service,2.94,Early,Yes
LB000006810,EQ00002594,2024-03-13,EP Gear Oil / Grease,Grease gun / centralized,4.21,Overdue,Yes
LB000006811,EQ00002594,2025-03-18,EP Gear Oil / Grease,Grease gun / centralized,3.75,Early,Yes
LB000006812,EQ00002596,2024-06-23,Bearing Oil / Grease,Manual / auto-lube,3.4,Normal,Yes
LB000006813,EQ00002596,2022-04-02,Bearing Oil / Grease,Manual / auto-lube,0.12,Overdue,Yes
LB000006814,EQ00002596,2021-03-05,Bearing Oil / Grease,Manual / auto-lube,0.99,Overdue,Yes
LB000006815,EQ00002597,2022-06-26,Bearing Grease,Manual,4.23,Early,Yes
LB000006816,EQ00002597,2026-07-01,Bearing Grease,Manual,4.78,Early,Yes
LB000006817,EQ00002597,2023-06-17,Bearing Grease,Manual,1.28,Normal,Yes
LB000006818,EQ00002598,2022-01-13,Bearing Oil / Grease,Manual / auto-lube,1.85,Overdue,Yes
LB000006819,EQ00002599,2025-08-17,EP Gear Oil / Grease,Grease gun / centralized,0.77,Overdue,Yes
LB000006820,EQ00002599,2023-02-05,EP Gear Oil / Grease,Grease gun / centralized,4.11,Overdue,Yes
LB000006821,EQ00002599,2023-05-05,EP Gear Oil / Grease,Grease gun / centralized,4.11,Overdue,Yes
LB000006822,EQ00002600,2022-05-11,Machine Oil / Grease,Manual,3.25,Normal,Yes
LB000006823,EQ00002600,2021-05-16,Machine Oil / Grease,Manual,4.58,Early,Yes
LB000006824,EQ00002600,2023-09-17,Machine Oil / Grease,Manual,3.43,Early,Yes
LB000006825,EQ00002600,2023-09-01,Machine Oil / Grease,Manual,3.21,Overdue,Yes
LB000006826,EQ00002600,2022-02-11,Machine Oil / Grease,Manual,3.65,Normal,Yes
LB000006827,EQ00002601,2025-09-16,Wire Rope / Gear Grease,Manual,0.36,Early,Yes
LB000006828,EQ00002601,2024-09-24,Wire Rope / Gear Grease,Manual,3.18,Early,Yes
LB000006829,EQ00002601,2023-07-28,Wire Rope / Gear Grease,Manual,0.9,Normal,Yes
LB000006830,EQ00002604,2024-04-13,Engine / Gear Lubricant,Workshop service,0.98,Normal,Yes
LB000006831,EQ00002605,2024-07-05,Bearing Grease,Manual,3.36,Overdue,Yes
LB000006832,EQ00002605,2023-11-24,Bearing Grease,Manual,0.18,Early,Yes
LB000006833,EQ00002605,2026-01-15,Bearing Grease,Manual,0.11,Normal,Yes
LB000006834,EQ00002605,2025-01-12,Bearing Grease,Manual,2.48,Normal,Yes
LB000006835,EQ00002606,2022-05-18,Pump Bearing Grease,Manual,1.52,Normal,Yes
LB000006836,EQ00002606,2022-10-21,Pump Bearing Grease,Manual,4.56,Early,Yes
LB000006837,EQ00002606,2026-08-02,Pump Bearing Grease,Manual,2.02,Normal,Yes
LB000006838,EQ00002606,2024-07-24,Pump Bearing Grease,Manual,3.04,Overdue,Yes
LB000006839,EQ00002606,2021-06-15,Pump Bearing Grease,Manual,3.42,Normal,Yes
LB000006840,EQ00002608,2021-09-02,Bearing Oil / Grease,Manual / auto-lube,1.32,Early,Yes
LB000006841,EQ00002609,2024-06-13,Pump Bearing Grease,Manual,4.32,Early,Yes
LB000006842,EQ00002609,2024-05-27,Pump Bearing Grease,Manual,2.65,Overdue,Yes
LB000006843,EQ00002609,2024-12-15,Pump Bearing Grease,Manual,2.96,Overdue,Yes
LB000006844,EQ00002610,2024-11-17,Bearing Grease,Manual,4.11,Normal,Yes
LB000006845,EQ00002610,2026-08-04,Bearing Grease,Manual,3.33,Normal,Yes
LB000006846,EQ00002611,2022-02-27,Machine Oil / Grease,Manual,4.14,Early,Yes
LB000006847,EQ00002611,2022-07-11,Machine Oil / Grease,Manual,0.87,Overdue,Yes
LB000006848,EQ00002611,2024-03-30,Machine Oil / Grease,Manual,0.67,Early,Yes
LB000006849,EQ00002611,2022-12-04,Machine Oil / Grease,Manual,4.65,Early,Yes
LB000006850,EQ00002612,2026-08-18,Bearing Oil / Grease,Manual / auto-lube,1.52,Overdue,Yes
LB000006851,EQ00002612,2023-04-19,Bearing Oil / Grease,Manual / auto-lube,1.67,Normal,Yes
LB000006852,EQ00002612,2023-03-27,Bearing Oil / Grease,Manual / auto-lube,3.31,Overdue,Yes
LB000006853,EQ00002612,2023-06-17,Bearing Oil / Grease,Manual / auto-lube,0.67,Normal,Yes
LB000006854,EQ00002613,2022-01-30,Bearing Grease,Manual,1.99,Normal,Yes
LB000006855,EQ00002613,2022-04-04,Bearing Grease,Manual,4.01,Normal,Yes
LB000006856,EQ00002614,2023-09-21,Wire Rope / Gear Grease,Manual,4.59,Early,Yes
LB000006857,EQ00002614,2024-06-07,Wire Rope / Gear Grease,Manual,3.72,Early,Yes
LB000006858,EQ00002614,2022-08-18,Wire Rope / Gear Grease,Manual,4.06,Overdue,Yes
LB000006859,EQ00002614,2021-04-24,Wire Rope / Gear Grease,Manual,3.37,Early,Yes
LB000006860,EQ00002614,2025-01-20,Wire Rope / Gear Grease,Manual,1.97,Overdue,Yes
LB000006861,EQ00002614,2025-10-17,Wire Rope / Gear Grease,Manual,1.58,Normal,Yes
LB000006862,EQ00002615,2025-11-04,Process/Mechanical Lubricant,Manual / automated,3.33,Early,Yes
LB000006863,EQ00002618,2024-10-27,EP Gear Oil / Grease,Grease gun / centralized,0.15,Normal,Yes
LB000006864,EQ00002618,2022-01-16,EP Gear Oil / Grease,Grease gun / centralized,0.75,Early,Yes
LB000006865,EQ00002618,2023-01-06,EP Gear Oil / Grease,Grease gun / centralized,1.4,Overdue,Yes
LB000006866,EQ00002619,2025-06-02,Machine Oil / Grease,Manual,2.34,Overdue,Yes
LB000006867,EQ00002620,2022-09-09,EP Gear Oil / Grease,Grease gun / centralized,1.91,Normal,Yes
LB000006868,EQ00002620,2025-08-17,EP Gear Oil / Grease,Grease gun / centralized,2.49,Overdue,Yes
LB000006869,EQ00002620,2024-04-10,EP Gear Oil / Grease,Grease gun / centralized,0.24,Early,Yes
LB000006870,EQ00002621,2022-07-06,EP Gear Oil / Grease,Grease gun / centralized,3.01,Normal,Yes
LB000006871,EQ00002621,2025-12-29,EP Gear Oil / Grease,Grease gun / centralized,1.28,Early,Yes
LB000006872,EQ00002621,2025-03-04,EP Gear Oil / Grease,Grease gun / centralized,3.04,Early,Yes
LB000006873,EQ00002621,2021-02-22,EP Gear Oil / Grease,Grease gun / centralized,2.06,Early,Yes
LB000006874,EQ00002621,2021-02-05,EP Gear Oil / Grease,Grease gun / centralized,3.09,Early,Yes
LB000006875,EQ00002621,2021-01-02,EP Gear Oil / Grease,Grease gun / centralized,2.13,Overdue,Yes
LB000006876,EQ00002623,2023-08-13,Pump Bearing Grease,Manual,0.98,Early,Yes
LB000006877,EQ00002624,2024-11-20,Wire Rope / Gear Grease,Manual,3.27,Early,Yes
LB000006878,EQ00002624,2021-08-20,Wire Rope / Gear Grease,Manual,0.53,Normal,Yes
LB000006879,EQ00002624,2022-06-16,Wire Rope / Gear Grease,Manual,2.32,Normal,Yes
LB000006880,EQ00002624,2025-07-28,Wire Rope / Gear Grease,Manual,1.47,Normal,Yes
LB000006881,EQ00002624,2021-06-02,Wire Rope / Gear Grease,Manual,4.85,Overdue,Yes
LB000006882,EQ00002624,2024-09-30,Wire Rope / Gear Grease,Manual,4.01,Normal,Yes
LB000006883,EQ00002625,2026-01-02,Process/Mechanical Lubricant,Manual / automated,1.85,Normal,Yes
LB000006884,EQ00002625,2026-04-19,Process/Mechanical Lubricant,Manual / automated,2.33,Early,Yes
LB000006885,EQ00002625,2024-10-25,Process/Mechanical Lubricant,Manual / automated,3.38,Overdue,Yes
LB000006886,EQ00002625,2022-04-18,Process/Mechanical Lubricant,Manual / automated,1.58,Overdue,Yes
LB000006887,EQ00002626,2023-04-17,EP Gear Oil / Grease,Grease gun / centralized,2.44,Early,Yes
LB000006888,EQ00002626,2025-03-19,EP Gear Oil / Grease,Grease gun / centralized,0.51,Normal,Yes
LB000006889,EQ00002626,2023-10-03,EP Gear Oil / Grease,Grease gun / centralized,1.25,Early,Yes
LB000006890,EQ00002626,2023-09-05,EP Gear Oil / Grease,Grease gun / centralized,4.1,Early,Yes
LB000006891,EQ00002626,2023-01-09,EP Gear Oil / Grease,Grease gun / centralized,3.45,Overdue,Yes
LB000006892,EQ00002627,2023-07-06,Wire Rope / Gear Grease,Manual,0.63,Normal,Yes
LB000006893,EQ00002627,2025-09-03,Wire Rope / Gear Grease,Manual,3.48,Normal,Yes
LB000006894,EQ00002627,2025-07-17,Wire Rope / Gear Grease,Manual,0.9,Overdue,Yes
LB000006895,EQ00002628,2022-01-14,Machine Oil / Grease,Manual,3.58,Overdue,Yes
LB000006896,EQ00002628,2023-05-08,Machine Oil / Grease,Manual,3.46,Normal,Yes
LB000006897,EQ00002628,2025-05-01,Machine Oil / Grease,Manual,3.61,Normal,Yes
LB000006898,EQ00002628,2026-01-09,Machine Oil / Grease,Manual,4.46,Overdue,Yes
LB000006899,EQ00002629,2023-04-29,EP Gear Oil / Grease,Grease gun / centralized,3.64,Early,Yes
LB000006900,EQ00002629,2025-10-10,EP Gear Oil / Grease,Grease gun / centralized,2.21,Overdue,Yes
LB000006901,EQ00002629,2025-10-10,EP Gear Oil / Grease,Grease gun / centralized,3.61,Normal,Yes
LB000006902,EQ00002629,2022-06-18,EP Gear Oil / Grease,Grease gun / centralized,3.42,Overdue,Yes
LB000006903,EQ00002629,2021-05-22,EP Gear Oil / Grease,Grease gun / centralized,3.52,Overdue,Yes
LB000006904,EQ00002630,2025-04-28,Bearing Oil / Grease,Manual / auto-lube,1.31,Overdue,Yes
LB000006905,EQ00002630,2021-10-04,Bearing Oil / Grease,Manual / auto-lube,4.26,Normal,Yes
LB000006906,EQ00002630,2026-01-08,Bearing Oil / Grease,Manual / auto-lube,1.12,Overdue,Yes
LB000006907,EQ00002631,2025-04-13,Pump Bearing Grease,Manual,0.66,Normal,Yes
LB000006908,EQ00002631,2023-12-23,Pump Bearing Grease,Manual,4.59,Early,Yes
LB000006909,EQ00002631,2025-12-22,Pump Bearing Grease,Manual,1.93,Overdue,Yes
LB000006910,EQ00002631,2021-03-01,Pump Bearing Grease,Manual,3.34,Overdue,Yes
LB000006911,EQ00002631,2026-08-06,Pump Bearing Grease,Manual,4.81,Overdue,Yes
LB000006912,EQ00002631,2021-06-27,Pump Bearing Grease,Manual,4.35,Overdue,Yes
LB000006913,EQ00002632,2025-05-20,Pump Bearing Grease,Manual,3.84,Overdue,Yes
LB000006914,EQ00002632,2021-06-14,Pump Bearing Grease,Manual,4.16,Overdue,Yes
LB000006915,EQ00002632,2025-02-24,Pump Bearing Grease,Manual,4.1,Early,Yes
LB000006916,EQ00002632,2021-07-13,Pump Bearing Grease,Manual,0.29,Early,Yes
LB000006917,EQ00002632,2023-09-19,Pump Bearing Grease,Manual,2.6,Normal,Yes
LB000006918,EQ00002633,2025-09-15,Pump Bearing Grease,Manual,2.4,Overdue,Yes
LB000006919,EQ00002633,2024-01-11,Pump Bearing Grease,Manual,4.91,Normal,Yes
LB000006920,EQ00002633,2023-04-25,Pump Bearing Grease,Manual,3.69,Normal,Yes
LB000006921,EQ00002633,2024-01-26,Pump Bearing Grease,Manual,1.14,Normal,Yes
LB000006922,EQ00002633,2023-12-08,Pump Bearing Grease,Manual,4.44,Overdue,Yes
LB000006923,EQ00002633,2026-02-02,Pump Bearing Grease,Manual,2.41,Early,Yes
LB000006924,EQ00002635,2026-05-22,Wire Rope / Gear Grease,Manual,0.2,Normal,Yes
LB000006925,EQ00002636,2024-12-26,Pump Bearing Grease,Manual,0.22,Overdue,Yes
LB000006926,EQ00002636,2022-01-01,Pump Bearing Grease,Manual,3.57,Overdue,Yes
LB000006927,EQ00002636,2025-06-15,Pump Bearing Grease,Manual,0.82,Early,Yes
LB000006928,EQ00002636,2021-06-11,Pump Bearing Grease,Manual,3.47,Overdue,Yes
LB000006929,EQ00002638,2024-11-16,Bearing Oil / Grease,Manual / auto-lube,2.71,Early,Yes
LB000006930,EQ00002638,2024-03-17,Bearing Oil / Grease,Manual / auto-lube,1.61,Normal,Yes
LB000006931,EQ00002639,2025-09-05,Wire Rope / Gear Grease,Manual,0.21,Normal,Yes
LB000006932,EQ00002639,2025-08-28,Wire Rope / Gear Grease,Manual,1.8,Overdue,Yes
LB000006933,EQ00002639,2021-01-26,Wire Rope / Gear Grease,Manual,2.82,Overdue,Yes
LB000006934,EQ00002639,2025-07-16,Wire Rope / Gear Grease,Manual,4.42,Early,Yes
LB000006935,EQ00002639,2025-01-04,Wire Rope / Gear Grease,Manual,0.46,Early,Yes
LB000006936,EQ00002639,2022-09-06,Wire Rope / Gear Grease,Manual,1.45,Normal,Yes
LB000006937,EQ00002640,2024-08-20,Process/Mechanical Lubricant,Manual / automated,0.1,Normal,Yes
LB000006938,EQ00002640,2024-03-10,Process/Mechanical Lubricant,Manual / automated,0.42,Overdue,Yes
LB000006939,EQ00002640,2025-11-20,Process/Mechanical Lubricant,Manual / automated,0.85,Early,Yes
LB000006940,EQ00002640,2021-07-26,Process/Mechanical Lubricant,Manual / automated,4.53,Normal,Yes
LB000006941,EQ00002640,2026-05-28,Process/Mechanical Lubricant,Manual / automated,3.15,Early,Yes
LB000006942,EQ00002641,2024-03-19,Engine / Gear Lubricant,Workshop service,1.44,Overdue,Yes
LB000006943,EQ00002641,2022-12-03,Engine / Gear Lubricant,Workshop service,0.43,Normal,Yes
LB000006944,EQ00002641,2022-01-23,Engine / Gear Lubricant,Workshop service,1.62,Normal,Yes
LB000006945,EQ00002641,2021-03-18,Engine / Gear Lubricant,Workshop service,3.09,Overdue,Yes
LB000006946,EQ00002641,2023-11-14,Engine / Gear Lubricant,Workshop service,0.4,Normal,Yes
LB000006947,EQ00002642,2022-04-01,Machine Oil / Grease,Manual,0.92,Overdue,Yes
LB000006948,EQ00002642,2025-11-23,Machine Oil / Grease,Manual,0.79,Normal,Yes
LB000006949,EQ00002643,2025-11-08,Bearing Grease,Manual,1.79,Normal,Yes
LB000006950,EQ00002643,2025-04-03,Bearing Grease,Manual,3.86,Early,Yes
LB000006951,EQ00002644,2023-01-31,EP Gear Oil / Grease,Grease gun / centralized,0.19,Overdue,Yes
LB000006952,EQ00002644,2024-08-21,EP Gear Oil / Grease,Grease gun / centralized,0.17,Normal,Yes
LB000006953,EQ00002644,2024-11-27,EP Gear Oil / Grease,Grease gun / centralized,2.25,Overdue,Yes
LB000006954,EQ00002644,2023-12-01,EP Gear Oil / Grease,Grease gun / centralized,2.67,Normal,Yes
LB000006955,EQ00002644,2024-02-08,EP Gear Oil / Grease,Grease gun / centralized,0.26,Normal,Yes
LB000006956,EQ00002644,2026-03-22,EP Gear Oil / Grease,Grease gun / centralized,2.82,Early,Yes
LB000006957,EQ00002646,2022-12-14,Bearing Grease,Manual,0.36,Overdue,Yes
LB000006958,EQ00002646,2026-08-17,Bearing Grease,Manual,0.67,Overdue,Yes
LB000006959,EQ00002646,2021-01-23,Bearing Grease,Manual,1.7,Early,Yes
LB000006960,EQ00002649,2022-06-03,Pump Bearing Grease,Manual,4.66,Normal,Yes
LB000006961,EQ00002649,2021-04-19,Pump Bearing Grease,Manual,0.7,Overdue,Yes
LB000006962,EQ00002649,2021-02-08,Pump Bearing Grease,Manual,4.78,Normal,Yes
LB000006963,EQ00002650,2024-07-06,Bearing Oil / Grease,Manual / auto-lube,3.38,Overdue,Yes
LB000006964,EQ00002650,2021-01-24,Bearing Oil / Grease,Manual / auto-lube,4.81,Normal,Yes
LB000006965,EQ00002650,2024-03-17,Bearing Oil / Grease,Manual / auto-lube,3.26,Early,Yes
LB000006966,EQ00002650,2024-04-18,Bearing Oil / Grease,Manual / auto-lube,3.73,Overdue,Yes
LB000006967,EQ00002650,2021-12-20,Bearing Oil / Grease,Manual / auto-lube,2.89,Early,Yes
LB000006968,EQ00002650,2021-04-23,Bearing Oil / Grease,Manual / auto-lube,2.97,Overdue,Yes
LB000006969,EQ00002651,2023-09-25,Machine Oil / Grease,Manual,4.03,Early,Yes
LB000006970,EQ00002652,2022-02-21,Engine / Gear Lubricant,Workshop service,2.45,Early,Yes
LB000006971,EQ00002652,2026-01-08,Engine / Gear Lubricant,Workshop service,0.67,Overdue,Yes
LB000006972,EQ00002652,2025-09-10,Engine / Gear Lubricant,Workshop service,2.43,Overdue,Yes
LB000006973,EQ00002652,2021-10-25,Engine / Gear Lubricant,Workshop service,2.43,Normal,Yes
LB000006974,EQ00002652,2023-03-24,Engine / Gear Lubricant,Workshop service,3.6,Normal,Yes
LB000006975,EQ00002653,2025-04-14,Bearing Oil / Grease,Manual / auto-lube,2.57,Normal,Yes
LB000006976,EQ00002653,2024-12-06,Bearing Oil / Grease,Manual / auto-lube,1.91,Overdue,Yes
LB000006977,EQ00002653,2022-04-23,Bearing Oil / Grease,Manual / auto-lube,3.06,Normal,Yes
LB000006978,EQ00002653,2023-09-04,Bearing Oil / Grease,Manual / auto-lube,3.51,Early,Yes
LB000006979,EQ00002655,2022-01-03,Bearing Oil / Grease,Manual / auto-lube,1.01,Overdue,Yes
LB000006980,EQ00002655,2023-05-20,Bearing Oil / Grease,Manual / auto-lube,1.22,Normal,Yes
LB000006981,EQ00002655,2024-05-25,Bearing Oil / Grease,Manual / auto-lube,4.3,Overdue,Yes
LB000006982,EQ00002655,2023-08-12,Bearing Oil / Grease,Manual / auto-lube,4.18,Early,Yes
LB000006983,EQ00002656,2023-04-21,Machine Oil / Grease,Manual,3.94,Early,Yes
LB000006984,EQ00002656,2023-12-20,Machine Oil / Grease,Manual,4.06,Early,Yes
LB000006985,EQ00002656,2022-02-11,Machine Oil / Grease,Manual,3.7,Overdue,Yes
LB000006986,EQ00002656,2023-01-10,Machine Oil / Grease,Manual,0.38,Normal,Yes
LB000006987,EQ00002656,2022-10-17,Machine Oil / Grease,Manual,4.29,Overdue,Yes
LB000006988,EQ00002656,2025-05-01,Machine Oil / Grease,Manual,0.48,Normal,Yes
LB000006989,EQ00002657,2022-11-25,Pump Bearing Grease,Manual,3.28,Normal,Yes
LB000006990,EQ00002657,2023-02-15,Pump Bearing Grease,Manual,1.92,Overdue,Yes
LB000006991,EQ00002657,2025-06-11,Pump Bearing Grease,Manual,3.2,Early,Yes
LB000006992,EQ00002657,2021-12-14,Pump Bearing Grease,Manual,4.72,Overdue,Yes
LB000006993,EQ00002658,2022-12-18,Machine Oil / Grease,Manual,1.91,Normal,Yes
LB000006994,EQ00002659,2026-07-09,EP Gear Oil / Grease,Grease gun / centralized,4.06,Overdue,Yes
LB000006995,EQ00002659,2021-03-03,EP Gear Oil / Grease,Grease gun / centralized,3.24,Overdue,Yes
LB000006996,EQ00002660,2024-04-01,Wire Rope / Gear Grease,Manual,2.21,Normal,Yes
LB000006997,EQ00002660,2021-04-24,Wire Rope / Gear Grease,Manual,2.45,Overdue,Yes
LB000006998,EQ00002660,2024-11-11,Wire Rope / Gear Grease,Manual,4.72,Early,Yes
LB000006999,EQ00002660,2025-01-29,Wire Rope / Gear Grease,Manual,3.26,Normal,Yes
LB000007000,EQ00002661,2023-05-11,Wire Rope / Gear Grease,Manual,3.13,Overdue,Yes
LB000007001,EQ00002662,2025-03-01,Machine Oil / Grease,Manual,1.86,Overdue,Yes
LB000007002,EQ00002662,2022-03-10,Machine Oil / Grease,Manual,1.91,Normal,Yes
LB000007003,EQ00002662,2025-02-23,Machine Oil / Grease,Manual,3.76,Overdue,Yes
LB000007004,EQ00002662,2026-03-30,Machine Oil / Grease,Manual,0.27,Overdue,Yes
LB000007005,EQ00002662,2022-07-15,Machine Oil / Grease,Manual,4.94,Overdue,Yes
LB000007006,EQ00002663,2024-05-07,Wire Rope / Gear Grease,Manual,0.12,Normal,Yes
LB000007007,EQ00002663,2025-12-30,Wire Rope / Gear Grease,Manual,3.87,Early,Yes
LB000007008,EQ00002663,2022-05-23,Wire Rope / Gear Grease,Manual,2.59,Normal,Yes
LB000007009,EQ00002663,2025-08-04,Wire Rope / Gear Grease,Manual,2.9,Early,Yes
LB000007010,EQ00002663,2022-03-12,Wire Rope / Gear Grease,Manual,3.54,Overdue,Yes
LB000007011,EQ00002663,2023-08-07,Wire Rope / Gear Grease,Manual,4.13,Overdue,Yes
LB000007012,EQ00002664,2026-01-25,Pump Bearing Grease,Manual,0.7,Early,Yes
LB000007013,EQ00002664,2024-12-18,Pump Bearing Grease,Manual,0.29,Overdue,Yes
LB000007014,EQ00002664,2024-05-03,Pump Bearing Grease,Manual,3.43,Overdue,Yes
LB000007015,EQ00002664,2022-10-02,Pump Bearing Grease,Manual,4.48,Early,Yes
LB000007016,EQ00002664,2025-06-24,Pump Bearing Grease,Manual,1.5,Overdue,Yes
LB000007017,EQ00002666,2021-05-04,Engine / Gear Lubricant,Workshop service,4.44,Early,Yes
LB000007018,EQ00002666,2021-10-23,Engine / Gear Lubricant,Workshop service,2.52,Overdue,Yes
LB000007019,EQ00002666,2025-05-02,Engine / Gear Lubricant,Workshop service,4.76,Normal,Yes
LB000007020,EQ00002666,2024-03-01,Engine / Gear Lubricant,Workshop service,4.66,Overdue,Yes
LB000007021,EQ00002667,2023-08-18,Process/Mechanical Lubricant,Manual / automated,4.16,Overdue,Yes
LB000007022,EQ00002667,2023-01-02,Process/Mechanical Lubricant,Manual / automated,4.4,Overdue,Yes
LB000007023,EQ00002668,2025-04-01,EP Gear Oil / Grease,Grease gun / centralized,3.02,Normal,Yes
LB000007024,EQ00002668,2022-08-19,EP Gear Oil / Grease,Grease gun / centralized,0.61,Overdue,Yes
LB000007025,EQ00002668,2023-11-29,EP Gear Oil / Grease,Grease gun / centralized,2.59,Normal,Yes
LB000007026,EQ00002668,2021-06-02,EP Gear Oil / Grease,Grease gun / centralized,0.18,Early,Yes
LB000007027,EQ00002668,2023-06-28,EP Gear Oil / Grease,Grease gun / centralized,1.73,Overdue,Yes
LB000007028,EQ00002668,2024-05-17,EP Gear Oil / Grease,Grease gun / centralized,4.62,Overdue,Yes
LB000007029,EQ00002670,2022-03-24,Engine / Gear Lubricant,Workshop service,1.5,Overdue,Yes
LB000007030,EQ00002670,2025-10-26,Engine / Gear Lubricant,Workshop service,0.15,Early,Yes
LB000007031,EQ00002670,2022-09-18,Engine / Gear Lubricant,Workshop service,3.67,Early,Yes
LB000007032,EQ00002670,2022-04-01,Engine / Gear Lubricant,Workshop service,3.29,Early,Yes
LB000007033,EQ00002670,2024-08-01,Engine / Gear Lubricant,Workshop service,2.18,Overdue,Yes
LB000007034,EQ00002671,2024-12-08,Bearing Oil / Grease,Manual / auto-lube,0.35,Overdue,Yes
LB000007035,EQ00002671,2023-05-11,Bearing Oil / Grease,Manual / auto-lube,4.87,Overdue,Yes
LB000007036,EQ00002671,2024-05-30,Bearing Oil / Grease,Manual / auto-lube,1.02,Overdue,Yes
LB000007037,EQ00002672,2023-05-16,Machine Oil / Grease,Manual,2.52,Overdue,Yes
LB000007038,EQ00002672,2026-03-26,Machine Oil / Grease,Manual,3.25,Early,Yes
LB000007039,EQ00002672,2021-08-13,Machine Oil / Grease,Manual,4.05,Overdue,Yes
LB000007040,EQ00002675,2022-12-29,Bearing Grease,Manual,1.32,Early,Yes
LB000007041,EQ00002675,2023-11-25,Bearing Grease,Manual,4.31,Early,Yes
LB000007042,EQ00002675,2022-11-11,Bearing Grease,Manual,1.72,Normal,Yes
LB000007043,EQ00002675,2024-03-22,Bearing Grease,Manual,0.27,Early,Yes
LB000007044,EQ00002675,2024-08-07,Bearing Grease,Manual,4.52,Normal,Yes
LB000007045,EQ00002676,2021-12-06,Bearing Grease,Manual,2.19,Overdue,Yes
LB000007046,EQ00002676,2021-08-10,Bearing Grease,Manual,1.19,Normal,Yes
LB000007047,EQ00002676,2022-08-16,Bearing Grease,Manual,2.45,Overdue,Yes
LB000007048,EQ00002676,2023-06-28,Bearing Grease,Manual,0.14,Overdue,Yes
LB000007049,EQ00002676,2025-07-23,Bearing Grease,Manual,4.94,Normal,Yes
LB000007050,EQ00002676,2022-04-05,Bearing Grease,Manual,0.75,Normal,Yes
LB000007051,EQ00002677,2024-03-02,Bearing Grease,Manual,2.84,Normal,Yes
LB000007052,EQ00002679,2026-02-12,Process/Mechanical Lubricant,Manual / automated,3.13,Early,Yes
LB000007053,EQ00002679,2024-07-10,Process/Mechanical Lubricant,Manual / automated,0.57,Early,Yes
LB000007054,EQ00002680,2023-06-24,Process/Mechanical Lubricant,Manual / automated,1.97,Normal,Yes
LB000007055,EQ00002680,2022-04-15,Process/Mechanical Lubricant,Manual / automated,1.08,Normal,Yes
LB000007056,EQ00002680,2021-02-17,Process/Mechanical Lubricant,Manual / automated,4.01,Normal,Yes
LB000007057,EQ00002680,2023-02-28,Process/Mechanical Lubricant,Manual / automated,2.29,Overdue,Yes
LB000007058,EQ00002680,2021-10-20,Process/Mechanical Lubricant,Manual / automated,0.38,Overdue,Yes
LB000007059,EQ00002680,2026-05-09,Process/Mechanical Lubricant,Manual / automated,0.68,Normal,Yes
LB000007060,EQ00002682,2025-10-25,Engine / Gear Lubricant,Workshop service,3.92,Early,Yes
LB000007061,EQ00002682,2026-07-12,Engine / Gear Lubricant,Workshop service,3.45,Early,Yes
LB000007062,EQ00002684,2022-06-18,Wire Rope / Gear Grease,Manual,1.19,Normal,Yes
LB000007063,EQ00002684,2025-05-18,Wire Rope / Gear Grease,Manual,2.12,Normal,Yes
LB000007064,EQ00002684,2022-03-30,Wire Rope / Gear Grease,Manual,4.38,Normal,Yes
LB000007065,EQ00002687,2025-05-02,Bearing Grease,Manual,1.93,Early,Yes
LB000007066,EQ00002687,2022-07-10,Bearing Grease,Manual,3.64,Overdue,Yes
LB000007067,EQ00002687,2024-03-02,Bearing Grease,Manual,1.13,Overdue,Yes
LB000007068,EQ00002687,2022-12-19,Bearing Grease,Manual,3.54,Early,Yes
LB000007069,EQ00002687,2021-10-15,Bearing Grease,Manual,0.5,Early,Yes
LB000007070,EQ00002687,2023-01-28,Bearing Grease,Manual,0.5,Normal,Yes
LB000007071,EQ00002688,2023-08-14,EP Gear Oil / Grease,Grease gun / centralized,0.49,Normal,Yes
LB000007072,EQ00002688,2026-04-24,EP Gear Oil / Grease,Grease gun / centralized,0.78,Overdue,Yes
LB000007073,EQ00002689,2024-07-02,Bearing Oil / Grease,Manual / auto-lube,0.2,Overdue,Yes
LB000007074,EQ00002689,2025-06-11,Bearing Oil / Grease,Manual / auto-lube,3.52,Normal,Yes
LB000007075,EQ00002689,2021-12-19,Bearing Oil / Grease,Manual / auto-lube,2.91,Normal,Yes
LB000007076,EQ00002689,2021-11-17,Bearing Oil / Grease,Manual / auto-lube,4.0,Overdue,Yes
LB000007077,EQ00002689,2026-07-15,Bearing Oil / Grease,Manual / auto-lube,1.46,Overdue,Yes
LB000007078,EQ00002692,2023-03-22,Machine Oil / Grease,Manual,0.24,Normal,Yes
LB000007079,EQ00002692,2025-03-17,Machine Oil / Grease,Manual,1.08,Normal,Yes
LB000007080,EQ00002693,2026-06-17,EP Gear Oil / Grease,Grease gun / centralized,3.13,Overdue,Yes
LB000007081,EQ00002693,2026-07-27,EP Gear Oil / Grease,Grease gun / centralized,2.96,Early,Yes
LB000007082,EQ00002693,2021-03-15,EP Gear Oil / Grease,Grease gun / centralized,2.98,Overdue,Yes
LB000007083,EQ00002693,2022-06-08,EP Gear Oil / Grease,Grease gun / centralized,3.48,Normal,Yes
LB000007084,EQ00002693,2025-10-09,EP Gear Oil / Grease,Grease gun / centralized,0.15,Early,Yes
LB000007085,EQ00002693,2023-10-26,EP Gear Oil / Grease,Grease gun / centralized,0.28,Overdue,Yes
LB000007086,EQ00002696,2021-02-11,Process/Mechanical Lubricant,Manual / automated,3.19,Overdue,Yes
LB000007087,EQ00002696,2026-03-07,Process/Mechanical Lubricant,Manual / automated,2.02,Normal,Yes
LB000007088,EQ00002696,2023-05-29,Process/Mechanical Lubricant,Manual / automated,4.92,Early,Yes
LB000007089,EQ00002696,2021-09-24,Process/Mechanical Lubricant,Manual / automated,3.43,Early,Yes
LB000007090,EQ00002697,2023-02-03,Bearing Oil / Grease,Manual / auto-lube,4.02,Early,Yes
LB000007091,EQ00002697,2021-03-08,Bearing Oil / Grease,Manual / auto-lube,3.7,Overdue,Yes
LB000007092,EQ00002698,2022-10-20,Bearing Oil / Grease,Manual / auto-lube,1.3,Normal,Yes
LB000007093,EQ00002698,2025-04-26,Bearing Oil / Grease,Manual / auto-lube,3.45,Normal,Yes
LB000007094,EQ00002698,2022-07-11,Bearing Oil / Grease,Manual / auto-lube,3.05,Overdue,Yes
LB000007095,EQ00002698,2026-07-04,Bearing Oil / Grease,Manual / auto-lube,3.38,Early,Yes
LB000007096,EQ00002700,2024-05-22,Bearing Oil / Grease,Manual / auto-lube,2.18,Normal,Yes
LB000007097,EQ00002700,2024-04-27,Bearing Oil / Grease,Manual / auto-lube,3.9,Overdue,Yes
LB000007098,EQ00002700,2021-04-25,Bearing Oil / Grease,Manual / auto-lube,3.89,Overdue,Yes
LB000007099,EQ00002700,2021-07-04,Bearing Oil / Grease,Manual / auto-lube,1.87,Normal,Yes
LB000007100,EQ00002701,2022-02-28,Machine Oil / Grease,Manual,2.01,Overdue,Yes
LB000007101,EQ00002701,2025-10-05,Machine Oil / Grease,Manual,1.14,Normal,Yes
LB000007102,EQ00002702,2025-10-31,EP Gear Oil / Grease,Grease gun / centralized,1.72,Early,Yes
LB000007103,EQ00002702,2025-01-10,EP Gear Oil / Grease,Grease gun / centralized,0.31,Early,Yes
LB000007104,EQ00002703,2025-11-08,EP Gear Oil / Grease,Grease gun / centralized,1.98,Early,Yes
LB000007105,EQ00002703,2023-08-01,EP Gear Oil / Grease,Grease gun / centralized,1.92,Normal,Yes
LB000007106,EQ00002704,2026-07-22,EP Gear Oil / Grease,Grease gun / centralized,1.55,Normal,Yes
LB000007107,EQ00002704,2023-04-05,EP Gear Oil / Grease,Grease gun / centralized,5.0,Normal,Yes
LB000007108,EQ00002704,2021-08-15,EP Gear Oil / Grease,Grease gun / centralized,3.45,Overdue,Yes
LB000007109,EQ00002704,2023-01-11,EP Gear Oil / Grease,Grease gun / centralized,1.87,Early,Yes
LB000007110,EQ00002707,2026-08-10,Machine Oil / Grease,Manual,1.24,Early,Yes
LB000007111,EQ00002711,2021-09-05,Machine Oil / Grease,Manual,2.01,Overdue,Yes
LB000007112,EQ00002711,2025-07-12,Machine Oil / Grease,Manual,0.95,Normal,Yes
LB000007113,EQ00002711,2022-10-21,Machine Oil / Grease,Manual,2.51,Normal,Yes
LB000007114,EQ00002711,2022-05-21,Machine Oil / Grease,Manual,2.23,Early,Yes
LB000007115,EQ00002711,2026-08-29,Machine Oil / Grease,Manual,5.0,Overdue,Yes
LB000007116,EQ00002712,2025-07-17,Machine Oil / Grease,Manual,2.2,Early,Yes
LB000007117,EQ00002713,2022-03-23,EP Gear Oil / Grease,Grease gun / centralized,1.35,Normal,Yes
LB000007118,EQ00002713,2025-01-09,EP Gear Oil / Grease,Grease gun / centralized,1.29,Overdue,Yes
LB000007119,EQ00002713,2026-02-18,EP Gear Oil / Grease,Grease gun / centralized,2.18,Overdue,Yes
LB000007120,EQ00002713,2025-09-26,EP Gear Oil / Grease,Grease gun / centralized,2.79,Early,Yes
LB000007121,EQ00002715,2022-03-24,EP Gear Oil / Grease,Grease gun / centralized,1.12,Early,Yes
LB000007122,EQ00002715,2025-03-04,EP Gear Oil / Grease,Grease gun / centralized,4.83,Overdue,Yes
LB000007123,EQ00002716,2025-09-15,EP Gear Oil / Grease,Grease gun / centralized,4.62,Normal,Yes
LB000007124,EQ00002716,2023-08-01,EP Gear Oil / Grease,Grease gun / centralized,1.08,Normal,Yes
LB000007125,EQ00002716,2023-10-17,EP Gear Oil / Grease,Grease gun / centralized,1.74,Normal,Yes
LB000007126,EQ00002716,2023-10-20,EP Gear Oil / Grease,Grease gun / centralized,2.25,Overdue,Yes
LB000007127,EQ00002716,2023-09-20,EP Gear Oil / Grease,Grease gun / centralized,1.46,Normal,Yes
LB000007128,EQ00002719,2021-07-14,Bearing Oil / Grease,Manual / auto-lube,3.8,Overdue,Yes
LB000007129,EQ00002719,2026-02-12,Bearing Oil / Grease,Manual / auto-lube,3.18,Normal,Yes
LB000007130,EQ00002719,2021-12-31,Bearing Oil / Grease,Manual / auto-lube,1.19,Early,Yes
LB000007131,EQ00002719,2022-01-15,Bearing Oil / Grease,Manual / auto-lube,1.16,Overdue,Yes
LB000007132,EQ00002719,2021-02-20,Bearing Oil / Grease,Manual / auto-lube,0.32,Early,Yes
LB000007133,EQ00002720,2024-06-12,Bearing Grease,Manual,3.47,Normal,Yes
LB000007134,EQ00002721,2023-01-19,EP Gear Oil / Grease,Grease gun / centralized,0.17,Normal,Yes
LB000007135,EQ00002722,2022-09-03,EP Gear Oil / Grease,Grease gun / centralized,4.42,Early,Yes
LB000007136,EQ00002722,2025-12-16,EP Gear Oil / Grease,Grease gun / centralized,0.78,Early,Yes
LB000007137,EQ00002722,2022-06-11,EP Gear Oil / Grease,Grease gun / centralized,2.6,Normal,Yes
LB000007138,EQ00002722,2023-08-16,EP Gear Oil / Grease,Grease gun / centralized,2.85,Early,Yes
LB000007139,EQ00002722,2022-06-02,EP Gear Oil / Grease,Grease gun / centralized,2.23,Overdue,Yes
LB000007140,EQ00002722,2025-01-30,EP Gear Oil / Grease,Grease gun / centralized,2.13,Normal,Yes
LB000007141,EQ00002723,2024-03-26,EP Gear Oil / Grease,Grease gun / centralized,1.61,Early,Yes
LB000007142,EQ00002724,2025-10-30,Wire Rope / Gear Grease,Manual,3.76,Normal,Yes
LB000007143,EQ00002724,2021-01-09,Wire Rope / Gear Grease,Manual,2.64,Overdue,Yes
LB000007144,EQ00002725,2025-10-29,Wire Rope / Gear Grease,Manual,0.58,Normal,Yes
LB000007145,EQ00002725,2024-03-03,Wire Rope / Gear Grease,Manual,0.51,Early,Yes
LB000007146,EQ00002725,2023-01-26,Wire Rope / Gear Grease,Manual,2.68,Normal,Yes
LB000007147,EQ00002725,2025-10-09,Wire Rope / Gear Grease,Manual,2.76,Normal,Yes
LB000007148,EQ00002725,2021-08-09,Wire Rope / Gear Grease,Manual,0.11,Normal,Yes
LB000007149,EQ00002726,2025-06-19,Bearing Grease,Manual,0.38,Normal,Yes
LB000007150,EQ00002726,2023-08-28,Bearing Grease,Manual,3.34,Normal,Yes
LB000007151,EQ00002726,2024-04-19,Bearing Grease,Manual,4.99,Normal,Yes
LB000007152,EQ00002727,2022-01-29,Machine Oil / Grease,Manual,3.56,Early,Yes
LB000007153,EQ00002727,2025-04-27,Machine Oil / Grease,Manual,1.67,Early,Yes
LB000007154,EQ00002727,2025-05-08,Machine Oil / Grease,Manual,3.09,Normal,Yes
LB000007155,EQ00002727,2021-06-04,Machine Oil / Grease,Manual,4.27,Normal,Yes
LB000007156,EQ00002728,2021-02-10,Process/Mechanical Lubricant,Manual / automated,0.52,Normal,Yes
LB000007157,EQ00002728,2024-06-16,Process/Mechanical Lubricant,Manual / automated,2.88,Normal,Yes
LB000007158,EQ00002728,2024-06-02,Process/Mechanical Lubricant,Manual / automated,1.52,Normal,Yes
LB000007159,EQ00002729,2024-03-25,Process/Mechanical Lubricant,Manual / automated,4.88,Overdue,Yes
LB000007160,EQ00002729,2022-08-30,Process/Mechanical Lubricant,Manual / automated,4.78,Normal,Yes
LB000007161,EQ00002729,2022-02-25,Process/Mechanical Lubricant,Manual / automated,3.48,Normal,Yes
LB000007162,EQ00002729,2021-05-22,Process/Mechanical Lubricant,Manual / automated,0.89,Early,Yes
LB000007163,EQ00002729,2022-06-04,Process/Mechanical Lubricant,Manual / automated,1.04,Normal,Yes
LB000007164,EQ00002729,2022-12-02,Process/Mechanical Lubricant,Manual / automated,1.47,Normal,Yes
LB000007165,EQ00002730,2022-01-19,Pump Bearing Grease,Manual,2.73,Overdue,Yes
LB000007166,EQ00002731,2023-04-08,Engine / Gear Lubricant,Workshop service,2.54,Overdue,Yes
LB000007167,EQ00002731,2021-10-07,Engine / Gear Lubricant,Workshop service,4.31,Early,Yes
LB000007168,EQ00002731,2021-02-01,Engine / Gear Lubricant,Workshop service,3.11,Overdue,Yes
LB000007169,EQ00002731,2022-03-29,Engine / Gear Lubricant,Workshop service,4.7,Early,Yes
LB000007170,EQ00002731,2022-01-05,Engine / Gear Lubricant,Workshop service,0.83,Early,Yes
LB000007171,EQ00002732,2021-07-12,EP Gear Oil / Grease,Grease gun / centralized,0.74,Early,Yes
LB000007172,EQ00002732,2022-05-25,EP Gear Oil / Grease,Grease gun / centralized,3.71,Overdue,Yes
LB000007173,EQ00002732,2022-04-02,EP Gear Oil / Grease,Grease gun / centralized,4.52,Early,Yes
LB000007174,EQ00002733,2022-03-21,Engine / Gear Lubricant,Workshop service,4.95,Overdue,Yes
LB000007175,EQ00002733,2025-03-03,Engine / Gear Lubricant,Workshop service,1.88,Early,Yes
LB000007176,EQ00002734,2025-06-17,Wire Rope / Gear Grease,Manual,2.23,Normal,Yes
LB000007177,EQ00002734,2022-05-12,Wire Rope / Gear Grease,Manual,1.34,Overdue,Yes
LB000007178,EQ00002734,2022-06-13,Wire Rope / Gear Grease,Manual,3.91,Overdue,Yes
LB000007179,EQ00002734,2021-10-26,Wire Rope / Gear Grease,Manual,4.08,Early,Yes
LB000007180,EQ00002734,2024-09-04,Wire Rope / Gear Grease,Manual,1.03,Early,Yes
LB000007181,EQ00002734,2022-05-13,Wire Rope / Gear Grease,Manual,0.63,Normal,Yes
LB000007182,EQ00002736,2022-10-07,Wire Rope / Gear Grease,Manual,2.38,Overdue,Yes
LB000007183,EQ00002736,2023-01-10,Wire Rope / Gear Grease,Manual,4.47,Early,Yes
LB000007184,EQ00002736,2022-02-03,Wire Rope / Gear Grease,Manual,2.58,Early,Yes
LB000007185,EQ00002736,2023-07-29,Wire Rope / Gear Grease,Manual,1.16,Overdue,Yes
LB000007186,EQ00002736,2022-01-07,Wire Rope / Gear Grease,Manual,4.54,Overdue,Yes
LB000007187,EQ00002738,2021-10-12,Machine Oil / Grease,Manual,4.73,Normal,Yes
LB000007188,EQ00002738,2022-11-30,Machine Oil / Grease,Manual,0.63,Overdue,Yes
LB000007189,EQ00002738,2022-05-19,Machine Oil / Grease,Manual,3.75,Normal,Yes
LB000007190,EQ00002738,2023-01-07,Machine Oil / Grease,Manual,3.45,Normal,Yes
LB000007191,EQ00002739,2023-04-14,EP Gear Oil / Grease,Grease gun / centralized,2.91,Overdue,Yes
LB000007192,EQ00002739,2022-08-23,EP Gear Oil / Grease,Grease gun / centralized,1.94,Overdue,Yes
LB000007193,EQ00002739,2023-04-25,EP Gear Oil / Grease,Grease gun / centralized,3.8,Early,Yes
LB000007194,EQ00002740,2025-03-30,Machine Oil / Grease,Manual,3.51,Early,Yes
LB000007195,EQ00002740,2021-09-02,Machine Oil / Grease,Manual,1.19,Overdue,Yes
LB000007196,EQ00002740,2022-09-10,Machine Oil / Grease,Manual,2.15,Early,Yes
LB000007197,EQ00002740,2024-05-14,Machine Oil / Grease,Manual,3.26,Normal,Yes
LB000007198,EQ00002740,2022-12-14,Machine Oil / Grease,Manual,3.18,Overdue,Yes
LB000007199,EQ00002742,2025-01-07,Process/Mechanical Lubricant,Manual / automated,1.3,Early,Yes
LB000007200,EQ00002742,2026-01-04,Process/Mechanical Lubricant,Manual / automated,4.31,Early,Yes
LB000007201,EQ00002742,2021-02-07,Process/Mechanical Lubricant,Manual / automated,3.07,Normal,Yes
LB000007202,EQ00002743,2021-01-11,EP Gear Oil / Grease,Grease gun / centralized,0.43,Early,Yes
LB000007203,EQ00002743,2022-01-14,EP Gear Oil / Grease,Grease gun / centralized,3.23,Early,Yes
LB000007204,EQ00002743,2025-05-03,EP Gear Oil / Grease,Grease gun / centralized,4.7,Normal,Yes
LB000007205,EQ00002743,2021-04-14,EP Gear Oil / Grease,Grease gun / centralized,4.97,Normal,Yes
LB000007206,EQ00002743,2025-08-14,EP Gear Oil / Grease,Grease gun / centralized,2.81,Normal,Yes
LB000007207,EQ00002743,2022-06-02,EP Gear Oil / Grease,Grease gun / centralized,2.55,Normal,Yes
LB000007208,EQ00002744,2023-04-12,EP Gear Oil / Grease,Grease gun / centralized,2.95,Early,Yes
LB000007209,EQ00002744,2022-07-30,EP Gear Oil / Grease,Grease gun / centralized,1.26,Overdue,Yes
LB000007210,EQ00002744,2022-05-26,EP Gear Oil / Grease,Grease gun / centralized,4.92,Overdue,Yes
LB000007211,EQ00002744,2024-07-14,EP Gear Oil / Grease,Grease gun / centralized,3.51,Normal,Yes
LB000007212,EQ00002745,2022-06-27,Engine / Gear Lubricant,Workshop service,1.1,Early,Yes
LB000007213,EQ00002746,2025-01-11,Pump Bearing Grease,Manual,1.61,Normal,Yes
LB000007214,EQ00002746,2025-11-27,Pump Bearing Grease,Manual,3.85,Normal,Yes
LB000007215,EQ00002746,2026-03-29,Pump Bearing Grease,Manual,2.93,Normal,Yes
LB000007216,EQ00002746,2026-06-25,Pump Bearing Grease,Manual,1.23,Normal,Yes
LB000007217,EQ00002746,2024-10-05,Pump Bearing Grease,Manual,0.32,Normal,Yes
LB000007218,EQ00002746,2024-01-14,Pump Bearing Grease,Manual,3.39,Overdue,Yes
LB000007219,EQ00002747,2021-09-20,Pump Bearing Grease,Manual,1.12,Overdue,Yes
LB000007220,EQ00002747,2021-10-18,Pump Bearing Grease,Manual,3.98,Normal,Yes
LB000007221,EQ00002747,2024-01-27,Pump Bearing Grease,Manual,3.38,Normal,Yes
LB000007222,EQ00002747,2024-08-25,Pump Bearing Grease,Manual,0.61,Early,Yes
LB000007223,EQ00002747,2021-11-13,Pump Bearing Grease,Manual,1.11,Overdue,Yes
LB000007224,EQ00002747,2021-01-01,Pump Bearing Grease,Manual,3.37,Normal,Yes
LB000007225,EQ00002749,2021-08-01,Engine / Gear Lubricant,Workshop service,0.61,Overdue,Yes
LB000007226,EQ00002749,2024-01-29,Engine / Gear Lubricant,Workshop service,3.94,Normal,Yes
LB000007227,EQ00002749,2022-06-16,Engine / Gear Lubricant,Workshop service,0.86,Normal,Yes
LB000007228,EQ00002749,2025-05-16,Engine / Gear Lubricant,Workshop service,1.97,Overdue,Yes
LB000007229,EQ00002749,2022-01-16,Engine / Gear Lubricant,Workshop service,0.72,Overdue,Yes
LB000007230,EQ00002751,2026-02-21,Bearing Oil / Grease,Manual / auto-lube,4.96,Normal,Yes
LB000007231,EQ00002751,2021-08-17,Bearing Oil / Grease,Manual / auto-lube,3.01,Early,Yes
LB000007232,EQ00002751,2021-12-26,Bearing Oil / Grease,Manual / auto-lube,2.56,Overdue,Yes
LB000007233,EQ00002751,2024-07-21,Bearing Oil / Grease,Manual / auto-lube,0.65,Normal,Yes
LB000007234,EQ00002751,2022-05-14,Bearing Oil / Grease,Manual / auto-lube,4.13,Early,Yes
LB000007235,EQ00002754,2024-01-08,Wire Rope / Gear Grease,Manual,1.19,Early,Yes
LB000007236,EQ00002754,2024-03-27,Wire Rope / Gear Grease,Manual,3.36,Early,Yes
LB000007237,EQ00002754,2023-01-19,Wire Rope / Gear Grease,Manual,3.88,Early,Yes
LB000007238,EQ00002754,2023-02-19,Wire Rope / Gear Grease,Manual,4.83,Overdue,Yes
LB000007239,EQ00002754,2026-01-02,Wire Rope / Gear Grease,Manual,1.86,Early,Yes
LB000007240,EQ00002754,2024-03-28,Wire Rope / Gear Grease,Manual,4.19,Normal,Yes
LB000007241,EQ00002756,2024-09-06,Wire Rope / Gear Grease,Manual,1.15,Early,Yes
LB000007242,EQ00002756,2022-08-27,Wire Rope / Gear Grease,Manual,4.27,Early,Yes
LB000007243,EQ00002756,2025-06-06,Wire Rope / Gear Grease,Manual,2.07,Normal,Yes
LB000007244,EQ00002756,2021-08-25,Wire Rope / Gear Grease,Manual,0.12,Normal,Yes
LB000007245,EQ00002756,2025-08-25,Wire Rope / Gear Grease,Manual,1.32,Normal,Yes
LB000007246,EQ00002756,2021-04-10,Wire Rope / Gear Grease,Manual,0.58,Normal,Yes
LB000007247,EQ00002758,2023-08-16,Bearing Oil / Grease,Manual / auto-lube,1.2,Normal,Yes
LB000007248,EQ00002758,2022-03-07,Bearing Oil / Grease,Manual / auto-lube,2.81,Overdue,Yes
LB000007249,EQ00002758,2023-06-06,Bearing Oil / Grease,Manual / auto-lube,1.14,Normal,Yes
LB000007250,EQ00002759,2021-03-16,Pump Bearing Grease,Manual,1.22,Normal,Yes
LB000007251,EQ00002759,2024-05-03,Pump Bearing Grease,Manual,2.71,Normal,Yes
LB000007252,EQ00002759,2026-04-14,Pump Bearing Grease,Manual,4.85,Early,Yes
LB000007253,EQ00002759,2024-11-17,Pump Bearing Grease,Manual,3.3,Early,Yes
LB000007254,EQ00002762,2022-06-22,Process/Mechanical Lubricant,Manual / automated,1.53,Early,Yes
LB000007255,EQ00002762,2022-12-07,Process/Mechanical Lubricant,Manual / automated,2.5,Normal,Yes
LB000007256,EQ00002762,2021-08-31,Process/Mechanical Lubricant,Manual / automated,0.81,Early,Yes
LB000007257,EQ00002762,2022-07-14,Process/Mechanical Lubricant,Manual / automated,0.64,Early,Yes
LB000007258,EQ00002762,2026-07-08,Process/Mechanical Lubricant,Manual / automated,2.05,Overdue,Yes
LB000007259,EQ00002764,2023-11-20,Engine / Gear Lubricant,Workshop service,3.55,Normal,Yes
LB000007260,EQ00002764,2021-09-16,Engine / Gear Lubricant,Workshop service,0.86,Early,Yes
LB000007261,EQ00002764,2024-04-24,Engine / Gear Lubricant,Workshop service,0.76,Early,Yes
LB000007262,EQ00002764,2025-04-30,Engine / Gear Lubricant,Workshop service,2.66,Normal,Yes
LB000007263,EQ00002764,2025-08-27,Engine / Gear Lubricant,Workshop service,0.36,Normal,Yes
LB000007264,EQ00002764,2023-09-13,Engine / Gear Lubricant,Workshop service,3.88,Normal,Yes
LB000007265,EQ00002765,2025-01-13,EP Gear Oil / Grease,Grease gun / centralized,2.38,Normal,Yes
LB000007266,EQ00002766,2021-03-03,Engine / Gear Lubricant,Workshop service,1.69,Overdue,Yes
LB000007267,EQ00002766,2025-07-06,Engine / Gear Lubricant,Workshop service,1.5,Overdue,Yes
LB000007268,EQ00002766,2024-12-14,Engine / Gear Lubricant,Workshop service,3.82,Normal,Yes
LB000007269,EQ00002767,2024-03-23,Pump Bearing Grease,Manual,3.07,Early,Yes
LB000007270,EQ00002767,2024-08-13,Pump Bearing Grease,Manual,4.92,Early,Yes
LB000007271,EQ00002768,2021-12-28,Machine Oil / Grease,Manual,4.75,Normal,Yes
LB000007272,EQ00002768,2024-09-08,Machine Oil / Grease,Manual,3.0,Normal,Yes
LB000007273,EQ00002768,2025-02-09,Machine Oil / Grease,Manual,2.9,Normal,Yes
LB000007274,EQ00002768,2022-03-12,Machine Oil / Grease,Manual,4.66,Overdue,Yes
LB000007275,EQ00002769,2021-10-17,EP Gear Oil / Grease,Grease gun / centralized,1.92,Early,Yes
LB000007276,EQ00002769,2024-04-28,EP Gear Oil / Grease,Grease gun / centralized,1.43,Normal,Yes
LB000007277,EQ00002769,2022-10-18,EP Gear Oil / Grease,Grease gun / centralized,4.2,Overdue,Yes
LB000007278,EQ00002770,2023-06-12,Bearing Grease,Manual,4.97,Normal,Yes
LB000007279,EQ00002770,2022-10-02,Bearing Grease,Manual,3.41,Early,Yes
LB000007280,EQ00002770,2025-11-05,Bearing Grease,Manual,1.23,Early,Yes
LB000007281,EQ00002770,2024-02-20,Bearing Grease,Manual,1.66,Early,Yes
LB000007282,EQ00002770,2025-09-21,Bearing Grease,Manual,3.85,Early,Yes
LB000007283,EQ00002770,2024-10-04,Bearing Grease,Manual,0.16,Early,Yes
LB000007284,EQ00002771,2023-09-18,EP Gear Oil / Grease,Grease gun / centralized,4.74,Normal,Yes
LB000007285,EQ00002771,2024-10-02,EP Gear Oil / Grease,Grease gun / centralized,2.27,Early,Yes
LB000007286,EQ00002771,2026-02-12,EP Gear Oil / Grease,Grease gun / centralized,3.0,Overdue,Yes
LB000007287,EQ00002771,2022-01-09,EP Gear Oil / Grease,Grease gun / centralized,3.45,Normal,Yes
LB000007288,EQ00002771,2022-10-01,EP Gear Oil / Grease,Grease gun / centralized,2.83,Normal,Yes
LB000007289,EQ00002772,2022-02-03,EP Gear Oil / Grease,Grease gun / centralized,4.05,Normal,Yes
LB000007290,EQ00002772,2024-06-18,EP Gear Oil / Grease,Grease gun / centralized,2.05,Normal,Yes
LB000007291,EQ00002773,2023-04-19,EP Gear Oil / Grease,Grease gun / centralized,3.22,Overdue,Yes
LB000007292,EQ00002774,2022-09-17,Wire Rope / Gear Grease,Manual,0.95,Overdue,Yes
LB000007293,EQ00002774,2021-06-30,Wire Rope / Gear Grease,Manual,0.27,Early,Yes
LB000007294,EQ00002774,2025-06-30,Wire Rope / Gear Grease,Manual,2.86,Early,Yes
LB000007295,EQ00002775,2023-12-30,Machine Oil / Grease,Manual,0.95,Early,Yes
LB000007296,EQ00002775,2021-05-20,Machine Oil / Grease,Manual,4.63,Overdue,Yes
LB000007297,EQ00002775,2023-11-14,Machine Oil / Grease,Manual,1.82,Normal,Yes
LB000007298,EQ00002775,2021-12-06,Machine Oil / Grease,Manual,2.85,Overdue,Yes
LB000007299,EQ00002776,2022-07-12,Process/Mechanical Lubricant,Manual / automated,2.37,Early,Yes
LB000007300,EQ00002777,2021-10-05,Process/Mechanical Lubricant,Manual / automated,2.61,Early,Yes
LB000007301,EQ00002778,2025-10-28,Engine / Gear Lubricant,Workshop service,0.53,Early,Yes
LB000007302,EQ00002778,2023-09-08,Engine / Gear Lubricant,Workshop service,2.13,Early,Yes
LB000007303,EQ00002778,2024-07-28,Engine / Gear Lubricant,Workshop service,1.33,Overdue,Yes
LB000007304,EQ00002779,2025-05-29,EP Gear Oil / Grease,Grease gun / centralized,3.01,Early,Yes
LB000007305,EQ00002779,2021-03-16,EP Gear Oil / Grease,Grease gun / centralized,3.73,Early,Yes
LB000007306,EQ00002779,2022-12-13,EP Gear Oil / Grease,Grease gun / centralized,2.78,Normal,Yes
LB000007307,EQ00002780,2021-05-21,Bearing Grease,Manual,2.97,Normal,Yes
LB000007308,EQ00002780,2025-08-12,Bearing Grease,Manual,1.85,Normal,Yes
LB000007309,EQ00002781,2022-06-26,Wire Rope / Gear Grease,Manual,0.63,Normal,Yes
LB000007310,EQ00002781,2024-12-09,Wire Rope / Gear Grease,Manual,2.72,Overdue,Yes
LB000007311,EQ00002781,2023-10-13,Wire Rope / Gear Grease,Manual,4.41,Early,Yes
LB000007312,EQ00002781,2021-02-11,Wire Rope / Gear Grease,Manual,1.29,Early,Yes
LB000007313,EQ00002781,2024-09-19,Wire Rope / Gear Grease,Manual,1.12,Normal,Yes
LB000007314,EQ00002781,2023-03-26,Wire Rope / Gear Grease,Manual,1.94,Normal,Yes
LB000007315,EQ00002782,2025-01-22,Engine / Gear Lubricant,Workshop service,5.0,Early,Yes
LB000007316,EQ00002782,2024-01-19,Engine / Gear Lubricant,Workshop service,0.33,Overdue,Yes
LB000007317,EQ00002783,2021-03-20,Pump Bearing Grease,Manual,1.39,Overdue,Yes
LB000007318,EQ00002784,2022-04-07,Wire Rope / Gear Grease,Manual,1.82,Normal,Yes
LB000007319,EQ00002784,2021-11-01,Wire Rope / Gear Grease,Manual,4.04,Overdue,Yes
LB000007320,EQ00002784,2021-02-08,Wire Rope / Gear Grease,Manual,4.87,Normal,Yes
LB000007321,EQ00002788,2022-03-25,EP Gear Oil / Grease,Grease gun / centralized,1.49,Normal,Yes
LB000007322,EQ00002788,2022-08-30,EP Gear Oil / Grease,Grease gun / centralized,0.25,Overdue,Yes
LB000007323,EQ00002788,2021-12-03,EP Gear Oil / Grease,Grease gun / centralized,2.98,Normal,Yes
LB000007324,EQ00002788,2025-04-16,EP Gear Oil / Grease,Grease gun / centralized,0.31,Normal,Yes
LB000007325,EQ00002789,2022-11-09,Wire Rope / Gear Grease,Manual,1.92,Early,Yes
LB000007326,EQ00002789,2022-04-25,Wire Rope / Gear Grease,Manual,2.29,Overdue,Yes
LB000007327,EQ00002789,2023-10-06,Wire Rope / Gear Grease,Manual,1.26,Overdue,Yes
LB000007328,EQ00002790,2025-09-25,Process/Mechanical Lubricant,Manual / automated,4.4,Normal,Yes
LB000007329,EQ00002790,2022-06-05,Process/Mechanical Lubricant,Manual / automated,2.83,Overdue,Yes
LB000007330,EQ00002791,2023-01-16,EP Gear Oil / Grease,Grease gun / centralized,0.96,Early,Yes
LB000007331,EQ00002791,2021-10-14,EP Gear Oil / Grease,Grease gun / centralized,4.86,Overdue,Yes
LB000007332,EQ00002791,2026-02-04,EP Gear Oil / Grease,Grease gun / centralized,3.31,Early,Yes
LB000007333,EQ00002791,2025-08-01,EP Gear Oil / Grease,Grease gun / centralized,1.41,Normal,Yes
LB000007334,EQ00002791,2021-08-10,EP Gear Oil / Grease,Grease gun / centralized,4.17,Overdue,Yes
LB000007335,EQ00002791,2022-08-13,EP Gear Oil / Grease,Grease gun / centralized,1.71,Overdue,Yes
LB000007336,EQ00002792,2025-07-19,EP Gear Oil / Grease,Grease gun / centralized,3.46,Overdue,Yes
LB000007337,EQ00002792,2021-01-04,EP Gear Oil / Grease,Grease gun / centralized,3.87,Overdue,Yes
LB000007338,EQ00002793,2025-01-01,Pump Bearing Grease,Manual,3.65,Normal,Yes
LB000007339,EQ00002793,2026-07-12,Pump Bearing Grease,Manual,0.57,Early,Yes
LB000007340,EQ00002793,2024-01-12,Pump Bearing Grease,Manual,3.86,Early,Yes
LB000007341,EQ00002793,2024-07-22,Pump Bearing Grease,Manual,0.78,Early,Yes
LB000007342,EQ00002794,2026-07-14,Pump Bearing Grease,Manual,0.51,Overdue,Yes
LB000007343,EQ00002794,2023-11-07,Pump Bearing Grease,Manual,2.16,Early,Yes
LB000007344,EQ00002794,2022-01-30,Pump Bearing Grease,Manual,2.81,Early,Yes
LB000007345,EQ00002794,2021-05-06,Pump Bearing Grease,Manual,1.13,Early,Yes
LB000007346,EQ00002794,2025-08-11,Pump Bearing Grease,Manual,4.1,Early,Yes
LB000007347,EQ00002794,2024-08-07,Pump Bearing Grease,Manual,2.89,Overdue,Yes
LB000007348,EQ00002795,2023-06-08,Machine Oil / Grease,Manual,1.71,Early,Yes
LB000007349,EQ00002795,2024-12-05,Machine Oil / Grease,Manual,0.21,Overdue,Yes
LB000007350,EQ00002795,2022-11-27,Machine Oil / Grease,Manual,0.46,Overdue,Yes
LB000007351,EQ00002795,2024-04-25,Machine Oil / Grease,Manual,0.56,Early,Yes
LB000007352,EQ00002795,2023-12-14,Machine Oil / Grease,Manual,4.52,Overdue,Yes
LB000007353,EQ00002797,2023-03-11,EP Gear Oil / Grease,Grease gun / centralized,2.78,Overdue,Yes
LB000007354,EQ00002797,2021-08-08,EP Gear Oil / Grease,Grease gun / centralized,3.31,Normal,Yes
LB000007355,EQ00002797,2023-03-16,EP Gear Oil / Grease,Grease gun / centralized,2.55,Normal,Yes
LB000007356,EQ00002798,2023-02-15,EP Gear Oil / Grease,Grease gun / centralized,0.75,Normal,Yes
LB000007357,EQ00002798,2025-03-20,EP Gear Oil / Grease,Grease gun / centralized,4.4,Early,Yes
LB000007358,EQ00002799,2023-08-14,Engine / Gear Lubricant,Workshop service,4.37,Early,Yes
LB000007359,EQ00002799,2022-11-19,Engine / Gear Lubricant,Workshop service,0.45,Early,Yes
LB000007360,EQ00002799,2024-01-26,Engine / Gear Lubricant,Workshop service,1.2,Overdue,Yes
LB000007361,EQ00002799,2023-11-09,Engine / Gear Lubricant,Workshop service,1.03,Early,Yes
LB000007362,EQ00002799,2021-02-07,Engine / Gear Lubricant,Workshop service,0.34,Overdue,Yes
LB000007363,EQ00002799,2022-09-08,Engine / Gear Lubricant,Workshop service,3.88,Normal,Yes
LB000007364,EQ00002801,2026-01-25,Bearing Grease,Manual,4.59,Early,Yes
LB000007365,EQ00002801,2024-04-25,Bearing Grease,Manual,2.71,Normal,Yes
LB000007366,EQ00002801,2023-03-17,Bearing Grease,Manual,0.44,Early,Yes
LB000007367,EQ00002801,2021-04-23,Bearing Grease,Manual,3.87,Early,Yes
LB000007368,EQ00002801,2023-03-30,Bearing Grease,Manual,0.45,Early,Yes
LB000007369,EQ00002801,2026-04-14,Bearing Grease,Manual,1.04,Normal,Yes
LB000007370,EQ00002802,2024-07-19,Process/Mechanical Lubricant,Manual / automated,3.37,Early,Yes
LB000007371,EQ00002804,2021-01-17,EP Gear Oil / Grease,Grease gun / centralized,1.87,Normal,Yes
LB000007372,EQ00002804,2023-03-03,EP Gear Oil / Grease,Grease gun / centralized,3.58,Overdue,Yes
LB000007373,EQ00002804,2023-05-06,EP Gear Oil / Grease,Grease gun / centralized,4.15,Overdue,Yes
LB000007374,EQ00002804,2023-01-20,EP Gear Oil / Grease,Grease gun / centralized,2.76,Overdue,Yes
LB000007375,EQ00002804,2023-03-05,EP Gear Oil / Grease,Grease gun / centralized,1.46,Early,Yes
LB000007376,EQ00002804,2024-02-23,EP Gear Oil / Grease,Grease gun / centralized,4.06,Overdue,Yes
LB000007377,EQ00002806,2022-08-20,Pump Bearing Grease,Manual,2.89,Overdue,Yes
LB000007378,EQ00002806,2023-07-29,Pump Bearing Grease,Manual,3.23,Overdue,Yes
LB000007379,EQ00002806,2022-01-13,Pump Bearing Grease,Manual,4.59,Early,Yes
LB000007380,EQ00002806,2022-06-29,Pump Bearing Grease,Manual,1.64,Early,Yes
LB000007381,EQ00002806,2025-06-30,Pump Bearing Grease,Manual,0.3,Normal,Yes
LB000007382,EQ00002808,2022-04-26,EP Gear Oil / Grease,Grease gun / centralized,2.0,Early,Yes
LB000007383,EQ00002809,2022-10-19,Machine Oil / Grease,Manual,3.11,Normal,Yes
LB000007384,EQ00002810,2026-05-28,EP Gear Oil / Grease,Grease gun / centralized,1.11,Overdue,Yes
LB000007385,EQ00002810,2023-09-11,EP Gear Oil / Grease,Grease gun / centralized,3.91,Normal,Yes
LB000007386,EQ00002810,2026-04-01,EP Gear Oil / Grease,Grease gun / centralized,1.46,Early,Yes
LB000007387,EQ00002810,2025-07-02,EP Gear Oil / Grease,Grease gun / centralized,2.01,Normal,Yes
LB000007388,EQ00002811,2025-04-21,EP Gear Oil / Grease,Grease gun / centralized,4.14,Overdue,Yes
LB000007389,EQ00002811,2023-11-07,EP Gear Oil / Grease,Grease gun / centralized,1.22,Overdue,Yes
LB000007390,EQ00002811,2021-11-07,EP Gear Oil / Grease,Grease gun / centralized,3.41,Overdue,Yes
LB000007391,EQ00002811,2023-07-09,EP Gear Oil / Grease,Grease gun / centralized,0.83,Overdue,Yes
LB000007392,EQ00002811,2021-10-18,EP Gear Oil / Grease,Grease gun / centralized,1.87,Early,Yes
