maintenance_plan_id,equipment_id,maintenance_type,interval_days,trigger_basis,schedule_frequency,mandatory
MP00000001,EQ00000001,Calibration,30,Operating Hours,Annual,Yes
MP00000002,EQ00000002,Preventive,90,Operating Hours,Annual,Yes
MP00000003,EQ00000003,Corrective,30,Operating Hours,Half-Yearly,Yes
MP00000004,EQ00000004,Preventive,180,Operating Hours,Annual,Yes
MP00000005,EQ00000005,Inspection,180,Calendar Days,Quarterly,No
MP00000006,EQ00000006,Preventive,180,Operating Hours,Quarterly,Yes
MP00000007,EQ00000007,Predictive,30,Calendar Days,Annual,No
MP00000008,EQ00000008,Preventive,180,Calendar Days,Quarterly,Yes
MP00000009,EQ00000009,Preventive,90,Operating Hours,Quarterly,No
MP00000010,EQ00000010,Predictive,14,Calendar Days,Monthly,No
MP00000011,EQ00000011,Inspection,30,Calendar Days,Quarterly,No
MP00000012,EQ00000012,Corrective,30,Operating Hours,Quarterly,Yes
MP00000013,EQ00000013,Corrective,365,Operating Hours,Quarterly,Yes
MP00000014,EQ00000014,Inspection,30,Calendar Days,Monthly,Yes
MP00000015,EQ00000015,Calibration,90,Operating Hours,Half-Yearly,Yes
MP00000016,EQ00000016,Inspection,365,Operating Hours,Half-Yearly,Yes
MP00000017,EQ00000017,Inspection,365,Operating Hours,Monthly,Yes
MP00000018,EQ00000018,Corrective,180,Calendar Days,Annual,Yes
MP00000019,EQ00000019,Calibration,14,Operating Hours,Quarterly,No
MP00000020,EQ00000020,Predictive,30,Calendar Days,Half-Yearly,No
MP00000021,EQ00000021,Inspection,14,Calendar Days,Monthly,Yes
MP00000022,EQ00000022,Predictive,365,Operating Hours,Annual,No
MP00000023,EQ00000023,Inspection,365,Calendar Days,Quarterly,No
MP00000024,EQ00000024,Calibration,14,Operating Hours,Annual,Yes
MP00000025,EQ00000025,Calibration,90,Calendar Days,Monthly,Yes
MP00000026,EQ00000026,Preventive,7,Calendar Days,Half-Yearly,Yes
MP00000027,EQ00000027,Inspection,7,Calendar Days,Quarterly,Yes
MP00000028,EQ00000028,Preventive,365,Calendar Days,Annual,No
MP00000029,EQ00000029,Predictive,180,Operating Hours,Annual,No
MP00000030,EQ00000030,Predictive,90,Operating Hours,Monthly,Yes
MP00000031,EQ00000031,Calibration,365,Operating Hours,Monthly,Yes
MP00000032,EQ00000032,Calibration,180,Operating Hours,Half-Yearly,Yes
MP00000033,EQ00000033,Calibration,30,Operating Hours,Half-Yearly,Yes
MP00000034,EQ00000034,Predictive,30,Calendar Days,Annual,No
MP00000035,EQ00000035,Corrective,90,Operating Hours,Half-Yearly,No
MP00000036,EQ00000036,Inspection,90,Operating Hours,Monthly,Yes
MP00000037,EQ00000037,Corrective,180,Calendar Days,Half-Yearly,Yes
MP00000038,EQ00000038,Predictive,7,Calendar Days,Half-Yearly,Yes
MP00000039,EQ00000039,Inspection,365,Calendar Days,Quarterly,No
MP00000040,EQ00000040,Preventive,180,Operating Hours,Annual,Yes
MP00000041,EQ00000041,Calibration,180,Operating Hours,Annual,Yes
MP00000042,EQ00000042,Preventive,365,Calendar Days,Quarterly,Yes
MP00000043,EQ00000043,Calibration,365,Operating Hours,Annual,Yes
MP00000044,EQ00000044,Predictive,365,Calendar Days,Annual,Yes
MP00000045,EQ00000045,Predictive,180,Calendar Days,Half-Yearly,Yes
MP00000046,EQ00000046,Predictive,30,Calendar Days,Annual,Yes
MP00000047,EQ00000047,Predictive,365,Calendar Days,Quarterly,No
MP00000048,EQ00000048,Inspection,30,Calendar Days,Annual,Yes
MP00000049,EQ00000049,Predictive,30,Operating Hours,Annual,No
MP00000050,EQ00000050,Predictive,180,Operating Hours,Half-Yearly,Yes
MP00000051,EQ00000051,Inspection,365,Operating Hours,Quarterly,Yes
MP00000052,EQ00000052,Predictive,365,Operating Hours,Monthly,No
MP00000053,EQ00000053,Calibration,180,Operating Hours,Half-Yearly,Yes
MP00000054,EQ00000054,Preventive,365,Operating Hours,Monthly,Yes
MP00000055,EQ00000055,Predictive,90,Calendar Days,Monthly,Yes
MP00000056,EQ00000056,Inspection,30,Operating Hours,Annual,Yes
MP00000057,EQ00000057,Preventive,30,Operating Hours,Half-Yearly,Yes
MP00000058,EQ00000058,Corrective,14,Calendar Days,Monthly,No
MP00000059,EQ00000059,Corrective,30,Calendar Days,Half-Yearly,Yes
MP00000060,EQ00000060,Calibration,7,Operating Hours,Quarterly,Yes
MP00000061,EQ00000061,Corrective,365,Calendar Days,Monthly,Yes
MP00000062,EQ00000062,Predictive,14,Operating Hours,Half-Yearly,Yes
MP00000063,EQ00000063,Inspection,90,Calendar Days,Half-Yearly,Yes
MP00000064,EQ00000064,Corrective,30,Operating Hours,Half-Yearly,Yes
MP00000065,EQ00000065,Corrective,7,Operating Hours,Quarterly,Yes
MP00000066,EQ00000066,Predictive,14,Operating Hours,Annual,Yes
MP00000067,EQ00000067,Corrective,30,Operating Hours,Quarterly,Yes
MP00000068,EQ00000068,Calibration,180,Calendar Days,Monthly,No
MP00000069,EQ00000069,Preventive,90,Calendar Days,Half-Yearly,Yes
MP00000070,EQ00000070,Calibration,30,Operating Hours,Half-Yearly,Yes
MP00000071,EQ00000071,Preventive,365,Operating Hours,Quarterly,No
MP00000072,EQ00000072,Predictive,90,Operating Hours,Half-Yearly,Yes
MP00000073,EQ00000073,Preventive,365,Operating Hours,Annual,No
MP00000074,EQ00000074,Preventive,14,Operating Hours,Half-Yearly,Yes
MP00000075,EQ00000075,Calibration,90,Operating Hours,Annual,Yes
MP00000076,EQ00000076,Calibration,30,Operating Hours,Annual,No
MP00000077,EQ00000077,Predictive,180,Calendar Days,Annual,No
MP00000078,EQ00000078,Inspection,180,Operating Hours,Monthly,No
MP00000079,EQ00000079,Corrective,90,Calendar Days,Monthly,No
MP00000080,EQ00000080,Predictive,365,Operating Hours,Quarterly,Yes
MP00000081,EQ00000081,Corrective,7,Operating Hours,Annual,Yes
MP00000082,EQ00000082,Calibration,30,Calendar Days,Quarterly,Yes
MP00000083,EQ00000083,Calibration,90,Operating Hours,Monthly,Yes
MP00000084,EQ00000084,Preventive,365,Operating Hours,Monthly,Yes
MP00000085,EQ00000085,Calibration,14,Operating Hours,Half-Yearly,Yes
MP00000086,EQ00000086,Corrective,7,Operating Hours,Annual,Yes
MP00000087,EQ00000087,Corrective,365,Operating Hours,Monthly,Yes
MP00000088,EQ00000088,Calibration,365,Calendar Days,Half-Yearly,Yes
MP00000089,EQ00000089,Predictive,30,Calendar Days,Quarterly,No
MP00000090,EQ00000090,Predictive,7,Calendar Days,Half-Yearly,Yes
MP00000091,EQ00000091,Inspection,365,Operating Hours,Quarterly,Yes
MP00000092,EQ00000092,Preventive,180,Calendar Days,Quarterly,No
MP00000093,EQ00000093,Corrective,180,Operating Hours,Monthly,Yes
MP00000094,EQ00000094,Predictive,90,Calendar Days,Monthly,Yes
MP00000095,EQ00000095,Calibration,90,Operating Hours,Quarterly,Yes
MP00000096,EQ00000096,Inspection,30,Operating Hours,Monthly,No
MP00000097,EQ00000097,Corrective,365,Operating Hours,Monthly,No
MP00000098,EQ00000098,Preventive,365,Calendar Days,Annual,Yes
MP00000099,EQ00000099,Predictive,180,Calendar Days,Annual,Yes
MP00000100,EQ00000100,Calibration,90,Calendar Days,Quarterly,No
MP00000101,EQ00000101,Predictive,90,Operating Hours,Half-Yearly,Yes
MP00000102,EQ00000102,Preventive,180,Operating Hours,Half-Yearly,Yes
MP00000103,EQ00000103,Inspection,90,Operating Hours,Quarterly,No
MP00000104,EQ00000104,Predictive,180,Calendar Days,Quarterly,Yes
MP00000105,EQ00000105,Inspection,180,Calendar Days,Annual,Yes
MP00000106,EQ00000106,Preventive,180,Calendar Days,Annual,No
MP00000107,EQ00000107,Corrective,90,Operating Hours,Quarterly,No
MP00000108,EQ00000108,Calibration,365,Operating Hours,Annual,Yes
MP00000109,EQ00000109,Corrective,90,Operating Hours,Quarterly,Yes
MP00000110,EQ00000110,Corrective,180,Operating Hours,Half-Yearly,Yes
MP00000111,EQ00000111,Preventive,90,Calendar Days,Annual,Yes
MP00000112,EQ00000112,Preventive,180,Calendar Days,Monthly,Yes
MP00000113,EQ00000113,Preventive,30,Operating Hours,Monthly,Yes
MP00000114,EQ00000114,Inspection,365,Calendar Days,Monthly,Yes
MP00000115,EQ00000115,Predictive,90,Calendar Days,Half-Yearly,Yes
MP00000116,EQ00000116,Predictive,365,Calendar Days,Annual,Yes
MP00000117,EQ00000117,Preventive,14,Operating Hours,Monthly,Yes
MP00000118,EQ00000118,Calibration,90,Calendar Days,Half-Yearly,No
MP00000119,EQ00000119,Predictive,365,Calendar Days,Half-Yearly,Yes
MP00000120,EQ00000120,Corrective,14,Calendar Days,Quarterly,Yes
MP00000121,EQ00000121,Calibration,30,Calendar Days,Half-Yearly,Yes
MP00000122,EQ00000122,Corrective,180,Operating Hours,Quarterly,Yes
MP00000123,EQ00000123,Predictive,365,Operating Hours,Half-Yearly,Yes
MP00000124,EQ00000124,Predictive,365,Calendar Days,Half-Yearly,No
MP00000125,EQ00000125,Corrective,90,Calendar Days,Monthly,No
MP00000126,EQ00000126,Corrective,14,Calendar Days,Half-Yearly,No
MP00000127,EQ00000127,Predictive,14,Calendar Days,Half-Yearly,Yes
MP00000128,EQ00000128,Inspection,365,Operating Hours,Half-Yearly,Yes
MP00000129,EQ00000129,Predictive,180,Operating Hours,Monthly,No
MP00000130,EQ00000130,Predictive,180,Calendar Days,Annual,No
MP00000131,EQ00000131,Corrective,180,Operating Hours,Annual,No
MP00000132,EQ00000132,Preventive,365,Operating Hours,Half-Yearly,Yes
MP00000133,EQ00000133,Inspection,30,Calendar Days,Annual,Yes
MP00000134,EQ00000134,Predictive,365,Calendar Days,Quarterly,Yes
MP00000135,EQ00000135,Calibration,180,Operating Hours,Monthly,No
MP00000136,EQ00000136,Preventive,90,Calendar Days,Annual,Yes
MP00000137,EQ00000137,Predictive,30,Operating Hours,Annual,No
MP00000138,EQ00000138,Inspection,365,Operating Hours,Quarterly,Yes
MP00000139,EQ00000139,Preventive,30,Operating Hours,Annual,Yes
MP00000140,EQ00000140,Calibration,30,Operating Hours,Quarterly,No
MP00000141,EQ00000141,Predictive,30,Operating Hours,Half-Yearly,Yes
MP00000142,EQ00000142,Inspection,14,Operating Hours,Quarterly,Yes
MP00000143,EQ00000143,Inspection,180,Calendar Days,Monthly,Yes
MP00000144,EQ00000144,Calibration,365,Operating Hours,Monthly,No
MP00000145,EQ00000145,Calibration,30,Operating Hours,Monthly,Yes
MP00000146,EQ00000146,Calibration,7,Operating Hours,Annual,Yes
MP00000147,EQ00000147,Preventive,90,Operating Hours,Quarterly,Yes
MP00000148,EQ00000148,Corrective,30,Operating Hours,Quarterly,Yes
MP00000149,EQ00000149,Inspection,90,Operating Hours,Half-Yearly,Yes
MP00000150,EQ00000150,Predictive,30,Calendar Days,Quarterly,Yes
MP00000151,EQ00000151,Inspection,90,Operating Hours,Half-Yearly,No
MP00000152,EQ00000152,Inspection,180,Operating Hours,Annual,Yes
MP00000153,EQ00000153,Predictive,90,Operating Hours,Monthly,Yes
MP00000154,EQ00000154,Predictive,30,Operating Hours,Half-Yearly,Yes
MP00000155,EQ00000155,Corrective,365,Calendar Days,Half-Yearly,Yes
MP00000156,EQ00000156,Predictive,7,Operating Hours,Quarterly,Yes
MP00000157,EQ00000157,Predictive,30,Calendar Days,Quarterly,Yes
MP00000158,EQ00000158,Predictive,90,Calendar Days,Annual,Yes
MP00000159,EQ00000159,Inspection,7,Operating Hours,Half-Yearly,Yes
MP00000160,EQ00000160,Calibration,90,Operating Hours,Annual,Yes
MP00000161,EQ00000161,Predictive,7,Calendar Days,Half-Yearly,Yes
MP00000162,EQ00000162,Preventive,365,Calendar Days,Quarterly,Yes
MP00000163,EQ00000163,Inspection,365,Operating Hours,Quarterly,Yes
MP00000164,EQ00000164,Inspection,365,Operating Hours,Quarterly,Yes
MP00000165,EQ00000165,Predictive,7,Calendar Days,Monthly,Yes
MP00000166,EQ00000166,Inspection,14,Calendar Days,Half-Yearly,No
MP00000167,EQ00000167,Preventive,30,Calendar Days,Half-Yearly,Yes
MP00000168,EQ00000168,Calibration,90,Operating Hours,Quarterly,Yes
MP00000169,EQ00000169,Calibration,14,Operating Hours,Quarterly,Yes
MP00000170,EQ00000170,Calibration,14,Operating Hours,Quarterly,No
MP00000171,EQ00000171,Calibration,90,Operating Hours,Annual,Yes
MP00000172,EQ00000172,Inspection,180,Calendar Days,Monthly,No
MP00000173,EQ00000173,Corrective,7,Calendar Days,Half-Yearly,Yes
MP00000174,EQ00000174,Calibration,7,Operating Hours,Quarterly,Yes
MP00000175,EQ00000175,Calibration,7,Operating Hours,Half-Yearly,Yes
MP00000176,EQ00000176,Preventive,90,Operating Hours,Half-Yearly,Yes
MP00000177,EQ00000177,Predictive,30,Operating Hours,Annual,No
MP00000178,EQ00000178,Preventive,180,Calendar Days,Quarterly,Yes
MP00000179,EQ00000179,Calibration,365,Calendar Days,Quarterly,No
MP00000180,EQ00000180,Preventive,14,Operating Hours,Monthly,No
MP00000181,EQ00000181,Preventive,365,Operating Hours,Annual,Yes
MP00000182,EQ00000182,Predictive,90,Calendar Days,Monthly,Yes
MP00000183,EQ00000183,Calibration,180,Calendar Days,Monthly,Yes
MP00000184,EQ00000184,Calibration,180,Calendar Days,Half-Yearly,Yes
MP00000185,EQ00000185,Corrective,365,Calendar Days,Monthly,Yes
MP00000186,EQ00000186,Calibration,30,Calendar Days,Half-Yearly,Yes
MP00000187,EQ00000187,Corrective,30,Operating Hours,Annual,Yes
MP00000188,EQ00000188,Calibration,180,Calendar Days,Half-Yearly,Yes
MP00000189,EQ00000189,Inspection,365,Calendar Days,Monthly,No
MP00000190,EQ00000190,Corrective,365,Operating Hours,Monthly,No
MP00000191,EQ00000191,Predictive,14,Operating Hours,Quarterly,Yes
MP00000192,EQ00000192,Corrective,180,Operating Hours,Quarterly,Yes
MP00000193,EQ00000193,Preventive,180,Operating Hours,Half-Yearly,Yes
MP00000194,EQ00000194,Inspection,90,Calendar Days,Monthly,No
MP00000195,EQ00000195,Preventive,7,Calendar Days,Monthly,Yes
MP00000196,EQ00000196,Corrective,365,Operating Hours,Annual,Yes
MP00000197,EQ00000197,Predictive,365,Calendar Days,Annual,Yes
MP00000198,EQ00000198,Corrective,180,Calendar Days,Half-Yearly,Yes
MP00000199,EQ00000199,Corrective,90,Operating Hours,Annual,No
MP00000200,EQ00000200,Preventive,30,Calendar Days,Half-Yearly,Yes
MP00000201,EQ00000201,Calibration,14,Operating Hours,Quarterly,No
MP00000202,EQ00000202,Corrective,180,Calendar Days,Quarterly,No
MP00000203,EQ00000203,Preventive,365,Calendar Days,Annual,Yes
MP00000204,EQ00000204,Preventive,90,Operating Hours,Monthly,No
MP00000205,EQ00000205,Predictive,90,Calendar Days,Monthly,No
MP00000206,EQ00000206,Predictive,365,Operating Hours,Half-Yearly,Yes
MP00000207,EQ00000207,Corrective,180,Calendar Days,Monthly,Yes
MP00000208,EQ00000208,Predictive,30,Calendar Days,Half-Yearly,Yes
MP00000209,EQ00000209,Inspection,30,Operating Hours,Half-Yearly,Yes
MP00000210,EQ00000210,Predictive,365,Operating Hours,Annual,Yes
MP00000211,EQ00000211,Predictive,365,Operating Hours,Annual,No
MP00000212,EQ00000212,Preventive,365,Calendar Days,Annual,Yes
MP00000213,EQ00000213,Inspection,30,Calendar Days,Annual,Yes
MP00000214,EQ00000214,Predictive,365,Operating Hours,Half-Yearly,Yes
MP00000215,EQ00000215,Inspection,14,Operating Hours,Monthly,No
MP00000216,EQ00000216,Preventive,90,Operating Hours,Annual,Yes
MP00000217,EQ00000217,Corrective,30,Calendar Days,Monthly,Yes
MP00000218,EQ00000218,Preventive,365,Operating Hours,Monthly,Yes
MP00000219,EQ00000219,Predictive,14,Operating Hours,Monthly,Yes
MP00000220,EQ00000220,Calibration,180,Calendar Days,Half-Yearly,Yes
MP00000221,EQ00000221,Corrective,30,Calendar Days,Annual,No
MP00000222,EQ00000222,Corrective,180,Operating Hours,Annual,Yes
MP00000223,EQ00000223,Preventive,7,Operating Hours,Quarterly,Yes
MP00000224,EQ00000224,Preventive,30,Operating Hours,Quarterly,No
MP00000225,EQ00000225,Predictive,90,Operating Hours,Monthly,Yes
MP00000226,EQ00000226,Corrective,90,Operating Hours,Quarterly,No
MP00000227,EQ00000227,Calibration,365,Operating Hours,Annual,Yes
MP00000228,EQ00000228,Inspection,365,Calendar Days,Quarterly,Yes
MP00000229,EQ00000229,Corrective,90,Operating Hours,Half-Yearly,No
MP00000230,EQ00000230,Predictive,365,Calendar Days,Monthly,Yes
MP00000231,EQ00000231,Predictive,365,Calendar Days,Half-Yearly,Yes
MP00000232,EQ00000232,Calibration,14,Calendar Days,Half-Yearly,No
MP00000233,EQ00000233,Calibration,30,Operating Hours,Annual,Yes
MP00000234,EQ00000234,Calibration,90,Operating Hours,Quarterly,Yes
MP00000235,EQ00000235,Inspection,7,Calendar Days,Monthly,Yes
MP00000236,EQ00000236,Corrective,180,Operating Hours,Half-Yearly,No
MP00000237,EQ00000237,Predictive,365,Calendar Days,Half-Yearly,Yes
MP00000238,EQ00000238,Preventive,14,Calendar Days,Monthly,Yes
MP00000239,EQ00000239,Predictive,90,Calendar Days,Half-Yearly,Yes
MP00000240,EQ00000240,Calibration,90,Calendar Days,Monthly,Yes
MP00000241,EQ00000241,Corrective,30,Operating Hours,Quarterly,Yes
MP00000242,EQ00000242,Corrective,30,Operating Hours,Half-Yearly,Yes
MP00000243,EQ00000243,Calibration,90,Operating Hours,Half-Yearly,No
MP00000244,EQ00000244,Predictive,180,Operating Hours,Half-Yearly,No
MP00000245,EQ00000245,Inspection,365,Calendar Days,Monthly,No
MP00000246,EQ00000246,Preventive,365,Calendar Days,Quarterly,Yes
MP00000247,EQ00000247,Inspection,30,Calendar Days,Monthly,No
MP00000248,EQ00000248,Preventive,365,Calendar Days,Annual,Yes
MP00000249,EQ00000249,Inspection,90,Calendar Days,Half-Yearly,No
MP00000250,EQ00000250,Inspection,30,Calendar Days,Monthly,No
MP00000251,EQ00000251,Predictive,90,Calendar Days,Monthly,No
MP00000252,EQ00000252,Predictive,180,Operating Hours,Half-Yearly,Yes
MP00000253,EQ00000253,Calibration,7,Calendar Days,Half-Yearly,Yes
MP00000254,EQ00000254,Predictive,30,Calendar Days,Half-Yearly,Yes
MP00000255,EQ00000255,Corrective,90,Operating Hours,Quarterly,Yes
MP00000256,EQ00000256,Predictive,365,Calendar Days,Monthly,Yes
MP00000257,EQ00000257,Predictive,365,Operating Hours,Quarterly,Yes
MP00000258,EQ00000258,Preventive,180,Operating Hours,Annual,Yes
MP00000259,EQ00000259,Preventive,90,Operating Hours,Quarterly,Yes
MP00000260,EQ00000260,Inspection,30,Operating Hours,Half-Yearly,Yes
MP00000261,EQ00000261,Preventive,365,Calendar Days,Monthly,No
MP00000262,EQ00000262,Preventive,7,Operating Hours,Monthly,Yes
MP00000263,EQ00000263,Calibration,90,Operating Hours,Annual,Yes
MP00000264,EQ00000264,Predictive,365,Operating Hours,Annual,No
MP00000265,EQ00000265,Preventive,14,Operating Hours,Annual,No
MP00000266,EQ00000266,Calibration,30,Operating Hours,Annual,No
MP00000267,EQ00000267,Predictive,365,Operating Hours,Annual,Yes
MP00000268,EQ00000268,Inspection,14,Calendar Days,Monthly,Yes
MP00000269,EQ00000269,Predictive,30,Calendar Days,Monthly,Yes
MP00000270,EQ00000270,Corrective,365,Operating Hours,Quarterly,Yes
MP00000271,EQ00000271,Predictive,7,Operating Hours,Annual,Yes
MP00000272,EQ00000272,Calibration,90,Calendar Days,Monthly,Yes
MP00000273,EQ00000273,Inspection,365,Operating Hours,Annual,Yes
MP00000274,EQ00000274,Corrective,90,Calendar Days,Half-Yearly,Yes
MP00000275,EQ00000275,Calibration,30,Calendar Days,Annual,Yes
MP00000276,EQ00000276,Corrective,180,Calendar Days,Annual,No
MP00000277,EQ00000277,Calibration,180,Calendar Days,Annual,No
MP00000278,EQ00000278,Corrective,180,Operating Hours,Quarterly,Yes
MP00000279,EQ00000279,Inspection,30,Calendar Days,Half-Yearly,No
MP00000280,EQ00000280,Predictive,90,Calendar Days,Half-Yearly,Yes
MP00000281,EQ00000281,Preventive,90,Operating Hours,Annual,Yes
MP00000282,EQ00000282,Inspection,90,Operating Hours,Annual,No
MP00000283,EQ00000283,Predictive,365,Calendar Days,Annual,Yes
MP00000284,EQ00000284,Predictive,180,Calendar Days,Monthly,Yes
MP00000285,EQ00000285,Corrective,90,Calendar Days,Quarterly,Yes
MP00000286,EQ00000286,Predictive,90,Calendar Days,Annual,Yes
MP00000287,EQ00000287,Preventive,365,Operating Hours,Monthly,Yes
MP00000288,EQ00000288,Corrective,365,Calendar Days,Half-Yearly,Yes
MP00000289,EQ00000289,Calibration,365,Operating Hours,Annual,No
MP00000290,EQ00000290,Calibration,90,Operating Hours,Quarterly,No
MP00000291,EQ00000291,Corrective,180,Operating Hours,Monthly,Yes
MP00000292,EQ00000292,Corrective,30,Operating Hours,Quarterly,No
MP00000293,EQ00000293,Predictive,90,Calendar Days,Annual,Yes
MP00000294,EQ00000294,Calibration,180,Calendar Days,Monthly,No
MP00000295,EQ00000295,Preventive,90,Operating Hours,Monthly,Yes
MP00000296,EQ00000296,Corrective,30,Calendar Days,Quarterly,Yes
MP00000297,EQ00000297,Preventive,365,Operating Hours,Monthly,No
MP00000298,EQ00000298,Corrective,180,Calendar Days,Half-Yearly,No
MP00000299,EQ00000299,Preventive,365,Operating Hours,Half-Yearly,Yes
MP00000300,EQ00000300,Corrective,365,Calendar Days,Monthly,Yes
MP00000301,EQ00000301,Inspection,90,Operating Hours,Quarterly,Yes
MP00000302,EQ00000302,Calibration,30,Operating Hours,Quarterly,Yes
MP00000303,EQ00000303,Inspection,365,Calendar Days,Half-Yearly,No
MP00000304,EQ00000304,Calibration,365,Calendar Days,Half-Yearly,No
MP00000305,EQ00000305,Predictive,365,Operating Hours,Monthly,Yes
MP00000306,EQ00000306,Predictive,180,Calendar Days,Annual,Yes
MP00000307,EQ00000307,Inspection,365,Calendar Days,Monthly,Yes
MP00000308,EQ00000308,Inspection,90,Calendar Days,Half-Yearly,Yes
MP00000309,EQ00000309,Predictive,365,Calendar Days,Quarterly,Yes
MP00000310,EQ00000310,Corrective,180,Operating Hours,Quarterly,Yes
MP00000311,EQ00000311,Predictive,30,Calendar Days,Monthly,Yes
MP00000312,EQ00000312,Inspection,90,Operating Hours,Annual,Yes
MP00000313,EQ00000313,Corrective,365,Operating Hours,Quarterly,No
MP00000314,EQ00000314,Inspection,365,Operating Hours,Quarterly,No
MP00000315,EQ00000315,Corrective,365,Calendar Days,Annual,No
MP00000316,EQ00000316,Corrective,14,Calendar Days,Annual,No
MP00000317,EQ00000317,Inspection,7,Operating Hours,Monthly,Yes
MP00000318,EQ00000318,Calibration,7,Operating Hours,Half-Yearly,Yes
MP00000319,EQ00000319,Inspection,30,Calendar Days,Monthly,Yes
MP00000320,EQ00000320,Corrective,90,Operating Hours,Annual,Yes
MP00000321,EQ00000321,Inspection,180,Calendar Days,Annual,Yes
MP00000322,EQ00000322,Calibration,365,Operating Hours,Monthly,Yes
MP00000323,EQ00000323,Calibration,365,Calendar Days,Half-Yearly,Yes
MP00000324,EQ00000324,Inspection,180,Calendar Days,Annual,Yes
MP00000325,EQ00000325,Preventive,90,Calendar Days,Monthly,No
MP00000326,EQ00000326,Predictive,30,Operating Hours,Quarterly,Yes
MP00000327,EQ00000327,Calibration,30,Calendar Days,Annual,Yes
MP00000328,EQ00000328,Calibration,180,Calendar Days,Half-Yearly,No
MP00000329,EQ00000329,Inspection,180,Operating Hours,Half-Yearly,Yes
MP00000330,EQ00000330,Corrective,180,Operating Hours,Half-Yearly,No
MP00000331,EQ00000331,Corrective,30,Operating Hours,Annual,Yes
MP00000332,EQ00000332,Inspection,180,Operating Hours,Monthly,Yes
MP00000333,EQ00000333,Calibration,30,Calendar Days,Quarterly,Yes
MP00000334,EQ00000334,Calibration,14,Calendar Days,Monthly,No
MP00000335,EQ00000335,Corrective,30,Operating Hours,Half-Yearly,No
MP00000336,EQ00000336,Calibration,365,Calendar Days,Half-Yearly,Yes
MP00000337,EQ00000337,Predictive,180,Operating Hours,Quarterly,Yes
MP00000338,EQ00000338,Corrective,365,Calendar Days,Annual,Yes
MP00000339,EQ00000339,Calibration,180,Operating Hours,Quarterly,Yes
MP00000340,EQ00000340,Calibration,365,Operating Hours,Half-Yearly,Yes
MP00000341,EQ00000341,Calibration,30,Operating Hours,Monthly,Yes
MP00000342,EQ00000342,Preventive,90,Calendar Days,Annual,Yes
MP00000343,EQ00000343,Corrective,7,Operating Hours,Annual,Yes
MP00000344,EQ00000344,Predictive,365,Calendar Days,Monthly,No
MP00000345,EQ00000345,Inspection,180,Operating Hours,Annual,No
MP00000346,EQ00000346,Inspection,90,Calendar Days,Annual,Yes
MP00000347,EQ00000347,Corrective,7,Calendar Days,Quarterly,Yes
MP00000348,EQ00000348,Preventive,14,Operating Hours,Monthly,No
MP00000349,EQ00000349,Predictive,365,Operating Hours,Quarterly,Yes
MP00000350,EQ00000350,Corrective,180,Calendar Days,Monthly,Yes
MP00000351,EQ00000351,Corrective,90,Calendar Days,Quarterly,Yes
MP00000352,EQ00000352,Inspection,180,Operating Hours,Quarterly,No
MP00000353,EQ00000353,Inspection,30,Operating Hours,Quarterly,No
MP00000354,EQ00000354,Corrective,7,Operating Hours,Monthly,Yes
MP00000355,EQ00000355,Calibration,90,Operating Hours,Quarterly,Yes
MP00000356,EQ00000356,Inspection,90,Operating Hours,Quarterly,Yes
MP00000357,EQ00000357,Inspection,365,Operating Hours,Quarterly,No
MP00000358,EQ00000358,Corrective,90,Operating Hours,Half-Yearly,Yes
MP00000359,EQ00000359,Inspection,365,Calendar Days,Monthly,Yes
MP00000360,EQ00000360,Calibration,30,Calendar Days,Quarterly,Yes
MP00000361,EQ00000361,Inspection,90,Calendar Days,Monthly,No
MP00000362,EQ00000362,Corrective,14,Operating Hours,Annual,No
MP00000363,EQ00000363,Preventive,365,Operating Hours,Annual,Yes
MP00000364,EQ00000364,Corrective,90,Calendar Days,Monthly,Yes
MP00000365,EQ00000365,Inspection,30,Calendar Days,Quarterly,Yes
MP00000366,EQ00000366,Corrective,30,Calendar Days,Quarterly,No
MP00000367,EQ00000367,Calibration,180,Operating Hours,Quarterly,Yes
MP00000368,EQ00000368,Calibration,30,Operating Hours,Annual,Yes
MP00000369,EQ00000369,Preventive,30,Calendar Days,Monthly,Yes
MP00000370,EQ00000370,Predictive,30,Calendar Days,Annual,Yes
MP00000371,EQ00000371,Inspection,180,Operating Hours,Annual,No
MP00000372,EQ00000372,Corrective,180,Calendar Days,Half-Yearly,Yes
MP00000373,EQ00000373,Preventive,365,Calendar Days,Quarterly,Yes
MP00000374,EQ00000374,Corrective,30,Calendar Days,Quarterly,No
MP00000375,EQ00000375,Corrective,30,Calendar Days,Quarterly,Yes
MP00000376,EQ00000376,Predictive,90,Calendar Days,Monthly,Yes
MP00000377,EQ00000377,Inspection,90,Calendar Days,Half-Yearly,No
MP00000378,EQ00000378,Calibration,7,Calendar Days,Annual,Yes
MP00000379,EQ00000379,Corrective,180,Calendar Days,Half-Yearly,No
MP00000380,EQ00000380,Predictive,180,Operating Hours,Annual,Yes
MP00000381,EQ00000381,Calibration,30,Operating Hours,Monthly,No
MP00000382,EQ00000382,Calibration,180,Operating Hours,Annual,Yes
MP00000383,EQ00000383,Calibration,180,Calendar Days,Quarterly,No
MP00000384,EQ00000384,Corrective,180,Operating Hours,Half-Yearly,No
MP00000385,EQ00000385,Inspection,90,Calendar Days,Annual,Yes
MP00000386,EQ00000386,Predictive,14,Calendar Days,Annual,No
MP00000387,EQ00000387,Corrective,180,Calendar Days,Half-Yearly,No
MP00000388,EQ00000388,Predictive,7,Calendar Days,Monthly,Yes
MP00000389,EQ00000389,Inspection,90,Operating Hours,Monthly,Yes
MP00000390,EQ00000390,Predictive,30,Calendar Days,Half-Yearly,Yes
MP00000391,EQ00000391,Corrective,14,Calendar Days,Half-Yearly,No
MP00000392,EQ00000392,Predictive,30,Operating Hours,Quarterly,No
MP00000393,EQ00000393,Inspection,365,Calendar Days,Monthly,Yes
MP00000394,EQ00000394,Corrective,90,Calendar Days,Annual,Yes
MP00000395,EQ00000395,Calibration,90,Calendar Days,Quarterly,Yes
MP00000396,EQ00000396,Inspection,365,Calendar Days,Monthly,Yes
MP00000397,EQ00000397,Predictive,180,Calendar Days,Annual,Yes
MP00000398,EQ00000398,Corrective,14,Operating Hours,Monthly,No
MP00000399,EQ00000399,Corrective,180,Calendar Days,Quarterly,Yes
MP00000400,EQ00000400,Inspection,365,Operating Hours,Quarterly,No
MP00000401,EQ00000401,Inspection,90,Calendar Days,Quarterly,Yes
MP00000402,EQ00000402,Inspection,365,Operating Hours,Quarterly,Yes
MP00000403,EQ00000403,Inspection,90,Operating Hours,Monthly,Yes
MP00000404,EQ00000404,Calibration,30,Operating Hours,Monthly,Yes
MP00000405,EQ00000405,Preventive,365,Operating Hours,Half-Yearly,Yes
MP00000406,EQ00000406,Calibration,180,Calendar Days,Half-Yearly,Yes
MP00000407,EQ00000407,Inspection,30,Operating Hours,Annual,No
MP00000408,EQ00000408,Calibration,90,Calendar Days,Half-Yearly,Yes
MP00000409,EQ00000409,Preventive,365,Calendar Days,Quarterly,No
MP00000410,EQ00000410,Predictive,365,Operating Hours,Annual,No
MP00000411,EQ00000411,Corrective,365,Operating Hours,Quarterly,Yes
MP00000412,EQ00000412,Predictive,14,Calendar Days,Monthly,Yes
MP00000413,EQ00000413,Preventive,180,Operating Hours,Monthly,No
MP00000414,EQ00000414,Preventive,7,Operating Hours,Half-Yearly,Yes
MP00000415,EQ00000415,Inspection,14,Operating Hours,Annual,Yes
MP00000416,EQ00000416,Corrective,14,Operating Hours,Annual,No
MP00000417,EQ00000417,Calibration,7,Calendar Days,Annual,Yes
MP00000418,EQ00000418,Inspection,365,Operating Hours,Half-Yearly,Yes
MP00000419,EQ00000419,Calibration,180,Operating Hours,Quarterly,Yes
MP00000420,EQ00000420,Inspection,30,Calendar Days,Quarterly,Yes
MP00000421,EQ00000421,Preventive,90,Operating Hours,Quarterly,Yes
MP00000422,EQ00000422,Preventive,14,Calendar Days,Monthly,No
MP00000423,EQ00000423,Predictive,30,Calendar Days,Half-Yearly,Yes
MP00000424,EQ00000424,Inspection,90,Calendar Days,Quarterly,No
MP00000425,EQ00000425,Inspection,180,Calendar Days,Monthly,No
MP00000426,EQ00000426,Predictive,180,Operating Hours,Half-Yearly,Yes
MP00000427,EQ00000427,Predictive,90,Calendar Days,Annual,Yes
MP00000428,EQ00000428,Predictive,365,Calendar Days,Half-Yearly,Yes
MP00000429,EQ00000429,Preventive,365,Calendar Days,Monthly,No
MP00000430,EQ00000430,Preventive,30,Operating Hours,Half-Yearly,Yes
MP00000431,EQ00000431,Predictive,180,Calendar Days,Monthly,Yes
MP00000432,EQ00000432,Preventive,30,Calendar Days,Quarterly,Yes
MP00000433,EQ00000433,Preventive,365,Operating Hours,Half-Yearly,Yes
MP00000434,EQ00000434,Calibration,180,Operating Hours,Half-Yearly,Yes
MP00000435,EQ00000435,Corrective,90,Operating Hours,Monthly,Yes
MP00000436,EQ00000436,Corrective,30,Calendar Days,Quarterly,No
MP00000437,EQ00000437,Calibration,30,Calendar Days,Annual,No
MP00000438,EQ00000438,Predictive,30,Operating Hours,Annual,Yes
MP00000439,EQ00000439,Corrective,365,Operating Hours,Annual,Yes
MP00000440,EQ00000440,Preventive,90,Calendar Days,Monthly,No
MP00000441,EQ00000441,Calibration,180,Calendar Days,Quarterly,Yes
MP00000442,EQ00000442,Corrective,14,Operating Hours,Half-Yearly,Yes
MP00000443,EQ00000443,Preventive,365,Operating Hours,Annual,Yes
MP00000444,EQ00000444,Calibration,30,Calendar Days,Half-Yearly,Yes
MP00000445,EQ00000445,Preventive,180,Operating Hours,Half-Yearly,Yes
MP00000446,EQ00000446,Preventive,90,Calendar Days,Annual,Yes
MP00000447,EQ00000447,Preventive,90,Calendar Days,Quarterly,Yes
MP00000448,EQ00000448,Predictive,90,Operating Hours,Annual,No
MP00000449,EQ00000449,Inspection,365,Operating Hours,Annual,No
MP00000450,EQ00000450,Corrective,365,Calendar Days,Half-Yearly,Yes
MP00000451,EQ00000451,Corrective,365,Operating Hours,Half-Yearly,No
MP00000452,EQ00000452,Preventive,365,Operating Hours,Monthly,Yes
MP00000453,EQ00000453,Preventive,30,Calendar Days,Monthly,Yes
MP00000454,EQ00000454,Predictive,14,Calendar Days,Half-Yearly,No
MP00000455,EQ00000455,Calibration,30,Calendar Days,Half-Yearly,No
MP00000456,EQ00000456,Predictive,30,Operating Hours,Annual,Yes
MP00000457,EQ00000457,Corrective,365,Calendar Days,Quarterly,Yes
MP00000458,EQ00000458,Predictive,90,Operating Hours,Monthly,Yes
MP00000459,EQ00000459,Inspection,7,Calendar Days,Quarterly,Yes
MP00000460,EQ00000460,Corrective,365,Operating Hours,Annual,No
MP00000461,EQ00000461,Preventive,90,Calendar Days,Quarterly,No
MP00000462,EQ00000462,Inspection,90,Operating Hours,Monthly,Yes
MP00000463,EQ00000463,Calibration,14,Operating Hours,Quarterly,No
MP00000464,EQ00000464,Predictive,30,Calendar Days,Monthly,Yes
MP00000465,EQ00000465,Inspection,7,Operating Hours,Annual,Yes
MP00000466,EQ00000466,Preventive,365,Calendar Days,Quarterly,Yes
MP00000467,EQ00000467,Predictive,365,Calendar Days,Quarterly,Yes
MP00000468,EQ00000468,Corrective,180,Calendar Days,Half-Yearly,Yes
MP00000469,EQ00000469,Predictive,30,Operating Hours,Annual,Yes
MP00000470,EQ00000470,Predictive,180,Operating Hours,Half-Yearly,No
MP00000471,EQ00000471,Preventive,7,Calendar Days,Monthly,Yes
MP00000472,EQ00000472,Inspection,365,Operating Hours,Quarterly,Yes
MP00000473,EQ00000473,Preventive,30,Calendar Days,Half-Yearly,Yes
MP00000474,EQ00000474,Predictive,365,Calendar Days,Annual,Yes
MP00000475,EQ00000475,Calibration,365,Operating Hours,Annual,No
MP00000476,EQ00000476,Corrective,180,Operating Hours,Monthly,No
MP00000477,EQ00000477,Preventive,30,Operating Hours,Half-Yearly,No
MP00000478,EQ00000478,Corrective,180,Calendar Days,Half-Yearly,Yes
MP00000479,EQ00000479,Calibration,90,Operating Hours,Annual,Yes
MP00000480,EQ00000480,Corrective,180,Calendar Days,Annual,Yes
MP00000481,EQ00000481,Calibration,7,Calendar Days,Annual,Yes
MP00000482,EQ00000482,Predictive,30,Calendar Days,Quarterly,No
MP00000483,EQ00000483,Predictive,7,Calendar Days,Half-Yearly,Yes
MP00000484,EQ00000484,Preventive,90,Operating Hours,Half-Yearly,No
MP00000485,EQ00000485,Calibration,180,Operating Hours,Half-Yearly,Yes
MP00000486,EQ00000486,Corrective,14,Calendar Days,Annual,Yes
MP00000487,EQ00000487,Preventive,14,Calendar Days,Half-Yearly,Yes
MP00000488,EQ00000488,Calibration,365,Calendar Days,Half-Yearly,Yes
MP00000489,EQ00000489,Calibration,30,Calendar Days,Half-Yearly,Yes
MP00000490,EQ00000490,Predictive,365,Operating Hours,Quarterly,Yes
MP00000491,EQ00000491,Calibration,30,Operating Hours,Annual,No
MP00000492,EQ00000492,Calibration,90,Calendar Days,Half-Yearly,No
MP00000493,EQ00000493,Preventive,365,Operating Hours,Quarterly,No
MP00000494,EQ00000494,Corrective,30,Operating Hours,Annual,Yes
MP00000495,EQ00000495,Inspection,90,Calendar Days,Quarterly,Yes
MP00000496,EQ00000496,Preventive,365,Calendar Days,Quarterly,Yes
MP00000497,EQ00000497,Inspection,7,Calendar Days,Annual,Yes
MP00000498,EQ00000498,Preventive,180,Operating Hours,Monthly,No
MP00000499,EQ00000499,Corrective,90,Operating Hours,Half-Yearly,Yes
MP00000500,EQ00000500,Corrective,90,Operating Hours,Annual,Yes
MP00000501,EQ00000501,Predictive,180,Operating Hours,Monthly,Yes
MP00000502,EQ00000502,Predictive,7,Operating Hours,Annual,Yes
MP00000503,EQ00000503,Inspection,90,Calendar Days,Annual,Yes
MP00000504,EQ00000504,Inspection,90,Operating Hours,Half-Yearly,Yes
MP00000505,EQ00000505,Preventive,90,Operating Hours,Annual,Yes
MP00000506,EQ00000506,Calibration,30,Operating Hours,Annual,Yes
MP00000507,EQ00000507,Calibration,30,Calendar Days,Quarterly,Yes
MP00000508,EQ00000508,Corrective,90,Operating Hours,Annual,Yes
MP00000509,EQ00000509,Inspection,30,Calendar Days,Annual,Yes
MP00000510,EQ00000510,Preventive,180,Calendar Days,Monthly,Yes
MP00000511,EQ00000511,Predictive,90,Operating Hours,Monthly,Yes
MP00000512,EQ00000512,Predictive,90,Operating Hours,Annual,Yes
MP00000513,EQ00000513,Predictive,14,Calendar Days,Annual,Yes
MP00000514,EQ00000514,Corrective,365,Calendar Days,Half-Yearly,Yes
MP00000515,EQ00000515,Preventive,14,Operating Hours,Half-Yearly,No
MP00000516,EQ00000516,Corrective,180,Operating Hours,Half-Yearly,No
MP00000517,EQ00000517,Predictive,180,Operating Hours,Annual,No
MP00000518,EQ00000518,Corrective,7,Operating Hours,Quarterly,Yes
MP00000519,EQ00000519,Calibration,180,Calendar Days,Quarterly,No
MP00000520,EQ00000520,Inspection,30,Operating Hours,Monthly,Yes
MP00000521,EQ00000521,Corrective,90,Calendar Days,Monthly,No
MP00000522,EQ00000522,Inspection,365,Calendar Days,Half-Yearly,No
MP00000523,EQ00000523,Corrective,180,Operating Hours,Quarterly,Yes
MP00000524,EQ00000524,Preventive,30,Calendar Days,Annual,Yes
MP00000525,EQ00000525,Predictive,7,Operating Hours,Quarterly,Yes
MP00000526,EQ00000526,Calibration,365,Calendar Days,Half-Yearly,Yes
MP00000527,EQ00000527,Calibration,180,Calendar Days,Half-Yearly,Yes
MP00000528,EQ00000528,Calibration,30,Calendar Days,Annual,No
MP00000529,EQ00000529,Preventive,365,Operating Hours,Quarterly,Yes
MP00000530,EQ00000530,Inspection,14,Operating Hours,Annual,No
MP00000531,EQ00000531,Calibration,365,Calendar Days,Half-Yearly,Yes
MP00000532,EQ00000532,Corrective,180,Calendar Days,Monthly,Yes
MP00000533,EQ00000533,Calibration,7,Calendar Days,Annual,Yes
MP00000534,EQ00000534,Inspection,30,Calendar Days,Quarterly,Yes
MP00000535,EQ00000535,Preventive,90,Calendar Days,Half-Yearly,Yes
MP00000536,EQ00000536,Predictive,180,Calendar Days,Annual,No
MP00000537,EQ00000537,Predictive,180,Operating Hours,Monthly,Yes
MP00000538,EQ00000538,Inspection,90,Operating Hours,Monthly,No
MP00000539,EQ00000539,Inspection,90,Calendar Days,Monthly,Yes
MP00000540,EQ00000540,Calibration,365,Calendar Days,Monthly,Yes
MP00000541,EQ00000541,Inspection,90,Operating Hours,Quarterly,Yes
MP00000542,EQ00000542,Calibration,30,Calendar Days,Half-Yearly,Yes
MP00000543,EQ00000543,Inspection,7,Operating Hours,Quarterly,Yes
MP00000544,EQ00000544,Inspection,7,Operating Hours,Half-Yearly,Yes
MP00000545,EQ00000545,Inspection,180,Calendar Days,Quarterly,Yes
MP00000546,EQ00000546,Corrective,180,Calendar Days,Quarterly,Yes
MP00000547,EQ00000547,Inspection,90,Operating Hours,Half-Yearly,Yes
MP00000548,EQ00000548,Inspection,14,Calendar Days,Quarterly,No
MP00000549,EQ00000549,Calibration,14,Operating Hours,Quarterly,No
MP00000550,EQ00000550,Inspection,7,Operating Hours,Annual,Yes
MP00000551,EQ00000551,Corrective,90,Operating Hours,Annual,No
MP00000552,EQ00000552,Calibration,90,Calendar Days,Annual,Yes
MP00000553,EQ00000553,Preventive,365,Calendar Days,Monthly,Yes
MP00000554,EQ00000554,Corrective,7,Operating Hours,Quarterly,Yes
MP00000555,EQ00000555,Calibration,30,Calendar Days,Annual,Yes
MP00000556,EQ00000556,Predictive,180,Calendar Days,Half-Yearly,No
MP00000557,EQ00000557,Preventive,365,Operating Hours,Quarterly,Yes
MP00000558,EQ00000558,Inspection,365,Calendar Days,Annual,Yes
MP00000559,EQ00000559,Calibration,180,Operating Hours,Quarterly,No
MP00000560,EQ00000560,Calibration,365,Calendar Days,Monthly,Yes
MP00000561,EQ00000561,Predictive,180,Operating Hours,Quarterly,Yes
MP00000562,EQ00000562,Preventive,90,Calendar Days,Quarterly,No
MP00000563,EQ00000563,Preventive,90,Calendar Days,Annual,No
MP00000564,EQ00000564,Predictive,90,Operating Hours,Half-Yearly,No
MP00000565,EQ00000565,Calibration,180,Operating Hours,Half-Yearly,Yes
MP00000566,EQ00000566,Preventive,180,Calendar Days,Quarterly,Yes
MP00000567,EQ00000567,Calibration,180,Calendar Days,Monthly,Yes
MP00000568,EQ00000568,Corrective,14,Operating Hours,Half-Yearly,Yes
MP00000569,EQ00000569,Corrective,90,Operating Hours,Monthly,Yes
MP00000570,EQ00000570,Calibration,365,Calendar Days,Monthly,Yes
MP00000571,EQ00000571,Calibration,365,Calendar Days,Quarterly,Yes
MP00000572,EQ00000572,Corrective,365,Calendar Days,Annual,Yes
MP00000573,EQ00000573,Corrective,365,Calendar Days,Annual,Yes
MP00000574,EQ00000574,Preventive,365,Calendar Days,Half-Yearly,Yes
MP00000575,EQ00000575,Predictive,14,Operating Hours,Half-Yearly,No
MP00000576,EQ00000576,Inspection,180,Operating Hours,Monthly,Yes
MP00000577,EQ00000577,Corrective,90,Calendar Days,Quarterly,Yes
MP00000578,EQ00000578,Preventive,30,Calendar Days,Half-Yearly,Yes
MP00000579,EQ00000579,Calibration,365,Calendar Days,Annual,Yes
MP00000580,EQ00000580,Inspection,7,Operating Hours,Monthly,Yes
MP00000581,EQ00000581,Inspection,180,Operating Hours,Quarterly,Yes
MP00000582,EQ00000582,Preventive,14,Operating Hours,Annual,No
MP00000583,EQ00000583,Predictive,90,Operating Hours,Quarterly,Yes
MP00000584,EQ00000584,Corrective,180,Operating Hours,Half-Yearly,Yes
MP00000585,EQ00000585,Inspection,90,Operating Hours,Monthly,No
MP00000586,EQ00000586,Preventive,14,Operating Hours,Half-Yearly,Yes
MP00000587,EQ00000587,Predictive,30,Operating Hours,Monthly,Yes
MP00000588,EQ00000588,Inspection,180,Calendar Days,Monthly,Yes
MP00000589,EQ00000589,Inspection,14,Calendar Days,Half-Yearly,Yes
MP00000590,EQ00000590,Inspection,7,Calendar Days,Quarterly,Yes
MP00000591,EQ00000591,Predictive,7,Operating Hours,Monthly,Yes
MP00000592,EQ00000592,Inspection,180,Calendar Days,Half-Yearly,No
MP00000593,EQ00000593,Inspection,180,Calendar Days,Annual,Yes
MP00000594,EQ00000594,Corrective,365,Calendar Days,Quarterly,Yes
MP00000595,EQ00000595,Calibration,180,Calendar Days,Quarterly,Yes
MP00000596,EQ00000596,Inspection,365,Operating Hours,Quarterly,Yes
MP00000597,EQ00000597,Inspection,90,Operating Hours,Monthly,Yes
MP00000598,EQ00000598,Corrective,14,Operating Hours,Quarterly,No
MP00000599,EQ00000599,Corrective,14,Operating Hours,Half-Yearly,No
MP00000600,EQ00000600,Preventive,180,Calendar Days,Half-Yearly,Yes
MP00000601,EQ00000601,Preventive,30,Calendar Days,Monthly,Yes
MP00000602,EQ00000602,Predictive,30,Calendar Days,Quarterly,Yes
MP00000603,EQ00000603,Calibration,30,Operating Hours,Quarterly,Yes
MP00000604,EQ00000604,Inspection,365,Operating Hours,Quarterly,Yes
MP00000605,EQ00000605,Predictive,90,Calendar Days,Quarterly,No
MP00000606,EQ00000606,Predictive,90,Operating Hours,Half-Yearly,Yes
MP00000607,EQ00000607,Calibration,14,Calendar Days,Quarterly,No
MP00000608,EQ00000608,Calibration,90,Calendar Days,Monthly,Yes
MP00000609,EQ00000609,Calibration,365,Calendar Days,Half-Yearly,Yes
MP00000610,EQ00000610,Predictive,30,Calendar Days,Quarterly,Yes
MP00000611,EQ00000611,Inspection,365,Operating Hours,Half-Yearly,No
MP00000612,EQ00000612,Predictive,180,Calendar Days,Half-Yearly,Yes
MP00000613,EQ00000613,Preventive,90,Calendar Days,Annual,Yes
MP00000614,EQ00000614,Corrective,365,Calendar Days,Quarterly,Yes
MP00000615,EQ00000615,Preventive,365,Operating Hours,Annual,Yes
MP00000616,EQ00000616,Calibration,7,Calendar Days,Quarterly,Yes
MP00000617,EQ00000617,Preventive,14,Operating Hours,Annual,Yes
MP00000618,EQ00000618,Preventive,365,Calendar Days,Annual,Yes
MP00000619,EQ00000619,Predictive,30,Calendar Days,Quarterly,Yes
MP00000620,EQ00000620,Calibration,365,Calendar Days,Half-Yearly,Yes
MP00000621,EQ00000621,Predictive,365,Operating Hours,Quarterly,Yes
MP00000622,EQ00000622,Predictive,180,Calendar Days,Quarterly,Yes
MP00000623,EQ00000623,Inspection,365,Calendar Days,Quarterly,Yes
MP00000624,EQ00000624,Calibration,30,Calendar Days,Monthly,Yes
MP00000625,EQ00000625,Corrective,180,Calendar Days,Half-Yearly,Yes
MP00000626,EQ00000626,Preventive,30,Calendar Days,Monthly,Yes
MP00000627,EQ00000627,Corrective,365,Operating Hours,Quarterly,No
MP00000628,EQ00000628,Calibration,365,Calendar Days,Monthly,No
MP00000629,EQ00000629,Corrective,30,Operating Hours,Annual,Yes
MP00000630,EQ00000630,Inspection,7,Calendar Days,Annual,Yes
MP00000631,EQ00000631,Predictive,365,Operating Hours,Monthly,Yes
MP00000632,EQ00000632,Calibration,180,Operating Hours,Annual,Yes
MP00000633,EQ00000633,Preventive,90,Calendar Days,Quarterly,No
MP00000634,EQ00000634,Inspection,365,Calendar Days,Half-Yearly,No
MP00000635,EQ00000635,Preventive,180,Operating Hours,Half-Yearly,Yes
MP00000636,EQ00000636,Calibration,90,Calendar Days,Annual,Yes
MP00000637,EQ00000637,Preventive,365,Calendar Days,Quarterly,No
MP00000638,EQ00000638,Calibration,30,Operating Hours,Annual,Yes
MP00000639,EQ00000639,Predictive,7,Calendar Days,Half-Yearly,Yes
MP00000640,EQ00000640,Preventive,30,Operating Hours,Monthly,Yes
MP00000641,EQ00000641,Inspection,180,Calendar Days,Quarterly,No
MP00000642,EQ00000642,Corrective,30,Calendar Days,Monthly,Yes
MP00000643,EQ00000643,Predictive,365,Calendar Days,Monthly,No
MP00000644,EQ00000644,Predictive,365,Calendar Days,Monthly,Yes
MP00000645,EQ00000645,Corrective,180,Operating Hours,Half-Yearly,Yes
MP00000646,EQ00000646,Preventive,30,Calendar Days,Monthly,No
MP00000647,EQ00000647,Corrective,365,Calendar Days,Half-Yearly,Yes
MP00000648,EQ00000648,Predictive,14,Operating Hours,Monthly,Yes
MP00000649,EQ00000649,Corrective,180,Operating Hours,Half-Yearly,Yes
MP00000650,EQ00000650,Inspection,7,Operating Hours,Annual,Yes
MP00000651,EQ00000651,Calibration,30,Operating Hours,Monthly,No
MP00000652,EQ00000652,Corrective,365,Calendar Days,Annual,Yes
MP00000653,EQ00000653,Inspection,365,Operating Hours,Quarterly,Yes
MP00000654,EQ00000654,Calibration,180,Calendar Days,Monthly,No
MP00000655,EQ00000655,Predictive,180,Calendar Days,Annual,No
MP00000656,EQ00000656,Inspection,180,Operating Hours,Monthly,Yes
MP00000657,EQ00000657,Calibration,90,Operating Hours,Annual,No
MP00000658,EQ00000658,Corrective,365,Calendar Days,Monthly,Yes
MP00000659,EQ00000659,Calibration,14,Operating Hours,Monthly,No
MP00000660,EQ00000660,Preventive,365,Operating Hours,Quarterly,No
MP00000661,EQ00000661,Inspection,90,Calendar Days,Quarterly,Yes
MP00000662,EQ00000662,Predictive,90,Calendar Days,Annual,Yes
MP00000663,EQ00000663,Inspection,365,Calendar Days,Annual,No
MP00000664,EQ00000664,Corrective,365,Calendar Days,Monthly,No
MP00000665,EQ00000665,Predictive,180,Calendar Days,Monthly,Yes
MP00000666,EQ00000666,Preventive,365,Calendar Days,Annual,Yes
MP00000667,EQ00000667,Predictive,365,Calendar Days,Quarterly,Yes
MP00000668,EQ00000668,Predictive,180,Operating Hours,Quarterly,Yes
MP00000669,EQ00000669,Inspection,14,Calendar Days,Annual,Yes
MP00000670,EQ00000670,Calibration,180,Operating Hours,Half-Yearly,Yes
MP00000671,EQ00000671,Calibration,90,Operating Hours,Half-Yearly,No
MP00000672,EQ00000672,Preventive,7,Calendar Days,Annual,Yes
MP00000673,EQ00000673,Corrective,90,Operating Hours,Monthly,Yes
MP00000674,EQ00000674,Corrective,90,Calendar Days,Annual,Yes
MP00000675,EQ00000675,Preventive,14,Operating Hours,Half-Yearly,Yes
MP00000676,EQ00000676,Calibration,365,Operating Hours,Annual,No
MP00000677,EQ00000677,Inspection,30,Operating Hours,Quarterly,No
MP00000678,EQ00000678,Calibration,14,Calendar Days,Monthly,Yes
MP00000679,EQ00000679,Preventive,365,Calendar Days,Quarterly,Yes
MP00000680,EQ00000680,Preventive,180,Calendar Days,Monthly,Yes
MP00000681,EQ00000681,Inspection,90,Operating Hours,Annual,No
MP00000682,EQ00000682,Calibration,180,Calendar Days,Monthly,Yes
MP00000683,EQ00000683,Calibration,30,Operating Hours,Half-Yearly,No
MP00000684,EQ00000684,Predictive,365,Calendar Days,Quarterly,Yes
MP00000685,EQ00000685,Calibration,90,Operating Hours,Half-Yearly,No
MP00000686,EQ00000686,Preventive,7,Calendar Days,Quarterly,Yes
MP00000687,EQ00000687,Preventive,180,Calendar Days,Monthly,Yes
MP00000688,EQ00000688,Preventive,180,Operating Hours,Quarterly,Yes
MP00000689,EQ00000689,Predictive,180,Calendar Days,Half-Yearly,Yes
MP00000690,EQ00000690,Corrective,30,Calendar Days,Monthly,Yes
MP00000691,EQ00000691,Predictive,365,Calendar Days,Quarterly,Yes
MP00000692,EQ00000692,Predictive,180,Operating Hours,Quarterly,Yes
MP00000693,EQ00000693,Inspection,365,Operating Hours,Annual,Yes
MP00000694,EQ00000694,Inspection,365,Calendar Days,Annual,Yes
MP00000695,EQ00000695,Calibration,180,Calendar Days,Annual,No
MP00000696,EQ00000696,Preventive,90,Calendar Days,Half-Yearly,Yes
MP00000697,EQ00000697,Preventive,30,Operating Hours,Quarterly,Yes
MP00000698,EQ00000698,Corrective,365,Calendar Days,Annual,No
MP00000699,EQ00000699,Corrective,365,Calendar Days,Monthly,Yes
MP00000700,EQ00000700,Predictive,180,Calendar Days,Monthly,Yes
MP00000701,EQ00000701,Preventive,180,Calendar Days,Quarterly,Yes
MP00000702,EQ00000702,Inspection,90,Calendar Days,Monthly,No
MP00000703,EQ00000703,Preventive,30,Calendar Days,Annual,Yes
MP00000704,EQ00000704,Predictive,30,Operating Hours,Annual,Yes
MP00000705,EQ00000705,Preventive,180,Calendar Days,Monthly,Yes
MP00000706,EQ00000706,Preventive,180,Operating Hours,Annual,No
MP00000707,EQ00000707,Preventive,180,Operating Hours,Quarterly,Yes
MP00000708,EQ00000708,Predictive,30,Calendar Days,Quarterly,Yes
MP00000709,EQ00000709,Inspection,90,Calendar Days,Half-Yearly,Yes
MP00000710,EQ00000710,Predictive,90,Calendar Days,Monthly,Yes
MP00000711,EQ00000711,Corrective,180,Operating Hours,Monthly,Yes
MP00000712,EQ00000712,Corrective,30,Calendar Days,Annual,No
MP00000713,EQ00000713,Preventive,180,Operating Hours,Annual,Yes
MP00000714,EQ00000714,Calibration,180,Calendar Days,Annual,Yes
MP00000715,EQ00000715,Calibration,14,Operating Hours,Half-Yearly,No
MP00000716,EQ00000716,Corrective,180,Operating Hours,Annual,No
MP00000717,EQ00000717,Inspection,180,Calendar Days,Monthly,Yes
MP00000718,EQ00000718,Corrective,90,Calendar Days,Half-Yearly,No
MP00000719,EQ00000719,Corrective,90,Operating Hours,Half-Yearly,Yes
MP00000720,EQ00000720,Inspection,180,Calendar Days,Half-Yearly,Yes
MP00000721,EQ00000721,Preventive,90,Calendar Days,Annual,Yes
MP00000722,EQ00000722,Corrective,90,Operating Hours,Quarterly,Yes
MP00000723,EQ00000723,Preventive,365,Calendar Days,Quarterly,Yes
MP00000724,EQ00000724,Inspection,30,Operating Hours,Half-Yearly,Yes
MP00000725,EQ00000725,Preventive,365,Operating Hours,Annual,Yes
MP00000726,EQ00000726,Predictive,30,Operating Hours,Half-Yearly,Yes
MP00000727,EQ00000727,Inspection,365,Calendar Days,Half-Yearly,Yes
MP00000728,EQ00000728,Predictive,90,Calendar Days,Half-Yearly,Yes
MP00000729,EQ00000729,Preventive,365,Calendar Days,Monthly,Yes
MP00000730,EQ00000730,Calibration,365,Operating Hours,Monthly,Yes
MP00000731,EQ00000731,Corrective,365,Operating Hours,Quarterly,Yes
MP00000732,EQ00000732,Inspection,7,Calendar Days,Half-Yearly,Yes
MP00000733,EQ00000733,Predictive,30,Operating Hours,Half-Yearly,Yes
MP00000734,EQ00000734,Corrective,14,Calendar Days,Quarterly,Yes
MP00000735,EQ00000735,Preventive,14,Operating Hours,Half-Yearly,No
MP00000736,EQ00000736,Preventive,90,Calendar Days,Quarterly,Yes
MP00000737,EQ00000737,Corrective,14,Calendar Days,Monthly,No
MP00000738,EQ00000738,Calibration,30,Operating Hours,Annual,No
MP00000739,EQ00000739,Inspection,90,Calendar Days,Half-Yearly,Yes
MP00000740,EQ00000740,Inspection,30,Calendar Days,Annual,Yes
MP00000741,EQ00000741,Inspection,30,Calendar Days,Quarterly,Yes
MP00000742,EQ00000742,Calibration,90,Calendar Days,Annual,Yes
MP00000743,EQ00000743,Calibration,14,Operating Hours,Quarterly,No
MP00000744,EQ00000744,Calibration,7,Calendar Days,Monthly,Yes
MP00000745,EQ00000745,Preventive,180,Calendar Days,Annual,Yes
MP00000746,EQ00000746,Calibration,30,Calendar Days,Half-Yearly,Yes
MP00000747,EQ00000747,Predictive,365,Operating Hours,Monthly,No
MP00000748,EQ00000748,Inspection,180,Operating Hours,Annual,No
MP00000749,EQ00000749,Predictive,365,Calendar Days,Quarterly,Yes
MP00000750,EQ00000750,Corrective,90,Operating Hours,Annual,Yes
MP00000751,EQ00000751,Inspection,90,Calendar Days,Half-Yearly,Yes
MP00000752,EQ00000752,Calibration,30,Calendar Days,Half-Yearly,Yes
MP00000753,EQ00000753,Inspection,365,Calendar Days,Annual,No
MP00000754,EQ00000754,Calibration,30,Calendar Days,Monthly,Yes
MP00000755,EQ00000755,Inspection,30,Operating Hours,Monthly,Yes
MP00000756,EQ00000756,Predictive,180,Operating Hours,Annual,Yes
MP00000757,EQ00000757,Predictive,30,Operating Hours,Monthly,Yes
MP00000758,EQ00000758,Predictive,365,Calendar Days,Annual,Yes
MP00000759,EQ00000759,Calibration,90,Operating Hours,Quarterly,Yes
MP00000760,EQ00000760,Predictive,365,Calendar Days,Annual,Yes
MP00000761,EQ00000761,Corrective,365,Operating Hours,Quarterly,Yes
MP00000762,EQ00000762,Inspection,90,Operating Hours,Half-Yearly,Yes
MP00000763,EQ00000763,Preventive,365,Operating Hours,Quarterly,Yes
MP00000764,EQ00000764,Calibration,7,Operating Hours,Quarterly,Yes
MP00000765,EQ00000765,Calibration,180,Operating Hours,Monthly,Yes
MP00000766,EQ00000766,Calibration,90,Operating Hours,Annual,No
MP00000767,EQ00000767,Predictive,14,Calendar Days,Quarterly,Yes
MP00000768,EQ00000768,Inspection,14,Calendar Days,Half-Yearly,No
MP00000769,EQ00000769,Predictive,14,Calendar Days,Half-Yearly,Yes
MP00000770,EQ00000770,Preventive,365,Calendar Days,Half-Yearly,Yes
MP00000771,EQ00000771,Preventive,7,Operating Hours,Quarterly,Yes
MP00000772,EQ00000772,Corrective,180,Calendar Days,Quarterly,No
MP00000773,EQ00000773,Predictive,90,Calendar Days,Quarterly,Yes
MP00000774,EQ00000774,Inspection,365,Calendar Days,Half-Yearly,Yes
MP00000775,EQ00000775,Corrective,30,Operating Hours,Half-Yearly,Yes
MP00000776,EQ00000776,Predictive,365,Operating Hours,Quarterly,Yes
MP00000777,EQ00000777,Predictive,365,Operating Hours,Monthly,No
MP00000778,EQ00000778,Corrective,180,Operating Hours,Quarterly,Yes
MP00000779,EQ00000779,Inspection,180,Calendar Days,Annual,No
MP00000780,EQ00000780,Predictive,90,Calendar Days,Quarterly,Yes
MP00000781,EQ00000781,Calibration,14,Operating Hours,Monthly,No
MP00000782,EQ00000782,Calibration,90,Calendar Days,Half-Yearly,Yes
MP00000783,EQ00000783,Calibration,365,Calendar Days,Monthly,Yes
MP00000784,EQ00000784,Preventive,90,Operating Hours,Quarterly,Yes
MP00000785,EQ00000785,Preventive,14,Operating Hours,Monthly,Yes
MP00000786,EQ00000786,Calibration,90,Calendar Days,Half-Yearly,Yes
MP00000787,EQ00000787,Calibration,90,Operating Hours,Annual,No
MP00000788,EQ00000788,Preventive,30,Calendar Days,Quarterly,No
MP00000789,EQ00000789,Calibration,180,Calendar Days,Annual,Yes
MP00000790,EQ00000790,Preventive,30,Calendar Days,Half-Yearly,Yes
MP00000791,EQ00000791,Calibration,180,Operating Hours,Monthly,Yes
MP00000792,EQ00000792,Inspection,365,Calendar Days,Monthly,No
MP00000793,EQ00000793,Corrective,180,Calendar Days,Quarterly,Yes
MP00000794,EQ00000794,Predictive,7,Operating Hours,Half-Yearly,Yes
MP00000795,EQ00000795,Predictive,7,Calendar Days,Half-Yearly,Yes
MP00000796,EQ00000796,Preventive,180,Operating Hours,Half-Yearly,No
MP00000797,EQ00000797,Calibration,180,Operating Hours,Half-Yearly,Yes
MP00000798,EQ00000798,Preventive,90,Calendar Days,Half-Yearly,Yes
MP00000799,EQ00000799,Predictive,30,Calendar Days,Quarterly,Yes
MP00000800,EQ00000800,Inspection,365,Operating Hours,Annual,Yes
MP00000801,EQ00000801,Corrective,365,Calendar Days,Half-Yearly,Yes
MP00000802,EQ00000802,Corrective,14,Calendar Days,Quarterly,No
MP00000803,EQ00000803,Calibration,365,Operating Hours,Half-Yearly,Yes
MP00000804,EQ00000804,Corrective,7,Operating Hours,Monthly,Yes
MP00000805,EQ00000805,Predictive,14,Operating Hours,Quarterly,Yes
MP00000806,EQ00000806,Preventive,90,Operating Hours,Annual,Yes
MP00000807,EQ00000807,Preventive,30,Operating Hours,Monthly,Yes
MP00000808,EQ00000808,Inspection,365,Calendar Days,Annual,Yes
MP00000809,EQ00000809,Inspection,90,Calendar Days,Quarterly,No
MP00000810,EQ00000810,Predictive,365,Calendar Days,Annual,Yes
MP00000811,EQ00000811,Calibration,90,Operating Hours,Quarterly,Yes
MP00000812,EQ00000812,Corrective,7,Operating Hours,Half-Yearly,Yes
MP00000813,EQ00000813,Calibration,90,Operating Hours,Quarterly,No
MP00000814,EQ00000814,Preventive,180,Calendar Days,Annual,No
MP00000815,EQ00000815,Calibration,365,Calendar Days,Annual,Yes
MP00000816,EQ00000816,Inspection,30,Operating Hours,Monthly,Yes
MP00000817,EQ00000817,Inspection,365,Operating Hours,Half-Yearly,Yes
MP00000818,EQ00000818,Predictive,90,Calendar Days,Annual,Yes
MP00000819,EQ00000819,Preventive,180,Operating Hours,Half-Yearly,Yes
MP00000820,EQ00000820,Predictive,365,Calendar Days,Annual,Yes
MP00000821,EQ00000821,Predictive,30,Calendar Days,Half-Yearly,No
MP00000822,EQ00000822,Predictive,180,Calendar Days,Quarterly,Yes
MP00000823,EQ00000823,Predictive,365,Calendar Days,Quarterly,No
MP00000824,EQ00000824,Inspection,7,Operating Hours,Quarterly,Yes
MP00000825,EQ00000825,Corrective,14,Calendar Days,Quarterly,Yes
MP00000826,EQ00000826,Preventive,90,Calendar Days,Monthly,Yes
MP00000827,EQ00000827,Calibration,365,Calendar Days,Monthly,Yes
MP00000828,EQ00000828,Corrective,365,Operating Hours,Quarterly,No
MP00000829,EQ00000829,Predictive,7,Operating Hours,Monthly,Yes
MP00000830,EQ00000830,Calibration,90,Operating Hours,Half-Yearly,Yes
MP00000831,EQ00000831,Calibration,365,Operating Hours,Monthly,No
MP00000832,EQ00000832,Inspection,14,Calendar Days,Annual,Yes
MP00000833,EQ00000833,Inspection,30,Calendar Days,Annual,Yes
MP00000834,EQ00000834,Preventive,90,Calendar Days,Half-Yearly,Yes
MP00000835,EQ00000835,Corrective,30,Operating Hours,Half-Yearly,Yes
MP00000836,EQ00000836,Predictive,14,Calendar Days,Annual,No
MP00000837,EQ00000837,Inspection,30,Calendar Days,Quarterly,Yes
MP00000838,EQ00000838,Predictive,90,Operating Hours,Annual,Yes
MP00000839,EQ00000839,Inspection,90,Calendar Days,Monthly,Yes
MP00000840,EQ00000840,Preventive,365,Operating Hours,Annual,Yes
MP00000841,EQ00000841,Predictive,30,Operating Hours,Half-Yearly,Yes
MP00000842,EQ00000842,Inspection,30,Operating Hours,Half-Yearly,No
MP00000843,EQ00000843,Preventive,365,Calendar Days,Half-Yearly,Yes
MP00000844,EQ00000844,Calibration,30,Operating Hours,Quarterly,Yes
MP00000845,EQ00000845,Preventive,90,Calendar Days,Quarterly,Yes
MP00000846,EQ00000846,Predictive,365,Operating Hours,Half-Yearly,Yes
MP00000847,EQ00000847,Corrective,90,Operating Hours,Half-Yearly,Yes
MP00000848,EQ00000848,Calibration,180,Calendar Days,Quarterly,No
MP00000849,EQ00000849,Predictive,14,Operating Hours,Annual,No
MP00000850,EQ00000850,Calibration,7,Operating Hours,Half-Yearly,Yes
MP00000851,EQ00000851,Preventive,7,Operating Hours,Quarterly,Yes
MP00000852,EQ00000852,Corrective,365,Operating Hours,Annual,Yes
MP00000853,EQ00000853,Predictive,30,Operating Hours,Monthly,No
MP00000854,EQ00000854,Preventive,7,Calendar Days,Annual,Yes
MP00000855,EQ00000855,Predictive,365,Operating Hours,Monthly,No
MP00000856,EQ00000856,Predictive,14,Calendar Days,Quarterly,Yes
MP00000857,EQ00000857,Predictive,180,Operating Hours,Monthly,Yes
MP00000858,EQ00000858,Predictive,90,Calendar Days,Quarterly,Yes
MP00000859,EQ00000859,Preventive,180,Operating Hours,Half-Yearly,Yes
MP00000860,EQ00000860,Preventive,365,Calendar Days,Annual,Yes
MP00000861,EQ00000861,Preventive,7,Calendar Days,Quarterly,Yes
MP00000862,EQ00000862,Calibration,30,Operating Hours,Quarterly,Yes
MP00000863,EQ00000863,Inspection,30,Operating Hours,Quarterly,Yes
MP00000864,EQ00000864,Preventive,90,Operating Hours,Monthly,No
MP00000865,EQ00000865,Corrective,365,Operating Hours,Half-Yearly,Yes
MP00000866,EQ00000866,Inspection,90,Calendar Days,Annual,No
MP00000867,EQ00000867,Predictive,30,Calendar Days,Quarterly,No
MP00000868,EQ00000868,Predictive,365,Operating Hours,Quarterly,No
MP00000869,EQ00000869,Inspection,180,Operating Hours,Half-Yearly,Yes
MP00000870,EQ00000870,Preventive,365,Calendar Days,Monthly,Yes
MP00000871,EQ00000871,Calibration,30,Operating Hours,Quarterly,Yes
MP00000872,EQ00000872,Predictive,90,Operating Hours,Monthly,No
MP00000873,EQ00000873,Calibration,180,Calendar Days,Annual,Yes
MP00000874,EQ00000874,Predictive,30,Calendar Days,Monthly,Yes
MP00000875,EQ00000875,Preventive,180,Calendar Days,Annual,No
MP00000876,EQ00000876,Calibration,90,Calendar Days,Quarterly,No
MP00000877,EQ00000877,Inspection,30,Operating Hours,Half-Yearly,No
MP00000878,EQ00000878,Calibration,7,Calendar Days,Annual,Yes
MP00000879,EQ00000879,Inspection,180,Operating Hours,Monthly,No
MP00000880,EQ00000880,Calibration,180,Operating Hours,Half-Yearly,Yes
MP00000881,EQ00000881,Preventive,30,Operating Hours,Quarterly,No
MP00000882,EQ00000882,Preventive,180,Calendar Days,Half-Yearly,Yes
MP00000883,EQ00000883,Predictive,90,Operating Hours,Half-Yearly,No
MP00000884,EQ00000884,Preventive,365,Operating Hours,Monthly,Yes
MP00000885,EQ00000885,Predictive,180,Calendar Days,Annual,Yes
MP00000886,EQ00000886,Inspection,30,Calendar Days,Quarterly,Yes
MP00000887,EQ00000887,Inspection,365,Calendar Days,Quarterly,Yes
MP00000888,EQ00000888,Corrective,14,Operating Hours,Monthly,Yes
MP00000889,EQ00000889,Predictive,180,Operating Hours,Annual,Yes
MP00000890,EQ00000890,Predictive,365,Operating Hours,Annual,Yes
MP00000891,EQ00000891,Corrective,30,Operating Hours,Monthly,Yes
MP00000892,EQ00000892,Preventive,180,Calendar Days,Monthly,Yes
MP00000893,EQ00000893,Calibration,30,Calendar Days,Annual,Yes
MP00000894,EQ00000894,Corrective,180,Calendar Days,Quarterly,Yes
MP00000895,EQ00000895,Corrective,30,Operating Hours,Annual,No
MP00000896,EQ00000896,Preventive,90,Operating Hours,Half-Yearly,No
MP00000897,EQ00000897,Inspection,180,Operating Hours,Monthly,No
MP00000898,EQ00000898,Predictive,180,Operating Hours,Annual,Yes
MP00000899,EQ00000899,Preventive,30,Calendar Days,Quarterly,Yes
MP00000900,EQ00000900,Calibration,180,Operating Hours,Monthly,Yes
MP00000901,EQ00000901,Predictive,365,Calendar Days,Half-Yearly,No
MP00000902,EQ00000902,Preventive,90,Calendar Days,Quarterly,No
MP00000903,EQ00000903,Predictive,90,Calendar Days,Annual,Yes
MP00000904,EQ00000904,Predictive,180,Operating Hours,Half-Yearly,Yes
MP00000905,EQ00000905,Calibration,90,Calendar Days,Quarterly,Yes
MP00000906,EQ00000906,Preventive,14,Operating Hours,Half-Yearly,No
MP00000907,EQ00000907,Corrective,30,Calendar Days,Quarterly,Yes
MP00000908,EQ00000908,Corrective,180,Operating Hours,Quarterly,Yes
MP00000909,EQ00000909,Predictive,90,Calendar Days,Monthly,Yes
MP00000910,EQ00000910,Corrective,14,Operating Hours,Quarterly,Yes
MP00000911,EQ00000911,Preventive,365,Operating Hours,Quarterly,Yes
MP00000912,EQ00000912,Preventive,365,Operating Hours,Half-Yearly,No
MP00000913,EQ00000913,Calibration,180,Calendar Days,Quarterly,Yes
MP00000914,EQ00000914,Preventive,14,Calendar Days,Annual,No
MP00000915,EQ00000915,Inspection,30,Calendar Days,Annual,No
MP00000916,EQ00000916,Corrective,90,Operating Hours,Annual,No
MP00000917,EQ00000917,Predictive,14,Calendar Days,Annual,No
MP00000918,EQ00000918,Preventive,180,Operating Hours,Annual,No
MP00000919,EQ00000919,Calibration,365,Operating Hours,Monthly,Yes
MP00000920,EQ00000920,Calibration,90,Operating Hours,Annual,No
MP00000921,EQ00000921,Calibration,365,Operating Hours,Half-Yearly,Yes
MP00000922,EQ00000922,Inspection,90,Calendar Days,Half-Yearly,Yes
MP00000923,EQ00000923,Predictive,30,Calendar Days,Monthly,Yes
MP00000924,EQ00000924,Predictive,14,Calendar Days,Monthly,Yes
MP00000925,EQ00000925,Preventive,90,Operating Hours,Half-Yearly,Yes
MP00000926,EQ00000926,Corrective,30,Operating Hours,Monthly,No
MP00000927,EQ00000927,Preventive,365,Calendar Days,Monthly,No
MP00000928,EQ00000928,Inspection,30,Operating Hours,Monthly,Yes
MP00000929,EQ00000929,Calibration,180,Calendar Days,Annual,Yes
MP00000930,EQ00000930,Predictive,365,Operating Hours,Half-Yearly,No
MP00000931,EQ00000931,Corrective,365,Calendar Days,Half-Yearly,Yes
MP00000932,EQ00000932,Inspection,7,Operating Hours,Quarterly,Yes
MP00000933,EQ00000933,Corrective,90,Calendar Days,Quarterly,No
MP00000934,EQ00000934,Calibration,30,Calendar Days,Monthly,Yes
MP00000935,EQ00000935,Predictive,180,Calendar Days,Quarterly,Yes
MP00000936,EQ00000936,Predictive,365,Calendar Days,Monthly,No
MP00000937,EQ00000937,Calibration,365,Calendar Days,Half-Yearly,Yes
MP00000938,EQ00000938,Inspection,365,Operating Hours,Quarterly,Yes
MP00000939,EQ00000939,Inspection,365,Operating Hours,Annual,Yes
MP00000940,EQ00000940,Calibration,30,Operating Hours,Annual,Yes
MP00000941,EQ00000941,Calibration,365,Calendar Days,Half-Yearly,Yes
MP00000942,EQ00000942,Predictive,90,Operating Hours,Annual,No
MP00000943,EQ00000943,Preventive,90,Calendar Days,Half-Yearly,No
MP00000944,EQ00000944,Calibration,180,Calendar Days,Monthly,Yes
MP00000945,EQ00000945,Preventive,180,Calendar Days,Half-Yearly,Yes
MP00000946,EQ00000946,Inspection,30,Calendar Days,Half-Yearly,No
MP00000947,EQ00000947,Corrective,90,Operating Hours,Monthly,No
MP00000948,EQ00000948,Calibration,365,Operating Hours,Monthly,Yes
MP00000949,EQ00000949,Preventive,90,Calendar Days,Monthly,Yes
MP00000950,EQ00000950,Predictive,30,Operating Hours,Annual,Yes
MP00000951,EQ00000951,Predictive,30,Operating Hours,Half-Yearly,Yes
MP00000952,EQ00000952,Corrective,30,Calendar Days,Half-Yearly,Yes
MP00000953,EQ00000953,Inspection,90,Operating Hours,Half-Yearly,Yes
MP00000954,EQ00000954,Calibration,7,Operating Hours,Quarterly,Yes
MP00000955,EQ00000955,Preventive,180,Calendar Days,Half-Yearly,No
MP00000956,EQ00000956,Predictive,180,Operating Hours,Quarterly,No
MP00000957,EQ00000957,Predictive,90,Calendar Days,Annual,No
MP00000958,EQ00000958,Preventive,90,Calendar Days,Half-Yearly,No
MP00000959,EQ00000959,Corrective,30,Operating Hours,Monthly,Yes
MP00000960,EQ00000960,Calibration,30,Calendar Days,Quarterly,No
MP00000961,EQ00000961,Corrective,180,Calendar Days,Half-Yearly,Yes
MP00000962,EQ00000962,Corrective,180,Calendar Days,Monthly,Yes
MP00000963,EQ00000963,Calibration,90,Calendar Days,Annual,No
MP00000964,EQ00000964,Predictive,365,Calendar Days,Monthly,No
MP00000965,EQ00000965,Corrective,365,Calendar Days,Monthly,No
MP00000966,EQ00000966,Corrective,365,Calendar Days,Quarterly,Yes
MP00000967,EQ00000967,Calibration,180,Calendar Days,Annual,Yes
MP00000968,EQ00000968,Inspection,14,Operating Hours,Annual,No
MP00000969,EQ00000969,Predictive,14,Calendar Days,Half-Yearly,No
MP00000970,EQ00000970,Inspection,30,Operating Hours,Half-Yearly,No
MP00000971,EQ00000971,Calibration,14,Operating Hours,Annual,Yes
MP00000972,EQ00000972,Inspection,180,Calendar Days,Annual,Yes
MP00000973,EQ00000973,Preventive,180,Calendar Days,Annual,Yes
MP00000974,EQ00000974,Inspection,180,Operating Hours,Annual,No
MP00000975,EQ00000975,Corrective,365,Operating Hours,Half-Yearly,Yes
MP00000976,EQ00000976,Preventive,7,Operating Hours,Monthly,Yes
MP00000977,EQ00000977,Corrective,90,Operating Hours,Half-Yearly,Yes
MP00000978,EQ00000978,Inspection,365,Operating Hours,Quarterly,No
MP00000979,EQ00000979,Predictive,30,Calendar Days,Quarterly,No
MP00000980,EQ00000980,Calibration,30,Operating Hours,Quarterly,Yes
MP00000981,EQ00000981,Calibration,365,Calendar Days,Annual,Yes
MP00000982,EQ00000982,Calibration,365,Operating Hours,Annual,Yes
MP00000983,EQ00000983,Corrective,180,Calendar Days,Annual,No
MP00000984,EQ00000984,Corrective,7,Calendar Days,Quarterly,Yes
MP00000985,EQ00000985,Corrective,365,Operating Hours,Quarterly,No
MP00000986,EQ00000986,Preventive,90,Calendar Days,Annual,Yes
MP00000987,EQ00000987,Predictive,14,Calendar Days,Quarterly,No
MP00000988,EQ00000988,Preventive,30,Calendar Days,Monthly,Yes
MP00000989,EQ00000989,Corrective,30,Calendar Days,Quarterly,No
MP00000990,EQ00000990,Inspection,90,Calendar Days,Monthly,No
MP00000991,EQ00000991,Preventive,30,Calendar Days,Quarterly,Yes
MP00000992,EQ00000992,Preventive,90,Operating Hours,Half-Yearly,Yes
MP00000993,EQ00000993,Preventive,7,Operating Hours,Half-Yearly,Yes
MP00000994,EQ00000994,Calibration,7,Calendar Days,Annual,Yes
MP00000995,EQ00000995,Corrective,180,Calendar Days,Quarterly,Yes
MP00000996,EQ00000996,Preventive,90,Operating Hours,Monthly,Yes
MP00000997,EQ00000997,Calibration,180,Operating Hours,Quarterly,Yes
MP00000998,EQ00000998,Inspection,90,Calendar Days,Monthly,No
MP00000999,EQ00000999,Preventive,7,Calendar Days,Annual,Yes
MP00001000,EQ00001000,Predictive,180,Calendar Days,Annual,No
MP00001001,EQ00001001,Preventive,365,Operating Hours,Quarterly,Yes
MP00001002,EQ00001002,Corrective,365,Calendar Days,Annual,No
MP00001003,EQ00001003,Inspection,30,Operating Hours,Monthly,Yes
MP00001004,EQ00001004,Calibration,30,Calendar Days,Quarterly,Yes
MP00001005,EQ00001005,Predictive,14,Operating Hours,Quarterly,Yes
MP00001006,EQ00001006,Corrective,90,Calendar Days,Half-Yearly,No
MP00001007,EQ00001007,Predictive,30,Calendar Days,Quarterly,Yes
MP00001008,EQ00001008,Corrective,180,Calendar Days,Annual,No
MP00001009,EQ00001009,Preventive,30,Operating Hours,Quarterly,No
MP00001010,EQ00001010,Preventive,7,Operating Hours,Monthly,Yes
MP00001011,EQ00001011,Calibration,180,Calendar Days,Monthly,No
MP00001012,EQ00001012,Preventive,90,Calendar Days,Monthly,Yes
MP00001013,EQ00001013,Calibration,90,Operating Hours,Annual,Yes
MP00001014,EQ00001014,Corrective,365,Calendar Days,Monthly,Yes
MP00001015,EQ00001015,Corrective,180,Operating Hours,Quarterly,Yes
MP00001016,EQ00001016,Inspection,90,Operating Hours,Monthly,Yes
MP00001017,EQ00001017,Corrective,365,Calendar Days,Quarterly,Yes
MP00001018,EQ00001018,Corrective,90,Operating Hours,Annual,Yes
MP00001019,EQ00001019,Corrective,7,Calendar Days,Annual,Yes
MP00001020,EQ00001020,Calibration,180,Operating Hours,Half-Yearly,Yes
MP00001021,EQ00001021,Corrective,90,Calendar Days,Half-Yearly,No
MP00001022,EQ00001022,Predictive,365,Operating Hours,Annual,No
MP00001023,EQ00001023,Corrective,365,Calendar Days,Quarterly,Yes
MP00001024,EQ00001024,Inspection,180,Calendar Days,Quarterly,Yes
MP00001025,EQ00001025,Inspection,180,Operating Hours,Quarterly,Yes
MP00001026,EQ00001026,Calibration,180,Calendar Days,Half-Yearly,Yes
MP00001027,EQ00001027,Calibration,30,Operating Hours,Annual,Yes
MP00001028,EQ00001028,Inspection,180,Operating Hours,Annual,Yes
MP00001029,EQ00001029,Inspection,90,Operating Hours,Monthly,Yes
MP00001030,EQ00001030,Inspection,180,Operating Hours,Annual,Yes
MP00001031,EQ00001031,Inspection,90,Operating Hours,Monthly,No
MP00001032,EQ00001032,Inspection,90,Calendar Days,Annual,Yes
MP00001033,EQ00001033,Predictive,14,Calendar Days,Monthly,No
MP00001034,EQ00001034,Corrective,180,Operating Hours,Half-Yearly,Yes
MP00001035,EQ00001035,Predictive,365,Operating Hours,Monthly,Yes
MP00001036,EQ00001036,Calibration,365,Calendar Days,Annual,Yes
MP00001037,EQ00001037,Corrective,365,Operating Hours,Half-Yearly,No
MP00001038,EQ00001038,Inspection,30,Operating Hours,Monthly,No
MP00001039,EQ00001039,Corrective,30,Calendar Days,Monthly,Yes
MP00001040,EQ00001040,Predictive,90,Operating Hours,Annual,No
MP00001041,EQ00001041,Predictive,90,Calendar Days,Annual,Yes
MP00001042,EQ00001042,Calibration,14,Calendar Days,Quarterly,Yes
MP00001043,EQ00001043,Corrective,7,Calendar Days,Monthly,Yes
MP00001044,EQ00001044,Preventive,180,Calendar Days,Monthly,No
MP00001045,EQ00001045,Calibration,7,Operating Hours,Half-Yearly,Yes
MP00001046,EQ00001046,Calibration,7,Calendar Days,Monthly,Yes
MP00001047,EQ00001047,Corrective,365,Calendar Days,Quarterly,Yes
MP00001048,EQ00001048,Preventive,365,Operating Hours,Annual,Yes
MP00001049,EQ00001049,Corrective,90,Calendar Days,Annual,No
MP00001050,EQ00001050,Corrective,30,Operating Hours,Quarterly,Yes
MP00001051,EQ00001051,Inspection,90,Calendar Days,Quarterly,Yes
MP00001052,EQ00001052,Predictive,90,Operating Hours,Monthly,No
MP00001053,EQ00001053,Predictive,30,Calendar Days,Annual,No
MP00001054,EQ00001054,Predictive,180,Calendar Days,Annual,No
MP00001055,EQ00001055,Calibration,90,Operating Hours,Annual,Yes
MP00001056,EQ00001056,Calibration,180,Calendar Days,Quarterly,Yes
MP00001057,EQ00001057,Inspection,30,Operating Hours,Quarterly,No
MP00001058,EQ00001058,Preventive,180,Calendar Days,Quarterly,No
MP00001059,EQ00001059,Corrective,7,Operating Hours,Monthly,Yes
MP00001060,EQ00001060,Inspection,180,Calendar Days,Quarterly,Yes
MP00001061,EQ00001061,Calibration,365,Operating Hours,Annual,Yes
MP00001062,EQ00001062,Preventive,90,Operating Hours,Quarterly,No
MP00001063,EQ00001063,Corrective,90,Calendar Days,Monthly,Yes
MP00001064,EQ00001064,Preventive,30,Calendar Days,Annual,Yes
MP00001065,EQ00001065,Inspection,90,Operating Hours,Annual,Yes
MP00001066,EQ00001066,Inspection,14,Operating Hours,Monthly,No
MP00001067,EQ00001067,Predictive,180,Operating Hours,Annual,Yes
MP00001068,EQ00001068,Predictive,90,Operating Hours,Quarterly,No
MP00001069,EQ00001069,Predictive,90,Operating Hours,Monthly,Yes
MP00001070,EQ00001070,Calibration,180,Calendar Days,Monthly,Yes
MP00001071,EQ00001071,Inspection,7,Calendar Days,Quarterly,Yes
MP00001072,EQ00001072,Inspection,7,Calendar Days,Half-Yearly,Yes
MP00001073,EQ00001073,Calibration,180,Operating Hours,Quarterly,Yes
MP00001074,EQ00001074,Corrective,365,Operating Hours,Monthly,Yes
MP00001075,EQ00001075,Corrective,14,Operating Hours,Quarterly,Yes
MP00001076,EQ00001076,Inspection,180,Operating Hours,Annual,Yes
MP00001077,EQ00001077,Corrective,30,Operating Hours,Annual,No
MP00001078,EQ00001078,Corrective,365,Operating Hours,Monthly,Yes
MP00001079,EQ00001079,Corrective,14,Calendar Days,Monthly,Yes
MP00001080,EQ00001080,Preventive,14,Calendar Days,Quarterly,Yes
MP00001081,EQ00001081,Preventive,14,Calendar Days,Half-Yearly,Yes
MP00001082,EQ00001082,Preventive,90,Calendar Days,Half-Yearly,No
MP00001083,EQ00001083,Corrective,180,Calendar Days,Half-Yearly,No
MP00001084,EQ00001084,Predictive,14,Calendar Days,Monthly,No
MP00001085,EQ00001085,Inspection,180,Operating Hours,Quarterly,No
MP00001086,EQ00001086,Inspection,180,Calendar Days,Half-Yearly,Yes
MP00001087,EQ00001087,Preventive,365,Operating Hours,Annual,Yes
MP00001088,EQ00001088,Inspection,14,Operating Hours,Half-Yearly,No
MP00001089,EQ00001089,Preventive,180,Operating Hours,Annual,Yes
MP00001090,EQ00001090,Preventive,365,Calendar Days,Monthly,No
MP00001091,EQ00001091,Corrective,180,Operating Hours,Quarterly,Yes
MP00001092,EQ00001092,Predictive,90,Calendar Days,Monthly,Yes
MP00001093,EQ00001093,Predictive,30,Calendar Days,Monthly,Yes
MP00001094,EQ00001094,Corrective,30,Operating Hours,Annual,No
MP00001095,EQ00001095,Corrective,90,Calendar Days,Annual,No
MP00001096,EQ00001096,Inspection,90,Operating Hours,Annual,Yes
MP00001097,EQ00001097,Preventive,14,Calendar Days,Annual,No
MP00001098,EQ00001098,Corrective,180,Calendar Days,Monthly,No
MP00001099,EQ00001099,Corrective,30,Operating Hours,Annual,No
MP00001100,EQ00001100,Calibration,90,Operating Hours,Half-Yearly,Yes
MP00001101,EQ00001101,Calibration,14,Operating Hours,Quarterly,Yes
MP00001102,EQ00001102,Predictive,90,Calendar Days,Quarterly,Yes
MP00001103,EQ00001103,Preventive,14,Operating Hours,Monthly,Yes
MP00001104,EQ00001104,Preventive,30,Calendar Days,Quarterly,Yes
MP00001105,EQ00001105,Predictive,7,Operating Hours,Quarterly,Yes
MP00001106,EQ00001106,Calibration,90,Calendar Days,Half-Yearly,Yes
MP00001107,EQ00001107,Inspection,365,Operating Hours,Monthly,Yes
MP00001108,EQ00001108,Predictive,180,Calendar Days,Monthly,No
MP00001109,EQ00001109,Calibration,365,Operating Hours,Monthly,Yes
MP00001110,EQ00001110,Corrective,30,Calendar Days,Half-Yearly,No
MP00001111,EQ00001111,Calibration,365,Operating Hours,Annual,Yes
MP00001112,EQ00001112,Inspection,365,Calendar Days,Quarterly,Yes
MP00001113,EQ00001113,Calibration,365,Calendar Days,Monthly,No
MP00001114,EQ00001114,Preventive,180,Operating Hours,Quarterly,Yes
MP00001115,EQ00001115,Inspection,90,Operating Hours,Quarterly,Yes
MP00001116,EQ00001116,Inspection,365,Operating Hours,Half-Yearly,Yes
MP00001117,EQ00001117,Corrective,180,Calendar Days,Half-Yearly,Yes
MP00001118,EQ00001118,Preventive,180,Calendar Days,Half-Yearly,Yes
MP00001119,EQ00001119,Preventive,90,Calendar Days,Annual,Yes
MP00001120,EQ00001120,Inspection,30,Operating Hours,Monthly,Yes
MP00001121,EQ00001121,Calibration,180,Calendar Days,Quarterly,No
MP00001122,EQ00001122,Calibration,180,Calendar Days,Quarterly,Yes
MP00001123,EQ00001123,Inspection,365,Calendar Days,Monthly,Yes
MP00001124,EQ00001124,Calibration,30,Calendar Days,Half-Yearly,Yes
MP00001125,EQ00001125,Preventive,7,Operating Hours,Quarterly,Yes
MP00001126,EQ00001126,Corrective,90,Operating Hours,Annual,Yes
MP00001127,EQ00001127,Inspection,7,Operating Hours,Quarterly,Yes
MP00001128,EQ00001128,Preventive,90,Calendar Days,Annual,Yes
MP00001129,EQ00001129,Preventive,365,Operating Hours,Annual,Yes
MP00001130,EQ00001130,Corrective,90,Calendar Days,Half-Yearly,No
MP00001131,EQ00001131,Inspection,7,Operating Hours,Annual,Yes
MP00001132,EQ00001132,Inspection,14,Operating Hours,Monthly,Yes
MP00001133,EQ00001133,Predictive,30,Operating Hours,Half-Yearly,No
MP00001134,EQ00001134,Predictive,30,Calendar Days,Half-Yearly,Yes
MP00001135,EQ00001135,Corrective,14,Calendar Days,Half-Yearly,Yes
MP00001136,EQ00001136,Preventive,90,Calendar Days,Quarterly,No
MP00001137,EQ00001137,Preventive,365,Operating Hours,Annual,Yes
MP00001138,EQ00001138,Inspection,90,Operating Hours,Half-Yearly,Yes
MP00001139,EQ00001139,Inspection,365,Operating Hours,Half-Yearly,Yes
MP00001140,EQ00001140,Preventive,30,Calendar Days,Annual,Yes
MP00001141,EQ00001141,Predictive,90,Calendar Days,Annual,Yes
MP00001142,EQ00001142,Calibration,30,Operating Hours,Quarterly,Yes
MP00001143,EQ00001143,Predictive,30,Operating Hours,Half-Yearly,Yes
MP00001144,EQ00001144,Calibration,90,Calendar Days,Annual,Yes
MP00001145,EQ00001145,Preventive,14,Operating Hours,Half-Yearly,No
MP00001146,EQ00001146,Corrective,180,Calendar Days,Quarterly,Yes
MP00001147,EQ00001147,Preventive,180,Calendar Days,Quarterly,Yes
MP00001148,EQ00001148,Predictive,365,Operating Hours,Monthly,No
MP00001149,EQ00001149,Preventive,365,Calendar Days,Annual,Yes
MP00001150,EQ00001150,Preventive,30,Calendar Days,Monthly,No
MP00001151,EQ00001151,Preventive,180,Calendar Days,Annual,No
MP00001152,EQ00001152,Corrective,365,Calendar Days,Quarterly,Yes
MP00001153,EQ00001153,Corrective,365,Calendar Days,Annual,Yes
MP00001154,EQ00001154,Predictive,365,Calendar Days,Half-Yearly,Yes
MP00001155,EQ00001155,Predictive,365,Operating Hours,Half-Yearly,Yes
MP00001156,EQ00001156,Inspection,7,Operating Hours,Monthly,Yes
MP00001157,EQ00001157,Inspection,30,Operating Hours,Quarterly,No
MP00001158,EQ00001158,Preventive,365,Calendar Days,Half-Yearly,No
MP00001159,EQ00001159,Predictive,30,Operating Hours,Annual,No
MP00001160,EQ00001160,Preventive,365,Calendar Days,Annual,No
MP00001161,EQ00001161,Preventive,30,Calendar Days,Quarterly,Yes
MP00001162,EQ00001162,Preventive,365,Operating Hours,Quarterly,Yes
MP00001163,EQ00001163,Predictive,365,Calendar Days,Quarterly,Yes
MP00001164,EQ00001164,Inspection,90,Calendar Days,Quarterly,No
MP00001165,EQ00001165,Inspection,365,Operating Hours,Monthly,Yes
MP00001166,EQ00001166,Calibration,30,Calendar Days,Quarterly,No
MP00001167,EQ00001167,Corrective,14,Operating Hours,Annual,No
MP00001168,EQ00001168,Predictive,90,Operating Hours,Quarterly,No
MP00001169,EQ00001169,Calibration,365,Calendar Days,Annual,Yes
MP00001170,EQ00001170,Preventive,30,Operating Hours,Quarterly,No
MP00001171,EQ00001171,Preventive,14,Operating Hours,Half-Yearly,No
MP00001172,EQ00001172,Inspection,180,Calendar Days,Monthly,Yes
MP00001173,EQ00001173,Preventive,180,Calendar Days,Half-Yearly,Yes
MP00001174,EQ00001174,Predictive,7,Calendar Days,Monthly,Yes
MP00001175,EQ00001175,Preventive,30,Operating Hours,Quarterly,Yes
MP00001176,EQ00001176,Calibration,90,Calendar Days,Annual,Yes
MP00001177,EQ00001177,Inspection,90,Operating Hours,Half-Yearly,No
MP00001178,EQ00001178,Preventive,30,Operating Hours,Monthly,Yes
MP00001179,EQ00001179,Corrective,180,Operating Hours,Annual,Yes
MP00001180,EQ00001180,Inspection,90,Calendar Days,Quarterly,No
MP00001181,EQ00001181,Calibration,30,Operating Hours,Half-Yearly,Yes
MP00001182,EQ00001182,Preventive,180,Calendar Days,Monthly,No
MP00001183,EQ00001183,Corrective,180,Calendar Days,Annual,No
MP00001184,EQ00001184,Corrective,180,Calendar Days,Half-Yearly,Yes
MP00001185,EQ00001185,Corrective,180,Operating Hours,Annual,Yes
MP00001186,EQ00001186,Calibration,365,Operating Hours,Monthly,Yes
MP00001187,EQ00001187,Calibration,365,Operating Hours,Annual,Yes
MP00001188,EQ00001188,Calibration,180,Operating Hours,Monthly,Yes
MP00001189,EQ00001189,Calibration,30,Operating Hours,Half-Yearly,Yes
MP00001190,EQ00001190,Preventive,7,Calendar Days,Monthly,Yes
MP00001191,EQ00001191,Preventive,365,Operating Hours,Monthly,Yes
MP00001192,EQ00001192,Preventive,180,Operating Hours,Annual,Yes
MP00001193,EQ00001193,Preventive,30,Operating Hours,Half-Yearly,Yes
MP00001194,EQ00001194,Corrective,365,Operating Hours,Half-Yearly,No
MP00001195,EQ00001195,Corrective,14,Operating Hours,Annual,Yes
MP00001196,EQ00001196,Calibration,7,Operating Hours,Annual,Yes
MP00001197,EQ00001197,Predictive,30,Operating Hours,Monthly,Yes
MP00001198,EQ00001198,Inspection,90,Calendar Days,Annual,No
MP00001199,EQ00001199,Predictive,90,Operating Hours,Quarterly,Yes
MP00001200,EQ00001200,Preventive,180,Operating Hours,Monthly,No
MP00001201,EQ00001201,Corrective,30,Operating Hours,Monthly,No
MP00001202,EQ00001202,Corrective,30,Operating Hours,Quarterly,Yes
MP00001203,EQ00001203,Calibration,180,Operating Hours,Half-Yearly,Yes
MP00001204,EQ00001204,Preventive,90,Operating Hours,Quarterly,No
MP00001205,EQ00001205,Corrective,30,Calendar Days,Half-Yearly,Yes
MP00001206,EQ00001206,Corrective,30,Calendar Days,Quarterly,Yes
MP00001207,EQ00001207,Preventive,14,Operating Hours,Monthly,No
MP00001208,EQ00001208,Calibration,30,Calendar Days,Quarterly,No
MP00001209,EQ00001209,Inspection,14,Operating Hours,Annual,No
MP00001210,EQ00001210,Predictive,30,Calendar Days,Monthly,No
MP00001211,EQ00001211,Preventive,365,Operating Hours,Quarterly,Yes
MP00001212,EQ00001212,Inspection,30,Calendar Days,Monthly,No
MP00001213,EQ00001213,Predictive,180,Operating Hours,Annual,Yes
MP00001214,EQ00001214,Preventive,90,Calendar Days,Quarterly,No
MP00001215,EQ00001215,Preventive,14,Operating Hours,Half-Yearly,No
MP00001216,EQ00001216,Calibration,365,Operating Hours,Monthly,Yes
MP00001217,EQ00001217,Calibration,90,Operating Hours,Annual,Yes
MP00001218,EQ00001218,Calibration,90,Calendar Days,Monthly,No
MP00001219,EQ00001219,Corrective,365,Calendar Days,Monthly,Yes
MP00001220,EQ00001220,Corrective,180,Operating Hours,Annual,Yes
MP00001221,EQ00001221,Preventive,365,Calendar Days,Annual,Yes
MP00001222,EQ00001222,Preventive,180,Operating Hours,Quarterly,No
MP00001223,EQ00001223,Inspection,7,Calendar Days,Half-Yearly,Yes
MP00001224,EQ00001224,Corrective,7,Operating Hours,Annual,Yes
MP00001225,EQ00001225,Preventive,180,Operating Hours,Monthly,Yes
MP00001226,EQ00001226,Preventive,14,Operating Hours,Monthly,No
MP00001227,EQ00001227,Calibration,30,Calendar Days,Annual,Yes
MP00001228,EQ00001228,Preventive,90,Operating Hours,Annual,Yes
MP00001229,EQ00001229,Corrective,90,Calendar Days,Quarterly,Yes
MP00001230,EQ00001230,Preventive,90,Operating Hours,Monthly,Yes
MP00001231,EQ00001231,Corrective,90,Calendar Days,Half-Yearly,No
MP00001232,EQ00001232,Predictive,30,Operating Hours,Quarterly,Yes
MP00001233,EQ00001233,Corrective,180,Calendar Days,Half-Yearly,Yes
MP00001234,EQ00001234,Preventive,7,Calendar Days,Monthly,Yes
MP00001235,EQ00001235,Preventive,180,Calendar Days,Half-Yearly,Yes
MP00001236,EQ00001236,Predictive,180,Operating Hours,Monthly,Yes
MP00001237,EQ00001237,Calibration,180,Calendar Days,Half-Yearly,Yes
MP00001238,EQ00001238,Preventive,180,Calendar Days,Monthly,Yes
MP00001239,EQ00001239,Preventive,180,Calendar Days,Monthly,Yes
MP00001240,EQ00001240,Predictive,180,Operating Hours,Monthly,Yes
MP00001241,EQ00001241,Preventive,90,Operating Hours,Monthly,No
MP00001242,EQ00001242,Inspection,90,Calendar Days,Annual,Yes
MP00001243,EQ00001243,Inspection,30,Calendar Days,Half-Yearly,Yes
MP00001244,EQ00001244,Predictive,14,Operating Hours,Annual,Yes
MP00001245,EQ00001245,Calibration,90,Operating Hours,Annual,No
MP00001246,EQ00001246,Predictive,90,Calendar Days,Annual,No
MP00001247,EQ00001247,Preventive,90,Operating Hours,Half-Yearly,Yes
MP00001248,EQ00001248,Preventive,90,Operating Hours,Annual,No
MP00001249,EQ00001249,Predictive,180,Calendar Days,Half-Yearly,Yes
MP00001250,EQ00001250,Inspection,180,Operating Hours,Quarterly,Yes
MP00001251,EQ00001251,Corrective,30,Operating Hours,Monthly,Yes
MP00001252,EQ00001252,Inspection,90,Operating Hours,Half-Yearly,No
MP00001253,EQ00001253,Predictive,180,Operating Hours,Annual,Yes
MP00001254,EQ00001254,Predictive,180,Operating Hours,Annual,Yes
MP00001255,EQ00001255,Preventive,14,Operating Hours,Quarterly,Yes
MP00001256,EQ00001256,Preventive,365,Operating Hours,Half-Yearly,Yes
MP00001257,EQ00001257,Corrective,14,Calendar Days,Half-Yearly,No
MP00001258,EQ00001258,Calibration,365,Calendar Days,Monthly,Yes
MP00001259,EQ00001259,Predictive,365,Operating Hours,Annual,Yes
MP00001260,EQ00001260,Calibration,365,Calendar Days,Quarterly,No
MP00001261,EQ00001261,Inspection,30,Calendar Days,Monthly,Yes
MP00001262,EQ00001262,Preventive,365,Operating Hours,Monthly,Yes
MP00001263,EQ00001263,Calibration,7,Calendar Days,Half-Yearly,Yes
MP00001264,EQ00001264,Inspection,90,Operating Hours,Half-Yearly,No
MP00001265,EQ00001265,Corrective,90,Calendar Days,Annual,Yes
MP00001266,EQ00001266,Inspection,180,Operating Hours,Half-Yearly,Yes
MP00001267,EQ00001267,Preventive,14,Calendar Days,Annual,No
MP00001268,EQ00001268,Predictive,30,Operating Hours,Annual,Yes
MP00001269,EQ00001269,Corrective,14,Calendar Days,Half-Yearly,Yes
MP00001270,EQ00001270,Inspection,30,Operating Hours,Monthly,Yes
MP00001271,EQ00001271,Corrective,180,Operating Hours,Quarterly,Yes
MP00001272,EQ00001272,Inspection,90,Calendar Days,Half-Yearly,Yes
MP00001273,EQ00001273,Predictive,14,Operating Hours,Half-Yearly,No
MP00001274,EQ00001274,Predictive,14,Calendar Days,Annual,No
MP00001275,EQ00001275,Inspection,180,Calendar Days,Half-Yearly,No
MP00001276,EQ00001276,Inspection,90,Operating Hours,Annual,Yes
MP00001277,EQ00001277,Calibration,365,Calendar Days,Annual,No
MP00001278,EQ00001278,Corrective,14,Operating Hours,Half-Yearly,No
MP00001279,EQ00001279,Preventive,365,Calendar Days,Half-Yearly,Yes
MP00001280,EQ00001280,Preventive,7,Operating Hours,Half-Yearly,Yes
MP00001281,EQ00001281,Corrective,180,Operating Hours,Monthly,Yes
MP00001282,EQ00001282,Predictive,30,Calendar Days,Annual,Yes
MP00001283,EQ00001283,Corrective,365,Calendar Days,Quarterly,No
MP00001284,EQ00001284,Preventive,365,Calendar Days,Quarterly,Yes
MP00001285,EQ00001285,Preventive,180,Calendar Days,Half-Yearly,Yes
MP00001286,EQ00001286,Corrective,30,Operating Hours,Annual,Yes
MP00001287,EQ00001287,Calibration,90,Operating Hours,Half-Yearly,Yes
MP00001288,EQ00001288,Calibration,90,Calendar Days,Annual,Yes
MP00001289,EQ00001289,Corrective,180,Calendar Days,Annual,Yes
MP00001290,EQ00001290,Inspection,90,Calendar Days,Monthly,Yes
MP00001291,EQ00001291,Predictive,30,Operating Hours,Quarterly,No
MP00001292,EQ00001292,Preventive,14,Operating Hours,Half-Yearly,Yes
MP00001293,EQ00001293,Inspection,14,Operating Hours,Annual,No
MP00001294,EQ00001294,Calibration,7,Operating Hours,Monthly,Yes
MP00001295,EQ00001295,Preventive,180,Operating Hours,Monthly,No
MP00001296,EQ00001296,Predictive,365,Calendar Days,Monthly,No
MP00001297,EQ00001297,Inspection,30,Calendar Days,Quarterly,Yes
MP00001298,EQ00001298,Preventive,90,Operating Hours,Half-Yearly,Yes
MP00001299,EQ00001299,Predictive,180,Calendar Days,Annual,No
MP00001300,EQ00001300,Preventive,90,Calendar Days,Annual,Yes
MP00001301,EQ00001301,Corrective,180,Operating Hours,Quarterly,Yes
MP00001302,EQ00001302,Inspection,365,Operating Hours,Quarterly,No
MP00001303,EQ00001303,Inspection,14,Calendar Days,Monthly,Yes
MP00001304,EQ00001304,Preventive,365,Operating Hours,Quarterly,Yes
MP00001305,EQ00001305,Inspection,7,Calendar Days,Half-Yearly,Yes
MP00001306,EQ00001306,Preventive,30,Operating Hours,Annual,Yes
MP00001307,EQ00001307,Calibration,7,Calendar Days,Half-Yearly,Yes
MP00001308,EQ00001308,Corrective,365,Calendar Days,Quarterly,Yes
MP00001309,EQ00001309,Predictive,90,Operating Hours,Annual,Yes
MP00001310,EQ00001310,Preventive,30,Calendar Days,Quarterly,Yes
MP00001311,EQ00001311,Predictive,30,Calendar Days,Monthly,No
MP00001312,EQ00001312,Preventive,90,Calendar Days,Half-Yearly,Yes
MP00001313,EQ00001313,Calibration,30,Operating Hours,Half-Yearly,Yes
MP00001314,EQ00001314,Corrective,7,Operating Hours,Annual,Yes
MP00001315,EQ00001315,Predictive,365,Calendar Days,Annual,Yes
MP00001316,EQ00001316,Inspection,30,Operating Hours,Half-Yearly,Yes
MP00001317,EQ00001317,Calibration,90,Calendar Days,Half-Yearly,No
MP00001318,EQ00001318,Preventive,365,Calendar Days,Annual,No
MP00001319,EQ00001319,Predictive,30,Operating Hours,Monthly,Yes
MP00001320,EQ00001320,Inspection,90,Calendar Days,Monthly,Yes
MP00001321,EQ00001321,Predictive,90,Operating Hours,Monthly,No
MP00001322,EQ00001322,Corrective,180,Calendar Days,Quarterly,Yes
MP00001323,EQ00001323,Preventive,30,Calendar Days,Annual,Yes
MP00001324,EQ00001324,Inspection,90,Operating Hours,Monthly,No
MP00001325,EQ00001325,Predictive,7,Operating Hours,Annual,Yes
MP00001326,EQ00001326,Preventive,90,Operating Hours,Annual,No
MP00001327,EQ00001327,Predictive,30,Operating Hours,Half-Yearly,Yes
MP00001328,EQ00001328,Predictive,90,Operating Hours,Half-Yearly,Yes
MP00001329,EQ00001329,Corrective,180,Operating Hours,Half-Yearly,Yes
MP00001330,EQ00001330,Predictive,30,Operating Hours,Quarterly,Yes
MP00001331,EQ00001331,Calibration,14,Operating Hours,Monthly,No
MP00001332,EQ00001332,Corrective,14,Operating Hours,Half-Yearly,Yes
MP00001333,EQ00001333,Calibration,180,Calendar Days,Monthly,Yes
MP00001334,EQ00001334,Predictive,90,Calendar Days,Quarterly,No
MP00001335,EQ00001335,Inspection,180,Calendar Days,Monthly,Yes
MP00001336,EQ00001336,Preventive,180,Calendar Days,Half-Yearly,Yes
MP00001337,EQ00001337,Inspection,90,Operating Hours,Annual,Yes
MP00001338,EQ00001338,Predictive,30,Operating Hours,Annual,No
MP00001339,EQ00001339,Predictive,90,Calendar Days,Monthly,Yes
MP00001340,EQ00001340,Inspection,365,Calendar Days,Quarterly,Yes
MP00001341,EQ00001341,Predictive,365,Calendar Days,Half-Yearly,Yes
MP00001342,EQ00001342,Inspection,365,Operating Hours,Quarterly,Yes
MP00001343,EQ00001343,Predictive,90,Operating Hours,Half-Yearly,No
MP00001344,EQ00001344,Predictive,14,Calendar Days,Half-Yearly,Yes
MP00001345,EQ00001345,Corrective,14,Operating Hours,Monthly,No
MP00001346,EQ00001346,Predictive,365,Operating Hours,Quarterly,Yes
MP00001347,EQ00001347,Inspection,90,Calendar Days,Monthly,No
MP00001348,EQ00001348,Corrective,30,Calendar Days,Annual,No
MP00001349,EQ00001349,Corrective,180,Calendar Days,Half-Yearly,No
MP00001350,EQ00001350,Predictive,180,Operating Hours,Annual,Yes
MP00001351,EQ00001351,Preventive,365,Operating Hours,Annual,Yes
MP00001352,EQ00001352,Preventive,365,Calendar Days,Annual,No
MP00001353,EQ00001353,Preventive,90,Calendar Days,Monthly,No
MP00001354,EQ00001354,Calibration,30,Operating Hours,Quarterly,Yes
MP00001355,EQ00001355,Inspection,365,Operating Hours,Quarterly,No
MP00001356,EQ00001356,Corrective,90,Calendar Days,Quarterly,Yes
MP00001357,EQ00001357,Corrective,90,Calendar Days,Monthly,No
MP00001358,EQ00001358,Preventive,365,Calendar Days,Monthly,No
MP00001359,EQ00001359,Predictive,365,Operating Hours,Half-Yearly,Yes
MP00001360,EQ00001360,Calibration,365,Calendar Days,Monthly,No
MP00001361,EQ00001361,Inspection,90,Operating Hours,Quarterly,Yes
MP00001362,EQ00001362,Inspection,365,Operating Hours,Half-Yearly,Yes
MP00001363,EQ00001363,Preventive,14,Calendar Days,Monthly,Yes
MP00001364,EQ00001364,Predictive,30,Calendar Days,Quarterly,Yes
MP00001365,EQ00001365,Inspection,30,Calendar Days,Quarterly,No
MP00001366,EQ00001366,Inspection,14,Operating Hours,Monthly,Yes
MP00001367,EQ00001367,Predictive,180,Operating Hours,Annual,Yes
MP00001368,EQ00001368,Calibration,180,Calendar Days,Annual,Yes
MP00001369,EQ00001369,Inspection,90,Operating Hours,Half-Yearly,No
MP00001370,EQ00001370,Preventive,90,Calendar Days,Monthly,No
MP00001371,EQ00001371,Preventive,180,Calendar Days,Annual,Yes
MP00001372,EQ00001372,Calibration,365,Calendar Days,Annual,Yes
MP00001373,EQ00001373,Calibration,365,Operating Hours,Monthly,No
MP00001374,EQ00001374,Preventive,90,Operating Hours,Monthly,Yes
MP00001375,EQ00001375,Predictive,180,Operating Hours,Monthly,Yes
MP00001376,EQ00001376,Preventive,90,Operating Hours,Annual,No
MP00001377,EQ00001377,Inspection,180,Calendar Days,Quarterly,Yes
MP00001378,EQ00001378,Inspection,14,Calendar Days,Monthly,No
MP00001379,EQ00001379,Preventive,365,Operating Hours,Annual,Yes
MP00001380,EQ00001380,Predictive,30,Operating Hours,Half-Yearly,Yes
MP00001381,EQ00001381,Preventive,30,Calendar Days,Annual,Yes
MP00001382,EQ00001382,Predictive,365,Calendar Days,Half-Yearly,No
MP00001383,EQ00001383,Inspection,7,Calendar Days,Half-Yearly,Yes
MP00001384,EQ00001384,Corrective,30,Operating Hours,Half-Yearly,No
MP00001385,EQ00001385,Corrective,180,Operating Hours,Monthly,Yes
MP00001386,EQ00001386,Preventive,365,Calendar Days,Quarterly,Yes
MP00001387,EQ00001387,Inspection,180,Calendar Days,Half-Yearly,Yes
MP00001388,EQ00001388,Calibration,365,Calendar Days,Quarterly,No
MP00001389,EQ00001389,Calibration,30,Calendar Days,Annual,Yes
MP00001390,EQ00001390,Corrective,365,Operating Hours,Monthly,Yes
MP00001391,EQ00001391,Inspection,90,Calendar Days,Monthly,No
MP00001392,EQ00001392,Calibration,180,Calendar Days,Quarterly,Yes
MP00001393,EQ00001393,Preventive,90,Calendar Days,Half-Yearly,No
MP00001394,EQ00001394,Inspection,180,Operating Hours,Half-Yearly,Yes
MP00001395,EQ00001395,Corrective,90,Calendar Days,Annual,No
MP00001396,EQ00001396,Corrective,365,Operating Hours,Quarterly,Yes
MP00001397,EQ00001397,Inspection,90,Calendar Days,Monthly,No
MP00001398,EQ00001398,Predictive,180,Operating Hours,Annual,No
MP00001399,EQ00001399,Preventive,30,Operating Hours,Monthly,Yes
MP00001400,EQ00001400,Predictive,180,Calendar Days,Half-Yearly,Yes
MP00001401,EQ00001401,Preventive,180,Operating Hours,Quarterly,Yes
MP00001402,EQ00001402,Corrective,180,Operating Hours,Annual,Yes
MP00001403,EQ00001403,Inspection,7,Calendar Days,Annual,Yes
MP00001404,EQ00001404,Inspection,14,Operating Hours,Annual,Yes
MP00001405,EQ00001405,Inspection,365,Calendar Days,Annual,Yes
MP00001406,EQ00001406,Inspection,365,Operating Hours,Annual,No
MP00001407,EQ00001407,Preventive,180,Calendar Days,Quarterly,Yes
MP00001408,EQ00001408,Corrective,180,Operating Hours,Annual,No
MP00001409,EQ00001409,Corrective,7,Calendar Days,Annual,Yes
MP00001410,EQ00001410,Corrective,180,Calendar Days,Annual,Yes
MP00001411,EQ00001411,Predictive,365,Calendar Days,Half-Yearly,No
MP00001412,EQ00001412,Calibration,90,Operating Hours,Half-Yearly,No
MP00001413,EQ00001413,Corrective,90,Operating Hours,Quarterly,Yes
MP00001414,EQ00001414,Inspection,7,Operating Hours,Annual,Yes
MP00001415,EQ00001415,Corrective,30,Calendar Days,Monthly,Yes
MP00001416,EQ00001416,Inspection,180,Operating Hours,Quarterly,Yes
MP00001417,EQ00001417,Calibration,180,Calendar Days,Annual,Yes
MP00001418,EQ00001418,Preventive,365,Operating Hours,Half-Yearly,Yes
MP00001419,EQ00001419,Inspection,90,Operating Hours,Half-Yearly,No
MP00001420,EQ00001420,Inspection,90,Operating Hours,Monthly,Yes
MP00001421,EQ00001421,Corrective,30,Operating Hours,Annual,Yes
MP00001422,EQ00001422,Predictive,30,Calendar Days,Quarterly,No
MP00001423,EQ00001423,Inspection,30,Calendar Days,Half-Yearly,Yes
MP00001424,EQ00001424,Predictive,365,Calendar Days,Annual,No
MP00001425,EQ00001425,Preventive,180,Operating Hours,Monthly,No
MP00001426,EQ00001426,Calibration,30,Calendar Days,Monthly,No
MP00001427,EQ00001427,Calibration,365,Calendar Days,Quarterly,Yes
MP00001428,EQ00001428,Inspection,30,Operating Hours,Quarterly,Yes
MP00001429,EQ00001429,Calibration,90,Operating Hours,Quarterly,No
MP00001430,EQ00001430,Predictive,7,Operating Hours,Half-Yearly,Yes
MP00001431,EQ00001431,Predictive,180,Operating Hours,Half-Yearly,Yes
MP00001432,EQ00001432,Predictive,30,Calendar Days,Half-Yearly,No
MP00001433,EQ00001433,Calibration,180,Calendar Days,Monthly,Yes
MP00001434,EQ00001434,Preventive,365,Operating Hours,Quarterly,Yes
MP00001435,EQ00001435,Inspection,30,Operating Hours,Monthly,Yes
MP00001436,EQ00001436,Predictive,365,Operating Hours,Half-Yearly,Yes
MP00001437,EQ00001437,Preventive,180,Calendar Days,Monthly,No
MP00001438,EQ00001438,Inspection,30,Calendar Days,Quarterly,Yes
MP00001439,EQ00001439,Corrective,14,Operating Hours,Quarterly,Yes
MP00001440,EQ00001440,Inspection,30,Calendar Days,Annual,Yes
MP00001441,EQ00001441,Predictive,7,Operating Hours,Half-Yearly,Yes
MP00001442,EQ00001442,Calibration,365,Operating Hours,Quarterly,No
MP00001443,EQ00001443,Predictive,30,Calendar Days,Quarterly,Yes
MP00001444,EQ00001444,Inspection,180,Calendar Days,Annual,Yes
MP00001445,EQ00001445,Calibration,90,Calendar Days,Annual,Yes
MP00001446,EQ00001446,Preventive,14,Calendar Days,Half-Yearly,No
MP00001447,EQ00001447,Predictive,7,Operating Hours,Annual,Yes
MP00001448,EQ00001448,Corrective,30,Calendar Days,Monthly,Yes
MP00001449,EQ00001449,Corrective,180,Operating Hours,Annual,No
MP00001450,EQ00001450,Predictive,14,Operating Hours,Monthly,Yes
MP00001451,EQ00001451,Preventive,180,Calendar Days,Annual,Yes
MP00001452,EQ00001452,Preventive,14,Operating Hours,Monthly,No
MP00001453,EQ00001453,Calibration,365,Operating Hours,Quarterly,No
MP00001454,EQ00001454,Predictive,90,Calendar Days,Quarterly,No
MP00001455,EQ00001455,Corrective,90,Calendar Days,Monthly,No
MP00001456,EQ00001456,Calibration,7,Operating Hours,Monthly,Yes
MP00001457,EQ00001457,Calibration,90,Calendar Days,Annual,Yes
MP00001458,EQ00001458,Predictive,365,Calendar Days,Monthly,No
MP00001459,EQ00001459,Predictive,90,Calendar Days,Quarterly,Yes
MP00001460,EQ00001460,Preventive,30,Calendar Days,Quarterly,Yes
MP00001461,EQ00001461,Preventive,90,Operating Hours,Monthly,Yes
MP00001462,EQ00001462,Corrective,365,Operating Hours,Quarterly,Yes
MP00001463,EQ00001463,Corrective,90,Calendar Days,Quarterly,No
MP00001464,EQ00001464,Predictive,7,Operating Hours,Quarterly,Yes
MP00001465,EQ00001465,Predictive,365,Calendar Days,Quarterly,Yes
MP00001466,EQ00001466,Inspection,90,Calendar Days,Half-Yearly,Yes
MP00001467,EQ00001467,Predictive,180,Calendar Days,Quarterly,Yes
MP00001468,EQ00001468,Preventive,365,Operating Hours,Monthly,Yes
MP00001469,EQ00001469,Corrective,365,Operating Hours,Half-Yearly,Yes
MP00001470,EQ00001470,Calibration,365,Operating Hours,Annual,Yes
MP00001471,EQ00001471,Predictive,7,Calendar Days,Half-Yearly,Yes
MP00001472,EQ00001472,Preventive,30,Calendar Days,Monthly,No
MP00001473,EQ00001473,Calibration,365,Operating Hours,Annual,Yes
MP00001474,EQ00001474,Calibration,30,Calendar Days,Half-Yearly,Yes
MP00001475,EQ00001475,Predictive,180,Calendar Days,Annual,Yes
MP00001476,EQ00001476,Preventive,365,Calendar Days,Quarterly,Yes
MP00001477,EQ00001477,Corrective,365,Calendar Days,Annual,No
MP00001478,EQ00001478,Calibration,180,Calendar Days,Annual,Yes
MP00001479,EQ00001479,Predictive,90,Operating Hours,Annual,Yes
MP00001480,EQ00001480,Corrective,180,Calendar Days,Half-Yearly,Yes
MP00001481,EQ00001481,Inspection,365,Calendar Days,Annual,No
MP00001482,EQ00001482,Preventive,30,Operating Hours,Monthly,Yes
MP00001483,EQ00001483,Predictive,90,Operating Hours,Monthly,Yes
MP00001484,EQ00001484,Predictive,7,Calendar Days,Half-Yearly,Yes
MP00001485,EQ00001485,Inspection,7,Calendar Days,Monthly,Yes
MP00001486,EQ00001486,Preventive,180,Calendar Days,Monthly,Yes
MP00001487,EQ00001487,Predictive,90,Operating Hours,Half-Yearly,Yes
MP00001488,EQ00001488,Calibration,14,Calendar Days,Monthly,Yes
MP00001489,EQ00001489,Preventive,365,Calendar Days,Half-Yearly,Yes
MP00001490,EQ00001490,Preventive,90,Calendar Days,Quarterly,Yes
MP00001491,EQ00001491,Corrective,30,Calendar Days,Quarterly,Yes
MP00001492,EQ00001492,Preventive,30,Calendar Days,Quarterly,Yes
MP00001493,EQ00001493,Predictive,180,Calendar Days,Annual,Yes
MP00001494,EQ00001494,Corrective,14,Operating Hours,Annual,No
MP00001495,EQ00001495,Calibration,180,Operating Hours,Annual,Yes
MP00001496,EQ00001496,Predictive,90,Operating Hours,Half-Yearly,Yes
MP00001497,EQ00001497,Corrective,14,Calendar Days,Half-Yearly,No
MP00001498,EQ00001498,Predictive,180,Operating Hours,Annual,Yes
MP00001499,EQ00001499,Calibration,180,Calendar Days,Monthly,Yes
MP00001500,EQ00001500,Calibration,7,Operating Hours,Half-Yearly,Yes
MP00001501,EQ00001501,Predictive,365,Calendar Days,Monthly,Yes
MP00001502,EQ00001502,Corrective,90,Calendar Days,Quarterly,Yes
MP00001503,EQ00001503,Corrective,90,Operating Hours,Annual,No
MP00001504,EQ00001504,Inspection,30,Operating Hours,Monthly,Yes
MP00001505,EQ00001505,Calibration,90,Operating Hours,Monthly,No
MP00001506,EQ00001506,Corrective,365,Operating Hours,Monthly,No
MP00001507,EQ00001507,Predictive,14,Operating Hours,Half-Yearly,No
MP00001508,EQ00001508,Inspection,365,Calendar Days,Annual,Yes
MP00001509,EQ00001509,Inspection,90,Calendar Days,Quarterly,Yes
MP00001510,EQ00001510,Preventive,365,Calendar Days,Annual,Yes
MP00001511,EQ00001511,Calibration,90,Operating Hours,Annual,Yes
MP00001512,EQ00001512,Calibration,30,Calendar Days,Annual,No
MP00001513,EQ00001513,Preventive,30,Calendar Days,Quarterly,Yes
MP00001514,EQ00001514,Inspection,14,Calendar Days,Monthly,Yes
MP00001515,EQ00001515,Corrective,180,Calendar Days,Quarterly,Yes
MP00001516,EQ00001516,Calibration,180,Calendar Days,Half-Yearly,Yes
MP00001517,EQ00001517,Calibration,90,Operating Hours,Half-Yearly,Yes
MP00001518,EQ00001518,Calibration,14,Calendar Days,Annual,No
MP00001519,EQ00001519,Corrective,365,Calendar Days,Annual,Yes
MP00001520,EQ00001520,Calibration,30,Operating Hours,Quarterly,Yes
MP00001521,EQ00001521,Preventive,30,Calendar Days,Annual,Yes
MP00001522,EQ00001522,Preventive,180,Calendar Days,Half-Yearly,Yes
MP00001523,EQ00001523,Preventive,365,Calendar Days,Quarterly,Yes
MP00001524,EQ00001524,Corrective,180,Calendar Days,Quarterly,Yes
MP00001525,EQ00001525,Calibration,365,Calendar Days,Quarterly,Yes
MP00001526,EQ00001526,Inspection,180,Operating Hours,Annual,Yes
MP00001527,EQ00001527,Predictive,365,Calendar Days,Monthly,Yes
MP00001528,EQ00001528,Calibration,30,Calendar Days,Annual,Yes
MP00001529,EQ00001529,Calibration,30,Operating Hours,Half-Yearly,Yes
MP00001530,EQ00001530,Calibration,14,Operating Hours,Half-Yearly,No
MP00001531,EQ00001531,Calibration,7,Calendar Days,Half-Yearly,Yes
MP00001532,EQ00001532,Calibration,30,Calendar Days,Half-Yearly,No
MP00001533,EQ00001533,Inspection,180,Calendar Days,Quarterly,Yes
MP00001534,EQ00001534,Corrective,7,Calendar Days,Half-Yearly,Yes
MP00001535,EQ00001535,Predictive,30,Operating Hours,Half-Yearly,Yes
MP00001536,EQ00001536,Predictive,365,Calendar Days,Monthly,No
MP00001537,EQ00001537,Calibration,180,Calendar Days,Annual,No
MP00001538,EQ00001538,Corrective,90,Operating Hours,Half-Yearly,Yes
MP00001539,EQ00001539,Inspection,7,Operating Hours,Annual,Yes
MP00001540,EQ00001540,Calibration,180,Operating Hours,Half-Yearly,Yes
MP00001541,EQ00001541,Corrective,30,Operating Hours,Monthly,Yes
MP00001542,EQ00001542,Calibration,180,Operating Hours,Quarterly,Yes
MP00001543,EQ00001543,Calibration,7,Operating Hours,Quarterly,Yes
MP00001544,EQ00001544,Corrective,90,Calendar Days,Monthly,No
MP00001545,EQ00001545,Inspection,365,Operating Hours,Annual,Yes
MP00001546,EQ00001546,Inspection,180,Calendar Days,Half-Yearly,Yes
MP00001547,EQ00001547,Preventive,90,Operating Hours,Half-Yearly,Yes
MP00001548,EQ00001548,Corrective,90,Operating Hours,Half-Yearly,Yes
MP00001549,EQ00001549,Predictive,365,Calendar Days,Monthly,No
MP00001550,EQ00001550,Preventive,365,Operating Hours,Monthly,No
MP00001551,EQ00001551,Predictive,180,Operating Hours,Annual,Yes
MP00001552,EQ00001552,Calibration,365,Operating Hours,Annual,Yes
MP00001553,EQ00001553,Corrective,30,Calendar Days,Quarterly,Yes
MP00001554,EQ00001554,Predictive,365,Operating Hours,Half-Yearly,Yes
MP00001555,EQ00001555,Calibration,30,Operating Hours,Monthly,Yes
MP00001556,EQ00001556,Calibration,365,Operating Hours,Half-Yearly,Yes
MP00001557,EQ00001557,Inspection,7,Operating Hours,Monthly,Yes
MP00001558,EQ00001558,Preventive,90,Operating Hours,Annual,Yes
MP00001559,EQ00001559,Calibration,30,Calendar Days,Quarterly,Yes
MP00001560,EQ00001560,Inspection,365,Operating Hours,Quarterly,No
MP00001561,EQ00001561,Inspection,180,Calendar Days,Monthly,Yes
MP00001562,EQ00001562,Preventive,14,Operating Hours,Half-Yearly,Yes
MP00001563,EQ00001563,Corrective,180,Operating Hours,Annual,No
MP00001564,EQ00001564,Inspection,30,Calendar Days,Half-Yearly,Yes
MP00001565,EQ00001565,Preventive,365,Operating Hours,Quarterly,Yes
MP00001566,EQ00001566,Inspection,180,Calendar Days,Half-Yearly,No
MP00001567,EQ00001567,Calibration,365,Calendar Days,Quarterly,Yes
MP00001568,EQ00001568,Corrective,7,Calendar Days,Monthly,Yes
MP00001569,EQ00001569,Calibration,90,Calendar Days,Quarterly,Yes
MP00001570,EQ00001570,Preventive,90,Calendar Days,Annual,No
MP00001571,EQ00001571,Corrective,90,Operating Hours,Quarterly,No
MP00001572,EQ00001572,Preventive,30,Calendar Days,Monthly,No
MP00001573,EQ00001573,Inspection,14,Calendar Days,Monthly,No
MP00001574,EQ00001574,Inspection,30,Operating Hours,Monthly,Yes
MP00001575,EQ00001575,Predictive,90,Calendar Days,Quarterly,Yes
MP00001576,EQ00001576,Inspection,7,Calendar Days,Monthly,Yes
MP00001577,EQ00001577,Corrective,30,Calendar Days,Monthly,No
MP00001578,EQ00001578,Preventive,7,Calendar Days,Half-Yearly,Yes
MP00001579,EQ00001579,Predictive,90,Operating Hours,Annual,Yes
MP00001580,EQ00001580,Preventive,180,Operating Hours,Half-Yearly,Yes
MP00001581,EQ00001581,Inspection,365,Calendar Days,Half-Yearly,No
MP00001582,EQ00001582,Preventive,30,Operating Hours,Half-Yearly,Yes
MP00001583,EQ00001583,Calibration,180,Operating Hours,Quarterly,Yes
MP00001584,EQ00001584,Corrective,365,Calendar Days,Annual,Yes
MP00001585,EQ00001585,Inspection,7,Calendar Days,Quarterly,Yes
MP00001586,EQ00001586,Inspection,180,Calendar Days,Annual,No
MP00001587,EQ00001587,Inspection,90,Calendar Days,Half-Yearly,Yes
MP00001588,EQ00001588,Calibration,180,Operating Hours,Half-Yearly,Yes
MP00001589,EQ00001589,Corrective,365,Calendar Days,Quarterly,Yes
MP00001590,EQ00001590,Predictive,7,Operating Hours,Half-Yearly,Yes
MP00001591,EQ00001591,Inspection,365,Calendar Days,Quarterly,Yes
MP00001592,EQ00001592,Predictive,365,Calendar Days,Annual,Yes
MP00001593,EQ00001593,Corrective,180,Calendar Days,Half-Yearly,Yes
MP00001594,EQ00001594,Corrective,365,Calendar Days,Quarterly,Yes
MP00001595,EQ00001595,Corrective,90,Operating Hours,Half-Yearly,Yes
MP00001596,EQ00001596,Calibration,180,Operating Hours,Quarterly,Yes
MP00001597,EQ00001597,Predictive,30,Calendar Days,Quarterly,Yes
MP00001598,EQ00001598,Inspection,365,Calendar Days,Monthly,Yes
MP00001599,EQ00001599,Corrective,180,Operating Hours,Annual,No
MP00001600,EQ00001600,Preventive,30,Operating Hours,Quarterly,Yes
MP00001601,EQ00001601,Predictive,90,Operating Hours,Quarterly,Yes
MP00001602,EQ00001602,Corrective,90,Operating Hours,Quarterly,Yes
MP00001603,EQ00001603,Inspection,14,Operating Hours,Annual,No
MP00001604,EQ00001604,Corrective,365,Operating Hours,Monthly,Yes
MP00001605,EQ00001605,Corrective,365,Operating Hours,Annual,Yes
MP00001606,EQ00001606,Corrective,14,Calendar Days,Monthly,No
MP00001607,EQ00001607,Inspection,30,Calendar Days,Annual,Yes
MP00001608,EQ00001608,Predictive,90,Operating Hours,Quarterly,Yes
MP00001609,EQ00001609,Predictive,90,Calendar Days,Half-Yearly,Yes
MP00001610,EQ00001610,Predictive,180,Calendar Days,Monthly,Yes
MP00001611,EQ00001611,Inspection,30,Operating Hours,Annual,No
MP00001612,EQ00001612,Corrective,90,Calendar Days,Quarterly,No
MP00001613,EQ00001613,Preventive,14,Calendar Days,Monthly,No
MP00001614,EQ00001614,Inspection,180,Calendar Days,Monthly,Yes
MP00001615,EQ00001615,Corrective,365,Calendar Days,Monthly,Yes
MP00001616,EQ00001616,Preventive,7,Calendar Days,Monthly,Yes
MP00001617,EQ00001617,Preventive,365,Calendar Days,Monthly,Yes
MP00001618,EQ00001618,Predictive,90,Calendar Days,Quarterly,Yes
MP00001619,EQ00001619,Calibration,14,Calendar Days,Monthly,Yes
MP00001620,EQ00001620,Preventive,90,Operating Hours,Monthly,Yes
MP00001621,EQ00001621,Inspection,30,Calendar Days,Monthly,No
MP00001622,EQ00001622,Corrective,14,Operating Hours,Monthly,Yes
MP00001623,EQ00001623,Inspection,30,Operating Hours,Annual,Yes
MP00001624,EQ00001624,Inspection,90,Calendar Days,Half-Yearly,Yes
MP00001625,EQ00001625,Preventive,30,Operating Hours,Annual,Yes
MP00001626,EQ00001626,Predictive,90,Calendar Days,Quarterly,Yes
MP00001627,EQ00001627,Preventive,180,Calendar Days,Annual,Yes
MP00001628,EQ00001628,Preventive,30,Operating Hours,Half-Yearly,Yes
MP00001629,EQ00001629,Inspection,365,Operating Hours,Monthly,No
MP00001630,EQ00001630,Inspection,90,Operating Hours,Half-Yearly,Yes
MP00001631,EQ00001631,Inspection,7,Calendar Days,Half-Yearly,Yes
MP00001632,EQ00001632,Corrective,30,Calendar Days,Annual,No
MP00001633,EQ00001633,Corrective,365,Operating Hours,Monthly,Yes
MP00001634,EQ00001634,Predictive,90,Operating Hours,Annual,Yes
MP00001635,EQ00001635,Corrective,30,Operating Hours,Monthly,Yes
MP00001636,EQ00001636,Predictive,365,Operating Hours,Quarterly,Yes
MP00001637,EQ00001637,Calibration,7,Operating Hours,Quarterly,Yes
MP00001638,EQ00001638,Predictive,14,Operating Hours,Half-Yearly,No
MP00001639,EQ00001639,Preventive,365,Operating Hours,Annual,Yes
MP00001640,EQ00001640,Predictive,14,Calendar Days,Annual,No
MP00001641,EQ00001641,Predictive,90,Calendar Days,Monthly,No
MP00001642,EQ00001642,Calibration,90,Calendar Days,Annual,Yes
MP00001643,EQ00001643,Predictive,30,Calendar Days,Monthly,Yes
MP00001644,EQ00001644,Calibration,90,Operating Hours,Monthly,Yes
MP00001645,EQ00001645,Corrective,180,Calendar Days,Annual,Yes
MP00001646,EQ00001646,Inspection,180,Calendar Days,Annual,No
MP00001647,EQ00001647,Calibration,30,Calendar Days,Quarterly,No
MP00001648,EQ00001648,Corrective,365,Operating Hours,Half-Yearly,Yes
MP00001649,EQ00001649,Calibration,365,Calendar Days,Half-Yearly,Yes
MP00001650,EQ00001650,Corrective,365,Calendar Days,Monthly,No
MP00001651,EQ00001651,Inspection,180,Calendar Days,Monthly,Yes
MP00001652,EQ00001652,Inspection,14,Operating Hours,Annual,Yes
MP00001653,EQ00001653,Predictive,30,Calendar Days,Annual,Yes
MP00001654,EQ00001654,Inspection,180,Operating Hours,Half-Yearly,Yes
MP00001655,EQ00001655,Inspection,30,Calendar Days,Monthly,Yes
MP00001656,EQ00001656,Inspection,90,Operating Hours,Quarterly,Yes
MP00001657,EQ00001657,Predictive,7,Calendar Days,Monthly,Yes
MP00001658,EQ00001658,Corrective,180,Calendar Days,Half-Yearly,No
MP00001659,EQ00001659,Inspection,30,Operating Hours,Quarterly,Yes
MP00001660,EQ00001660,Inspection,14,Calendar Days,Annual,Yes
MP00001661,EQ00001661,Preventive,30,Operating Hours,Quarterly,Yes
MP00001662,EQ00001662,Inspection,90,Calendar Days,Quarterly,Yes
MP00001663,EQ00001663,Predictive,7,Calendar Days,Half-Yearly,Yes
MP00001664,EQ00001664,Corrective,90,Calendar Days,Quarterly,No
MP00001665,EQ00001665,Inspection,90,Operating Hours,Monthly,Yes
MP00001666,EQ00001666,Calibration,7,Calendar Days,Annual,Yes
MP00001667,EQ00001667,Inspection,7,Operating Hours,Annual,Yes
MP00001668,EQ00001668,Corrective,30,Calendar Days,Half-Yearly,Yes
MP00001669,EQ00001669,Preventive,30,Operating Hours,Monthly,Yes
MP00001670,EQ00001670,Inspection,90,Operating Hours,Annual,Yes
MP00001671,EQ00001671,Predictive,90,Calendar Days,Monthly,Yes
MP00001672,EQ00001672,Corrective,30,Calendar Days,Monthly,Yes
MP00001673,EQ00001673,Corrective,180,Calendar Days,Monthly,Yes
MP00001674,EQ00001674,Calibration,90,Operating Hours,Quarterly,Yes
MP00001675,EQ00001675,Preventive,7,Operating Hours,Half-Yearly,Yes
MP00001676,EQ00001676,Inspection,30,Operating Hours,Quarterly,No
MP00001677,EQ00001677,Predictive,180,Operating Hours,Annual,No
MP00001678,EQ00001678,Preventive,365,Operating Hours,Monthly,Yes
MP00001679,EQ00001679,Preventive,14,Calendar Days,Quarterly,No
MP00001680,EQ00001680,Corrective,30,Operating Hours,Quarterly,Yes
MP00001681,EQ00001681,Preventive,180,Operating Hours,Half-Yearly,No
MP00001682,EQ00001682,Predictive,365,Operating Hours,Annual,Yes
MP00001683,EQ00001683,Predictive,90,Calendar Days,Quarterly,Yes
MP00001684,EQ00001684,Preventive,90,Operating Hours,Annual,Yes
MP00001685,EQ00001685,Inspection,180,Calendar Days,Half-Yearly,Yes
MP00001686,EQ00001686,Corrective,30,Operating Hours,Monthly,Yes
MP00001687,EQ00001687,Inspection,30,Operating Hours,Monthly,No
MP00001688,EQ00001688,Inspection,30,Operating Hours,Half-Yearly,Yes
MP00001689,EQ00001689,Inspection,180,Calendar Days,Monthly,Yes
MP00001690,EQ00001690,Inspection,180,Calendar Days,Annual,Yes
MP00001691,EQ00001691,Corrective,365,Calendar Days,Annual,Yes
MP00001692,EQ00001692,Calibration,365,Operating Hours,Annual,Yes
MP00001693,EQ00001693,Preventive,14,Operating Hours,Annual,No
MP00001694,EQ00001694,Corrective,7,Operating Hours,Half-Yearly,Yes
MP00001695,EQ00001695,Predictive,180,Calendar Days,Monthly,Yes
MP00001696,EQ00001696,Inspection,30,Calendar Days,Half-Yearly,No
MP00001697,EQ00001697,Preventive,180,Operating Hours,Quarterly,Yes
MP00001698,EQ00001698,Corrective,90,Calendar Days,Monthly,Yes
MP00001699,EQ00001699,Inspection,365,Calendar Days,Quarterly,Yes
MP00001700,EQ00001700,Predictive,365,Calendar Days,Monthly,No
MP00001701,EQ00001701,Calibration,90,Operating Hours,Half-Yearly,No
MP00001702,EQ00001702,Preventive,90,Operating Hours,Annual,Yes
MP00001703,EQ00001703,Predictive,90,Calendar Days,Annual,Yes
MP00001704,EQ00001704,Preventive,30,Operating Hours,Quarterly,Yes
MP00001705,EQ00001705,Corrective,30,Calendar Days,Half-Yearly,Yes
MP00001706,EQ00001706,Calibration,365,Calendar Days,Half-Yearly,Yes
MP00001707,EQ00001707,Corrective,180,Operating Hours,Quarterly,Yes
MP00001708,EQ00001708,Inspection,365,Calendar Days,Annual,Yes
MP00001709,EQ00001709,Predictive,90,Operating Hours,Monthly,No
MP00001710,EQ00001710,Calibration,90,Calendar Days,Quarterly,Yes
MP00001711,EQ00001711,Predictive,30,Operating Hours,Half-Yearly,Yes
MP00001712,EQ00001712,Inspection,180,Operating Hours,Monthly,Yes
MP00001713,EQ00001713,Calibration,365,Calendar Days,Monthly,No
MP00001714,EQ00001714,Inspection,14,Operating Hours,Quarterly,No
MP00001715,EQ00001715,Predictive,30,Operating Hours,Annual,Yes
MP00001716,EQ00001716,Predictive,30,Calendar Days,Half-Yearly,No
MP00001717,EQ00001717,Corrective,14,Operating Hours,Quarterly,Yes
MP00001718,EQ00001718,Calibration,180,Calendar Days,Monthly,No
MP00001719,EQ00001719,Preventive,30,Operating Hours,Annual,Yes
MP00001720,EQ00001720,Preventive,90,Operating Hours,Quarterly,Yes
MP00001721,EQ00001721,Preventive,14,Operating Hours,Monthly,No
MP00001722,EQ00001722,Preventive,180,Operating Hours,Quarterly,Yes
MP00001723,EQ00001723,Calibration,14,Operating Hours,Annual,Yes
MP00001724,EQ00001724,Preventive,180,Calendar Days,Monthly,No
MP00001725,EQ00001725,Inspection,90,Calendar Days,Half-Yearly,No
MP00001726,EQ00001726,Predictive,90,Operating Hours,Half-Yearly,Yes
MP00001727,EQ00001727,Inspection,90,Operating Hours,Quarterly,Yes
MP00001728,EQ00001728,Inspection,180,Operating Hours,Quarterly,Yes
MP00001729,EQ00001729,Predictive,14,Operating Hours,Monthly,No
MP00001730,EQ00001730,Preventive,90,Operating Hours,Half-Yearly,Yes
MP00001731,EQ00001731,Inspection,90,Operating Hours,Quarterly,Yes
MP00001732,EQ00001732,Corrective,365,Calendar Days,Annual,No
MP00001733,EQ00001733,Calibration,365,Operating Hours,Monthly,Yes
MP00001734,EQ00001734,Corrective,30,Operating Hours,Monthly,Yes
MP00001735,EQ00001735,Inspection,90,Calendar Days,Monthly,Yes
MP00001736,EQ00001736,Corrective,180,Calendar Days,Half-Yearly,No
MP00001737,EQ00001737,Predictive,365,Calendar Days,Half-Yearly,Yes
MP00001738,EQ00001738,Inspection,90,Calendar Days,Half-Yearly,Yes
MP00001739,EQ00001739,Preventive,90,Operating Hours,Monthly,No
MP00001740,EQ00001740,Corrective,180,Calendar Days,Half-Yearly,Yes
MP00001741,EQ00001741,Inspection,365,Calendar Days,Quarterly,Yes
MP00001742,EQ00001742,Inspection,180,Operating Hours,Half-Yearly,No
MP00001743,EQ00001743,Predictive,180,Calendar Days,Quarterly,Yes
MP00001744,EQ00001744,Preventive,90,Calendar Days,Quarterly,Yes
MP00001745,EQ00001745,Corrective,365,Operating Hours,Half-Yearly,Yes
MP00001746,EQ00001746,Calibration,30,Operating Hours,Half-Yearly,Yes
MP00001747,EQ00001747,Preventive,180,Operating Hours,Monthly,Yes
MP00001748,EQ00001748,Corrective,90,Calendar Days,Half-Yearly,Yes
MP00001749,EQ00001749,Preventive,30,Operating Hours,Half-Yearly,Yes
MP00001750,EQ00001750,Calibration,14,Operating Hours,Monthly,No
MP00001751,EQ00001751,Preventive,90,Calendar Days,Annual,No
MP00001752,EQ00001752,Inspection,90,Operating Hours,Annual,Yes
MP00001753,EQ00001753,Corrective,90,Calendar Days,Annual,Yes
MP00001754,EQ00001754,Predictive,30,Calendar Days,Annual,Yes
MP00001755,EQ00001755,Preventive,90,Calendar Days,Quarterly,No
MP00001756,EQ00001756,Inspection,7,Operating Hours,Half-Yearly,Yes
MP00001757,EQ00001757,Corrective,180,Calendar Days,Monthly,Yes
MP00001758,EQ00001758,Predictive,14,Calendar Days,Annual,No
MP00001759,EQ00001759,Calibration,14,Operating Hours,Annual,No
MP00001760,EQ00001760,Calibration,365,Operating Hours,Quarterly,Yes
MP00001761,EQ00001761,Inspection,30,Operating Hours,Monthly,No
MP00001762,EQ00001762,Predictive,365,Calendar Days,Annual,Yes
MP00001763,EQ00001763,Calibration,180,Operating Hours,Quarterly,No
MP00001764,EQ00001764,Calibration,90,Calendar Days,Monthly,Yes
MP00001765,EQ00001765,Preventive,180,Calendar Days,Half-Yearly,Yes
MP00001766,EQ00001766,Predictive,90,Operating Hours,Monthly,Yes
MP00001767,EQ00001767,Preventive,30,Calendar Days,Quarterly,Yes
MP00001768,EQ00001768,Preventive,30,Operating Hours,Half-Yearly,Yes
MP00001769,EQ00001769,Preventive,180,Operating Hours,Annual,No
MP00001770,EQ00001770,Predictive,365,Operating Hours,Quarterly,Yes
MP00001771,EQ00001771,Inspection,180,Calendar Days,Annual,Yes
MP00001772,EQ00001772,Preventive,90,Operating Hours,Half-Yearly,No
MP00001773,EQ00001773,Preventive,30,Calendar Days,Annual,Yes
MP00001774,EQ00001774,Calibration,90,Calendar Days,Monthly,Yes
MP00001775,EQ00001775,Predictive,90,Calendar Days,Quarterly,Yes
MP00001776,EQ00001776,Corrective,365,Calendar Days,Annual,Yes
MP00001777,EQ00001777,Inspection,14,Operating Hours,Monthly,Yes
MP00001778,EQ00001778,Calibration,7,Calendar Days,Quarterly,Yes
MP00001779,EQ00001779,Corrective,30,Operating Hours,Half-Yearly,No
MP00001780,EQ00001780,Predictive,90,Operating Hours,Half-Yearly,Yes
MP00001781,EQ00001781,Corrective,30,Calendar Days,Quarterly,Yes
MP00001782,EQ00001782,Preventive,14,Operating Hours,Annual,No
MP00001783,EQ00001783,Calibration,14,Operating Hours,Annual,Yes
MP00001784,EQ00001784,Calibration,30,Calendar Days,Half-Yearly,No
MP00001785,EQ00001785,Calibration,7,Calendar Days,Annual,Yes
MP00001786,EQ00001786,Calibration,365,Operating Hours,Annual,No
MP00001787,EQ00001787,Calibration,365,Operating Hours,Annual,Yes
MP00001788,EQ00001788,Inspection,7,Operating Hours,Quarterly,Yes
MP00001789,EQ00001789,Preventive,365,Calendar Days,Quarterly,Yes
MP00001790,EQ00001790,Calibration,365,Calendar Days,Annual,Yes
MP00001791,EQ00001791,Corrective,90,Calendar Days,Monthly,No
MP00001792,EQ00001792,Calibration,365,Operating Hours,Annual,No
MP00001793,EQ00001793,Corrective,14,Operating Hours,Monthly,Yes
MP00001794,EQ00001794,Calibration,365,Calendar Days,Annual,No
MP00001795,EQ00001795,Preventive,7,Calendar Days,Monthly,Yes
MP00001796,EQ00001796,Preventive,180,Calendar Days,Annual,Yes
MP00001797,EQ00001797,Predictive,14,Calendar Days,Monthly,No
MP00001798,EQ00001798,Predictive,7,Operating Hours,Annual,Yes
MP00001799,EQ00001799,Calibration,30,Calendar Days,Quarterly,Yes
MP00001800,EQ00001800,Predictive,90,Operating Hours,Half-Yearly,Yes
MP00001801,EQ00001801,Preventive,180,Operating Hours,Monthly,No
MP00001802,EQ00001802,Preventive,14,Operating Hours,Quarterly,Yes
MP00001803,EQ00001803,Predictive,365,Calendar Days,Quarterly,Yes
MP00001804,EQ00001804,Predictive,7,Calendar Days,Quarterly,Yes
MP00001805,EQ00001805,Calibration,180,Calendar Days,Quarterly,Yes
MP00001806,EQ00001806,Calibration,180,Calendar Days,Monthly,Yes
MP00001807,EQ00001807,Inspection,365,Calendar Days,Quarterly,Yes
MP00001808,EQ00001808,Inspection,30,Operating Hours,Annual,Yes
MP00001809,EQ00001809,Preventive,7,Operating Hours,Monthly,Yes
MP00001810,EQ00001810,Predictive,30,Calendar Days,Annual,Yes
MP00001811,EQ00001811,Preventive,180,Operating Hours,Quarterly,Yes
MP00001812,EQ00001812,Corrective,90,Calendar Days,Monthly,Yes
MP00001813,EQ00001813,Inspection,30,Calendar Days,Annual,No
MP00001814,EQ00001814,Calibration,30,Calendar Days,Monthly,Yes
MP00001815,EQ00001815,Inspection,14,Operating Hours,Half-Yearly,Yes
MP00001816,EQ00001816,Inspection,7,Calendar Days,Half-Yearly,Yes
MP00001817,EQ00001817,Inspection,90,Calendar Days,Annual,Yes
MP00001818,EQ00001818,Predictive,365,Calendar Days,Annual,No
MP00001819,EQ00001819,Calibration,365,Operating Hours,Annual,Yes
MP00001820,EQ00001820,Corrective,365,Calendar Days,Annual,No
MP00001821,EQ00001821,Calibration,7,Operating Hours,Half-Yearly,Yes
MP00001822,EQ00001822,Predictive,14,Calendar Days,Monthly,Yes
MP00001823,EQ00001823,Inspection,90,Operating Hours,Annual,Yes
MP00001824,EQ00001824,Predictive,90,Operating Hours,Half-Yearly,Yes
MP00001825,EQ00001825,Calibration,365,Operating Hours,Monthly,No
MP00001826,EQ00001826,Predictive,365,Calendar Days,Monthly,Yes
MP00001827,EQ00001827,Inspection,14,Calendar Days,Annual,Yes
MP00001828,EQ00001828,Preventive,90,Calendar Days,Monthly,No
MP00001829,EQ00001829,Preventive,365,Operating Hours,Annual,Yes
MP00001830,EQ00001830,Predictive,90,Operating Hours,Monthly,Yes
MP00001831,EQ00001831,Preventive,30,Calendar Days,Monthly,Yes
MP00001832,EQ00001832,Preventive,14,Operating Hours,Quarterly,No
MP00001833,EQ00001833,Preventive,90,Operating Hours,Monthly,Yes
MP00001834,EQ00001834,Calibration,90,Calendar Days,Monthly,No
MP00001835,EQ00001835,Predictive,365,Operating Hours,Quarterly,Yes
MP00001836,EQ00001836,Predictive,90,Calendar Days,Quarterly,Yes
MP00001837,EQ00001837,Inspection,365,Operating Hours,Half-Yearly,Yes
MP00001838,EQ00001838,Predictive,90,Calendar Days,Monthly,Yes
MP00001839,EQ00001839,Calibration,180,Calendar Days,Monthly,Yes
MP00001840,EQ00001840,Calibration,7,Calendar Days,Half-Yearly,Yes
MP00001841,EQ00001841,Corrective,30,Calendar Days,Quarterly,Yes
MP00001842,EQ00001842,Predictive,7,Calendar Days,Half-Yearly,Yes
MP00001843,EQ00001843,Preventive,180,Operating Hours,Quarterly,Yes
MP00001844,EQ00001844,Predictive,90,Operating Hours,Monthly,Yes
MP00001845,EQ00001845,Inspection,30,Operating Hours,Monthly,Yes
MP00001846,EQ00001846,Corrective,180,Calendar Days,Monthly,Yes
MP00001847,EQ00001847,Calibration,90,Calendar Days,Half-Yearly,No
MP00001848,EQ00001848,Preventive,30,Calendar Days,Monthly,Yes
MP00001849,EQ00001849,Corrective,365,Operating Hours,Monthly,Yes
MP00001850,EQ00001850,Preventive,90,Operating Hours,Half-Yearly,Yes
MP00001851,EQ00001851,Predictive,7,Operating Hours,Quarterly,Yes
MP00001852,EQ00001852,Calibration,365,Operating Hours,Half-Yearly,Yes
MP00001853,EQ00001853,Inspection,90,Operating Hours,Half-Yearly,Yes
MP00001854,EQ00001854,Preventive,180,Operating Hours,Quarterly,Yes
MP00001855,EQ00001855,Predictive,365,Calendar Days,Half-Yearly,Yes
MP00001856,EQ00001856,Corrective,90,Calendar Days,Monthly,Yes
MP00001857,EQ00001857,Corrective,7,Calendar Days,Annual,Yes
MP00001858,EQ00001858,Inspection,14,Calendar Days,Quarterly,Yes
MP00001859,EQ00001859,Inspection,30,Operating Hours,Quarterly,No
MP00001860,EQ00001860,Preventive,365,Operating Hours,Half-Yearly,Yes
MP00001861,EQ00001861,Corrective,180,Operating Hours,Monthly,Yes
MP00001862,EQ00001862,Calibration,7,Calendar Days,Half-Yearly,Yes
MP00001863,EQ00001863,Inspection,90,Calendar Days,Monthly,Yes
MP00001864,EQ00001864,Predictive,365,Operating Hours,Annual,Yes
MP00001865,EQ00001865,Corrective,365,Operating Hours,Annual,Yes
MP00001866,EQ00001866,Preventive,7,Operating Hours,Annual,Yes
MP00001867,EQ00001867,Calibration,180,Operating Hours,Annual,Yes
MP00001868,EQ00001868,Corrective,180,Calendar Days,Quarterly,Yes
MP00001869,EQ00001869,Corrective,30,Operating Hours,Annual,No
MP00001870,EQ00001870,Corrective,365,Operating Hours,Half-Yearly,No
MP00001871,EQ00001871,Inspection,30,Operating Hours,Monthly,No
MP00001872,EQ00001872,Predictive,180,Calendar Days,Annual,Yes
MP00001873,EQ00001873,Inspection,90,Operating Hours,Half-Yearly,Yes
MP00001874,EQ00001874,Calibration,180,Operating Hours,Annual,No
MP00001875,EQ00001875,Predictive,365,Operating Hours,Monthly,Yes
MP00001876,EQ00001876,Calibration,7,Calendar Days,Annual,Yes
MP00001877,EQ00001877,Preventive,14,Operating Hours,Quarterly,Yes
MP00001878,EQ00001878,Preventive,365,Operating Hours,Half-Yearly,Yes
MP00001879,EQ00001879,Calibration,7,Operating Hours,Monthly,Yes
MP00001880,EQ00001880,Calibration,365,Operating Hours,Annual,No
MP00001881,EQ00001881,Preventive,7,Operating Hours,Monthly,Yes
MP00001882,EQ00001882,Inspection,7,Operating Hours,Annual,Yes
MP00001883,EQ00001883,Corrective,30,Operating Hours,Annual,Yes
MP00001884,EQ00001884,Corrective,180,Calendar Days,Half-Yearly,Yes
MP00001885,EQ00001885,Predictive,14,Operating Hours,Quarterly,Yes
MP00001886,EQ00001886,Corrective,365,Calendar Days,Half-Yearly,Yes
MP00001887,EQ00001887,Corrective,365,Operating Hours,Monthly,Yes
MP00001888,EQ00001888,Corrective,180,Operating Hours,Annual,Yes
MP00001889,EQ00001889,Corrective,90,Calendar Days,Monthly,No
MP00001890,EQ00001890,Calibration,180,Operating Hours,Annual,Yes
MP00001891,EQ00001891,Inspection,30,Calendar Days,Half-Yearly,Yes
MP00001892,EQ00001892,Predictive,180,Operating Hours,Monthly,Yes
MP00001893,EQ00001893,Preventive,90,Calendar Days,Half-Yearly,Yes
MP00001894,EQ00001894,Predictive,30,Operating Hours,Half-Yearly,Yes
MP00001895,EQ00001895,Corrective,365,Calendar Days,Monthly,Yes
MP00001896,EQ00001896,Preventive,14,Operating Hours,Monthly,No
MP00001897,EQ00001897,Calibration,365,Operating Hours,Quarterly,Yes
MP00001898,EQ00001898,Calibration,180,Operating Hours,Half-Yearly,No
MP00001899,EQ00001899,Inspection,180,Operating Hours,Half-Yearly,Yes
MP00001900,EQ00001900,Corrective,30,Calendar Days,Quarterly,Yes
MP00001901,EQ00001901,Preventive,7,Operating Hours,Quarterly,Yes
MP00001902,EQ00001902,Inspection,180,Calendar Days,Annual,Yes
MP00001903,EQ00001903,Preventive,180,Calendar Days,Half-Yearly,Yes
MP00001904,EQ00001904,Inspection,14,Operating Hours,Annual,Yes
MP00001905,EQ00001905,Predictive,365,Calendar Days,Monthly,No
MP00001906,EQ00001906,Calibration,90,Calendar Days,Quarterly,Yes
MP00001907,EQ00001907,Corrective,30,Calendar Days,Annual,Yes
MP00001908,EQ00001908,Inspection,90,Calendar Days,Half-Yearly,Yes
MP00001909,EQ00001909,Preventive,30,Operating Hours,Monthly,Yes
MP00001910,EQ00001910,Predictive,365,Calendar Days,Annual,Yes
MP00001911,EQ00001911,Predictive,90,Calendar Days,Monthly,No
MP00001912,EQ00001912,Predictive,14,Operating Hours,Half-Yearly,Yes
MP00001913,EQ00001913,Corrective,14,Operating Hours,Monthly,Yes
MP00001914,EQ00001914,Corrective,14,Calendar Days,Half-Yearly,No
MP00001915,EQ00001915,Predictive,180,Calendar Days,Half-Yearly,No
MP00001916,EQ00001916,Calibration,90,Calendar Days,Annual,Yes
MP00001917,EQ00001917,Preventive,90,Calendar Days,Half-Yearly,No
MP00001918,EQ00001918,Calibration,90,Calendar Days,Half-Yearly,Yes
MP00001919,EQ00001919,Inspection,365,Operating Hours,Annual,No
MP00001920,EQ00001920,Inspection,30,Calendar Days,Half-Yearly,Yes
MP00001921,EQ00001921,Calibration,7,Operating Hours,Monthly,Yes
MP00001922,EQ00001922,Inspection,14,Calendar Days,Half-Yearly,No
MP00001923,EQ00001923,Inspection,90,Operating Hours,Annual,Yes
MP00001924,EQ00001924,Preventive,14,Calendar Days,Annual,No
MP00001925,EQ00001925,Calibration,180,Calendar Days,Monthly,Yes
MP00001926,EQ00001926,Preventive,365,Operating Hours,Quarterly,No
MP00001927,EQ00001927,Predictive,90,Calendar Days,Half-Yearly,Yes
MP00001928,EQ00001928,Predictive,30,Calendar Days,Quarterly,Yes
MP00001929,EQ00001929,Predictive,365,Calendar Days,Monthly,Yes
MP00001930,EQ00001930,Corrective,180,Calendar Days,Annual,Yes
MP00001931,EQ00001931,Inspection,90,Calendar Days,Annual,No
MP00001932,EQ00001932,Inspection,365,Operating Hours,Monthly,Yes
MP00001933,EQ00001933,Preventive,7,Calendar Days,Half-Yearly,Yes
MP00001934,EQ00001934,Preventive,180,Calendar Days,Half-Yearly,Yes
MP00001935,EQ00001935,Inspection,365,Operating Hours,Half-Yearly,Yes
MP00001936,EQ00001936,Corrective,30,Operating Hours,Monthly,Yes
MP00001937,EQ00001937,Preventive,90,Calendar Days,Quarterly,No
MP00001938,EQ00001938,Preventive,30,Calendar Days,Half-Yearly,Yes
MP00001939,EQ00001939,Preventive,180,Operating Hours,Annual,Yes
MP00001940,EQ00001940,Corrective,90,Calendar Days,Monthly,Yes
MP00001941,EQ00001941,Corrective,365,Calendar Days,Monthly,Yes
MP00001942,EQ00001942,Inspection,90,Operating Hours,Monthly,Yes
MP00001943,EQ00001943,Corrective,180,Calendar Days,Annual,No
MP00001944,EQ00001944,Calibration,180,Calendar Days,Annual,No
MP00001945,EQ00001945,Calibration,90,Operating Hours,Half-Yearly,Yes
MP00001946,EQ00001946,Predictive,30,Operating Hours,Monthly,Yes
MP00001947,EQ00001947,Calibration,7,Calendar Days,Half-Yearly,Yes
MP00001948,EQ00001948,Calibration,7,Calendar Days,Annual,Yes
MP00001949,EQ00001949,Calibration,90,Calendar Days,Monthly,Yes
MP00001950,EQ00001950,Preventive,30,Calendar Days,Monthly,Yes
MP00001951,EQ00001951,Inspection,30,Calendar Days,Half-Yearly,Yes
MP00001952,EQ00001952,Inspection,90,Calendar Days,Quarterly,No
MP00001953,EQ00001953,Inspection,365,Calendar Days,Half-Yearly,No
MP00001954,EQ00001954,Corrective,90,Calendar Days,Half-Yearly,No
MP00001955,EQ00001955,Inspection,90,Calendar Days,Monthly,No
MP00001956,EQ00001956,Predictive,30,Calendar Days,Annual,Yes
MP00001957,EQ00001957,Calibration,7,Operating Hours,Half-Yearly,Yes
MP00001958,EQ00001958,Preventive,180,Calendar Days,Half-Yearly,Yes
MP00001959,EQ00001959,Inspection,365,Calendar Days,Quarterly,Yes
MP00001960,EQ00001960,Corrective,90,Calendar Days,Monthly,No
MP00001961,EQ00001961,Inspection,180,Operating Hours,Quarterly,Yes
MP00001962,EQ00001962,Inspection,90,Operating Hours,Half-Yearly,No
MP00001963,EQ00001963,Preventive,14,Calendar Days,Annual,Yes
MP00001964,EQ00001964,Inspection,90,Calendar Days,Annual,Yes
MP00001965,EQ00001965,Calibration,7,Calendar Days,Quarterly,Yes
MP00001966,EQ00001966,Inspection,365,Calendar Days,Half-Yearly,Yes
MP00001967,EQ00001967,Predictive,14,Operating Hours,Half-Yearly,No
MP00001968,EQ00001968,Inspection,30,Operating Hours,Annual,No
MP00001969,EQ00001969,Predictive,30,Operating Hours,Annual,Yes
MP00001970,EQ00001970,Predictive,365,Operating Hours,Quarterly,No
MP00001971,EQ00001971,Calibration,180,Operating Hours,Annual,No
MP00001972,EQ00001972,Inspection,180,Calendar Days,Annual,Yes
MP00001973,EQ00001973,Corrective,180,Operating Hours,Monthly,Yes
MP00001974,EQ00001974,Predictive,90,Calendar Days,Monthly,No
MP00001975,EQ00001975,Predictive,180,Calendar Days,Half-Yearly,No
MP00001976,EQ00001976,Calibration,180,Operating Hours,Half-Yearly,No
MP00001977,EQ00001977,Calibration,180,Operating Hours,Quarterly,Yes
MP00001978,EQ00001978,Corrective,365,Calendar Days,Monthly,No
MP00001979,EQ00001979,Inspection,180,Operating Hours,Monthly,No
MP00001980,EQ00001980,Predictive,365,Calendar Days,Annual,Yes
MP00001981,EQ00001981,Calibration,30,Calendar Days,Annual,Yes
MP00001982,EQ00001982,Corrective,180,Operating Hours,Quarterly,Yes
MP00001983,EQ00001983,Calibration,30,Operating Hours,Half-Yearly,Yes
MP00001984,EQ00001984,Inspection,14,Operating Hours,Half-Yearly,No
MP00001985,EQ00001985,Preventive,14,Operating Hours,Annual,No
MP00001986,EQ00001986,Corrective,365,Operating Hours,Quarterly,Yes
MP00001987,EQ00001987,Calibration,14,Calendar Days,Quarterly,Yes
MP00001988,EQ00001988,Corrective,180,Calendar Days,Half-Yearly,Yes
MP00001989,EQ00001989,Corrective,90,Calendar Days,Quarterly,Yes
MP00001990,EQ00001990,Inspection,90,Calendar Days,Annual,Yes
MP00001991,EQ00001991,Inspection,90,Operating Hours,Monthly,Yes
MP00001992,EQ00001992,Calibration,90,Operating Hours,Half-Yearly,Yes
MP00001993,EQ00001993,Preventive,365,Calendar Days,Quarterly,Yes
MP00001994,EQ00001994,Preventive,90,Calendar Days,Quarterly,Yes
MP00001995,EQ00001995,Predictive,365,Operating Hours,Monthly,Yes
MP00001996,EQ00001996,Corrective,7,Calendar Days,Annual,Yes
MP00001997,EQ00001997,Predictive,30,Operating Hours,Quarterly,No
MP00001998,EQ00001998,Preventive,365,Calendar Days,Annual,No
MP00001999,EQ00001999,Corrective,90,Operating Hours,Half-Yearly,No
MP00002000,EQ00002000,Predictive,7,Calendar Days,Quarterly,Yes
MP00002001,EQ00002001,Calibration,90,Calendar Days,Half-Yearly,No
MP00002002,EQ00002002,Corrective,365,Operating Hours,Half-Yearly,No
MP00002003,EQ00002003,Corrective,30,Calendar Days,Monthly,Yes
MP00002004,EQ00002004,Corrective,365,Calendar Days,Monthly,Yes
MP00002005,EQ00002005,Preventive,365,Calendar Days,Monthly,Yes
MP00002006,EQ00002006,Predictive,7,Calendar Days,Half-Yearly,Yes
MP00002007,EQ00002007,Calibration,30,Operating Hours,Monthly,No
MP00002008,EQ00002008,Calibration,14,Calendar Days,Quarterly,Yes
MP00002009,EQ00002009,Inspection,365,Operating Hours,Quarterly,Yes
MP00002010,EQ00002010,Inspection,180,Calendar Days,Half-Yearly,No
MP00002011,EQ00002011,Predictive,30,Calendar Days,Annual,Yes
MP00002012,EQ00002012,Preventive,365,Calendar Days,Monthly,Yes
MP00002013,EQ00002013,Calibration,30,Operating Hours,Half-Yearly,Yes
MP00002014,EQ00002014,Calibration,90,Calendar Days,Quarterly,Yes
MP00002015,EQ00002015,Preventive,365,Operating Hours,Monthly,No
MP00002016,EQ00002016,Calibration,7,Operating Hours,Annual,Yes
MP00002017,EQ00002017,Inspection,365,Operating Hours,Half-Yearly,No
MP00002018,EQ00002018,Calibration,365,Operating Hours,Half-Yearly,Yes
MP00002019,EQ00002019,Preventive,180,Calendar Days,Annual,Yes
MP00002020,EQ00002020,Inspection,30,Calendar Days,Quarterly,No
MP00002021,EQ00002021,Calibration,180,Operating Hours,Quarterly,No
MP00002022,EQ00002022,Predictive,90,Operating Hours,Half-Yearly,No
MP00002023,EQ00002023,Corrective,7,Calendar Days,Quarterly,Yes
MP00002024,EQ00002024,Predictive,90,Operating Hours,Monthly,Yes
MP00002025,EQ00002025,Corrective,180,Operating Hours,Annual,Yes
MP00002026,EQ00002026,Preventive,30,Calendar Days,Half-Yearly,No
MP00002027,EQ00002027,Corrective,14,Calendar Days,Monthly,No
MP00002028,EQ00002028,Predictive,365,Calendar Days,Quarterly,No
MP00002029,EQ00002029,Corrective,30,Operating Hours,Half-Yearly,Yes
MP00002030,EQ00002030,Calibration,90,Calendar Days,Half-Yearly,No
MP00002031,EQ00002031,Corrective,180,Operating Hours,Monthly,No
MP00002032,EQ00002032,Predictive,180,Calendar Days,Annual,Yes
MP00002033,EQ00002033,Calibration,180,Operating Hours,Quarterly,Yes
MP00002034,EQ00002034,Inspection,365,Calendar Days,Half-Yearly,Yes
MP00002035,EQ00002035,Calibration,180,Operating Hours,Annual,Yes
MP00002036,EQ00002036,Predictive,30,Calendar Days,Quarterly,Yes
MP00002037,EQ00002037,Corrective,14,Operating Hours,Monthly,Yes
MP00002038,EQ00002038,Calibration,90,Calendar Days,Monthly,No
MP00002039,EQ00002039,Calibration,365,Calendar Days,Half-Yearly,Yes
MP00002040,EQ00002040,Inspection,180,Operating Hours,Quarterly,Yes
MP00002041,EQ00002041,Preventive,180,Calendar Days,Monthly,Yes
MP00002042,EQ00002042,Calibration,7,Calendar Days,Half-Yearly,Yes
MP00002043,EQ00002043,Calibration,90,Calendar Days,Annual,No
MP00002044,EQ00002044,Predictive,90,Operating Hours,Half-Yearly,Yes
MP00002045,EQ00002045,Calibration,180,Operating Hours,Half-Yearly,Yes
MP00002046,EQ00002046,Calibration,90,Operating Hours,Annual,Yes
MP00002047,EQ00002047,Calibration,7,Operating Hours,Quarterly,Yes
MP00002048,EQ00002048,Inspection,7,Calendar Days,Half-Yearly,Yes
MP00002049,EQ00002049,Inspection,180,Calendar Days,Annual,No
MP00002050,EQ00002050,Predictive,30,Operating Hours,Annual,Yes
MP00002051,EQ00002051,Predictive,7,Calendar Days,Quarterly,Yes
MP00002052,EQ00002052,Corrective,14,Operating Hours,Annual,No
MP00002053,EQ00002053,Predictive,90,Operating Hours,Half-Yearly,No
MP00002054,EQ00002054,Inspection,90,Operating Hours,Half-Yearly,Yes
MP00002055,EQ00002055,Corrective,7,Calendar Days,Monthly,Yes
MP00002056,EQ00002056,Predictive,30,Calendar Days,Half-Yearly,Yes
MP00002057,EQ00002057,Calibration,90,Calendar Days,Monthly,No
MP00002058,EQ00002058,Calibration,30,Calendar Days,Quarterly,Yes
MP00002059,EQ00002059,Preventive,14,Calendar Days,Quarterly,No
MP00002060,EQ00002060,Preventive,30,Operating Hours,Monthly,Yes
MP00002061,EQ00002061,Preventive,180,Operating Hours,Half-Yearly,No
MP00002062,EQ00002062,Inspection,30,Operating Hours,Annual,No
MP00002063,EQ00002063,Preventive,365,Calendar Days,Half-Yearly,Yes
MP00002064,EQ00002064,Inspection,180,Calendar Days,Annual,Yes
MP00002065,EQ00002065,Corrective,7,Calendar Days,Annual,Yes
MP00002066,EQ00002066,Calibration,180,Calendar Days,Half-Yearly,Yes
MP00002067,EQ00002067,Corrective,180,Calendar Days,Monthly,Yes
MP00002068,EQ00002068,Inspection,180,Calendar Days,Monthly,Yes
MP00002069,EQ00002069,Preventive,7,Calendar Days,Annual,Yes
MP00002070,EQ00002070,Corrective,90,Calendar Days,Half-Yearly,Yes
MP00002071,EQ00002071,Predictive,365,Calendar Days,Monthly,Yes
MP00002072,EQ00002072,Corrective,365,Calendar Days,Monthly,No
MP00002073,EQ00002073,Calibration,180,Operating Hours,Annual,Yes
MP00002074,EQ00002074,Corrective,365,Calendar Days,Annual,Yes
MP00002075,EQ00002075,Calibration,180,Operating Hours,Monthly,No
MP00002076,EQ00002076,Calibration,90,Operating Hours,Half-Yearly,Yes
MP00002077,EQ00002077,Calibration,365,Operating Hours,Quarterly,Yes
MP00002078,EQ00002078,Inspection,180,Operating Hours,Annual,Yes
MP00002079,EQ00002079,Corrective,365,Operating Hours,Monthly,Yes
MP00002080,EQ00002080,Predictive,30,Operating Hours,Half-Yearly,Yes
MP00002081,EQ00002081,Preventive,7,Operating Hours,Annual,Yes
MP00002082,EQ00002082,Inspection,90,Calendar Days,Quarterly,No
MP00002083,EQ00002083,Calibration,30,Calendar Days,Half-Yearly,No
MP00002084,EQ00002084,Preventive,14,Operating Hours,Quarterly,No
MP00002085,EQ00002085,Inspection,365,Calendar Days,Annual,Yes
MP00002086,EQ00002086,Preventive,365,Calendar Days,Half-Yearly,Yes
MP00002087,EQ00002087,Calibration,365,Calendar Days,Half-Yearly,Yes
MP00002088,EQ00002088,Calibration,365,Calendar Days,Monthly,Yes
MP00002089,EQ00002089,Corrective,90,Operating Hours,Annual,Yes
MP00002090,EQ00002090,Preventive,365,Calendar Days,Annual,Yes
MP00002091,EQ00002091,Inspection,180,Operating Hours,Half-Yearly,Yes
MP00002092,EQ00002092,Calibration,90,Operating Hours,Annual,No
MP00002093,EQ00002093,Preventive,365,Operating Hours,Half-Yearly,Yes
MP00002094,EQ00002094,Calibration,30,Calendar Days,Quarterly,No
MP00002095,EQ00002095,Inspection,7,Operating Hours,Monthly,Yes
MP00002096,EQ00002096,Inspection,30,Calendar Days,Monthly,Yes
MP00002097,EQ00002097,Calibration,365,Calendar Days,Quarterly,Yes
MP00002098,EQ00002098,Corrective,14,Calendar Days,Half-Yearly,No
MP00002099,EQ00002099,Calibration,365,Operating Hours,Monthly,Yes
MP00002100,EQ00002100,Predictive,7,Operating Hours,Quarterly,Yes
MP00002101,EQ00002101,Inspection,365,Calendar Days,Quarterly,Yes
MP00002102,EQ00002102,Predictive,180,Calendar Days,Annual,Yes
MP00002103,EQ00002103,Inspection,30,Operating Hours,Half-Yearly,Yes
MP00002104,EQ00002104,Calibration,90,Calendar Days,Half-Yearly,Yes
MP00002105,EQ00002105,Corrective,90,Calendar Days,Quarterly,Yes
MP00002106,EQ00002106,Calibration,30,Operating Hours,Half-Yearly,Yes
MP00002107,EQ00002107,Predictive,180,Operating Hours,Monthly,No
MP00002108,EQ00002108,Inspection,180,Operating Hours,Annual,No
MP00002109,EQ00002109,Inspection,7,Operating Hours,Half-Yearly,Yes
MP00002110,EQ00002110,Preventive,90,Calendar Days,Monthly,Yes
MP00002111,EQ00002111,Calibration,180,Operating Hours,Annual,No
MP00002112,EQ00002112,Calibration,90,Calendar Days,Monthly,Yes
MP00002113,EQ00002113,Inspection,180,Calendar Days,Annual,Yes
MP00002114,EQ00002114,Preventive,365,Operating Hours,Half-Yearly,No
MP00002115,EQ00002115,Inspection,90,Operating Hours,Quarterly,Yes
MP00002116,EQ00002116,Preventive,365,Calendar Days,Monthly,Yes
MP00002117,EQ00002117,Inspection,365,Calendar Days,Monthly,Yes
MP00002118,EQ00002118,Calibration,365,Operating Hours,Annual,Yes
MP00002119,EQ00002119,Predictive,90,Operating Hours,Annual,Yes
MP00002120,EQ00002120,Corrective,180,Calendar Days,Quarterly,Yes
MP00002121,EQ00002121,Corrective,365,Operating Hours,Quarterly,No
MP00002122,EQ00002122,Preventive,365,Operating Hours,Quarterly,Yes
MP00002123,EQ00002123,Preventive,365,Operating Hours,Annual,Yes
MP00002124,EQ00002124,Inspection,365,Operating Hours,Quarterly,Yes
MP00002125,EQ00002125,Calibration,30,Operating Hours,Annual,Yes
MP00002126,EQ00002126,Preventive,90,Operating Hours,Monthly,Yes
MP00002127,EQ00002127,Predictive,14,Operating Hours,Monthly,No
MP00002128,EQ00002128,Calibration,365,Operating Hours,Monthly,Yes
MP00002129,EQ00002129,Preventive,30,Calendar Days,Half-Yearly,Yes
MP00002130,EQ00002130,Corrective,90,Operating Hours,Half-Yearly,No
MP00002131,EQ00002131,Inspection,90,Calendar Days,Annual,No
MP00002132,EQ00002132,Predictive,180,Calendar Days,Monthly,No
MP00002133,EQ00002133,Preventive,90,Operating Hours,Monthly,Yes
MP00002134,EQ00002134,Corrective,180,Operating Hours,Monthly,Yes
MP00002135,EQ00002135,Corrective,14,Calendar Days,Annual,No
MP00002136,EQ00002136,Corrective,90,Operating Hours,Monthly,Yes
MP00002137,EQ00002137,Inspection,90,Operating Hours,Annual,Yes
MP00002138,EQ00002138,Inspection,365,Calendar Days,Monthly,Yes
MP00002139,EQ00002139,Calibration,14,Operating Hours,Half-Yearly,Yes
MP00002140,EQ00002140,Corrective,30,Operating Hours,Monthly,Yes
MP00002141,EQ00002141,Preventive,30,Operating Hours,Annual,Yes
MP00002142,EQ00002142,Predictive,7,Operating Hours,Quarterly,Yes
MP00002143,EQ00002143,Corrective,365,Calendar Days,Monthly,No
MP00002144,EQ00002144,Inspection,7,Calendar Days,Quarterly,Yes
MP00002145,EQ00002145,Calibration,365,Calendar Days,Quarterly,No
MP00002146,EQ00002146,Inspection,180,Operating Hours,Half-Yearly,No
MP00002147,EQ00002147,Inspection,30,Operating Hours,Monthly,No
MP00002148,EQ00002148,Predictive,365,Operating Hours,Quarterly,Yes
MP00002149,EQ00002149,Predictive,90,Calendar Days,Half-Yearly,Yes
MP00002150,EQ00002150,Preventive,180,Calendar Days,Half-Yearly,Yes
MP00002151,EQ00002151,Preventive,365,Calendar Days,Annual,Yes
MP00002152,EQ00002152,Calibration,14,Operating Hours,Annual,No
MP00002153,EQ00002153,Preventive,180,Operating Hours,Annual,Yes
MP00002154,EQ00002154,Preventive,365,Calendar Days,Monthly,No
MP00002155,EQ00002155,Corrective,365,Calendar Days,Half-Yearly,Yes
MP00002156,EQ00002156,Predictive,180,Operating Hours,Half-Yearly,Yes
MP00002157,EQ00002157,Preventive,180,Calendar Days,Monthly,Yes
MP00002158,EQ00002158,Calibration,365,Calendar Days,Quarterly,Yes
MP00002159,EQ00002159,Calibration,30,Calendar Days,Annual,Yes
MP00002160,EQ00002160,Predictive,365,Operating Hours,Annual,Yes
MP00002161,EQ00002161,Preventive,30,Calendar Days,Half-Yearly,Yes
MP00002162,EQ00002162,Inspection,365,Calendar Days,Monthly,Yes
MP00002163,EQ00002163,Corrective,7,Operating Hours,Monthly,Yes
MP00002164,EQ00002164,Inspection,365,Operating Hours,Quarterly,Yes
MP00002165,EQ00002165,Calibration,30,Operating Hours,Monthly,No
MP00002166,EQ00002166,Preventive,14,Calendar Days,Half-Yearly,Yes
MP00002167,EQ00002167,Predictive,30,Calendar Days,Annual,No
MP00002168,EQ00002168,Preventive,30,Operating Hours,Annual,No
MP00002169,EQ00002169,Corrective,365,Operating Hours,Quarterly,Yes
MP00002170,EQ00002170,Corrective,30,Calendar Days,Monthly,Yes
MP00002171,EQ00002171,Predictive,30,Operating Hours,Quarterly,Yes
MP00002172,EQ00002172,Corrective,180,Calendar Days,Half-Yearly,Yes
MP00002173,EQ00002173,Inspection,7,Calendar Days,Half-Yearly,Yes
MP00002174,EQ00002174,Predictive,14,Calendar Days,Monthly,No
MP00002175,EQ00002175,Preventive,180,Calendar Days,Annual,Yes
MP00002176,EQ00002176,Calibration,365,Operating Hours,Quarterly,Yes
MP00002177,EQ00002177,Predictive,90,Operating Hours,Annual,Yes
MP00002178,EQ00002178,Predictive,90,Operating Hours,Annual,No
MP00002179,EQ00002179,Predictive,90,Operating Hours,Annual,Yes
MP00002180,EQ00002180,Preventive,180,Operating Hours,Monthly,No
MP00002181,EQ00002181,Corrective,30,Calendar Days,Quarterly,Yes
MP00002182,EQ00002182,Predictive,180,Calendar Days,Quarterly,Yes
MP00002183,EQ00002183,Predictive,30,Calendar Days,Quarterly,Yes
MP00002184,EQ00002184,Preventive,30,Operating Hours,Quarterly,Yes
MP00002185,EQ00002185,Corrective,30,Operating Hours,Annual,Yes
MP00002186,EQ00002186,Predictive,180,Calendar Days,Quarterly,Yes
MP00002187,EQ00002187,Predictive,7,Operating Hours,Half-Yearly,Yes
MP00002188,EQ00002188,Inspection,30,Operating Hours,Quarterly,No
MP00002189,EQ00002189,Preventive,180,Operating Hours,Quarterly,No
MP00002190,EQ00002190,Corrective,90,Operating Hours,Quarterly,Yes
MP00002191,EQ00002191,Predictive,180,Calendar Days,Quarterly,Yes
MP00002192,EQ00002192,Corrective,7,Operating Hours,Quarterly,Yes
MP00002193,EQ00002193,Preventive,180,Operating Hours,Monthly,No
MP00002194,EQ00002194,Corrective,90,Operating Hours,Quarterly,Yes
MP00002195,EQ00002195,Preventive,90,Operating Hours,Half-Yearly,Yes
MP00002196,EQ00002196,Predictive,14,Calendar Days,Quarterly,Yes
MP00002197,EQ00002197,Corrective,7,Operating Hours,Monthly,Yes
MP00002198,EQ00002198,Corrective,30,Calendar Days,Annual,Yes
MP00002199,EQ00002199,Corrective,30,Operating Hours,Annual,Yes
MP00002200,EQ00002200,Preventive,30,Calendar Days,Monthly,No
MP00002201,EQ00002201,Corrective,90,Operating Hours,Half-Yearly,Yes
MP00002202,EQ00002202,Inspection,365,Calendar Days,Half-Yearly,Yes
MP00002203,EQ00002203,Preventive,90,Operating Hours,Quarterly,Yes
MP00002204,EQ00002204,Predictive,30,Calendar Days,Quarterly,Yes
MP00002205,EQ00002205,Inspection,90,Calendar Days,Quarterly,No
MP00002206,EQ00002206,Preventive,90,Operating Hours,Quarterly,Yes
MP00002207,EQ00002207,Preventive,7,Operating Hours,Quarterly,Yes
MP00002208,EQ00002208,Corrective,30,Operating Hours,Half-Yearly,Yes
MP00002209,EQ00002209,Inspection,90,Calendar Days,Quarterly,No
MP00002210,EQ00002210,Corrective,90,Calendar Days,Quarterly,No
MP00002211,EQ00002211,Corrective,180,Operating Hours,Quarterly,Yes
MP00002212,EQ00002212,Corrective,14,Operating Hours,Annual,No
MP00002213,EQ00002213,Calibration,365,Operating Hours,Monthly,Yes
MP00002214,EQ00002214,Calibration,90,Calendar Days,Half-Yearly,Yes
MP00002215,EQ00002215,Inspection,90,Calendar Days,Monthly,No
MP00002216,EQ00002216,Inspection,14,Operating Hours,Half-Yearly,Yes
MP00002217,EQ00002217,Inspection,180,Calendar Days,Annual,Yes
MP00002218,EQ00002218,Predictive,365,Calendar Days,Quarterly,Yes
MP00002219,EQ00002219,Inspection,365,Calendar Days,Half-Yearly,Yes
MP00002220,EQ00002220,Calibration,30,Calendar Days,Half-Yearly,Yes
MP00002221,EQ00002221,Corrective,14,Operating Hours,Half-Yearly,Yes
MP00002222,EQ00002222,Calibration,14,Calendar Days,Monthly,No
MP00002223,EQ00002223,Calibration,30,Calendar Days,Monthly,No
MP00002224,EQ00002224,Preventive,180,Calendar Days,Annual,Yes
MP00002225,EQ00002225,Inspection,365,Operating Hours,Annual,Yes
MP00002226,EQ00002226,Preventive,180,Operating Hours,Half-Yearly,Yes
MP00002227,EQ00002227,Calibration,30,Calendar Days,Quarterly,Yes
MP00002228,EQ00002228,Calibration,365,Operating Hours,Quarterly,Yes
MP00002229,EQ00002229,Preventive,7,Calendar Days,Quarterly,Yes
MP00002230,EQ00002230,Predictive,30,Calendar Days,Half-Yearly,Yes
MP00002231,EQ00002231,Preventive,365,Calendar Days,Quarterly,Yes
MP00002232,EQ00002232,Corrective,90,Calendar Days,Annual,Yes
MP00002233,EQ00002233,Preventive,14,Operating Hours,Monthly,No
MP00002234,EQ00002234,Inspection,365,Calendar Days,Annual,Yes
MP00002235,EQ00002235,Corrective,30,Operating Hours,Annual,Yes
MP00002236,EQ00002236,Corrective,90,Calendar Days,Monthly,Yes
MP00002237,EQ00002237,Corrective,90,Operating Hours,Monthly,No
MP00002238,EQ00002238,Preventive,180,Operating Hours,Annual,Yes
MP00002239,EQ00002239,Inspection,30,Operating Hours,Annual,Yes
MP00002240,EQ00002240,Corrective,365,Calendar Days,Quarterly,No
MP00002241,EQ00002241,Calibration,90,Calendar Days,Half-Yearly,Yes
MP00002242,EQ00002242,Preventive,7,Calendar Days,Half-Yearly,Yes
MP00002243,EQ00002243,Preventive,180,Calendar Days,Annual,No
MP00002244,EQ00002244,Predictive,180,Operating Hours,Quarterly,Yes
MP00002245,EQ00002245,Predictive,90,Calendar Days,Quarterly,No
MP00002246,EQ00002246,Calibration,14,Operating Hours,Annual,No
MP00002247,EQ00002247,Inspection,180,Calendar Days,Half-Yearly,Yes
MP00002248,EQ00002248,Preventive,90,Operating Hours,Monthly,Yes
MP00002249,EQ00002249,Inspection,14,Operating Hours,Annual,No
MP00002250,EQ00002250,Calibration,90,Operating Hours,Quarterly,Yes
MP00002251,EQ00002251,Preventive,365,Calendar Days,Monthly,No
MP00002252,EQ00002252,Inspection,365,Operating Hours,Half-Yearly,No
MP00002253,EQ00002253,Inspection,90,Calendar Days,Annual,Yes
MP00002254,EQ00002254,Predictive,180,Calendar Days,Quarterly,Yes
MP00002255,EQ00002255,Corrective,30,Calendar Days,Annual,Yes
MP00002256,EQ00002256,Inspection,30,Calendar Days,Monthly,Yes
MP00002257,EQ00002257,Inspection,30,Operating Hours,Quarterly,No
MP00002258,EQ00002258,Inspection,90,Calendar Days,Monthly,Yes
MP00002259,EQ00002259,Calibration,30,Operating Hours,Half-Yearly,Yes
MP00002260,EQ00002260,Predictive,30,Calendar Days,Monthly,No
MP00002261,EQ00002261,Inspection,90,Operating Hours,Half-Yearly,Yes
MP00002262,EQ00002262,Corrective,7,Calendar Days,Monthly,Yes
MP00002263,EQ00002263,Corrective,14,Calendar Days,Annual,Yes
MP00002264,EQ00002264,Inspection,180,Calendar Days,Half-Yearly,Yes
MP00002265,EQ00002265,Corrective,30,Calendar Days,Monthly,No
MP00002266,EQ00002266,Corrective,30,Operating Hours,Half-Yearly,Yes
MP00002267,EQ00002267,Preventive,180,Calendar Days,Half-Yearly,Yes
MP00002268,EQ00002268,Corrective,90,Calendar Days,Monthly,No
MP00002269,EQ00002269,Calibration,30,Calendar Days,Quarterly,Yes
MP00002270,EQ00002270,Predictive,90,Operating Hours,Quarterly,Yes
MP00002271,EQ00002271,Calibration,365,Calendar Days,Monthly,Yes
MP00002272,EQ00002272,Corrective,365,Calendar Days,Monthly,Yes
MP00002273,EQ00002273,Inspection,180,Calendar Days,Half-Yearly,Yes
MP00002274,EQ00002274,Inspection,180,Calendar Days,Monthly,Yes
MP00002275,EQ00002275,Corrective,365,Calendar Days,Monthly,No
MP00002276,EQ00002276,Corrective,30,Calendar Days,Half-Yearly,No
MP00002277,EQ00002277,Inspection,365,Calendar Days,Quarterly,Yes
MP00002278,EQ00002278,Calibration,180,Calendar Days,Quarterly,Yes
MP00002279,EQ00002279,Calibration,7,Calendar Days,Half-Yearly,Yes
MP00002280,EQ00002280,Calibration,180,Operating Hours,Annual,No
MP00002281,EQ00002281,Predictive,7,Operating Hours,Half-Yearly,Yes
MP00002282,EQ00002282,Predictive,180,Operating Hours,Annual,Yes
MP00002283,EQ00002283,Predictive,90,Operating Hours,Quarterly,Yes
MP00002284,EQ00002284,Predictive,365,Calendar Days,Annual,Yes
MP00002285,EQ00002285,Inspection,30,Operating Hours,Quarterly,No
MP00002286,EQ00002286,Corrective,180,Operating Hours,Annual,Yes
MP00002287,EQ00002287,Calibration,90,Calendar Days,Monthly,No
MP00002288,EQ00002288,Inspection,7,Operating Hours,Annual,Yes
MP00002289,EQ00002289,Predictive,90,Operating Hours,Half-Yearly,No
MP00002290,EQ00002290,Inspection,365,Calendar Days,Monthly,Yes
MP00002291,EQ00002291,Preventive,365,Calendar Days,Quarterly,Yes
MP00002292,EQ00002292,Corrective,90,Calendar Days,Annual,Yes
MP00002293,EQ00002293,Corrective,14,Operating Hours,Half-Yearly,No
MP00002294,EQ00002294,Corrective,30,Calendar Days,Monthly,Yes
MP00002295,EQ00002295,Preventive,180,Calendar Days,Monthly,Yes
MP00002296,EQ00002296,Inspection,30,Operating Hours,Quarterly,Yes
MP00002297,EQ00002297,Inspection,90,Operating Hours,Annual,No
MP00002298,EQ00002298,Preventive,365,Calendar Days,Monthly,Yes
MP00002299,EQ00002299,Corrective,14,Calendar Days,Quarterly,No
MP00002300,EQ00002300,Predictive,180,Calendar Days,Quarterly,Yes
MP00002301,EQ00002301,Preventive,365,Operating Hours,Half-Yearly,Yes
MP00002302,EQ00002302,Inspection,180,Operating Hours,Annual,Yes
MP00002303,EQ00002303,Preventive,30,Operating Hours,Half-Yearly,Yes
MP00002304,EQ00002304,Corrective,7,Operating Hours,Half-Yearly,Yes
MP00002305,EQ00002305,Inspection,90,Calendar Days,Quarterly,Yes
MP00002306,EQ00002306,Corrective,14,Operating Hours,Half-Yearly,Yes
MP00002307,EQ00002307,Corrective,180,Operating Hours,Annual,Yes
MP00002308,EQ00002308,Inspection,90,Operating Hours,Annual,Yes
MP00002309,EQ00002309,Corrective,180,Calendar Days,Annual,No
MP00002310,EQ00002310,Preventive,30,Operating Hours,Quarterly,No
MP00002311,EQ00002311,Predictive,30,Calendar Days,Quarterly,Yes
MP00002312,EQ00002312,Inspection,365,Calendar Days,Half-Yearly,Yes
MP00002313,EQ00002313,Calibration,7,Calendar Days,Monthly,Yes
MP00002314,EQ00002314,Preventive,90,Calendar Days,Monthly,Yes
MP00002315,EQ00002315,Inspection,90,Operating Hours,Half-Yearly,Yes
MP00002316,EQ00002316,Predictive,30,Operating Hours,Quarterly,No
MP00002317,EQ00002317,Calibration,180,Calendar Days,Half-Yearly,No
MP00002318,EQ00002318,Inspection,30,Calendar Days,Half-Yearly,Yes
MP00002319,EQ00002319,Predictive,365,Operating Hours,Quarterly,Yes
MP00002320,EQ00002320,Predictive,180,Operating Hours,Monthly,No
MP00002321,EQ00002321,Preventive,365,Operating Hours,Quarterly,Yes
MP00002322,EQ00002322,Corrective,7,Calendar Days,Half-Yearly,Yes
MP00002323,EQ00002323,Preventive,90,Operating Hours,Quarterly,No
MP00002324,EQ00002324,Corrective,180,Operating Hours,Quarterly,Yes
MP00002325,EQ00002325,Calibration,14,Calendar Days,Annual,No
MP00002326,EQ00002326,Inspection,30,Operating Hours,Quarterly,Yes
MP00002327,EQ00002327,Predictive,90,Operating Hours,Annual,Yes
MP00002328,EQ00002328,Preventive,14,Calendar Days,Monthly,Yes
MP00002329,EQ00002329,Preventive,30,Calendar Days,Annual,Yes
MP00002330,EQ00002330,Inspection,365,Calendar Days,Monthly,Yes
MP00002331,EQ00002331,Preventive,7,Calendar Days,Half-Yearly,Yes
MP00002332,EQ00002332,Corrective,180,Operating Hours,Monthly,No
MP00002333,EQ00002333,Preventive,14,Operating Hours,Quarterly,Yes
MP00002334,EQ00002334,Preventive,30,Operating Hours,Monthly,Yes
MP00002335,EQ00002335,Corrective,90,Calendar Days,Quarterly,Yes
MP00002336,EQ00002336,Corrective,365,Calendar Days,Annual,No
MP00002337,EQ00002337,Predictive,30,Calendar Days,Half-Yearly,Yes
MP00002338,EQ00002338,Preventive,180,Calendar Days,Annual,Yes
MP00002339,EQ00002339,Calibration,90,Calendar Days,Monthly,Yes
MP00002340,EQ00002340,Inspection,7,Calendar Days,Annual,Yes
MP00002341,EQ00002341,Inspection,365,Operating Hours,Annual,No
MP00002342,EQ00002342,Calibration,30,Calendar Days,Quarterly,No
MP00002343,EQ00002343,Predictive,90,Operating Hours,Half-Yearly,Yes
MP00002344,EQ00002344,Inspection,14,Operating Hours,Monthly,No
MP00002345,EQ00002345,Inspection,90,Operating Hours,Quarterly,Yes
MP00002346,EQ00002346,Calibration,90,Calendar Days,Annual,Yes
MP00002347,EQ00002347,Calibration,30,Calendar Days,Quarterly,Yes
MP00002348,EQ00002348,Corrective,180,Calendar Days,Half-Yearly,Yes
MP00002349,EQ00002349,Calibration,30,Calendar Days,Quarterly,Yes
MP00002350,EQ00002350,Inspection,14,Operating Hours,Annual,No
MP00002351,EQ00002351,Calibration,365,Calendar Days,Annual,Yes
MP00002352,EQ00002352,Predictive,90,Calendar Days,Monthly,No
MP00002353,EQ00002353,Inspection,180,Calendar Days,Half-Yearly,Yes
MP00002354,EQ00002354,Calibration,180,Calendar Days,Half-Yearly,Yes
MP00002355,EQ00002355,Calibration,180,Calendar Days,Annual,No
MP00002356,EQ00002356,Predictive,365,Calendar Days,Annual,Yes
MP00002357,EQ00002357,Preventive,90,Operating Hours,Annual,Yes
MP00002358,EQ00002358,Preventive,180,Calendar Days,Quarterly,Yes
MP00002359,EQ00002359,Inspection,180,Calendar Days,Annual,Yes
MP00002360,EQ00002360,Predictive,14,Operating Hours,Quarterly,Yes
MP00002361,EQ00002361,Preventive,90,Operating Hours,Annual,Yes
MP00002362,EQ00002362,Preventive,7,Calendar Days,Quarterly,Yes
MP00002363,EQ00002363,Inspection,180,Operating Hours,Half-Yearly,Yes
MP00002364,EQ00002364,Corrective,30,Calendar Days,Quarterly,Yes
MP00002365,EQ00002365,Calibration,7,Calendar Days,Monthly,Yes
MP00002366,EQ00002366,Predictive,14,Calendar Days,Half-Yearly,No
MP00002367,EQ00002367,Inspection,30,Calendar Days,Half-Yearly,No
MP00002368,EQ00002368,Preventive,90,Operating Hours,Half-Yearly,Yes
MP00002369,EQ00002369,Corrective,7,Operating Hours,Half-Yearly,Yes
MP00002370,EQ00002370,Preventive,30,Operating Hours,Annual,No
MP00002371,EQ00002371,Calibration,180,Operating Hours,Half-Yearly,No
MP00002372,EQ00002372,Predictive,180,Operating Hours,Quarterly,Yes
MP00002373,EQ00002373,Inspection,180,Operating Hours,Quarterly,No
MP00002374,EQ00002374,Preventive,365,Calendar Days,Monthly,No
MP00002375,EQ00002375,Inspection,14,Calendar Days,Monthly,Yes
MP00002376,EQ00002376,Preventive,90,Calendar Days,Half-Yearly,No
MP00002377,EQ00002377,Preventive,90,Calendar Days,Quarterly,Yes
MP00002378,EQ00002378,Corrective,90,Operating Hours,Annual,No
MP00002379,EQ00002379,Preventive,365,Calendar Days,Quarterly,Yes
MP00002380,EQ00002380,Preventive,365,Operating Hours,Quarterly,Yes
MP00002381,EQ00002381,Inspection,365,Operating Hours,Quarterly,No
MP00002382,EQ00002382,Inspection,90,Calendar Days,Monthly,No
MP00002383,EQ00002383,Preventive,180,Calendar Days,Quarterly,Yes
MP00002384,EQ00002384,Preventive,90,Calendar Days,Monthly,No
MP00002385,EQ00002385,Predictive,180,Calendar Days,Monthly,Yes
MP00002386,EQ00002386,Corrective,7,Operating Hours,Annual,Yes
MP00002387,EQ00002387,Corrective,180,Operating Hours,Annual,Yes
MP00002388,EQ00002388,Preventive,90,Calendar Days,Quarterly,Yes
MP00002389,EQ00002389,Calibration,365,Operating Hours,Half-Yearly,Yes
MP00002390,EQ00002390,Calibration,90,Calendar Days,Quarterly,No
MP00002391,EQ00002391,Inspection,365,Calendar Days,Quarterly,Yes
MP00002392,EQ00002392,Predictive,30,Operating Hours,Half-Yearly,No
MP00002393,EQ00002393,Preventive,30,Calendar Days,Monthly,Yes
MP00002394,EQ00002394,Preventive,365,Operating Hours,Annual,Yes
MP00002395,EQ00002395,Inspection,365,Operating Hours,Monthly,Yes
MP00002396,EQ00002396,Preventive,180,Calendar Days,Annual,No
MP00002397,EQ00002397,Predictive,180,Operating Hours,Monthly,Yes
MP00002398,EQ00002398,Preventive,365,Operating Hours,Half-Yearly,Yes
MP00002399,EQ00002399,Corrective,365,Operating Hours,Half-Yearly,Yes
MP00002400,EQ00002400,Calibration,180,Calendar Days,Quarterly,Yes
MP00002401,EQ00002401,Preventive,365,Operating Hours,Monthly,Yes
MP00002402,EQ00002402,Preventive,90,Calendar Days,Annual,Yes
MP00002403,EQ00002403,Corrective,180,Calendar Days,Half-Yearly,Yes
MP00002404,EQ00002404,Calibration,90,Calendar Days,Monthly,No
MP00002405,EQ00002405,Preventive,180,Calendar Days,Monthly,No
MP00002406,EQ00002406,Preventive,30,Calendar Days,Monthly,Yes
MP00002407,EQ00002407,Calibration,180,Calendar Days,Quarterly,Yes
MP00002408,EQ00002408,Calibration,90,Calendar Days,Monthly,No
MP00002409,EQ00002409,Corrective,365,Calendar Days,Annual,Yes
MP00002410,EQ00002410,Preventive,14,Operating Hours,Monthly,No
MP00002411,EQ00002411,Inspection,30,Operating Hours,Half-Yearly,No
MP00002412,EQ00002412,Calibration,30,Operating Hours,Annual,Yes
MP00002413,EQ00002413,Predictive,365,Operating Hours,Monthly,Yes
MP00002414,EQ00002414,Calibration,90,Operating Hours,Quarterly,Yes
MP00002415,EQ00002415,Predictive,7,Calendar Days,Quarterly,Yes
MP00002416,EQ00002416,Calibration,14,Operating Hours,Annual,No
MP00002417,EQ00002417,Preventive,180,Calendar Days,Monthly,Yes
MP00002418,EQ00002418,Inspection,7,Calendar Days,Annual,Yes
MP00002419,EQ00002419,Inspection,30,Operating Hours,Monthly,Yes
MP00002420,EQ00002420,Preventive,180,Calendar Days,Annual,No
MP00002421,EQ00002421,Predictive,365,Operating Hours,Quarterly,Yes
MP00002422,EQ00002422,Inspection,90,Calendar Days,Quarterly,No
MP00002423,EQ00002423,Inspection,365,Operating Hours,Annual,Yes
MP00002424,EQ00002424,Inspection,180,Calendar Days,Annual,Yes
MP00002425,EQ00002425,Calibration,90,Operating Hours,Half-Yearly,No
MP00002426,EQ00002426,Predictive,365,Operating Hours,Monthly,Yes
MP00002427,EQ00002427,Predictive,180,Calendar Days,Monthly,No
MP00002428,EQ00002428,Inspection,365,Calendar Days,Monthly,Yes
MP00002429,EQ00002429,Calibration,365,Calendar Days,Annual,Yes
MP00002430,EQ00002430,Preventive,30,Operating Hours,Half-Yearly,No
MP00002431,EQ00002431,Predictive,180,Operating Hours,Monthly,Yes
MP00002432,EQ00002432,Inspection,180,Operating Hours,Monthly,Yes
MP00002433,EQ00002433,Preventive,7,Operating Hours,Monthly,Yes
MP00002434,EQ00002434,Predictive,365,Operating Hours,Half-Yearly,Yes
MP00002435,EQ00002435,Preventive,180,Calendar Days,Quarterly,Yes
MP00002436,EQ00002436,Predictive,7,Operating Hours,Monthly,Yes
MP00002437,EQ00002437,Inspection,180,Calendar Days,Quarterly,Yes
MP00002438,EQ00002438,Inspection,30,Operating Hours,Annual,Yes
MP00002439,EQ00002439,Preventive,365,Operating Hours,Monthly,Yes
MP00002440,EQ00002440,Corrective,30,Operating Hours,Annual,No
MP00002441,EQ00002441,Inspection,180,Operating Hours,Quarterly,Yes
MP00002442,EQ00002442,Predictive,30,Operating Hours,Annual,Yes
MP00002443,EQ00002443,Predictive,30,Calendar Days,Annual,Yes
MP00002444,EQ00002444,Inspection,365,Calendar Days,Quarterly,Yes
MP00002445,EQ00002445,Corrective,365,Operating Hours,Half-Yearly,Yes
MP00002446,EQ00002446,Calibration,90,Calendar Days,Monthly,Yes
MP00002447,EQ00002447,Inspection,90,Operating Hours,Annual,No
MP00002448,EQ00002448,Predictive,90,Operating Hours,Monthly,No
MP00002449,EQ00002449,Inspection,365,Operating Hours,Monthly,No
MP00002450,EQ00002450,Inspection,365,Calendar Days,Monthly,Yes
MP00002451,EQ00002451,Corrective,365,Calendar Days,Half-Yearly,Yes
MP00002452,EQ00002452,Inspection,30,Calendar Days,Half-Yearly,Yes
MP00002453,EQ00002453,Inspection,365,Operating Hours,Monthly,Yes
MP00002454,EQ00002454,Preventive,365,Calendar Days,Half-Yearly,Yes
MP00002455,EQ00002455,Predictive,180,Operating Hours,Half-Yearly,No
MP00002456,EQ00002456,Calibration,365,Calendar Days,Monthly,Yes
MP00002457,EQ00002457,Corrective,7,Calendar Days,Annual,Yes
MP00002458,EQ00002458,Calibration,180,Operating Hours,Annual,Yes
MP00002459,EQ00002459,Inspection,90,Calendar Days,Monthly,Yes
MP00002460,EQ00002460,Calibration,365,Operating Hours,Monthly,Yes
MP00002461,EQ00002461,Inspection,30,Calendar Days,Quarterly,No
MP00002462,EQ00002462,Corrective,365,Calendar Days,Annual,Yes
MP00002463,EQ00002463,Predictive,90,Calendar Days,Annual,Yes
MP00002464,EQ00002464,Corrective,14,Operating Hours,Half-Yearly,No
MP00002465,EQ00002465,Inspection,90,Operating Hours,Annual,Yes
MP00002466,EQ00002466,Inspection,30,Operating Hours,Half-Yearly,No
MP00002467,EQ00002467,Calibration,30,Calendar Days,Annual,Yes
MP00002468,EQ00002468,Calibration,365,Calendar Days,Monthly,Yes
MP00002469,EQ00002469,Predictive,365,Operating Hours,Annual,Yes
MP00002470,EQ00002470,Calibration,180,Operating Hours,Monthly,Yes
MP00002471,EQ00002471,Inspection,30,Operating Hours,Half-Yearly,No
MP00002472,EQ00002472,Preventive,365,Calendar Days,Monthly,No
MP00002473,EQ00002473,Calibration,365,Operating Hours,Monthly,Yes
MP00002474,EQ00002474,Inspection,365,Operating Hours,Half-Yearly,Yes
MP00002475,EQ00002475,Calibration,180,Operating Hours,Quarterly,Yes
MP00002476,EQ00002476,Inspection,30,Operating Hours,Monthly,No
MP00002477,EQ00002477,Preventive,365,Calendar Days,Half-Yearly,Yes
MP00002478,EQ00002478,Inspection,90,Operating Hours,Quarterly,Yes
MP00002479,EQ00002479,Preventive,180,Operating Hours,Half-Yearly,Yes
MP00002480,EQ00002480,Corrective,365,Calendar Days,Monthly,Yes
MP00002481,EQ00002481,Calibration,180,Calendar Days,Half-Yearly,Yes
MP00002482,EQ00002482,Corrective,30,Calendar Days,Monthly,No
MP00002483,EQ00002483,Calibration,14,Calendar Days,Monthly,No
MP00002484,EQ00002484,Predictive,180,Operating Hours,Half-Yearly,Yes
MP00002485,EQ00002485,Calibration,180,Operating Hours,Annual,No
MP00002486,EQ00002486,Inspection,90,Calendar Days,Annual,Yes
MP00002487,EQ00002487,Inspection,14,Operating Hours,Annual,Yes
MP00002488,EQ00002488,Preventive,365,Calendar Days,Annual,No
MP00002489,EQ00002489,Inspection,30,Operating Hours,Monthly,Yes
MP00002490,EQ00002490,Inspection,365,Operating Hours,Annual,Yes
MP00002491,EQ00002491,Predictive,180,Operating Hours,Monthly,No
MP00002492,EQ00002492,Calibration,365,Calendar Days,Annual,Yes
MP00002493,EQ00002493,Corrective,90,Operating Hours,Quarterly,Yes
MP00002494,EQ00002494,Calibration,90,Operating Hours,Monthly,Yes
MP00002495,EQ00002495,Predictive,30,Calendar Days,Annual,Yes
MP00002496,EQ00002496,Inspection,90,Calendar Days,Monthly,Yes
MP00002497,EQ00002497,Inspection,90,Operating Hours,Annual,No
MP00002498,EQ00002498,Inspection,30,Operating Hours,Quarterly,Yes
MP00002499,EQ00002499,Preventive,14,Operating Hours,Monthly,Yes
MP00002500,EQ00002500,Corrective,7,Operating Hours,Half-Yearly,Yes
MP00002501,EQ00002501,Corrective,7,Operating Hours,Quarterly,Yes
MP00002502,EQ00002502,Predictive,365,Calendar Days,Monthly,Yes
MP00002503,EQ00002503,Preventive,180,Calendar Days,Annual,No
MP00002504,EQ00002504,Calibration,365,Calendar Days,Annual,Yes
MP00002505,EQ00002505,Predictive,365,Calendar Days,Quarterly,No
MP00002506,EQ00002506,Predictive,30,Operating Hours,Monthly,No
MP00002507,EQ00002507,Corrective,7,Calendar Days,Half-Yearly,Yes
MP00002508,EQ00002508,Calibration,30,Calendar Days,Quarterly,Yes
MP00002509,EQ00002509,Predictive,7,Operating Hours,Quarterly,Yes
MP00002510,EQ00002510,Calibration,365,Calendar Days,Half-Yearly,Yes
MP00002511,EQ00002511,Preventive,30,Calendar Days,Half-Yearly,Yes
MP00002512,EQ00002512,Preventive,180,Calendar Days,Half-Yearly,Yes
MP00002513,EQ00002513,Preventive,7,Operating Hours,Annual,Yes
MP00002514,EQ00002514,Corrective,365,Operating Hours,Quarterly,Yes
MP00002515,EQ00002515,Preventive,90,Calendar Days,Monthly,Yes
MP00002516,EQ00002516,Preventive,90,Calendar Days,Monthly,Yes
MP00002517,EQ00002517,Corrective,180,Operating Hours,Monthly,No
MP00002518,EQ00002518,Preventive,30,Calendar Days,Quarterly,Yes
MP00002519,EQ00002519,Inspection,14,Calendar Days,Quarterly,Yes
MP00002520,EQ00002520,Preventive,30,Calendar Days,Quarterly,Yes
MP00002521,EQ00002521,Corrective,90,Operating Hours,Annual,Yes
MP00002522,EQ00002522,Preventive,7,Calendar Days,Half-Yearly,Yes
MP00002523,EQ00002523,Predictive,90,Calendar Days,Monthly,No
MP00002524,EQ00002524,Preventive,180,Calendar Days,Quarterly,Yes
MP00002525,EQ00002525,Inspection,365,Operating Hours,Annual,Yes
MP00002526,EQ00002526,Calibration,180,Calendar Days,Quarterly,No
MP00002527,EQ00002527,Inspection,180,Calendar Days,Half-Yearly,Yes
MP00002528,EQ00002528,Predictive,90,Operating Hours,Half-Yearly,No
MP00002529,EQ00002529,Preventive,30,Calendar Days,Half-Yearly,Yes
MP00002530,EQ00002530,Predictive,7,Calendar Days,Half-Yearly,Yes
MP00002531,EQ00002531,Inspection,14,Operating Hours,Half-Yearly,Yes
MP00002532,EQ00002532,Predictive,180,Operating Hours,Monthly,Yes
MP00002533,EQ00002533,Calibration,180,Calendar Days,Quarterly,Yes
MP00002534,EQ00002534,Inspection,30,Operating Hours,Monthly,Yes
MP00002535,EQ00002535,Corrective,90,Calendar Days,Monthly,Yes
MP00002536,EQ00002536,Inspection,180,Operating Hours,Half-Yearly,Yes
MP00002537,EQ00002537,Corrective,180,Calendar Days,Half-Yearly,Yes
MP00002538,EQ00002538,Preventive,90,Calendar Days,Quarterly,Yes
MP00002539,EQ00002539,Inspection,90,Operating Hours,Monthly,No
MP00002540,EQ00002540,Corrective,14,Calendar Days,Half-Yearly,No
MP00002541,EQ00002541,Predictive,180,Operating Hours,Quarterly,No
MP00002542,EQ00002542,Predictive,7,Calendar Days,Quarterly,Yes
MP00002543,EQ00002543,Corrective,30,Calendar Days,Annual,Yes
MP00002544,EQ00002544,Preventive,90,Calendar Days,Annual,Yes
MP00002545,EQ00002545,Calibration,7,Operating Hours,Half-Yearly,Yes
MP00002546,EQ00002546,Preventive,365,Operating Hours,Half-Yearly,Yes
MP00002547,EQ00002547,Preventive,30,Calendar Days,Monthly,No
MP00002548,EQ00002548,Preventive,7,Operating Hours,Monthly,Yes
MP00002549,EQ00002549,Predictive,30,Operating Hours,Quarterly,No
MP00002550,EQ00002550,Predictive,180,Calendar Days,Quarterly,No
MP00002551,EQ00002551,Calibration,365,Operating Hours,Annual,Yes
MP00002552,EQ00002552,Inspection,90,Calendar Days,Annual,Yes
MP00002553,EQ00002553,Predictive,14,Operating Hours,Half-Yearly,No
MP00002554,EQ00002554,Preventive,30,Operating Hours,Quarterly,Yes
MP00002555,EQ00002555,Inspection,365,Operating Hours,Monthly,No
MP00002556,EQ00002556,Corrective,30,Calendar Days,Half-Yearly,Yes
MP00002557,EQ00002557,Preventive,365,Calendar Days,Quarterly,No
MP00002558,EQ00002558,Calibration,180,Operating Hours,Monthly,Yes
MP00002559,EQ00002559,Predictive,90,Calendar Days,Annual,Yes
MP00002560,EQ00002560,Predictive,365,Operating Hours,Monthly,Yes
MP00002561,EQ00002561,Inspection,90,Operating Hours,Annual,Yes
MP00002562,EQ00002562,Predictive,365,Calendar Days,Annual,Yes
MP00002563,EQ00002563,Predictive,30,Operating Hours,Half-Yearly,No
MP00002564,EQ00002564,Preventive,90,Calendar Days,Monthly,No
MP00002565,EQ00002565,Predictive,30,Operating Hours,Monthly,No
MP00002566,EQ00002566,Corrective,180,Calendar Days,Annual,No
MP00002567,EQ00002567,Predictive,7,Calendar Days,Half-Yearly,Yes
MP00002568,EQ00002568,Inspection,90,Operating Hours,Annual,Yes
MP00002569,EQ00002569,Calibration,30,Calendar Days,Monthly,Yes
MP00002570,EQ00002570,Corrective,180,Calendar Days,Quarterly,Yes
MP00002571,EQ00002571,Inspection,7,Calendar Days,Annual,Yes
MP00002572,EQ00002572,Predictive,365,Operating Hours,Monthly,No
MP00002573,EQ00002573,Corrective,14,Operating Hours,Annual,Yes
MP00002574,EQ00002574,Inspection,90,Operating Hours,Quarterly,No
MP00002575,EQ00002575,Preventive,90,Calendar Days,Monthly,Yes
MP00002576,EQ00002576,Inspection,30,Operating Hours,Monthly,Yes
MP00002577,EQ00002577,Predictive,180,Calendar Days,Half-Yearly,Yes
MP00002578,EQ00002578,Corrective,30,Operating Hours,Monthly,No
MP00002579,EQ00002579,Calibration,30,Calendar Days,Half-Yearly,Yes
MP00002580,EQ00002580,Calibration,14,Calendar Days,Monthly,No
MP00002581,EQ00002581,Inspection,7,Operating Hours,Annual,Yes
MP00002582,EQ00002582,Inspection,7,Calendar Days,Annual,Yes
MP00002583,EQ00002583,Predictive,30,Operating Hours,Monthly,No
MP00002584,EQ00002584,Calibration,180,Operating Hours,Half-Yearly,No
MP00002585,EQ00002585,Calibration,90,Operating Hours,Quarterly,Yes
MP00002586,EQ00002586,Predictive,180,Operating Hours,Monthly,Yes
MP00002587,EQ00002587,Preventive,14,Calendar Days,Monthly,No
MP00002588,EQ00002588,Corrective,180,Operating Hours,Annual,Yes
MP00002589,EQ00002589,Calibration,90,Calendar Days,Half-Yearly,Yes
MP00002590,EQ00002590,Calibration,180,Operating Hours,Annual,Yes
MP00002591,EQ00002591,Inspection,14,Calendar Days,Monthly,No
MP00002592,EQ00002592,Calibration,30,Operating Hours,Quarterly,No
MP00002593,EQ00002593,Predictive,30,Operating Hours,Half-Yearly,Yes
MP00002594,EQ00002594,Corrective,180,Operating Hours,Annual,No
MP00002595,EQ00002595,Calibration,365,Calendar Days,Monthly,Yes
MP00002596,EQ00002596,Predictive,90,Operating Hours,Annual,Yes
MP00002597,EQ00002597,Corrective,365,Calendar Days,Annual,Yes
MP00002598,EQ00002598,Calibration,14,Operating Hours,Half-Yearly,Yes
MP00002599,EQ00002599,Inspection,30,Operating Hours,Monthly,Yes
MP00002600,EQ00002600,Inspection,365,Operating Hours,Half-Yearly,No
MP00002601,EQ00002601,Predictive,365,Calendar Days,Monthly,Yes
MP00002602,EQ00002602,Preventive,14,Operating Hours,Half-Yearly,Yes
MP00002603,EQ00002603,Predictive,90,Operating Hours,Half-Yearly,Yes
MP00002604,EQ00002604,Corrective,90,Calendar Days,Annual,Yes
MP00002605,EQ00002605,Preventive,365,Calendar Days,Monthly,Yes
MP00002606,EQ00002606,Corrective,90,Calendar Days,Half-Yearly,No
MP00002607,EQ00002607,Inspection,30,Operating Hours,Monthly,No
MP00002608,EQ00002608,Predictive,14,Calendar Days,Annual,No
MP00002609,EQ00002609,Inspection,14,Operating Hours,Quarterly,Yes
MP00002610,EQ00002610,Inspection,365,Operating Hours,Half-Yearly,No
MP00002611,EQ00002611,Preventive,90,Calendar Days,Quarterly,Yes
MP00002612,EQ00002612,Calibration,14,Calendar Days,Half-Yearly,No
MP00002613,EQ00002613,Preventive,30,Operating Hours,Quarterly,Yes
MP00002614,EQ00002614,Calibration,30,Calendar Days,Half-Yearly,Yes
MP00002615,EQ00002615,Preventive,30,Calendar Days,Annual,Yes
MP00002616,EQ00002616,Calibration,7,Calendar Days,Half-Yearly,Yes
MP00002617,EQ00002617,Preventive,365,Calendar Days,Half-Yearly,Yes
MP00002618,EQ00002618,Calibration,30,Calendar Days,Annual,Yes
MP00002619,EQ00002619,Inspection,180,Calendar Days,Annual,Yes
MP00002620,EQ00002620,Predictive,180,Operating Hours,Half-Yearly,Yes
MP00002621,EQ00002621,Inspection,30,Calendar Days,Monthly,Yes
MP00002622,EQ00002622,Inspection,365,Operating Hours,Quarterly,Yes
MP00002623,EQ00002623,Predictive,30,Calendar Days,Monthly,Yes
MP00002624,EQ00002624,Calibration,90,Operating Hours,Quarterly,Yes
MP00002625,EQ00002625,Inspection,30,Operating Hours,Half-Yearly,Yes
MP00002626,EQ00002626,Preventive,180,Calendar Days,Quarterly,No
MP00002627,EQ00002627,Predictive,365,Calendar Days,Monthly,No
MP00002628,EQ00002628,Preventive,180,Calendar Days,Monthly,No
MP00002629,EQ00002629,Calibration,180,Operating Hours,Monthly,Yes
MP00002630,EQ00002630,Preventive,30,Operating Hours,Monthly,No
MP00002631,EQ00002631,Predictive,7,Calendar Days,Quarterly,Yes
MP00002632,EQ00002632,Predictive,365,Operating Hours,Annual,No
MP00002633,EQ00002633,Calibration,180,Operating Hours,Quarterly,No
MP00002634,EQ00002634,Predictive,180,Calendar Days,Monthly,Yes
MP00002635,EQ00002635,Predictive,90,Calendar Days,Half-Yearly,Yes
MP00002636,EQ00002636,Preventive,14,Calendar Days,Half-Yearly,Yes
MP00002637,EQ00002637,Calibration,90,Operating Hours,Half-Yearly,Yes
MP00002638,EQ00002638,Inspection,14,Calendar Days,Monthly,No
MP00002639,EQ00002639,Inspection,180,Operating Hours,Monthly,Yes
MP00002640,EQ00002640,Predictive,180,Calendar Days,Annual,No
MP00002641,EQ00002641,Corrective,14,Calendar Days,Monthly,No
MP00002642,EQ00002642,Calibration,180,Operating Hours,Quarterly,Yes
MP00002643,EQ00002643,Calibration,7,Calendar Days,Quarterly,Yes
MP00002644,EQ00002644,Predictive,180,Operating Hours,Monthly,Yes
MP00002645,EQ00002645,Corrective,30,Calendar Days,Half-Yearly,Yes
MP00002646,EQ00002646,Corrective,180,Operating Hours,Annual,Yes
MP00002647,EQ00002647,Preventive,180,Calendar Days,Half-Yearly,Yes
MP00002648,EQ00002648,Calibration,365,Calendar Days,Monthly,Yes
MP00002649,EQ00002649,Calibration,30,Operating Hours,Monthly,Yes
MP00002650,EQ00002650,Calibration,180,Calendar Days,Quarterly,Yes
MP00002651,EQ00002651,Corrective,365,Operating Hours,Annual,Yes
MP00002652,EQ00002652,Corrective,30,Calendar Days,Half-Yearly,No
MP00002653,EQ00002653,Calibration,30,Operating Hours,Quarterly,Yes
MP00002654,EQ00002654,Inspection,90,Calendar Days,Annual,Yes
MP00002655,EQ00002655,Calibration,90,Calendar Days,Half-Yearly,Yes
MP00002656,EQ00002656,Preventive,180,Calendar Days,Quarterly,Yes
MP00002657,EQ00002657,Preventive,90,Operating Hours,Quarterly,Yes
MP00002658,EQ00002658,Corrective,14,Operating Hours,Quarterly,No
MP00002659,EQ00002659,Calibration,180,Operating Hours,Quarterly,Yes
MP00002660,EQ00002660,Predictive,365,Calendar Days,Quarterly,No
MP00002661,EQ00002661,Corrective,30,Operating Hours,Quarterly,Yes
MP00002662,EQ00002662,Inspection,365,Calendar Days,Half-Yearly,No
MP00002663,EQ00002663,Calibration,30,Operating Hours,Annual,Yes
MP00002664,EQ00002664,Predictive,90,Calendar Days,Monthly,No
MP00002665,EQ00002665,Preventive,30,Calendar Days,Monthly,Yes
MP00002666,EQ00002666,Preventive,90,Calendar Days,Annual,No
MP00002667,EQ00002667,Calibration,365,Calendar Days,Half-Yearly,No
MP00002668,EQ00002668,Inspection,365,Operating Hours,Annual,Yes
MP00002669,EQ00002669,Preventive,180,Calendar Days,Monthly,Yes
MP00002670,EQ00002670,Predictive,90,Calendar Days,Half-Yearly,No
MP00002671,EQ00002671,Inspection,14,Operating Hours,Quarterly,Yes
MP00002672,EQ00002672,Predictive,90,Operating Hours,Half-Yearly,Yes
MP00002673,EQ00002673,Inspection,180,Operating Hours,Monthly,No
MP00002674,EQ00002674,Corrective,90,Operating Hours,Annual,No
MP00002675,EQ00002675,Preventive,30,Calendar Days,Half-Yearly,Yes
MP00002676,EQ00002676,Calibration,14,Operating Hours,Half-Yearly,Yes
MP00002677,EQ00002677,Corrective,180,Calendar Days,Annual,Yes
MP00002678,EQ00002678,Calibration,30,Calendar Days,Quarterly,Yes
MP00002679,EQ00002679,Preventive,30,Calendar Days,Monthly,Yes
MP00002680,EQ00002680,Preventive,365,Calendar Days,Monthly,Yes
MP00002681,EQ00002681,Preventive,7,Operating Hours,Quarterly,Yes
MP00002682,EQ00002682,Corrective,90,Calendar Days,Quarterly,No
MP00002683,EQ00002683,Inspection,90,Operating Hours,Annual,Yes
MP00002684,EQ00002684,Inspection,180,Calendar Days,Quarterly,Yes
MP00002685,EQ00002685,Preventive,30,Calendar Days,Half-Yearly,Yes
MP00002686,EQ00002686,Inspection,90,Operating Hours,Quarterly,Yes
MP00002687,EQ00002687,Corrective,180,Calendar Days,Monthly,Yes
MP00002688,EQ00002688,Preventive,365,Calendar Days,Monthly,Yes
MP00002689,EQ00002689,Predictive,14,Calendar Days,Monthly,Yes
MP00002690,EQ00002690,Calibration,30,Operating Hours,Quarterly,Yes
MP00002691,EQ00002691,Inspection,90,Calendar Days,Half-Yearly,Yes
MP00002692,EQ00002692,Inspection,90,Operating Hours,Quarterly,No
MP00002693,EQ00002693,Inspection,90,Operating Hours,Monthly,No
MP00002694,EQ00002694,Calibration,365,Calendar Days,Quarterly,No
MP00002695,EQ00002695,Predictive,90,Operating Hours,Monthly,Yes
MP00002696,EQ00002696,Inspection,30,Operating Hours,Half-Yearly,No
MP00002697,EQ00002697,Preventive,90,Calendar Days,Quarterly,Yes
MP00002698,EQ00002698,Corrective,30,Operating Hours,Quarterly,Yes
MP00002699,EQ00002699,Inspection,7,Calendar Days,Half-Yearly,Yes
MP00002700,EQ00002700,Preventive,180,Operating Hours,Annual,No
MP00002701,EQ00002701,Inspection,180,Calendar Days,Annual,Yes
MP00002702,EQ00002702,Preventive,90,Operating Hours,Monthly,Yes
MP00002703,EQ00002703,Preventive,7,Operating Hours,Half-Yearly,Yes
MP00002704,EQ00002704,Preventive,90,Operating Hours,Annual,Yes
MP00002705,EQ00002705,Predictive,14,Operating Hours,Half-Yearly,Yes
MP00002706,EQ00002706,Predictive,180,Operating Hours,Monthly,Yes
MP00002707,EQ00002707,Inspection,180,Calendar Days,Quarterly,No
MP00002708,EQ00002708,Corrective,365,Calendar Days,Half-Yearly,Yes
MP00002709,EQ00002709,Calibration,365,Calendar Days,Quarterly,No
MP00002710,EQ00002710,Predictive,365,Operating Hours,Annual,No
MP00002711,EQ00002711,Inspection,90,Calendar Days,Annual,Yes
MP00002712,EQ00002712,Predictive,180,Operating Hours,Annual,Yes
MP00002713,EQ00002713,Inspection,180,Calendar Days,Half-Yearly,Yes
MP00002714,EQ00002714,Inspection,90,Calendar Days,Quarterly,Yes
MP00002715,EQ00002715,Calibration,30,Operating Hours,Monthly,No
MP00002716,EQ00002716,Inspection,30,Operating Hours,Quarterly,Yes
MP00002717,EQ00002717,Predictive,7,Calendar Days,Monthly,Yes
MP00002718,EQ00002718,Corrective,90,Calendar Days,Quarterly,Yes
MP00002719,EQ00002719,Inspection,30,Operating Hours,Quarterly,No
MP00002720,EQ00002720,Calibration,90,Operating Hours,Quarterly,Yes
MP00002721,EQ00002721,Calibration,90,Calendar Days,Monthly,Yes
MP00002722,EQ00002722,Corrective,14,Operating Hours,Half-Yearly,Yes
MP00002723,EQ00002723,Predictive,180,Calendar Days,Monthly,Yes
MP00002724,EQ00002724,Predictive,180,Calendar Days,Monthly,No
MP00002725,EQ00002725,Inspection,365,Calendar Days,Quarterly,Yes
MP00002726,EQ00002726,Inspection,30,Operating Hours,Half-Yearly,No
MP00002727,EQ00002727,Preventive,180,Calendar Days,Quarterly,Yes
MP00002728,EQ00002728,Inspection,180,Calendar Days,Monthly,Yes
MP00002729,EQ00002729,Calibration,365,Operating Hours,Annual,Yes
MP00002730,EQ00002730,Inspection,14,Calendar Days,Half-Yearly,Yes
MP00002731,EQ00002731,Predictive,14,Calendar Days,Monthly,Yes
MP00002732,EQ00002732,Preventive,14,Operating Hours,Quarterly,Yes
MP00002733,EQ00002733,Calibration,180,Operating Hours,Quarterly,Yes
MP00002734,EQ00002734,Inspection,365,Calendar Days,Annual,Yes
MP00002735,EQ00002735,Corrective,180,Operating Hours,Monthly,Yes
MP00002736,EQ00002736,Corrective,90,Operating Hours,Monthly,Yes
MP00002737,EQ00002737,Inspection,365,Operating Hours,Annual,Yes
MP00002738,EQ00002738,Inspection,90,Operating Hours,Annual,Yes
MP00002739,EQ00002739,Corrective,180,Calendar Days,Half-Yearly,Yes
MP00002740,EQ00002740,Corrective,180,Operating Hours,Half-Yearly,No
MP00002741,EQ00002741,Predictive,30,Calendar Days,Annual,No
MP00002742,EQ00002742,Preventive,180,Calendar Days,Monthly,Yes
MP00002743,EQ00002743,Predictive,7,Operating Hours,Monthly,Yes
MP00002744,EQ00002744,Corrective,90,Calendar Days,Quarterly,Yes
MP00002745,EQ00002745,Inspection,30,Calendar Days,Monthly,Yes
MP00002746,EQ00002746,Inspection,14,Calendar Days,Quarterly,No
MP00002747,EQ00002747,Corrective,90,Operating Hours,Annual,Yes
MP00002748,EQ00002748,Preventive,90,Operating Hours,Quarterly,Yes
MP00002749,EQ00002749,Corrective,180,Operating Hours,Monthly,No
MP00002750,EQ00002750,Calibration,7,Calendar Days,Quarterly,Yes
MP00002751,EQ00002751,Preventive,90,Operating Hours,Half-Yearly,Yes
MP00002752,EQ00002752,Corrective,90,Operating Hours,Monthly,Yes
MP00002753,EQ00002753,Preventive,90,Calendar Days,Half-Yearly,Yes
MP00002754,EQ00002754,Corrective,365,Calendar Days,Monthly,Yes
MP00002755,EQ00002755,Predictive,365,Calendar Days,Monthly,Yes
MP00002756,EQ00002756,Calibration,30,Operating Hours,Monthly,Yes
MP00002757,EQ00002757,Calibration,180,Calendar Days,Monthly,No
MP00002758,EQ00002758,Preventive,180,Operating Hours,Monthly,Yes
MP00002759,EQ00002759,Corrective,180,Operating Hours,Quarterly,Yes
MP00002760,EQ00002760,Calibration,180,Operating Hours,Half-Yearly,Yes
MP00002761,EQ00002761,Inspection,7,Calendar Days,Half-Yearly,Yes
MP00002762,EQ00002762,Corrective,14,Calendar Days,Annual,No
MP00002763,EQ00002763,Inspection,180,Operating Hours,Half-Yearly,Yes
MP00002764,EQ00002764,Inspection,30,Operating Hours,Annual,Yes
MP00002765,EQ00002765,Calibration,30,Calendar Days,Monthly,Yes
MP00002766,EQ00002766,Preventive,365,Calendar Days,Annual,No
MP00002767,EQ00002767,Calibration,90,Calendar Days,Annual,Yes
MP00002768,EQ00002768,Calibration,30,Calendar Days,Monthly,No
MP00002769,EQ00002769,Calibration,180,Operating Hours,Half-Yearly,Yes
MP00002770,EQ00002770,Predictive,90,Operating Hours,Quarterly,Yes
MP00002771,EQ00002771,Corrective,365,Calendar Days,Annual,Yes
MP00002772,EQ00002772,Corrective,90,Calendar Days,Half-Yearly,Yes
MP00002773,EQ00002773,Preventive,7,Operating Hours,Annual,Yes
MP00002774,EQ00002774,Calibration,365,Calendar Days,Half-Yearly,No
MP00002775,EQ00002775,Inspection,365,Calendar Days,Monthly,No
MP00002776,EQ00002776,Inspection,30,Operating Hours,Annual,Yes
MP00002777,EQ00002777,Predictive,90,Calendar Days,Half-Yearly,Yes
MP00002778,EQ00002778,Calibration,90,Calendar Days,Annual,No
MP00002779,EQ00002779,Preventive,7,Calendar Days,Half-Yearly,Yes
MP00002780,EQ00002780,Inspection,30,Calendar Days,Quarterly,Yes
MP00002781,EQ00002781,Predictive,7,Calendar Days,Quarterly,Yes
MP00002782,EQ00002782,Calibration,180,Operating Hours,Annual,No
MP00002783,EQ00002783,Calibration,14,Operating Hours,Annual,No
MP00002784,EQ00002784,Corrective,180,Calendar Days,Half-Yearly,Yes
MP00002785,EQ00002785,Corrective,90,Operating Hours,Annual,Yes
MP00002786,EQ00002786,Calibration,30,Operating Hours,Quarterly,No
MP00002787,EQ00002787,Corrective,365,Calendar Days,Quarterly,Yes
MP00002788,EQ00002788,Preventive,365,Calendar Days,Annual,Yes
MP00002789,EQ00002789,Calibration,90,Calendar Days,Half-Yearly,Yes
MP00002790,EQ00002790,Preventive,180,Operating Hours,Quarterly,Yes
MP00002791,EQ00002791,Predictive,180,Calendar Days,Annual,No
MP00002792,EQ00002792,Calibration,180,Calendar Days,Monthly,Yes
MP00002793,EQ00002793,Predictive,90,Operating Hours,Quarterly,Yes
MP00002794,EQ00002794,Corrective,30,Calendar Days,Monthly,No
MP00002795,EQ00002795,Predictive,365,Operating Hours,Quarterly,No
MP00002796,EQ00002796,Preventive,30,Calendar Days,Half-Yearly,No
MP00002797,EQ00002797,Inspection,7,Calendar Days,Monthly,Yes
MP00002798,EQ00002798,Calibration,7,Operating Hours,Annual,Yes
MP00002799,EQ00002799,Predictive,180,Calendar Days,Monthly,Yes
MP00002800,EQ00002800,Calibration,180,Operating Hours,Quarterly,No
MP00002801,EQ00002801,Calibration,365,Operating Hours,Monthly,Yes
MP00002802,EQ00002802,Preventive,7,Calendar Days,Annual,Yes
MP00002803,EQ00002803,Inspection,365,Calendar Days,Half-Yearly,No
MP00002804,EQ00002804,Predictive,30,Operating Hours,Monthly,No
MP00002805,EQ00002805,Preventive,7,Calendar Days,Monthly,Yes
MP00002806,EQ00002806,Corrective,30,Calendar Days,Monthly,Yes
MP00002807,EQ00002807,Corrective,90,Operating Hours,Quarterly,Yes
MP00002808,EQ00002808,Inspection,180,Operating Hours,Monthly,Yes
MP00002809,EQ00002809,Corrective,180,Calendar Days,Annual,Yes
MP00002810,EQ00002810,Inspection,90,Calendar Days,Annual,Yes
MP00002811,EQ00002811,Corrective,180,Operating Hours,Monthly,Yes
